HIERARCHY
ROOT Hips
{
  OFFSET 0.0000 96.6554 0.0000
  CHANNELS 6 Xposition Yposition Zposition Yrotation Xrotation Zrotation
  JOINT Spine
  {
    OFFSET 0.0000 13.2344 0.0000
    CHANNELS 3 Yrotation Xrotation Zrotation
    JOINT Spine1
    {
      OFFSET 0.0000 12.9244 0.0000
      CHANNELS 3 Yrotation Xrotation Zrotation
      JOINT Spine2
      {
        OFFSET 0.0000 13.3596 0.0000
        CHANNELS 3 Yrotation Xrotation Zrotation
        JOINT LeftShoulder
        {
          OFFSET 7.2389 10.7865 0.0000
          CHANNELS 3 Yrotation Xrotation Zrotation
          JOINT LeftArm
          {
            OFFSET 0.0000 13.8402 0.0000
            CHANNELS 3 Yrotation Xrotation Zrotation
            JOINT LeftForeArm
            {
              OFFSET -0.0001 26.8373 0.0000
              CHANNELS 3 Yrotation Xrotation Zrotation
              JOINT LeftHand
              {
                OFFSET 0.0000 29.5519 0.0000
                CHANNELS 3 Yrotation Xrotation Zrotation
                JOINT LeftHandIndex1
                {
                  OFFSET -2.6557 8.3719 0.1068
                  CHANNELS 3 Yrotation Xrotation Zrotation
                  JOINT LeftHandIndex2
                  {
                    OFFSET 0.0000 4.7496 0.0000
                    CHANNELS 3 Yrotation Xrotation Zrotation
                    JOINT LeftHandIndex3
                    {
                      OFFSET 0.0000 2.9220 0.0000
                      CHANNELS 3 Yrotation Xrotation Zrotation
                      End Site
                      {
                        OFFSET 0.0000 1.3566 0.0000
                      }
                    }
                  }
                }
                JOINT LeftHandMiddle1
                {
                  OFFSET -0.5651 8.4368 0.1068
                  CHANNELS 3 Yrotation Xrotation Zrotation
                  JOINT LeftHandMiddle2
                  {
                    OFFSET 0.0000 4.8759 0.0000
                    CHANNELS 3 Yrotation Xrotation Zrotation
                    JOINT LeftHandMiddle3
                    {
                      OFFSET 0.0000 3.2160 0.0000
                      CHANNELS 3 Yrotation Xrotation Zrotation
                      End Site
                      {
                        OFFSET 0.0000 1.4991 0.0000
                      }
                    }
                  }
                }
                JOINT LeftHandPinky1
                {
                  OFFSET 3.2526 7.2771 0.1068
                  CHANNELS 3 Yrotation Xrotation Zrotation
                  JOINT LeftHandPinky2
                  {
                    OFFSET 0.0000 3.6852 0.0000
                    CHANNELS 3 Yrotation Xrotation Zrotation
                    JOINT LeftHandPinky3
                    {
                      OFFSET 0.0000 2.3164 0.0000
                      CHANNELS 3 Yrotation Xrotation Zrotation
                      End Site
                      {
                        OFFSET 0.0000 1.1205 0.0000
                      }
                    }
                  }
                }
                JOINT LeftHandRing1
                {
                  OFFSET 1.4936 8.0949 0.1069
                  CHANNELS 3 Yrotation Xrotation Zrotation
                  JOINT LeftHandRing2
                  {
                    OFFSET 0.0000 4.5543 0.0000
                    CHANNELS 3 Yrotation Xrotation Zrotation
                    JOINT LeftHandRing3
                    {
                      OFFSET 0.0000 2.9372 0.0000
                      CHANNELS 3 Yrotation Xrotation Zrotation
                      End Site
                      {
                        OFFSET 0.0000 1.3500 0.0000
                      }
                    }
                  }
                }
                JOINT LeftHandThumb1
                {
                  OFFSET -2.8891 2.1558 0.0984
                  CHANNELS 3 Yrotation Xrotation Zrotation
                  JOINT LeftHandThumb2
                  {
                    OFFSET 0.0000 4.1082 0.0000
                    CHANNELS 3 Yrotation Xrotation Zrotation
                    JOINT LeftHandThumb3
                    {
                      OFFSET 0.0000 3.1181 0.0000
                      CHANNELS 3 Yrotation Xrotation Zrotation
                      End Site
                      {
                        OFFSET 0.0000 1.7295 0.0000
                      }
                    }
                  }
                }
              }
            }
          }
        }
        JOINT Neck
        {
          OFFSET 0.0000 18.7818 0.0000
          CHANNELS 3 Yrotation Xrotation Zrotation
          JOINT Head
          {
            OFFSET 0.0000 11.3439 0.0000
            CHANNELS 3 Yrotation Xrotation Zrotation
            End Site
            {
              OFFSET 0.0000 8.1622 0.0000
            }
          }
        }
        JOINT RightShoulder
        {
          OFFSET -7.2390 10.7865 0.0000
          CHANNELS 3 Yrotation Xrotation Zrotation
          JOINT RightArm
          {
            OFFSET 0.0000 13.8401 0.0000
            CHANNELS 3 Yrotation Xrotation Zrotation
            JOINT RightForeArm
            {
              OFFSET 0.0000 26.8374 0.0000
              CHANNELS 3 Yrotation Xrotation Zrotation
              JOINT RightHand
              {
                OFFSET -0.0001 29.5519 0.0000
                CHANNELS 3 Yrotation Xrotation Zrotation
                JOINT RightHandIndex1
                {
                  OFFSET 2.6557 8.3720 0.1068
                  CHANNELS 3 Yrotation Xrotation Zrotation
                  JOINT RightHandIndex2
                  {
                    OFFSET 0.0000 4.7496 0.0000
                    CHANNELS 3 Yrotation Xrotation Zrotation
                    JOINT RightHandIndex3
                    {
                      OFFSET 0.0000 2.9221 0.0000
                      CHANNELS 3 Yrotation Xrotation Zrotation
                      End Site
                      {
                        OFFSET 0.0000 1.3566 0.0000
                      }
                    }
                  }
                }
                JOINT RightHandMiddle1
                {
                  OFFSET 0.5651 8.4369 0.1068
                  CHANNELS 3 Yrotation Xrotation Zrotation
                  JOINT RightHandMiddle2
                  {
                    OFFSET 0.0000 4.8760 0.0000
                    CHANNELS 3 Yrotation Xrotation Zrotation
                    JOINT RightHandMiddle3
                    {
                      OFFSET 0.0000 3.2161 0.0000
                      CHANNELS 3 Yrotation Xrotation Zrotation
                      End Site
                      {
                        OFFSET 0.0000 1.4991 0.0000
                      }
                    }
                  }
                }
                JOINT RightHandPinky1
                {
                  OFFSET -3.2526 7.2771 0.1068
                  CHANNELS 3 Yrotation Xrotation Zrotation
                  JOINT RightHandPinky2
                  {
                    OFFSET 0.0000 3.6852 0.0000
                    CHANNELS 3 Yrotation Xrotation Zrotation
                    JOINT RightHandPinky3
                    {
                      OFFSET 0.0000 2.3164 0.0000
                      CHANNELS 3 Yrotation Xrotation Zrotation
                      End Site
                      {
                        OFFSET 0.0000 1.1205 0.0000
                      }
                    }
                  }
                }
                JOINT RightHandRing1
                {
                  OFFSET -1.4937 8.0949 0.1068
                  CHANNELS 3 Yrotation Xrotation Zrotation
                  JOINT RightHandRing2
                  {
                    OFFSET 0.0000 4.5543 0.0000
                    CHANNELS 3 Yrotation Xrotation Zrotation
                    JOINT RightHandRing3
                    {
                      OFFSET 0.0000 2.9372 0.0000
                      CHANNELS 3 Yrotation Xrotation Zrotation
                      End Site
                      {
                        OFFSET 0.0000 1.3500 0.0000
                      }
                    }
                  }
                }
                JOINT RightHandThumb1
                {
                  OFFSET 2.8891 2.1558 0.0984
                  CHANNELS 3 Yrotation Xrotation Zrotation
                  JOINT RightHandThumb2
                  {
                    OFFSET 0.0000 4.1081 0.0000
                    CHANNELS 3 Yrotation Xrotation Zrotation
                    JOINT RightHandThumb3
                    {
                      OFFSET 0.0000 3.1181 0.0000
                      CHANNELS 3 Yrotation Xrotation Zrotation
                      End Site
                      {
                        OFFSET 0.0000 1.7295 0.0000
                      }
                    }
                  }
                }
              }
            }
          }
        }
      }
    }
  }
  JOINT LeftUpLeg
  {
    OFFSET 8.3288 0.0000 0.0000
    CHANNELS 3 Yrotation Xrotation Zrotation
    JOINT LeftLeg
    {
      OFFSET 0.0000 44.4203 0.0000
      CHANNELS 3 Yrotation Xrotation Zrotation
      JOINT LeftFoot
      {
        OFFSET 0.0000 44.5232 0.0000
        CHANNELS 3 Yrotation Xrotation Zrotation
        JOINT LeftToe
        {
          OFFSET 0.0000 14.9844 0.0000
          CHANNELS 3 Yrotation Xrotation Zrotation
          End Site
          {
            OFFSET 0.0000 3.5000 0.0000
          }
        }
      }
    }
  }
  JOINT RightUpLeg
  {
    OFFSET -8.3288 0.0000 0.0000
    CHANNELS 3 Yrotation Xrotation Zrotation
    JOINT RightLeg
    {
      OFFSET 0.0000 44.4203 0.0000
      CHANNELS 3 Yrotation Xrotation Zrotation
      JOINT RightFoot
      {
        OFFSET 0.0000 44.5232 0.0000
        CHANNELS 3 Yrotation Xrotation Zrotation
        JOINT RightToe
        {
          OFFSET 0.0000 14.9844 0.0000
          CHANNELS 3 Yrotation Xrotation Zrotation
          End Site
          {
            OFFSET 0.0000 3.5000 0.0000
          }
        }
      }
    }
  }
}
MOTION
Frames: 464
Frame Time: 0.016667
0.0000 96.6554 0.0000 0.0000 0.0000 0.0000 0.0000 0.0000 0.0000 0.0000 0.0000 0.0000 0.0000 0.0000 0.0000 -270.0000 90.0000 0.0000 0.0000 0.0000 0.0000 0.0000 0.0000 0.0000 0.0000 0.0000 0.0000 0.0000 0.0000 0.0001 0.0000 0.0000 0.0000 0.0000 -0.0013 -0.0008 0.0000 -0.0004 0.0001 0.0000 0.0000 0.0000 0.0000 0.0000 0.0000 0.0000 0.0003 0.0000 0.0000 -0.0006 0.0003 0.0000 0.0004 -0.0006 0.0000 0.0000 0.0001 0.0000 0.0000 0.0000 0.0000 -0.0010 -0.0002 0.0000 0.0002 30.0001 -0.0001 0.0005 -29.9998 0.0000 0.0000 0.0000 0.0000 0.0000 0.0000 0.0000 0.0000 0.0000 270.0001 90.0000 0.0000 0.0000 0.0000 0.0000 0.0000 0.0000 0.0000 0.0000 0.0000 0.0000 0.0000 -0.0001 0.0001 0.0000 0.0000 0.0000 0.0000 -0.0006 0.0003 0.0000 -0.0001 0.0001 0.0000 0.0000 0.0000 0.0000 0.0000 0.0000 0.0000 0.0007 0.0001 0.0000 -0.0012 0.0001 0.0000 -0.0008 0.0003 0.0000 0.0001 0.0000 0.0000 0.0000 0.0000 0.0000 -0.0009 0.0000 0.0000 0.0002 -29.9997 -0.0001 -0.0003 29.9996 0.0000 0.0000 0.0000 0.0000 0.0000 179.9999 0.0000 0.0001 0.0826 -0.1744 64.6492 -0.1930 0.0000 25.3510 0.0000 0.0000 0.0000 180.0000 0.0000 0.0000 -0.0827 0.1745 64.6492 0.1931 0.0000 25.3508 -0.0001 
7.0420 96.4970 -15.5673 -5.5193 0.0931 0.0656 1.0232 0.1568 0.1321 1.0233 0.1569 0.1321 1.0263 0.1574 0.1325 -255.8307 90.0000 0.0000 80.4671 78.9175 79.7389 -2.1759 0.2995 5.1542 -0.0144 0.3006 -0.3004 0.0000 0.0000 0.0001 0.0000 0.0000 0.0000 0.0000 -0.0013 -0.0008 0.0000 -0.0004 0.0001 0.0000 0.0000 0.0000 0.0000 0.0000 0.0000 0.0000 0.0002 0.0000 0.0000 -0.0006 0.0003 0.0000 0.0004 -0.0006 0.0000 0.0000 0.0001 0.0000 0.0000 0.0000 0.0000 -0.0010 -0.0002 0.0000 0.0002 30.0001 -0.0001 0.0005 -29.9998 0.0000 0.0000 0.0000 1.4562 3.1586 0.4822 1.4562 3.1586 0.4822 250.3496 90.0000 0.0000 -78.5412 79.6169 -75.8310 3.9256 1.1874 -4.7652 0.0150 0.2796 0.3182 0.0000 -0.0001 0.0001 0.0000 0.0000 0.0000 0.0000 -0.0006 0.0003 0.0000 -0.0001 0.0001 0.0000 0.0000 0.0000 0.0000 0.0000 0.0000 0.0000 0.0007 0.0001 0.0000 -0.0012 0.0001 0.0000 -0.0008 0.0003 0.0000 0.0001 0.0000 0.0000 0.0000 0.0000 0.0000 -0.0008 0.0000 0.0000 0.0002 -29.9996 -0.0001 -0.0003 29.9996 0.0000 0.0000 0.0000 4.0064 2.6940 -179.7732 -0.0012 -2.2453 0.0828 -9.5229 69.5139 -0.1766 0.0000 25.3510 0.0000 4.7977 2.0715 -179.3044 0.0009 -1.4594 -0.0827 7.4233 68.5141 2.3507 0.0000 25.3508 -0.0001 
7.0347 96.4963 -15.5700 -5.5165 0.0902 0.0696 1.0231 0.1579 0.1323 1.0232 0.1580 0.1324 1.0262 0.1585 0.1327 -255.8298 90.0000 0.0000 80.4590 78.9155 79.7357 -2.1745 0.2958 5.1519 -0.0144 0.3006 -0.3004 0.0000 0.0000 0.0001 0.0000 0.0000 0.0000 0.0000 -0.0013 -0.0008 0.0000 -0.0004 0.0001 0.0000 0.0000 0.0000 0.0000 0.0000 0.0000 0.0000 0.0002 0.0000 0.0000 -0.0006 0.0003 0.0000 0.0004 -0.0006 0.0000 0.0000 0.0001 0.0000 0.0000 0.0000 0.0000 -0.0010 -0.0002 0.0000 0.0002 30.0001 -0.0001 0.0005 -29.9998 0.0000 0.0000 0.0000 1.4554 3.1557 0.4811 1.4554 3.1557 0.4811 250.3544 90.0000 0.0000 -78.5615 79.6109 -75.8561 3.9212 1.1909 -4.7684 0.0151 0.2802 0.3189 0.0000 -0.0001 0.0001 0.0000 0.0000 0.0000 0.0000 -0.0006 0.0003 0.0000 -0.0001 0.0001 0.0000 0.0000 0.0000 0.0000 0.0000 0.0000 0.0000 0.0007 0.0001 0.0000 -0.0012 0.0001 0.0000 -0.0008 0.0003 0.0000 0.0001 0.0000 0.0000 0.0000 0.0000 0.0000 -0.0009 0.0000 0.0000 0.0002 -29.9997 -0.0001 -0.0003 29.9996 0.0000 0.0000 0.0000 4.0041 2.6813 -179.7725 -0.0012 -2.2732 0.0828 -9.5334 69.5253 -0.1885 0.0000 25.3510 0.0000 4.8045 1.9103 -179.2994 0.0012 -1.7795 -0.0827 7.4696 68.6710 2.3935 0.0000 25.3508 -0.0001 
7.0303 96.4914 -15.5693 -5.5152 0.0877 0.0742 1.0234 0.1587 0.1328 1.0235 0.1588 0.1328 1.0265 0.1593 0.1332 -255.8287 90.0000 0.0000 80.4486 78.9139 79.7304 -2.1728 0.2919 5.1490 -0.0144 0.3006 -0.3004 0.0000 0.0000 0.0001 0.0000 0.0000 0.0000 0.0000 -0.0013 -0.0008 0.0000 -0.0004 0.0001 0.0000 0.0000 0.0000 0.0000 0.0000 0.0000 0.0000 0.0002 0.0000 0.0000 -0.0006 0.0003 0.0000 0.0004 -0.0006 0.0000 0.0000 0.0001 0.0000 0.0000 0.0000 0.0000 -0.0010 -0.0002 0.0000 0.0002 30.0001 -0.0001 0.0005 -29.9998 0.0000 0.0000 0.0000 1.4555 3.1535 0.4791 1.4555 3.1535 0.4791 250.3599 90.0000 0.0000 -78.5925 79.6042 -75.8920 3.9160 1.1950 -4.7726 0.0151 0.2802 0.3189 0.0000 -0.0001 0.0001 0.0000 0.0000 0.0000 0.0000 -0.0006 0.0003 0.0000 -0.0001 0.0001 0.0000 0.0000 0.0000 0.0000 0.0000 0.0000 0.0000 0.0007 0.0001 0.0000 -0.0012 0.0001 0.0000 -0.0008 0.0003 0.0000 0.0001 0.0000 0.0000 0.0000 0.0000 0.0000 -0.0009 0.0000 0.0000 0.0002 -29.9996 -0.0001 -0.0003 29.9996 0.0000 0.0000 0.0000 4.0052 2.5912 -179.7740 -0.0014 -2.4604 0.0828 -9.5752 69.6183 -0.2362 0.0000 25.3510 0.0000 4.8087 1.5101 -179.3005 0.0015 -2.5829 -0.0828 7.6129 69.0702 2.5415 0.0000 25.3508 -0.0001 
7.0258 96.4858 -15.5685 -5.5173 0.0859 0.0786 1.0242 0.1592 0.1332 1.0243 0.1593 0.1332 1.0272 0.1597 0.1336 -255.8278 90.0000 0.0000 80.4328 78.9137 79.7182 -2.1713 0.2890 5.1450 -0.0144 0.3012 -0.3011 0.0000 0.0000 0.0001 0.0000 0.0000 0.0000 0.0000 -0.0013 -0.0008 0.0000 -0.0004 0.0001 0.0000 0.0000 0.0000 0.0000 0.0000 0.0000 0.0000 0.0002 0.0000 0.0000 -0.0006 0.0003 0.0000 0.0004 -0.0006 0.0000 0.0000 0.0001 0.0000 0.0000 0.0000 0.0000 -0.0010 -0.0002 0.0000 0.0003 30.0001 -0.0001 0.0005 -29.9998 0.0000 0.0000 0.0000 1.4574 3.1528 0.4763 1.4574 3.1528 0.4763 250.3641 90.0000 0.0000 -78.6237 79.5974 -75.9278 3.9111 1.1972 -4.7765 0.0151 0.2802 0.3189 0.0000 -0.0001 0.0001 0.0000 0.0000 0.0000 0.0000 -0.0006 0.0003 0.0000 -0.0001 0.0001 0.0000 0.0000 0.0000 0.0000 0.0000 0.0000 0.0000 0.0007 0.0001 0.0000 -0.0012 0.0001 0.0000 -0.0008 0.0003 0.0000 0.0001 0.0000 0.0000 0.0000 0.0000 0.0000 -0.0009 0.0000 0.0000 0.0002 -29.9996 -0.0001 -0.0003 29.9996 0.0000 0.0000 0.0000 4.0103 2.5017 -179.7751 -0.0016 -2.6461 0.0828 -9.6171 69.7113 -0.2850 0.0000 25.3510 0.0000 4.8066 0.9362 -179.3039 0.0019 -3.7357 -0.0828 7.8218 69.6431 2.7653 0.0000 25.3508 -0.0001 
7.0209 96.4830 -15.5676 -5.5209 0.0848 0.0831 1.0249 0.1593 0.1336 1.0250 0.1594 0.1336 1.0280 0.1598 0.1340 -255.8268 90.0000 0.0000 80.4214 78.9140 79.7088 -2.1703 0.2870 5.1410 -0.0144 0.3012 -0.3011 0.0000 0.0000 0.0001 0.0000 0.0000 0.0000 0.0000 -0.0013 -0.0008 0.0000 -0.0004 0.0001 0.0000 0.0000 0.0000 0.0000 0.0000 0.0000 0.0000 0.0002 0.0000 0.0000 -0.0006 0.0003 0.0000 0.0004 -0.0006 0.0000 0.0000 0.0001 0.0000 0.0000 0.0000 0.0000 -0.0010 -0.0002 0.0000 0.0002 30.0001 -0.0001 0.0005 -29.9998 0.0000 0.0000 0.0000 1.4604 3.1533 0.4732 1.4604 3.1533 0.4732 250.3680 90.0000 0.0000 -78.6533 79.5932 -75.9615 3.9058 1.1993 -4.7813 0.0151 0.2801 0.3190 0.0000 -0.0001 0.0001 0.0000 0.0000 0.0000 0.0000 -0.0006 0.0003 0.0000 -0.0001 0.0001 0.0000 0.0000 0.0000 0.0000 0.0000 0.0000 0.0000 0.0007 0.0001 0.0000 -0.0012 0.0001 0.0000 -0.0008 0.0003 0.0000 0.0001 0.0000 0.0000 0.0000 0.0000 0.0000 -0.0009 0.0000 0.0000 0.0002 -29.9996 -0.0001 -0.0003 29.9996 0.0000 0.0000 0.0000 4.0189 2.4345 -179.7760 -0.0017 -2.7861 0.0828 -9.6476 69.7815 -0.3232 0.0000 25.3510 0.0000 4.8025 0.3866 -179.3100 0.0017 -4.8424 -0.0828 8.0369 70.1942 2.9978 0.0000 25.3508 -0.0001 
7.0148 96.4816 -15.5657 -5.5259 0.0847 0.0877 1.0256 0.1588 0.1340 1.0256 0.1588 0.1341 1.0286 0.1593 0.1345 -255.8263 90.0000 0.0000 80.4112 78.9140 79.6995 -2.1684 0.2862 5.1371 -0.0144 0.3012 -0.3011 0.0000 0.0000 0.0001 0.0000 0.0000 0.0000 0.0000 -0.0013 -0.0008 0.0000 -0.0004 0.0001 0.0000 0.0000 0.0000 0.0000 0.0000 0.0000 0.0000 0.0002 0.0000 0.0000 -0.0006 0.0003 0.0000 0.0004 -0.0006 0.0000 0.0000 0.0001 0.0000 0.0000 0.0000 0.0000 -0.0010 -0.0002 0.0000 0.0002 30.0001 -0.0001 0.0005 -29.9998 0.0000 0.0000 0.0000 1.4643 3.1549 0.4698 1.4643 3.1549 0.4698 250.3708 90.0000 0.0000 -78.6762 79.5926 -75.9876 3.9002 1.2023 -4.7879 0.0151 0.2801 0.3190 0.0000 -0.0001 0.0001 0.0000 0.0000 0.0000 0.0000 -0.0006 0.0003 0.0000 -0.0001 0.0001 0.0000 0.0000 0.0000 0.0000 0.0000 0.0000 0.0000 0.0007 0.0001 0.0000 -0.0012 0.0001 0.0000 -0.0008 0.0003 0.0000 0.0001 0.0000 0.0000 0.0000 0.0000 0.0000 -0.0008 0.0000 0.0000 0.0002 -29.9997 -0.0001 -0.0003 29.9996 0.0000 0.0000 0.0000 4.0273 2.4092 -179.7767 -0.0018 -2.8409 0.0828 -9.6620 69.8094 -0.3421 0.0000 25.3510 0.0000 4.7978 0.0078 -179.3146 0.0014 -5.6070 -0.0828 8.1838 70.5765 3.1605 0.0000 25.3508 -0.0001 
7.0085 96.4808 -15.5632 -5.5309 0.0850 0.0921 1.0259 0.1581 0.1345 1.0260 0.1582 0.1345 1.0290 0.1587 0.1349 -255.8264 90.0000 0.0000 80.4019 78.9128 79.6910 -2.1657 0.2857 5.1330 -0.0144 0.3013 -0.3010 0.0000 0.0000 0.0001 0.0000 0.0000 0.0000 0.0000 -0.0013 -0.0008 0.0000 -0.0004 0.0001 0.0000 0.0000 0.0000 0.0000 0.0000 0.0000 0.0000 0.0002 0.0000 0.0000 -0.0006 0.0003 0.0000 0.0004 -0.0006 0.0000 0.0000 0.0001 0.0000 0.0000 0.0000 0.0000 -0.0010 -0.0002 0.0000 0.0002 30.0001 -0.0001 0.0005 -29.9998 0.0000 0.0000 0.0000 1.4679 3.1563 0.4668 1.4679 3.1563 0.4668 250.3730 90.0000 0.0000 -78.6973 79.5951 -76.0106 3.8941 1.2063 -4.7953 0.0151 0.2794 0.3184 0.0000 -0.0001 0.0001 0.0000 0.0000 0.0000 0.0000 -0.0006 0.0003 0.0000 -0.0001 0.0001 0.0000 0.0000 0.0000 0.0000 0.0000 0.0000 0.0000 0.0007 0.0001 0.0000 -0.0012 0.0001 0.0000 -0.0008 0.0003 0.0000 0.0001 0.0000 0.0000 0.0000 0.0000 0.0000 -0.0009 0.0000 0.0000 0.0002 -29.9996 -0.0001 -0.0003 29.9996 0.0000 0.0000 0.0000 4.0331 2.3751 -179.7774 -0.0019 -2.9130 0.0828 -9.6823 69.8458 -0.3645 0.0000 25.3510 0.0000 4.7945 -0.1904 -179.3171 0.0012 -6.0079 -0.0828 8.2535 70.7782 3.2421 0.0000 25.3508 -0.0001 
7.0023 96.4776 -15.5603 -5.5356 0.0858 0.0963 1.0256 0.1575 0.1349 1.0257 0.1575 0.1349 1.0287 0.1580 0.1353 -255.8260 90.0000 0.0000 80.3934 78.9098 79.6822 -2.1638 0.2859 5.1285 -0.0143 0.3013 -0.3010 0.0000 0.0000 0.0001 0.0000 0.0000 0.0000 0.0000 -0.0013 -0.0008 0.0000 -0.0004 0.0001 0.0000 0.0000 0.0000 0.0000 0.0000 0.0000 0.0000 0.0002 0.0000 0.0000 -0.0006 0.0003 0.0000 0.0004 -0.0006 0.0000 0.0000 0.0001 0.0000 0.0000 0.0000 0.0000 -0.0010 -0.0002 0.0000 0.0002 30.0001 -0.0001 0.0005 -29.9998 0.0000 0.0000 0.0000 1.4711 3.1572 0.4643 1.4712 3.1572 0.4643 250.3757 90.0000 0.0000 -78.7085 79.5983 -76.0241 3.8877 1.2107 -4.8031 0.0151 0.2793 0.3184 0.0000 -0.0001 0.0001 0.0000 0.0000 0.0000 0.0000 -0.0006 0.0003 0.0000 -0.0001 0.0001 0.0000 0.0000 0.0000 0.0000 0.0000 0.0000 0.0000 0.0007 0.0001 0.0000 -0.0012 0.0001 0.0000 -0.0008 0.0003 0.0000 0.0001 0.0000 0.0000 0.0000 0.0000 0.0000 -0.0009 0.0000 0.0000 0.0002 -29.9997 -0.0001 -0.0003 29.9996 0.0000 0.0000 0.0000 4.0373 2.3208 -179.7782 -0.0022 -3.0259 0.0828 -9.7107 69.9025 -0.3943 0.0000 25.3510 0.0000 4.7927 -0.2982 -179.3180 0.0010 -6.2268 -0.0828 8.2820 70.8893 3.2794 0.0000 25.3508 -0.0001 
6.9959 96.4727 -15.5571 -5.5393 0.0877 0.0996 1.0244 0.1567 0.1357 1.0245 0.1568 0.1357 1.0275 0.1572 0.1361 -255.8253 90.0000 0.0000 80.3924 78.9068 79.6792 -2.1626 0.2870 5.1231 -0.0143 0.3014 -0.3009 0.0000 0.0000 0.0001 0.0000 0.0000 0.0000 0.0000 -0.0013 -0.0008 0.0000 -0.0004 0.0001 0.0000 0.0000 0.0000 0.0000 0.0000 0.0000 0.0000 0.0002 0.0000 0.0000 -0.0006 0.0003 0.0000 0.0004 -0.0006 0.0000 0.0000 0.0001 0.0000 0.0000 0.0000 0.0000 -0.0010 -0.0002 0.0000 0.0002 30.0001 -0.0001 0.0005 -29.9998 0.0000 0.0000 0.0000 1.4733 3.1562 0.4625 1.4733 3.1562 0.4625 250.3795 90.0000 0.0000 -78.7037 79.6007 -76.0231 3.8814 1.2157 -4.8111 0.0152 0.2799 0.3191 0.0000 -0.0001 0.0001 0.0000 0.0000 0.0000 0.0000 -0.0006 0.0003 0.0000 -0.0001 0.0001 0.0000 0.0000 0.0000 0.0000 0.0000 0.0000 0.0000 0.0007 0.0001 0.0000 -0.0012 0.0001 0.0000 -0.0008 0.0003 0.0000 0.0001 0.0000 0.0000 0.0000 0.0000 0.0000 -0.0008 0.0000 0.0000 0.0002 -29.9996 -0.0001 -0.0003 29.9996 0.0000 0.0000 0.0000 4.0399 2.2255 -179.7778 -0.0026 -3.2184 0.0828 -9.7573 69.9997 -0.4434 0.0000 25.3510 0.0000 4.7937 -0.3586 -179.3173 0.0009 -6.3484 -0.0828 8.2917 70.9518 3.2939 0.0000 25.3508 -0.0001 
6.9877 96.4667 -15.5542 -5.5421 0.0911 0.1014 1.0229 0.1560 0.1372 1.0230 0.1560 0.1372 1.0260 0.1565 0.1376 -255.8253 90.0000 0.0000 80.4063 78.9058 79.6893 -2.1606 0.2884 5.1177 -0.0143 0.3008 -0.3002 0.0000 0.0000 0.0001 0.0000 0.0000 0.0000 0.0000 -0.0013 -0.0008 0.0000 -0.0004 0.0001 0.0000 0.0000 0.0000 0.0000 0.0000 0.0000 0.0000 0.0002 0.0000 0.0000 -0.0006 0.0003 0.0000 0.0004 -0.0006 0.0000 0.0000 0.0001 0.0000 0.0000 0.0000 0.0000 -0.0010 -0.0002 0.0000 0.0002 30.0001 -0.0001 0.0005 -29.9998 0.0000 0.0000 0.0000 1.4734 3.1532 0.4607 1.4734 3.1532 0.4607 250.3820 90.0000 0.0000 -78.6921 79.5995 -76.0161 3.8755 1.2205 -4.8178 0.0152 0.2799 0.3192 0.0000 -0.0001 0.0001 0.0000 0.0000 0.0000 0.0000 -0.0006 0.0003 0.0000 -0.0001 0.0001 0.0000 0.0000 0.0000 0.0000 0.0000 0.0000 0.0000 0.0007 0.0001 0.0000 -0.0012 0.0001 0.0000 -0.0008 0.0003 0.0000 0.0001 0.0000 0.0000 0.0000 0.0000 0.0000 -0.0009 0.0000 0.0000 0.0002 -29.9996 -0.0001 -0.0003 29.9996 0.0000 0.0000 0.0000 4.0430 2.1290 -179.7747 -0.0029 -3.4103 0.0829 -9.8093 70.0966 -0.4998 0.0000 25.3510 0.0000 4.7964 -0.4178 -179.3141 0.0009 -6.4644 -0.0828 8.3001 71.0117 3.3043 0.0000 25.3508 -0.0001 
6.9780 96.4626 -15.5522 -5.5435 0.0955 0.1016 1.0210 0.1556 0.1392 1.0211 0.1556 0.1392 1.0241 0.1561 0.1397 -255.8262 90.0000 0.0000 80.4261 78.9063 79.7058 -2.1571 0.2901 5.1127 -0.0143 0.3008 -0.3002 0.0000 0.0000 0.0001 0.0000 0.0000 0.0000 0.0000 -0.0013 -0.0008 0.0000 -0.0004 0.0001 0.0000 0.0000 0.0000 0.0000 0.0000 0.0000 0.0000 0.0002 0.0000 0.0000 -0.0006 0.0003 0.0000 0.0004 -0.0006 0.0000 0.0000 0.0001 0.0000 0.0000 0.0000 0.0000 -0.0010 -0.0002 0.0000 0.0002 30.0001 -0.0001 0.0005 -29.9998 0.0000 0.0000 0.0000 1.4718 3.1482 0.4594 1.4718 3.1482 0.4594 250.3839 90.0000 0.0000 -78.6725 79.5964 -76.0021 3.8693 1.2245 -4.8226 0.0153 0.2798 0.3192 0.0000 -0.0001 0.0001 0.0000 0.0000 0.0000 0.0000 -0.0006 0.0003 0.0000 -0.0001 0.0001 0.0000 0.0000 0.0000 0.0000 0.0000 0.0000 0.0000 0.0007 0.0001 0.0000 -0.0012 0.0001 0.0000 -0.0008 0.0003 0.0000 0.0001 0.0000 0.0000 0.0000 0.0000 0.0000 -0.0009 0.0000 0.0000 0.0002 -29.9996 -0.0001 -0.0003 29.9996 0.0000 0.0000 0.0000 4.0491 2.0379 -179.7687 -0.0032 -3.5879 0.0829 -9.8595 70.1851 -0.5586 0.0000 25.3510 0.0000 4.7994 -0.4702 -179.3081 0.0010 -6.5632 -0.0828 8.3044 71.0623 3.3086 0.0000 25.3508 -0.0001 
6.9675 96.4594 -15.5517 -5.5426 0.1004 0.0987 1.0184 0.1560 0.1416 1.0185 0.1561 0.1416 1.0215 0.1565 0.1420 -255.8265 90.0000 0.0000 80.4480 78.9052 79.7242 -2.1530 0.2922 5.1090 -0.0143 0.3009 -0.3001 0.0000 0.0000 0.0001 0.0000 0.0000 0.0000 0.0000 -0.0013 -0.0008 0.0000 -0.0004 0.0001 0.0000 0.0000 0.0000 0.0000 0.0000 0.0000 0.0000 0.0002 0.0000 0.0000 -0.0006 0.0003 0.0000 0.0004 -0.0006 0.0000 0.0000 0.0001 0.0000 0.0000 0.0000 0.0000 -0.0010 -0.0002 0.0000 0.0002 30.0001 -0.0001 0.0005 -29.9998 0.0000 0.0000 0.0000 1.4686 3.1401 0.4603 1.4686 3.1401 0.4603 250.3872 90.0000 0.0000 -78.6506 79.5945 -75.9869 3.8627 1.2265 -4.8236 0.0152 0.2798 0.3192 0.0000 -0.0001 0.0001 0.0000 0.0000 0.0000 0.0000 -0.0006 0.0003 0.0000 -0.0001 0.0001 0.0000 0.0000 0.0000 0.0000 0.0000 0.0000 0.0000 0.0007 0.0001 0.0000 -0.0012 0.0001 0.0000 -0.0008 0.0003 0.0000 0.0001 0.0000 0.0000 0.0000 0.0000 0.0000 -0.0008 0.0000 0.0000 0.0002 -29.9996 -0.0001 -0.0003 29.9996 0.0000 0.0000 0.0000 4.0583 1.9594 -179.7589 -0.0036 -3.7357 0.0829 -9.9021 70.2560 -0.6143 0.0000 25.3510 0.0000 4.8010 -0.5055 -179.2988 0.0011 -6.6247 -0.0828 8.3008 71.0930 3.3030 0.0000 25.3508 -0.0001 
6.9575 96.4566 -15.5509 -5.5408 0.1052 0.0908 1.0161 0.1570 0.1446 1.0162 0.1571 0.1446 1.0191 0.1575 0.1450 -255.8259 90.0000 0.0000 80.4633 78.9001 79.7369 -2.1503 0.2945 5.1073 -0.0143 0.3016 -0.3007 0.0000 0.0000 0.0001 0.0000 0.0000 0.0000 0.0000 -0.0013 -0.0008 0.0000 -0.0004 0.0001 0.0000 0.0000 0.0000 0.0000 0.0000 0.0000 0.0000 0.0002 0.0000 0.0000 -0.0006 0.0003 0.0000 0.0004 -0.0006 0.0000 0.0000 0.0001 0.0000 0.0000 0.0000 0.0000 -0.0010 -0.0002 0.0000 0.0002 30.0001 -0.0001 0.0005 -29.9998 0.0000 0.0000 0.0000 1.4639 3.1301 0.4639 1.4639 3.1301 0.4639 250.3911 90.0000 0.0000 -78.6373 79.5951 -75.9807 3.8562 1.2262 -4.8215 0.0153 0.2798 0.3193 0.0000 -0.0001 0.0001 0.0000 0.0000 0.0000 0.0000 -0.0006 0.0003 0.0000 -0.0001 0.0001 0.0000 0.0000 0.0000 0.0000 0.0000 0.0000 0.0000 0.0007 0.0001 0.0000 -0.0012 0.0001 0.0000 -0.0008 0.0003 0.0000 0.0001 0.0000 0.0000 0.0000 0.0000 0.0000 -0.0009 0.0000 0.0000 0.0002 -29.9996 -0.0001 -0.0003 29.9996 0.0000 0.0000 0.0000 4.0661 1.8704 -179.7445 -0.0040 -3.9042 0.0829 -9.9565 70.3362 -0.6807 0.0000 25.3510 0.0000 4.7992 -0.5342 -179.2848 0.0009 -6.6727 -0.0828 8.2946 71.1166 3.2963 0.0000 25.3508 -0.0001 
6.9473 96.4542 -15.5492 -5.5393 0.1107 0.0770 1.0146 0.1581 0.1487 1.0147 0.1581 0.1487 1.0177 0.1586 0.1491 -255.8256 90.0000 0.0000 80.4740 78.8917 79.7449 -2.1479 0.2976 5.1071 -0.0144 0.3017 -0.3006 0.0000 0.0000 0.0001 0.0000 0.0000 0.0000 0.0000 -0.0013 -0.0008 0.0000 -0.0004 0.0001 0.0000 0.0000 0.0000 0.0000 0.0000 0.0000 0.0000 0.0002 0.0000 0.0000 -0.0006 0.0003 0.0000 0.0004 -0.0006 0.0000 0.0000 0.0001 0.0000 0.0000 0.0000 0.0000 -0.0010 -0.0002 0.0000 0.0003 30.0001 -0.0001 0.0005 -29.9998 0.0000 0.0000 0.0000 1.4580 3.1194 0.4693 1.4580 3.1194 0.4693 250.3948 90.0000 0.0000 -78.6328 79.5983 -75.9830 3.8495 1.2239 -4.8171 0.0152 0.2797 0.3193 0.0000 -0.0001 0.0001 0.0000 0.0000 0.0000 0.0000 -0.0006 0.0003 0.0000 -0.0001 0.0001 0.0000 0.0000 0.0000 0.0000 0.0000 0.0000 0.0000 0.0007 0.0001 0.0000 -0.0012 0.0001 0.0000 -0.0008 0.0003 0.0000 0.0001 0.0000 0.0000 0.0000 0.0000 0.0000 -0.0009 0.0000 0.0000 0.0002 -29.9997 -0.0001 -0.0003 29.9996 0.0000 0.0000 0.0000 4.0744 1.7494 -179.7242 -0.0046 -4.1353 0.0829 -10.0361 70.4469 -0.7741 0.0000 25.3510 0.0000 4.7934 -0.5677 -179.2652 0.0008 -6.7290 -0.0828 8.2882 71.1442 3.2930 0.0000 25.3508 -0.0001 
6.9352 96.4460 -15.5465 -5.5398 0.1195 0.0554 1.0146 0.1580 0.1539 1.0146 0.1581 0.1539 1.0176 0.1585 0.1544 -255.8250 90.0000 0.0000 80.4680 78.8803 79.7368 -2.1471 0.3020 5.1081 -0.0144 0.3018 -0.3005 0.0000 0.0000 0.0001 0.0000 0.0000 0.0000 0.0000 -0.0013 -0.0008 0.0000 -0.0004 0.0001 0.0000 0.0000 0.0000 0.0000 0.0000 0.0000 0.0000 0.0002 0.0000 0.0000 -0.0006 0.0003 0.0000 0.0004 -0.0006 0.0000 0.0000 0.0001 0.0000 0.0000 0.0000 0.0000 -0.0010 -0.0002 0.0000 0.0002 30.0001 -0.0001 0.0005 -29.9998 0.0000 0.0000 0.0000 1.4514 3.1108 0.4770 1.4514 3.1108 0.4770 250.4002 90.0000 0.0000 -78.6367 79.6053 -75.9910 3.8407 1.2189 -4.8107 0.0152 0.2797 0.3194 0.0000 -0.0001 0.0001 0.0000 0.0000 0.0000 0.0000 -0.0006 0.0003 0.0000 -0.0001 0.0001 0.0000 0.0000 0.0000 0.0000 0.0000 0.0000 0.0000 0.0007 0.0001 0.0000 -0.0012 0.0001 0.0000 -0.0008 0.0003 0.0000 0.0001 0.0000 0.0000 0.0000 0.0000 0.0000 -0.0009 0.0000 0.0000 0.0002 -29.9996 -0.0001 -0.0003 29.9996 0.0000 0.0000 0.0000 4.0879 1.5702 -179.6945 -0.0054 -4.4780 0.0830 -10.1662 70.6129 -0.9286 0.0000 25.3510 0.0000 4.7809 -0.6127 -179.2374 0.0006 -6.8014 -0.0828 8.2748 71.1799 3.2896 0.0000 25.3508 -0.0001 
6.9210 96.4365 -15.5449 -5.5419 0.1324 0.0314 1.0155 0.1559 0.1587 1.0156 0.1560 0.1587 1.0186 0.1564 0.1592 -255.8237 90.0000 0.0000 80.4405 78.8674 79.7084 -2.1485 0.3060 5.1100 -0.0144 0.3026 -0.3010 0.0000 0.0000 0.0001 0.0000 0.0000 0.0000 0.0000 -0.0013 -0.0008 0.0000 -0.0004 0.0001 0.0000 0.0000 0.0000 0.0000 0.0000 0.0000 0.0000 0.0002 0.0000 0.0000 -0.0006 0.0003 0.0000 0.0004 -0.0006 0.0000 0.0000 0.0001 0.0000 0.0000 0.0000 0.0000 -0.0010 -0.0002 0.0000 0.0003 30.0001 -0.0001 0.0005 -29.9998 0.0000 0.0000 0.0000 1.4451 3.1064 0.4860 1.4451 3.1064 0.4860 250.4075 90.0000 0.0000 -78.6507 79.6149 -76.0071 3.8303 1.2123 -4.8033 0.0152 0.2796 0.3194 0.0000 -0.0001 0.0001 0.0000 0.0000 0.0000 0.0000 -0.0006 0.0003 0.0000 -0.0001 0.0001 0.0000 0.0000 0.0000 0.0000 0.0000 0.0000 0.0000 0.0007 0.0001 0.0000 -0.0012 0.0001 0.0000 -0.0008 0.0003 0.0000 0.0001 0.0000 0.0000 0.0000 0.0000 0.0000 -0.0009 0.0000 0.0000 0.0002 -29.9996 -0.0001 -0.0003 29.9996 0.0000 0.0000 0.0000 4.1044 1.3521 -179.6594 -0.0063 -4.8895 0.0830 -10.3433 70.8108 -1.1383 0.0000 25.3510 0.0000 4.7627 -0.6738 -179.2065 0.0008 -6.8962 -0.0828 8.2530 71.2247 3.2828 0.0000 25.3508 -0.0001 
6.9068 96.4252 -15.5463 -5.5472 0.1489 0.0063 1.0180 0.1522 0.1631 1.0181 0.1522 0.1631 1.0211 0.1527 0.1636 -255.8222 90.0000 0.0000 80.4057 78.8544 79.6717 -2.1520 0.3085 5.1121 -0.0144 0.3021 -0.3002 0.0000 0.0000 0.0001 0.0000 0.0000 0.0000 0.0000 -0.0013 -0.0008 0.0000 -0.0004 0.0001 0.0000 0.0000 0.0000 0.0000 0.0000 0.0000 0.0000 0.0002 0.0000 0.0000 -0.0006 0.0003 0.0000 0.0004 -0.0006 0.0000 0.0000 0.0001 0.0000 0.0000 0.0000 0.0000 -0.0010 -0.0002 0.0000 0.0002 30.0001 -0.0001 0.0005 -29.9998 0.0000 0.0000 0.0000 1.4393 3.1056 0.4947 1.4393 3.1056 0.4947 250.4159 90.0000 0.0000 -78.6766 79.6249 -76.0325 3.8190 1.2046 -4.7955 0.0151 0.2790 0.3187 0.0000 -0.0001 0.0001 0.0000 0.0000 0.0000 0.0000 -0.0006 0.0003 0.0000 -0.0001 0.0001 0.0000 0.0000 0.0000 0.0000 0.0000 0.0000 0.0000 0.0007 0.0001 0.0000 -0.0012 0.0001 0.0000 -0.0008 0.0003 0.0000 0.0001 0.0000 0.0000 0.0000 0.0000 0.0000 -0.0009 0.0000 0.0000 0.0002 -29.9996 -0.0001 -0.0003 29.9996 0.0000 0.0000 0.0000 4.1251 1.1364 -179.6214 -0.0071 -5.2856 0.0831 -10.5404 70.9974 -1.3722 0.0000 25.3510 0.0000 4.7424 -0.7424 -179.1751 0.0010 -6.9939 -0.0828 8.2217 71.2675 3.2702 0.0000 25.3508 -0.0001 
6.8956 96.4174 -15.5544 -5.5575 0.1697 -0.0202 1.0226 0.1473 0.1673 1.0227 0.1473 0.1674 1.0257 0.1477 0.1678 -255.8225 90.0000 0.0000 80.3517 78.8447 79.6193 -2.1556 0.3088 5.1125 -0.0144 0.3023 -0.3000 0.0000 0.0000 0.0001 0.0000 0.0000 0.0000 0.0000 -0.0013 -0.0008 0.0000 -0.0004 0.0001 0.0000 0.0000 0.0000 0.0000 0.0000 0.0000 0.0000 0.0002 0.0000 0.0000 -0.0006 0.0003 0.0000 0.0004 -0.0006 0.0000 0.0000 0.0001 0.0000 0.0000 0.0000 0.0000 -0.0010 -0.0002 0.0000 0.0002 30.0001 -0.0001 0.0005 -29.9998 0.0000 0.0000 0.0000 1.4353 3.1073 0.4998 1.4353 3.1073 0.4998 250.4249 90.0000 0.0000 -78.7037 79.6317 -76.0573 3.8062 1.1964 -4.7873 0.0151 0.2791 0.3187 0.0000 -0.0001 0.0001 0.0000 0.0000 0.0000 0.0000 -0.0006 0.0003 0.0000 -0.0001 0.0001 0.0000 0.0000 0.0000 0.0000 0.0000 0.0000 0.0000 0.0007 0.0001 0.0000 -0.0012 0.0001 0.0000 -0.0008 0.0003 0.0000 0.0001 0.0000 0.0000 0.0000 0.0000 0.0000 -0.0009 0.0000 0.0000 0.0002 -29.9997 -0.0001 -0.0003 29.9996 0.0000 0.0000 0.0000 4.1488 0.9379 -179.5828 -0.0079 -5.6299 0.0832 -10.7387 71.1512 -1.6094 0.0000 25.3510 0.0000 4.7217 -0.8322 -179.1446 0.0011 -7.1152 -0.0828 8.1883 71.3151 3.2592 0.0000 25.3508 -0.0001 
6.8869 96.4086 -15.5667 -5.5703 0.1935 -0.0474 1.0287 0.1423 0.1716 1.0288 0.1423 0.1716 1.0318 0.1427 0.1721 -255.8250 90.0000 0.0000 80.2865 78.8377 79.5602 -2.1588 0.3062 5.1113 -0.0144 0.3031 -0.3005 0.0000 0.0000 0.0001 0.0000 0.0000 0.0000 0.0000 -0.0013 -0.0008 0.0000 -0.0004 0.0001 0.0000 0.0000 0.0000 0.0000 0.0000 0.0000 0.0000 0.0002 0.0000 0.0000 -0.0006 0.0003 0.0000 0.0004 -0.0006 0.0000 0.0000 0.0001 0.0000 0.0000 0.0000 0.0000 -0.0010 -0.0002 0.0000 0.0002 30.0001 -0.0001 0.0005 -29.9998 0.0000 0.0000 0.0000 1.4331 3.1084 0.5010 1.4331 3.1084 0.5010 250.4334 90.0000 0.0000 -78.7340 79.6382 -76.0822 3.7918 1.1900 -4.7801 0.0150 0.2788 0.3183 0.0000 -0.0001 0.0001 0.0000 0.0000 0.0000 0.0000 -0.0006 0.0003 0.0000 -0.0001 0.0001 0.0000 0.0000 0.0000 0.0000 0.0000 0.0000 0.0000 0.0007 0.0001 0.0000 -0.0012 0.0001 0.0000 -0.0008 0.0003 0.0000 0.0001 0.0000 0.0000 0.0000 0.0000 0.0000 -0.0009 0.0000 0.0000 0.0002 -29.9996 -0.0001 -0.0003 29.9996 0.0000 0.0000 0.0000 4.1689 0.7331 -179.5459 -0.0091 -5.9749 0.0832 -10.9387 71.3016 -1.8482 0.0000 25.3510 0.0000 4.7030 -0.9410 -179.1149 0.0010 -7.2621 -0.0828 8.1565 71.3709 3.2499 0.0000 25.3508 -0.0001 
6.8773 96.3967 -15.5804 -5.5858 0.2204 -0.0764 1.0365 0.1375 0.1761 1.0366 0.1376 0.1761 1.0397 0.1380 0.1766 -255.8298 90.0000 0.0000 80.2134 78.8302 79.4965 -2.1613 0.3009 5.1099 -0.0144 0.3032 -0.3004 0.0000 0.0000 0.0001 0.0000 0.0000 0.0000 0.0000 -0.0013 -0.0008 0.0000 -0.0004 0.0001 0.0000 0.0000 0.0000 0.0000 0.0000 0.0000 0.0000 0.0002 0.0000 0.0000 -0.0006 0.0003 0.0000 0.0004 -0.0006 0.0000 0.0000 0.0001 0.0000 0.0000 0.0000 0.0000 -0.0010 -0.0002 0.0000 0.0002 30.0001 -0.0001 0.0005 -29.9998 0.0000 0.0000 0.0000 1.4330 3.1073 0.4978 1.4330 3.1073 0.4978 250.4413 90.0000 0.0000 -78.7659 79.6454 -76.1076 3.7770 1.1870 -4.7747 0.0150 0.2788 0.3183 0.0000 -0.0001 0.0001 0.0000 0.0000 0.0000 0.0000 -0.0006 0.0003 0.0000 -0.0001 0.0001 0.0000 0.0000 0.0000 0.0000 0.0000 0.0000 0.0000 0.0007 0.0001 0.0000 -0.0012 0.0001 0.0000 -0.0008 0.0003 0.0000 0.0001 0.0000 0.0000 0.0000 0.0000 0.0000 -0.0009 0.0000 0.0000 0.0002 -29.9996 -0.0001 -0.0003 29.9996 0.0000 0.0000 0.0000 4.1847 0.5001 -179.5075 -0.0106 -6.3686 0.0834 -11.1584 71.4755 -2.1067 0.0000 25.3510 0.0000 4.6874 -1.0695 -179.0829 0.0011 -7.4398 -0.0828 8.1235 71.4400 3.2399 0.0000 25.3508 -0.0001 
6.8620 96.3807 -15.5936 -5.6057 0.2519 -0.1108 1.0472 0.1341 0.1817 1.0473 0.1342 0.1817 1.0504 0.1346 0.1822 -255.8369 90.0000 0.0000 80.1075 78.8163 79.4067 -2.1632 0.2935 5.1090 -0.0144 0.3037 -0.3006 0.0000 0.0000 0.0001 0.0000 0.0000 0.0000 0.0000 -0.0013 -0.0008 0.0000 -0.0004 0.0001 0.0000 0.0000 0.0000 0.0000 0.0000 0.0000 0.0000 0.0002 0.0000 0.0000 -0.0006 0.0003 0.0000 0.0004 -0.0006 0.0000 0.0000 0.0001 0.0000 0.0000 0.0000 0.0000 -0.0010 -0.0002 0.0000 0.0002 30.0001 -0.0001 0.0005 -29.9998 0.0000 0.0000 0.0000 1.4366 3.1009 0.4906 1.4366 3.1010 0.4906 250.4507 90.0000 0.0000 -78.8044 79.6528 -76.1393 3.7631 1.1903 -4.7720 0.0150 0.2787 0.3184 0.0000 -0.0001 0.0001 0.0000 0.0000 0.0000 0.0000 -0.0006 0.0003 0.0000 -0.0001 0.0001 0.0000 0.0000 0.0000 0.0000 0.0000 0.0000 0.0000 0.0007 0.0001 0.0000 -0.0012 0.0001 0.0000 -0.0008 0.0003 0.0000 0.0001 0.0000 0.0000 0.0000 0.0000 0.0000 -0.0009 0.0000 0.0000 0.0002 -29.9996 -0.0001 -0.0003 29.9996 0.0000 0.0000 0.0000 4.1948 0.2186 -179.4595 -0.0123 -6.8521 0.0835 -11.4306 71.6956 -2.4214 0.0000 25.3510 0.0000 4.6769 -1.2215 -179.0420 0.0017 -7.6546 -0.0828 8.0812 71.5277 3.2221 0.0000 25.3508 -0.0001 
6.8441 96.3609 -15.6088 -5.6262 0.2862 -0.1491 1.0590 0.1329 0.1879 1.0591 0.1330 0.1880 1.0622 0.1334 0.1885 -255.8438 90.0000 0.0000 79.9636 78.7944 79.2861 -2.1667 0.2882 5.1093 -0.0145 0.3045 -0.3011 0.0000 0.0000 0.0001 0.0000 0.0000 0.0000 0.0000 -0.0013 -0.0008 0.0000 -0.0004 0.0001 0.0000 0.0000 0.0000 0.0000 0.0000 0.0000 0.0000 0.0002 0.0000 0.0000 -0.0006 0.0003 0.0000 0.0004 -0.0006 0.0000 0.0000 0.0001 0.0000 0.0000 0.0000 0.0000 -0.0010 -0.0002 0.0000 0.0002 30.0001 -0.0001 0.0005 -29.9998 0.0000 0.0000 0.0000 1.4434 3.0903 0.4826 1.4434 3.0903 0.4826 250.4628 90.0000 0.0000 -78.8583 79.6582 -76.1883 3.7484 1.1980 -4.7713 0.0150 0.2780 0.3178 0.0000 -0.0001 0.0001 0.0000 0.0000 0.0000 0.0000 -0.0006 0.0003 0.0000 -0.0001 0.0001 0.0000 0.0000 0.0000 0.0000 0.0000 0.0000 0.0000 0.0007 0.0001 0.0000 -0.0012 0.0001 0.0000 -0.0008 0.0003 0.0000 0.0001 0.0000 0.0000 0.0000 0.0000 0.0000 -0.0009 0.0000 0.0000 0.0002 -29.9996 -0.0001 -0.0003 29.9996 0.0000 0.0000 0.0000 4.2008 -0.0757 -179.4031 -0.0139 -7.3540 0.0837 -11.7350 71.9262 -2.7769 0.0000 25.3510 0.0000 4.6689 -1.3870 -178.9956 0.0025 -7.8885 -0.0829 8.0334 71.6256 3.2000 0.0000 25.3508 -0.0001 
6.8256 96.3404 -15.6280 -5.6448 0.3218 -0.1878 1.0709 0.1343 0.1941 1.0710 0.1344 0.1941 1.0741 0.1347 0.1947 -255.8499 90.0000 0.0000 79.7886 78.7657 79.1398 -2.1718 0.2862 5.1109 -0.0145 0.3049 -0.3013 0.0000 0.0000 0.0001 0.0000 0.0000 0.0000 0.0000 -0.0013 -0.0008 0.0000 -0.0004 0.0001 0.0000 0.0000 0.0000 0.0000 0.0000 0.0000 0.0000 0.0002 0.0000 0.0000 -0.0006 0.0003 0.0000 0.0004 -0.0006 0.0000 0.0000 0.0001 0.0000 0.0000 0.0000 0.0000 -0.0010 -0.0002 0.0000 0.0002 30.0001 -0.0001 0.0005 -29.9998 0.0000 0.0000 0.0000 1.4530 3.0768 0.4739 1.4530 3.0768 0.4739 250.4766 90.0000 0.0000 -78.9188 79.6590 -76.2485 3.7318 1.2095 -4.7728 0.0150 0.2778 0.3179 0.0000 -0.0001 0.0001 0.0000 0.0000 0.0000 0.0000 -0.0006 0.0003 0.0000 -0.0001 0.0001 0.0000 0.0000 0.0000 0.0000 0.0000 0.0000 0.0000 0.0007 0.0001 0.0000 -0.0012 0.0001 0.0000 -0.0008 0.0003 0.0000 0.0001 0.0000 0.0000 0.0000 0.0000 0.0000 -0.0009 0.0000 0.0000 0.0002 -29.9996 -0.0001 -0.0003 29.9996 0.0000 0.0000 0.0000 4.2065 -0.3663 -179.3431 -0.0158 -7.8407 0.0839 -12.0563 72.1490 -3.1605 0.0000 25.3510 0.0000 4.6612 -1.5670 -178.9481 0.0034 -8.1440 -0.0830 7.9836 71.7338 3.1761 0.0000 25.3508 -0.0001 
6.8072 96.3188 -15.6560 -5.6596 0.3563 -0.2221 1.0825 0.1409 0.1994 1.0826 0.1409 0.1995 1.0858 0.1413 0.2000 -255.8557 90.0000 0.0000 79.5670 78.7322 78.9552 -2.1755 0.2890 5.1153 -0.0145 0.3056 -0.3019 0.0000 0.0000 0.0001 0.0000 0.0000 0.0000 0.0000 -0.0013 -0.0008 0.0000 -0.0004 0.0001 0.0000 0.0000 0.0000 0.0000 0.0000 0.0000 0.0000 0.0002 0.0000 0.0000 -0.0006 0.0003 0.0000 0.0004 -0.0006 0.0000 0.0000 0.0001 0.0000 0.0000 0.0000 0.0000 -0.0010 -0.0002 0.0000 0.0002 30.0001 -0.0001 0.0005 -29.9998 0.0000 0.0000 0.0000 1.4658 3.0604 0.4635 1.4658 3.0604 0.4635 250.4909 90.0000 0.0000 -78.9879 79.6479 -76.3258 3.7144 1.2259 -4.7759 0.0151 0.2782 0.3188 0.0000 -0.0001 0.0001 0.0000 0.0000 0.0000 0.0000 -0.0006 0.0003 0.0000 -0.0001 0.0001 0.0000 0.0000 0.0000 0.0000 0.0000 0.0000 0.0000 0.0007 0.0001 0.0000 -0.0012 0.0001 0.0000 -0.0008 0.0003 0.0000 0.0001 0.0000 0.0000 0.0000 0.0000 0.0000 -0.0009 0.0000 0.0000 0.0002 -29.9997 -0.0001 -0.0003 29.9996 0.0000 0.0000 0.0000 4.2171 -0.6324 -179.2843 -0.0178 -8.2697 0.0841 -12.3770 72.3412 -3.5585 0.0000 25.3510 0.0000 4.6507 -1.7685 -178.9043 0.0041 -8.4363 -0.0830 7.9304 71.8587 3.1508 0.0000 25.3508 -0.0001 
6.7853 96.2971 -15.6920 -5.6697 0.3844 -0.2501 1.0933 0.1536 0.2037 1.0934 0.1536 0.2037 1.0966 0.1541 0.2043 -255.8617 90.0000 0.0000 79.3191 78.7010 78.7498 -2.1770 0.2940 5.1231 -0.0146 0.3065 -0.3029 0.0000 0.0000 0.0001 0.0000 0.0000 0.0000 0.0000 -0.0013 -0.0008 0.0000 -0.0004 0.0001 0.0000 0.0000 0.0000 0.0000 0.0000 0.0000 0.0000 0.0002 0.0000 0.0000 -0.0006 0.0003 0.0000 0.0004 -0.0006 0.0000 0.0000 0.0001 0.0000 0.0000 0.0000 0.0000 -0.0010 -0.0002 0.0000 0.0002 30.0001 -0.0001 0.0005 -29.9998 0.0000 0.0000 0.0000 1.4797 3.0429 0.4523 1.4797 3.0429 0.4523 250.5039 90.0000 0.0000 -79.0727 79.6224 -76.4253 3.6977 1.2444 -4.7780 0.0151 0.2781 0.3189 0.0000 -0.0001 0.0001 0.0000 0.0000 0.0000 0.0000 -0.0006 0.0003 0.0000 -0.0001 0.0001 0.0000 0.0000 0.0000 0.0000 0.0000 0.0000 0.0000 0.0007 0.0001 0.0000 -0.0012 0.0001 0.0000 -0.0008 0.0003 0.0000 0.0001 0.0000 0.0000 0.0000 0.0000 0.0000 -0.0008 0.0000 0.0000 0.0002 -29.9996 -0.0001 -0.0003 29.9996 0.0000 0.0000 0.0000 4.2237 -0.8742 -179.2302 -0.0189 -8.6525 0.0842 -12.6974 72.5057 -3.9511 0.0000 25.3510 0.0000 4.6372 -1.9840 -178.8635 0.0046 -8.7615 -0.0831 7.8727 71.9975 3.1193 0.0000 25.3508 -0.0001 
6.7582 96.2754 -15.7366 -5.6752 0.4061 -0.2720 1.1036 0.1727 0.2074 1.1037 0.1728 0.2074 1.1069 0.1733 0.2080 -255.8698 90.0000 0.0000 79.0691 78.6724 78.5465 -2.1798 0.2993 5.1326 -0.0147 0.3070 -0.3037 0.0000 0.0000 0.0001 0.0000 0.0000 0.0000 0.0000 -0.0013 -0.0008 0.0000 -0.0004 0.0001 0.0000 0.0000 0.0000 0.0000 0.0000 0.0000 0.0000 0.0002 0.0000 0.0000 -0.0006 0.0003 0.0000 0.0004 -0.0006 0.0000 0.0000 0.0001 0.0000 0.0000 0.0000 0.0000 -0.0010 -0.0002 0.0000 0.0002 30.0001 -0.0001 0.0005 -29.9998 0.0000 0.0000 0.0000 1.4926 3.0246 0.4401 1.4926 3.0246 0.4401 250.5115 90.0000 0.0000 -79.1697 79.5840 -76.5433 3.6817 1.2638 -4.7785 0.0152 0.2782 0.3194 0.0000 -0.0001 0.0001 0.0000 0.0000 0.0000 0.0000 -0.0006 0.0003 0.0000 -0.0001 0.0001 0.0000 0.0000 0.0000 0.0000 0.0000 0.0000 0.0000 0.0007 0.0001 0.0000 -0.0012 0.0001 0.0000 -0.0008 0.0003 0.0000 0.0001 0.0000 0.0000 0.0000 0.0000 0.0000 -0.0008 0.0000 0.0000 0.0002 -29.9997 -0.0001 -0.0003 29.9996 0.0000 0.0000 0.0000 4.2235 -1.1036 -179.1807 -0.0189 -9.0131 0.0843 -13.0150 72.6532 -4.3287 0.0000 25.3510 0.0000 4.6229 -2.2047 -178.8243 0.0054 -9.1010 -0.0831 7.8059 72.1402 3.0750 0.0000 25.3508 -0.0001 
6.7239 96.2543 -15.7964 -5.6736 0.4197 -0.2841 1.1138 0.1999 0.2110 1.1139 0.2000 0.2111 1.1172 0.2005 0.2117 -255.8851 90.0000 0.0000 78.8091 78.6514 78.3377 -2.1835 0.3074 5.1443 -0.0148 0.3076 -0.3050 0.0000 0.0000 0.0001 0.0000 0.0000 0.0000 0.0000 -0.0013 -0.0008 0.0000 -0.0004 0.0001 0.0000 0.0000 0.0000 0.0000 0.0000 0.0000 0.0000 0.0002 0.0000 0.0000 -0.0006 0.0003 0.0000 0.0004 -0.0006 0.0000 0.0000 0.0001 0.0000 0.0000 0.0000 0.0000 -0.0010 -0.0002 0.0000 0.0002 30.0001 -0.0001 0.0005 -29.9998 0.0000 0.0000 0.0000 1.5027 3.0083 0.4227 1.5027 3.0083 0.4227 250.5079 90.0000 0.0000 -79.2709 79.5300 -76.6712 3.6676 1.2842 -4.7775 0.0153 0.2787 0.3202 0.0000 -0.0001 0.0001 0.0000 0.0000 0.0000 0.0000 -0.0006 0.0003 0.0000 -0.0001 0.0001 0.0000 0.0000 0.0000 0.0000 0.0000 0.0000 0.0000 0.0007 0.0001 0.0000 -0.0012 0.0001 0.0000 -0.0008 0.0003 0.0000 0.0001 0.0000 0.0000 0.0000 0.0000 0.0000 -0.0009 0.0000 0.0000 0.0002 -29.9996 -0.0001 -0.0003 29.9996 0.0000 0.0000 0.0000 4.2214 -1.3368 -179.1399 -0.0184 -9.3779 0.0843 -13.3016 72.7906 -4.6626 0.0000 25.3510 0.0000 4.6096 -2.4256 -178.7890 0.0065 -9.4401 -0.0832 7.7224 72.2749 3.0077 0.0000 25.3508 -0.0001 
6.6856 96.2328 -15.8682 -5.6669 0.4319 -0.2891 1.1247 0.2309 0.2154 1.1248 0.2309 0.2154 1.1281 0.2316 0.2160 -255.9077 90.0000 0.0000 78.5541 78.6379 78.1363 -2.1862 0.3171 5.1562 -0.0148 0.3081 -0.3064 0.0000 0.0000 0.0001 0.0000 0.0000 0.0000 0.0000 -0.0013 -0.0008 0.0000 -0.0004 0.0001 0.0000 0.0000 0.0000 0.0000 0.0000 0.0000 0.0000 0.0002 0.0000 0.0000 -0.0006 0.0003 0.0000 0.0004 -0.0006 0.0000 0.0000 0.0001 0.0000 0.0000 0.0000 0.0000 -0.0010 -0.0002 0.0000 0.0002 30.0001 -0.0001 0.0005 -29.9998 0.0000 0.0000 0.0000 1.5100 2.9982 0.3996 1.5100 2.9982 0.3996 250.4954 90.0000 0.0000 -79.3536 79.4667 -76.7826 3.6563 1.3064 -4.7760 0.0154 0.2793 0.3209 0.0000 -0.0001 0.0001 0.0000 0.0000 0.0000 0.0000 -0.0006 0.0003 0.0000 -0.0001 0.0001 0.0000 0.0000 0.0000 0.0000 0.0000 0.0000 0.0000 0.0007 0.0001 0.0000 -0.0012 0.0001 0.0000 -0.0008 0.0003 0.0000 0.0001 0.0000 0.0000 0.0000 0.0000 0.0000 -0.0009 0.0000 0.0000 0.0002 -29.9996 -0.0001 -0.0003 29.9996 0.0000 0.0000 0.0000 4.2226 -1.5862 -179.1062 -0.0183 -9.7621 0.0843 -13.5509 72.9267 -4.9553 0.0000 25.3510 0.0000 4.5934 -2.6527 -178.7576 0.0074 -9.7812 -0.0833 7.6291 72.4033 2.9283 0.0000 25.3508 -0.0001 
6.6424 96.2109 -15.9458 -5.6551 0.4451 -0.2888 1.1360 0.2637 0.2205 1.1361 0.2638 0.2205 1.1394 0.2645 0.2211 -255.9353 90.0000 0.0000 78.3109 78.6287 77.9478 -2.1895 0.3277 5.1675 -0.0149 0.3082 -0.3076 0.0000 0.0000 0.0001 0.0000 0.0000 0.0000 0.0000 -0.0013 -0.0008 0.0000 -0.0004 0.0001 0.0000 0.0000 0.0000 0.0000 0.0000 0.0000 0.0000 0.0002 0.0000 0.0000 -0.0006 0.0003 0.0000 0.0004 -0.0006 0.0000 0.0000 0.0001 0.0000 0.0000 0.0000 0.0000 -0.0010 -0.0002 0.0000 0.0002 30.0001 -0.0001 0.0005 -29.9998 0.0000 0.0000 0.0000 1.5159 2.9957 0.3732 1.5159 2.9957 0.3732 250.4773 90.0000 0.0000 -79.4139 79.3998 -76.8736 3.6463 1.3298 -4.7746 0.0155 0.2801 0.3220 0.0000 -0.0001 0.0001 0.0000 0.0000 0.0000 0.0000 -0.0006 0.0003 0.0000 -0.0001 0.0001 0.0000 0.0000 0.0000 0.0000 0.0000 0.0000 0.0000 0.0007 0.0001 0.0000 -0.0012 0.0001 0.0000 -0.0008 0.0003 0.0000 0.0001 0.0000 0.0000 0.0000 0.0000 0.0000 -0.0008 0.0000 0.0000 0.0002 -29.9997 -0.0001 -0.0003 29.9996 0.0000 0.0000 0.0000 4.2264 -1.8470 -179.0760 -0.0185 -10.1581 0.0844 -13.7751 73.0598 -5.2220 0.0000 25.3510 0.0000 4.5759 -2.8883 -178.7281 0.0085 -10.1313 -0.0835 7.5302 72.5311 2.8417 0.0000 25.3508 -0.0001 
6.5930 96.1886 -16.0243 -5.6342 0.4644 -0.2805 1.1475 0.2970 0.2265 1.1477 0.2971 0.2265 1.1510 0.2979 0.2272 -255.9673 90.0000 0.0000 78.0947 78.6207 77.7848 -2.1973 0.3395 5.1761 -0.0149 0.3079 -0.3085 0.0000 0.0000 0.0001 0.0000 0.0000 0.0000 0.0000 -0.0013 -0.0008 0.0000 -0.0004 0.0001 0.0000 0.0000 0.0000 0.0000 0.0000 0.0000 0.0000 0.0002 0.0000 0.0000 -0.0006 0.0003 0.0000 0.0004 -0.0006 0.0000 0.0000 0.0001 0.0000 0.0000 0.0000 0.0000 -0.0010 -0.0002 0.0000 0.0002 30.0001 -0.0001 0.0005 -29.9998 0.0000 0.0000 0.0000 1.5214 3.0051 0.3446 1.5214 3.0051 0.3446 250.4527 90.0000 0.0000 -79.4451 79.3335 -76.9361 3.6343 1.3533 -4.7740 0.0155 0.2803 0.3224 0.0000 -0.0001 0.0001 0.0000 0.0000 0.0000 0.0000 -0.0006 0.0003 0.0000 -0.0001 0.0001 0.0000 0.0000 0.0000 0.0000 0.0000 0.0000 0.0000 0.0007 0.0001 0.0000 -0.0012 0.0001 0.0000 -0.0008 0.0003 0.0000 0.0001 0.0000 0.0000 0.0000 0.0000 0.0000 -0.0009 0.0000 0.0000 0.0002 -29.9996 -0.0001 -0.0003 29.9996 0.0000 0.0000 0.0000 4.2422 -2.1151 -179.0498 -0.0199 -10.5527 0.0846 -13.9524 73.1826 -5.4566 0.0000 25.3510 0.0000 4.5613 -3.1372 -178.7024 0.0116 -10.4978 -0.0838 7.4360 72.6648 2.7554 0.0000 25.3508 -0.0001 
6.5462 96.1668 -16.1037 -5.6039 0.4896 -0.2617 1.1587 0.3301 0.2327 1.1588 0.3302 0.2328 1.1622 0.3311 0.2334 -256.0006 90.0000 0.0000 77.9007 78.6111 77.6402 -2.2102 0.3554 5.1825 -0.0150 0.3083 -0.3100 0.0000 0.0000 0.0001 0.0000 0.0000 0.0000 0.0000 -0.0013 -0.0008 0.0000 -0.0004 0.0001 0.0000 0.0000 0.0000 0.0000 0.0000 0.0000 0.0000 0.0002 0.0000 0.0000 -0.0006 0.0003 0.0000 0.0004 -0.0006 0.0000 0.0000 0.0001 0.0000 0.0000 0.0000 0.0000 -0.0010 -0.0002 0.0000 0.0002 30.0001 -0.0001 0.0005 -29.9998 0.0000 0.0000 0.0000 1.5288 3.0199 0.3143 1.5288 3.0199 0.3143 250.4238 90.0000 0.0000 -79.4355 79.2696 -76.9593 3.6181 1.3755 -4.7748 0.0157 0.2813 0.3234 0.0000 -0.0001 0.0001 0.0000 0.0000 0.0000 0.0000 -0.0006 0.0003 0.0000 -0.0001 0.0001 0.0000 0.0000 0.0000 0.0000 0.0000 0.0000 0.0000 0.0007 0.0001 0.0000 -0.0012 0.0001 0.0000 -0.0008 0.0003 0.0000 0.0001 0.0000 0.0000 0.0000 0.0000 0.0000 -0.0008 0.0000 0.0000 0.0002 -29.9996 -0.0001 -0.0003 29.9996 0.0000 0.0000 0.0000 4.2775 -2.3814 -179.0345 -0.0240 -10.9281 0.0851 -14.0677 73.2873 -5.6562 0.0000 25.3510 0.0000 4.5585 -3.3870 -178.6888 0.0164 -10.8552 -0.0843 7.3671 72.7922 2.6815 0.0000 25.3508 -0.0001 
6.5109 96.1483 -16.1904 -5.5645 0.5183 -0.2338 1.1686 0.3634 0.2395 1.1687 0.3635 0.2396 1.1721 0.3645 0.2403 -256.0348 90.0000 0.0000 77.7299 78.6032 77.5142 -2.2271 0.3759 5.1896 -0.0152 0.3090 -0.3119 0.0000 0.0000 0.0001 0.0000 0.0000 0.0000 0.0000 -0.0013 -0.0008 0.0000 -0.0004 0.0001 0.0000 0.0000 0.0000 0.0000 0.0000 0.0000 0.0000 0.0002 0.0000 0.0000 -0.0006 0.0003 0.0000 0.0004 -0.0006 0.0000 0.0000 0.0001 0.0000 0.0000 0.0000 0.0000 -0.0010 -0.0002 0.0000 0.0002 30.0001 -0.0001 0.0005 -29.9998 0.0000 0.0000 0.0000 1.5398 3.0355 0.2816 1.5398 3.0355 0.2816 250.3924 90.0000 0.0000 -79.3829 79.2081 -76.9410 3.5989 1.3975 -4.7766 0.0158 0.2828 0.3251 0.0000 -0.0001 0.0001 0.0000 0.0000 0.0000 0.0000 -0.0006 0.0003 0.0000 -0.0001 0.0001 0.0000 0.0000 0.0000 0.0000 0.0000 0.0000 0.0000 0.0007 0.0001 0.0000 -0.0012 0.0001 0.0000 -0.0008 0.0003 0.0000 0.0001 0.0000 0.0000 0.0000 0.0000 0.0000 -0.0009 0.0000 0.0000 0.0002 -29.9996 -0.0001 -0.0003 29.9996 0.0000 0.0000 0.0000 4.3246 -2.6488 -179.0348 -0.0321 -11.2867 0.0859 -14.1199 73.3693 -5.8116 0.0000 25.3510 0.0000 4.5650 -3.6384 -178.6915 0.0211 -11.2011 -0.0848 7.3360 72.9067 2.6341 0.0000 25.3508 -0.0001 
6.4957 96.1329 -16.2959 -5.5076 0.5496 -0.1966 1.1756 0.3995 0.2492 1.1757 0.3996 0.2492 1.1791 0.4007 0.2500 -256.0761 90.0000 0.0000 77.5931 78.6003 77.4131 -2.2512 0.4045 5.2033 -0.0152 0.3083 -0.3125 0.0000 0.0000 0.0001 0.0000 0.0000 0.0000 0.0000 -0.0013 -0.0008 0.0000 -0.0004 0.0001 0.0000 0.0000 0.0000 0.0000 0.0000 0.0000 0.0000 0.0002 0.0000 0.0000 -0.0006 0.0003 0.0000 0.0004 -0.0006 0.0000 0.0000 0.0001 0.0000 0.0000 0.0000 0.0000 -0.0010 -0.0002 0.0000 0.0002 30.0001 -0.0001 0.0005 -29.9998 0.0000 0.0000 0.0000 1.5551 3.0438 0.2460 1.5551 3.0438 0.2460 250.3554 90.0000 0.0000 -79.2739 79.1490 -76.8668 3.5769 1.4216 -4.7790 0.0159 0.2836 0.3256 0.0000 -0.0001 0.0001 0.0000 0.0000 0.0000 0.0000 -0.0006 0.0003 0.0000 -0.0001 0.0001 0.0000 0.0000 0.0000 0.0000 0.0000 0.0000 0.0000 0.0007 0.0001 0.0000 -0.0012 0.0001 0.0000 -0.0008 0.0003 0.0000 0.0001 0.0000 0.0000 0.0000 0.0000 0.0000 -0.0009 0.0000 0.0000 0.0002 -29.9996 -0.0001 -0.0003 29.9996 0.0000 0.0000 0.0000 4.3744 -2.9195 -179.0567 -0.0455 -11.6169 0.0874 -14.0839 73.4167 -5.8946 0.0000 25.3510 0.0000 4.5821 -3.8973 -178.7182 0.0239 -11.5366 -0.0851 7.3760 73.0008 2.6427 0.0000 25.3508 -0.0001 
6.4848 96.1191 -16.4099 -5.4322 0.5820 -0.1536 1.1793 0.4395 0.2623 1.1794 0.4396 0.2623 1.1828 0.4409 0.2631 -256.1277 90.0000 0.0000 77.4577 78.6034 77.3081 -2.2793 0.4452 5.2296 -0.0154 0.3078 -0.3136 0.0000 0.0000 0.0001 0.0000 0.0000 0.0000 0.0000 -0.0013 -0.0008 0.0000 -0.0004 0.0001 0.0000 0.0000 0.0000 0.0000 0.0000 0.0000 0.0000 0.0002 0.0000 0.0000 -0.0006 0.0003 0.0000 0.0004 -0.0006 0.0000 0.0000 0.0001 0.0000 0.0000 0.0000 0.0000 -0.0010 -0.0002 0.0000 0.0002 30.0001 -0.0001 0.0005 -29.9998 0.0000 0.0000 0.0000 1.5717 3.0385 0.2081 1.5717 3.0385 0.2081 250.3114 90.0000 0.0000 -79.1026 79.0921 -76.7322 3.5517 1.4503 -4.7840 0.0161 0.2853 0.3271 0.0000 -0.0001 0.0001 0.0000 0.0000 0.0000 0.0000 -0.0006 0.0003 0.0000 -0.0001 0.0001 0.0000 0.0000 0.0000 0.0000 0.0000 0.0000 0.0000 0.0007 0.0001 0.0000 -0.0011 0.0001 0.0000 -0.0008 0.0003 0.0000 0.0001 0.0000 0.0000 0.0000 0.0000 0.0000 -0.0008 0.0000 0.0000 0.0002 -29.9996 -0.0001 -0.0003 29.9996 0.0000 0.0000 0.0000 4.4328 -3.1984 -179.0868 -0.0616 -11.9453 0.0892 -13.9986 73.4529 -5.9539 0.0000 25.3510 0.0000 4.6059 -4.1674 -178.7556 0.0245 -11.8862 -0.0853 7.4616 73.0957 2.6795 0.0000 25.3508 -0.0001 
6.4610 96.1033 -16.5247 -5.3386 0.6180 -0.1065 1.1794 0.4832 0.2790 1.1796 0.4833 0.2790 1.1829 0.4847 0.2798 -256.1815 90.0000 0.0000 77.3419 78.6110 77.2268 -2.3066 0.4994 5.2692 -0.0156 0.3075 -0.3152 0.0000 0.0000 0.0001 0.0000 0.0000 0.0000 0.0000 -0.0013 -0.0008 0.0000 -0.0004 0.0001 0.0000 0.0000 0.0000 0.0000 0.0000 0.0000 0.0000 0.0002 0.0000 0.0000 -0.0006 0.0003 0.0000 0.0004 -0.0006 0.0000 0.0000 0.0001 0.0000 0.0000 0.0000 0.0000 -0.0010 -0.0002 0.0000 0.0002 30.0001 -0.0001 0.0005 -29.9998 0.0000 0.0000 0.0000 1.5882 3.0182 0.1674 1.5882 3.0182 0.1674 250.2616 90.0000 0.0000 -78.8745 79.0361 -76.5414 3.5234 1.4850 -4.7930 0.0163 0.2867 0.3282 0.0000 -0.0001 0.0001 0.0000 0.0000 0.0000 0.0000 -0.0006 0.0003 0.0000 -0.0001 0.0001 0.0000 0.0000 0.0000 0.0000 0.0000 0.0000 0.0000 0.0007 0.0001 0.0000 -0.0012 0.0001 0.0000 -0.0008 0.0003 0.0000 0.0001 0.0000 0.0000 0.0000 0.0000 0.0000 -0.0009 0.0000 0.0000 0.0002 -29.9996 -0.0001 -0.0003 29.9996 0.0000 0.0000 0.0000 4.4991 -3.4833 -179.1120 -0.0776 -12.2741 0.0911 -13.9119 73.4818 -6.0379 0.0000 25.3510 0.0000 4.6424 -4.4453 -178.7908 0.0240 -12.2477 -0.0853 7.5622 73.1979 2.7011 0.0000 25.3508 -0.0001 
6.3973 96.0850 -16.6377 -5.2173 0.6615 -0.0622 1.1745 0.5314 0.3034 1.1747 0.5315 0.3034 1.1781 0.5330 0.3043 -256.2432 90.0000 0.0000 77.2372 78.6253 77.1562 -2.3249 0.5750 5.3286 -0.0159 0.3058 -0.3155 0.0000 0.0000 0.0001 0.0000 0.0000 0.0000 0.0000 -0.0013 -0.0008 0.0000 -0.0004 0.0001 0.0000 0.0000 0.0000 0.0000 0.0000 0.0000 0.0000 0.0002 0.0000 0.0000 -0.0006 0.0003 0.0000 0.0004 -0.0006 0.0000 0.0000 0.0001 0.0000 0.0000 0.0000 0.0000 -0.0010 -0.0002 0.0000 0.0003 30.0001 -0.0001 0.0005 -29.9998 0.0000 0.0000 0.0000 1.6016 2.9767 0.1234 1.6016 2.9767 0.1234 250.2048 90.0000 0.0000 -78.5440 78.9770 -76.2522 3.4926 1.5328 -4.8095 0.0166 0.2891 0.3303 0.0000 -0.0001 0.0001 0.0000 0.0000 0.0000 0.0000 -0.0006 0.0003 0.0000 -0.0001 0.0001 0.0000 0.0000 0.0000 0.0000 0.0000 0.0000 0.0000 0.0007 0.0001 0.0000 -0.0012 0.0001 0.0000 -0.0008 0.0003 0.0000 0.0002 0.0000 0.0000 0.0000 0.0000 0.0000 -0.0009 0.0000 0.0000 0.0002 -29.9997 -0.0001 -0.0003 29.9996 0.0000 0.0000 0.0000 4.5722 -3.7840 -179.1080 -0.0883 -12.6168 0.0925 -13.9006 73.4973 -6.2327 0.0000 25.3511 0.0000 4.6940 -4.7339 -178.7974 0.0248 -12.6219 -0.0855 7.6183 73.3119 2.6260 0.0000 25.3508 -0.0001 
6.3070 96.0644 -16.7460 -5.0693 0.7143 -0.0307 1.1657 0.5811 0.3362 1.1659 0.5812 0.3363 1.1692 0.5828 0.3373 -256.3092 90.0000 0.0000 77.1280 78.6368 77.0867 -2.3333 0.6660 5.4001 -0.0163 0.3058 -0.3174 0.0000 0.0000 0.0001 0.0000 0.0000 0.0000 0.0000 -0.0013 -0.0008 0.0000 -0.0004 0.0001 0.0000 0.0000 0.0000 0.0000 0.0000 0.0000 0.0000 0.0002 0.0000 0.0000 -0.0006 0.0003 0.0000 0.0004 -0.0006 0.0000 0.0000 0.0001 0.0000 0.0000 0.0000 0.0000 -0.0010 -0.0002 0.0000 0.0003 30.0001 -0.0001 0.0005 -29.9998 0.0000 0.0000 0.0000 1.6079 2.9242 0.0807 1.6079 2.9242 0.0807 250.1452 90.0000 0.0000 -78.1346 78.9115 -75.8907 3.4610 1.5914 -4.8309 0.0169 0.2912 0.3320 0.0000 -0.0001 0.0001 0.0000 0.0000 0.0000 0.0000 -0.0006 0.0003 0.0000 -0.0001 0.0001 0.0000 0.0000 0.0000 0.0000 0.0000 0.0000 0.0000 0.0007 0.0001 0.0000 -0.0012 0.0001 0.0000 -0.0008 0.0003 0.0000 0.0001 0.0000 0.0000 0.0000 0.0000 0.0000 -0.0009 0.0000 0.0000 0.0002 -29.9997 -0.0001 -0.0003 29.9996 0.0000 0.0000 0.0000 4.6437 -4.1196 -179.0733 -0.0961 -13.0073 0.0937 -13.9865 73.5096 -6.5533 0.0000 25.3510 0.0000 4.7361 -5.0141 -178.7719 0.0269 -12.9670 -0.0858 7.6098 73.4182 2.4559 0.0000 25.3508 -0.0001 
6.2082 96.0422 -16.8401 -4.8951 0.7752 -0.0130 1.1527 0.6315 0.3767 1.1528 0.6316 0.3767 1.1561 0.6334 0.3778 -256.3755 90.0000 0.0000 77.0380 78.6393 77.0402 -2.3413 0.7668 5.4777 -0.0168 0.3048 -0.3184 0.0000 0.0000 0.0001 0.0000 0.0000 0.0000 0.0000 -0.0013 -0.0008 0.0000 -0.0004 0.0001 0.0000 0.0000 0.0000 0.0000 0.0000 0.0000 0.0000 0.0002 0.0000 0.0000 -0.0006 0.0003 0.0000 0.0004 -0.0006 0.0000 0.0000 0.0001 0.0000 0.0000 0.0000 0.0000 -0.0010 -0.0002 0.0000 0.0002 30.0001 -0.0001 0.0005 -29.9998 0.0000 0.0000 0.0000 1.6065 2.8653 0.0404 1.6065 2.8653 0.0404 -59.2313 87.3806 48.4052 -77.6598 78.8387 -75.4715 3.4271 1.6566 -4.8548 0.0173 0.2933 0.3336 0.0000 -0.0001 0.0001 0.0000 0.0000 0.0000 0.0000 -0.0006 0.0003 0.0000 -0.0001 0.0001 0.0000 0.0000 0.0000 0.0000 0.0000 0.0000 0.0000 0.0007 0.0001 0.0000 -0.0011 0.0001 0.0000 -0.0008 0.0003 0.0000 0.0001 0.0000 0.0000 0.0000 0.0000 0.0000 -0.0008 0.0000 0.0000 0.0002 -29.9997 -0.0001 -0.0003 29.9996 0.0000 0.0000 0.0000 4.7093 -4.4921 -179.0188 -0.1046 -13.4614 0.0951 -14.1851 73.5295 -7.0082 0.0000 25.3510 0.0000 4.7623 -5.2581 -178.7245 0.0282 -13.2417 -0.0860 7.5540 73.5018 2.2133 0.0000 25.3508 -0.0001 
6.1116 96.0298 -16.8982 -4.6806 0.8476 -0.0153 1.1320 0.6812 0.4274 1.1322 0.6814 0.4275 1.1354 0.6833 0.4287 -256.4347 90.0000 0.0000 76.9958 78.6226 77.0450 -2.3684 0.8756 5.5574 -0.0172 0.3037 -0.3194 0.0000 0.0000 0.0001 0.0000 0.0000 0.0000 0.0000 -0.0013 -0.0008 0.0000 -0.0004 0.0001 0.0000 0.0000 0.0000 0.0000 0.0000 0.0000 0.0000 0.0002 0.0000 0.0000 -0.0006 0.0003 0.0000 0.0004 -0.0006 0.0000 0.0000 0.0001 0.0000 0.0000 0.0000 0.0000 -0.0010 -0.0002 0.0000 0.0002 30.0001 -0.0001 0.0005 -29.9998 0.0000 0.0000 0.0000 1.5928 2.7998 0.0027 1.5928 2.7998 0.0027 -58.6154 87.3062 49.0366 -77.1326 78.7481 -75.0031 3.3861 1.7252 -4.8815 0.0177 0.2959 0.3355 0.0000 -0.0001 0.0001 0.0000 0.0000 0.0000 0.0000 -0.0006 0.0003 0.0000 -0.0001 0.0001 0.0000 0.0000 0.0000 0.0000 0.0000 0.0000 0.0000 0.0007 0.0001 0.0000 -0.0011 0.0001 0.0000 -0.0008 0.0003 0.0000 0.0001 0.0000 0.0000 0.0000 0.0000 0.0000 -0.0009 0.0000 0.0000 0.0002 -29.9997 -0.0001 -0.0003 29.9996 0.0000 0.0000 0.0000 4.7737 -4.9316 -178.9442 -0.1171 -14.0497 0.0972 -14.6288 73.5840 -7.7380 0.0000 25.3510 0.0000 4.7586 -5.4207 -178.6542 0.0266 -13.3775 -0.0858 7.4337 73.5451 1.8680 0.0000 25.3508 -0.0001 
6.0023 96.0168 -16.9308 -4.4334 0.9299 -0.0326 1.1062 0.7263 0.4848 1.1064 0.7264 0.4849 1.1095 0.7285 0.4863 -256.4886 90.0000 0.0000 76.9886 78.5987 77.0794 -2.4194 0.9874 5.6351 -0.0177 0.3032 -0.3210 0.0000 0.0000 0.0001 0.0000 0.0000 0.0000 0.0000 -0.0013 -0.0008 0.0000 -0.0004 0.0001 0.0000 0.0000 0.0000 0.0000 0.0000 0.0000 0.0000 0.0002 0.0000 0.0000 -0.0006 0.0003 0.0000 0.0004 -0.0006 0.0000 0.0000 0.0001 0.0000 0.0000 0.0000 0.0000 -0.0010 -0.0002 0.0000 0.0002 30.0001 -0.0001 0.0005 -29.9998 0.0000 0.0000 0.0000 1.5722 2.7377 -0.0273 1.5722 2.7377 -0.0273 -58.1585 87.2434 49.5143 -76.5545 78.6450 -74.4901 3.3388 1.7927 -4.9098 0.0181 0.2989 0.3374 0.0000 -0.0001 0.0001 0.0000 0.0000 0.0000 0.0000 -0.0006 0.0003 0.0000 -0.0001 0.0001 0.0000 0.0000 0.0000 0.0000 0.0000 0.0000 0.0000 0.0007 0.0001 0.0000 -0.0012 0.0001 0.0000 -0.0008 0.0003 0.0000 0.0001 0.0000 0.0000 0.0000 0.0000 0.0000 -0.0009 0.0000 0.0000 0.0002 -29.9996 -0.0001 -0.0003 29.9996 0.0000 0.0000 0.0000 4.8270 -5.4203 -178.8479 -0.1293 -14.7311 0.0995 -15.1783 73.6537 -8.5693 0.0000 25.3510 0.0000 4.7266 -5.5276 -178.5567 0.0271 -13.4152 -0.0859 7.2157 73.5630 1.3977 0.0000 25.3508 -0.0001 
5.8773 96.0046 -16.9606 -4.1540 1.0220 -0.0620 1.0747 0.7655 0.5474 1.0748 0.7657 0.5475 1.0779 0.7679 0.5491 -256.5388 90.0000 0.0000 77.0094 78.5783 77.1366 -2.4864 1.0984 5.7104 -0.0182 0.3027 -0.3227 0.0000 0.0000 0.0001 0.0000 0.0000 0.0000 0.0000 -0.0013 -0.0008 0.0000 -0.0004 0.0001 0.0000 0.0000 0.0000 0.0000 0.0000 0.0000 0.0000 0.0002 0.0000 0.0000 -0.0006 0.0003 0.0000 0.0004 -0.0006 0.0000 0.0000 0.0001 0.0000 0.0000 0.0000 0.0000 -0.0010 -0.0002 0.0000 0.0002 30.0001 -0.0001 0.0005 -29.9998 0.0000 0.0000 0.0000 1.5451 2.6809 -0.0499 1.5451 2.6809 -0.0499 -57.8885 87.1950 49.8072 -75.9367 78.5343 -73.9433 3.2863 1.8567 -4.9387 0.0185 0.3015 0.3386 0.0000 -0.0001 0.0001 0.0000 0.0000 0.0000 0.0000 -0.0006 0.0003 0.0000 -0.0001 0.0001 0.0000 0.0000 0.0000 0.0000 0.0000 0.0000 0.0000 0.0007 0.0001 0.0000 -0.0012 0.0001 0.0000 -0.0008 0.0003 0.0000 0.0001 0.0000 0.0000 0.0000 0.0000 0.0000 -0.0009 0.0000 0.0000 0.0002 -29.9996 -0.0001 -0.0003 29.9996 0.0000 0.0000 0.0000 4.8617 -5.9540 -178.7355 -0.1412 -15.4691 0.1020 -15.7553 73.7387 -9.4047 0.0000 25.3510 0.0000 4.6526 -5.6301 -178.4334 0.0313 -13.4301 -0.0864 6.9014 73.5786 0.8252 0.0000 25.3508 -0.0001 
5.7512 95.9812 -17.0074 -3.8476 1.1208 -0.1043 1.0404 0.7977 0.6160 1.0406 0.7979 0.6161 1.0436 0.8001 0.6179 -256.5809 90.0000 0.0000 77.0916 78.5751 77.2543 -2.5674 1.1999 5.7809 -0.0186 0.3014 -0.3239 0.0000 0.0000 0.0001 0.0000 0.0000 0.0000 0.0000 -0.0013 -0.0008 0.0000 -0.0004 0.0001 0.0000 0.0000 0.0000 0.0000 0.0000 0.0000 0.0000 0.0002 0.0000 0.0000 -0.0006 0.0003 0.0000 0.0004 -0.0006 0.0000 0.0000 0.0001 0.0000 0.0000 0.0000 0.0000 -0.0010 -0.0002 0.0000 0.0002 30.0001 -0.0001 0.0005 -29.9998 0.0000 0.0000 0.0000 1.5096 2.6387 -0.0607 1.5096 2.6387 -0.0607 -57.8888 87.1637 49.8307 -75.2650 78.4220 -73.3473 3.2228 1.9129 -4.9693 0.0189 0.3050 0.3401 0.0000 -0.0001 0.0001 0.0000 0.0000 0.0000 0.0000 -0.0006 0.0003 0.0000 -0.0001 0.0001 0.0000 0.0000 0.0000 0.0000 0.0000 0.0000 0.0000 0.0007 0.0001 0.0000 -0.0012 0.0001 0.0000 -0.0008 0.0003 0.0000 0.0001 0.0000 0.0000 0.0000 0.0000 0.0000 -0.0009 0.0000 0.0000 0.0002 -29.9996 -0.0001 -0.0003 29.9996 0.0000 0.0000 0.0000 4.8824 -6.4911 -178.6287 -0.1530 -16.1666 0.1045 -16.2581 73.8327 -10.0951 0.0000 25.3510 0.0000 4.5372 -5.7554 -178.2929 0.0380 -13.4576 -0.0872 6.5313 73.5983 0.1975 0.0000 25.3508 -0.0001 
5.6607 95.9569 -17.0700 -3.5348 1.2133 -0.1500 1.0090 0.8272 0.6870 1.0092 0.8274 0.6871 1.0120 0.8297 0.6891 -256.6176 90.0000 0.0000 77.2276 78.5941 77.4244 -2.6374 1.2917 5.8486 -0.0189 0.3001 -0.3250 0.0000 0.0000 0.0001 0.0000 0.0000 0.0000 0.0000 -0.0013 -0.0008 0.0000 -0.0004 0.0001 0.0000 0.0000 0.0000 0.0000 0.0000 0.0000 0.0000 0.0002 0.0000 0.0000 -0.0006 0.0003 0.0000 0.0004 -0.0006 0.0000 0.0000 0.0001 0.0000 0.0000 0.0000 0.0000 -0.0010 -0.0002 0.0000 0.0002 30.0001 -0.0001 0.0005 -29.9998 0.0000 0.0000 0.0000 1.4684 2.6103 -0.0600 1.4684 2.6103 -0.0600 -58.0940 87.1419 49.6540 -74.5673 78.3168 -72.7226 3.1496 1.9621 -5.0024 0.0193 0.3083 0.3411 0.0000 -0.0001 0.0001 0.0000 0.0000 0.0000 0.0000 -0.0006 0.0003 0.0000 -0.0001 0.0001 0.0000 0.0000 0.0000 0.0000 0.0000 0.0000 0.0000 0.0007 0.0001 0.0000 -0.0012 0.0001 0.0000 -0.0008 0.0003 0.0000 0.0001 0.0000 0.0000 0.0000 0.0000 0.0000 -0.0009 0.0000 0.0000 0.0002 -29.9996 -0.0001 -0.0003 29.9996 0.0000 0.0000 0.0000 4.8964 -6.9301 -178.5638 -0.1656 -16.6660 0.1070 -16.5894 73.9142 -10.5190 0.0000 25.3510 0.0000 4.4108 -5.8843 -178.1716 0.0417 -13.4857 -0.0876 6.2399 73.6111 -0.3488 0.0000 25.3508 -0.0001 
5.6088 95.9381 -17.1389 -3.2237 1.2967 -0.1928 0.9822 0.8553 0.7573 0.9823 0.8555 0.7574 0.9851 0.8579 0.7596 -256.6493 90.0000 0.0000 77.4069 78.6353 77.6373 -2.6837 1.3739 5.9136 -0.0193 0.2988 -0.3262 0.0000 0.0000 0.0001 0.0000 0.0000 0.0000 0.0000 -0.0013 -0.0008 0.0000 -0.0004 0.0001 0.0000 0.0000 0.0000 0.0000 0.0000 0.0000 0.0000 0.0002 0.0000 0.0000 -0.0006 0.0003 0.0000 0.0004 -0.0006 0.0000 0.0000 0.0001 0.0000 0.0000 0.0000 0.0000 -0.0010 -0.0002 0.0000 0.0002 30.0001 -0.0001 0.0005 -29.9998 0.0000 0.0000 0.0000 1.4252 2.5935 -0.0458 1.4252 2.5935 -0.0458 -58.4818 87.1290 49.2961 -73.8384 78.2204 -72.0667 3.0726 2.0066 -5.0368 0.0197 0.3120 0.3423 0.0000 -0.0001 0.0001 0.0000 0.0000 0.0000 0.0000 -0.0006 0.0003 0.0000 -0.0001 0.0001 0.0000 0.0000 0.0000 0.0000 0.0000 0.0000 0.0000 0.0007 0.0001 0.0000 -0.0012 0.0001 0.0000 -0.0008 0.0003 0.0000 0.0001 0.0000 0.0000 0.0000 0.0000 0.0000 -0.0009 0.0000 0.0000 0.0002 -29.9996 -0.0001 -0.0003 29.9996 0.0000 0.0000 0.0000 4.8939 -7.2257 -178.5438 -0.1786 -16.9061 0.1093 -16.6938 73.9697 -10.5872 0.0000 25.3510 0.0000 4.2817 -5.9922 -178.0787 0.0428 -13.4837 -0.0878 6.0444 73.6064 -0.7881 0.0000 25.3508 -0.0001 
5.5997 95.9275 -17.2065 -2.9269 1.3587 -0.2280 0.9639 0.8861 0.8239 0.9641 0.8863 0.8240 0.9668 0.8888 0.8264 -256.6736 90.0000 0.0000 77.6291 78.6970 77.8956 -2.6930 1.4379 5.9692 -0.0195 0.2977 -0.3272 0.0000 0.0000 0.0001 0.0000 0.0000 0.0000 0.0000 -0.0013 -0.0008 0.0000 -0.0004 0.0001 0.0000 0.0000 0.0000 0.0000 0.0000 0.0000 0.0000 0.0002 0.0000 0.0000 -0.0006 0.0003 0.0000 0.0004 -0.0006 0.0000 0.0000 0.0001 0.0000 0.0000 0.0000 0.0000 -0.0010 -0.0002 0.0000 0.0003 30.0001 -0.0001 0.0005 -29.9998 0.0000 0.0000 0.0000 1.3760 2.5845 -0.0141 1.3760 2.5845 -0.0141 -59.0532 87.1333 48.7497 -73.0502 78.1451 -71.3618 2.9960 2.0428 -5.0687 0.0200 0.3151 0.3428 0.0000 -0.0001 0.0001 0.0000 0.0000 0.0000 0.0000 -0.0006 0.0003 0.0000 -0.0001 0.0001 0.0000 0.0000 0.0000 0.0000 0.0000 0.0000 0.0000 0.0007 0.0001 0.0000 -0.0012 0.0001 0.0000 -0.0008 0.0003 0.0000 0.0001 0.0000 0.0000 0.0000 0.0000 0.0000 -0.0009 0.0000 0.0000 0.0002 -29.9996 -0.0001 -0.0003 29.9996 0.0000 0.0000 0.0000 4.9632 -7.2535 -178.5833 -0.1925 -16.6798 0.1110 -16.3378 73.9759 -10.0221 0.0000 25.3510 0.0000 4.1449 -6.0495 -178.0230 0.0438 -13.4272 -0.0879 5.9600 73.5769 -1.0773 0.0000 25.3508 -0.0001 
5.6120 95.9273 -17.2725 -2.6546 1.3950 -0.2550 0.9562 0.9234 0.8860 0.9564 0.9237 0.8862 0.9591 0.9262 0.8887 -256.6975 90.0000 0.0000 77.8890 78.7475 78.1964 -2.6858 1.4865 6.0096 -0.0197 0.2967 -0.3281 0.0000 0.0000 0.0001 0.0000 0.0000 0.0000 0.0000 -0.0013 -0.0008 0.0000 -0.0004 0.0001 0.0000 0.0000 0.0000 0.0000 0.0000 0.0000 0.0000 0.0002 0.0000 0.0000 -0.0006 0.0003 0.0000 0.0004 -0.0006 0.0000 0.0000 0.0001 0.0000 0.0000 0.0000 0.0000 -0.0010 -0.0002 0.0000 0.0002 30.0001 -0.0001 0.0005 -29.9998 0.0000 0.0000 0.0000 1.3207 2.5799 0.0297 1.3207 2.5799 0.0297 -59.5439 87.1348 48.2911 -72.2832 78.0737 -70.6816 2.9255 2.0667 -5.0930 0.0204 0.3187 0.3440 0.0000 -0.0001 0.0001 0.0000 0.0000 0.0000 0.0000 -0.0006 0.0003 0.0000 -0.0001 0.0001 0.0000 0.0000 0.0000 0.0000 0.0000 0.0000 0.0000 0.0007 0.0001 0.0000 -0.0012 0.0001 0.0000 -0.0008 0.0003 0.0000 0.0001 0.0000 0.0000 0.0000 0.0000 0.0000 -0.0009 0.0000 0.0000 0.0002 -29.9996 -0.0001 -0.0003 29.9996 0.0000 0.0000 0.0000 5.2580 -7.1360 -178.6812 -0.2140 -16.2208 0.1133 -15.3749 73.9457 -8.7809 0.0000 25.3510 0.0000 4.0066 -6.0701 -177.9908 0.0454 -13.3502 -0.0880 5.9318 73.5369 -1.2745 0.0000 25.3508 -0.0001 
5.6381 95.9327 -17.3373 -2.4040 1.4093 -0.2724 0.9557 0.9647 0.9412 0.9559 0.9649 0.9414 0.9586 0.9676 0.9441 -256.7133 90.0000 0.0000 78.1407 78.7873 78.4866 -2.6615 1.5297 6.0402 -0.0199 0.2960 -0.3288 0.0000 0.0000 0.0001 0.0000 0.0000 0.0000 0.0000 -0.0013 -0.0008 0.0000 -0.0004 0.0001 0.0000 0.0000 0.0000 0.0000 0.0000 0.0000 0.0000 0.0003 0.0000 0.0000 -0.0006 0.0003 0.0000 0.0004 -0.0006 0.0000 0.0000 0.0001 0.0000 0.0000 0.0000 0.0000 -0.0010 -0.0002 0.0000 0.0002 30.0001 -0.0001 0.0005 -29.9998 0.0000 0.0000 0.0000 1.2628 2.5805 0.0845 1.2628 2.5805 0.0845 -59.9821 87.1397 47.8867 -71.5509 78.0069 -70.0389 2.8582 2.0746 -5.1103 0.0206 0.3217 0.3447 0.0000 -0.0001 0.0001 0.0000 0.0000 0.0000 0.0000 -0.0006 0.0003 0.0000 -0.0001 0.0001 0.0000 0.0000 0.0000 0.0000 0.0000 0.0000 0.0000 0.0007 0.0001 0.0000 -0.0012 0.0001 0.0000 -0.0008 0.0003 0.0000 0.0001 0.0000 0.0000 0.0000 0.0000 0.0000 -0.0009 0.0000 0.0000 0.0002 -29.9996 -0.0001 -0.0003 29.9996 0.0000 0.0000 0.0000 5.5340 -6.9859 -178.8503 -0.2515 -15.7561 0.1176 -14.2457 73.9575 -7.0921 0.0000 25.3510 0.0000 3.8697 -6.0584 -177.9785 0.0467 -13.2538 -0.0881 5.9339 73.4858 -1.4166 0.0000 25.3508 -0.0001 
5.6801 95.9477 -17.4057 -2.1781 1.4038 -0.2724 0.9612 1.0066 0.9829 0.9614 1.0069 0.9831 0.9641 1.0097 0.9859 -256.7126 90.0000 0.0000 78.3600 78.7996 78.7358 -2.6268 1.5689 6.0585 -0.0201 0.2962 -0.3297 0.0000 0.0000 0.0001 0.0000 0.0000 0.0000 0.0000 -0.0013 -0.0008 0.0000 -0.0004 0.0001 0.0000 0.0000 0.0000 0.0000 0.0000 0.0000 0.0000 0.0002 0.0000 0.0000 -0.0006 0.0003 0.0000 0.0004 -0.0006 0.0000 0.0000 0.0001 0.0000 0.0000 0.0000 0.0000 -0.0010 -0.0002 0.0000 0.0002 30.0001 -0.0001 0.0005 -29.9998 0.0000 0.0000 0.0000 1.2040 2.5841 0.1523 1.2040 2.5841 0.1523 -60.3552 87.1505 47.5449 -70.8849 77.9492 -69.4649 2.7941 2.0554 -5.1198 0.0207 0.3248 0.3457 0.0000 -0.0001 0.0001 0.0000 0.0000 0.0000 0.0000 -0.0006 0.0003 0.0000 -0.0001 0.0001 0.0000 0.0000 0.0000 0.0000 0.0000 0.0000 0.0000 0.0007 0.0001 0.0000 -0.0012 0.0001 0.0000 -0.0008 0.0003 0.0000 0.0001 0.0000 0.0000 0.0000 0.0000 0.0000 -0.0008 0.0000 0.0000 0.0002 -29.9996 -0.0001 -0.0003 29.9996 0.0000 0.0000 0.0000 5.8047 -6.9114 -179.0196 -0.2943 -15.6647 0.1233 -13.3660 74.2329 -5.3072 0.0000 25.3511 0.0000 3.7317 -6.0085 -177.9955 0.0477 -13.1160 -0.0882 5.9425 73.4065 -1.5193 0.0000 25.3508 -0.0001 
5.7362 95.9668 -17.4769 -1.9726 1.3933 -0.2628 0.9699 1.0446 1.0136 0.9702 1.0449 1.0138 0.9729 1.0478 1.0167 -256.6963 90.0000 0.0000 78.5434 78.7853 78.9362 -2.6062 1.6053 6.0669 -0.0202 0.2965 -0.3300 0.0000 0.0000 0.0001 0.0000 0.0000 0.0000 0.0000 -0.0013 -0.0008 0.0000 -0.0004 0.0001 0.0000 0.0000 0.0000 0.0000 0.0000 0.0000 0.0000 0.0002 0.0000 0.0000 -0.0006 0.0003 0.0000 0.0004 -0.0006 0.0000 0.0000 0.0001 0.0000 0.0000 0.0000 0.0000 -0.0010 -0.0002 0.0000 0.0002 30.0001 -0.0002 0.0005 -29.9998 0.0000 0.0000 0.0000 1.1457 2.5913 0.2268 1.1457 2.5913 0.2268 -60.6982 87.1664 47.2268 -70.2836 77.9023 -68.9539 2.7342 2.0166 -5.1257 0.0208 0.3281 0.3471 0.0000 -0.0001 0.0001 0.0000 0.0000 0.0000 0.0000 -0.0006 0.0003 0.0000 -0.0001 0.0001 0.0000 0.0000 0.0000 0.0000 0.0000 0.0000 0.0000 0.0007 0.0001 0.0000 -0.0012 0.0001 0.0000 -0.0008 0.0003 0.0000 0.0001 0.0000 0.0000 0.0000 0.0000 0.0000 -0.0008 0.0000 0.0000 0.0002 -29.9996 -0.0001 -0.0003 29.9996 0.0000 0.0000 0.0000 6.1524 -6.9176 -179.1342 -0.3331 -15.9460 0.1295 -12.7787 74.7362 -3.6792 0.0000 25.3510 0.0000 3.5874 -5.9368 -178.0319 0.0473 -12.9398 -0.0881 5.9321 73.3012 -1.6114 0.0000 25.3508 -0.0001 
5.8041 95.9864 -17.5425 -1.7819 1.3828 -0.2470 0.9814 1.0765 1.0349 0.9817 1.0768 1.0352 0.9844 1.0797 1.0381 -256.6705 90.0000 0.0000 78.6996 78.7515 79.0972 -2.5886 1.6414 6.0717 -0.0203 0.2968 -0.3297 0.0000 0.0000 0.0001 0.0000 0.0000 0.0000 0.0000 -0.0013 -0.0008 0.0000 -0.0004 0.0001 0.0000 0.0000 0.0000 0.0000 0.0000 0.0000 0.0000 0.0003 0.0000 0.0000 -0.0006 0.0003 0.0000 0.0004 -0.0006 0.0000 0.0000 0.0001 0.0000 0.0000 0.0000 0.0000 -0.0010 -0.0002 0.0000 0.0002 30.0001 -0.0001 0.0005 -29.9998 0.0000 0.0000 0.0000 1.0867 2.6069 0.3053 1.0867 2.6069 0.3053 -61.0452 87.1881 46.9035 -69.7464 77.8658 -68.5008 2.6812 1.9649 -5.1303 0.0208 0.3302 0.3474 0.0000 -0.0001 0.0001 0.0000 0.0000 0.0000 0.0000 -0.0006 0.0003 0.0000 -0.0001 0.0001 0.0000 0.0000 0.0000 0.0000 0.0000 0.0000 0.0000 0.0007 0.0001 0.0000 -0.0012 0.0001 0.0000 -0.0008 0.0003 0.0000 0.0001 0.0000 0.0000 0.0000 0.0000 0.0000 -0.0009 0.0000 0.0000 0.0002 -29.9996 -0.0001 -0.0003 29.9996 0.0000 0.0000 0.0000 6.5812 -6.9191 -179.1707 -0.3545 -16.3994 0.1339 -12.4329 75.3239 -2.2546 0.0000 25.3510 0.0000 3.4328 -5.8391 -178.0826 0.0446 -12.7182 -0.0877 5.9033 73.1732 -1.6970 0.0000 25.3508 -0.0001 
5.8776 96.0183 -17.5850 -1.6071 1.3819 -0.2259 0.9943 1.0940 1.0418 0.9946 1.0943 1.0421 0.9973 1.0973 1.0450 -256.6261 90.0000 0.0000 78.8393 78.7127 79.2188 -2.5641 1.6743 6.0754 -0.0205 0.2982 -0.3297 0.0000 0.0000 0.0001 0.0000 0.0000 0.0000 0.0000 -0.0013 -0.0008 0.0000 -0.0004 0.0001 0.0000 0.0000 0.0000 0.0000 0.0000 0.0000 0.0000 0.0002 0.0000 0.0000 -0.0006 0.0003 0.0000 0.0004 -0.0006 0.0000 0.0000 0.0001 0.0000 0.0000 0.0000 0.0000 -0.0010 -0.0002 0.0000 0.0002 30.0001 -0.0002 0.0005 -29.9998 0.0000 0.0000 0.0000 1.0289 2.6377 0.3868 1.0289 2.6377 0.3868 -61.4386 87.2209 46.5282 -69.2768 77.8514 -68.1032 2.6363 1.9024 -5.1385 0.0207 0.3324 0.3481 0.0000 -0.0001 0.0001 0.0000 0.0000 0.0000 0.0000 -0.0006 0.0003 0.0000 -0.0001 0.0001 0.0000 0.0000 0.0000 0.0000 0.0000 0.0000 0.0000 0.0007 0.0001 0.0000 -0.0012 0.0001 0.0000 -0.0008 0.0003 0.0000 0.0001 0.0000 0.0000 0.0000 0.0000 0.0000 -0.0009 0.0000 0.0000 0.0002 -29.9996 -0.0001 -0.0003 29.9996 0.0000 0.0000 0.0000 7.0705 -6.8717 -179.1949 -0.3664 -16.8027 0.1369 -12.1983 75.8412 -0.9744 0.0000 25.3510 0.0000 3.2475 -5.7123 -178.1436 0.0410 -12.4501 -0.0872 5.8249 73.0334 -1.7835 0.0000 25.3508 -0.0001 
5.9524 96.0498 -17.6042 -1.4343 1.3947 -0.2062 1.0060 1.0978 1.0390 1.0062 1.0981 1.0393 1.0090 1.1011 1.0422 -256.5773 90.0000 0.0000 78.9642 78.6777 79.3089 -2.5378 1.6955 6.0752 -0.0206 0.2992 -0.3288 0.0000 0.0000 0.0001 0.0000 0.0000 0.0000 0.0000 -0.0013 -0.0008 0.0000 -0.0004 0.0001 0.0000 0.0000 0.0000 0.0000 0.0000 0.0000 0.0000 0.0002 0.0000 0.0000 -0.0006 0.0003 0.0000 0.0004 -0.0006 0.0000 0.0000 0.0001 0.0000 0.0000 0.0000 0.0000 -0.0010 -0.0002 0.0000 0.0002 30.0001 -0.0002 0.0005 -29.9998 0.0000 0.0000 0.0000 0.9714 2.6772 0.4677 0.9714 2.6772 0.4677 -61.8530 87.2633 46.1344 -68.8545 77.8635 -67.7373 2.5987 1.8381 -5.1540 0.0206 0.3338 0.3485 0.0000 -0.0001 0.0001 0.0000 0.0000 0.0000 0.0000 -0.0006 0.0003 0.0000 -0.0001 0.0001 0.0000 0.0000 0.0000 0.0000 0.0000 0.0000 0.0000 0.0007 0.0001 0.0000 -0.0012 0.0001 0.0000 -0.0008 0.0003 0.0000 0.0001 0.0000 0.0000 0.0000 0.0000 0.0000 -0.0009 0.0000 0.0000 0.0002 -29.9996 -0.0001 -0.0003 29.9996 0.0000 0.0000 0.0000 7.5428 -6.7613 -179.2274 -0.3723 -17.0067 0.1385 -12.1358 76.2186 -0.0168 0.0000 25.3510 0.0000 3.0297 -5.5759 -178.2055 0.0398 -12.1671 -0.0870 5.7125 72.9015 -1.8635 0.0000 25.3508 -0.0001 
6.0430 96.0806 -17.6084 -1.2540 1.4202 -0.1903 1.0137 1.0894 1.0294 1.0139 1.0898 1.0297 1.0168 1.0927 1.0326 -256.5346 90.0000 0.0000 79.0471 78.6505 79.3456 -2.5122 1.7042 6.0701 -0.0207 0.3004 -0.3277 0.0000 0.0000 0.0001 0.0000 0.0000 0.0000 0.0000 -0.0013 -0.0008 0.0000 -0.0004 0.0001 0.0000 0.0000 0.0000 0.0000 0.0000 0.0000 0.0000 0.0002 0.0000 0.0000 -0.0006 0.0003 0.0000 0.0004 -0.0006 0.0000 0.0000 0.0001 0.0000 0.0000 0.0000 0.0000 -0.0010 -0.0002 0.0000 0.0002 30.0001 -0.0001 0.0005 -29.9998 0.0000 0.0000 0.0000 0.9136 2.7228 0.5464 0.9136 2.7228 0.5464 -62.2823 87.3098 45.7237 -68.4558 77.8923 -67.3852 2.5759 1.7809 -5.1732 0.0206 0.3349 0.3491 0.0000 -0.0001 0.0001 0.0000 0.0000 0.0000 0.0000 -0.0006 0.0003 0.0000 -0.0001 0.0001 0.0000 0.0000 0.0000 0.0000 0.0000 0.0000 0.0000 0.0007 0.0001 0.0000 -0.0012 0.0001 0.0000 -0.0008 0.0003 0.0000 0.0001 0.0000 0.0000 0.0000 0.0000 0.0000 -0.0009 0.0000 0.0000 0.0002 -29.9996 -0.0001 -0.0003 29.9996 0.0000 0.0000 0.0000 7.9576 -6.6142 -179.2729 -0.3763 -17.0408 0.1392 -12.3020 76.4767 0.5528 0.0000 25.3510 0.0000 2.7875 -5.4599 -178.2745 0.0396 -11.9221 -0.0869 5.6367 72.7979 -1.8814 0.0000 25.3508 -0.0001 
6.1787 96.0960 -17.5982 -1.0531 1.4585 -0.1857 1.0140 1.0639 1.0134 1.0142 1.0642 1.0136 1.0171 1.0671 1.0164 -256.4977 90.0000 0.0000 79.1232 78.6499 79.3610 -2.4844 1.6945 6.0578 -0.0207 0.3017 -0.3265 0.0000 0.0000 0.0001 0.0000 0.0000 0.0000 0.0000 -0.0013 -0.0008 0.0000 -0.0004 0.0001 0.0000 0.0000 0.0000 0.0000 0.0000 0.0000 0.0000 0.0002 0.0000 0.0000 -0.0006 0.0003 0.0000 0.0004 -0.0006 0.0000 0.0000 0.0001 0.0000 0.0000 0.0000 0.0000 -0.0010 -0.0002 0.0000 0.0002 30.0001 -0.0001 0.0005 -29.9998 0.0000 0.0000 0.0000 0.8530 2.7806 0.6200 0.8530 2.7806 0.6200 -62.7562 87.3635 45.2719 -68.0818 77.9446 -67.0431 2.5675 1.7355 -5.1971 0.0205 0.3346 0.3489 0.0000 -0.0001 0.0001 0.0000 0.0000 0.0000 0.0000 -0.0006 0.0003 0.0000 -0.0001 0.0001 0.0000 0.0000 0.0000 0.0000 0.0000 0.0000 0.0000 0.0007 0.0001 0.0000 -0.0012 0.0001 0.0000 -0.0008 0.0003 0.0000 0.0001 0.0000 0.0000 0.0000 0.0000 0.0000 -0.0009 0.0000 0.0000 0.0002 -29.9996 -0.0001 -0.0003 29.9996 0.0000 0.0000 0.0000 8.2018 -6.4141 -179.3211 -0.3756 -16.8310 0.1384 -12.9190 76.6021 0.4375 0.0000 25.3510 0.0000 2.5368 -5.3781 -178.3617 0.0400 -11.7428 -0.0868 5.7146 72.7337 -1.7375 0.0000 25.3508 -0.0001 
6.3644 96.1082 -17.5790 -0.8241 1.5038 -0.1997 1.0059 1.0247 0.9981 1.0061 1.0250 0.9984 1.0089 1.0278 1.0012 -256.4702 90.0000 0.0000 79.2046 78.6783 79.3708 -2.4546 1.6749 6.0426 -0.0206 0.3023 -0.3247 0.0000 0.0000 0.0001 0.0000 0.0000 0.0000 0.0000 -0.0013 -0.0008 0.0000 -0.0004 0.0001 0.0000 0.0000 0.0000 0.0000 0.0000 0.0000 0.0000 0.0002 0.0000 0.0000 -0.0006 0.0003 0.0000 0.0004 -0.0006 0.0000 0.0000 0.0001 0.0000 0.0000 0.0000 0.0000 -0.0010 -0.0002 0.0000 0.0002 30.0001 -0.0001 0.0005 -29.9998 0.0000 0.0000 0.0000 0.7886 2.8452 0.6851 0.7886 2.8452 0.6851 -63.3033 87.4177 44.7510 -67.7194 78.0117 -66.7006 2.5620 1.6941 -5.2231 0.0205 0.3345 0.3490 0.0000 -0.0001 0.0001 0.0000 0.0000 0.0000 0.0000 -0.0006 0.0003 0.0000 -0.0001 0.0001 0.0000 0.0000 0.0000 0.0000 0.0000 0.0000 0.0000 0.0007 0.0001 0.0000 -0.0012 0.0001 0.0000 -0.0008 0.0003 0.0000 0.0001 0.0000 0.0000 0.0000 0.0000 0.0000 -0.0009 0.0000 0.0000 0.0002 -29.9996 -0.0001 -0.0003 29.9996 0.0000 0.0000 0.0000 8.2212 -6.1714 -179.3385 -0.3645 -16.4208 0.1354 -14.1772 76.5886 -0.4588 0.0000 25.3511 0.0000 2.2991 -5.3131 -178.4619 0.0394 -11.5969 -0.0867 5.9825 72.6876 -1.4241 0.0000 25.3508 -0.0001 
6.5807 96.1183 -17.5502 -0.5625 1.5536 -0.2338 0.9879 0.9753 0.9857 0.9882 0.9756 0.9859 0.9909 0.9783 0.9887 -256.4532 90.0000 0.0000 79.2301 78.7280 79.3200 -2.4270 1.6544 6.0303 -0.0205 0.3032 -0.3233 0.0000 0.0000 0.0001 0.0000 0.0000 0.0000 0.0000 -0.0013 -0.0008 0.0000 -0.0004 0.0001 0.0000 0.0000 0.0000 0.0000 0.0000 0.0000 0.0000 0.0002 0.0000 0.0000 -0.0006 0.0003 0.0000 0.0004 -0.0006 0.0000 0.0000 0.0001 0.0000 0.0000 0.0000 0.0000 -0.0010 -0.0002 0.0000 0.0003 30.0001 -0.0001 0.0005 -29.9998 0.0000 0.0000 0.0000 0.7205 2.9116 0.7435 0.7205 2.9116 0.7435 249.6268 90.0000 0.0000 -67.3613 78.0921 -66.3517 2.5559 1.6532 -5.2474 0.0204 0.3346 0.3494 0.0000 -0.0001 0.0001 0.0000 0.0000 0.0000 0.0000 -0.0006 0.0003 0.0000 -0.0001 0.0001 0.0000 0.0000 0.0000 0.0000 0.0000 0.0000 0.0000 0.0007 0.0001 0.0000 -0.0012 0.0001 0.0000 -0.0008 0.0003 0.0000 0.0001 0.0000 0.0000 0.0000 0.0000 0.0000 -0.0009 0.0000 0.0000 0.0002 -29.9996 -0.0001 -0.0003 29.9996 0.0000 0.0000 0.0000 8.0231 -5.9018 -179.3192 -0.3407 -15.8504 0.1302 -15.8975 76.4424 -1.8950 0.0000 25.3511 0.0000 2.0790 -5.2413 -178.5609 0.0380 -11.4433 -0.0865 6.3969 72.6412 -0.9998 0.0000 25.3508 -0.0001 
6.8082 96.1238 -17.5059 -0.2426 1.6068 -0.2899 0.9539 0.9152 0.9751 0.9541 0.9154 0.9753 0.9568 0.9180 0.9781 -256.4527 90.0000 0.0000 79.1573 78.7882 79.1680 -2.4144 1.6427 6.0340 -0.0204 0.3031 -0.3210 0.0000 0.0000 0.0001 0.0000 0.0000 0.0000 0.0000 -0.0013 -0.0008 0.0000 -0.0004 0.0001 0.0000 0.0000 0.0000 0.0000 0.0000 0.0000 0.0000 0.0002 0.0000 0.0000 -0.0006 0.0003 0.0000 0.0004 -0.0006 0.0000 0.0000 0.0001 0.0000 0.0000 0.0000 0.0000 -0.0010 -0.0002 0.0000 0.0002 30.0001 -0.0001 0.0005 -29.9998 0.0000 0.0000 0.0000 0.6441 2.9716 0.7961 0.6441 2.9716 0.7961 249.6432 90.0000 0.0000 -66.9921 78.1890 -65.9779 2.5489 1.6136 -5.2615 0.0203 0.3341 0.3493 0.0000 -0.0001 0.0001 0.0000 0.0000 0.0000 0.0000 -0.0006 0.0003 0.0000 -0.0001 0.0001 0.0000 0.0000 0.0000 0.0000 0.0000 0.0000 0.0000 0.0007 0.0001 0.0000 -0.0012 0.0001 0.0000 -0.0008 0.0003 0.0000 0.0001 0.0000 0.0000 0.0000 0.0000 0.0000 -0.0009 0.0000 0.0000 0.0002 -29.9997 -0.0001 -0.0003 29.9996 0.0000 0.0000 0.0000 7.5307 -5.6132 -179.2800 -0.3033 -15.1272 0.1231 -17.7078 76.1801 -3.4908 0.0000 25.3510 0.0000 1.8935 -5.1418 -178.6430 0.0365 -11.2528 -0.0863 6.9873 72.5840 -0.4762 0.0000 25.3508 -0.0001 
7.0099 96.1259 -17.4455 0.1242 1.6512 -0.3582 0.9104 0.8553 0.9607 0.9105 0.8555 0.9609 0.9131 0.8579 0.9637 -256.4530 90.0000 0.0000 78.9856 78.8231 78.9225 -2.4206 1.6459 6.0576 -0.0205 0.3040 -0.3201 0.0000 0.0000 0.0001 0.0000 0.0000 0.0000 0.0000 -0.0013 -0.0008 0.0000 -0.0004 0.0001 0.0000 0.0000 0.0000 0.0000 0.0000 0.0000 0.0000 0.0002 0.0000 0.0000 -0.0006 0.0003 0.0000 0.0004 -0.0006 0.0000 0.0000 0.0001 0.0000 0.0000 0.0000 0.0000 -0.0010 -0.0002 0.0000 0.0002 30.0001 -0.0001 0.0005 -29.9998 0.0000 0.0000 0.0000 0.5580 3.0158 0.8456 0.5580 3.0158 0.8456 249.6678 90.0000 0.0000 -66.5978 78.3024 -65.5739 2.5379 1.5695 -5.2602 0.0202 0.3333 0.3490 0.0000 -0.0001 0.0001 0.0000 0.0000 0.0000 0.0000 -0.0006 0.0003 0.0000 -0.0001 0.0001 0.0000 0.0000 0.0000 0.0000 0.0000 0.0000 0.0000 0.0007 0.0001 0.0000 -0.0012 0.0001 0.0000 -0.0008 0.0003 0.0000 0.0001 0.0000 0.0000 0.0000 0.0000 0.0000 -0.0009 0.0000 0.0000 0.0002 -29.9996 -0.0001 -0.0003 29.9996 0.0000 0.0000 0.0000 7.3795 -5.2801 -179.3007 -0.2712 -14.3961 0.1171 -18.1942 75.9980 -4.2818 0.0000 25.3510 0.0000 1.7236 -5.0138 -178.6935 0.0383 -11.0507 -0.0864 7.6373 72.5303 0.0498 0.0000 25.3508 -0.0001 
7.1919 96.1236 -17.3730 0.5320 1.6838 -0.4306 0.8619 0.8001 0.9387 0.8620 0.8003 0.9389 0.8645 0.8025 0.9415 -256.4599 90.0000 0.0000 78.7372 78.8368 78.6157 -2.4414 1.6653 6.0956 -0.0208 0.3053 -0.3201 0.0000 0.0000 0.0001 0.0000 0.0000 0.0000 0.0000 -0.0013 -0.0008 0.0000 -0.0004 0.0001 0.0000 0.0000 0.0000 0.0000 0.0000 0.0000 0.0000 0.0002 0.0000 0.0000 -0.0006 0.0003 0.0000 0.0004 -0.0006 0.0000 0.0000 0.0001 0.0000 0.0000 0.0000 0.0000 -0.0010 -0.0002 0.0000 0.0002 30.0001 -0.0001 0.0005 -29.9998 0.0000 0.0000 0.0000 0.4594 3.0445 0.8973 0.4594 3.0445 0.8973 249.7032 90.0000 0.0000 -66.1641 78.4304 -65.1308 2.5191 1.5046 -5.2421 0.0199 0.3327 0.3490 0.0000 -0.0001 0.0001 0.0000 0.0000 0.0000 0.0000 -0.0006 0.0003 0.0000 -0.0001 0.0001 0.0000 0.0000 0.0000 0.0000 0.0000 0.0000 0.0000 0.0007 0.0001 0.0000 -0.0012 0.0001 0.0000 -0.0008 0.0003 0.0000 0.0001 0.0000 0.0000 0.0000 0.0000 0.0000 -0.0009 0.0000 0.0000 0.0002 -29.9996 -0.0001 -0.0003 29.9996 0.0000 0.0000 0.0000 7.3424 -4.9080 -179.3966 -0.2535 -13.7146 0.1133 -17.8731 75.8615 -4.4840 0.0000 25.3510 0.0000 1.5460 -4.8637 -178.7251 0.0401 -10.8515 -0.0865 8.3157 72.4852 0.5701 0.0000 25.3508 -0.0001 
7.3594 96.1185 -17.2873 0.9987 1.7016 -0.4800 0.8082 0.7547 0.8929 0.8084 0.7548 0.8930 0.8107 0.7570 0.8956 -256.4654 90.0000 0.0000 78.3611 78.8073 78.2102 -2.4804 1.7154 6.1639 -0.0211 0.3057 -0.3196 0.0000 0.0000 0.0001 0.0000 0.0000 0.0000 0.0000 -0.0013 -0.0008 0.0000 -0.0004 0.0001 0.0000 0.0000 0.0000 0.0000 0.0000 0.0000 0.0000 0.0002 0.0000 0.0000 -0.0006 0.0003 0.0000 0.0004 -0.0006 0.0000 0.0000 0.0001 0.0000 0.0000 0.0000 0.0000 -0.0010 -0.0002 0.0000 0.0002 30.0001 -0.0001 0.0005 -29.9998 0.0000 0.0000 0.0000 0.3398 3.0542 0.9653 0.3398 3.0542 0.9653 249.7625 90.0000 0.0000 -65.7539 78.5843 -64.7127 2.4980 1.4081 -5.1915 0.0194 0.3315 0.3490 0.0000 -0.0001 0.0001 0.0000 0.0000 0.0000 0.0000 -0.0006 0.0003 0.0000 -0.0001 0.0001 0.0000 0.0000 0.0000 0.0000 0.0000 0.0000 0.0000 0.0007 0.0001 0.0000 -0.0012 0.0001 0.0000 -0.0008 0.0003 0.0000 0.0001 0.0000 0.0000 0.0000 0.0000 0.0000 -0.0009 0.0000 0.0000 0.0002 -29.9996 -0.0001 -0.0003 29.9996 0.0000 0.0000 0.0000 7.0978 -4.5378 -179.5976 -0.2536 -13.1614 0.1120 -17.0846 75.7519 -4.0804 0.0000 25.3510 0.0000 1.3237 -4.6920 -178.7676 0.0372 -10.6698 -0.0862 9.0037 72.4546 1.0770 0.0000 25.3508 -0.0001 
7.5083 96.1158 -17.1980 1.5058 1.7129 -0.4878 0.7516 0.7140 0.8181 0.7517 0.7141 0.8182 0.7539 0.7162 0.8206 -256.4492 90.0000 0.0000 77.9269 78.7410 77.7654 -2.5285 1.7950 6.2867 -0.0218 0.3080 -0.3217 0.0000 0.0000 0.0001 0.0000 0.0000 0.0000 0.0000 -0.0013 -0.0008 0.0000 -0.0004 0.0001 0.0000 0.0000 0.0000 0.0000 0.0000 0.0000 0.0000 0.0002 0.0000 0.0000 -0.0006 0.0003 0.0000 0.0004 -0.0006 0.0000 0.0000 0.0001 0.0000 0.0000 0.0000 0.0000 -0.0010 -0.0002 0.0000 0.0002 30.0001 -0.0001 0.0005 -29.9998 0.0000 0.0000 0.0000 0.2074 3.0581 1.0514 0.2074 3.0581 1.0514 249.8448 90.0000 0.0000 -65.4953 78.7599 -64.4353 2.4846 1.2778 -5.1214 0.0187 0.3294 0.3482 0.0000 -0.0001 0.0001 0.0000 0.0000 0.0000 0.0000 -0.0006 0.0003 0.0000 -0.0001 0.0001 0.0000 0.0000 0.0000 0.0000 0.0000 0.0000 0.0000 0.0007 0.0001 0.0000 -0.0011 0.0001 0.0000 -0.0008 0.0003 0.0000 0.0001 0.0000 0.0000 0.0000 0.0000 0.0000 -0.0008 0.0000 0.0000 0.0002 -29.9996 -0.0001 -0.0003 29.9996 0.0000 0.0000 0.0000 6.7289 -4.2357 -179.8138 -0.2497 -12.6912 0.1106 -16.1790 75.5814 -3.4620 0.0000 25.3510 0.0000 1.0501 -4.5285 -178.8377 0.0332 -10.5324 -0.0858 9.6338 72.4432 1.5275 0.0000 25.3508 -0.0001 
7.6325 96.1182 -17.1062 2.0363 1.7188 -0.4619 0.6953 0.6754 0.7203 0.6954 0.6756 0.7203 0.6974 0.6775 0.7224 -256.4069 90.0000 0.0000 77.4770 78.6479 77.3014 -2.5745 1.9064 6.4846 -0.0227 0.3090 -0.3231 0.0000 0.0000 0.0001 0.0000 0.0000 0.0000 0.0000 -0.0013 -0.0008 0.0000 -0.0004 0.0001 0.0000 0.0000 0.0000 0.0000 0.0000 0.0000 0.0000 0.0002 0.0000 0.0000 -0.0006 0.0003 0.0000 0.0004 -0.0006 0.0000 0.0000 0.0001 0.0000 0.0000 0.0000 0.0000 -0.0010 -0.0002 0.0000 0.0002 30.0001 -0.0001 0.0005 -29.9998 0.0000 0.0000 0.0000 0.0681 3.0642 1.1479 0.0681 3.0642 1.1479 249.9424 90.0000 0.0000 -65.4347 78.9489 -64.3373 2.4968 1.1315 -5.0422 0.0180 0.3272 0.3476 0.0000 -0.0001 0.0001 0.0000 0.0000 0.0000 0.0000 -0.0006 0.0003 0.0000 -0.0001 0.0001 0.0000 0.0000 0.0000 0.0000 0.0000 0.0000 0.0000 0.0007 0.0001 0.0000 -0.0012 0.0001 0.0000 -0.0008 0.0003 0.0000 0.0001 0.0000 0.0000 0.0000 0.0000 0.0000 -0.0009 0.0000 0.0000 0.0002 -29.9996 -0.0001 -0.0003 29.9996 0.0000 0.0000 0.0000 6.2982 -3.9670 179.9694 -0.2424 -12.2547 0.1088 -15.2893 75.3564 -2.7844 0.0000 25.3510 0.0000 0.7298 -4.3958 -178.9234 0.0319 -10.4754 -0.0856 10.1835 72.4678 1.9137 0.0000 25.3508 -0.0001 
7.7504 96.1260 -17.0099 2.5764 1.7240 -0.3969 0.6467 0.6373 0.5974 0.6467 0.6374 0.5975 0.6486 0.6392 0.5993 -256.3288 90.0000 0.0000 77.0426 78.5575 76.8472 -2.5854 2.0729 6.8211 -0.0242 0.3109 -0.3266 0.0000 0.0000 0.0001 0.0000 0.0000 0.0000 0.0000 -0.0013 -0.0008 0.0000 -0.0004 0.0001 0.0000 0.0000 0.0000 0.0000 0.0000 0.0000 0.0000 0.0002 0.0000 0.0000 -0.0006 0.0003 0.0000 0.0004 -0.0006 0.0000 0.0000 0.0001 0.0000 0.0000 0.0000 0.0000 -0.0010 -0.0002 0.0000 0.0002 30.0001 -0.0001 0.0005 -29.9998 0.0000 0.0000 0.0000 -0.0783 3.0820 1.2519 -0.0783 3.0820 1.2519 250.0489 90.0000 0.0000 -65.7133 79.1382 -64.5449 2.5302 0.9597 -4.9719 0.0172 0.3248 0.3465 0.0000 -0.0001 0.0001 0.0000 0.0000 0.0000 0.0000 -0.0006 0.0003 0.0000 -0.0001 0.0001 0.0000 0.0000 0.0000 0.0000 0.0000 0.0000 0.0000 0.0007 0.0001 0.0000 -0.0011 0.0001 0.0000 -0.0008 0.0003 0.0000 0.0001 0.0000 0.0000 0.0000 0.0000 0.0000 -0.0009 0.0000 0.0000 0.0002 -29.9996 -0.0001 -0.0003 29.9996 0.0000 0.0000 0.0000 5.8485 -3.6658 179.7281 -0.2378 -11.8182 0.1074 -14.5492 75.0849 -2.1669 0.0000 25.3510 0.0000 0.3641 -4.3409 -179.0422 0.0341 -10.5824 -0.0859 10.6960 72.5642 2.2988 0.0000 25.3508 -0.0001 
7.9171 96.1328 -16.9058 3.1083 1.7358 -0.3088 0.6077 0.5986 0.4612 0.6078 0.5987 0.4613 0.6096 0.6005 0.4626 -256.2259 90.0000 0.0000 76.5884 78.4858 76.3773 -2.5440 2.2959 7.2787 -0.0262 0.3127 -0.3313 0.0000 0.0000 0.0001 0.0000 0.0000 0.0000 0.0000 -0.0013 -0.0008 0.0000 -0.0004 0.0001 0.0000 0.0000 0.0000 0.0000 0.0000 0.0000 0.0000 0.0002 0.0000 0.0000 -0.0006 0.0003 0.0000 0.0004 -0.0006 0.0000 0.0000 0.0001 0.0000 0.0000 0.0000 0.0000 -0.0010 -0.0002 0.0000 0.0003 30.0001 -0.0001 0.0005 -29.9998 0.0000 0.0000 0.0000 -0.2262 3.1082 1.3560 -0.2262 3.1082 1.3560 250.1574 90.0000 0.0000 -66.2782 79.3090 -65.0077 2.5891 0.8042 -4.9246 0.0164 0.3216 0.3449 0.0000 -0.0001 0.0001 0.0000 0.0000 0.0000 0.0000 -0.0006 0.0003 0.0000 -0.0001 0.0001 0.0000 0.0000 0.0000 0.0000 0.0000 0.0000 0.0000 0.0007 0.0001 0.0000 -0.0011 0.0001 0.0000 -0.0008 0.0003 0.0000 0.0001 0.0000 0.0000 0.0000 0.0000 0.0000 -0.0008 0.0000 0.0000 0.0002 -29.9996 -0.0001 -0.0003 29.9996 0.0000 0.0000 0.0000 5.4172 -3.3357 179.4447 -0.2390 -11.3887 0.1066 -13.7623 74.8520 -1.4593 0.0000 25.3511 0.0000 0.0066 -4.3599 -179.2162 0.0354 -10.8346 -0.0861 11.3738 72.7209 2.8644 0.0000 25.3508 -0.0001 
8.1416 96.1306 -16.7981 3.6257 1.7517 -0.2087 0.5768 0.5612 0.3182 0.5768 0.5613 0.3182 0.5785 0.5629 0.3192 -256.1084 90.0000 0.0000 76.0560 78.4241 75.8401 -2.4595 2.5776 7.8453 -0.0287 0.3141 -0.3369 0.0000 0.0000 0.0001 0.0000 0.0000 0.0000 0.0000 -0.0013 -0.0008 0.0000 -0.0004 0.0001 0.0000 0.0000 0.0000 0.0000 0.0000 0.0000 0.0000 0.0002 0.0000 0.0000 -0.0006 0.0003 0.0000 0.0004 -0.0006 0.0000 0.0000 0.0001 0.0000 0.0000 0.0000 0.0000 -0.0010 -0.0002 0.0000 0.0002 30.0001 -0.0001 0.0005 -29.9998 0.0000 0.0000 0.0000 -0.3704 3.1339 1.4536 -0.3704 3.1339 1.4536 250.2668 90.0000 0.0000 -67.0375 79.4489 -65.6487 2.6666 0.6871 -4.9029 0.0159 0.3187 0.3437 0.0000 -0.0001 0.0001 0.0000 0.0000 0.0000 0.0000 -0.0006 0.0003 0.0000 -0.0001 0.0001 0.0000 0.0000 0.0000 0.0000 0.0000 0.0000 0.0000 0.0007 0.0001 0.0000 -0.0012 0.0001 0.0000 -0.0008 0.0003 0.0000 0.0001 0.0000 0.0000 0.0000 0.0000 0.0000 -0.0009 0.0000 0.0000 0.0002 -29.9996 -0.0001 -0.0003 29.9996 0.0000 0.0000 0.0000 5.0046 -3.0156 179.1298 -0.2454 -11.0037 0.1064 -12.8716 74.6852 -0.6228 0.0000 25.3510 0.0000 -0.3142 -4.4380 -179.4421 0.0354 -11.2026 -0.0862 12.3062 72.9175 3.6828 0.0000 25.3508 -0.0001 
8.4292 96.1118 -16.6864 4.1013 1.7727 -0.1054 0.5585 0.5290 0.1744 0.5585 0.5291 0.1745 0.5601 0.5307 0.1750 -255.9856 90.0000 0.0000 75.3451 78.3719 75.1620 -2.3249 2.9528 8.5466 -0.0318 0.3150 -0.3443 0.0000 0.0000 0.0001 0.0000 0.0000 0.0000 0.0000 -0.0013 -0.0008 0.0000 -0.0004 0.0001 0.0000 0.0000 0.0000 0.0000 0.0000 0.0000 0.0000 0.0002 0.0000 0.0000 -0.0006 0.0003 0.0000 0.0004 -0.0006 0.0000 0.0000 0.0001 0.0000 0.0000 0.0000 0.0000 -0.0010 -0.0002 0.0000 0.0003 30.0001 -0.0001 0.0005 -29.9998 0.0000 0.0000 0.0000 -0.5009 3.1380 1.5311 -0.5009 3.1380 1.5311 250.3741 90.0000 0.0000 -67.8861 79.4954 -66.3922 2.7502 0.6460 -4.9225 0.0157 0.3157 0.3425 0.0000 -0.0001 0.0001 0.0000 0.0000 0.0000 0.0000 -0.0006 0.0003 0.0000 -0.0001 0.0001 0.0000 0.0000 0.0000 0.0000 0.0000 0.0000 0.0000 0.0007 0.0001 0.0000 -0.0012 0.0001 0.0000 -0.0008 0.0003 0.0000 0.0001 0.0000 0.0000 0.0000 0.0000 0.0000 -0.0009 0.0000 0.0000 0.0002 -29.9996 -0.0001 -0.0003 29.9996 0.0000 0.0000 0.0000 3.0737 -3.2521 -179.0471 -4.4293 -9.1376 -2.0956 -5.7339 72.5351 3.7318 0.0000 25.3510 0.0000 -0.5565 -4.6277 -179.7176 0.0358 -11.7866 -0.0864 13.6874 73.1832 4.9444 0.0000 25.3508 -0.0001 
8.7127 96.0749 -16.5129 4.5370 1.7904 -0.0042 0.5512 0.5093 0.0334 0.5512 0.5094 0.0334 0.5528 0.5109 0.0335 -255.8762 90.0000 0.0000 74.4905 78.3124 74.3982 -2.1783 3.4069 9.3238 -0.0356 0.3163 -0.3546 0.0000 0.0000 0.0001 0.0000 0.0000 0.0000 0.0000 -0.0013 -0.0008 0.0000 -0.0004 0.0001 0.0000 0.0000 0.0000 0.0000 0.0000 0.0000 0.0000 0.0002 0.0000 0.0000 -0.0006 0.0003 0.0000 0.0004 -0.0006 0.0000 0.0000 0.0001 0.0000 0.0000 0.0000 0.0000 -0.0010 -0.0002 0.0000 0.0002 30.0001 -0.0001 0.0005 -29.9998 0.0000 0.0000 0.0000 -0.6241 3.1043 1.5984 -0.6241 3.1043 1.5984 250.4803 90.0000 0.0000 -68.6689 79.4651 -67.1153 2.8048 0.6682 -4.9727 0.0158 0.3132 0.3420 0.0000 -0.0001 0.0001 0.0000 0.0000 0.0000 0.0000 -0.0006 0.0003 0.0000 -0.0001 0.0001 0.0000 0.0000 0.0000 0.0000 0.0000 0.0000 0.0000 0.0007 0.0001 0.0000 -0.0012 0.0001 0.0000 -0.0008 0.0003 0.0000 0.0001 0.0000 0.0000 0.0000 0.0000 0.0000 -0.0008 0.0000 0.0000 0.0002 -29.9996 -0.0001 -0.0003 29.9996 0.0000 0.0000 0.0000 2.9703 -3.2018 -179.2747 -3.9698 -8.8470 -2.1449 -5.3661 72.2881 4.2893 0.0000 25.3510 0.0000 -0.7279 -4.9074 -179.9898 0.0422 -12.6294 -0.0874 15.4904 73.5588 6.6162 0.0000 25.3508 -0.0001 
8.9616 96.0178 -16.2733 4.9522 1.7948 0.1037 0.5469 0.5059 -0.1083 0.5469 0.5059 -0.1083 0.5485 0.5074 -0.1086 -255.7832 90.0000 0.0000 73.5650 78.2426 73.6324 -2.0287 3.9119 10.1292 -0.0397 0.3165 -0.3660 0.0000 0.0000 0.0001 0.0000 0.0000 0.0000 0.0000 -0.0013 -0.0008 0.0000 -0.0004 0.0001 0.0000 0.0000 0.0000 0.0000 0.0000 0.0000 0.0000 0.0002 0.0000 0.0000 -0.0006 0.0003 0.0000 0.0004 -0.0006 0.0000 0.0000 0.0001 0.0000 0.0000 0.0000 0.0000 -0.0010 -0.0002 0.0000 0.0002 30.0001 -0.0001 0.0005 -29.9998 0.0000 0.0000 0.0000 -0.7404 3.0313 1.6583 -0.7404 3.0313 1.6583 250.5908 90.0000 0.0000 -69.3625 79.3802 -67.8016 2.8296 0.7390 -5.0441 0.0161 0.3113 0.3425 0.0000 -0.0001 0.0001 0.0000 0.0000 0.0000 0.0000 -0.0006 0.0003 0.0000 -0.0001 0.0001 0.0000 0.0000 0.0000 0.0000 0.0000 0.0000 0.0000 0.0007 0.0001 0.0000 -0.0012 0.0001 0.0000 -0.0008 0.0003 0.0000 0.0001 0.0000 0.0000 0.0000 0.0000 0.0000 -0.0009 0.0000 0.0000 0.0002 -29.9996 -0.0001 -0.0003 29.9996 0.0000 0.0000 0.0000 2.9251 -3.1997 -179.4949 -3.4986 -8.6697 -2.2015 -4.9829 72.1209 4.8250 0.0000 25.3510 0.0000 -0.8469 -5.2552 179.7545 0.0581 -13.7118 -0.0897 17.7030 74.0177 8.6771 0.0000 25.3508 -0.0001 
9.1339 95.9535 -15.9961 5.3553 1.7698 0.2407 0.5357 0.5297 -0.2578 0.5357 0.5298 -0.2578 0.5373 0.5313 -0.2585 -255.7052 90.0000 0.0000 72.6193 78.1480 72.9487 -1.8816 4.4389 10.9194 -0.0439 0.3163 -0.3798 0.0000 0.0000 0.0001 0.0000 0.0000 0.0000 0.0000 -0.0013 -0.0008 0.0000 -0.0004 0.0001 0.0000 0.0000 0.0000 0.0000 0.0000 0.0000 0.0000 0.0002 0.0000 0.0000 -0.0006 0.0003 0.0000 0.0004 -0.0006 0.0000 0.0000 0.0001 0.0000 0.0000 0.0000 0.0000 -0.0010 -0.0002 0.0000 0.0002 30.0001 -0.0001 0.0005 -29.9998 0.0000 0.0000 0.0000 -0.8416 2.9013 1.7061 -0.8416 2.9013 1.7061 250.7110 90.0000 0.0000 -69.9720 79.2409 -68.4942 2.8357 0.8799 -5.1314 0.0167 0.3099 0.3449 0.0000 -0.0001 0.0001 0.0000 0.0000 0.0000 0.0000 -0.0006 0.0003 0.0000 -0.0001 0.0001 0.0000 0.0000 0.0000 0.0000 0.0000 0.0000 0.0000 0.0007 0.0001 0.0000 -0.0012 0.0001 0.0000 -0.0008 0.0003 0.0000 0.0001 0.0000 0.0000 0.0000 0.0000 0.0000 -0.0009 0.0000 0.0000 0.0002 -29.9996 -0.0001 -0.0003 29.9996 0.0000 0.0000 0.0000 2.9541 -3.2475 -179.7353 -2.9709 -8.6325 -2.2894 -4.5574 72.0376 5.3898 0.0000 25.3510 0.0000 -0.9310 -5.7238 179.5189 0.0900 -15.1183 -0.0947 20.3625 74.4944 11.1506 0.0000 25.3508 -0.0001 
9.2614 95.9050 -15.7959 5.7517 1.7248 0.4095 0.5122 0.5734 -0.4149 0.5122 0.5735 -0.4149 0.5137 0.5752 -0.4162 -255.6340 90.0000 0.0000 71.7543 78.0161 72.4147 -1.7414 4.9507 11.6920 -0.0483 0.3164 -0.3959 0.0000 0.0000 0.0001 0.0000 0.0000 0.0000 0.0000 -0.0013 -0.0008 0.0000 -0.0004 0.0001 0.0000 0.0000 0.0000 0.0000 0.0000 0.0000 0.0000 0.0002 0.0000 0.0000 -0.0006 0.0003 0.0000 0.0004 -0.0006 0.0000 0.0000 0.0001 0.0000 0.0000 0.0000 0.0000 -0.0010 -0.0002 0.0000 0.0002 30.0001 -0.0001 0.0005 -29.9998 0.0000 0.0000 0.0000 -0.9269 2.7391 1.7468 -0.9269 2.7391 1.7468 250.8370 90.0000 0.0000 -70.5909 79.0780 -69.2641 2.7656 1.0444 -5.2642 0.0174 0.3078 0.3467 0.0000 -0.0001 0.0001 0.0000 0.0000 0.0000 0.0000 -0.0006 0.0003 0.0000 -0.0001 0.0001 0.0000 0.0000 0.0000 0.0000 0.0000 0.0000 0.0000 0.0007 0.0001 0.0000 -0.0011 0.0001 0.0000 -0.0008 0.0003 0.0000 0.0001 0.0000 0.0000 0.0000 0.0000 0.0000 -0.0009 0.0000 0.0000 0.0002 -29.9996 -0.0001 -0.0003 29.9996 0.0000 0.0000 0.0000 3.0218 -3.3079 179.9983 -2.3910 -8.6720 -2.4175 -4.0841 71.9998 6.0262 0.0000 25.3510 0.0000 -1.0692 -6.3304 179.2759 0.1304 -16.7031 -0.1019 23.1295 74.7932 13.7443 0.0000 25.3508 -0.0001 
9.3597 95.8930 -15.6966 6.1427 1.6557 0.5970 0.4799 0.6368 -0.5760 0.4799 0.6369 -0.5760 0.4813 0.6387 -0.5777 -255.5764 90.0000 0.0000 70.9933 77.8479 72.0361 -1.6010 5.4404 12.4479 -0.0529 0.3169 -0.4143 0.0000 0.0000 0.0001 0.0000 0.0000 0.0000 0.0000 -0.0013 -0.0008 0.0000 -0.0004 0.0001 0.0000 0.0000 0.0000 0.0000 0.0000 0.0000 0.0000 0.0002 0.0000 0.0000 -0.0006 0.0003 0.0000 0.0004 -0.0006 0.0000 0.0000 0.0001 0.0000 0.0000 0.0000 0.0000 -0.0010 -0.0002 0.0000 0.0002 30.0001 -0.0001 0.0005 -29.9998 0.0000 0.0000 0.0000 -1.0022 2.5603 1.7825 -1.0022 2.5603 1.7825 250.9580 90.0000 0.0000 -71.2739 78.9139 -70.1543 2.6289 1.2174 -5.4378 0.0184 0.3070 0.3508 0.0000 -0.0001 0.0001 0.0000 0.0000 0.0000 0.0000 -0.0006 0.0003 0.0000 -0.0001 0.0001 0.0000 0.0000 0.0000 0.0000 0.0000 0.0000 0.0000 0.0007 0.0001 0.0000 -0.0012 0.0001 0.0000 -0.0008 0.0003 0.0000 0.0001 0.0000 0.0000 0.0000 0.0000 0.0000 -0.0008 0.0000 0.0000 0.0002 -29.9996 -0.0001 -0.0003 29.9996 0.0000 0.0000 0.0000 3.0840 -3.3612 179.7245 -1.8227 -8.7686 -2.5673 -3.5912 71.9967 6.6824 0.0000 25.3510 0.0000 -1.6591 -7.0992 179.0166 0.1614 -18.4651 -0.1090 25.2932 74.9146 16.1023 0.0000 25.3508 -0.0001 
9.4555 95.9144 -15.6867 6.5231 1.5418 0.7932 0.4375 0.7303 -0.7334 0.4375 0.7304 -0.7335 0.4388 0.7325 -0.7356 -255.5486 90.0000 0.0000 70.3347 77.6261 71.8151 -1.4435 5.9021 13.1709 -0.0577 0.3181 -0.4349 0.0000 0.0000 0.0001 0.0000 0.0000 0.0000 0.0000 -0.0013 -0.0008 0.0000 -0.0004 0.0001 0.0000 0.0000 0.0000 0.0000 0.0000 0.0000 0.0000 0.0002 0.0000 0.0000 -0.0006 0.0003 0.0000 0.0004 -0.0006 0.0000 0.0000 0.0001 0.0000 0.0000 0.0000 0.0000 -0.0010 -0.0002 0.0000 0.0002 30.0001 -0.0001 0.0005 -29.9998 0.0000 0.0000 0.0000 -1.0653 2.3782 1.8027 -1.0653 2.3782 1.8027 251.0707 90.0000 0.0000 -72.1213 78.7844 -71.2659 2.3723 1.3866 -5.6795 0.0196 0.3067 0.3565 0.0000 -0.0001 0.0001 0.0000 0.0000 0.0000 0.0000 -0.0006 0.0003 0.0000 -0.0001 0.0001 0.0000 0.0000 0.0000 0.0000 0.0000 0.0000 0.0000 0.0007 0.0001 0.0000 -0.0011 0.0001 0.0000 -0.0008 0.0003 0.0000 0.0001 0.0000 0.0000 0.0000 0.0000 0.0000 -0.0009 0.0000 0.0000 0.0002 -29.9996 -0.0001 -0.0003 29.9996 0.0000 0.0000 0.0000 3.0782 -3.3876 179.4563 -1.3804 -8.9270 -2.7061 -3.1138 72.0256 7.2765 0.0000 25.3511 0.0000 -2.4576 -8.0375 178.7528 0.1771 -20.4369 -0.1147 27.0699 74.7752 18.1367 0.0000 25.3508 -0.0001 
9.5517 95.9298 -15.6830 6.8687 1.3969 0.9728 0.3963 0.8411 -0.8777 0.3963 0.8413 -0.8778 0.3974 0.8437 -0.8803 -255.5466 90.0000 0.0000 69.7597 77.3866 71.7307 -1.2259 6.3211 13.8325 -0.0625 0.3201 -0.4569 0.0000 0.0000 0.0001 0.0000 0.0000 0.0000 0.0000 -0.0013 -0.0008 0.0000 -0.0004 0.0001 0.0000 0.0000 0.0000 0.0000 0.0000 0.0000 0.0000 0.0002 0.0000 0.0000 -0.0006 0.0003 0.0000 0.0004 -0.0006 0.0000 0.0000 0.0001 0.0000 0.0000 0.0000 0.0000 -0.0010 -0.0002 0.0000 0.0002 30.0001 -0.0001 0.0005 -29.9998 0.0000 0.0000 0.0000 -1.1198 2.2138 1.8066 -1.1198 2.2138 1.8066 251.1646 90.0000 0.0000 -73.0760 78.6554 -72.5172 2.0564 1.5402 -5.9405 0.0207 0.3063 0.3628 0.0000 -0.0001 0.0001 0.0000 0.0000 0.0000 0.0000 -0.0006 0.0003 0.0000 -0.0001 0.0001 0.0000 0.0000 0.0000 0.0000 0.0000 0.0000 0.0000 0.0007 0.0001 0.0000 -0.0011 0.0001 0.0000 -0.0008 0.0003 0.0000 0.0001 0.0000 0.0000 0.0000 0.0000 0.0000 -0.0009 0.0000 0.0000 0.0002 -29.9996 -0.0001 -0.0003 29.9996 0.0000 0.0000 0.0000 3.0109 -3.3873 179.2049 -1.0682 -9.1065 -2.8457 -2.5905 72.0614 7.8890 0.0000 25.3510 0.0000 -3.3039 -8.9700 178.5268 0.1809 -22.4632 -0.1187 28.8703 74.5178 20.1201 0.0000 25.3508 -0.0001 
9.6583 95.9360 -15.6617 7.1654 1.2366 1.1182 0.3628 0.9578 -1.0029 0.3628 0.9580 -1.0030 0.3638 0.9608 -1.0058 -255.5628 90.0000 0.0000 69.3012 77.1176 71.7965 -0.9640 6.7044 14.4658 -0.0674 0.3227 -0.4800 0.0000 0.0000 0.0001 0.0000 0.0000 0.0000 0.0000 -0.0013 -0.0008 0.0000 -0.0004 0.0001 0.0000 0.0000 0.0000 0.0000 0.0000 0.0000 0.0000 0.0002 0.0000 0.0000 -0.0006 0.0003 0.0000 0.0004 -0.0006 0.0000 0.0000 0.0001 0.0000 0.0000 0.0000 0.0000 -0.0010 -0.0002 0.0000 0.0002 30.0001 -0.0001 0.0005 -29.9998 0.0000 0.0000 0.0000 -1.1672 2.0767 1.8000 -1.1672 2.0767 1.8000 -38.8344 87.4314 68.2898 -74.1096 78.5117 -73.8723 1.6602 1.6814 -6.2343 0.0221 0.3068 0.3703 0.0000 -0.0001 0.0001 0.0000 0.0000 0.0000 0.0000 -0.0006 0.0003 0.0000 -0.0001 0.0001 0.0000 0.0000 0.0000 0.0000 0.0000 0.0000 0.0000 0.0007 0.0001 0.0000 -0.0012 0.0001 0.0000 -0.0008 0.0003 0.0000 0.0001 0.0000 0.0000 0.0000 0.0000 0.0000 -0.0009 0.0000 0.0000 0.0002 -29.9996 -0.0001 -0.0003 29.9996 0.0000 0.0000 0.0000 2.8934 -3.3793 178.9841 -0.8598 -9.3009 -2.9830 -2.0508 72.0989 8.5176 0.0000 25.3510 0.0000 -4.1768 -9.8091 178.3637 0.1820 -24.3947 -0.1221 30.5107 74.2069 21.8693 0.0000 25.3508 -0.0001 
9.8153 95.9198 -15.6579 7.3821 1.0611 1.1859 0.3445 1.0698 -1.0889 0.3446 1.0700 -1.0891 0.3455 1.0731 -1.0921 -255.5987 90.0000 0.0000 69.0424 76.8186 72.1035 -0.6368 7.0409 15.0770 -0.0725 0.3270 -0.5051 0.0000 0.0000 0.0001 0.0000 0.0000 0.0000 0.0000 -0.0013 -0.0008 0.0000 -0.0004 0.0001 0.0000 0.0000 0.0000 0.0000 0.0000 0.0000 0.0000 0.0002 0.0000 0.0000 -0.0006 0.0003 0.0000 0.0004 -0.0006 0.0000 0.0000 0.0001 0.0000 0.0000 0.0000 0.0000 -0.0010 -0.0002 0.0000 0.0002 30.0001 -0.0001 0.0005 -29.9998 0.0000 0.0000 0.0000 -1.2034 1.9918 1.7805 -1.2034 1.9918 1.7805 -36.8733 87.2693 70.1947 -75.2251 78.3129 -75.3562 1.2369 1.8184 -6.5102 0.0234 0.3080 0.3781 0.0000 -0.0001 0.0001 0.0000 0.0000 0.0000 0.0000 -0.0006 0.0003 0.0000 -0.0001 0.0001 0.0000 0.0000 0.0000 0.0000 0.0000 0.0000 0.0000 0.0007 0.0001 0.0000 -0.0011 0.0001 0.0000 -0.0008 0.0003 0.0000 0.0001 0.0000 0.0000 0.0000 0.0000 0.0000 -0.0009 0.0000 0.0000 0.0002 -29.9996 -0.0001 -0.0003 29.9996 0.0000 0.0000 0.0000 2.7040 -3.3541 178.8382 -0.8118 -9.4973 -3.0858 -1.5746 72.1394 9.0732 0.0000 25.3510 0.0000 -5.0925 -10.4748 178.3034 0.1962 -26.0339 -0.1281 31.4125 73.9702 22.8678 0.0000 25.3508 -0.0001 
10.0201 95.9245 -15.6957 7.5316 0.8762 1.1644 0.3395 1.1691 -1.1341 0.3395 1.1694 -1.1343 0.3405 1.1727 -1.1375 -255.6402 90.0000 0.0000 68.9741 76.5159 72.6166 -0.2608 7.3464 15.6755 -0.0778 0.3317 -0.5308 0.0000 0.0000 0.0001 0.0000 0.0000 0.0000 0.0000 -0.0013 -0.0008 0.0000 -0.0004 0.0001 0.0000 0.0000 0.0000 0.0000 0.0000 0.0000 0.0000 0.0002 0.0000 0.0000 -0.0006 0.0003 0.0000 0.0004 -0.0006 0.0000 0.0000 0.0001 0.0000 0.0000 0.0000 0.0000 -0.0010 -0.0002 0.0000 0.0002 30.0001 -0.0001 0.0005 -29.9998 0.0000 0.0000 0.0000 -1.2295 1.9490 1.7456 -1.2295 1.9490 1.7456 -35.4581 87.1115 71.5716 -76.2906 78.0481 -76.8224 0.7418 1.9676 -6.8308 0.0250 0.3107 0.3866 0.0000 -0.0001 0.0001 0.0000 0.0000 0.0000 0.0000 -0.0006 0.0003 0.0000 -0.0001 0.0001 0.0000 0.0000 0.0000 0.0000 0.0000 0.0000 0.0000 0.0007 0.0001 0.0000 -0.0011 0.0001 0.0000 -0.0008 0.0003 0.0000 0.0001 0.0000 0.0000 0.0000 0.0000 0.0000 -0.0009 0.0000 0.0000 0.0002 -29.9996 -0.0001 -0.0003 29.9996 0.0000 0.0000 0.0000 2.4901 -3.2971 178.7656 -0.8604 -9.6650 -3.1447 -1.1501 72.1744 9.5723 0.0000 25.3510 0.0000 -5.9480 -11.0844 178.2875 0.1855 -27.3788 -0.1279 31.9189 73.7618 23.4365 0.0000 25.3508 -0.0001 
10.2518 95.9420 -15.7531 7.6261 0.6941 1.0672 0.3438 1.2527 -1.1466 0.3438 1.2530 -1.1468 0.3448 1.2565 -1.1500 -255.6793 90.0000 0.0000 69.1001 76.2207 73.3320 0.1250 7.5980 16.2107 -0.0829 0.3366 -0.5569 0.0000 0.0000 0.0001 0.0000 0.0000 0.0000 0.0000 -0.0013 -0.0008 0.0000 -0.0004 0.0001 0.0000 0.0000 0.0000 0.0000 0.0000 0.0000 0.0000 0.0002 0.0000 0.0000 -0.0006 0.0003 0.0000 0.0004 -0.0006 0.0000 0.0000 0.0001 0.0000 0.0000 0.0000 0.0000 -0.0010 -0.0002 0.0000 0.0002 30.0001 -0.0001 0.0005 -29.9998 0.0000 0.0000 0.0000 -1.2460 1.9386 1.6993 -1.2460 1.9386 1.6993 -34.3476 86.9671 72.6591 -77.2566 77.7292 -78.2140 0.2377 2.1289 -7.1460 0.0268 0.3140 0.3953 0.0000 -0.0001 0.0001 0.0000 0.0000 0.0000 0.0000 -0.0006 0.0003 0.0000 -0.0001 0.0001 0.0000 0.0000 0.0000 0.0000 0.0000 0.0000 0.0000 0.0007 0.0001 0.0000 -0.0012 0.0001 0.0000 -0.0008 0.0003 0.0000 0.0001 0.0000 0.0000 0.0000 0.0000 0.0000 -0.0009 0.0000 0.0000 0.0002 -29.9996 -0.0001 -0.0003 29.9996 0.0000 0.0000 0.0000 2.2826 -3.2086 178.7425 -0.9414 -9.7840 -3.1653 -0.7563 72.1943 10.0631 0.0000 25.3510 0.0000 -6.6829 -11.6633 178.3051 0.1489 -28.4405 -0.1205 32.2555 73.6033 23.7769 0.0000 25.3508 -0.0001 
10.4543 95.9983 -15.7718 7.6614 0.5246 0.8831 0.3530 1.3117 -1.1243 0.3531 1.3121 -1.1246 0.3541 1.3157 -1.1277 -255.6965 90.0000 0.0000 69.5506 75.9368 74.3739 0.5483 7.7940 16.7500 -0.0881 0.3420 -0.5852 0.0000 0.0000 0.0001 0.0000 0.0000 0.0000 0.0000 -0.0013 -0.0008 0.0000 -0.0004 0.0001 0.0000 0.0000 0.0000 0.0000 0.0000 0.0000 0.0000 0.0002 0.0000 0.0000 -0.0006 0.0003 0.0000 0.0004 -0.0006 0.0000 0.0000 0.0001 0.0000 0.0000 0.0000 0.0000 -0.0010 -0.0002 0.0000 0.0002 30.0001 -0.0001 0.0005 -29.9998 0.0000 0.0000 0.0000 -1.2474 1.9648 1.6547 -1.2474 1.9648 1.6547 -33.6114 86.8575 73.3863 -78.0824 77.3364 -79.5175 -0.3184 2.3223 -7.4909 0.0288 0.3186 0.4047 0.0000 -0.0001 0.0001 0.0000 0.0000 0.0000 0.0000 -0.0006 0.0003 0.0000 -0.0001 0.0001 0.0000 0.0000 0.0000 0.0000 0.0000 0.0000 0.0000 0.0007 0.0001 0.0000 -0.0012 0.0001 0.0000 -0.0008 0.0003 0.0000 0.0001 0.0000 0.0000 0.0000 0.0000 0.0000 -0.0009 0.0000 0.0000 0.0002 -29.9996 -0.0001 -0.0003 29.9996 0.0000 0.0000 0.0000 2.1250 -3.0721 178.7632 -0.9855 -9.8130 -3.1268 -0.4219 72.1823 10.5527 0.0000 25.3510 0.0000 -7.1967 -12.1430 178.3802 0.1138 -29.0144 -0.1122 32.3014 73.5699 23.7760 0.0000 25.3508 -0.0001 
10.6257 96.0663 -15.7382 7.6719 0.3678 0.6587 0.3578 1.3523 -1.0874 0.3578 1.3527 -1.0876 0.3588 1.3564 -1.0906 -255.6970 90.0000 0.0000 70.2132 75.6475 75.6241 0.9780 7.9778 17.3185 -0.0936 0.3470 -0.6148 0.0000 0.0000 0.0001 0.0000 0.0000 0.0000 0.0000 -0.0013 -0.0008 0.0000 -0.0004 0.0001 0.0000 0.0000 0.0000 0.0000 0.0000 0.0000 0.0000 0.0002 0.0000 0.0000 -0.0006 0.0003 0.0000 0.0004 -0.0006 0.0000 0.0000 0.0001 0.0000 0.0000 0.0000 0.0000 -0.0010 -0.0002 0.0000 0.0002 30.0001 -0.0001 0.0005 -29.9998 0.0000 0.0000 0.0000 -1.2370 2.0081 1.6229 -1.2370 2.0081 1.6229 -33.0116 86.7881 73.9817 -78.7901 76.8953 -80.7586 -0.9116 2.5362 -7.8593 0.0311 0.3235 0.4141 0.0000 -0.0001 0.0001 0.0000 0.0000 0.0000 0.0000 -0.0006 0.0003 0.0000 -0.0001 0.0001 0.0000 0.0000 0.0000 0.0000 0.0000 0.0000 0.0000 0.0007 0.0001 0.0000 -0.0011 0.0001 0.0000 -0.0008 0.0003 0.0000 0.0001 0.0000 0.0000 0.0000 0.0000 0.0000 -0.0009 0.0000 0.0000 0.0002 -29.9996 -0.0001 -0.0003 29.9996 0.0000 0.0000 0.0000 2.0279 -2.8860 178.8071 -0.9857 -9.7655 -3.0284 -0.1874 72.1529 10.9488 0.0000 25.3510 0.0000 -7.5416 -12.4682 178.5201 0.1216 -29.1280 -0.1143 31.8049 73.6193 23.2684 0.0000 25.3508 -0.0001 
10.7842 96.1379 -15.6718 7.6641 0.2231 0.4109 0.3569 1.3788 -1.0421 0.3570 1.3792 -1.0423 0.3579 1.3830 -1.0452 -255.6835 90.0000 0.0000 70.9991 75.3484 76.9964 1.4009 8.1746 17.9101 -0.0996 0.3523 -0.6476 0.0000 0.0000 0.0001 0.0000 0.0000 0.0000 0.0000 -0.0013 -0.0008 0.0000 -0.0004 0.0001 0.0000 0.0000 0.0000 0.0000 0.0000 0.0000 0.0000 0.0002 0.0000 0.0000 -0.0006 0.0003 0.0000 0.0004 -0.0006 0.0000 0.0000 0.0001 0.0000 0.0000 0.0000 0.0000 -0.0010 -0.0002 0.0000 0.0002 30.0001 -0.0002 0.0005 -29.9998 0.0000 0.0000 0.0000 -1.2182 2.0562 1.6028 -1.2182 2.0562 1.6028 -32.2936 86.7499 74.6977 -79.4213 76.4337 -81.9656 -1.5586 2.7516 -8.2584 0.0336 0.3291 0.4245 0.0000 -0.0001 0.0001 0.0000 0.0000 0.0000 0.0000 -0.0006 0.0003 0.0000 -0.0001 0.0001 0.0000 0.0000 0.0000 0.0000 0.0000 0.0000 0.0000 0.0007 0.0001 0.0000 -0.0012 0.0001 0.0000 -0.0008 0.0003 0.0000 0.0001 0.0000 0.0000 0.0000 0.0000 0.0000 -0.0009 0.0000 0.0000 0.0002 -29.9996 -0.0001 -0.0003 29.9996 0.0000 0.0000 0.0000 2.0021 -2.6593 178.8692 -0.9482 -9.6543 -2.8948 -0.0006 72.1117 11.2769 0.0000 25.3510 0.0000 -7.6739 -12.6955 178.6754 0.1427 -28.8581 -0.1194 31.4316 73.6364 22.9014 0.0000 25.3508 -0.0001 
10.9337 96.1800 -15.5838 7.6308 0.1041 0.1568 0.3481 1.3892 -0.9945 0.3481 1.3896 -0.9947 0.3491 1.3934 -0.9975 21.9493 87.3355 -81.3826 71.8900 75.0096 78.4635 1.7890 8.4216 18.5367 -0.1063 0.3570 -0.6832 0.0000 0.0000 0.0001 0.0000 0.0000 0.0000 0.0000 -0.0013 -0.0008 0.0000 -0.0004 0.0001 0.0000 0.0000 0.0000 0.0000 0.0000 0.0000 0.0000 0.0002 0.0000 0.0000 -0.0006 0.0003 0.0000 0.0004 -0.0006 0.0000 0.0000 0.0001 0.0000 0.0000 0.0000 0.0000 -0.0010 -0.0002 0.0000 0.0002 30.0001 -0.0001 0.0005 -29.9998 0.0000 0.0000 0.0000 -1.1923 2.0947 1.5994 -1.1923 2.0947 1.5994 -31.2001 86.7361 75.7881 -80.0501 75.9697 -83.2146 -2.2818 2.9494 -8.6851 0.0362 0.3351 0.4361 0.0000 -0.0001 0.0001 0.0000 0.0000 0.0000 0.0000 -0.0006 0.0003 0.0000 -0.0001 0.0001 0.0000 0.0000 0.0000 0.0000 0.0000 0.0000 0.0000 0.0007 0.0001 0.0000 -0.0011 0.0001 0.0000 -0.0008 0.0003 0.0000 0.0001 0.0000 0.0000 0.0000 0.0000 0.0000 -0.0008 0.0000 0.0000 0.0002 -29.9996 -0.0001 -0.0003 29.9996 0.0000 0.0000 0.0000 2.0710 -2.4092 178.9380 -0.8687 -9.4737 -2.7338 0.1513 72.0544 11.5327 0.0000 25.3510 0.0000 -7.4233 -12.8596 178.7877 0.1601 -28.1381 -0.1229 31.6404 73.5018 23.0876 0.0000 25.3508 -0.0001 
11.0667 96.2059 -15.5068 7.5758 0.0008 -0.0777 0.3361 1.3905 -0.9550 0.3362 1.3909 -0.9552 0.3371 1.3947 -0.9579 21.6138 87.1254 -81.6911 72.8415 74.6209 80.0127 2.1801 8.6977 19.2262 -0.1142 0.3627 -0.7239 0.0000 0.0000 0.0001 0.0000 0.0000 0.0000 0.0000 -0.0013 -0.0008 0.0000 -0.0004 0.0001 0.0000 0.0000 0.0000 0.0000 0.0000 0.0000 0.0000 0.0002 0.0000 0.0000 -0.0006 0.0003 0.0000 0.0004 -0.0006 0.0000 0.0000 0.0001 0.0000 0.0000 0.0000 0.0000 -0.0010 -0.0002 0.0000 0.0002 30.0001 -0.0001 0.0005 -29.9998 0.0000 0.0000 0.0000 -1.1680 2.1225 1.6205 -1.1680 2.1225 1.6205 -29.8613 86.7362 77.1216 -80.7281 75.5192 -84.5439 -3.0340 3.1253 -9.1056 0.0389 0.3410 0.4487 0.0000 -0.0001 0.0001 0.0000 0.0000 0.0000 0.0000 -0.0007 0.0003 0.0000 -0.0001 0.0001 0.0000 0.0000 0.0000 0.0000 0.0000 0.0000 0.0000 0.0007 0.0001 0.0000 -0.0012 0.0001 0.0000 -0.0008 0.0003 0.0000 0.0001 0.0000 0.0000 0.0000 0.0000 0.0000 -0.0009 0.0000 0.0000 0.0002 -29.9997 -0.0001 -0.0003 29.9996 0.0000 0.0000 0.0000 2.1746 -2.1729 178.9950 -0.7766 -9.2736 -2.5795 0.2986 71.9857 11.7796 0.0000 25.3510 0.0000 -6.8947 -13.0141 178.8320 0.1692 -27.1446 -0.1236 32.1459 73.2165 23.6249 0.0000 25.3508 -0.0001 
11.1799 96.2160 -15.4557 7.4916 -0.0932 -0.2971 0.3262 1.3867 -0.9204 0.3263 1.3871 -0.9206 0.3272 1.3909 -0.9231 21.5597 86.9210 -81.7102 73.8387 74.1690 81.6605 2.5893 8.9729 19.9733 -0.1232 0.3695 -0.7700 0.0000 0.0000 0.0001 0.0000 0.0000 0.0000 0.0000 -0.0013 -0.0008 0.0000 -0.0004 0.0001 0.0000 0.0000 0.0000 0.0000 0.0000 0.0000 0.0000 0.0003 0.0000 0.0000 -0.0006 0.0003 0.0000 0.0004 -0.0006 0.0000 0.0000 0.0001 0.0000 0.0000 0.0000 0.0000 -0.0010 -0.0002 0.0000 0.0003 30.0001 -0.0001 0.0005 -29.9998 0.0000 0.0000 0.0000 -1.1478 2.1424 1.6547 -1.1478 2.1424 1.6547 -28.4386 86.7386 78.5325 -81.4659 75.0836 -85.9622 -3.8278 3.2898 -9.5306 0.0416 0.3466 0.4622 0.0000 -0.0001 0.0001 0.0000 0.0000 0.0000 0.0000 -0.0006 0.0003 0.0000 -0.0001 0.0001 0.0000 0.0000 0.0000 0.0000 0.0000 0.0000 0.0000 0.0007 0.0001 0.0000 -0.0012 0.0001 0.0000 -0.0008 0.0003 0.0000 0.0001 0.0000 0.0000 0.0000 0.0000 0.0000 -0.0009 0.0000 0.0000 0.0002 -29.9996 -0.0001 -0.0003 29.9996 0.0000 0.0000 0.0000 2.2796 -1.9627 179.0480 -0.6964 -9.0815 -2.4406 0.4383 71.9124 12.0331 0.0000 25.3510 0.0000 -6.1461 -13.1501 178.8318 0.1738 -25.9601 -0.1228 32.7056 72.7990 24.2593 0.0000 25.3508 -0.0001 
11.2663 96.2286 -15.4482 7.3492 -0.1790 -0.4992 0.3259 1.3798 -0.8886 0.3259 1.3802 -0.8887 0.3268 1.3840 -0.8912 21.6684 86.7286 -81.5594 74.8612 73.6232 83.4202 3.0214 9.2232 20.7677 -0.1335 0.3785 -0.8229 0.0000 0.0000 0.0001 0.0000 0.0000 0.0000 0.0000 -0.0013 -0.0008 0.0000 -0.0004 0.0001 0.0000 0.0000 0.0000 0.0000 0.0000 0.0000 0.0000 0.0002 0.0000 0.0000 -0.0006 0.0003 0.0000 0.0004 -0.0006 0.0000 0.0000 0.0001 0.0000 0.0000 0.0000 0.0000 -0.0010 -0.0002 0.0000 0.0002 30.0001 -0.0001 0.0005 -29.9998 0.0000 0.0000 0.0000 -1.1340 2.1527 1.6895 -1.1340 2.1527 1.6895 -27.0705 86.7296 79.8831 -82.3588 74.6681 -87.5756 -4.6790 3.4297 -9.9388 0.0444 0.3531 0.4783 0.0000 -0.0001 0.0001 0.0000 0.0000 0.0000 0.0000 -0.0006 0.0003 0.0000 -0.0001 0.0001 0.0000 0.0000 0.0000 0.0000 0.0000 0.0000 0.0000 0.0007 0.0001 0.0000 -0.0012 0.0001 0.0000 -0.0008 0.0003 0.0000 0.0001 0.0000 0.0000 0.0000 0.0000 0.0000 -0.0009 0.0000 0.0000 0.0002 -29.9996 -0.0001 -0.0003 29.9996 0.0000 0.0000 0.0000 2.3384 -1.8052 179.0931 -0.7004 -8.9407 -2.3099 0.5525 71.8476 12.2818 0.0000 25.3510 0.0000 -5.0827 -13.2369 178.7993 0.1733 -24.5860 -0.1205 33.3194 72.2961 24.9839 0.0000 25.3508 -0.0001 
11.3446 96.2354 -15.4580 7.1549 -0.2696 -0.6899 0.3345 1.3767 -0.8552 0.3346 1.3770 -0.8554 0.3355 1.3809 -0.8578 21.7787 86.5477 -81.4047 75.8304 73.0395 85.1701 3.5160 9.4514 21.6412 -0.1452 0.3895 -0.8820 0.0000 0.0000 0.0001 0.0000 0.0000 0.0000 0.0000 -0.0013 -0.0008 0.0000 -0.0004 0.0001 0.0000 0.0000 0.0000 0.0000 0.0000 0.0000 0.0000 0.0003 -0.0001 0.0000 -0.0006 0.0003 0.0000 0.0004 -0.0006 0.0000 0.0000 0.0001 0.0000 0.0000 0.0000 0.0000 -0.0010 -0.0002 0.0000 0.0002 30.0001 -0.0001 0.0005 -29.9998 0.0000 0.0000 0.0000 -1.1221 2.1539 1.7140 -1.1221 2.1539 1.7140 -25.8082 86.6968 81.1204 -83.3709 74.2314 -89.3347 -5.5510 3.5404 -10.3337 0.0472 0.3598 0.4957 0.0000 -0.0001 0.0001 0.0000 0.0000 0.0000 0.0000 -0.0006 0.0003 0.0000 -0.0001 0.0001 0.0000 0.0000 0.0000 0.0000 0.0000 0.0000 0.0000 0.0007 0.0001 0.0000 -0.0012 0.0001 0.0000 -0.0008 0.0003 0.0000 0.0001 0.0000 0.0000 0.0000 0.0000 0.0000 -0.0009 0.0000 0.0000 0.0002 -29.9996 -0.0001 -0.0003 29.9996 0.0000 0.0000 0.0000 2.3161 -1.6751 179.1272 -0.8369 -8.8537 -2.1681 0.6451 71.8018 12.5074 0.0000 25.3510 0.0000 -3.8440 -13.2732 178.7466 0.1584 -23.1541 -0.1152 33.6731 71.7298 25.4446 0.0000 25.3508 -0.0001 
11.4235 96.2403 -15.4602 6.9176 -0.3697 -0.8630 0.3491 1.3782 -0.8223 0.3492 1.3785 -0.8225 0.3501 1.3824 -0.8248 21.8218 86.3833 -81.3199 76.7796 72.3975 86.9955 4.0203 9.6508 22.5203 -0.1581 0.4022 -0.9484 0.0000 0.0000 0.0001 0.0000 0.0000 0.0000 0.0000 -0.0013 -0.0008 0.0000 -0.0004 0.0001 0.0000 0.0000 0.0000 0.0000 0.0000 0.0000 0.0000 0.0003 0.0000 0.0000 -0.0006 0.0003 0.0000 0.0004 -0.0006 0.0000 0.0000 0.0001 0.0000 0.0000 0.0000 0.0000 -0.0010 -0.0002 0.0000 0.0003 30.0001 -0.0001 0.0005 -29.9998 0.0000 0.0000 0.0000 -1.1085 2.1509 1.7293 -1.1085 2.1509 1.7293 -24.6628 86.6441 82.2240 -84.4205 73.7499 -91.1561 -6.4138 3.6365 -10.7311 0.0503 0.3680 0.5166 0.0000 -0.0001 0.0001 0.0000 0.0000 0.0000 0.0000 -0.0006 0.0003 0.0000 -0.0001 0.0001 0.0000 0.0000 0.0000 0.0000 0.0000 0.0000 0.0000 0.0007 0.0001 0.0000 -0.0012 0.0001 0.0000 -0.0008 0.0003 0.0000 0.0001 0.0000 0.0000 0.0000 0.0000 0.0000 -0.0009 0.0000 0.0000 0.0002 -29.9997 -0.0001 -0.0003 29.9996 0.0000 0.0000 0.0000 2.2198 -1.5465 179.1493 -1.0894 -8.7985 -2.0235 0.7211 71.7747 12.7121 0.0000 25.3510 0.0000 -2.5944 -13.2550 178.6697 0.1314 -21.7209 -0.1079 33.6694 71.1276 25.6232 0.0000 25.3508 -0.0001 
11.5049 96.2296 -15.4194 6.6257 -0.4823 -1.0034 0.3747 1.3851 -0.7923 0.3748 1.3855 -0.7924 0.3758 1.3894 -0.7947 21.8006 86.2588 -81.3054 77.6593 71.7474 88.8241 4.6099 9.8374 23.4666 -0.1725 0.4165 -1.0216 0.0000 0.0000 0.0001 0.0000 0.0000 0.0000 0.0000 -0.0013 -0.0008 0.0000 -0.0004 0.0001 0.0000 0.0000 0.0000 0.0000 0.0000 0.0000 0.0000 0.0002 0.0000 0.0000 -0.0006 0.0003 0.0000 0.0004 -0.0006 0.0000 0.0000 0.0001 0.0000 0.0000 0.0000 0.0000 -0.0010 -0.0002 0.0000 0.0002 30.0001 -0.0001 0.0005 -29.9998 0.0000 0.0000 0.0000 -1.0956 2.1473 1.7327 -1.0956 2.1473 1.7327 -23.7327 86.5713 83.1008 -85.4919 73.1838 -93.0307 -7.2145 3.7304 -11.1399 0.0536 0.3767 0.5398 0.0000 -0.0001 0.0001 0.0000 0.0000 0.0000 0.0000 -0.0006 0.0003 0.0000 -0.0001 0.0001 0.0000 0.0000 0.0000 0.0000 0.0000 0.0000 0.0000 0.0007 0.0001 0.0000 -0.0012 0.0001 0.0000 -0.0008 0.0003 0.0000 0.0001 0.0000 0.0000 0.0000 0.0000 0.0000 -0.0009 0.0000 0.0000 0.0002 -29.9996 -0.0001 -0.0003 29.9996 0.0000 0.0000 0.0000 2.0628 -1.3914 179.1509 -1.4502 -8.7553 -1.8850 0.7706 71.7733 12.8855 0.0000 25.3510 0.0000 -1.4389 -13.1904 178.5600 0.0909 -20.3685 -0.0991 33.2496 70.5372 25.5283 0.0000 25.3508 -0.0001 
11.5851 96.2124 -15.3422 6.3126 -0.6012 -1.1207 0.4045 1.3928 -0.7636 0.4046 1.3931 -0.7637 0.4057 1.3970 -0.7659 21.7690 86.1567 -81.2960 78.5237 71.1047 90.6802 5.2502 10.0028 24.4504 -0.1884 0.4321 -1.1010 0.0000 0.0000 0.0001 0.0000 0.0000 0.0000 0.0000 -0.0013 -0.0008 0.0000 -0.0004 0.0001 0.0000 0.0000 0.0000 0.0000 0.0000 0.0000 0.0000 0.0002 0.0000 0.0000 -0.0006 0.0003 0.0000 0.0004 -0.0006 0.0000 0.0000 0.0001 0.0000 0.0000 0.0000 0.0000 -0.0010 -0.0002 0.0000 0.0002 30.0001 -0.0001 0.0005 -29.9998 0.0000 0.0000 0.0000 -1.0830 2.1467 1.7259 -1.0830 2.1467 1.7259 -23.0286 86.4977 83.7473 -86.5405 72.5419 -94.9116 -7.9302 3.8229 -11.5522 0.0572 0.3863 0.5665 0.0000 -0.0001 0.0001 0.0000 0.0000 0.0000 0.0000 -0.0006 0.0003 0.0000 -0.0001 0.0001 0.0000 0.0000 0.0000 0.0000 0.0000 0.0000 0.0000 0.0007 0.0001 0.0000 -0.0011 0.0001 0.0000 -0.0008 0.0003 0.0000 0.0001 0.0000 0.0000 0.0000 0.0000 0.0000 -0.0009 0.0000 0.0000 0.0002 -29.9996 -0.0001 -0.0003 29.9996 0.0000 0.0000 0.0000 1.8658 -1.2047 179.1381 -1.8732 -8.7064 -1.7522 0.7993 71.7951 13.0228 0.0000 25.3510 0.0000 -0.5045 -13.1163 178.4412 0.0461 -19.1440 -0.0905 32.6122 70.0330 25.4085 0.0000 25.3508 -0.0001 
11.6636 96.1898 -15.2491 5.9979 -0.7220 -1.2168 0.4336 1.3981 -0.7366 0.4337 1.3985 -0.7368 0.4349 1.4024 -0.7388 21.7710 86.0726 -81.2471 79.3989 70.4654 92.5873 5.9201 10.1349 25.4492 -0.2054 0.4492 -1.1865 0.0000 0.0000 0.0001 0.0000 0.0000 0.0000 0.0000 -0.0013 -0.0008 0.0000 -0.0004 0.0001 0.0000 0.0000 0.0000 0.0000 0.0000 0.0000 0.0000 0.0002 0.0000 0.0000 -0.0006 0.0003 0.0000 0.0004 -0.0006 0.0000 0.0000 0.0001 0.0000 0.0000 0.0000 0.0000 -0.0010 -0.0002 0.0000 0.0002 30.0001 -0.0001 0.0005 -29.9998 0.0000 0.0000 0.0000 -1.0709 2.1500 1.7129 -1.0709 2.1500 1.7129 -22.5073 86.4342 84.2011 -87.5602 71.8469 -96.7882 -8.5798 3.8999 -11.9698 0.0610 0.3961 0.5955 0.0000 -0.0001 0.0001 0.0000 0.0000 0.0000 0.0000 -0.0006 0.0003 0.0000 -0.0001 0.0001 0.0000 0.0000 0.0000 0.0000 0.0000 0.0000 0.0000 0.0007 0.0001 0.0000 -0.0012 0.0001 0.0000 -0.0008 0.0003 0.0000 0.0001 0.0000 0.0000 0.0000 0.0000 0.0000 -0.0008 0.0000 0.0000 0.0002 -29.9996 -0.0001 -0.0003 29.9996 0.0000 0.0000 0.0000 1.6347 -0.9931 179.1227 -2.3347 -8.6517 -1.6379 0.8150 71.8386 13.1276 0.0000 25.3510 0.0000 0.2087 -13.0342 178.3256 0.0029 -18.0421 -0.0832 31.7898 69.6259 25.2761 0.0000 25.3508 -0.0001 
11.7315 96.1742 -15.1514 5.7052 -0.8344 -1.2773 0.4556 1.3950 -0.7152 0.4557 1.3953 -0.7153 0.4570 1.3993 -0.7173 21.9104 86.0085 -81.0526 80.2865 69.8200 94.5539 6.6196 10.2287 26.4591 -0.2238 0.4684 -1.2777 0.0000 0.0000 0.0001 0.0000 0.0000 0.0000 0.0000 -0.0013 -0.0008 0.0000 -0.0004 0.0001 0.0000 0.0000 0.0000 0.0000 0.0000 0.0000 0.0000 0.0002 0.0000 0.0000 -0.0006 0.0003 0.0000 0.0004 -0.0006 0.0000 0.0000 0.0001 0.0000 0.0000 0.0000 0.0000 -0.0010 -0.0002 0.0000 0.0002 30.0001 -0.0001 0.0005 -29.9998 0.0000 0.0000 0.0000 -1.0621 2.1642 1.6985 -1.0621 2.1642 1.6985 -22.0147 86.3828 84.6227 -88.5736 71.1082 -98.6686 -9.1803 3.9366 -12.4021 0.0650 0.4067 0.6279 0.0000 -0.0001 0.0001 0.0000 0.0000 0.0000 0.0000 -0.0006 0.0003 0.0000 -0.0001 0.0001 0.0000 0.0000 0.0000 0.0000 0.0000 0.0000 0.0000 0.0007 0.0001 0.0000 -0.0012 0.0001 0.0000 -0.0008 0.0003 0.0000 0.0001 0.0000 0.0000 0.0000 0.0000 0.0000 -0.0008 0.0000 0.0000 0.0002 -29.9997 -0.0001 -0.0003 29.9996 0.0000 0.0000 0.0000 1.3900 -0.7690 179.1219 -2.7796 -8.5953 -1.5874 0.8289 71.9072 13.2125 0.0000 25.3510 0.0000 0.7077 -12.9354 178.2302 -0.0268 -17.0915 -0.0787 30.7712 69.3247 25.0673 0.0000 25.3508 -0.0001 
11.7788 96.1558 -15.0567 5.4478 -0.9321 -1.3131 0.4706 1.3825 -0.6984 0.4707 1.3829 -0.6985 0.4720 1.3868 -0.7005 22.2069 85.9503 -80.6922 81.2205 69.1621 96.6025 7.3463 10.2450 27.4461 -0.2428 0.4905 -1.3729 0.0000 0.0000 0.0001 0.0000 0.0000 0.0000 0.0000 -0.0013 -0.0008 0.0000 -0.0004 0.0001 0.0000 0.0000 0.0000 0.0000 0.0000 0.0000 0.0000 0.0003 0.0000 0.0000 -0.0006 0.0003 0.0000 0.0004 -0.0006 0.0000 0.0000 0.0001 0.0000 0.0000 0.0000 0.0000 -0.0010 -0.0002 0.0000 0.0002 30.0001 -0.0001 0.0005 -29.9998 0.0000 0.0000 0.0000 -1.0610 2.1874 1.6871 -1.0610 2.1874 1.6871 -21.4646 86.3344 85.1095 -89.5870 70.3805 -100.5335 -9.7878 3.9350 -12.8392 0.0690 0.4174 0.6619 0.0000 -0.0001 0.0001 0.0000 0.0000 0.0000 0.0000 -0.0006 0.0003 0.0000 -0.0001 0.0001 0.0000 0.0000 0.0000 0.0000 0.0000 0.0000 0.0000 0.0007 0.0001 0.0000 -0.0012 0.0001 0.0000 -0.0008 0.0003 0.0000 0.0001 0.0000 0.0000 0.0000 0.0000 0.0000 -0.0009 0.0000 0.0000 0.0002 -29.9997 -0.0001 -0.0003 29.9996 0.0000 0.0000 0.0000 1.1689 -0.5636 179.1277 -3.1551 -8.5521 -1.5855 0.8458 71.9887 13.3000 0.0000 25.3510 0.0000 1.0535 -12.8260 178.1383 -0.0527 -16.2381 -0.0752 29.4948 69.1162 24.6786 0.0000 25.3508 -0.0001 
11.8055 96.1315 -14.9641 5.2282 -1.0192 -1.3322 0.4780 1.3639 -0.6847 0.4781 1.3642 -0.6848 0.4794 1.3681 -0.6867 22.6233 85.8909 -80.2025 82.2299 68.5188 98.7225 8.1373 10.1567 28.4310 -0.2621 0.5160 -1.4701 0.0000 0.0000 0.0001 0.0000 0.0000 0.0000 0.0000 -0.0013 -0.0008 0.0000 -0.0004 0.0001 0.0000 0.0000 0.0000 0.0000 0.0000 0.0000 0.0000 0.0003 -0.0001 0.0000 -0.0006 0.0003 0.0000 0.0004 -0.0006 0.0000 0.0000 0.0001 0.0000 0.0000 0.0000 0.0000 -0.0010 -0.0002 0.0000 0.0002 30.0001 -0.0001 0.0005 -29.9998 0.0000 0.0000 0.0000 -1.0666 2.2137 1.6781 -1.0666 2.2137 1.6781 -20.8988 86.2876 85.6167 -90.5681 69.6951 -102.3191 -10.4311 3.9105 -13.3098 0.0731 0.4284 0.6973 0.0000 -0.0001 0.0001 0.0000 0.0000 0.0000 0.0000 -0.0006 0.0003 0.0000 -0.0001 0.0001 0.0000 0.0000 0.0000 0.0000 0.0000 0.0000 0.0000 0.0007 0.0001 0.0000 -0.0011 0.0001 0.0000 -0.0008 0.0003 0.0000 0.0001 0.0000 0.0000 0.0000 0.0000 0.0000 -0.0008 0.0000 0.0000 0.0002 -29.9996 -0.0001 -0.0003 29.9996 0.0000 0.0000 0.0000 0.9631 -0.3727 179.1278 -3.4774 -8.5231 -1.6029 0.8626 72.0815 13.3834 0.0000 25.3511 0.0000 1.2876 -12.7111 178.0443 -0.0772 -15.4636 -0.0722 27.8084 68.9342 23.9230 0.0000 25.3508 -0.0001 
11.8236 96.1016 -14.8727 5.0652 -1.0984 -1.3321 0.4711 1.3419 -0.6734 0.4711 1.3422 -0.6735 0.4724 1.3460 -0.6754 23.1592 85.8220 -79.5816 83.3759 67.8107 101.0407 8.9108 9.9182 29.3237 -0.2808 0.5463 -1.5705 0.0000 0.0000 0.0001 0.0000 0.0000 0.0000 0.0000 -0.0013 -0.0008 0.0000 -0.0004 0.0001 0.0000 0.0000 0.0000 0.0000 0.0000 0.0000 0.0000 0.0002 0.0000 0.0000 -0.0006 0.0003 0.0000 0.0004 -0.0006 0.0000 0.0000 0.0001 0.0000 0.0000 0.0000 0.0000 -0.0010 -0.0002 0.0000 0.0002 30.0001 -0.0001 0.0005 -29.9998 0.0000 0.0000 0.0000 -1.0764 2.2352 1.6708 -1.0764 2.2352 1.6708 -20.3864 86.2431 86.0677 -91.6099 69.0444 -104.1551 -11.1027 3.8244 -13.7666 0.0770 0.4401 0.7346 0.0000 -0.0001 0.0001 0.0000 0.0000 0.0000 0.0000 -0.0006 0.0003 0.0000 -0.0001 0.0001 0.0000 0.0000 0.0000 0.0000 0.0000 0.0000 0.0000 0.0007 0.0001 0.0000 -0.0012 0.0001 0.0000 -0.0008 0.0003 0.0000 0.0001 0.0000 0.0000 0.0000 0.0000 0.0000 -0.0009 0.0000 0.0000 0.0002 -29.9996 -0.0001 -0.0003 29.9996 0.0000 0.0000 0.0000 0.7880 -0.1829 179.1198 -3.7368 -8.5062 -1.6284 0.8788 72.1910 13.4395 0.0000 25.3510 0.0000 1.5850 -12.5850 177.9247 -0.1011 -14.8111 -0.0696 25.8010 68.6543 22.6746 0.0000 25.3508 -0.0001 
11.8519 96.0705 -14.7623 4.9367 -1.1754 -1.3194 0.4540 1.3201 -0.6605 0.4541 1.3204 -0.6607 0.4554 1.3242 -0.6625 23.7454 85.7435 -78.9019 84.5189 67.0885 103.3368 9.6838 9.6309 30.1758 -0.2994 0.5793 -1.6696 0.0000 0.0000 0.0001 0.0000 0.0000 0.0000 0.0000 -0.0013 -0.0008 0.0000 -0.0004 0.0001 0.0000 0.0000 0.0000 0.0000 0.0000 0.0000 0.0000 0.0002 0.0000 0.0000 -0.0006 0.0003 0.0000 0.0004 -0.0006 0.0000 0.0000 0.0001 0.0000 0.0000 0.0000 0.0000 -0.0010 -0.0002 0.0000 0.0002 30.0001 -0.0001 0.0005 -29.9998 0.0000 0.0000 0.0000 -1.0850 2.2466 1.6594 -1.0850 2.2466 1.6594 -19.9435 86.1903 86.4490 -92.6192 68.3848 -105.9463 -11.7642 3.7084 -14.2252 0.0810 0.4527 0.7740 0.0000 -0.0001 0.0001 0.0000 0.0000 0.0000 0.0000 -0.0006 0.0003 0.0000 -0.0001 0.0001 0.0000 0.0000 0.0000 0.0000 0.0000 0.0000 0.0000 0.0007 0.0001 0.0000 -0.0012 0.0001 0.0000 -0.0008 0.0003 0.0000 0.0001 0.0000 0.0000 0.0000 0.0000 0.0000 -0.0008 0.0000 0.0000 0.0002 -29.9997 -0.0001 -0.0003 29.9996 0.0000 0.0000 0.0000 0.6732 0.0197 179.0995 -3.9429 -8.4859 -1.6453 0.9009 72.3096 13.4629 0.0000 25.3510 0.0000 1.9431 -12.4481 177.7995 -0.1189 -14.2591 -0.0678 23.8103 68.2847 21.2858 0.0000 25.3508 -0.0001 
11.8862 96.0440 -14.6238 4.8301 -1.2524 -1.3010 0.4301 1.2987 -0.6435 0.4302 1.2990 -0.6436 0.4314 1.3027 -0.6454 24.3809 85.6635 -78.1675 85.6504 66.3351 105.6107 10.4165 9.3150 30.9694 -0.3175 0.6140 -1.7659 0.0000 0.0000 0.0001 0.0000 0.0000 0.0000 0.0000 -0.0013 -0.0008 0.0000 -0.0004 0.0001 0.0000 0.0000 0.0000 0.0000 0.0000 0.0000 0.0000 0.0003 0.0000 0.0000 -0.0006 0.0003 0.0000 0.0004 -0.0006 0.0000 0.0000 0.0001 0.0000 0.0000 0.0000 0.0000 -0.0010 -0.0002 0.0000 0.0002 30.0001 -0.0001 0.0005 -29.9998 0.0000 0.0000 0.0000 -1.0902 2.2483 1.6411 -1.0902 2.2483 1.6411 -19.6391 86.1324 86.6911 -93.5444 67.7055 -107.6443 -12.3979 3.5834 -14.6958 0.0852 0.4663 0.8153 0.0000 -0.0001 0.0001 0.0000 0.0000 0.0000 0.0000 -0.0006 0.0003 0.0000 -0.0001 0.0001 0.0000 0.0000 0.0000 0.0000 0.0000 0.0000 0.0000 0.0007 0.0001 0.0000 -0.0012 0.0001 0.0000 -0.0008 0.0003 0.0000 0.0001 0.0000 0.0000 0.0000 0.0000 0.0000 -0.0008 0.0000 0.0000 0.0002 -29.9997 -0.0001 -0.0003 29.9996 0.0000 0.0000 0.0000 0.6161 0.2413 179.0606 -4.1102 -8.4535 -1.6388 0.9271 72.4350 13.4526 0.0000 25.3510 0.0000 2.2902 -12.2969 177.6859 -0.1313 -13.7931 -0.0668 21.8726 67.8950 19.8694 0.0000 25.3508 -0.0001 
11.9199 96.0214 -14.4530 4.7447 -1.3269 -1.2791 0.3982 1.2762 -0.6187 0.3983 1.2764 -0.6188 0.3994 1.2800 -0.6206 25.0842 85.5899 -77.3611 86.7637 65.5389 107.8498 11.0613 8.9854 31.6845 -0.3348 0.6486 -1.8606 0.0000 0.0000 0.0001 0.0000 0.0000 0.0000 0.0000 -0.0013 -0.0008 0.0000 -0.0004 0.0001 0.0000 0.0000 0.0000 0.0000 0.0000 0.0000 0.0000 0.0002 -0.0001 0.0000 -0.0006 0.0003 0.0000 0.0004 -0.0006 0.0000 0.0000 0.0001 0.0000 0.0000 0.0000 0.0000 -0.0010 -0.0002 0.0000 0.0002 30.0001 -0.0001 0.0005 -29.9998 0.0000 0.0000 0.0000 -1.0866 2.2345 1.6092 -1.0866 2.2345 1.6092 -19.6810 86.0799 86.5808 -94.3586 67.0093 -109.2333 -12.9728 3.4608 -15.1839 0.0898 0.4814 0.8591 0.0000 -0.0001 0.0001 0.0000 0.0000 0.0000 0.0000 -0.0006 0.0003 0.0000 -0.0001 0.0001 0.0000 0.0000 0.0000 0.0000 0.0000 0.0000 0.0000 0.0007 0.0001 0.0000 -0.0012 0.0001 0.0000 -0.0008 0.0003 0.0000 0.0001 0.0000 0.0000 0.0000 0.0000 0.0000 -0.0009 0.0000 0.0000 0.0002 -29.9996 -0.0001 -0.0003 29.9996 0.0000 0.0000 0.0000 0.6177 0.4925 178.9885 -4.2430 -8.3902 -1.5870 0.9408 72.5671 13.3864 0.0000 25.3511 0.0000 2.6458 -12.1244 177.5920 -0.1391 -13.4583 -0.0663 20.1115 67.4998 18.4387 0.0000 25.3508 -0.0001 
11.9537 95.9994 -14.2816 4.6707 -1.3939 -1.2538 0.3606 1.2502 -0.5891 0.3606 1.2504 -0.5892 0.3617 1.2540 -0.5909 25.8516 85.5180 -76.4876 87.7765 64.7148 109.9633 11.6397 8.6531 32.3509 -0.3518 0.6846 -1.9513 0.0000 0.0000 0.0001 0.0000 0.0000 0.0000 0.0000 -0.0013 -0.0008 0.0000 -0.0004 0.0001 0.0000 0.0000 0.0000 0.0000 0.0000 0.0000 0.0000 0.0002 -0.0001 0.0000 -0.0006 0.0003 0.0000 0.0004 -0.0006 0.0000 0.0000 0.0001 0.0000 0.0000 0.0000 0.0000 -0.0010 -0.0002 0.0000 0.0002 30.0001 -0.0001 0.0005 -29.9998 0.0000 0.0000 0.0000 -1.0734 2.2109 1.5669 -1.0734 2.2109 1.5669 -19.9543 86.0358 86.2334 -95.1183 66.2909 -110.8074 -13.4943 3.3299 -15.6347 0.0944 0.4976 0.9056 0.0000 -0.0001 0.0001 0.0000 0.0000 0.0000 0.0000 -0.0006 0.0003 0.0000 -0.0001 0.0001 0.0000 0.0000 0.0000 0.0000 0.0000 0.0000 0.0000 0.0007 0.0001 0.0000 -0.0012 0.0001 0.0000 -0.0008 0.0003 0.0000 0.0001 0.0000 0.0000 0.0000 0.0000 0.0000 -0.0009 0.0000 0.0000 0.0002 -29.9996 -0.0001 -0.0003 29.9996 0.0000 0.0000 0.0000 0.6408 0.7422 178.9067 -4.3539 -8.3156 -1.5239 0.9344 72.7002 13.2869 0.0000 25.3510 0.0000 2.9958 -11.9190 177.5202 -0.1465 -13.2404 -0.0657 18.5182 67.1623 16.9942 0.0000 25.3508 -0.0001 
11.9887 95.9763 -14.1289 4.6039 -1.4496 -1.2232 0.3177 1.2188 -0.5566 0.3177 1.2190 -0.5567 0.3186 1.2225 -0.5582 26.7206 85.4439 -75.5151 88.6931 63.8763 111.9508 12.1706 8.3192 32.9723 -0.3683 0.7223 -2.0348 0.0000 0.0000 0.0001 0.0000 0.0000 0.0000 0.0000 -0.0013 -0.0008 0.0000 -0.0004 0.0001 0.0000 0.0000 0.0000 0.0000 0.0000 0.0000 0.0000 0.0002 0.0000 0.0000 -0.0006 0.0003 0.0000 0.0004 -0.0006 0.0000 0.0000 0.0001 0.0000 0.0000 0.0000 0.0000 -0.0010 -0.0002 0.0000 0.0002 30.0001 -0.0001 0.0005 -29.9998 0.0000 0.0000 0.0000 -1.0498 2.1829 1.5177 -1.0498 2.1829 1.5177 -20.3188 85.9934 85.7877 -95.8202 65.5540 -112.3436 -13.9815 3.1895 -16.0620 0.0991 0.5148 0.9534 0.0000 -0.0001 0.0001 0.0000 0.0000 0.0000 0.0000 -0.0006 0.0003 0.0000 -0.0001 0.0001 0.0000 0.0000 0.0000 0.0000 0.0000 0.0000 0.0000 0.0007 0.0001 0.0000 -0.0012 0.0001 0.0000 -0.0008 0.0003 0.0000 0.0001 0.0000 0.0000 0.0000 0.0000 0.0000 -0.0009 0.0000 0.0000 0.0002 -29.9997 -0.0001 -0.0003 29.9996 0.0000 0.0000 0.0000 0.6761 0.9843 178.8215 -4.4457 -8.2353 -1.4581 0.8957 72.8353 13.1493 0.0000 25.3510 0.0000 3.3282 -11.7003 177.4827 -0.1512 -13.1280 -0.0653 17.0894 66.9918 15.5844 0.0000 25.3508 -0.0001 
12.0178 95.9507 -13.9890 4.5434 -1.4788 -1.1831 0.2654 1.1779 -0.5208 0.2654 1.1781 -0.5209 0.2662 1.1815 -0.5224 27.7363 85.3620 -74.4162 89.5074 63.0324 113.7869 12.6543 7.9620 33.5580 -0.3842 0.7619 -2.1108 0.0000 0.0000 0.0001 0.0000 0.0000 0.0000 0.0000 -0.0013 -0.0008 0.0000 -0.0004 0.0001 0.0000 0.0000 0.0000 0.0000 0.0000 0.0000 0.0000 0.0002 0.0000 0.0000 -0.0006 0.0003 0.0000 0.0004 -0.0006 0.0000 0.0000 0.0001 0.0000 0.0000 0.0000 0.0000 -0.0010 -0.0002 0.0000 0.0002 30.0001 -0.0001 0.0005 -29.9998 0.0000 0.0000 0.0000 -1.0061 2.1545 1.4612 -1.0061 2.1545 1.4612 -20.7088 85.9461 85.2980 -96.4301 64.8341 -113.7686 -14.4620 3.0365 -16.4950 0.1041 0.5338 1.0024 0.0000 -0.0001 0.0001 0.0000 0.0000 0.0000 0.0000 -0.0006 0.0003 0.0000 -0.0001 0.0001 0.0000 0.0000 0.0000 0.0000 0.0000 0.0000 0.0000 0.0007 0.0001 0.0000 -0.0012 0.0001 0.0000 -0.0008 0.0003 0.0000 0.0001 0.0000 0.0000 0.0000 0.0000 0.0000 -0.0008 0.0000 0.0000 0.0002 -29.9996 -0.0001 -0.0003 29.9996 0.0000 0.0000 0.0000 0.6978 1.2009 178.7415 -4.5472 -8.1580 -1.3933 0.7855 72.9790 12.9243 0.0000 25.3510 0.0000 3.6022 -11.4653 177.5202 -0.1461 -13.0965 -0.0659 15.4718 67.0000 13.8418 0.0000 25.3508 -0.0001 
12.0148 95.9231 -13.8360 4.4847 -1.4803 -1.1430 0.2073 1.1335 -0.4796 0.2074 1.1337 -0.4796 0.2079 1.1370 -0.4810 28.7289 85.2711 -73.3531 90.2148 62.2054 115.4838 13.1330 7.5519 34.1309 -0.3998 0.8055 -2.1821 0.0000 0.0000 0.0001 0.0000 0.0000 0.0000 0.0000 -0.0013 -0.0008 0.0000 -0.0004 0.0001 0.0000 0.0000 0.0000 0.0000 0.0000 0.0000 0.0000 0.0002 -0.0001 0.0000 -0.0006 0.0003 0.0000 0.0004 -0.0006 0.0000 0.0000 0.0001 0.0000 0.0000 0.0000 0.0000 -0.0010 -0.0002 0.0000 0.0002 30.0001 -0.0001 0.0005 -29.9998 0.0000 0.0000 0.0000 -0.9501 2.1158 1.4055 -0.9501 2.1158 1.4055 -21.1198 85.8967 84.7718 -96.9541 64.1488 -115.0947 -14.9395 2.8774 -16.9203 0.1093 0.5545 1.0518 0.0000 -0.0001 0.0001 0.0000 0.0000 0.0000 0.0000 -0.0006 0.0003 0.0000 -0.0001 0.0001 0.0000 0.0000 0.0000 0.0000 0.0000 0.0000 0.0000 0.0007 0.0001 0.0000 -0.0012 0.0001 0.0000 -0.0008 0.0003 0.0000 0.0001 0.0000 0.0000 0.0000 0.0000 0.0000 -0.0009 0.0000 0.0000 0.0002 -29.9996 -0.0001 -0.0003 29.9996 0.0000 0.0000 0.0000 0.6830 1.3931 178.6718 -4.7039 -8.0799 -1.3230 0.6098 73.1287 12.6015 0.0000 25.3510 0.0000 3.7829 -11.2449 177.6115 -0.1379 -13.0088 -0.0670 13.7294 66.9135 11.8996 0.0000 25.3508 -0.0001 
11.9780 95.8979 -13.6539 4.4269 -1.4574 -1.1125 0.1487 1.0882 -0.4318 0.1488 1.0884 -0.4319 0.1492 1.0916 -0.4331 29.6611 85.1719 -72.3448 90.8449 61.4020 117.0740 13.6231 7.0773 34.6852 -0.4148 0.8535 -2.2477 0.0000 0.0000 0.0001 0.0000 0.0000 0.0000 0.0000 -0.0013 -0.0008 0.0000 -0.0004 0.0001 0.0000 0.0000 0.0000 0.0000 0.0000 0.0000 0.0000 0.0002 0.0000 0.0000 -0.0006 0.0003 0.0000 0.0004 -0.0006 0.0000 0.0000 0.0001 0.0000 0.0000 0.0000 0.0000 -0.0010 -0.0002 0.0000 0.0002 30.0001 -0.0001 0.0005 -29.9998 0.0000 0.0000 0.0000 -0.8907 2.0653 1.3554 -0.8907 2.0653 1.3554 -21.5019 85.8443 84.2681 -97.4108 63.4959 -116.3374 -15.3957 2.7263 -17.3411 0.1146 0.5758 1.1010 0.0000 -0.0001 0.0001 0.0000 0.0000 0.0000 0.0000 -0.0006 0.0003 0.0000 -0.0001 0.0001 0.0000 0.0000 0.0000 0.0000 0.0000 0.0000 0.0000 0.0007 0.0001 0.0000 -0.0011 0.0001 0.0000 -0.0008 0.0003 0.0000 0.0001 0.0000 0.0000 0.0000 0.0000 0.0000 -0.0009 0.0000 0.0000 0.0002 -29.9996 -0.0001 -0.0003 29.9996 0.0000 0.0000 0.0000 0.6419 1.5658 178.6171 -4.9141 -7.9999 -1.2466 0.3851 73.2818 12.1946 0.0000 25.3510 0.0000 3.8468 -11.0318 177.7488 -0.1267 -12.8113 -0.0685 12.0127 66.6975 9.9775 0.0000 25.3508 -0.0001 
11.9229 95.8814 -13.4327 4.3650 -1.3968 -1.1097 0.0934 1.0415 -0.3708 0.0934 1.0416 -0.3708 0.0937 1.0447 -0.3719 30.5745 85.0663 -71.3362 91.4179 60.6428 118.5513 14.1371 6.4989 35.2214 -0.4288 0.9067 -2.3062 0.0000 0.0000 0.0001 0.0000 0.0000 0.0000 0.0000 -0.0013 -0.0008 0.0000 -0.0004 0.0001 0.0000 0.0000 0.0000 0.0000 0.0000 0.0000 0.0000 0.0002 0.0000 0.0000 -0.0006 0.0003 0.0000 0.0004 -0.0006 0.0000 0.0000 0.0001 0.0000 0.0000 0.0000 0.0000 -0.0010 -0.0002 0.0000 0.0003 30.0001 -0.0001 0.0005 -29.9998 0.0000 0.0000 0.0000 -0.8300 1.9977 1.3145 -0.8300 1.9977 1.3145 -21.7978 85.7939 83.8554 -97.7749 62.8925 -117.4576 -15.8212 2.5946 -17.7616 0.1202 0.5976 1.1498 0.0000 -0.0001 0.0001 0.0000 0.0000 0.0000 0.0000 -0.0006 0.0003 0.0000 -0.0001 0.0001 0.0000 0.0000 0.0000 0.0000 0.0000 0.0000 0.0000 0.0007 0.0001 0.0000 -0.0012 0.0001 0.0000 -0.0008 0.0003 0.0000 0.0001 0.0000 0.0000 0.0000 0.0000 0.0000 -0.0008 0.0000 0.0000 0.0002 -29.9997 -0.0001 -0.0003 29.9996 0.0000 0.0000 0.0000 0.5879 1.7224 178.5973 -5.1952 -7.9066 -1.1548 0.0955 73.4402 11.6613 0.0000 25.3510 0.0000 3.7228 -10.8258 177.9114 -0.1176 -12.4561 -0.0699 10.6421 66.4132 8.5242 0.0000 25.3508 -0.0001 
11.8877 95.8704 -13.1912 4.2949 -1.3011 -1.1372 0.0409 0.9918 -0.2943 0.0409 0.9920 -0.2943 0.0410 0.9949 -0.2952 31.4282 84.9584 -70.3720 91.9303 59.9135 119.9092 14.6591 5.8321 35.7426 -0.4415 0.9640 -2.3573 0.0000 0.0000 0.0001 0.0000 0.0000 0.0000 0.0000 -0.0013 -0.0008 0.0000 -0.0004 0.0001 0.0000 0.0000 0.0000 0.0000 0.0000 0.0000 0.0000 0.0002 -0.0001 0.0000 -0.0006 0.0003 0.0000 0.0004 -0.0006 0.0000 0.0000 0.0001 0.0000 0.0000 0.0000 0.0000 -0.0010 -0.0002 0.0000 0.0002 30.0001 -0.0001 0.0005 -29.9998 0.0000 0.0000 0.0000 -0.7668 1.9139 1.2779 -0.7668 1.9139 1.2779 -22.1243 85.7479 83.4195 -98.0279 62.3195 -118.4353 -16.2228 2.4792 -18.1914 0.1263 0.6201 1.1973 0.0000 -0.0001 0.0001 0.0000 0.0000 0.0000 0.0000 -0.0006 0.0003 0.0000 -0.0001 0.0001 0.0000 0.0000 0.0000 0.0000 0.0000 0.0000 0.0000 0.0007 0.0001 0.0000 -0.0012 0.0001 0.0000 -0.0008 0.0003 0.0000 0.0001 0.0000 0.0000 0.0000 0.0000 0.0000 -0.0009 0.0000 0.0000 0.0002 -29.9996 -0.0001 -0.0003 29.9996 0.0000 0.0000 0.0000 0.5468 1.8632 178.6084 -5.5144 -7.7965 -1.0451 -0.2456 73.5969 11.0320 0.0000 25.3510 0.0000 3.5140 -10.6135 178.0575 -0.1154 -12.0845 -0.0705 9.9711 66.1607 7.8776 0.0000 25.3508 -0.0001 
11.8706 95.8623 -12.9391 4.2178 -1.1757 -1.1913 -0.0092 0.9400 -0.2049 -0.0092 0.9401 -0.2049 -0.0092 0.9428 -0.2055 32.2298 84.8547 -69.4425 92.3614 59.2038 121.1391 15.1726 5.0947 36.2326 -0.4528 1.0246 -2.4000 0.0000 0.0000 0.0001 0.0000 0.0000 0.0000 0.0000 -0.0013 -0.0008 0.0000 -0.0004 0.0001 0.0000 0.0000 0.0000 0.0000 0.0000 0.0000 0.0000 0.0002 0.0000 0.0000 -0.0006 0.0003 0.0000 0.0004 -0.0006 0.0000 0.0000 0.0001 0.0000 0.0000 0.0000 0.0000 -0.0010 -0.0002 0.0000 0.0002 30.0001 -0.0001 0.0005 -29.9998 0.0000 0.0000 0.0000 -0.7036 1.8161 1.2479 -0.7036 1.8161 1.2479 -22.5383 85.7090 82.9057 -98.1955 61.7782 -119.2996 -16.6075 2.3792 -18.6363 0.1327 0.6435 1.2436 0.0000 -0.0001 0.0001 0.0000 0.0000 0.0000 0.0000 -0.0006 0.0003 0.0000 -0.0001 0.0001 0.0000 0.0000 0.0000 0.0000 0.0000 0.0000 0.0000 0.0007 0.0001 0.0000 -0.0012 0.0001 0.0000 -0.0008 0.0003 0.0000 0.0001 0.0000 0.0000 0.0000 0.0000 0.0000 -0.0009 0.0000 0.0000 0.0002 -29.9996 -0.0001 -0.0003 29.9996 0.0000 0.0000 0.0000 0.5350 1.9853 178.6435 -5.8362 -7.6726 -0.9233 -0.6204 73.7445 10.3476 0.0000 25.3510 0.0000 3.3090 -10.4172 178.1793 -0.1208 -11.7690 -0.0703 9.9149 65.9864 7.8744 0.0000 25.3508 -0.0001 
11.8480 95.8491 -12.6888 4.1398 -1.0159 -1.2749 -0.0562 0.8842 -0.1057 -0.0562 0.8843 -0.1057 -0.0564 0.8869 -0.1060 33.0799 84.7614 -68.4248 92.6796 58.5158 122.1831 15.6499 4.2741 36.6544 -0.4618 1.0875 -2.4306 0.0000 0.0000 0.0001 0.0000 0.0000 0.0000 0.0000 -0.0013 -0.0008 0.0000 -0.0004 0.0001 0.0000 0.0000 0.0000 0.0000 0.0000 0.0000 0.0000 0.0003 -0.0001 0.0000 -0.0006 0.0003 0.0000 0.0004 -0.0006 0.0000 0.0000 0.0001 0.0000 0.0000 0.0000 0.0000 -0.0010 -0.0002 0.0000 0.0002 30.0001 -0.0001 0.0005 -29.9998 0.0000 0.0000 0.0000 -0.6482 1.7075 1.2392 -0.6482 1.7075 1.2392 -23.0224 85.6814 82.3502 -98.3006 61.2868 -120.0471 -16.9568 2.3215 -19.1600 0.1401 0.6660 1.2898 0.0000 -0.0001 0.0001 0.0000 0.0000 0.0000 0.0000 -0.0006 0.0003 0.0000 -0.0001 0.0001 0.0000 0.0000 0.0000 0.0000 0.0000 0.0000 0.0000 0.0007 0.0001 0.0000 -0.0012 0.0001 0.0000 -0.0008 0.0003 0.0000 0.0001 0.0000 0.0000 0.0000 0.0000 0.0000 -0.0009 0.0000 0.0000 0.0002 -29.9997 -0.0001 -0.0003 29.9996 0.0000 0.0000 0.0000 0.6002 2.0753 178.7134 -6.0916 -7.5446 -0.8005 -1.0083 73.8736 9.6540 0.0000 25.3510 0.0000 3.2129 -10.3018 178.3004 -0.1245 -11.5671 -0.0701 10.5244 65.9327 8.5024 0.0000 25.3508 -0.0001 
11.7922 95.8327 -12.4542 4.0681 -0.8419 -1.3596 -0.1048 0.8289 -0.0086 -0.1048 0.8290 -0.0086 -0.1051 0.8314 -0.0086 34.0478 84.6680 -67.2551 92.9071 57.8754 123.0670 16.0947 3.4316 37.0003 -0.4691 1.1508 -2.4501 0.0000 0.0000 0.0001 0.0000 0.0000 0.0000 0.0000 -0.0013 -0.0008 0.0000 -0.0004 0.0001 0.0000 0.0000 0.0000 0.0000 0.0000 0.0000 0.0000 0.0002 0.0000 0.0000 -0.0006 0.0003 0.0000 0.0004 -0.0006 0.0000 0.0000 0.0001 0.0000 0.0000 0.0000 0.0000 -0.0010 -0.0002 0.0000 0.0002 30.0001 -0.0001 0.0005 -29.9998 0.0000 0.0000 0.0000 -0.5952 1.6055 1.2475 -0.5952 1.6055 1.2475 -23.5583 85.6584 81.7630 -98.3949 60.8443 -120.7353 -17.2823 2.3062 -19.7387 0.1482 0.6872 1.3359 0.0000 -0.0001 0.0001 0.0000 0.0000 0.0000 0.0000 -0.0006 0.0003 0.0000 -0.0001 0.0001 0.0000 0.0000 0.0000 0.0000 0.0000 0.0000 0.0000 0.0007 0.0001 0.0000 -0.0011 0.0001 0.0000 -0.0008 0.0003 0.0000 0.0001 0.0000 0.0000 0.0000 0.0000 0.0000 -0.0009 0.0000 0.0000 0.0002 -29.9996 -0.0001 -0.0003 29.9996 0.0000 0.0000 0.0000 0.7464 2.1474 178.8034 -6.2515 -7.4261 -0.6906 -1.3956 73.9882 8.9843 0.0000 25.3510 0.0000 3.2729 -10.2775 178.4419 -0.1163 -11.4026 -0.0711 11.2507 65.8832 9.1631 0.0000 25.3508 -0.0001 
11.7168 95.8125 -12.2238 4.0011 -0.6634 -1.4339 -0.1570 0.7794 0.0838 -0.1570 0.7795 0.0838 -0.1575 0.7818 0.0840 34.9186 84.5768 -66.1765 93.0594 57.3077 123.8001 16.5197 2.6236 37.2702 -0.4751 1.2114 -2.4611 0.0000 0.0000 0.0001 0.0000 0.0000 0.0000 0.0000 -0.0013 -0.0008 0.0000 -0.0004 0.0001 0.0000 0.0000 0.0000 0.0000 0.0000 0.0000 0.0000 0.0002 0.0000 0.0000 -0.0006 0.0003 0.0000 0.0004 -0.0006 0.0000 0.0000 0.0001 0.0000 0.0000 0.0000 0.0000 -0.0010 -0.0002 0.0000 0.0002 30.0001 -0.0001 0.0005 -29.9998 0.0000 0.0000 0.0000 -0.5408 1.5065 1.2678 -0.5408 1.5065 1.2678 -24.1801 85.6304 81.1006 -98.4882 60.4525 -121.3743 -17.5880 2.3359 -20.3626 0.1571 0.7072 1.3817 0.0000 -0.0001 0.0001 0.0000 0.0000 0.0000 0.0000 -0.0006 0.0003 0.0000 -0.0001 0.0001 0.0000 0.0000 0.0000 0.0000 0.0000 0.0000 0.0000 0.0007 0.0001 0.0000 -0.0012 0.0001 0.0000 -0.0008 0.0003 0.0000 0.0001 0.0000 0.0000 0.0000 0.0000 0.0000 -0.0009 0.0000 0.0000 0.0002 -29.9996 -0.0001 -0.0003 29.9996 0.0000 0.0000 0.0000 0.9585 2.2055 178.8987 -6.3347 -7.3282 -0.5900 -1.7720 74.0952 8.3448 0.0000 25.3510 0.0000 3.4701 -10.3024 178.5765 -0.1039 -11.2425 -0.0725 12.0041 65.8057 9.7648 0.0000 25.3508 -0.0001 
11.6279 95.7940 -11.9773 3.9354 -0.4881 -1.4839 -0.2118 0.7448 0.1654 -0.2118 0.7449 0.1654 -0.2124 0.7471 0.1659 35.5576 84.4901 -65.3203 93.0977 56.8238 124.3190 16.8209 1.9329 37.4189 -0.4790 1.2630 -2.4640 0.0000 0.0000 0.0001 0.0000 0.0000 0.0000 0.0000 -0.0013 -0.0008 0.0000 -0.0004 0.0001 0.0000 0.0000 0.0000 0.0000 0.0000 0.0000 0.0000 0.0003 -0.0001 0.0000 -0.0007 0.0003 0.0000 0.0004 -0.0006 0.0000 0.0000 0.0001 0.0000 0.0000 0.0000 0.0000 -0.0010 -0.0002 0.0000 0.0003 30.0001 -0.0001 0.0005 -29.9998 0.0000 0.0000 0.0000 -0.4846 1.4113 1.3003 -0.4846 1.4113 1.3003 -24.8856 85.5863 80.3747 -98.6062 60.1425 -121.9563 -17.8661 2.4409 -21.0391 0.1670 0.7245 1.4267 0.0000 -0.0001 0.0001 0.0000 0.0000 0.0000 0.0000 -0.0006 0.0003 0.0000 -0.0001 0.0001 0.0000 0.0000 0.0000 0.0000 0.0000 0.0000 0.0000 0.0007 0.0001 0.0000 -0.0011 0.0001 0.0000 -0.0008 0.0003 0.0000 0.0001 0.0000 0.0000 0.0000 0.0000 0.0000 -0.0009 0.0000 0.0000 0.0002 -29.9996 -0.0001 -0.0002 29.9996 0.0000 0.0000 0.0000 1.2578 2.2278 179.0005 -6.3203 -7.2993 -0.5142 -2.1041 74.2025 7.7771 0.0000 25.3510 0.0000 3.8022 -10.3386 178.6649 -0.0982 -11.0953 -0.0732 12.7497 65.7279 10.2574 0.0000 25.3508 -0.0001 
11.5349 95.7816 -11.7217 3.8640 -0.3252 -1.5111 -0.2662 0.7267 0.2374 -0.2662 0.7268 0.2374 -0.2670 0.7290 0.2381 35.9960 84.4092 -64.6588 93.0904 56.4356 124.6874 17.0909 1.3593 37.4873 -0.4817 1.3064 -2.4590 0.0000 0.0000 0.0001 0.0000 0.0000 0.0000 0.0000 -0.0013 -0.0008 0.0000 -0.0004 0.0001 0.0000 0.0000 0.0000 0.0000 0.0000 0.0000 0.0000 0.0003 -0.0001 0.0000 -0.0006 0.0003 0.0000 0.0004 -0.0006 0.0000 0.0000 0.0001 0.0000 0.0000 0.0000 0.0000 -0.0010 -0.0002 0.0000 0.0002 30.0001 -0.0001 0.0005 -29.9998 0.0000 0.0000 0.0000 -0.4243 1.3200 1.3338 -0.4243 1.3200 1.3338 -25.5080 85.5217 79.7479 -98.7359 59.8960 -122.4616 -18.1247 2.6115 -21.7521 0.1777 0.7391 1.4699 0.0000 -0.0001 0.0001 0.0000 0.0000 0.0000 0.0000 -0.0006 0.0003 0.0000 -0.0001 0.0001 0.0000 0.0000 0.0000 0.0000 0.0000 0.0000 0.0000 0.0007 0.0001 0.0000 -0.0012 0.0001 0.0000 -0.0008 0.0003 0.0000 0.0001 0.0000 0.0000 0.0000 0.0000 0.0000 -0.0009 0.0000 0.0000 0.0002 -29.9996 -0.0001 -0.0003 29.9996 0.0000 0.0000 0.0000 1.6109 2.2004 179.1182 -6.2481 -7.3689 -0.4758 -2.3901 74.3192 7.2807 0.0000 25.3510 0.0000 4.1249 -10.3591 178.7408 -0.0980 -10.9963 -0.0733 13.2762 65.7023 10.5299 0.0000 25.3508 -0.0001 
11.4219 95.7746 -11.4792 3.7819 -0.1773 -1.5210 -0.3162 0.7235 0.3021 -0.3162 0.7236 0.3022 -0.3171 0.7257 0.3031 36.2686 84.3345 -64.1618 93.0863 56.1418 124.9433 17.3507 0.8923 37.4904 -0.4827 1.3408 -2.4461 0.0000 0.0000 0.0001 0.0000 0.0000 0.0000 0.0000 -0.0013 -0.0008 0.0000 -0.0004 0.0001 0.0000 0.0000 0.0000 0.0000 0.0000 0.0000 0.0000 0.0002 0.0000 0.0000 -0.0006 0.0003 0.0000 0.0004 -0.0006 0.0000 0.0000 0.0001 0.0000 0.0000 0.0000 0.0000 -0.0010 -0.0002 0.0000 0.0002 30.0001 -0.0002 0.0005 -29.9998 0.0000 0.0000 0.0000 -0.3613 1.2330 1.3629 -0.3613 1.2330 1.3629 -26.0392 85.4404 79.2318 -98.8659 59.7010 -122.8818 -18.3722 2.8363 -22.4747 0.1889 0.7511 1.5098 0.0000 -0.0001 0.0001 0.0000 0.0000 0.0000 0.0000 -0.0006 0.0003 0.0000 -0.0001 0.0001 0.0000 0.0000 0.0000 0.0000 0.0000 0.0000 0.0000 0.0007 0.0001 0.0000 -0.0012 0.0001 0.0000 -0.0008 0.0003 0.0000 0.0001 0.0000 0.0000 0.0000 0.0000 0.0000 -0.0009 0.0000 0.0000 0.0002 -29.9996 -0.0001 -0.0003 29.9996 0.0000 0.0000 0.0000 1.9988 2.1263 179.2481 -6.1398 -7.5371 -0.4730 -2.6305 74.4475 6.8603 0.0000 25.3510 0.0000 4.3907 -10.3747 178.8462 -0.0960 -10.9580 -0.0735 13.4937 65.7360 10.5304 0.0000 25.3508 -0.0001 
11.2695 95.7808 -11.2817 3.6795 -0.0556 -1.5188 -0.3564 0.7404 0.3609 -0.3564 0.7405 0.3609 -0.3575 0.7427 0.3620 36.2239 84.2834 -64.0123 93.1237 55.9630 125.0476 17.6311 0.5536 37.4053 -0.4806 1.3613 -2.4217 0.0000 0.0000 0.0001 0.0000 0.0000 0.0000 0.0000 -0.0013 -0.0008 0.0000 -0.0004 0.0001 0.0000 0.0000 0.0000 0.0000 0.0000 0.0000 0.0000 0.0002 0.0000 0.0000 -0.0006 0.0003 0.0000 0.0004 -0.0006 0.0000 0.0000 0.0001 0.0000 0.0000 0.0000 0.0000 -0.0010 -0.0002 0.0000 0.0002 30.0001 -0.0001 0.0005 -29.9998 0.0000 0.0000 0.0000 -0.2955 1.1512 1.3813 -0.2955 1.1512 1.3813 -26.4823 85.3418 78.8320 -98.9756 59.5783 -123.1497 -18.6108 3.1405 -23.1926 0.2004 0.7589 1.5429 0.0000 -0.0001 0.0001 0.0000 0.0000 0.0000 0.0000 -0.0006 0.0003 0.0000 -0.0001 0.0001 0.0000 0.0000 0.0000 0.0000 0.0000 0.0000 0.0000 0.0007 0.0001 0.0000 -0.0011 0.0001 0.0000 -0.0008 0.0003 0.0000 0.0001 0.0000 0.0000 0.0000 0.0000 0.0000 -0.0008 0.0000 0.0000 0.0002 -29.9997 -0.0001 -0.0003 29.9996 0.0000 0.0000 0.0000 2.3801 1.9755 179.4030 -6.0299 -7.8709 -0.5264 -2.8130 74.5952 6.5596 0.0000 25.3510 0.0000 4.5557 -10.3890 179.0223 -0.0880 -11.0049 -0.0742 13.2716 65.8550 10.1597 0.0000 25.3508 -0.0001 
11.1008 95.7891 -11.1110 3.5689 0.0405 -1.5223 -0.3876 0.7710 0.4180 -0.3876 0.7711 0.4181 -0.3887 0.7734 0.4193 36.0683 84.2572 -63.9913 93.2058 55.8518 125.0359 17.9186 0.2928 37.2508 -0.4754 1.3704 -2.3867 0.0000 0.0000 0.0001 0.0000 0.0000 0.0000 0.0000 -0.0013 -0.0008 0.0000 -0.0004 0.0001 0.0000 0.0000 0.0000 0.0000 0.0000 0.0000 0.0000 0.0003 0.0000 0.0000 -0.0006 0.0003 0.0000 0.0004 -0.0006 0.0000 0.0000 0.0001 0.0000 0.0000 0.0000 0.0000 -0.0010 -0.0002 0.0000 0.0002 30.0001 -0.0001 0.0005 -29.9998 0.0000 0.0000 0.0000 -0.2345 1.0761 1.3943 -0.2345 1.0761 1.3943 -26.8615 85.2511 78.5247 -99.0271 59.5039 -123.2382 -18.8249 3.5164 -23.9168 0.2119 0.7622 1.5683 0.0000 -0.0001 0.0001 0.0000 0.0000 0.0000 0.0000 -0.0006 0.0003 0.0000 -0.0001 0.0001 0.0000 0.0000 0.0000 0.0000 0.0000 0.0000 0.0000 0.0007 0.0001 0.0000 -0.0011 0.0001 0.0000 -0.0008 0.0003 0.0000 0.0001 0.0000 0.0000 0.0000 0.0000 0.0000 -0.0008 0.0000 0.0000 0.0002 -29.9996 -0.0001 -0.0003 29.9996 0.0000 0.0000 0.0000 2.7272 1.7664 179.5946 -5.9441 -8.3480 -0.6267 -2.9714 74.7602 6.3303 0.0000 25.3510 0.0000 4.6623 -10.3923 179.2263 -0.0803 -11.0956 -0.0749 12.8794 66.0111 9.6644 0.0000 25.3508 -0.0001 
10.9339 95.7989 -10.9398 3.4591 0.1088 -1.5335 -0.4141 0.8142 0.4755 -0.4142 0.8143 0.4755 -0.4154 0.8167 0.4769 35.8879 84.2540 -64.0135 93.3436 55.8062 124.9307 18.2422 0.1049 37.0432 -0.4676 1.3692 -2.3417 0.0000 0.0000 0.0001 0.0000 0.0000 0.0000 0.0000 -0.0013 -0.0008 0.0000 -0.0004 0.0001 0.0000 0.0000 0.0000 0.0000 0.0000 0.0000 0.0000 0.0002 0.0000 0.0000 -0.0006 0.0003 0.0000 0.0004 -0.0006 0.0000 0.0000 0.0001 0.0000 0.0000 0.0000 0.0000 -0.0010 -0.0002 0.0000 0.0003 30.0001 -0.0001 0.0005 -29.9998 0.0000 0.0000 0.0000 -0.1790 1.0083 1.4021 -0.1790 1.0083 1.4021 -27.2181 85.1736 78.2534 -99.0113 59.4724 -123.1409 -19.0128 3.9526 -24.6556 0.2234 0.7613 1.5862 0.0000 -0.0001 0.0001 0.0000 0.0000 0.0000 0.0000 -0.0006 0.0003 0.0000 -0.0001 0.0001 0.0000 0.0000 0.0000 0.0000 0.0000 0.0000 0.0000 0.0007 0.0001 0.0000 -0.0012 0.0001 0.0000 -0.0008 0.0003 0.0000 0.0001 0.0000 0.0000 0.0000 0.0000 0.0000 -0.0009 0.0000 0.0000 0.0002 -29.9996 -0.0001 -0.0002 29.9996 0.0000 0.0000 0.0000 3.0478 1.5349 179.8154 -5.8786 -8.9274 -0.7568 -3.1308 74.9382 6.1264 0.0000 25.3510 0.0000 4.7507 -10.3694 179.4169 -0.0780 -11.2075 -0.0751 12.5040 66.1838 9.2036 0.0000 25.3508 -0.0001 
10.7805 95.8026 -10.7231 3.3622 0.1349 -1.5492 -0.4387 0.8730 0.5316 -0.4387 0.8732 0.5317 -0.4400 0.8757 0.5332 35.7983 84.2871 -63.9879 93.5822 55.8725 124.6994 18.5742 0.0593 36.7498 -0.4557 1.3502 -2.2835 0.0000 0.0000 0.0001 0.0000 0.0000 0.0000 0.0000 -0.0013 -0.0008 0.0000 -0.0004 0.0001 0.0000 0.0000 0.0000 0.0000 0.0000 0.0000 0.0000 0.0002 0.0000 0.0000 -0.0006 0.0003 0.0000 0.0004 -0.0006 0.0000 0.0000 0.0001 0.0000 0.0000 0.0000 0.0000 -0.0010 -0.0002 0.0000 0.0002 30.0001 -0.0001 0.0005 -29.9998 0.0000 0.0000 0.0000 -0.1342 0.9521 1.4042 -0.1342 0.9521 1.4042 -27.6167 85.1183 77.9419 -98.9214 59.5074 -122.8024 -19.1750 4.4676 -25.4027 0.2342 0.7542 1.5920 0.0000 -0.0001 0.0001 0.0000 0.0000 0.0000 0.0000 -0.0006 0.0003 0.0000 -0.0001 0.0001 0.0000 0.0000 0.0000 0.0000 0.0000 0.0000 0.0000 0.0007 0.0001 0.0000 -0.0012 0.0001 0.0000 -0.0008 0.0003 0.0000 0.0001 0.0000 0.0000 0.0000 0.0000 0.0000 -0.0009 0.0000 0.0000 0.0002 -29.9996 -0.0001 -0.0003 29.9996 0.0000 0.0000 0.0000 3.3262 1.3211 -179.9480 -5.8390 -9.5989 -0.9066 -3.3247 75.1309 5.9080 0.0000 25.3510 0.0000 4.8614 -10.2883 179.5633 -0.0807 -11.3234 -0.0747 12.3016 66.3709 8.9055 0.0000 25.3508 -0.0001 
10.6411 95.8052 -10.4412 3.2743 0.1363 -1.5602 -0.4606 0.9394 0.5833 -0.4607 0.9396 0.5833 -0.4620 0.9423 0.5850 35.7817 84.3454 -63.9305 93.8764 56.0000 124.3449 18.8758 0.1195 36.4213 -0.4412 1.3179 -2.2170 0.0000 0.0000 0.0001 0.0000 0.0000 0.0000 0.0000 -0.0013 -0.0008 0.0000 -0.0004 0.0001 0.0000 0.0000 0.0000 0.0000 0.0000 0.0000 0.0000 0.0003 0.0000 0.0000 -0.0006 0.0003 0.0000 0.0004 -0.0006 0.0000 0.0000 0.0001 0.0000 0.0000 0.0000 0.0000 -0.0010 -0.0002 0.0000 0.0002 30.0001 -0.0001 0.0005 -29.9998 0.0000 0.0000 0.0000 -0.1026 0.9023 1.4055 -0.1026 0.9023 1.4055 -28.1548 85.1021 77.4976 -98.7920 59.5754 -122.3503 -19.3705 5.0543 -26.0378 0.2436 0.7426 1.5850 0.0000 -0.0001 0.0001 0.0000 0.0000 0.0000 0.0000 -0.0006 0.0003 0.0000 -0.0001 0.0001 0.0000 0.0000 0.0000 0.0000 0.0000 0.0000 0.0000 0.0007 0.0001 0.0000 -0.0012 0.0001 0.0000 -0.0008 0.0003 0.0000 0.0001 0.0000 0.0000 0.0000 0.0000 0.0000 -0.0009 0.0000 0.0000 0.0002 -29.9996 -0.0001 -0.0003 29.9996 0.0000 0.0000 0.0000 3.5691 1.1434 -179.7255 -5.8129 -10.2946 -1.0542 -3.5832 75.3279 5.6333 0.0000 25.3510 0.0000 5.0107 -10.1800 179.6818 -0.0809 -11.4581 -0.0746 12.2499 66.5783 8.7405 0.0000 25.3508 -0.0001 
10.5183 95.8102 -10.1210 3.1922 0.1241 -1.5585 -0.4811 1.0087 0.6276 -0.4812 1.0089 0.6277 -0.4826 1.0118 0.6295 35.8562 84.4195 -63.8168 94.2071 56.1784 123.9148 19.1207 0.2828 36.1580 -0.4267 1.2766 -2.1502 0.0000 0.0000 0.0001 0.0000 0.0000 0.0000 0.0000 -0.0013 -0.0008 0.0000 -0.0004 0.0001 0.0000 0.0000 0.0000 0.0000 0.0000 0.0000 0.0000 0.0003 0.0000 0.0000 -0.0006 0.0003 0.0000 0.0004 -0.0006 0.0000 0.0000 0.0001 0.0000 0.0000 0.0000 0.0000 -0.0010 -0.0002 0.0000 0.0002 30.0001 -0.0001 0.0005 -29.9998 0.0000 0.0000 0.0000 -0.0818 0.8590 1.4068 -0.0818 0.8591 1.4068 -28.8195 85.1179 76.9213 -98.6284 59.6538 -121.8059 -19.6431 5.6294 -26.4719 0.2500 0.7294 1.5621 0.0000 -0.0001 0.0001 0.0000 0.0000 0.0000 0.0000 -0.0006 0.0003 0.0000 -0.0001 0.0001 0.0000 0.0000 0.0000 0.0000 0.0000 0.0000 0.0000 0.0007 0.0001 0.0000 -0.0012 0.0001 0.0000 -0.0008 0.0003 0.0000 0.0001 0.0000 0.0000 0.0000 0.0000 0.0000 -0.0009 0.0000 0.0000 0.0002 -29.9996 -0.0001 -0.0002 29.9996 0.0000 0.0000 0.0000 3.7858 1.0080 -179.5279 -5.7973 -10.9803 -1.1922 -3.9049 75.5216 5.2878 0.0000 25.3510 0.0000 5.1736 -10.0600 179.7770 -0.0792 -11.6152 -0.0746 12.2820 66.8076 8.6624 0.0000 25.3508 -0.0001 
10.4263 95.8159 -9.7727 3.1148 0.1059 -1.5291 -0.4978 1.0768 0.6574 -0.4979 1.0770 0.6575 -0.4993 1.0801 0.6594 36.2471 84.5000 -63.4364 94.5987 56.4206 123.4662 19.3703 0.5435 35.9677 -0.4130 1.2297 -2.0839 0.0000 0.0000 0.0001 0.0000 0.0000 0.0000 0.0000 -0.0013 -0.0008 0.0000 -0.0004 0.0001 0.0000 0.0000 0.0000 0.0000 0.0000 0.0000 0.0000 0.0002 0.0000 0.0000 -0.0006 0.0003 0.0000 0.0004 -0.0006 0.0000 0.0000 0.0001 0.0000 0.0000 0.0000 0.0000 -0.0010 -0.0002 0.0000 0.0003 30.0001 -0.0001 0.0005 -29.9998 0.0000 0.0000 0.0000 -0.0769 0.8294 1.4099 -0.0769 0.8295 1.4099 -29.4662 85.1567 76.3360 -98.3747 59.6900 -121.0632 -19.8994 6.1907 -26.7004 0.2527 0.7129 1.5205 0.0000 -0.0001 0.0001 0.0000 0.0000 0.0000 0.0000 -0.0006 0.0003 0.0000 -0.0001 0.0001 0.0000 0.0000 0.0000 0.0000 0.0000 0.0000 0.0000 0.0007 0.0001 0.0000 -0.0012 0.0001 0.0000 -0.0008 0.0003 0.0000 0.0001 0.0000 0.0000 0.0000 0.0000 0.0000 -0.0009 0.0000 0.0000 0.0002 -29.9996 -0.0001 -0.0003 29.9996 0.0000 0.0000 0.0000 3.9885 0.9457 -179.3699 -5.7676 -11.6115 -1.3172 -4.3421 75.7048 4.8044 0.0000 25.3510 0.0000 5.3194 -9.9551 179.8324 -0.0805 -11.8398 -0.0744 12.3696 67.0858 8.6703 0.0000 25.3508 -0.0001 
10.3402 95.8230 -9.4208 3.0428 0.0959 -1.4696 -0.5105 1.1367 0.6735 -0.5106 1.1369 0.6736 -0.5121 1.1401 0.6755 36.8260 84.5772 -62.9129 95.0231 56.6699 123.0561 19.6271 0.9136 35.7890 -0.4004 1.1794 -2.0175 0.0000 0.0000 0.0001 0.0000 0.0000 0.0000 0.0000 -0.0013 -0.0008 0.0000 -0.0004 0.0001 0.0000 0.0000 0.0000 0.0000 0.0000 0.0000 0.0000 0.0002 0.0000 0.0000 -0.0006 0.0003 0.0000 0.0004 -0.0006 0.0000 0.0000 0.0001 0.0000 0.0000 0.0000 0.0000 -0.0010 -0.0002 0.0000 0.0002 30.0001 -0.0001 0.0005 -29.9998 0.0000 0.0000 0.0000 -0.0826 0.8165 1.4150 -0.0826 0.8165 1.4150 -30.0713 85.1970 75.7675 -98.0565 59.6447 -120.1800 -20.0443 6.6770 -26.8195 0.2524 0.6952 1.4710 0.0000 -0.0001 0.0001 0.0000 0.0000 0.0000 0.0000 -0.0006 0.0003 0.0000 -0.0001 0.0001 0.0000 0.0000 0.0000 0.0000 0.0000 0.0000 0.0000 0.0007 0.0001 0.0000 -0.0012 0.0001 0.0000 -0.0008 0.0003 0.0000 0.0001 0.0000 0.0000 0.0000 0.0000 0.0000 -0.0009 0.0000 0.0000 0.0002 -29.9996 -0.0001 -0.0003 29.9996 0.0000 0.0000 0.0000 4.1709 0.9203 -179.2489 -5.7281 -12.1895 -1.4380 -4.8526 75.8698 4.2275 0.0000 25.3510 0.0000 5.4211 -9.8739 179.8567 -0.0853 -12.1235 -0.0736 12.4284 67.4100 8.6873 0.0000 25.3508 -0.0001 
10.2483 95.8280 -9.0647 2.9761 0.0976 -1.3896 -0.5190 1.1862 0.6796 -0.5190 1.1865 0.6797 -0.5205 1.1899 0.6816 37.5175 84.6460 -62.3115 95.4541 56.8978 122.6922 19.8685 1.3759 35.6360 -0.3891 1.1282 -1.9535 0.0000 0.0000 0.0001 0.0000 0.0000 0.0000 0.0000 -0.0013 -0.0008 0.0000 -0.0004 0.0001 0.0000 0.0000 0.0000 0.0000 0.0000 0.0000 0.0000 0.0002 0.0000 0.0000 -0.0006 0.0003 0.0000 0.0004 -0.0006 0.0000 0.0000 0.0001 0.0000 0.0000 0.0000 0.0000 -0.0010 -0.0002 0.0000 0.0002 30.0001 -0.0001 0.0005 -29.9998 0.0000 0.0000 0.0000 -0.0956 0.8196 1.4205 -0.0956 0.8196 1.4205 -30.7459 85.2598 75.1222 -97.6855 59.5196 -119.2207 -20.0845 7.0760 -26.8599 0.2498 0.6772 1.4181 0.0000 -0.0001 0.0001 0.0000 0.0000 0.0000 0.0000 -0.0006 0.0003 0.0000 -0.0001 0.0001 0.0000 0.0000 0.0000 0.0000 0.0000 0.0000 0.0000 0.0007 0.0001 0.0000 -0.0012 0.0001 0.0000 -0.0008 0.0003 0.0000 0.0001 0.0000 0.0000 0.0000 0.0000 0.0000 -0.0009 0.0000 0.0000 0.0002 -29.9996 -0.0001 -0.0003 29.9996 0.0000 0.0000 0.0000 4.3257 0.9148 -179.1522 -5.6903 -12.7210 -1.5586 -5.4135 76.0138 3.5828 0.0000 25.3511 0.0000 5.4785 -9.8204 179.8688 -0.0908 -12.4437 -0.0728 12.4138 67.7577 8.6621 0.0000 25.3508 -0.0001 
10.1317 95.8338 -8.7223 2.9226 0.1222 -1.2894 -0.5260 1.2196 0.6776 -0.5261 1.2199 0.6777 -0.5275 1.2233 0.6796 38.3082 84.6904 -61.6517 95.8550 57.0899 122.4440 20.1902 1.8362 35.5595 -0.3817 1.0867 -1.8997 0.0000 0.0000 0.0001 0.0000 0.0000 0.0000 0.0000 -0.0013 -0.0008 0.0000 -0.0004 0.0001 0.0000 0.0000 0.0000 0.0000 0.0000 0.0000 0.0000 0.0002 0.0000 0.0000 -0.0006 0.0003 0.0000 0.0004 -0.0006 0.0000 0.0000 0.0001 0.0000 0.0000 0.0000 0.0000 -0.0010 -0.0002 0.0000 0.0002 30.0001 -0.0001 0.0005 -29.9998 0.0000 0.0000 0.0000 -0.1099 0.8569 1.4231 -0.1099 0.8569 1.4231 -31.5823 85.3477 74.2983 -97.3587 59.3287 -118.3011 -19.9242 7.4134 -26.7636 0.2443 0.6559 1.3632 0.0000 -0.0001 0.0001 0.0000 0.0000 0.0000 0.0000 -0.0006 0.0003 0.0000 -0.0001 0.0001 0.0000 0.0000 0.0000 0.0000 0.0000 0.0000 0.0000 0.0007 0.0001 0.0000 -0.0011 0.0001 0.0000 -0.0008 0.0003 0.0000 0.0001 0.0000 0.0000 0.0000 0.0000 0.0000 -0.0009 0.0000 0.0000 0.0002 -29.9997 -0.0001 -0.0003 29.9996 0.0000 0.0000 0.0000 4.4434 0.9321 -179.0807 -5.6607 -13.1758 -1.6774 -6.0115 76.1229 2.8738 0.0000 25.3510 0.0000 5.4748 -9.8020 179.8783 -0.0980 -12.7737 -0.0717 12.2695 68.1089 8.5356 0.0000 25.3508 -0.0001 
10.0026 95.8423 -8.3978 2.8852 0.1661 -1.1813 -0.5382 1.2390 0.6747 -0.5383 1.2392 0.6748 -0.5398 1.2427 0.6767 39.1804 84.7146 -60.9323 96.2131 57.2272 122.3084 20.6218 2.1943 35.4685 -0.3760 1.0572 -1.8518 0.0000 0.0000 0.0001 0.0000 0.0000 0.0000 0.0000 -0.0013 -0.0008 0.0000 -0.0004 0.0001 0.0000 0.0000 0.0000 0.0000 0.0000 0.0000 0.0000 0.0002 0.0000 0.0000 -0.0006 0.0003 0.0000 0.0004 -0.0006 0.0000 0.0000 0.0001 0.0000 0.0000 0.0000 0.0000 -0.0010 -0.0002 0.0000 0.0003 30.0001 -0.0001 0.0005 -29.9998 0.0000 0.0000 0.0000 -0.1095 0.9138 1.4134 -0.1095 0.9138 1.4134 -32.4926 85.4393 73.3914 -97.1756 59.1508 -117.5359 -19.6093 7.7492 -26.7016 0.2387 0.6316 1.3166 0.0000 -0.0001 0.0001 0.0000 0.0000 0.0000 0.0000 -0.0006 0.0003 0.0000 -0.0001 0.0001 0.0000 0.0000 0.0000 0.0000 0.0000 0.0000 0.0000 0.0007 0.0001 0.0000 -0.0012 0.0001 0.0000 -0.0008 0.0003 0.0000 0.0001 0.0000 0.0000 0.0000 0.0000 0.0000 -0.0009 0.0000 0.0000 0.0002 -29.9997 -0.0001 -0.0003 29.9996 0.0000 0.0000 0.0000 4.5372 0.9592 -179.0233 -5.6290 -13.5744 -1.7896 -6.6413 76.2054 2.1176 0.0000 25.3510 0.0000 5.4448 -9.7924 179.8860 -0.1077 -13.0640 -0.0704 12.0631 68.4345 8.3467 0.0000 25.3508 -0.0001 
9.8646 95.8531 -8.0835 2.8628 0.2266 -1.0666 -0.5569 1.2445 0.6709 -0.5570 1.2448 0.6711 -0.5586 1.2483 0.6729 40.0394 84.7296 -60.2294 96.5100 57.2927 122.2446 21.0782 2.4664 35.3518 -0.3713 1.0362 -1.8093 0.0000 0.0000 0.0001 0.0000 0.0000 0.0000 0.0000 -0.0013 -0.0008 0.0000 -0.0004 0.0001 0.0000 0.0000 0.0000 0.0000 0.0000 0.0000 0.0000 0.0002 0.0000 0.0000 -0.0006 0.0003 0.0000 0.0004 -0.0006 0.0000 0.0000 0.0001 0.0000 0.0000 0.0000 0.0000 -0.0010 -0.0002 0.0000 0.0002 30.0001 -0.0001 0.0005 -29.9998 0.0000 0.0000 0.0000 -0.0927 0.9863 1.3935 -0.0927 0.9863 1.3935 -33.4719 85.5331 72.4115 -97.1647 59.0198 -116.9916 -19.2562 8.0682 -26.6865 0.2336 0.6069 1.2794 0.0000 -0.0001 0.0001 0.0000 0.0000 0.0000 0.0000 -0.0006 0.0003 0.0000 -0.0001 0.0001 0.0000 0.0000 0.0000 0.0000 0.0000 0.0000 0.0000 0.0007 0.0001 0.0000 -0.0012 0.0001 0.0000 -0.0008 0.0003 0.0000 0.0001 0.0000 0.0000 0.0000 0.0000 0.0000 -0.0009 0.0000 0.0000 0.0002 -29.9996 -0.0001 -0.0003 29.9996 0.0000 0.0000 0.0000 4.6024 0.9828 -178.9778 -5.6008 -13.9337 -1.9009 -7.2835 76.2652 1.3473 0.0000 25.3510 0.0000 5.4138 -9.7749 179.8894 -0.1165 -13.2961 -0.0691 11.8337 68.7291 8.1202 0.0000 25.3508 -0.0001 
9.7234 95.8750 -7.7841 2.8555 0.3098 -0.9402 -0.5847 1.2270 0.6612 -0.5848 1.2273 0.6613 -0.5864 1.2308 0.6631 40.7707 84.7355 -59.6323 96.6698 57.2480 122.2377 21.4488 2.6146 35.3081 -0.3694 1.0268 -1.7817 0.0000 0.0000 0.0001 0.0000 0.0000 0.0000 0.0000 -0.0013 -0.0008 0.0000 -0.0004 0.0001 0.0000 0.0000 0.0000 0.0000 0.0000 0.0000 0.0000 0.0002 0.0000 0.0000 -0.0006 0.0003 0.0000 0.0004 -0.0006 0.0000 0.0000 0.0001 0.0000 0.0000 0.0000 0.0000 -0.0010 -0.0002 0.0000 0.0002 30.0001 -0.0001 0.0005 -29.9998 0.0000 0.0000 0.0000 -0.0500 1.0864 1.3640 -0.0500 1.0864 1.3640 -34.5125 85.6496 71.3692 -97.3592 58.9642 -116.8137 -18.9981 8.3076 -26.7154 0.2295 0.5854 1.2553 0.0000 -0.0001 0.0001 0.0000 0.0000 0.0000 0.0000 -0.0006 0.0003 0.0000 -0.0001 0.0001 0.0000 0.0000 0.0000 0.0000 0.0000 0.0000 0.0000 0.0007 0.0001 0.0000 -0.0012 0.0001 0.0000 -0.0008 0.0003 0.0000 0.0001 0.0000 0.0000 0.0000 0.0000 0.0000 -0.0009 0.0000 0.0000 0.0002 -29.9996 -0.0001 -0.0003 29.9996 0.0000 0.0000 0.0000 4.6292 0.9999 -178.9503 -5.5950 -14.2413 -2.0098 -7.9207 76.2989 0.5771 0.0000 25.3510 0.0000 5.4115 -9.7482 179.8761 -0.1202 -13.4521 -0.0685 11.6302 68.9809 7.8916 0.0000 25.3508 -0.0001 
9.5956 95.8957 -7.5057 2.8491 0.4065 -0.8037 -0.6177 1.1932 0.6443 -0.6178 1.1935 0.6444 -0.6196 1.1969 0.6462 41.4339 84.7404 -59.0772 96.6959 57.1383 122.2856 21.7823 2.5574 35.3803 -0.3707 1.0328 -1.7716 0.0000 0.0000 0.0001 0.0000 0.0000 0.0000 0.0000 -0.0013 -0.0008 0.0000 -0.0004 0.0001 0.0000 0.0000 0.0000 0.0000 0.0000 0.0000 0.0000 0.0002 0.0000 0.0000 -0.0006 0.0003 0.0000 0.0004 -0.0006 0.0000 0.0000 0.0001 0.0000 0.0000 0.0000 0.0000 -0.0010 -0.0002 0.0000 0.0003 30.0001 -0.0001 0.0005 -29.9998 0.0000 0.0000 0.0000 0.0106 1.2160 1.3345 0.0106 1.2160 1.3345 -35.4446 85.7646 70.4290 -97.6519 58.9463 -116.9089 -18.7799 8.6045 -26.7789 0.2274 0.5657 1.2435 0.0000 -0.0001 0.0001 0.0000 0.0000 0.0000 0.0000 -0.0006 0.0003 0.0000 -0.0001 0.0001 0.0000 0.0000 0.0000 0.0000 0.0000 0.0000 0.0000 0.0007 0.0001 0.0000 -0.0012 0.0001 0.0000 -0.0008 0.0003 0.0000 0.0001 0.0000 0.0000 0.0000 0.0000 0.0000 -0.0008 0.0000 0.0000 0.0002 -29.9996 -0.0001 -0.0003 29.9996 0.0000 0.0000 0.0000 4.6521 1.0169 -178.9324 -5.6045 -14.5102 -2.1160 -8.5483 76.3197 -0.1934 0.0000 25.3510 0.0000 5.4416 -9.7359 179.8379 -0.1214 -13.5890 -0.0682 11.4860 69.2102 7.7069 0.0000 25.3508 -0.0001 
9.4808 95.9160 -7.2389 2.8382 0.5086 -0.6604 -0.6514 1.1482 0.6208 -0.6516 1.1484 0.6209 -0.6534 1.1517 0.6226 42.0664 84.7521 -58.5272 96.6231 56.9880 122.4145 22.0426 2.3704 35.5511 -0.3750 1.0496 -1.7777 0.0000 0.0000 0.0001 0.0000 0.0000 0.0000 0.0000 -0.0013 -0.0008 0.0000 -0.0004 0.0001 0.0000 0.0000 0.0000 0.0000 0.0000 0.0000 0.0000 0.0002 0.0000 0.0000 -0.0006 0.0003 0.0000 0.0004 -0.0006 0.0000 0.0000 0.0001 0.0000 0.0000 0.0000 0.0000 -0.0010 -0.0002 0.0000 0.0002 30.0001 -0.0001 0.0005 -29.9998 0.0000 0.0000 0.0000 0.0807 1.3677 1.3099 0.0807 1.3677 1.3099 -36.1449 85.8528 69.7154 -97.9704 58.9381 -117.1779 -18.5827 8.9368 -26.9210 0.2278 0.5490 1.2443 0.0000 -0.0001 0.0001 0.0000 0.0000 0.0000 0.0000 -0.0006 0.0003 0.0000 -0.0001 0.0001 0.0000 0.0000 0.0000 0.0000 0.0000 0.0000 0.0000 0.0007 0.0001 0.0000 -0.0012 0.0001 0.0000 -0.0008 0.0003 0.0000 0.0001 0.0000 0.0000 0.0000 0.0000 0.0000 -0.0009 0.0000 0.0000 0.0002 -29.9996 -0.0001 -0.0003 29.9996 0.0000 0.0000 0.0000 4.6789 1.0347 -178.9188 -5.6266 -14.7491 -2.2234 -9.1467 76.3288 -0.9421 0.0000 25.3510 0.0000 5.4946 -9.7492 179.7814 -0.1213 -13.7555 -0.0681 11.3958 69.4478 7.5733 0.0000 25.3508 -0.0001 
9.3727 95.9287 -6.9758 2.8163 0.6040 -0.5124 -0.6790 1.0949 0.5882 -0.6791 1.0951 0.5883 -0.6810 1.0982 0.5899 42.5887 84.7709 -58.0483 96.4531 56.8000 122.6922 22.1200 2.0894 35.8725 -0.3837 1.0779 -1.8095 0.0000 0.0000 0.0001 0.0000 0.0000 0.0000 0.0000 -0.0013 -0.0008 0.0000 -0.0004 0.0001 0.0000 0.0000 0.0000 0.0000 0.0000 0.0000 0.0000 0.0002 0.0000 0.0000 -0.0006 0.0003 0.0000 0.0004 -0.0006 0.0000 0.0000 0.0001 0.0000 0.0000 0.0000 0.0000 -0.0010 -0.0002 0.0000 0.0002 30.0001 -0.0001 0.0005 -29.9998 0.0000 0.0000 0.0000 0.1501 1.5404 1.2991 0.1501 1.5404 1.2991 -36.3441 85.8844 69.4929 -98.2089 58.8946 -117.5683 -18.3908 9.2593 -27.2884 0.2329 0.5393 1.2670 0.0000 -0.0001 0.0001 0.0000 0.0000 0.0000 0.0000 -0.0006 0.0003 0.0000 -0.0001 0.0001 0.0000 0.0000 0.0000 0.0000 0.0000 0.0000 0.0000 0.0007 0.0001 0.0000 -0.0012 0.0001 0.0000 -0.0008 0.0003 0.0000 0.0001 0.0000 0.0000 0.0000 0.0000 0.0000 -0.0009 0.0000 0.0000 0.0002 -29.9996 -0.0001 -0.0003 29.9996 0.0000 0.0000 0.0000 4.6966 1.0614 -178.9087 -5.6725 -14.9508 -2.3346 -9.6898 76.3227 -1.6310 0.0000 25.3510 0.0000 5.5564 -9.7721 179.7158 -0.1176 -13.9512 -0.0683 11.3177 69.6999 7.4666 0.0000 25.3508 -0.0001 
9.2603 95.9460 -6.7152 2.7837 0.6839 -0.3647 -0.6958 1.0415 0.5510 -0.6959 1.0417 0.5510 -0.6979 1.0447 0.5526 42.8924 84.7854 -57.7601 96.2335 56.6170 123.0537 22.0888 1.7197 36.3758 -0.3964 1.1157 -1.8620 0.0000 0.0000 0.0001 0.0000 0.0000 0.0000 0.0000 -0.0013 -0.0008 0.0000 -0.0004 0.0001 0.0000 0.0000 0.0000 0.0000 0.0000 0.0000 0.0000 0.0002 0.0000 0.0000 -0.0006 0.0003 0.0000 0.0004 -0.0006 0.0000 0.0000 0.0001 0.0000 0.0000 0.0000 0.0000 -0.0010 -0.0002 0.0000 0.0002 30.0001 -0.0001 0.0005 -29.9998 0.0000 0.0000 0.0000 0.2061 1.7265 1.2995 0.2061 1.7265 1.2995 -36.1810 85.8649 69.6294 -98.3061 58.7919 -117.9712 -18.1248 9.5849 -27.8749 0.2420 0.5345 1.3082 0.0000 -0.0001 0.0001 0.0000 0.0000 0.0000 0.0000 -0.0006 0.0003 0.0000 -0.0001 0.0001 0.0000 0.0000 0.0000 0.0000 0.0000 0.0000 0.0000 0.0007 0.0001 0.0000 -0.0012 0.0001 0.0000 -0.0008 0.0003 0.0000 0.0001 0.0000 0.0000 0.0000 0.0000 0.0000 -0.0009 0.0000 0.0000 0.0002 -29.9996 -0.0001 -0.0003 29.9996 0.0000 0.0000 0.0000 4.6935 1.1058 -178.9064 -5.7574 -15.1269 -2.4283 -10.2207 76.3091 -2.3110 0.0000 25.3510 0.0000 5.5952 -9.7566 179.6561 -0.1113 -14.0951 -0.0689 11.1685 69.9278 7.3223 0.0000 25.3508 -0.0001 
9.1449 95.9718 -6.4622 2.7403 0.7512 -0.2198 -0.7019 0.9922 0.5126 -0.7020 0.9924 0.5127 -0.7040 0.9953 0.5141 42.9728 84.7878 -57.6804 95.9560 56.4382 123.4983 21.9780 1.2890 37.0143 -0.4135 1.1638 -1.9334 0.0000 0.0000 0.0001 0.0000 0.0000 0.0000 0.0000 -0.0013 -0.0008 0.0000 -0.0004 0.0001 0.0000 0.0000 0.0000 0.0000 0.0000 0.0000 0.0000 0.0002 0.0000 0.0000 -0.0006 0.0003 0.0000 0.0004 -0.0006 0.0000 0.0000 0.0001 0.0000 0.0000 0.0000 0.0000 -0.0010 -0.0002 0.0000 0.0003 30.0001 -0.0001 0.0005 -29.9998 0.0000 0.0000 0.0000 0.2491 1.9136 1.3034 0.2491 1.9136 1.3034 -35.7426 85.7900 70.0430 -98.3086 58.6607 -118.4020 -17.8019 9.9132 -28.6398 0.2550 0.5339 1.3671 0.0000 -0.0001 0.0001 0.0000 0.0000 0.0000 0.0000 -0.0006 0.0003 0.0000 -0.0001 0.0001 0.0000 0.0000 0.0000 0.0000 0.0000 0.0000 0.0000 0.0007 0.0001 0.0000 -0.0012 0.0001 0.0000 -0.0008 0.0003 0.0000 0.0001 0.0000 0.0000 0.0000 0.0000 0.0000 -0.0009 0.0000 0.0000 0.0002 -29.9997 -0.0001 -0.0002 29.9996 0.0000 0.0000 0.0000 4.6717 1.1641 -178.9144 -5.8796 -15.2702 -2.4981 -10.7411 76.2788 -2.9865 0.0000 25.3510 0.0000 5.6048 -9.6858 179.6034 -0.1044 -14.1409 -0.0697 10.9305 70.1050 7.1242 0.0000 25.3508 -0.0001 
9.0336 96.0087 -6.2367 2.6848 0.8051 -0.0829 -0.6931 0.9497 0.4760 -0.6932 0.9499 0.4760 -0.6951 0.9526 0.4774 42.8090 84.7593 -57.8271 95.6158 56.2805 124.0413 21.8040 0.7924 37.8386 -0.4366 1.2256 -2.0277 0.0000 0.0000 0.0001 0.0000 0.0000 0.0000 0.0000 -0.0013 -0.0008 0.0000 -0.0004 0.0001 0.0000 0.0000 0.0000 0.0000 0.0000 0.0000 0.0000 0.0002 -0.0001 0.0000 -0.0006 0.0003 0.0000 0.0004 -0.0006 0.0000 0.0000 0.0001 0.0000 0.0000 0.0000 0.0000 -0.0010 -0.0002 0.0000 0.0002 30.0001 -0.0001 0.0005 -29.9998 0.0000 0.0000 0.0000 0.2746 2.0878 1.3030 0.2746 2.0878 1.3030 -35.0911 85.6400 70.6719 -98.2795 58.5593 -118.9518 -17.5063 10.1894 -29.6201 0.2729 0.5401 1.4494 0.0000 -0.0001 0.0001 0.0000 0.0000 0.0000 0.0000 -0.0006 0.0003 0.0000 -0.0001 0.0001 0.0000 0.0000 0.0000 0.0000 0.0000 0.0000 0.0000 0.0007 0.0001 0.0000 -0.0012 0.0001 0.0000 -0.0008 0.0003 0.0000 0.0001 0.0000 0.0000 0.0000 0.0000 0.0000 -0.0009 0.0000 0.0000 0.0002 -29.9997 -0.0001 -0.0003 29.9996 0.0000 0.0000 0.0000 4.6190 1.2333 -178.9402 -6.0314 -15.3630 -2.5372 -11.2501 76.2152 -3.6363 0.0000 25.3510 0.0000 5.5741 -9.5408 179.5569 -0.1006 -14.0263 -0.0703 10.5816 70.1876 6.8580 0.0000 25.3508 -0.0001 
8.9281 96.0534 -6.0308 2.6267 0.8560 0.0501 -0.6734 0.9100 0.4401 -0.6734 0.9102 0.4402 -0.6754 0.9128 0.4414 42.5473 84.7082 -58.0549 95.2114 56.1424 124.5998 21.5921 0.2681 38.8033 -0.4646 1.2971 -2.1355 0.0000 0.0000 0.0001 0.0000 0.0000 0.0000 0.0000 -0.0013 -0.0008 0.0000 -0.0004 0.0001 0.0000 0.0000 0.0000 0.0000 0.0000 0.0000 0.0000 0.0002 0.0000 0.0000 -0.0006 0.0003 0.0000 0.0004 -0.0006 0.0000 0.0000 0.0001 0.0000 0.0000 0.0000 0.0000 -0.0010 -0.0002 0.0000 0.0002 30.0001 -0.0001 0.0005 -29.9998 0.0000 0.0000 0.0000 0.2898 2.2394 1.2904 0.2898 2.2394 1.2904 -34.4068 85.4565 71.3386 -98.3025 58.5271 -119.6527 -17.3424 10.3456 -30.7273 0.2940 0.5531 1.5485 0.0000 -0.0001 0.0001 0.0000 0.0000 0.0000 0.0000 -0.0006 0.0003 0.0000 -0.0001 0.0001 0.0000 0.0000 0.0000 0.0000 0.0000 0.0000 0.0000 0.0007 0.0001 0.0000 -0.0012 0.0001 0.0000 -0.0008 0.0003 0.0000 0.0001 0.0000 0.0000 0.0000 0.0000 0.0000 -0.0009 0.0000 0.0000 0.0002 -29.9996 -0.0001 -0.0003 29.9996 0.0000 0.0000 0.0000 4.5227 1.3103 -178.9817 -6.1938 -15.4103 -2.5611 -11.7650 76.1204 -4.2604 0.0000 25.3510 0.0000 5.5270 -9.3625 179.5096 -0.0983 -13.8256 -0.0708 10.1850 70.2159 6.5603 0.0000 25.3508 -0.0001 
8.8266 96.1000 -5.8402 2.5703 0.9109 0.1834 -0.6456 0.8703 0.4036 -0.6456 0.8705 0.4036 -0.6475 0.8730 0.4048 42.2693 84.6419 -58.2809 94.7420 56.0221 125.1329 21.3318 -0.2531 39.8804 -0.4969 1.3749 -2.2523 0.0000 0.0000 0.0001 0.0000 0.0000 0.0000 0.0000 -0.0013 -0.0008 0.0000 -0.0004 0.0001 0.0000 0.0000 0.0000 0.0000 0.0000 0.0000 0.0000 0.0002 0.0000 0.0000 -0.0006 0.0003 0.0000 0.0004 -0.0006 0.0000 0.0000 0.0001 0.0000 0.0000 0.0000 0.0000 -0.0010 -0.0002 0.0000 0.0003 30.0001 -0.0001 0.0005 -29.9998 0.0000 0.0000 0.0000 0.2978 2.3731 1.2656 0.2978 2.3731 1.2656 -33.7731 85.2560 71.9569 -98.3690 58.5609 -120.4716 -17.3084 10.3889 -31.9263 0.3180 0.5726 1.6615 0.0000 -0.0001 0.0001 0.0000 0.0000 0.0000 0.0000 -0.0006 0.0003 0.0000 -0.0001 0.0001 0.0000 0.0000 0.0000 0.0000 0.0000 0.0000 0.0000 0.0007 0.0001 0.0000 -0.0011 0.0001 0.0000 -0.0008 0.0003 0.0000 0.0001 0.0000 0.0000 0.0000 0.0000 0.0000 -0.0009 0.0000 0.0000 0.0002 -29.9997 -0.0001 -0.0003 29.9996 0.0000 0.0000 0.0000 4.4017 1.3877 -179.0354 -6.3563 -15.4249 -2.5706 -12.2977 76.0003 -4.8864 0.0000 25.3510 0.0000 5.4746 -9.1754 179.4578 -0.0960 -13.5814 -0.0713 9.7664 70.2128 6.2464 0.0000 25.3508 -0.0001 
8.7324 96.1490 -5.6674 2.5199 0.9821 0.3252 -0.6102 0.8302 0.3635 -0.6103 0.8304 0.3636 -0.6120 0.8328 0.3646 42.0729 84.5596 -58.4026 94.1850 55.9375 125.6570 20.9795 -0.7176 41.0717 -0.5348 1.4585 -2.3821 0.0000 0.0000 0.0001 0.0000 0.0000 0.0000 0.0000 -0.0013 -0.0008 0.0000 -0.0004 0.0001 0.0000 0.0000 0.0000 0.0000 0.0000 0.0000 0.0000 0.0002 0.0000 0.0000 -0.0006 0.0003 0.0000 0.0004 -0.0006 0.0000 0.0000 0.0001 0.0000 0.0000 0.0000 0.0000 -0.0010 -0.0002 0.0000 0.0002 30.0001 -0.0001 0.0005 -29.9998 0.0000 0.0000 0.0000 0.3032 2.4785 1.2231 0.3032 2.4785 1.2231 -33.2465 85.0443 72.4665 -98.4804 58.6762 -121.3792 -17.4366 10.2914 -33.2330 0.3450 0.6004 1.7877 0.0000 -0.0001 0.0001 0.0000 0.0000 0.0000 0.0000 -0.0006 0.0003 0.0000 -0.0001 0.0001 0.0000 0.0000 0.0000 0.0000 0.0000 0.0000 0.0000 0.0007 0.0001 0.0000 -0.0012 0.0001 0.0000 -0.0008 0.0003 0.0000 0.0001 0.0000 0.0000 0.0000 0.0000 0.0000 -0.0009 0.0000 0.0000 0.0002 -29.9996 -0.0001 -0.0003 29.9996 0.0000 0.0000 0.0000 4.2755 1.4559 -179.0974 -6.5071 -15.3960 -2.5712 -12.8368 75.8420 -5.5215 0.0000 25.3510 0.0000 5.4264 -9.0004 179.3899 -0.0932 -13.3105 -0.0718 9.3418 70.1856 5.9240 0.0000 25.3508 -0.0001 
8.6405 96.1984 -5.5091 2.4739 1.0694 0.4767 -0.5730 0.7917 0.3213 -0.5730 0.7918 0.3213 -0.5747 0.7941 0.3222 42.0008 84.4724 -58.3919 93.5880 55.8913 126.1611 20.5530 -1.1284 42.3149 -0.5762 1.5435 -2.5190 0.0000 0.0000 0.0001 0.0000 0.0000 0.0000 0.0000 -0.0013 -0.0008 0.0000 -0.0004 0.0001 0.0000 0.0000 0.0000 0.0000 0.0000 0.0000 0.0000 0.0003 0.0000 0.0000 -0.0006 0.0003 0.0000 0.0004 -0.0006 0.0000 0.0000 0.0001 0.0000 0.0000 0.0000 0.0000 -0.0010 -0.0002 0.0000 0.0003 30.0001 -0.0001 0.0005 -29.9998 0.0000 0.0000 0.0000 0.3141 2.5548 1.1681 0.3141 2.5548 1.1681 -32.8973 84.8352 72.7918 -98.6008 58.8356 -122.3330 -17.6518 10.1281 -34.5620 0.3743 0.6342 1.9221 0.0000 -0.0001 0.0001 0.0000 0.0000 0.0000 0.0000 -0.0006 0.0003 0.0000 -0.0001 0.0001 0.0000 0.0000 0.0000 0.0000 0.0000 0.0000 0.0000 0.0007 0.0001 0.0000 -0.0012 0.0001 0.0000 -0.0008 0.0003 0.0000 0.0001 0.0000 0.0000 0.0000 0.0000 0.0000 -0.0009 0.0000 0.0000 0.0002 -29.9996 -0.0001 -0.0003 29.9996 0.0000 0.0000 0.0000 4.1626 1.5148 -179.1625 -6.6404 -15.3443 -2.5754 -13.3519 75.6630 -6.1460 0.0000 25.3510 0.0000 5.3820 -8.8461 179.3080 -0.0895 -13.0333 -0.0725 8.9167 70.1453 5.5991 0.0000 25.3508 -0.0001 
8.5540 96.2472 -5.3679 2.4306 1.1695 0.6370 -0.5350 0.7564 0.2778 -0.5350 0.7565 0.2778 -0.5366 0.7587 0.2787 42.0597 84.3893 -58.2386 92.9917 55.8794 126.6559 20.0760 -1.5146 43.5730 -0.6195 1.6282 -2.6595 0.0000 0.0000 0.0001 0.0000 0.0000 0.0000 0.0000 -0.0013 -0.0008 0.0000 -0.0004 0.0001 0.0000 0.0000 0.0000 0.0000 0.0000 0.0000 0.0000 0.0002 0.0000 0.0000 -0.0006 0.0003 0.0000 0.0004 -0.0006 0.0000 0.0000 0.0001 0.0000 0.0000 0.0000 0.0000 -0.0010 -0.0002 0.0000 0.0002 30.0001 -0.0001 0.0005 -29.9998 0.0000 0.0000 0.0000 0.3299 2.6003 1.1055 0.3299 2.6003 1.1055 -32.7022 84.6308 72.9580 -98.6949 59.0112 -123.2939 -17.9110 9.9206 -35.8720 0.4077 0.6777 2.0674 0.0000 -0.0001 0.0001 0.0000 0.0000 0.0000 0.0000 -0.0006 0.0003 0.0000 -0.0001 0.0001 0.0000 0.0000 0.0000 0.0000 0.0000 0.0000 0.0000 0.0007 0.0001 0.0000 -0.0012 0.0001 0.0000 -0.0008 0.0003 0.0000 0.0001 0.0000 0.0000 0.0000 0.0000 0.0000 -0.0009 0.0000 0.0000 0.0002 -29.9997 -0.0001 -0.0003 29.9996 0.0000 0.0000 0.0000 4.0539 1.5715 -179.2307 -6.7662 -15.2739 -2.5845 -13.8463 75.4686 -6.7638 0.0000 25.3510 0.0000 5.3345 -8.7091 179.2112 -0.0857 -12.7457 -0.0731 8.4931 70.0886 5.2811 0.0000 25.3508 -0.0001 
8.4805 96.3001 -5.2439 2.3875 1.2872 0.8065 -0.4966 0.7301 0.2335 -0.4966 0.7302 0.2335 -0.4981 0.7323 0.2342 42.2777 84.3228 -57.9038 92.5048 55.8373 127.1287 19.5863 -1.9086 44.7832 -0.6239 1.6191 -2.7475 0.0000 0.0000 0.0001 0.0000 0.0000 0.0000 0.0000 -0.0013 -0.0008 0.0000 -0.0004 0.0001 0.0000 0.0000 0.0000 0.0000 0.0000 0.0000 0.0000 0.0003 0.0000 0.0000 -0.0006 0.0003 0.0000 0.0004 -0.0006 0.0000 0.0000 0.0001 0.0000 0.0000 0.0000 0.0000 -0.0010 -0.0002 0.0000 0.0002 30.0001 -0.0001 0.0005 -29.9998 0.0000 0.0000 0.0000 0.3523 2.5939 1.0407 0.3523 2.5939 1.0407 -32.6613 84.4312 72.9643 -98.6614 59.1354 -124.1585 -18.1481 9.6693 -37.0955 0.4423 0.7274 2.2106 0.0000 -0.0001 0.0001 0.0000 0.0000 0.0000 0.0000 -0.0006 0.0003 0.0000 -0.0001 0.0001 0.0000 0.0000 0.0000 0.0000 0.0000 0.0000 0.0000 0.0007 0.0001 0.0000 -0.0011 0.0001 0.0000 -0.0008 0.0003 0.0000 0.0001 0.0000 0.0000 0.0000 0.0000 0.0000 -0.0009 0.0000 0.0000 0.0002 -29.9996 -0.0001 -0.0003 29.9996 0.0000 0.0000 0.0000 3.9648 1.6175 -179.3085 -6.8776 -15.1889 -2.5906 -14.3218 75.2502 -7.3928 0.0000 25.3511 0.0000 5.2751 -8.5937 179.0936 -0.0826 -12.4474 -0.0737 8.0778 70.0157 4.9903 0.0000 25.3508 -0.0001 
8.4201 96.3532 -5.1302 2.3422 1.4180 0.9792 -0.4589 0.7122 0.1885 -0.4589 0.7123 0.1885 -0.4603 0.7144 0.1890 42.5159 84.2612 -57.5332 92.1312 55.7815 127.6044 19.1539 -2.3618 45.8913 -0.6034 1.5612 -2.7993 0.0000 0.0000 0.0001 0.0000 0.0000 0.0000 0.0000 -0.0013 -0.0008 0.0000 -0.0004 0.0001 0.0000 0.0000 0.0000 0.0000 0.0000 0.0000 0.0000 0.0002 0.0000 0.0000 -0.0006 0.0003 0.0000 0.0004 -0.0006 0.0000 0.0000 0.0001 0.0000 0.0000 0.0000 0.0000 -0.0010 -0.0002 0.0000 0.0002 30.0001 -0.0001 0.0005 -29.9998 0.0000 0.0000 0.0000 0.3782 2.5454 0.9829 0.3782 2.5454 0.9829 -32.7035 84.2376 72.8833 -98.5137 59.1936 -124.8760 -18.3269 9.3854 -38.2223 0.4767 0.7804 2.3465 0.0000 -0.0001 0.0001 0.0000 0.0000 0.0000 0.0000 -0.0006 0.0003 0.0000 -0.0001 0.0001 0.0000 0.0000 0.0000 0.0000 0.0000 0.0000 0.0000 0.0007 0.0001 0.0000 -0.0012 0.0001 0.0000 -0.0008 0.0003 0.0000 0.0001 0.0000 0.0000 0.0000 0.0000 0.0000 -0.0009 0.0000 0.0000 0.0002 -29.9997 -0.0001 -0.0003 29.9996 0.0000 0.0000 0.0000 3.8928 1.6505 -179.3933 -6.9804 -15.1000 -2.5912 -14.7748 75.0291 -8.0162 0.0000 25.3510 0.0000 5.2044 -8.4940 178.9621 -0.0820 -12.1429 -0.0740 7.6788 69.9342 4.7324 0.0000 25.3508 -0.0001 
8.3619 96.4061 -5.0271 2.2948 1.5576 1.1519 -0.4228 0.7016 0.1431 -0.4229 0.7017 0.1431 -0.4241 0.7037 0.1435 42.7526 84.2044 -57.1547 91.8135 55.7419 128.0731 18.7999 -2.8806 46.8663 -0.5826 1.5151 -2.8445 0.0000 0.0000 0.0001 0.0000 0.0000 0.0000 0.0000 -0.0013 -0.0008 0.0000 -0.0004 0.0001 0.0000 0.0000 0.0000 0.0000 0.0000 0.0000 0.0000 0.0002 0.0000 0.0000 -0.0006 0.0003 0.0000 0.0004 -0.0006 0.0000 0.0000 0.0001 0.0000 0.0000 0.0000 0.0000 -0.0010 -0.0002 0.0000 0.0002 30.0001 -0.0001 0.0005 -29.9998 0.0000 0.0000 0.0000 0.4047 2.4675 0.9334 0.4047 2.4675 0.9334 -32.8063 84.0527 72.7427 -98.2839 59.1920 -125.4718 -18.4512 9.0776 -39.2221 0.5098 0.8351 2.4719 0.0000 -0.0001 0.0001 0.0000 0.0000 0.0000 0.0000 -0.0006 0.0003 0.0000 -0.0001 0.0001 0.0000 0.0000 0.0000 0.0000 0.0000 0.0000 0.0000 0.0007 0.0001 0.0000 -0.0011 0.0001 0.0000 -0.0008 0.0003 0.0000 0.0001 0.0000 0.0000 0.0000 0.0000 0.0000 -0.0009 0.0000 0.0000 0.0002 -29.9996 -0.0001 -0.0003 29.9996 0.0000 0.0000 0.0000 3.8358 1.6722 -179.4830 -7.0692 -15.0112 -2.5881 -15.2060 74.8075 -8.6249 0.0000 25.3510 0.0000 5.1359 -8.4162 178.8274 -0.0825 -11.8512 -0.0741 7.2924 69.8515 4.4895 0.0000 25.3508 -0.0001 
8.2852 96.4516 -4.9440 2.2461 1.7032 1.3195 -0.3913 0.7010 0.0986 -0.3913 0.7011 0.0986 -0.3925 0.7031 0.0989 42.9695 84.1566 -56.7879 91.5645 55.7249 128.4907 18.5753 -3.4352 47.5836 -0.5639 1.4871 -2.8771 0.0000 0.0000 0.0001 0.0000 0.0000 0.0000 0.0000 -0.0013 -0.0008 0.0000 -0.0004 0.0001 0.0000 0.0000 0.0000 0.0000 0.0000 0.0000 0.0000 0.0002 0.0000 0.0000 -0.0006 0.0003 0.0000 0.0004 -0.0006 0.0000 0.0000 0.0001 0.0000 0.0000 0.0000 0.0000 -0.0010 -0.0002 0.0000 0.0002 30.0001 -0.0001 0.0005 -29.9998 0.0000 0.0000 0.0000 0.4290 2.3653 0.8962 0.4290 2.3653 0.8962 -32.9382 83.8824 72.5809 -97.9489 59.1028 -125.9252 -18.4938 8.7580 -39.9217 0.5383 0.8894 2.5764 0.0000 -0.0001 0.0001 0.0000 0.0000 0.0000 0.0000 -0.0006 0.0003 0.0000 -0.0001 0.0001 0.0000 0.0000 0.0000 0.0000 0.0000 0.0000 0.0000 0.0007 0.0001 0.0000 -0.0011 0.0001 0.0000 -0.0008 0.0003 0.0000 0.0001 0.0000 0.0000 0.0000 0.0000 0.0000 -0.0009 0.0000 0.0000 0.0002 -29.9996 -0.0001 -0.0003 29.9996 0.0000 0.0000 0.0000 3.7967 1.6806 -179.5791 -7.1259 -14.9275 -2.5812 -15.6121 74.5907 -9.1982 0.0000 25.3510 0.0000 5.0900 -8.3751 178.7068 -0.0820 -11.5915 -0.0744 6.8966 69.7665 4.2150 0.0000 25.3508 -0.0001 
8.1861 96.4912 -4.8770 2.1973 1.8467 1.4766 -0.3663 0.7074 0.0577 -0.3663 0.7075 0.0577 -0.3674 0.7096 0.0579 43.1378 84.1172 -56.4702 91.3307 55.7336 128.8111 18.4343 -3.9738 48.0766 -0.5489 1.4747 -2.9015 0.0000 0.0000 0.0001 0.0000 0.0000 0.0000 0.0000 -0.0013 -0.0008 0.0000 -0.0004 0.0001 0.0000 0.0000 0.0000 0.0000 0.0000 0.0000 0.0000 0.0002 0.0000 0.0000 -0.0006 0.0003 0.0000 0.0004 -0.0006 0.0000 0.0000 0.0001 0.0000 0.0000 0.0000 0.0000 -0.0010 -0.0002 0.0000 0.0003 30.0001 -0.0001 0.0005 -29.9998 0.0000 0.0000 0.0000 0.4517 2.2630 0.8670 0.4517 2.2630 0.8670 -33.0966 83.7300 72.3959 -97.6054 58.9554 -126.2570 -18.4839 8.4247 -40.3583 0.5601 0.9393 2.6558 0.0000 -0.0001 0.0001 0.0000 0.0000 0.0000 0.0000 -0.0006 0.0003 0.0000 -0.0001 0.0001 0.0000 0.0000 0.0000 0.0000 0.0000 0.0000 0.0000 0.0007 0.0001 0.0000 -0.0011 0.0001 0.0000 -0.0008 0.0003 0.0000 0.0001 0.0000 0.0000 0.0000 0.0000 0.0000 -0.0008 0.0000 0.0000 0.0002 -29.9996 -0.0001 -0.0003 29.9996 0.0000 0.0000 0.0000 3.7640 1.6786 -179.6739 -7.1568 -14.8572 -2.5737 -15.9931 74.3841 -9.7225 0.0000 25.3510 0.0000 5.0773 -8.3618 178.6094 -0.0799 -11.3654 -0.0747 6.4927 69.6819 3.8958 0.0000 25.3508 -0.0001 
8.0762 96.5265 -4.8186 2.1491 1.9846 1.6204 -0.3472 0.7194 0.0215 -0.3472 0.7195 0.0215 -0.3482 0.7217 0.0215 43.2566 84.0812 -56.2098 91.0853 55.7637 129.0126 18.3414 -4.4583 48.3594 -0.5383 1.4754 -2.9197 0.0000 0.0000 0.0001 0.0000 0.0000 0.0000 0.0000 -0.0013 -0.0008 0.0000 -0.0004 0.0001 0.0000 0.0000 0.0000 0.0000 0.0000 0.0000 0.0000 0.0002 0.0000 0.0000 -0.0006 0.0003 0.0000 0.0004 -0.0006 0.0000 0.0000 0.0001 0.0000 0.0000 0.0000 0.0000 -0.0010 -0.0002 0.0000 0.0002 30.0001 -0.0001 0.0005 -29.9998 0.0000 0.0000 0.0000 0.4721 2.1711 0.8428 0.4721 2.1711 0.8428 -33.2807 83.5974 72.1876 -97.2979 58.7779 -126.5069 -18.4437 8.0984 -40.5513 0.5751 0.9828 2.7114 0.0000 -0.0001 0.0001 0.0000 0.0000 0.0000 0.0000 -0.0006 0.0003 0.0000 -0.0001 0.0001 0.0000 0.0000 0.0000 0.0000 0.0000 0.0000 0.0000 0.0007 0.0001 0.0000 -0.0011 0.0001 0.0000 -0.0008 0.0003 0.0000 0.0001 0.0000 0.0000 0.0000 0.0000 0.0000 -0.0008 0.0000 0.0000 0.0002 -29.9996 -0.0001 -0.0003 29.9996 0.0000 0.0000 0.0000 3.7325 1.6673 -179.7601 -7.1703 -14.8051 -2.5689 -16.3446 74.1983 -10.1863 0.0000 25.3510 0.0000 5.0944 -8.3643 178.5317 -0.0777 -11.1665 -0.0751 6.1024 69.6006 3.5558 0.0000 25.3508 -0.0001 
7.9641 96.5542 -4.7650 2.1029 2.1097 1.7393 -0.3363 0.7391 -0.0057 -0.3363 0.7392 -0.0057 -0.3373 0.7414 -0.0058 43.2878 84.0446 -56.0670 90.8451 55.8045 129.0521 18.2921 -4.8198 48.3087 -0.5344 1.4928 -2.9297 0.0000 0.0000 0.0001 0.0000 0.0000 0.0000 0.0000 -0.0013 -0.0008 0.0000 -0.0004 0.0001 0.0000 0.0000 0.0000 0.0000 0.0000 0.0000 0.0000 0.0002 0.0000 0.0000 -0.0006 0.0003 0.0000 0.0004 -0.0006 0.0000 0.0000 0.0001 0.0000 0.0000 0.0000 0.0000 -0.0010 -0.0002 0.0000 0.0002 30.0001 -0.0001 0.0005 -29.9998 0.0000 0.0000 0.0000 0.4876 2.1063 0.8219 0.4876 2.1063 0.8219 -33.4770 83.4959 71.9725 -97.1147 58.5963 -126.6554 -18.4133 7.7912 -40.4161 0.5788 1.0134 2.7299 0.0000 -0.0001 0.0001 0.0000 0.0000 0.0000 0.0000 -0.0006 0.0003 0.0000 -0.0001 0.0001 0.0000 0.0000 0.0000 0.0000 0.0000 0.0000 0.0000 0.0007 0.0001 0.0000 -0.0012 0.0001 0.0000 -0.0008 0.0003 0.0000 0.0001 0.0000 0.0000 0.0000 0.0000 0.0000 -0.0009 0.0000 0.0000 0.0002 -29.9996 -0.0001 -0.0003 29.9996 0.0000 0.0000 0.0000 3.6992 1.6470 -179.8215 -7.1590 -14.7846 -2.5762 -16.6638 74.0387 -10.5690 0.0000 25.3510 0.0000 5.1397 -8.3754 178.4803 -0.0765 -11.0003 -0.0753 5.7556 69.5273 3.2211 0.0000 25.3508 -0.0001 
7.8502 96.5768 -4.6993 2.0610 2.2242 1.8343 -0.3309 0.7639 -0.0240 -0.3309 0.7640 -0.0240 -0.3319 0.7662 -0.0241 43.2410 84.0079 -56.0363 90.6450 55.8587 128.9807 18.2849 -5.0252 47.9988 -0.5361 1.5197 -2.9325 0.0000 0.0000 0.0001 0.0000 0.0000 0.0000 0.0000 -0.0013 -0.0008 0.0000 -0.0004 0.0001 0.0000 0.0000 0.0000 0.0000 0.0000 0.0000 0.0000 0.0002 0.0000 0.0000 -0.0006 0.0003 0.0000 0.0004 -0.0006 0.0000 0.0000 0.0001 0.0000 0.0000 0.0000 0.0000 -0.0010 -0.0002 0.0000 0.0002 30.0001 -0.0002 0.0005 -29.9998 0.0000 0.0000 0.0000 0.4984 2.0636 0.8001 0.4984 2.0636 0.8001 -33.6481 83.4294 71.7862 -97.0019 58.4276 -126.7303 -18.3963 7.5393 -40.0053 0.5744 1.0325 2.7200 0.0000 -0.0001 0.0001 0.0000 0.0000 0.0000 0.0000 -0.0006 0.0003 0.0000 -0.0001 0.0001 0.0000 0.0000 0.0000 0.0000 0.0000 0.0000 0.0000 0.0007 0.0001 0.0000 -0.0012 0.0001 0.0000 -0.0008 0.0003 0.0000 0.0001 0.0000 0.0000 0.0000 0.0000 0.0000 -0.0008 0.0000 0.0000 0.0002 -29.9997 -0.0001 -0.0003 29.9996 0.0000 0.0000 0.0000 3.6687 1.6229 -179.8589 -7.1305 -14.7907 -2.5903 -16.9644 73.8998 -10.8965 0.0000 25.3510 0.0000 5.1921 -8.3822 178.4545 -0.0755 -10.8601 -0.0755 5.4462 69.4734 2.9055 0.0000 25.3508 -0.0001 
7.7304 96.5943 -4.6129 2.0232 2.3302 1.9096 -0.3287 0.7920 -0.0347 -0.3287 0.7921 -0.0347 -0.3297 0.7944 -0.0348 43.1281 83.9738 -56.0992 90.5059 55.9406 128.8248 18.3383 -5.0755 47.5014 -0.5426 1.5529 -2.9289 0.0000 0.0000 0.0001 0.0000 0.0000 0.0000 0.0000 -0.0013 -0.0008 0.0000 -0.0004 0.0001 0.0000 0.0000 0.0000 0.0000 0.0000 0.0000 0.0000 0.0002 0.0000 0.0000 -0.0006 0.0003 0.0000 0.0004 -0.0006 0.0000 0.0000 0.0001 0.0000 0.0000 0.0000 0.0000 -0.0010 -0.0002 0.0000 0.0002 30.0001 -0.0001 0.0005 -29.9998 0.0000 0.0000 0.0000 0.5045 2.0370 0.7760 0.5045 2.0370 0.7760 -33.7848 83.3992 71.6349 -96.9712 58.3038 -126.7221 -18.4333 7.3424 -39.4185 0.5634 1.0408 2.6863 0.0000 -0.0001 0.0001 0.0000 0.0000 0.0000 0.0000 -0.0006 0.0003 0.0000 -0.0001 0.0001 0.0000 0.0000 0.0000 0.0000 0.0000 0.0000 0.0000 0.0007 0.0001 0.0000 -0.0012 0.0001 0.0000 -0.0008 0.0003 0.0000 0.0001 0.0000 0.0000 0.0000 0.0000 0.0000 -0.0009 0.0000 0.0000 0.0002 -29.9996 -0.0001 -0.0003 29.9996 0.0000 0.0000 0.0000 3.6445 1.5981 -179.8763 -7.0992 -14.8200 -2.6043 -17.2485 73.7792 -11.1905 0.0000 25.3511 0.0000 5.2462 -8.3760 178.4531 -0.0744 -10.7349 -0.0757 5.1624 69.4422 2.6025 0.0000 25.3508 -0.0001 
7.5924 96.6061 -4.4887 1.9892 2.4263 1.9635 -0.3274 0.8239 -0.0366 -0.3274 0.8240 -0.0366 -0.3284 0.8264 -0.0367 42.9396 83.9464 -56.2752 90.5071 56.0842 128.5872 18.5458 -4.9413 46.8028 -0.5553 1.5942 -2.9146 0.0000 0.0000 0.0001 0.0000 0.0000 0.0000 0.0000 -0.0013 -0.0008 0.0000 -0.0004 0.0001 0.0000 0.0000 0.0000 0.0000 0.0000 0.0000 0.0000 0.0002 0.0000 0.0000 -0.0007 0.0003 0.0000 0.0004 -0.0006 0.0000 0.0000 0.0001 0.0000 0.0000 0.0000 0.0000 -0.0010 -0.0002 0.0000 0.0002 30.0001 -0.0001 0.0005 -29.9998 0.0000 0.0000 0.0000 0.5038 2.0251 0.7467 0.5038 2.0251 0.7467 -33.8875 83.4155 71.5209 -97.0439 58.2698 -126.5695 -18.5803 7.2443 -38.6645 0.5455 1.0343 2.6218 0.0000 -0.0001 0.0001 0.0000 0.0000 0.0000 0.0000 -0.0006 0.0003 0.0000 -0.0001 0.0001 0.0000 0.0000 0.0000 0.0000 0.0000 0.0000 0.0000 0.0007 0.0001 0.0000 -0.0012 0.0001 0.0000 -0.0008 0.0003 0.0000 0.0001 0.0000 0.0000 0.0000 0.0000 0.0000 -0.0008 0.0000 0.0000 0.0002 -29.9997 -0.0001 -0.0003 29.9996 0.0000 0.0000 0.0000 3.6427 1.5819 -179.8651 -7.0800 -14.8748 -2.6153 -17.5008 73.6836 -11.4592 0.0000 25.3510 0.0000 5.2950 -8.3525 178.4874 -0.0727 -10.6384 -0.0759 4.8858 69.4531 2.2945 0.0000 25.3508 -0.0001 
7.4367 96.6131 -4.3461 1.9559 2.5171 2.0130 -0.3242 0.8597 -0.0359 -0.3242 0.8598 -0.0359 -0.3251 0.8623 -0.0360 42.7111 83.9305 -56.5256 90.6430 56.2812 128.3188 18.9202 -4.6753 45.9839 -0.5718 1.6407 -2.8903 0.0000 0.0000 0.0001 0.0000 0.0000 0.0000 0.0000 -0.0013 -0.0008 0.0000 -0.0004 0.0001 0.0000 0.0000 0.0000 0.0000 0.0000 0.0000 0.0000 0.0002 0.0000 0.0000 -0.0006 0.0003 0.0000 0.0004 -0.0006 0.0000 0.0000 0.0001 0.0000 0.0000 0.0000 0.0000 -0.0010 -0.0002 0.0000 0.0002 30.0001 -0.0001 0.0005 -29.9998 0.0000 0.0000 0.0000 0.4986 2.0134 0.7133 0.4986 2.0134 0.7133 -33.9992 83.4605 71.4091 -97.1783 58.3190 -126.2816 -18.8391 7.2297 -37.8544 0.5244 1.0182 2.5375 0.0000 -0.0001 0.0001 0.0000 0.0000 0.0000 0.0000 -0.0006 0.0003 0.0000 -0.0001 0.0001 0.0000 0.0000 0.0000 0.0000 0.0000 0.0000 0.0000 0.0007 0.0001 0.0000 -0.0012 0.0001 0.0000 -0.0008 0.0003 0.0000 0.0002 0.0000 0.0000 0.0000 0.0000 0.0000 -0.0008 0.0000 0.0000 0.0002 -29.9996 -0.0001 -0.0003 29.9996 0.0000 0.0000 0.0000 3.6709 1.5817 -179.8395 -7.0670 -14.9392 -2.6269 -17.7171 73.6046 -11.7125 0.0000 25.3510 0.0000 5.3238 -8.3364 178.5402 -0.0709 -10.5860 -0.0761 4.5766 69.4971 1.9607 0.0000 25.3508 -0.0001 
7.2672 96.6159 -4.1950 1.9228 2.6049 2.0644 -0.3183 0.8999 -0.0353 -0.3184 0.9000 -0.0353 -0.3193 0.9027 -0.0354 42.4502 83.9292 -56.8282 90.8425 56.5111 128.0244 19.4142 -4.2887 45.0717 -0.5909 1.6901 -2.8570 0.0000 0.0000 0.0001 0.0000 0.0000 0.0000 0.0000 -0.0013 -0.0008 0.0000 -0.0004 0.0001 0.0000 0.0000 0.0000 0.0000 0.0000 0.0000 0.0000 0.0002 0.0000 0.0000 -0.0006 0.0003 0.0000 0.0004 -0.0006 0.0000 0.0000 0.0001 0.0000 0.0000 0.0000 0.0000 -0.0010 -0.0002 0.0000 0.0002 30.0001 -0.0001 0.0005 -29.9998 0.0000 0.0000 0.0000 0.4904 1.9882 0.6785 0.4904 1.9882 0.6785 -34.1744 83.5272 71.2456 -97.3445 58.4343 -125.8644 -19.1817 7.2907 -37.0279 0.5016 0.9945 2.4384 0.0000 -0.0001 0.0001 0.0000 0.0000 0.0000 0.0000 -0.0006 0.0003 0.0000 -0.0001 0.0001 0.0000 0.0000 0.0000 0.0000 0.0000 0.0000 0.0000 0.0007 0.0001 0.0000 -0.0012 0.0001 0.0000 -0.0008 0.0003 0.0000 0.0001 0.0000 0.0000 0.0000 0.0000 0.0000 -0.0008 0.0000 0.0000 0.0002 -29.9996 -0.0001 -0.0003 29.9996 0.0000 0.0000 0.0000 3.7247 1.5943 -179.8095 -7.0539 -15.0091 -2.6398 -17.8968 73.5365 -11.9464 0.0000 25.3510 0.0000 5.3300 -8.3405 178.6025 -0.0690 -10.5872 -0.0763 4.2238 69.5724 1.5958 0.0000 25.3508 -0.0001 
7.0910 96.6160 -4.0309 1.8904 2.6932 2.1242 -0.3099 0.9473 -0.0363 -0.3099 0.9474 -0.0363 -0.3108 0.9502 -0.0364 42.1531 83.9474 -57.1838 91.1250 56.7848 127.6455 20.0475 -3.7366 44.1392 -0.6137 1.7409 -2.8125 0.0000 0.0000 0.0001 0.0000 0.0000 0.0000 0.0000 -0.0013 -0.0008 0.0000 -0.0004 0.0001 0.0000 0.0000 0.0000 0.0000 0.0000 0.0000 0.0000 0.0002 -0.0001 0.0000 -0.0006 0.0003 0.0000 0.0004 -0.0006 0.0000 0.0000 0.0001 0.0000 0.0000 0.0000 0.0000 -0.0010 -0.0002 0.0000 0.0002 30.0001 -0.0001 0.0005 -29.9998 0.0000 0.0000 0.0000 0.4830 1.9292 0.6451 0.4830 1.9292 0.6451 -34.4921 83.6073 70.9554 -97.5530 58.6065 -125.2766 -19.5770 7.4705 -36.1927 0.4766 0.9601 2.3219 0.0000 -0.0001 0.0001 0.0000 0.0000 0.0000 0.0000 -0.0006 0.0003 0.0000 -0.0001 0.0001 0.0000 0.0000 0.0000 0.0000 0.0000 0.0000 0.0000 0.0007 0.0001 0.0000 -0.0012 0.0001 0.0000 -0.0008 0.0003 0.0000 0.0001 0.0000 0.0000 0.0000 0.0000 0.0000 -0.0009 0.0000 0.0000 0.0002 -29.9997 -0.0001 -0.0003 29.9996 0.0000 0.0000 0.0000 3.8056 1.6140 -179.7823 -7.0313 -15.0899 -2.6558 -18.0308 73.4822 -12.1518 0.0000 25.3510 0.0000 5.2979 -8.3757 178.6646 -0.0691 -10.6639 -0.0763 3.8056 69.6931 1.1904 0.0000 25.3508 -0.0001 
6.9170 96.6164 -3.8465 1.8592 2.7890 2.1919 -0.2994 0.9953 -0.0390 -0.2994 0.9955 -0.0390 -0.3003 0.9984 -0.0391 41.9661 83.9836 -57.4364 91.4458 57.0434 127.2048 20.7374 -3.1193 43.2339 -0.6376 1.7925 -2.7591 0.0000 0.0000 0.0001 0.0000 0.0000 0.0000 0.0000 -0.0013 -0.0008 0.0000 -0.0004 0.0001 0.0000 0.0000 0.0000 0.0000 0.0000 0.0000 0.0000 0.0002 0.0000 0.0000 -0.0007 0.0003 0.0000 0.0004 -0.0006 0.0000 0.0000 0.0001 0.0000 0.0000 0.0000 0.0000 -0.0010 -0.0002 0.0000 0.0002 30.0001 -0.0001 0.0005 -29.9998 0.0000 0.0000 0.0000 0.4774 1.8439 0.6160 0.4774 1.8439 0.6160 -35.0244 83.6924 70.4682 -97.7709 58.7670 -124.5717 -19.9463 7.7205 -35.3594 0.4504 0.9188 2.1957 0.0000 -0.0001 0.0001 0.0000 0.0000 0.0000 0.0000 -0.0006 0.0003 0.0000 -0.0001 0.0001 0.0000 0.0000 0.0000 0.0000 0.0000 0.0000 0.0000 0.0007 0.0001 0.0000 -0.0012 0.0001 0.0000 -0.0008 0.0003 0.0000 0.0001 0.0000 0.0000 0.0000 0.0000 0.0000 -0.0009 0.0000 0.0000 0.0002 -29.9997 -0.0001 -0.0003 29.9996 0.0000 0.0000 0.0000 3.8941 1.6230 -179.7603 -6.9891 -15.1840 -2.6794 -18.1514 73.4356 -12.3404 0.0000 25.3510 0.0000 5.2356 -8.4132 178.7203 -0.0716 -10.7571 -0.0760 3.3345 69.8367 0.7502 0.0000 25.3508 -0.0001 
6.7389 96.6177 -3.6449 1.8325 2.8904 2.2640 -0.2881 1.0426 -0.0424 -0.2881 1.0427 -0.0424 -0.2889 1.0458 -0.0425 41.9308 84.0364 -57.5443 91.7939 57.2265 126.7101 21.4439 -2.5117 42.3606 -0.6485 1.8146 -2.6827 0.0000 0.0000 0.0001 0.0000 0.0000 0.0000 0.0000 -0.0013 -0.0008 0.0000 -0.0004 0.0001 0.0000 0.0000 0.0000 0.0000 0.0000 0.0000 0.0000 0.0002 -0.0001 0.0000 -0.0006 0.0003 0.0000 0.0004 -0.0006 0.0000 0.0000 0.0001 0.0000 0.0000 0.0000 0.0000 -0.0010 -0.0002 0.0000 0.0002 30.0001 -0.0001 0.0005 -29.9998 0.0000 0.0000 0.0000 0.4720 1.7435 0.5922 0.4720 1.7435 0.5922 -35.8044 83.7874 69.7451 -97.9610 58.8985 -123.7675 -20.2795 8.0019 -34.5486 0.4240 0.8745 2.0651 0.0000 -0.0001 0.0001 0.0000 0.0000 0.0000 0.0000 -0.0006 0.0003 0.0000 -0.0001 0.0001 0.0000 0.0000 0.0000 0.0000 0.0000 0.0000 0.0000 0.0007 0.0001 0.0000 -0.0012 0.0001 0.0000 -0.0008 0.0003 0.0000 0.0001 0.0000 0.0000 0.0000 0.0000 0.0000 -0.0009 0.0000 0.0000 0.0002 -29.9997 -0.0001 -0.0003 29.9996 0.0000 0.0000 0.0000 3.9788 1.6181 -179.7410 -6.9223 -15.2925 -2.7131 -18.2780 73.3925 -12.5197 0.0000 25.3510 0.0000 5.1492 -8.4402 178.7768 -0.0750 -10.8413 -0.0756 2.8118 69.9890 0.2691 0.0000 25.3508 -0.0001 
6.5436 96.6180 -3.4294 1.8174 3.0002 2.3404 -0.2766 1.0867 -0.0478 -0.2766 1.0869 -0.0478 -0.2774 1.0900 -0.0479 42.0946 84.1057 -57.4629 92.1845 57.1998 126.1392 22.0918 -1.9444 41.5297 -0.6180 1.7334 -2.5480 0.0000 0.0000 0.0001 0.0000 0.0000 0.0000 0.0000 -0.0013 -0.0008 0.0000 -0.0004 0.0001 0.0000 0.0000 0.0000 0.0000 0.0000 0.0000 0.0000 0.0002 0.0000 0.0000 -0.0006 0.0003 0.0000 0.0004 -0.0006 0.0000 0.0000 0.0001 0.0000 0.0000 0.0000 0.0000 -0.0010 -0.0002 0.0000 0.0002 30.0001 -0.0001 0.0005 -29.9998 0.0000 0.0000 0.0000 0.4637 1.6355 0.5788 0.4637 1.6355 0.5788 -36.8465 83.8991 68.7702 -98.0840 58.9725 -122.8492 -20.5303 8.3150 -33.7895 0.3979 0.8279 1.9331 0.0000 -0.0001 0.0001 0.0000 0.0000 0.0000 0.0000 -0.0006 0.0003 0.0000 -0.0001 0.0001 0.0000 0.0000 0.0000 0.0000 0.0000 0.0000 0.0000 0.0007 0.0001 0.0000 -0.0012 0.0001 0.0000 -0.0008 0.0003 0.0000 0.0001 0.0000 0.0000 0.0000 0.0000 0.0000 -0.0009 0.0000 0.0000 0.0002 -29.9997 -0.0001 -0.0003 29.9996 0.0000 0.0000 0.0000 4.0443 1.5888 -179.7224 -6.8276 -15.4232 -2.7606 -18.4293 73.3479 -12.7023 0.0000 25.3510 0.0000 5.0555 -8.4497 178.8411 -0.0761 -10.8926 -0.0754 2.2410 70.1366 -0.2715 0.0000 25.3508 -0.0001 
6.3424 96.6166 -3.2133 1.8196 3.1157 2.4214 -0.2689 1.1266 -0.0563 -0.2689 1.1268 -0.0563 -0.2697 1.1300 -0.0565 42.3663 84.1811 -57.2880 92.5826 57.0716 125.5641 22.6474 -1.4267 40.7658 -0.5872 1.6519 -2.4162 0.0000 0.0000 0.0001 0.0000 0.0000 0.0000 0.0000 -0.0013 -0.0008 0.0000 -0.0004 0.0001 0.0000 0.0000 0.0000 0.0000 0.0000 0.0000 0.0000 0.0002 0.0000 0.0000 -0.0006 0.0003 0.0000 0.0004 -0.0006 0.0000 0.0000 0.0001 0.0000 0.0000 0.0000 0.0000 -0.0010 -0.0002 0.0000 0.0002 30.0001 -0.0001 0.0005 -29.9998 0.0000 0.0000 0.0000 0.4528 1.5393 0.5740 0.4528 1.5393 0.5740 -37.9613 84.0155 67.7250 -98.1984 59.0013 -121.9285 -20.7006 8.6310 -33.0781 0.3731 0.7822 1.8078 0.0000 -0.0001 0.0001 0.0000 0.0000 0.0000 0.0000 -0.0006 0.0003 0.0000 -0.0001 0.0001 0.0000 0.0000 0.0000 0.0000 0.0000 0.0000 0.0000 0.0007 0.0001 0.0000 -0.0012 0.0001 0.0000 -0.0008 0.0003 0.0000 0.0001 0.0000 0.0000 0.0000 0.0000 0.0000 -0.0009 0.0000 0.0000 0.0002 -29.9996 -0.0001 -0.0003 29.9996 0.0000 0.0000 0.0000 4.0871 1.5438 -179.7084 -6.7340 -15.5681 -2.8061 -18.5992 73.2965 -12.9091 0.0000 25.3510 0.0000 4.9843 -8.4626 178.9034 -0.0746 -10.9438 -0.0756 1.6871 70.2852 -0.8333 0.0000 25.3508 -0.0001 
6.1563 96.6141 -2.9994 1.8405 3.2349 2.5107 -0.2680 1.1615 -0.0685 -0.2680 1.1617 -0.0685 -0.2688 1.1650 -0.0687 42.7244 84.2590 -57.0456 93.0006 56.8828 125.0229 23.1186 -0.9621 40.0679 -0.5570 1.5725 -2.2920 0.0000 0.0000 0.0001 0.0000 0.0000 0.0000 0.0000 -0.0013 -0.0008 0.0000 -0.0004 0.0001 0.0000 0.0000 0.0000 0.0000 0.0000 0.0000 0.0000 0.0002 0.0000 0.0000 -0.0006 0.0003 0.0000 0.0004 -0.0006 0.0000 0.0000 0.0001 0.0000 0.0000 0.0000 0.0000 -0.0010 -0.0002 0.0000 0.0002 30.0001 -0.0001 0.0005 -29.9998 0.0000 0.0000 0.0000 0.4415 1.4645 0.5736 0.4415 1.4645 0.5736 -39.1204 84.1385 66.6300 -98.3149 58.9982 -121.0635 -20.8122 8.9246 -32.4207 0.3515 0.7423 1.6976 0.0000 -0.0001 0.0001 0.0000 0.0000 0.0000 0.0000 -0.0006 0.0003 0.0000 -0.0001 0.0001 0.0000 0.0000 0.0000 0.0000 0.0000 0.0000 0.0000 0.0007 0.0001 0.0000 -0.0012 0.0001 0.0000 -0.0008 0.0003 0.0000 0.0001 0.0000 0.0000 0.0000 0.0000 0.0000 -0.0008 0.0000 0.0000 0.0002 -29.9997 -0.0001 -0.0003 29.9996 0.0000 0.0000 0.0000 4.1080 1.4964 -179.7012 -6.6546 -15.7138 -2.8464 -18.7702 73.2366 -13.1379 0.0000 25.3510 0.0000 4.9376 -8.4848 178.9460 -0.0731 -11.0098 -0.0757 1.1886 70.4409 -1.3785 0.0000 25.3508 -0.0001 
6.0118 96.6132 -2.7897 1.8926 3.3615 2.6231 -0.2814 1.1871 -0.0888 -0.2814 1.1873 -0.0889 -0.2822 1.1907 -0.0891 43.2864 84.3515 -56.6362 93.4241 56.6471 124.6095 23.4752 -0.5931 39.4643 -0.5294 1.5013 -2.1860 0.0000 0.0000 0.0001 0.0000 0.0000 0.0000 0.0000 -0.0013 -0.0008 0.0000 -0.0004 0.0001 0.0000 0.0000 0.0000 0.0000 0.0000 0.0000 0.0000 0.0002 0.0000 0.0000 -0.0007 0.0003 0.0000 0.0004 -0.0006 0.0000 0.0000 0.0001 0.0000 0.0000 0.0000 0.0000 -0.0010 -0.0002 0.0000 0.0003 30.0001 -0.0001 0.0005 -29.9998 0.0000 0.0000 0.0000 0.4330 1.4281 0.5745 0.4330 1.4281 0.5745 -40.3050 84.2783 65.4866 -98.4209 58.9664 -120.3158 -20.8920 9.1236 -31.8961 0.3329 0.7088 1.6044 0.0000 -0.0001 0.0001 0.0000 0.0000 0.0000 0.0000 -0.0006 0.0003 0.0000 -0.0001 0.0001 0.0000 0.0000 0.0000 0.0000 0.0000 0.0000 0.0000 0.0007 0.0001 0.0000 -0.0012 0.0001 0.0000 -0.0008 0.0003 0.0000 0.0001 0.0000 0.0000 0.0000 0.0000 0.0000 -0.0009 0.0000 0.0000 0.0002 -29.9997 -0.0001 -0.0002 29.9996 0.0000 0.0000 0.0000 4.0986 1.4661 -179.7117 -6.5917 -15.8313 -2.8856 -18.9288 73.1618 -13.3896 0.0000 25.3510 0.0000 4.9191 -8.5218 178.9374 -0.0745 -11.0990 -0.0755 0.8082 70.6071 -1.8560 0.0000 25.3508 -0.0001 
5.8845 96.6173 -2.5826 1.9644 3.4988 2.7623 -0.3054 1.2059 -0.1182 -0.3054 1.2061 -0.1182 -0.3063 1.2096 -0.1185 43.8972 84.4504 -56.1882 93.8376 56.4322 124.3292 23.7587 -0.2980 38.9589 -0.5058 1.4405 -2.1001 0.0000 0.0000 0.0001 0.0000 0.0000 0.0000 0.0000 -0.0013 -0.0008 0.0000 -0.0004 0.0001 0.0000 0.0000 0.0000 0.0000 0.0000 0.0000 0.0000 0.0002 0.0000 0.0000 -0.0006 0.0003 0.0000 0.0004 -0.0006 0.0000 0.0000 0.0001 0.0000 0.0000 0.0000 0.0000 -0.0010 -0.0002 0.0000 0.0002 30.0001 -0.0001 0.0005 -29.9998 0.0000 0.0000 0.0000 0.4285 1.4156 0.5734 0.4285 1.4156 0.5734 -41.4190 84.4143 64.3957 -98.5473 58.9233 -119.7399 -20.9398 9.2402 -31.4688 0.3173 0.6819 1.5299 0.0000 -0.0001 0.0001 0.0000 0.0000 0.0000 0.0000 -0.0006 0.0003 0.0000 -0.0001 0.0001 0.0000 0.0000 0.0000 0.0000 0.0000 0.0000 0.0000 0.0007 0.0001 0.0000 -0.0012 0.0001 0.0000 -0.0008 0.0003 0.0000 0.0001 0.0000 0.0000 0.0000 0.0000 0.0000 -0.0009 0.0000 0.0000 0.0002 -29.9996 -0.0001 -0.0003 29.9996 0.0000 0.0000 0.0000 4.0754 1.4515 -179.7466 -6.5262 -15.9127 -2.9271 -19.0800 73.0758 -13.6556 0.0000 25.3510 0.0000 4.9168 -8.5654 178.8899 -0.0760 -11.1857 -0.0753 0.4794 70.7688 -2.3108 0.0000 25.3508 -0.0001 
5.7559 96.6263 -2.3744 2.0471 3.6454 2.9235 -0.3352 1.2181 -0.1551 -0.3352 1.2184 -0.1551 -0.3362 1.2219 -0.1555 44.5225 84.5504 -55.7152 94.2298 56.2611 124.1713 23.9850 -0.0749 38.5668 -0.4867 1.3911 -2.0337 0.0000 0.0000 0.0001 0.0000 0.0000 0.0000 0.0000 -0.0013 -0.0008 0.0000 -0.0004 0.0001 0.0000 0.0000 0.0000 0.0000 0.0000 0.0000 0.0000 0.0002 0.0000 0.0000 -0.0006 0.0003 0.0000 0.0004 -0.0006 0.0000 0.0000 0.0001 0.0000 0.0000 0.0000 0.0000 -0.0010 -0.0002 0.0000 0.0002 30.0001 -0.0001 0.0005 -29.9998 0.0000 0.0000 0.0000 0.4260 1.4210 0.5702 0.4260 1.4210 0.5702 -42.4481 84.5390 63.3818 -98.6959 58.8657 -119.3411 -20.9443 9.2936 -31.1279 0.3047 0.6602 1.4726 0.0000 -0.0001 0.0001 0.0000 0.0000 0.0000 0.0000 -0.0007 0.0003 0.0000 -0.0001 0.0001 0.0000 0.0000 0.0000 0.0000 0.0000 0.0000 0.0000 0.0007 0.0001 0.0000 -0.0012 0.0001 0.0000 -0.0008 0.0003 0.0000 0.0001 0.0000 0.0000 0.0000 0.0000 0.0000 -0.0008 0.0000 0.0000 0.0002 -29.9997 -0.0001 -0.0003 29.9996 0.0000 0.0000 0.0000 4.0466 1.4418 -179.8074 -6.4517 -15.9681 -2.9665 -19.2350 72.9820 -13.9374 0.0000 25.3511 0.0000 4.9189 -8.6082 178.8209 -0.0757 -11.2569 -0.0752 0.1464 70.9213 -2.7794 0.0000 25.3508 -0.0001 
5.6221 96.6413 -2.1603 2.1315 3.8005 3.1046 -0.3675 1.2222 -0.1975 -0.3675 1.2224 -0.1976 -0.3686 1.2259 -0.1981 45.0950 84.6390 -55.2640 94.5604 56.1675 124.1834 24.1292 0.0369 38.3835 -0.4752 1.3602 -1.9979 0.0000 0.0000 0.0001 0.0000 0.0000 0.0000 0.0000 -0.0013 -0.0008 0.0000 -0.0004 0.0001 0.0000 0.0000 0.0000 0.0000 0.0000 0.0000 0.0000 0.0002 0.0000 0.0000 -0.0006 0.0003 0.0000 0.0004 -0.0006 0.0000 0.0000 0.0001 0.0000 0.0000 0.0000 0.0000 -0.0010 -0.0002 0.0000 0.0002 30.0001 -0.0001 0.0005 -29.9998 0.0000 0.0000 0.0000 0.4262 1.4510 0.5592 0.4262 1.4510 0.5592 -43.2973 84.6324 62.5357 -98.8341 58.7877 -119.1880 -20.8764 9.2766 -30.9294 0.2968 0.6471 1.4418 0.0000 -0.0001 0.0001 0.0000 0.0000 0.0000 0.0000 -0.0006 0.0003 0.0000 -0.0001 0.0001 0.0000 0.0000 0.0000 0.0000 0.0000 0.0000 0.0000 0.0007 0.0001 0.0000 -0.0011 0.0001 0.0000 -0.0008 0.0003 0.0000 0.0001 0.0000 0.0000 0.0000 0.0000 0.0000 -0.0009 0.0000 0.0000 0.0002 -29.9996 -0.0001 -0.0003 29.9996 0.0000 0.0000 0.0000 4.0086 1.4334 -179.8934 -6.3663 -15.9940 -3.0061 -19.4172 72.8809 -14.2498 0.0000 25.3510 0.0000 4.9123 -8.6434 178.7357 -0.0749 -11.3048 -0.0753 -0.2240 71.0629 -3.2736 0.0000 25.3508 -0.0001 
5.4906 96.6579 -1.9473 2.2062 3.9563 3.2892 -0.3948 1.2204 -0.2395 -0.3949 1.2206 -0.2396 -0.3960 1.2241 -0.2403 45.5656 84.7093 -54.8758 94.7951 56.1218 124.3089 24.1974 0.0501 38.3865 -0.4705 1.3462 -1.9875 0.0000 0.0000 0.0001 0.0000 0.0000 0.0000 0.0000 -0.0013 -0.0008 0.0000 -0.0004 0.0001 0.0000 0.0000 0.0000 0.0000 0.0000 0.0000 0.0000 0.0002 0.0000 0.0000 -0.0006 0.0003 0.0000 0.0004 -0.0006 0.0000 0.0000 0.0001 0.0000 0.0000 0.0000 0.0000 -0.0010 -0.0002 0.0000 0.0002 30.0001 -0.0001 0.0005 -29.9998 0.0000 0.0000 0.0000 0.4250 1.5039 0.5400 0.4250 1.5039 0.5400 -43.8957 84.6822 61.9356 -98.9222 58.6994 -119.1953 -20.7604 9.2189 -30.8667 0.2933 0.6414 1.4323 0.0000 -0.0001 0.0001 0.0000 0.0000 0.0000 0.0000 -0.0006 0.0003 0.0000 -0.0001 0.0001 0.0000 0.0000 0.0000 0.0000 0.0000 0.0000 0.0000 0.0007 0.0001 0.0000 -0.0012 0.0001 0.0000 -0.0008 0.0003 0.0000 0.0001 0.0000 0.0000 0.0000 0.0000 0.0000 -0.0008 0.0000 0.0000 0.0002 -29.9996 -0.0001 -0.0003 29.9996 0.0000 0.0000 0.0000 3.9598 1.4293 -179.9845 -6.2808 -15.9958 -3.0512 -19.6310 72.7755 -14.5852 0.0000 25.3510 0.0000 4.8989 -8.6686 178.6458 -0.0759 -11.3287 -0.0752 -0.6106 71.1888 -3.7653 0.0000 25.3508 -0.0001 
5.3587 96.6740 -1.7434 2.2665 4.1061 3.4682 -0.4136 1.2158 -0.2791 -0.4136 1.2160 -0.2792 -0.4148 1.2195 -0.2800 45.8588 84.7596 -54.6247 94.9113 56.1028 124.5052 24.1849 -0.0199 38.5475 -0.4718 1.3477 -1.9991 0.0000 0.0000 0.0001 0.0000 0.0000 0.0000 0.0000 -0.0013 -0.0008 0.0000 -0.0004 0.0001 0.0000 0.0000 0.0000 0.0000 0.0000 0.0000 0.0000 0.0003 0.0000 0.0000 -0.0006 0.0003 0.0000 0.0004 -0.0006 0.0000 0.0000 0.0001 0.0000 0.0000 0.0000 0.0000 -0.0010 -0.0002 0.0000 0.0002 30.0001 -0.0001 0.0005 -29.9998 0.0000 0.0000 0.0000 0.4186 1.5815 0.5163 0.4186 1.5815 0.5163 -44.1910 84.6833 61.6418 -98.9620 58.6059 -119.3225 -20.6066 9.1463 -30.9316 0.2938 0.6421 1.4419 0.0000 -0.0001 0.0001 0.0000 0.0000 0.0000 0.0000 -0.0006 0.0003 0.0000 -0.0001 0.0001 0.0000 0.0000 0.0000 0.0000 0.0000 0.0000 0.0000 0.0007 0.0001 0.0000 -0.0011 0.0001 0.0000 -0.0008 0.0003 0.0000 0.0001 0.0000 0.0000 0.0000 0.0000 0.0000 -0.0009 0.0000 0.0000 0.0002 -29.9997 -0.0001 -0.0003 29.9996 0.0000 0.0000 0.0000 3.8994 1.4283 179.9227 -6.2085 -15.9810 -3.0940 -19.8683 72.6648 -14.9344 0.0000 25.3510 0.0000 4.8908 -8.6836 178.5606 -0.0765 -11.3298 -0.0751 -1.0038 71.2931 -4.2504 0.0000 25.3508 -0.0001 
5.2296 96.6881 -1.5633 2.3028 4.2366 3.6276 -0.4171 1.2114 -0.3129 -0.4171 1.2116 -0.3129 -0.4183 1.2151 -0.3138 45.6556 84.7620 -54.8107 94.8414 56.1086 124.7544 24.0227 -0.1604 38.9131 -0.4818 1.3688 -2.0407 0.0000 0.0000 0.0001 0.0000 0.0000 0.0000 0.0000 -0.0013 -0.0008 0.0000 -0.0004 0.0001 0.0000 0.0000 0.0000 0.0000 0.0000 0.0000 0.0000 0.0002 0.0000 0.0000 -0.0006 0.0003 0.0000 0.0004 -0.0006 0.0000 0.0000 0.0001 0.0000 0.0000 0.0000 0.0000 -0.0010 -0.0002 0.0000 0.0002 30.0001 -0.0001 0.0005 -29.9998 0.0000 0.0000 0.0000 0.4018 1.6897 0.4904 0.4018 1.6897 0.4904 -44.0011 84.6102 61.8409 -98.9336 58.5124 -119.5897 -20.4007 9.0845 -31.1901 0.3001 0.6507 1.4771 0.0000 -0.0001 0.0001 0.0000 0.0000 0.0000 0.0000 -0.0006 0.0003 0.0000 -0.0001 0.0001 0.0000 0.0000 0.0000 0.0000 0.0000 0.0000 0.0000 0.0007 0.0001 0.0000 -0.0012 0.0001 0.0000 -0.0008 0.0003 0.0000 0.0001 0.0000 0.0000 0.0000 0.0000 0.0000 -0.0009 0.0000 0.0000 0.0002 -29.9996 -0.0001 -0.0003 29.9996 0.0000 0.0000 0.0000 3.8163 1.4353 179.8366 -6.1803 -15.9472 -3.1269 -20.1121 72.5437 -15.2793 0.0000 25.3510 0.0000 4.8975 -8.6803 178.4914 -0.0742 -11.2976 -0.0754 -1.3827 71.3604 -4.7037 0.0000 25.3508 -0.0001 
5.1257 96.7008 -1.4064 2.3274 4.3481 3.7693 -0.4127 1.2094 -0.3412 -0.4128 1.2096 -0.3412 -0.4140 1.2131 -0.3422 45.1202 84.7275 -55.3107 94.6530 56.1227 125.0462 23.7344 -0.3073 39.4143 -0.4978 1.4016 -2.1038 0.0000 0.0000 0.0001 0.0000 0.0000 0.0000 0.0000 -0.0013 -0.0008 0.0000 -0.0004 0.0001 0.0000 0.0000 0.0000 0.0000 0.0000 0.0000 0.0000 0.0002 0.0000 0.0000 -0.0007 0.0003 0.0000 0.0004 -0.0006 0.0000 0.0000 0.0001 0.0000 0.0000 0.0000 0.0000 -0.0010 -0.0002 0.0000 0.0002 30.0001 -0.0001 0.0005 -29.9998 0.0000 0.0000 0.0000 0.3821 1.8165 0.4634 0.3821 1.8165 0.4634 -43.4486 84.4840 62.4030 -98.8499 58.4227 -119.9328 -20.1633 9.0345 -31.6033 0.3108 0.6648 1.5312 0.0000 -0.0001 0.0001 0.0000 0.0000 0.0000 0.0000 -0.0006 0.0003 0.0000 -0.0001 0.0001 0.0000 0.0000 0.0000 0.0000 0.0000 0.0000 0.0000 0.0007 0.0001 0.0000 -0.0012 0.0001 0.0000 -0.0008 0.0003 0.0000 0.0001 0.0000 0.0000 0.0000 0.0000 0.0000 -0.0009 0.0000 0.0000 0.0002 -29.9996 -0.0001 -0.0003 29.9996 0.0000 0.0000 0.0000 3.7106 1.4567 179.7600 -6.1989 -15.8938 -3.1489 -20.3243 72.4138 -15.5879 0.0000 25.3510 0.0000 4.9084 -8.6626 178.4226 -0.0732 -11.2441 -0.0755 -1.6953 71.4022 -5.0759 0.0000 25.3508 -0.0001 
5.0502 96.7132 -1.2687 2.3460 4.4471 3.8983 -0.4040 1.2090 -0.3656 -0.4041 1.2092 -0.3656 -0.4053 1.2127 -0.3667 44.3577 84.6663 -56.0280 94.3982 56.1503 125.3871 23.3578 -0.4563 40.0150 -0.5184 1.4424 -2.1838 0.0000 0.0000 0.0001 0.0000 0.0000 0.0000 0.0000 -0.0013 -0.0008 0.0000 -0.0004 0.0001 0.0000 0.0000 0.0000 0.0000 0.0000 0.0000 0.0000 0.0002 0.0000 0.0000 -0.0006 0.0003 0.0000 0.0004 -0.0006 0.0000 0.0000 0.0001 0.0000 0.0000 0.0000 0.0000 -0.0010 -0.0002 0.0000 0.0002 30.0001 -0.0001 0.0005 -29.9998 0.0000 0.0000 0.0000 0.3632 1.9494 0.4362 0.3632 1.9494 0.4362 -42.6613 84.3223 63.2002 -98.7249 58.3327 -120.3329 -19.9076 8.9832 -32.1383 0.3250 0.6837 1.6006 0.0000 -0.0001 0.0001 0.0000 0.0000 0.0000 0.0000 -0.0006 0.0003 0.0000 -0.0001 0.0001 0.0000 0.0000 0.0000 0.0000 0.0000 0.0000 0.0000 0.0007 0.0001 0.0000 -0.0011 0.0001 0.0000 -0.0008 0.0003 0.0000 0.0001 0.0000 0.0000 0.0000 0.0000 0.0000 -0.0009 0.0000 0.0000 0.0002 -29.9997 -0.0001 -0.0003 29.9996 0.0000 0.0000 0.0000 3.5947 1.4926 179.6902 -6.2485 -15.8167 -3.1622 -20.4962 72.2753 -15.8528 0.0000 25.3510 0.0000 4.9199 -8.6412 178.3472 -0.0751 -11.1855 -0.0754 -1.9292 71.4304 -5.3576 0.0000 25.3508 -0.0001 
4.9913 96.7265 -1.1523 2.3608 4.5380 4.0137 -0.3912 1.2091 -0.3867 -0.3913 1.2093 -0.3868 -0.3924 1.2128 -0.3879 43.4550 84.5809 -56.8674 94.0835 56.1978 125.7934 22.8917 -0.6146 40.7401 -0.5443 1.4921 -2.2825 0.0000 0.0000 0.0001 0.0000 0.0000 0.0000 0.0000 -0.0013 -0.0008 0.0000 -0.0004 0.0001 0.0000 0.0000 0.0000 0.0000 0.0000 0.0000 0.0000 0.0002 0.0000 0.0000 -0.0006 0.0003 0.0000 0.0004 -0.0006 0.0000 0.0000 0.0001 0.0000 0.0000 0.0000 0.0000 -0.0010 -0.0002 0.0000 0.0002 30.0001 -0.0001 0.0005 -29.9998 0.0000 0.0000 0.0000 0.3478 2.0687 0.4119 0.3478 2.0687 0.4119 -41.6770 84.1337 64.1956 -98.5494 58.2341 -120.7969 -19.6383 8.9255 -32.8203 0.3435 0.7078 1.6875 0.0000 -0.0001 0.0001 0.0000 0.0000 0.0000 0.0000 -0.0006 0.0003 0.0000 -0.0001 0.0001 0.0000 0.0000 0.0000 0.0000 0.0000 0.0000 0.0000 0.0007 0.0001 0.0000 -0.0012 0.0001 0.0000 -0.0008 0.0003 0.0000 0.0001 0.0000 0.0000 0.0000 0.0000 0.0000 -0.0009 0.0000 0.0000 0.0002 -29.9996 -0.0001 -0.0003 29.9996 0.0000 0.0000 0.0000 3.4833 1.5434 179.6211 -6.3141 -15.7023 -3.1613 -20.6095 72.1261 -16.0449 0.0000 25.3510 0.0000 4.9389 -8.6272 178.2717 -0.0772 -11.1313 -0.0752 -2.0874 71.4472 -5.5560 0.0000 25.3508 -0.0001 
4.9197 96.7421 -1.0437 2.3783 4.6289 4.1211 -0.3778 1.2091 -0.4067 -0.3778 1.2093 -0.4068 -0.3789 1.2128 -0.4079 42.6238 84.4867 -57.6222 93.7514 56.2551 126.2368 22.3812 -0.7779 41.5447 -0.5732 1.5454 -2.3907 0.0000 0.0000 0.0001 0.0000 0.0000 0.0000 0.0000 -0.0013 -0.0008 0.0000 -0.0004 0.0001 0.0000 0.0000 0.0000 0.0000 0.0000 0.0000 0.0000 0.0002 -0.0001 0.0000 -0.0006 0.0003 0.0000 0.0004 -0.0006 0.0000 0.0000 0.0001 0.0000 0.0000 0.0000 0.0000 -0.0010 -0.0002 0.0000 0.0002 30.0001 -0.0001 0.0005 -29.9998 0.0000 0.0000 0.0000 0.3357 2.1651 0.3921 0.3357 2.1651 0.3921 -40.7001 83.9457 65.1891 -98.3406 58.1286 -121.2893 -19.3614 8.8740 -33.5702 0.3644 0.7345 1.7842 0.0000 -0.0001 0.0001 0.0000 0.0000 0.0000 0.0000 -0.0006 0.0003 0.0000 -0.0001 0.0001 0.0000 0.0000 0.0000 0.0000 0.0000 0.0000 0.0000 0.0007 0.0001 0.0000 -0.0012 0.0001 0.0000 -0.0008 0.0003 0.0000 0.0001 0.0000 0.0000 0.0000 0.0000 0.0000 -0.0009 0.0000 0.0000 0.0002 -29.9996 -0.0001 -0.0003 29.9996 0.0000 0.0000 0.0000 3.3900 1.5927 179.5524 -6.3677 -15.5699 -3.1523 -20.6825 71.9722 -16.1807 0.0000 25.3510 0.0000 4.9731 -8.6241 178.2093 -0.0770 -11.0873 -0.0752 -2.2216 71.4628 -5.7406 0.0000 25.3508 -0.0001 
4.8381 96.7591 -0.9414 2.4003 4.7204 4.2258 -0.3661 1.2098 -0.4268 -0.3662 1.2101 -0.4269 -0.3673 1.2135 -0.4281 41.9172 84.3887 -58.2434 93.4248 56.3212 126.6960 21.8514 -0.9663 42.4219 -0.6041 1.6011 -2.5050 0.0000 0.0000 0.0001 0.0000 0.0000 0.0000 0.0000 -0.0013 -0.0008 0.0000 -0.0004 0.0001 0.0000 0.0000 0.0000 0.0000 0.0000 0.0000 0.0000 0.0002 0.0000 0.0000 -0.0006 0.0003 0.0000 0.0004 -0.0006 0.0000 0.0000 0.0001 0.0000 0.0000 0.0000 0.0000 -0.0010 -0.0002 0.0000 0.0003 30.0001 -0.0001 0.0005 -29.9998 0.0000 0.0000 0.0000 0.3284 2.2368 0.3746 0.3284 2.2368 0.3746 -39.7718 83.7630 66.1353 -98.1137 58.0206 -121.7964 -19.0792 8.8278 -34.3477 0.3870 0.7623 1.8867 0.0000 -0.0001 0.0001 0.0000 0.0000 0.0000 0.0000 -0.0006 0.0003 0.0000 -0.0001 0.0001 0.0000 0.0000 0.0000 0.0000 0.0000 0.0000 0.0000 0.0007 0.0001 0.0000 -0.0012 0.0001 0.0000 -0.0008 0.0003 0.0000 0.0001 0.0000 0.0000 0.0000 0.0000 0.0000 -0.0009 0.0000 0.0000 0.0002 -29.9996 -0.0001 -0.0003 29.9996 0.0000 0.0000 0.0000 3.3149 1.6345 179.4845 -6.4072 -15.4334 -3.1376 -20.7329 71.8173 -16.2840 0.0000 25.3510 0.0000 5.0218 -8.6268 178.1533 -0.0761 -11.0455 -0.0753 -2.3295 71.4745 -5.9120 0.0000 25.3508 -0.0001 
4.7514 96.7759 -0.8587 2.4287 4.8139 4.3272 -0.3602 1.2130 -0.4470 -0.3603 1.2132 -0.4470 -0.3613 1.2167 -0.4483 41.3938 84.2909 -58.6761 93.0758 56.3906 127.1658 21.3062 -1.1592 43.3272 -0.6370 1.6588 -2.6236 0.0000 0.0000 0.0001 0.0000 0.0000 0.0000 0.0000 -0.0013 -0.0008 0.0000 -0.0004 0.0001 0.0000 0.0000 0.0000 0.0000 0.0000 0.0000 0.0000 0.0002 0.0000 0.0000 -0.0006 0.0003 0.0000 0.0004 -0.0006 0.0000 0.0000 0.0001 0.0000 0.0000 0.0000 0.0000 -0.0010 -0.0002 0.0000 0.0002 30.0001 -0.0001 0.0005 -29.9998 0.0000 0.0000 0.0000 0.3297 2.2795 0.3591 0.3297 2.2795 0.3591 -38.9408 83.5939 66.9765 -97.8800 57.9164 -122.3111 -18.8372 8.7516 -35.1703 0.4124 0.7960 1.9978 0.0000 -0.0001 0.0001 0.0000 0.0000 0.0000 0.0000 -0.0006 0.0003 0.0000 -0.0001 0.0001 0.0000 0.0000 0.0000 0.0000 0.0000 0.0000 0.0000 0.0007 0.0001 0.0000 -0.0012 0.0001 0.0000 -0.0008 0.0003 0.0000 0.0002 0.0000 0.0000 0.0000 0.0000 0.0000 -0.0009 0.0000 0.0000 0.0002 -29.9996 -0.0001 -0.0002 29.9996 0.0000 0.0000 0.0000 3.2656 1.6570 179.4222 -6.4366 -15.3084 -3.1143 -20.7615 71.6660 -16.3661 0.0000 25.3510 0.0000 5.0930 -8.6501 178.0999 -0.0760 -11.0172 -0.0754 -2.3905 71.4771 -6.0572 0.0000 25.3508 -0.0001 
4.6654 96.7914 -0.8014 2.4614 4.9082 4.4252 -0.3599 1.2197 -0.4671 -0.3599 1.2199 -0.4672 -0.3610 1.2234 -0.4686 40.9785 84.1933 -59.0008 92.7921 56.3959 127.5728 20.7764 -1.3761 44.2382 -0.6368 1.6363 -2.6979 0.0000 0.0000 0.0001 0.0000 0.0000 0.0000 0.0000 -0.0013 -0.0008 0.0000 -0.0004 0.0001 0.0000 0.0000 0.0000 0.0000 0.0000 0.0000 0.0000 0.0002 0.0000 0.0000 -0.0006 0.0003 0.0000 0.0004 -0.0006 0.0000 0.0000 0.0001 0.0000 0.0000 0.0000 0.0000 -0.0010 -0.0002 0.0000 0.0002 30.0001 -0.0001 0.0005 -29.9998 0.0000 0.0000 0.0000 0.3348 2.2924 0.3463 0.3348 2.2924 0.3463 -38.2129 83.4358 67.7033 -97.6550 57.8211 -122.8000 -18.6325 8.6501 -35.9958 0.4380 0.8305 2.1065 0.0000 -0.0001 0.0001 0.0000 0.0000 0.0000 0.0000 -0.0006 0.0003 0.0000 -0.0001 0.0001 0.0000 0.0000 0.0000 0.0000 0.0000 0.0000 0.0000 0.0007 0.0001 0.0000 -0.0012 0.0001 0.0000 -0.0008 0.0003 0.0000 0.0001 0.0000 0.0000 0.0000 0.0000 0.0000 -0.0009 0.0000 0.0000 0.0002 -29.9997 -0.0001 -0.0003 29.9996 0.0000 0.0000 0.0000 3.2218 1.6655 179.3690 -6.4745 -15.1988 -3.0897 -20.7742 71.5223 -16.4403 0.0000 25.3510 0.0000 5.1790 -8.7034 178.0462 -0.0758 -11.0150 -0.0754 -2.4178 71.4728 -6.1848 0.0000 25.3508 -0.0001 
4.5814 96.8058 -0.7613 2.4956 5.0022 4.5216 -0.3640 1.2309 -0.4877 -0.3640 1.2312 -0.4878 -0.3651 1.2347 -0.4892 40.6075 84.0935 -59.2851 92.5163 56.3627 127.9201 20.2571 -1.5947 45.1119 -0.6211 1.5804 -2.7495 0.0000 0.0000 0.0001 0.0000 0.0000 0.0000 0.0000 -0.0013 -0.0008 0.0000 -0.0004 0.0001 0.0000 0.0000 0.0000 0.0000 0.0000 0.0000 0.0000 0.0002 0.0000 0.0000 -0.0006 0.0003 0.0000 0.0004 -0.0006 0.0000 0.0000 0.0001 0.0000 0.0000 0.0000 0.0000 -0.0010 -0.0002 0.0000 0.0002 30.0001 -0.0001 0.0005 -29.9998 0.0000 0.0000 0.0000 0.3411 2.2872 0.3365 0.3411 2.2872 0.3365 -37.5699 83.2851 68.3339 -97.4299 57.7331 -123.2521 -18.4492 8.5369 -36.7954 0.4633 0.8649 2.2109 0.0000 -0.0001 0.0001 0.0000 0.0000 0.0000 0.0000 -0.0006 0.0003 0.0000 -0.0001 0.0001 0.0000 0.0000 0.0000 0.0000 0.0000 0.0000 0.0000 0.0007 0.0001 0.0000 -0.0012 0.0001 0.0000 -0.0008 0.0003 0.0000 0.0001 0.0000 0.0000 0.0000 0.0000 0.0000 -0.0008 0.0000 0.0000 0.0002 -29.9996 -0.0001 -0.0003 29.9996 0.0000 0.0000 0.0000 3.1819 1.6566 179.3216 -6.5194 -15.1108 -3.0644 -20.7707 71.3861 -16.5056 0.0000 25.3510 0.0000 5.2682 -8.7809 177.9917 -0.0755 -11.0393 -0.0754 -2.4320 71.4682 -6.3042 0.0000 25.3508 -0.0001 
4.5041 96.8202 -0.7193 2.5271 5.0959 4.6183 -0.3727 1.2466 -0.5092 -0.3727 1.2468 -0.5092 -0.3738 1.2504 -0.5107 40.2534 83.9975 -59.5597 92.2176 56.3192 128.1778 19.7778 -1.8168 45.8936 -0.6068 1.5338 -2.7952 0.0000 0.0000 0.0001 0.0000 0.0000 0.0000 0.0000 -0.0013 -0.0008 0.0000 -0.0004 0.0001 0.0000 0.0000 0.0000 0.0000 0.0000 0.0000 0.0000 0.0002 0.0000 0.0000 -0.0006 0.0003 0.0000 0.0004 -0.0006 0.0000 0.0000 0.0001 0.0000 0.0000 0.0000 0.0000 -0.0010 -0.0002 0.0000 0.0002 30.0001 -0.0001 0.0005 -29.9998 0.0000 0.0000 0.0000 0.3455 2.2642 0.3286 0.3455 2.2642 0.3286 -37.0736 83.1507 68.8017 -97.1958 57.6539 -123.6283 -18.2938 8.4144 -37.5291 0.4870 0.8984 2.3053 0.0000 -0.0001 0.0001 0.0000 0.0000 0.0000 0.0000 -0.0006 0.0003 0.0000 -0.0001 0.0001 0.0000 0.0000 0.0000 0.0000 0.0000 0.0000 0.0000 0.0007 0.0001 0.0000 -0.0012 0.0001 0.0000 -0.0008 0.0003 0.0000 0.0001 0.0000 0.0000 0.0000 0.0000 0.0000 -0.0009 0.0000 0.0000 0.0002 -29.9996 -0.0001 -0.0003 29.9996 0.0000 0.0000 0.0000 3.1479 1.6258 179.2816 -6.5675 -15.0558 -3.0437 -20.7506 71.2653 -16.5621 0.0000 25.3510 0.0000 5.3367 -8.8685 177.9353 -0.0760 -11.0844 -0.0753 -2.4655 71.4744 -6.4263 0.0000 25.3508 -0.0001 
4.4272 96.8341 -0.6503 2.5538 5.1918 4.7134 -0.3817 1.2634 -0.5301 -0.3817 1.2636 -0.5302 -0.3828 1.2672 -0.5317 39.8782 83.9119 -59.8520 91.8966 56.2801 128.3547 19.3496 -2.0062 46.5381 -0.5946 1.4964 -2.8340 0.0000 0.0000 0.0001 0.0000 0.0000 0.0000 0.0000 -0.0013 -0.0008 0.0000 -0.0004 0.0001 0.0000 0.0000 0.0000 0.0000 0.0000 0.0000 0.0000 0.0002 0.0000 0.0000 -0.0006 0.0003 0.0000 0.0004 -0.0006 0.0000 0.0000 0.0001 0.0000 0.0000 0.0000 0.0000 -0.0010 -0.0002 0.0000 0.0002 30.0001 -0.0001 0.0005 -29.9998 0.0000 0.0000 0.0000 0.3442 2.2342 0.3195 0.3442 2.2342 0.3195 -36.7111 83.0331 69.1278 -96.9697 57.5929 -123.9388 -18.1931 8.2720 -38.2052 0.5089 0.9312 2.3891 0.0000 -0.0001 0.0001 0.0000 0.0000 0.0000 0.0000 -0.0006 0.0003 0.0000 -0.0001 0.0001 0.0000 0.0000 0.0000 0.0000 0.0000 0.0000 0.0000 0.0007 0.0001 0.0000 -0.0012 0.0001 0.0000 -0.0008 0.0003 0.0000 0.0001 0.0000 0.0000 0.0000 0.0000 0.0000 -0.0008 0.0000 0.0000 0.0002 -29.9996 -0.0001 -0.0003 29.9996 0.0000 0.0000 0.0000 3.1244 1.5806 179.2455 -6.6073 -15.0255 -3.0269 -20.7180 71.1622 -16.6071 0.0000 25.3510 0.0000 5.3762 -8.9406 177.8854 -0.0770 -11.1258 -0.0752 -2.5520 71.4964 -6.5762 0.0000 25.3508 -0.0001 
4.3411 96.8462 -0.5638 2.5753 5.2898 4.8040 -0.3892 1.2798 -0.5490 -0.3892 1.2801 -0.5491 -0.3904 1.2837 -0.5506 39.5028 83.8427 -60.1350 91.5855 56.2573 128.4552 18.9827 -2.1790 47.0872 -0.5844 1.4670 -2.8661 0.0000 0.0000 0.0001 0.0000 0.0000 0.0000 0.0000 -0.0013 -0.0008 0.0000 -0.0004 0.0001 0.0000 0.0000 0.0000 0.0000 0.0000 0.0000 0.0000 0.0003 0.0000 0.0000 -0.0007 0.0003 0.0000 0.0004 -0.0006 0.0000 0.0000 0.0001 0.0000 0.0000 0.0000 0.0000 -0.0010 -0.0002 0.0000 0.0002 30.0001 -0.0001 0.0005 -29.9998 0.0000 0.0000 0.0000 0.3365 2.2025 0.3079 0.3365 2.2025 0.3079 -36.5036 82.9375 69.3004 -96.7536 57.5506 -124.1895 -18.1347 8.1338 -38.7920 0.5286 0.9618 2.4608 0.0000 -0.0001 0.0001 0.0000 0.0000 0.0000 0.0000 -0.0006 0.0003 0.0000 -0.0001 0.0001 0.0000 0.0000 0.0000 0.0000 0.0000 0.0000 0.0000 0.0007 0.0001 0.0000 -0.0012 0.0001 0.0000 -0.0008 0.0003 0.0000 0.0001 0.0000 0.0000 0.0000 0.0000 0.0000 -0.0009 0.0000 0.0000 0.0002 -29.9996 -0.0001 -0.0003 29.9996 0.0000 0.0000 0.0000 3.1121 1.5244 179.2122 -6.6302 -15.0135 -3.0158 -20.6772 71.0765 -16.6345 0.0000 25.3510 0.0000 5.3894 -9.0023 177.8496 -0.0776 -11.1604 -0.0751 -2.7024 71.5282 -6.7673 0.0000 25.3508 -0.0001 
4.2365 96.8529 -0.4699 2.5858 5.3887 4.8810 -0.3931 1.2948 -0.5615 -0.3931 1.2951 -0.5616 -0.3943 1.2988 -0.5632 39.1323 83.8055 -60.3994 91.2841 56.2723 128.4509 18.7223 -2.3021 47.4613 -0.5782 1.4497 -2.8885 0.0000 0.0000 0.0001 0.0000 0.0000 0.0000 0.0000 -0.0013 -0.0008 0.0000 -0.0004 0.0001 0.0000 0.0000 0.0000 0.0000 0.0000 0.0000 0.0000 0.0002 0.0000 0.0000 -0.0006 0.0003 0.0000 0.0004 -0.0006 0.0000 0.0000 0.0001 0.0000 0.0000 0.0000 0.0000 -0.0010 -0.0002 0.0000 0.0002 30.0001 -0.0001 0.0005 -29.9998 0.0000 0.0000 0.0000 0.3217 2.1731 0.2903 0.3217 2.1731 0.2903 -36.5163 82.8751 69.2583 -96.5566 57.5371 -124.3450 -18.1320 8.0275 -39.2008 0.5435 0.9867 2.5108 0.0000 -0.0001 0.0001 0.0000 0.0000 0.0000 0.0000 -0.0006 0.0003 0.0000 -0.0001 0.0001 0.0000 0.0000 0.0000 0.0000 0.0000 0.0000 0.0000 0.0007 0.0001 0.0000 -0.0012 0.0001 0.0000 -0.0008 0.0003 0.0000 0.0001 0.0000 0.0000 0.0000 0.0000 0.0000 -0.0008 0.0000 0.0000 0.0002 -29.9996 -0.0001 -0.0003 29.9996 0.0000 0.0000 0.0000 3.1240 1.4555 179.1890 -6.6059 -15.0238 -3.0206 -20.6458 71.0168 -16.6356 0.0000 25.3510 0.0000 5.3744 -9.0630 177.8416 -0.0770 -11.1938 -0.0752 -2.9404 71.5698 -7.0129 0.0000 25.3508 -0.0001 
4.1287 96.8535 -0.3837 2.5883 5.4826 4.9406 -0.3947 1.3086 -0.5664 -0.3948 1.3089 -0.5665 -0.3959 1.3126 -0.5681 38.8049 83.7970 -60.6165 91.0269 56.3325 128.3759 18.5737 -2.3762 47.6746 -0.5759 1.4429 -2.9023 0.0000 0.0000 0.0001 0.0000 0.0000 0.0000 0.0000 -0.0013 -0.0008 0.0000 -0.0004 0.0001 0.0000 0.0000 0.0000 0.0000 0.0000 0.0000 0.0000 0.0002 0.0000 0.0000 -0.0006 0.0003 0.0000 0.0004 -0.0006 0.0000 0.0000 0.0001 0.0000 0.0000 0.0000 0.0000 -0.0010 -0.0002 0.0000 0.0002 30.0001 -0.0001 0.0005 -29.9998 0.0000 0.0000 0.0000 0.3048 2.1512 0.2664 0.3048 2.1512 0.2664 -36.6721 82.8414 69.0791 -96.3852 57.5517 -124.4069 -18.1880 7.9525 -39.4447 0.5535 1.0057 2.5396 0.0000 -0.0001 0.0001 0.0000 0.0000 0.0000 0.0000 -0.0006 0.0003 0.0000 -0.0001 0.0001 0.0000 0.0000 0.0000 0.0000 0.0000 0.0000 0.0000 0.0007 0.0001 0.0000 -0.0012 0.0001 0.0000 -0.0008 0.0003 0.0000 0.0001 0.0000 0.0000 0.0000 0.0000 0.0000 -0.0009 0.0000 0.0000 0.0002 -29.9997 -0.0001 -0.0003 29.9996 0.0000 0.0000 0.0000 3.1533 1.3816 179.1811 -6.5508 -15.0551 -3.0363 -20.6356 70.9793 -16.6305 0.0000 25.3510 0.0000 5.3509 -9.1264 177.8523 -0.0765 -11.2308 -0.0752 -3.2010 71.6160 -7.2625 0.0000 25.3508 -0.0001 
4.0296 96.8496 -0.2985 2.5851 5.5686 4.9829 -0.3950 1.3227 -0.5638 -0.3951 1.3230 -0.5639 -0.3962 1.3267 -0.5655 38.5082 83.8108 -60.8043 90.8288 56.4390 128.2478 18.5321 -2.3975 47.7399 -0.5771 1.4453 -2.9087 0.0000 0.0000 0.0001 0.0000 0.0000 0.0000 0.0000 -0.0013 -0.0008 0.0000 -0.0004 0.0001 0.0000 0.0000 0.0000 0.0000 0.0000 0.0000 0.0000 0.0003 0.0000 0.0000 -0.0006 0.0003 0.0000 0.0004 -0.0006 0.0000 0.0000 0.0001 0.0000 0.0000 0.0000 0.0000 -0.0010 -0.0002 0.0000 0.0002 30.0001 -0.0001 0.0005 -29.9998 0.0000 0.0000 0.0000 0.2886 2.1355 0.2367 0.2886 2.1355 0.2367 -36.9229 82.8291 68.8137 -96.2422 57.5911 -124.3721 -18.3049 7.9066 -39.5405 0.5590 1.0189 2.5482 0.0000 -0.0001 0.0001 0.0000 0.0000 0.0000 0.0000 -0.0006 0.0003 0.0000 -0.0001 0.0001 0.0000 0.0000 0.0000 0.0000 0.0000 0.0000 0.0000 0.0007 0.0001 0.0000 -0.0012 0.0001 0.0000 -0.0008 0.0003 0.0000 0.0001 0.0000 0.0000 0.0000 0.0000 0.0000 -0.0009 0.0000 0.0000 0.0002 -29.9996 -0.0001 -0.0003 29.9996 0.0000 0.0000 0.0000 3.1927 1.3059 179.1888 -6.4873 -15.1074 -3.0563 -20.6416 70.9606 -16.6296 0.0000 25.3510 0.0000 5.3269 -9.1829 177.8737 -0.0769 -11.2688 -0.0751 -3.4457 71.6707 -7.4868 0.0000 25.3508 -0.0001 
3.9528 96.8417 -0.2110 2.5736 5.6381 5.0017 -0.3940 1.3414 -0.5515 -0.3940 1.3417 -0.5516 -0.3952 1.3455 -0.5532 38.2380 83.8481 -60.9754 90.7358 56.6167 128.0574 18.6400 -2.3304 47.6056 -0.5835 1.4593 -2.9055 0.0000 0.0000 0.0001 0.0000 0.0000 0.0000 0.0000 -0.0013 -0.0008 0.0000 -0.0004 0.0001 0.0000 0.0000 0.0000 0.0000 0.0000 0.0000 0.0000 0.0002 0.0000 0.0000 -0.0006 0.0003 0.0000 0.0004 -0.0006 0.0000 0.0000 0.0001 0.0000 0.0000 0.0000 0.0000 -0.0010 -0.0002 0.0000 0.0002 30.0001 -0.0001 0.0005 -29.9998 0.0000 0.0000 0.0000 0.2788 2.1205 0.2006 0.2788 2.1205 0.2006 -37.2710 82.8420 68.4661 -96.1317 57.6530 -124.2107 -18.4961 7.9182 -39.3807 0.5573 1.0231 2.5272 0.0000 -0.0001 0.0001 0.0000 0.0000 0.0000 0.0000 -0.0006 0.0003 0.0000 -0.0001 0.0001 0.0000 0.0000 0.0000 0.0000 0.0000 0.0000 0.0000 0.0007 0.0001 0.0000 -0.0012 0.0001 0.0000 -0.0008 0.0003 0.0000 0.0001 0.0000 0.0000 0.0000 0.0000 0.0000 -0.0009 0.0000 0.0000 0.0002 -29.9996 -0.0001 -0.0003 29.9996 0.0000 0.0000 0.0000 3.2413 1.2371 179.2204 -6.4379 -15.1834 -3.0795 -20.6510 70.9631 -16.6337 0.0000 25.3510 0.0000 5.3046 -9.2127 177.9036 -0.0787 -11.2919 -0.0749 -3.6401 71.7320 -7.6510 0.0000 25.3508 -0.0001 
3.8872 96.8327 -0.1251 2.5554 5.6927 5.0067 -0.3923 1.3648 -0.5350 -0.3924 1.3651 -0.5351 -0.3935 1.3690 -0.5366 38.0253 83.8935 -61.1067 90.7390 56.8421 127.8211 18.8607 -2.1712 47.2915 -0.5942 1.4826 -2.8943 0.0000 0.0000 0.0001 0.0000 0.0000 0.0000 0.0000 -0.0013 -0.0008 0.0000 -0.0004 0.0001 0.0000 0.0000 0.0000 0.0000 0.0000 0.0000 0.0000 0.0002 0.0000 0.0000 -0.0006 0.0003 0.0000 0.0004 -0.0006 0.0000 0.0000 0.0001 0.0000 0.0000 0.0000 0.0000 -0.0010 -0.0002 0.0000 0.0002 30.0001 -0.0001 0.0005 -29.9998 0.0000 0.0000 0.0000 0.2779 2.0989 0.1661 0.2779 2.0989 0.1661 -37.6736 82.8742 68.0737 -96.0623 57.7295 -123.9316 -18.7487 7.9639 -39.0389 0.5496 1.0195 2.4817 0.0000 -0.0001 0.0001 0.0000 0.0000 0.0000 0.0000 -0.0006 0.0003 0.0000 -0.0001 0.0001 0.0000 0.0000 0.0000 0.0000 0.0000 0.0000 0.0000 0.0007 0.0001 0.0000 -0.0012 0.0001 0.0000 -0.0008 0.0003 0.0000 0.0001 0.0000 0.0000 0.0000 0.0000 0.0000 -0.0009 0.0000 0.0000 0.0002 -29.9996 -0.0001 -0.0003 29.9996 0.0000 0.0000 0.0000 3.2963 1.1846 179.2660 -6.4092 -15.2671 -3.1031 -20.6509 70.9768 -16.6400 0.0000 25.3510 0.0000 5.2799 -9.2188 177.9413 -0.0801 -11.2952 -0.0748 -3.8187 71.7886 -7.7926 0.0000 25.3508 -0.0001 
3.8239 96.8235 -0.0438 2.5351 5.7357 5.0036 -0.3911 1.3917 -0.5169 -0.3912 1.3920 -0.5170 -0.3923 1.3959 -0.5185 37.9221 83.9424 -61.1494 90.8296 57.0872 127.5349 19.1624 -1.9430 46.8316 -0.6082 1.5143 -2.8757 0.0000 0.0000 0.0001 0.0000 0.0000 0.0000 0.0000 -0.0013 -0.0008 0.0000 -0.0004 0.0001 0.0000 0.0000 0.0000 0.0000 0.0000 0.0000 0.0000 0.0002 0.0000 0.0000 -0.0006 0.0003 0.0000 0.0004 -0.0006 0.0000 0.0000 0.0001 0.0000 0.0000 0.0000 0.0000 -0.0010 -0.0002 0.0000 0.0002 30.0001 -0.0001 0.0005 -29.9998 0.0000 0.0000 0.0000 0.2842 2.0707 0.1376 0.2842 2.0707 0.1376 -38.1203 82.9207 67.6431 -96.0368 57.8150 -123.5536 -19.0537 8.0290 -38.5517 0.5366 1.0090 2.4155 0.0000 -0.0001 0.0001 0.0000 0.0000 0.0000 0.0000 -0.0006 0.0003 0.0000 -0.0001 0.0001 0.0000 0.0000 0.0000 0.0000 0.0000 0.0000 0.0000 0.0007 0.0001 0.0000 -0.0012 0.0001 0.0000 -0.0008 0.0003 0.0000 0.0001 0.0000 0.0000 0.0000 0.0000 0.0000 -0.0008 0.0000 0.0000 0.0002 -29.9996 -0.0001 -0.0003 29.9996 0.0000 0.0000 0.0000 3.3565 1.1485 179.3172 -6.3998 -15.3522 -3.1220 -20.6332 70.9981 -16.6450 0.0000 25.3510 0.0000 5.2487 -9.2096 177.9876 -0.0809 -11.2841 -0.0747 -4.0073 71.8374 -7.9418 0.0000 25.3508 -0.0001 
3.7528 96.8143 0.0237 2.5189 5.7679 4.9938 -0.3894 1.4205 -0.4993 -0.3895 1.4208 -0.4994 -0.3906 1.4248 -0.5008 38.0636 84.0064 -60.9731 91.0200 57.3221 127.1714 19.5436 -1.6410 46.1812 -0.6259 1.5571 -2.8453 0.0000 0.0000 0.0001 0.0000 0.0000 0.0000 0.0000 -0.0013 -0.0008 0.0000 -0.0004 0.0001 0.0000 0.0000 0.0000 0.0000 0.0000 0.0000 0.0000 0.0002 0.0000 0.0000 -0.0006 0.0003 0.0000 0.0004 -0.0006 0.0000 0.0000 0.0001 0.0000 0.0000 0.0000 0.0000 -0.0010 -0.0002 0.0000 0.0002 30.0001 -0.0001 0.0005 -29.9998 0.0000 0.0000 0.0000 0.2937 2.0353 0.1232 0.2937 2.0353 0.1232 -38.6848 82.9896 67.1075 -96.0599 57.8980 -123.0423 -19.4193 8.1128 -37.8829 0.5169 0.9899 2.3231 0.0000 -0.0001 0.0001 0.0000 0.0000 0.0000 0.0000 -0.0006 0.0003 0.0000 -0.0001 0.0001 0.0000 0.0000 0.0000 0.0000 0.0000 0.0000 0.0000 0.0007 0.0001 0.0000 -0.0012 0.0001 0.0000 -0.0008 0.0003 0.0000 0.0001 0.0000 0.0000 0.0000 0.0000 0.0000 -0.0008 0.0000 0.0000 0.0002 -29.9996 -0.0001 -0.0003 29.9996 0.0000 0.0000 0.0000 3.4234 1.1293 179.3700 -6.4047 -15.4355 -3.1337 -20.5861 71.0259 -16.6396 0.0000 25.3510 0.0000 5.2078 -9.1955 178.0495 -0.0800 -11.2626 -0.0748 -4.2360 71.8700 -8.1381 0.0000 25.3508 -0.0001 
3.6763 96.8051 0.0771 2.5114 5.7973 4.9823 -0.3873 1.4476 -0.4830 -0.3874 1.4479 -0.4831 -0.3885 1.4520 -0.4845 38.3083 84.0822 -60.7023 91.2580 57.5265 126.7326 19.9556 -1.3007 45.4039 -0.6451 1.6074 -2.8054 0.0000 0.0000 0.0001 0.0000 0.0000 0.0000 0.0000 -0.0013 -0.0008 0.0000 -0.0004 0.0001 0.0000 0.0000 0.0000 0.0000 0.0000 0.0000 0.0000 0.0002 0.0000 0.0000 -0.0006 0.0003 0.0000 0.0004 -0.0006 0.0000 0.0000 0.0001 0.0000 0.0000 0.0000 0.0000 -0.0010 -0.0002 0.0000 0.0002 30.0001 -0.0001 0.0005 -29.9998 0.0000 0.0000 0.0000 0.3003 1.9991 0.1203 0.3003 1.9991 0.1203 -39.3753 83.0722 66.4597 -96.0939 57.9616 -122.4146 -19.7947 8.2338 -37.0863 0.4931 0.9635 2.2130 0.0000 -0.0001 0.0001 0.0000 0.0000 0.0000 0.0000 -0.0006 0.0003 0.0000 -0.0001 0.0001 0.0000 0.0000 0.0000 0.0000 0.0000 0.0000 0.0000 0.0007 0.0001 0.0000 -0.0012 0.0001 0.0000 -0.0008 0.0003 0.0000 0.0001 0.0000 0.0000 0.0000 0.0000 0.0000 -0.0008 0.0000 0.0000 0.0002 -29.9996 -0.0001 -0.0003 29.9996 0.0000 0.0000 0.0000 3.4979 1.1125 179.4218 -6.3928 -15.5172 -3.1474 -20.5196 71.0557 -16.6115 0.0000 25.3510 0.0000 5.1650 -9.1865 178.1184 -0.0779 -11.2368 -0.0750 -4.4825 71.8872 -8.3676 0.0000 25.3508 -0.0001 
3.6023 96.7968 0.1246 2.5122 5.8259 4.9697 -0.3858 1.4717 -0.4672 -0.3859 1.4720 -0.4673 -0.3870 1.4762 -0.4686 38.6301 84.1700 -60.3589 91.5149 57.7013 126.2259 20.3792 -0.9261 44.5285 -0.6649 1.6638 -2.7578 0.0000 0.0000 0.0001 0.0000 0.0000 0.0000 0.0000 -0.0013 -0.0008 0.0000 -0.0004 0.0001 0.0000 0.0000 0.0000 0.0000 0.0000 0.0000 0.0000 0.0002 0.0000 0.0000 -0.0006 0.0003 0.0000 0.0004 -0.0006 0.0000 0.0000 0.0001 0.0000 0.0000 0.0000 0.0000 -0.0010 -0.0002 0.0000 0.0002 30.0001 -0.0001 0.0005 -29.9998 0.0000 0.0000 0.0000 0.3037 1.9663 0.1243 0.3037 1.9663 0.1243 -40.1817 83.1661 65.7025 -96.1181 58.0051 -121.6719 -20.1481 8.4182 -36.1853 0.4662 0.9298 2.0892 0.0000 -0.0001 0.0001 0.0000 0.0000 0.0000 0.0000 -0.0006 0.0003 0.0000 -0.0001 0.0001 0.0000 0.0000 0.0000 0.0000 0.0000 0.0000 0.0000 0.0007 0.0001 0.0000 -0.0012 0.0001 0.0000 -0.0008 0.0003 0.0000 0.0001 0.0000 0.0000 0.0000 0.0000 0.0000 -0.0009 0.0000 0.0000 0.0002 -29.9996 -0.0001 -0.0003 29.9996 0.0000 0.0000 0.0000 3.5751 1.0926 179.4725 -6.3611 -15.6020 -3.1654 -20.4427 71.0882 -16.5619 0.0000 25.3510 0.0000 5.1213 -9.1779 178.1878 -0.0756 -11.2055 -0.0753 -4.7299 71.8944 -8.6094 0.0000 25.3508 -0.0001 
3.5457 96.7902 0.1775 2.5243 5.8538 4.9547 -0.3866 1.4904 -0.4504 -0.3867 1.4908 -0.4505 -0.3878 1.4950 -0.4518 39.0256 84.2744 -59.9520 91.8049 57.7746 125.5741 20.8012 -0.4714 43.5364 -0.6575 1.6572 -2.6625 0.0000 0.0000 0.0001 0.0000 0.0000 0.0000 0.0000 -0.0013 -0.0008 0.0000 -0.0004 0.0001 0.0000 0.0000 0.0000 0.0000 0.0000 0.0000 0.0000 0.0002 0.0000 0.0000 -0.0006 0.0003 0.0000 0.0004 -0.0006 0.0000 0.0000 0.0001 0.0000 0.0000 0.0000 0.0000 -0.0010 -0.0002 0.0000 0.0002 30.0001 -0.0001 0.0005 -29.9998 0.0000 0.0000 0.0000 0.3030 1.9434 0.1322 0.3030 1.9434 0.1322 -41.1096 83.2764 64.8241 -96.1016 58.0252 -120.7595 -20.5043 8.6784 -35.2298 0.4371 0.8895 1.9512 0.0000 -0.0001 0.0001 0.0000 0.0000 0.0000 0.0000 -0.0006 0.0003 0.0000 -0.0001 0.0001 0.0000 0.0000 0.0000 0.0000 0.0000 0.0000 0.0000 0.0007 0.0001 0.0000 -0.0012 0.0001 0.0000 -0.0008 0.0003 0.0000 0.0001 0.0000 0.0000 0.0000 0.0000 0.0000 -0.0008 0.0000 0.0000 0.0002 -29.9996 -0.0001 -0.0003 29.9996 0.0000 0.0000 0.0000 3.6489 1.0635 179.5252 -6.3086 -15.7026 -3.1897 -20.3655 71.1324 -16.4982 0.0000 25.3510 0.0000 5.0722 -9.1582 178.2494 -0.0750 -11.1623 -0.0754 -4.9545 71.8965 -8.8366 0.0000 25.3508 -0.0001 
3.5009 96.7841 0.2375 2.5424 5.8809 4.9371 -0.3889 1.5072 -0.4319 -0.3890 1.5076 -0.4319 -0.3901 1.5118 -0.4332 39.4109 84.3883 -59.5677 92.0987 57.7447 124.7922 21.1802 0.0236 42.5486 -0.6187 1.5723 -2.5218 0.0000 0.0000 0.0001 0.0000 0.0000 0.0000 0.0000 -0.0013 -0.0008 0.0000 -0.0004 0.0001 0.0000 0.0000 0.0000 0.0000 0.0000 0.0000 0.0000 0.0002 0.0000 0.0000 -0.0006 0.0003 0.0000 0.0004 -0.0006 0.0000 0.0000 0.0001 0.0000 0.0000 0.0000 0.0000 -0.0010 -0.0002 0.0000 0.0002 30.0001 -0.0001 0.0005 -29.9998 0.0000 0.0000 0.0000 0.2996 1.9273 0.1402 0.2996 1.9273 0.1402 -42.0861 83.3920 63.8975 -96.0285 58.0222 -119.7674 -20.8579 8.9914 -34.2569 0.4091 0.8493 1.8129 0.0000 -0.0001 0.0001 0.0000 0.0000 0.0000 0.0000 -0.0006 0.0003 0.0000 -0.0001 0.0001 0.0000 0.0000 0.0000 0.0000 0.0000 0.0000 0.0000 0.0007 0.0001 0.0000 -0.0012 0.0001 0.0000 -0.0008 0.0003 0.0000 0.0001 0.0000 0.0000 0.0000 0.0000 0.0000 -0.0009 0.0000 0.0000 0.0002 -29.9996 -0.0001 -0.0003 29.9996 0.0000 0.0000 0.0000 3.7159 1.0312 179.5810 -6.2447 -15.8112 -3.2204 -20.3004 71.1851 -16.4343 0.0000 25.3510 0.0000 5.0255 -9.1333 178.3064 -0.0754 -11.1217 -0.0754 -5.1567 71.9041 -9.0506 0.0000 25.3508 -0.0001 
3.4572 96.7769 0.2967 2.5636 5.9074 4.9186 -0.3931 1.5233 -0.4129 -0.3932 1.5236 -0.4130 -0.3943 1.5279 -0.4141 39.7323 84.5036 -59.2604 92.3548 57.6908 123.9608 21.5261 0.5671 41.5700 -0.5813 1.4864 -2.3813 0.0000 0.0000 0.0001 0.0000 0.0000 0.0000 0.0000 -0.0013 -0.0008 0.0000 -0.0004 0.0001 0.0000 0.0000 0.0000 0.0000 0.0000 0.0000 0.0000 0.0002 0.0000 0.0000 -0.0006 0.0003 0.0000 0.0004 -0.0006 0.0000 0.0000 0.0001 0.0000 0.0000 0.0000 0.0000 -0.0010 -0.0002 0.0000 0.0002 30.0001 -0.0001 0.0005 -29.9998 0.0000 0.0000 0.0000 0.2966 1.9110 0.1484 0.2966 1.9110 0.1484 -43.0600 83.5043 62.9754 -95.9176 57.9865 -118.7272 -21.1848 9.3388 -33.2900 0.3833 0.8120 1.6821 0.0000 -0.0001 0.0001 0.0000 0.0000 0.0000 0.0000 -0.0006 0.0003 0.0000 -0.0001 0.0001 0.0000 0.0000 0.0000 0.0000 0.0000 0.0000 0.0000 0.0007 0.0001 0.0000 -0.0012 0.0001 0.0000 -0.0008 0.0003 0.0000 0.0001 0.0000 0.0000 0.0000 0.0000 0.0000 -0.0009 0.0000 0.0000 0.0002 -29.9997 -0.0001 -0.0003 29.9996 0.0000 0.0000 0.0000 3.7741 1.0007 179.6364 -6.1772 -15.9204 -3.2553 -20.2519 71.2448 -16.3768 0.0000 25.3510 0.0000 4.9862 -9.1121 178.3637 -0.0750 -11.0893 -0.0754 -5.3518 71.9152 -9.2685 0.0000 25.3508 -0.0001 
3.4097 96.7666 0.3460 2.5866 5.9355 4.8992 -0.4007 1.5385 -0.3942 -0.4008 1.5389 -0.3942 -0.4020 1.5432 -0.3954 40.0559 84.6209 -58.9791 92.5571 57.6241 123.1118 21.8483 1.1746 40.6520 -0.5473 1.4027 -2.2467 0.0000 0.0000 0.0001 0.0000 0.0000 0.0000 0.0000 -0.0013 -0.0008 0.0000 -0.0004 0.0001 0.0000 0.0000 0.0000 0.0000 0.0000 0.0000 0.0000 0.0002 0.0000 0.0000 -0.0006 0.0003 0.0000 0.0004 -0.0006 0.0000 0.0000 0.0001 0.0000 0.0000 0.0000 0.0000 -0.0010 -0.0002 0.0000 0.0002 30.0001 -0.0001 0.0005 -29.9998 0.0000 0.0000 0.0000 0.2982 1.8850 0.1570 0.2982 1.8850 0.1570 -44.0111 83.6083 62.0785 -95.7790 57.8839 -117.6677 -21.4335 9.7075 -32.3643 0.3591 0.7751 1.5591 0.0000 -0.0001 0.0001 0.0000 0.0000 0.0000 0.0000 -0.0006 0.0003 0.0000 -0.0001 0.0001 0.0000 0.0000 0.0000 0.0000 0.0000 0.0000 0.0000 0.0007 0.0001 0.0000 -0.0012 0.0001 0.0000 -0.0008 0.0003 0.0000 0.0001 0.0000 0.0000 0.0000 0.0000 0.0000 -0.0009 0.0000 0.0000 0.0002 -29.9997 -0.0001 -0.0003 29.9996 0.0000 0.0000 0.0000 3.8202 0.9774 179.6875 -6.1213 -16.0225 -3.2907 -20.2245 71.3167 -16.3396 0.0000 25.3510 0.0000 4.9626 -9.1101 178.4241 -0.0728 -11.0794 -0.0756 -5.5482 71.9314 -9.5054 0.0000 25.3508 -0.0001 
3.3685 96.7551 0.3867 2.6125 5.9672 4.8829 -0.4128 1.5526 -0.3771 -0.4129 1.5530 -0.3772 -0.4140 1.5573 -0.3783 40.4261 84.7318 -58.6778 92.7163 57.5621 122.2895 22.1619 1.7992 39.8283 -0.5175 1.3254 -2.1227 0.0000 0.0000 0.0001 0.0000 0.0000 0.0000 0.0000 -0.0013 -0.0008 0.0000 -0.0004 0.0001 0.0000 0.0000 0.0000 0.0000 0.0000 0.0000 0.0000 0.0002 0.0000 0.0000 -0.0006 0.0003 0.0000 0.0004 -0.0006 0.0000 0.0000 0.0001 0.0000 0.0000 0.0000 0.0000 -0.0010 -0.0002 0.0000 0.0002 30.0001 -0.0001 0.0005 -29.9998 0.0000 0.0000 0.0000 0.3067 1.8475 0.1665 0.3067 1.8475 0.1665 -44.9881 83.7138 61.1489 -95.6505 57.7357 -116.6744 -21.6168 10.0322 -31.5243 0.3371 0.7414 1.4492 0.0000 -0.0001 0.0001 0.0000 0.0000 0.0000 0.0000 -0.0006 0.0003 0.0000 -0.0001 0.0001 0.0000 0.0000 0.0000 0.0000 0.0000 0.0000 0.0000 0.0007 0.0001 0.0000 -0.0012 0.0001 0.0000 -0.0008 0.0003 0.0000 0.0001 0.0000 0.0000 0.0000 0.0000 0.0000 -0.0009 0.0000 0.0000 0.0002 -29.9996 -0.0001 -0.0003 29.9996 0.0000 0.0000 0.0000 3.8594 0.9629 179.7305 -6.0768 -16.1083 -3.3233 -20.2124 71.3955 -16.3240 0.0000 25.3510 0.0000 4.9533 -9.1201 178.4764 -0.0705 -11.0778 -0.0759 -5.7257 71.9479 -9.7386 0.0000 25.3508 -0.0001 
3.3412 96.7443 0.4252 2.6427 6.0031 4.8707 -0.4295 1.5665 -0.3617 -0.4296 1.5669 -0.3618 -0.4308 1.5712 -0.3628 40.7849 84.8283 -58.4114 92.8403 57.4991 121.5201 22.4589 2.3893 39.1270 -0.4922 1.2574 -2.0128 0.0000 0.0000 0.0001 0.0000 0.0000 0.0000 0.0000 -0.0013 -0.0008 0.0000 -0.0004 0.0001 0.0000 0.0000 0.0000 0.0000 0.0000 0.0000 0.0000 0.0003 0.0000 0.0000 -0.0006 0.0003 0.0000 0.0004 -0.0006 0.0000 0.0000 0.0001 0.0000 0.0000 0.0000 0.0000 -0.0010 -0.0002 0.0000 0.0002 30.0001 -0.0001 0.0005 -29.9998 0.0000 0.0000 0.0000 0.3213 1.8011 0.1775 0.3213 1.8011 0.1775 -45.9302 83.8130 60.2448 -95.5399 57.5572 -115.7685 -21.7246 10.3124 -30.7648 0.3174 0.7109 1.3532 0.0000 -0.0001 0.0001 0.0000 0.0000 0.0000 0.0000 -0.0006 0.0003 0.0000 -0.0001 0.0001 0.0000 0.0000 0.0000 0.0000 0.0000 0.0000 0.0000 0.0007 0.0001 0.0000 -0.0012 0.0001 0.0000 -0.0008 0.0003 0.0000 0.0001 0.0000 0.0000 0.0000 0.0000 0.0000 -0.0009 0.0000 0.0000 0.0002 -29.9997 -0.0001 -0.0003 29.9995 0.0000 0.0000 0.0000 3.8943 0.9553 179.7632 -6.0363 -16.1736 -3.3520 -20.2132 71.4768 -16.3247 0.0000 25.3510 0.0000 4.9567 -9.1341 178.5145 -0.0690 -11.0769 -0.0760 -5.8650 71.9661 -9.9457 0.0000 25.3508 -0.0001 
3.3381 96.7373 0.4641 2.6798 6.0447 4.8645 -0.4545 1.5780 -0.3490 -0.4546 1.5784 -0.3491 -0.4559 1.5828 -0.3500 41.1363 84.8980 -58.1858 92.9462 57.4300 120.9270 22.7307 2.9005 38.5784 -0.4732 1.2044 -1.9267 0.0000 0.0000 0.0001 0.0000 0.0000 0.0000 0.0000 -0.0013 -0.0008 0.0000 -0.0004 0.0001 0.0000 0.0000 0.0000 0.0000 0.0000 0.0000 0.0000 0.0002 0.0000 0.0000 -0.0006 0.0003 0.0000 0.0004 -0.0006 0.0000 0.0000 0.0001 0.0000 0.0000 0.0000 0.0000 -0.0010 -0.0002 0.0000 0.0002 30.0001 -0.0001 0.0005 -29.9998 0.0000 0.0000 0.0000 0.3458 1.7474 0.1895 0.3458 1.7474 0.1895 -46.7136 83.8990 59.4811 -95.4839 57.3538 -115.0416 -21.7046 10.5448 -30.1075 0.3009 0.6843 1.2766 0.0000 -0.0001 0.0001 0.0000 0.0000 0.0000 0.0000 -0.0006 0.0003 0.0000 -0.0001 0.0001 0.0000 0.0000 0.0000 0.0000 0.0000 0.0000 0.0000 0.0007 0.0001 0.0000 -0.0012 0.0001 0.0000 -0.0008 0.0003 0.0000 0.0001 0.0000 0.0000 0.0000 0.0000 0.0000 -0.0009 0.0000 0.0000 0.0002 -29.9996 -0.0001 -0.0003 29.9996 0.0000 0.0000 0.0000 3.9147 0.9506 179.7768 -6.0037 -16.2060 -3.3714 -20.2231 71.5548 -16.3346 0.0000 25.3510 0.0000 4.9704 -9.1471 178.5287 -0.0684 -11.0697 -0.0761 -5.9348 71.9874 -10.0878 0.0000 25.3508 -0.0001 
3.3516 96.7340 0.5035 2.7168 6.0909 4.8618 -0.4830 1.5859 -0.3368 -0.4831 1.5863 -0.3369 -0.4845 1.5907 -0.3379 41.4596 84.9439 -57.9976 93.0610 57.3689 120.5027 22.9841 3.3160 38.1597 -0.4589 1.1640 -1.8605 0.0000 0.0000 0.0001 0.0000 0.0000 0.0000 0.0000 -0.0013 -0.0008 0.0000 -0.0004 0.0001 0.0000 0.0000 0.0000 0.0000 0.0000 0.0000 0.0000 0.0003 0.0000 0.0000 -0.0006 0.0003 0.0000 0.0004 -0.0006 0.0000 0.0000 0.0001 0.0000 0.0000 0.0000 0.0000 -0.0010 -0.0002 0.0000 0.0002 30.0001 -0.0001 0.0005 -29.9998 0.0000 0.0000 0.0000 0.3742 1.6985 0.2010 0.3742 1.6985 0.2010 -47.3401 83.9707 58.8568 -95.4866 57.1696 -114.5054 -21.6272 10.7307 -29.5593 0.2876 0.6620 1.2174 0.0000 -0.0001 0.0001 0.0000 0.0000 0.0000 0.0000 -0.0006 0.0003 0.0000 -0.0001 0.0001 0.0000 0.0000 0.0000 0.0000 0.0000 0.0000 0.0000 0.0007 0.0001 0.0000 -0.0012 0.0001 0.0000 -0.0008 0.0003 0.0000 0.0001 0.0000 0.0000 0.0000 0.0000 0.0000 -0.0009 0.0000 0.0000 0.0002 -29.9996 -0.0001 -0.0003 29.9996 0.0000 0.0000 0.0000 3.9193 0.9382 179.7780 -5.9826 -16.2238 -3.3854 -20.2428 71.6321 -16.3507 0.0000 25.3510 0.0000 4.9795 -9.1580 178.5266 -0.0678 -11.0534 -0.0761 -5.9633 72.0086 -10.1724 0.0000 25.3508 -0.0001 
3.3779 96.7340 0.5411 2.7481 6.1396 4.8606 -0.5103 1.5901 -0.3250 -0.5105 1.5905 -0.3250 -0.5119 1.5949 -0.3260 41.7655 84.9687 -57.8212 93.1690 57.3178 120.2269 23.2047 3.6297 37.8646 -0.4491 1.1354 -1.8129 0.0000 0.0000 0.0001 0.0000 0.0000 0.0000 0.0000 -0.0013 -0.0008 0.0000 -0.0004 0.0001 0.0000 0.0000 0.0000 0.0000 0.0000 0.0000 0.0000 0.0002 0.0000 0.0000 -0.0006 0.0003 0.0000 0.0004 -0.0006 0.0000 0.0000 0.0001 0.0000 0.0000 0.0000 0.0000 -0.0010 -0.0002 0.0000 0.0002 30.0001 -0.0001 0.0005 -29.9998 0.0000 0.0000 0.0000 0.4016 1.6613 0.2112 0.4016 1.6613 0.2112 -47.8307 84.0335 58.3559 -95.5330 57.0268 -114.1501 -21.5338 10.8747 -29.1256 0.2775 0.6445 1.1741 0.0000 -0.0001 0.0001 0.0000 0.0000 0.0000 0.0000 -0.0006 0.0003 0.0000 -0.0001 0.0001 0.0000 0.0000 0.0000 0.0000 0.0000 0.0000 0.0000 0.0007 0.0001 0.0000 -0.0012 0.0001 0.0000 -0.0008 0.0003 0.0000 0.0001 0.0000 0.0000 0.0000 0.0000 0.0000 -0.0009 0.0000 0.0000 0.0002 -29.9996 -0.0001 -0.0003 29.9996 0.0000 0.0000 0.0000 3.9097 0.9180 179.7710 -5.9712 -16.2291 -3.3971 -20.2843 71.7047 -16.3791 0.0000 25.3510 0.0000 4.9785 -9.1655 178.5134 -0.0676 -11.0248 -0.0762 -5.9670 72.0247 -10.2079 0.0000 25.3508 -0.0001 
3.4150 96.7375 0.5731 2.7631 6.1851 4.8591 -0.5307 1.5888 -0.3150 -0.5309 1.5892 -0.3151 -0.5324 1.5936 -0.3160 42.0388 84.9609 -57.6501 93.2616 57.2822 120.1769 23.3604 3.7777 37.7427 -0.4456 1.1246 -1.7933 0.0000 0.0000 0.0001 0.0000 0.0000 0.0000 0.0000 -0.0013 -0.0008 0.0000 -0.0004 0.0001 0.0000 0.0000 0.0000 0.0000 0.0000 0.0000 0.0000 0.0002 0.0000 0.0000 -0.0006 0.0003 0.0000 0.0004 -0.0006 0.0000 0.0000 0.0001 0.0000 0.0000 0.0000 0.0000 -0.0010 -0.0002 0.0000 0.0002 30.0001 -0.0001 0.0005 -29.9998 0.0000 0.0000 0.0000 0.4231 1.6515 0.2232 0.4231 1.6515 0.2232 -48.0448 84.0826 58.1175 -95.6148 56.9526 -114.0560 -21.4574 10.9466 -28.8765 0.2721 0.6346 1.1538 0.0000 -0.0001 0.0001 0.0000 0.0000 0.0000 0.0000 -0.0006 0.0003 0.0000 -0.0001 0.0001 0.0000 0.0000 0.0000 0.0000 0.0000 0.0000 0.0000 0.0007 0.0001 0.0000 -0.0012 0.0001 0.0000 -0.0008 0.0003 0.0000 0.0001 0.0000 0.0000 0.0000 0.0000 0.0000 -0.0009 0.0000 0.0000 0.0002 -29.9996 -0.0001 -0.0003 29.9995 0.0000 0.0000 0.0000 3.8895 0.8958 179.7571 -5.9709 -16.2138 -3.4059 -20.3756 71.7672 -16.4441 0.0000 25.3510 0.0000 4.9623 -9.1586 178.4919 -0.0676 -10.9673 -0.0762 -5.9531 72.0248 -10.1866 0.0000 25.3508 -0.0001 
3.4524 96.7428 0.5938 2.7634 6.2211 4.8566 -0.5433 1.5819 -0.3090 -0.5435 1.5823 -0.3091 -0.5450 1.5867 -0.3100 42.3264 84.9324 -57.4386 93.3429 57.2674 120.3157 23.4649 3.7823 37.7495 -0.4470 1.1278 -1.7957 0.0000 0.0000 0.0001 0.0000 0.0000 0.0000 0.0000 -0.0013 -0.0008 0.0000 -0.0004 0.0001 0.0000 0.0000 0.0000 0.0000 0.0000 0.0000 0.0000 0.0003 0.0000 0.0000 -0.0006 0.0003 0.0000 0.0004 -0.0006 0.0000 0.0000 0.0001 0.0000 0.0000 0.0000 0.0000 -0.0010 -0.0002 0.0000 0.0003 30.0001 -0.0001 0.0005 -29.9998 0.0000 0.0000 0.0000 0.4378 1.6745 0.2415 0.4378 1.6745 0.2415 -48.0156 84.1139 58.1218 -95.7167 56.9157 -114.1728 -21.4118 10.9366 -28.7808 0.2704 0.6315 1.1511 0.0000 -0.0001 0.0001 0.0000 0.0000 0.0000 0.0000 -0.0006 0.0003 0.0000 -0.0001 0.0001 0.0000 0.0000 0.0000 0.0000 0.0000 0.0000 0.0000 0.0007 0.0001 0.0000 -0.0012 0.0001 0.0000 -0.0008 0.0003 0.0000 0.0001 0.0000 0.0000 0.0000 0.0000 0.0000 -0.0009 0.0000 0.0000 0.0002 -29.9996 -0.0001 -0.0003 29.9996 0.0000 0.0000 0.0000 3.8614 0.8846 179.7399 -5.9966 -16.1773 -3.4073 -20.4997 71.8194 -16.5485 0.0000 25.3510 0.0000 4.9348 -9.1382 178.4711 -0.0665 -10.8855 -0.0764 -5.9374 72.0053 -10.1365 0.0000 25.3508 -0.0001 
3.4904 96.7500 0.5948 2.7532 6.2458 4.8557 -0.5486 1.5693 -0.3082 -0.5488 1.5697 -0.3083 -0.5503 1.5741 -0.3092 42.6322 84.8946 -57.1831 93.4045 57.2805 120.5977 23.5286 3.6625 37.8685 -0.4524 1.1429 -1.8164 0.0000 0.0000 0.0001 0.0000 0.0000 0.0000 0.0000 -0.0013 -0.0008 0.0000 -0.0004 0.0001 0.0000 0.0000 0.0000 0.0000 0.0000 0.0000 0.0000 0.0002 -0.0001 0.0000 -0.0006 0.0003 0.0000 0.0004 -0.0006 0.0000 0.0000 0.0001 0.0000 0.0000 0.0000 0.0000 -0.0010 -0.0002 0.0000 0.0002 30.0001 -0.0001 0.0005 -29.9998 0.0000 0.0000 0.0000 0.4450 1.7300 0.2674 0.4450 1.7300 0.2674 -47.8088 84.1274 58.3072 -95.8196 56.8931 -114.4562 -21.3767 10.8556 -28.8181 0.2718 0.6345 1.1637 0.0000 -0.0001 0.0001 0.0000 0.0000 0.0000 0.0000 -0.0006 0.0003 0.0000 -0.0001 0.0001 0.0000 0.0000 0.0000 0.0000 0.0000 0.0000 0.0000 0.0007 0.0001 0.0000 -0.0011 0.0001 0.0000 -0.0008 0.0003 0.0000 0.0001 0.0000 0.0000 0.0000 0.0000 0.0000 -0.0009 0.0000 0.0000 0.0002 -29.9996 -0.0001 -0.0003 29.9996 0.0000 0.0000 0.0000 3.8230 0.8893 179.7201 -6.0512 -16.1181 -3.4031 -20.6467 71.8603 -16.6879 0.0000 25.3510 0.0000 4.8979 -9.1122 178.4476 -0.0648 -10.7887 -0.0766 -5.9192 71.9659 -10.0632 0.0000 25.3508 -0.0001 
3.5373 96.7612 0.5471 2.7354 6.2493 4.8611 -0.5457 1.5500 -0.3170 -0.5458 1.5504 -0.3170 -0.5474 1.5547 -0.3179 42.8639 84.8459 -56.9669 93.3928 57.3253 121.0584 23.5051 3.4158 38.1064 -0.4636 1.1741 -1.8629 0.0000 0.0000 0.0001 0.0000 0.0000 0.0000 0.0000 -0.0013 -0.0008 0.0000 -0.0004 0.0001 0.0000 0.0000 0.0000 0.0000 0.0000 0.0000 0.0000 0.0002 0.0000 0.0000 -0.0006 0.0003 0.0000 0.0004 -0.0006 0.0000 0.0000 0.0001 0.0000 0.0000 0.0000 0.0000 -0.0010 -0.0002 0.0000 0.0002 30.0001 -0.0001 0.0005 -29.9998 0.0000 0.0000 0.0000 0.4424 1.8347 0.3048 0.4424 1.8347 0.3048 -47.3594 84.1071 58.7419 -95.8848 56.8618 -114.9224 -21.3016 10.7063 -29.0354 0.2779 0.6455 1.1976 0.0000 -0.0001 0.0001 0.0000 0.0000 0.0000 0.0000 -0.0006 0.0003 0.0000 -0.0001 0.0001 0.0000 0.0000 0.0000 0.0000 0.0000 0.0000 0.0000 0.0007 0.0001 0.0000 -0.0012 0.0001 0.0000 -0.0008 0.0003 0.0000 0.0001 0.0000 0.0000 0.0000 0.0000 0.0000 -0.0009 0.0000 0.0000 0.0002 -29.9996 -0.0001 -0.0003 29.9996 0.0000 0.0000 0.0000 3.7738 0.9210 179.6957 -6.1379 -16.0220 -3.3951 -20.8118 71.8811 -16.8644 0.0000 25.3510 0.0000 4.8538 -9.0933 178.4102 -0.0642 -10.6871 -0.0767 -5.8718 71.8951 -9.9414 0.0000 25.3508 -0.0001 
3.5920 96.7765 0.4576 2.7217 6.2324 4.8720 -0.5405 1.5277 -0.3327 -0.5407 1.5281 -0.3328 -0.5422 1.5324 -0.3338 42.9482 84.7833 -56.8827 93.3131 57.3836 121.6166 23.3892 3.1097 38.4412 -0.4795 1.2162 -1.9292 0.0000 0.0000 0.0001 0.0000 0.0000 0.0000 0.0000 -0.0013 -0.0008 0.0000 -0.0004 0.0001 0.0000 0.0000 0.0000 0.0000 0.0000 0.0000 0.0000 0.0002 0.0000 0.0000 -0.0006 0.0003 0.0000 0.0004 -0.0006 0.0000 0.0000 0.0001 0.0000 0.0000 0.0000 0.0000 -0.0010 -0.0002 0.0000 0.0002 30.0001 -0.0001 0.0005 -29.9998 0.0000 0.0000 0.0000 0.4407 1.9628 0.3446 0.4407 1.9628 0.3446 -46.7059 84.0567 59.3838 -95.9078 56.8134 -115.4978 -21.1734 10.5194 -29.3761 0.2872 0.6621 1.2472 0.0000 -0.0001 0.0001 0.0000 0.0000 0.0000 0.0000 -0.0006 0.0003 0.0000 -0.0001 0.0001 0.0000 0.0000 0.0000 0.0000 0.0000 0.0000 0.0000 0.0007 0.0001 0.0000 -0.0012 0.0001 0.0000 -0.0008 0.0003 0.0000 0.0001 0.0000 0.0000 0.0000 0.0000 0.0000 -0.0009 0.0000 0.0000 0.0002 -29.9997 -0.0001 -0.0003 29.9996 0.0000 0.0000 0.0000 3.7191 0.9766 179.6668 -6.2347 -15.8964 -3.3849 -20.9775 71.8895 -17.0543 0.0000 25.3510 0.0000 4.8197 -9.0828 178.3592 -0.0646 -10.5923 -0.0767 -5.7710 71.8045 -9.7721 0.0000 25.3508 -0.0001 
3.6511 96.7948 0.3415 2.7136 6.1997 4.8860 -0.5358 1.5037 -0.3521 -0.5360 1.5041 -0.3521 -0.5375 1.5083 -0.3531 42.8909 84.7078 -56.9366 93.1961 57.4505 122.2548 23.1903 2.7672 38.8597 -0.4991 1.2662 -2.0118 0.0000 0.0000 0.0001 0.0000 0.0000 0.0000 0.0000 -0.0013 -0.0008 0.0000 -0.0004 0.0001 0.0000 0.0000 0.0000 0.0000 0.0000 0.0000 0.0000 0.0003 0.0000 0.0000 -0.0006 0.0003 0.0000 0.0004 -0.0006 0.0000 0.0000 0.0001 0.0000 0.0000 0.0000 0.0000 -0.0010 -0.0002 0.0000 0.0002 30.0001 -0.0001 0.0005 -29.9998 0.0000 0.0000 0.0000 0.4455 2.0980 0.3818 0.4455 2.0980 0.3818 -45.8892 83.9767 60.1862 -95.9089 56.7614 -116.1641 -21.0183 10.2969 -29.8151 0.2996 0.6840 1.3106 0.0000 -0.0001 0.0001 0.0000 0.0000 0.0000 0.0000 -0.0006 0.0003 0.0000 -0.0001 0.0001 0.0000 0.0000 0.0000 0.0000 0.0000 0.0000 0.0000 0.0007 0.0001 0.0000 -0.0012 0.0001 0.0000 -0.0008 0.0003 0.0000 0.0001 0.0000 0.0000 0.0000 0.0000 0.0000 -0.0009 0.0000 0.0000 0.0002 -29.9996 -0.0001 -0.0003 29.9996 0.0000 0.0000 0.0000 3.6565 1.0441 179.6320 -6.3387 -15.7537 -3.3697 -21.1332 71.8915 -17.2425 0.0000 25.3510 0.0000 4.8023 -9.0716 178.2990 -0.0649 -10.4975 -0.0767 -5.6213 71.7009 -9.5667 0.0000 25.3508 -0.0001 
3.7196 96.8152 0.2057 2.7134 6.1513 4.8967 -0.5305 1.4790 -0.3715 -0.5306 1.4793 -0.3716 -0.5321 1.4835 -0.3727 42.6685 84.6214 -57.1500 93.0425 57.5174 122.9857 22.8648 2.3962 39.3896 -0.5229 1.3240 -2.1144 0.0000 0.0000 0.0001 0.0000 0.0000 0.0000 0.0000 -0.0013 -0.0008 0.0000 -0.0004 0.0001 0.0000 0.0000 0.0000 0.0000 0.0000 0.0000 0.0000 0.0002 0.0000 0.0000 -0.0006 0.0003 0.0000 0.0004 -0.0006 0.0000 0.0000 0.0001 0.0000 0.0000 0.0000 0.0000 -0.0010 -0.0002 0.0000 0.0002 30.0001 -0.0001 0.0005 -29.9998 0.0000 0.0000 0.0000 0.4613 2.2220 0.4086 0.4613 2.2220 0.4086 -44.8791 83.8551 61.1829 -95.8848 56.7188 -116.9259 -20.8414 10.0438 -30.3858 0.3157 0.7124 1.3910 0.0000 -0.0001 0.0001 0.0000 0.0000 0.0000 0.0000 -0.0006 0.0003 0.0000 -0.0001 0.0001 0.0000 0.0000 0.0000 0.0000 0.0000 0.0000 0.0000 0.0007 0.0001 0.0000 -0.0012 0.0001 0.0000 -0.0008 0.0003 0.0000 0.0001 0.0000 0.0000 0.0000 0.0000 0.0000 -0.0009 0.0000 0.0000 0.0002 -29.9997 -0.0001 -0.0003 29.9996 0.0000 0.0000 0.0000 3.5828 1.1043 179.5933 -6.4423 -15.6098 -3.3498 -21.2707 71.8963 -17.4100 0.0000 25.3510 0.0000 4.8153 -9.0495 178.2312 -0.0645 -10.3930 -0.0768 -5.3938 71.5875 -9.3052 0.0000 25.3508 -0.0001 
3.8070 96.8341 0.0564 2.7155 6.0967 4.8939 -0.5221 1.4565 -0.3859 -0.5222 1.4568 -0.3860 -0.5237 1.4609 -0.3871 42.3530 84.5296 -57.4400 92.8583 57.5685 123.7466 22.4446 2.0537 39.9415 -0.5484 1.3833 -2.2256 0.0000 0.0000 0.0001 0.0000 0.0000 0.0000 0.0000 -0.0013 -0.0008 0.0000 -0.0004 0.0001 0.0000 0.0000 0.0000 0.0000 0.0000 0.0000 0.0000 0.0002 0.0000 0.0000 -0.0006 0.0003 0.0000 0.0004 -0.0006 0.0000 0.0000 0.0001 0.0000 0.0000 0.0000 0.0000 -0.0010 -0.0002 0.0000 0.0002 30.0001 -0.0001 0.0005 -29.9998 0.0000 0.0000 0.0000 0.4872 2.3138 0.4230 0.4872 2.3138 0.4230 -43.7800 83.7046 62.2718 -95.8421 56.6914 -117.7267 -20.6357 9.7957 -31.0297 0.3348 0.7448 1.4837 0.0000 -0.0001 0.0001 0.0000 0.0000 0.0000 0.0000 -0.0006 0.0003 0.0000 -0.0001 0.0001 0.0000 0.0000 0.0000 0.0000 0.0000 0.0000 0.0000 0.0007 0.0001 0.0000 -0.0012 0.0001 0.0000 -0.0008 0.0003 0.0000 0.0001 0.0000 0.0000 0.0000 0.0000 0.0000 -0.0009 0.0000 0.0000 0.0002 -29.9997 -0.0001 -0.0003 29.9996 0.0000 0.0000 0.0000 3.5193 1.1364 179.5648 -6.5124 -15.4865 -3.3380 -21.4006 71.9120 -17.5448 0.0000 25.3510 0.0000 4.8614 -9.0226 178.1596 -0.0642 -10.2792 -0.0769 -5.0722 71.4691 -8.9729 0.0000 25.3508 -0.0001 
3.9154 96.8504 -0.1110 2.7159 6.0387 4.8740 -0.5095 1.4376 -0.3938 -0.5096 1.4379 -0.3939 -0.5111 1.4420 -0.3950 42.0055 84.4345 -57.7428 92.6527 57.6051 124.5174 21.9512 1.7413 40.5169 -0.5752 1.4427 -2.3426 0.0000 0.0000 0.0001 0.0000 0.0000 0.0000 0.0000 -0.0013 -0.0008 0.0000 -0.0004 0.0001 0.0000 0.0000 0.0000 0.0000 0.0000 0.0000 0.0000 0.0002 -0.0001 0.0000 -0.0006 0.0003 0.0000 0.0004 -0.0006 0.0000 0.0000 0.0001 0.0000 0.0000 0.0000 0.0000 -0.0010 -0.0002 0.0000 0.0002 30.0001 -0.0001 0.0005 -29.9998 0.0000 0.0000 0.0000 0.5237 2.3663 0.4235 0.5237 2.3663 0.4235 -42.6619 83.5389 63.3848 -95.7830 56.6802 -118.5415 -20.3943 9.5642 -31.7001 0.3557 0.7791 1.5848 0.0000 -0.0001 0.0001 0.0000 0.0000 0.0000 0.0000 -0.0006 0.0003 0.0000 -0.0001 0.0001 0.0000 0.0000 0.0000 0.0000 0.0000 0.0000 0.0000 0.0007 0.0001 0.0000 -0.0012 0.0001 0.0000 -0.0008 0.0003 0.0000 0.0001 0.0000 0.0000 0.0000 0.0000 0.0000 -0.0008 0.0000 0.0000 0.0002 -29.9996 -0.0001 -0.0003 29.9996 0.0000 0.0000 0.0000 3.4730 1.1373 179.5500 -6.5496 -15.3936 -3.3349 -21.5215 71.9443 -17.6452 0.0000 25.3510 0.0000 4.9355 -9.0006 178.0872 -0.0639 -10.1631 -0.0770 -4.6649 71.3450 -8.5735 0.0000 25.3508 -0.0001 
4.0525 96.8617 -0.3071 2.7055 5.9780 4.8258 -0.4889 1.4252 -0.3910 -0.4890 1.4255 -0.3911 -0.4904 1.4295 -0.3922 41.6880 84.3377 -57.9846 92.4182 57.6173 125.2833 21.3536 1.3746 41.2386 -0.6045 1.5056 -2.4712 0.0000 0.0000 0.0001 0.0000 0.0000 0.0000 0.0000 -0.0013 -0.0008 0.0000 -0.0004 0.0001 0.0000 0.0000 0.0000 0.0000 0.0000 0.0000 0.0000 0.0002 0.0000 0.0000 -0.0006 0.0003 0.0000 0.0004 -0.0006 0.0000 0.0000 0.0001 0.0000 0.0000 0.0000 0.0000 -0.0010 -0.0002 0.0000 0.0003 30.0001 -0.0001 0.0005 -29.9998 0.0000 0.0000 0.0000 0.5764 2.3587 0.4036 0.5764 2.3587 0.4036 -41.5649 83.3676 64.4846 -95.6985 56.6901 -119.3387 -20.1255 9.3446 -32.3994 0.3783 0.8151 1.6933 0.0000 -0.0001 0.0001 0.0000 0.0000 0.0000 0.0000 -0.0006 0.0003 0.0000 -0.0001 0.0001 0.0000 0.0000 0.0000 0.0000 0.0000 0.0000 0.0000 0.0007 0.0001 0.0000 -0.0012 0.0001 0.0000 -0.0008 0.0003 0.0000 0.0001 0.0000 0.0000 0.0000 0.0000 0.0000 -0.0009 0.0000 0.0000 0.0002 -29.9996 -0.0001 -0.0003 29.9996 0.0000 0.0000 0.0000 3.4507 1.0942 179.5545 -6.5613 -15.3525 -3.3374 -21.6225 72.0079 -17.6937 0.0000 25.3510 0.0000 5.0341 -8.9955 178.0206 -0.0636 -10.0516 -0.0771 -4.1729 71.2108 -8.0999 0.0000 25.3508 -0.0001 
4.1998 96.8693 -0.5171 2.6815 5.9145 4.7589 -0.4642 1.4193 -0.3812 -0.4643 1.4196 -0.3812 -0.4656 1.4236 -0.3823 41.4005 84.2442 -58.1783 92.1463 57.6044 125.9920 20.7225 1.0241 41.9330 -0.6331 1.5665 -2.5972 0.0000 0.0000 0.0001 0.0000 0.0000 0.0000 0.0000 -0.0013 -0.0008 0.0000 -0.0004 0.0001 0.0000 0.0000 0.0000 0.0000 0.0000 0.0000 0.0000 0.0002 0.0000 0.0000 -0.0006 0.0003 0.0000 0.0004 -0.0006 0.0000 0.0000 0.0001 0.0000 0.0000 0.0000 0.0000 -0.0010 -0.0002 0.0000 0.0002 30.0001 -0.0001 0.0005 -29.9998 0.0000 0.0000 0.0000 0.6395 2.3204 0.3741 0.6395 2.3204 0.3741 -40.5249 83.1983 65.5276 -95.5882 56.7035 -120.0810 -19.8569 9.1140 -33.1372 0.4020 0.8525 1.8058 0.0000 -0.0001 0.0001 0.0000 0.0000 0.0000 0.0000 -0.0006 0.0003 0.0000 -0.0001 0.0001 0.0000 0.0000 0.0000 0.0000 0.0000 0.0000 0.0000 0.0007 0.0001 0.0000 -0.0012 0.0001 0.0000 -0.0008 0.0003 0.0000 0.0001 0.0000 0.0000 0.0000 0.0000 0.0000 -0.0009 0.0000 0.0000 0.0002 -29.9996 -0.0001 -0.0003 29.9996 0.0000 0.0000 0.0000 3.4460 1.0248 179.5726 -6.5710 -15.3511 -3.3444 -21.6949 72.0975 -17.6945 0.0000 25.3510 0.0000 5.1349 -9.0002 177.9665 -0.0638 -9.9451 -0.0772 -3.6784 71.0686 -7.6220 0.0000 25.3508 -0.0001 
4.3393 96.8737 -0.7318 2.6451 5.8467 4.6818 -0.4382 1.4195 -0.3679 -0.4383 1.4198 -0.3679 -0.4396 1.4238 -0.3690 41.0920 84.1493 -58.3799 91.8454 57.5717 126.6240 20.0695 0.6843 42.6087 -0.6607 1.6248 -2.7193 0.0000 0.0000 0.0001 0.0000 0.0000 0.0000 0.0000 -0.0013 -0.0008 0.0000 -0.0004 0.0001 0.0000 0.0000 0.0000 0.0000 0.0000 0.0000 0.0000 0.0003 -0.0001 0.0000 -0.0006 0.0003 0.0000 0.0004 -0.0006 0.0000 0.0000 0.0001 0.0000 0.0000 0.0000 0.0000 -0.0010 -0.0002 0.0000 0.0002 30.0001 -0.0001 0.0005 -29.9998 0.0000 0.0000 0.0000 0.7137 2.2610 0.3395 0.7137 2.2610 0.3395 -39.5590 83.0346 66.4935 -95.4565 56.7129 -120.7699 -19.5741 8.8816 -33.8835 0.4276 0.8937 1.9242 0.0000 -0.0001 0.0001 0.0000 0.0000 0.0000 0.0000 -0.0006 0.0003 0.0000 -0.0001 0.0001 0.0000 0.0000 0.0000 0.0000 0.0000 0.0000 0.0000 0.0007 0.0001 0.0000 -0.0012 0.0001 0.0000 -0.0008 0.0003 0.0000 0.0002 0.0000 0.0000 0.0000 0.0000 0.0000 -0.0009 0.0000 0.0000 0.0002 -29.9996 -0.0001 -0.0003 29.9996 0.0000 0.0000 0.0000 3.4596 0.9462 179.5998 -6.5803 -15.3731 -3.3576 -21.7369 72.2071 -17.6521 0.0000 25.3510 0.0000 5.2314 -9.0104 177.9296 -0.0638 -9.8463 -0.0772 -3.2292 70.9219 -7.1871 0.0000 25.3508 -0.0001 
4.4399 96.8736 -0.9468 2.5912 5.7700 4.6009 -0.4142 1.4287 -0.3536 -0.4143 1.4290 -0.3536 -0.4154 1.4330 -0.3546 40.7525 84.0605 -58.6155 91.5748 57.4655 127.1228 19.4106 0.3360 43.2954 -0.6590 1.6125 -2.7969 0.0000 0.0000 0.0001 0.0000 0.0000 0.0000 0.0000 -0.0013 -0.0008 0.0000 -0.0004 0.0001 0.0000 0.0000 0.0000 0.0000 0.0000 0.0000 0.0000 0.0003 0.0000 0.0000 -0.0006 0.0003 0.0000 0.0004 -0.0006 0.0000 0.0000 0.0001 0.0000 0.0000 0.0000 0.0000 -0.0010 -0.0002 0.0000 0.0002 30.0001 -0.0001 0.0005 -29.9998 0.0000 0.0000 0.0000 0.8084 2.1786 0.3013 0.8084 2.1786 0.3013 -38.7189 82.8871 67.3241 -95.3209 56.7091 -121.3823 -19.2794 8.6525 -34.6013 0.4522 0.9327 2.0373 0.0000 -0.0001 0.0001 0.0000 0.0000 0.0000 0.0000 -0.0006 0.0003 0.0000 -0.0001 0.0001 0.0000 0.0000 0.0000 0.0000 0.0000 0.0000 0.0000 0.0007 0.0001 0.0000 -0.0012 0.0001 0.0000 -0.0008 0.0003 0.0000 0.0001 0.0000 0.0000 0.0000 0.0000 0.0000 -0.0009 0.0000 0.0000 0.0002 -29.9996 -0.0001 -0.0003 29.9996 0.0000 0.0000 0.0000 3.4920 0.8642 179.6248 -6.6055 -15.4220 -3.3705 -21.7307 72.3389 -17.5530 0.0000 25.3511 0.0000 5.3111 -9.0323 177.9263 -0.0617 -9.7764 -0.0774 -2.9214 70.7778 -6.8838 0.0000 25.3508 -0.0001 
4.5096 96.8700 -1.1662 2.5238 5.6850 4.5238 -0.3931 1.4444 -0.3410 -0.3932 1.4447 -0.3411 -0.3943 1.4488 -0.3421 40.4038 83.9802 -58.8669 91.3669 57.3365 127.5424 18.7757 -0.0617 44.0306 -0.6386 1.5592 -2.8476 0.0000 0.0000 0.0001 0.0000 0.0000 0.0000 0.0000 -0.0013 -0.0008 0.0000 -0.0004 0.0001 0.0000 0.0000 0.0000 0.0000 0.0000 0.0000 0.0000 0.0002 0.0000 0.0000 -0.0006 0.0003 0.0000 0.0004 -0.0006 0.0000 0.0000 0.0001 0.0000 0.0000 0.0000 0.0000 -0.0010 -0.0002 0.0000 0.0003 30.0001 -0.0001 0.0005 -29.9998 0.0000 0.0000 0.0000 0.9143 2.0885 0.2678 0.9143 2.0885 0.2678 -38.0090 82.7585 68.0174 -95.2115 56.6992 -121.9429 -19.0170 8.4030 -35.2980 0.4751 0.9698 2.1431 0.0000 -0.0001 0.0001 0.0000 0.0000 0.0000 0.0000 -0.0006 0.0003 0.0000 -0.0001 0.0001 0.0000 0.0000 0.0000 0.0000 0.0000 0.0000 0.0000 0.0007 0.0001 0.0000 -0.0012 0.0001 0.0000 -0.0008 0.0003 0.0000 0.0001 0.0000 0.0000 0.0000 0.0000 0.0000 -0.0009 0.0000 0.0000 0.0002 -29.9997 -0.0001 -0.0003 29.9996 0.0000 0.0000 0.0000 3.5305 0.7956 179.6419 -6.6518 -15.4757 -3.3805 -21.6998 72.4817 -17.4287 0.0000 25.3510 0.0000 5.3795 -9.0749 177.9426 -0.0597 -9.7501 -0.0776 -2.7262 70.6394 -6.6842 0.0000 25.3508 -0.0001 
4.5617 96.8644 -1.3928 2.4485 5.5940 4.4510 -0.3755 1.4644 -0.3305 -0.3756 1.4647 -0.3306 -0.3766 1.4688 -0.3315 40.0402 83.9133 -59.1382 91.1963 57.2362 127.8983 18.2189 -0.4182 44.6597 -0.6199 1.5142 -2.8910 0.0000 0.0000 0.0001 0.0000 0.0000 0.0000 0.0000 -0.0013 -0.0008 0.0000 -0.0004 0.0001 0.0000 0.0000 0.0000 0.0000 0.0000 0.0000 0.0000 0.0002 0.0000 0.0000 -0.0006 0.0003 0.0000 0.0004 -0.0006 0.0000 0.0000 0.0001 0.0000 0.0000 0.0000 0.0000 -0.0010 -0.0002 0.0000 0.0003 30.0001 -0.0001 0.0005 -29.9998 0.0000 0.0000 0.0000 1.0251 1.9958 0.2417 1.0251 1.9957 0.2417 -37.4089 82.6491 68.5965 -95.1402 56.6884 -122.4619 -18.7993 8.1362 -35.9618 0.4959 1.0044 2.2399 0.0000 -0.0001 0.0001 0.0000 0.0000 0.0000 0.0000 -0.0006 0.0003 0.0000 -0.0001 0.0001 0.0000 0.0000 0.0000 0.0000 0.0000 0.0000 0.0000 0.0007 0.0001 0.0000 -0.0012 0.0001 0.0000 -0.0008 0.0003 0.0000 0.0001 0.0000 0.0000 0.0000 0.0000 0.0000 -0.0009 0.0000 0.0000 0.0002 -29.9997 -0.0001 -0.0003 29.9996 0.0000 0.0000 0.0000 3.5689 0.7405 179.6520 -6.7132 -15.5274 -3.3875 -21.6667 72.6271 -17.3026 0.0000 25.3511 0.0000 5.4544 -9.1379 177.9662 -0.0586 -9.7637 -0.0777 -2.5773 70.5044 -6.5386 0.0000 25.3508 -0.0001 
4.6066 96.8595 -1.6271 2.3715 5.4966 4.3870 -0.3640 1.4869 -0.3244 -0.3641 1.4872 -0.3244 -0.3651 1.4914 -0.3253 39.6506 83.8728 -59.4367 91.0982 57.1907 128.1559 17.7792 -0.7241 45.1907 -0.6046 1.4793 -2.9261 0.0000 0.0000 0.0001 0.0000 0.0000 0.0000 0.0000 -0.0013 -0.0008 0.0000 -0.0004 0.0001 0.0000 0.0000 0.0000 0.0000 0.0000 0.0000 0.0000 0.0002 0.0000 0.0000 -0.0006 0.0003 0.0000 0.0004 -0.0006 0.0000 0.0000 0.0001 0.0000 0.0000 0.0000 0.0000 -0.0010 -0.0002 0.0000 0.0002 30.0001 -0.0001 0.0005 -29.9998 0.0000 0.0000 0.0000 1.1351 1.9066 0.2284 1.1350 1.9066 0.2284 -36.9729 82.5739 69.0105 -95.1529 56.6868 -122.9270 -18.6351 7.8919 -36.4991 0.5116 1.0311 2.3174 0.0000 -0.0001 0.0001 0.0000 0.0000 0.0000 0.0000 -0.0006 0.0003 0.0000 -0.0001 0.0001 0.0000 0.0000 0.0000 0.0000 0.0000 0.0000 0.0000 0.0007 0.0001 0.0000 -0.0012 0.0001 0.0000 -0.0008 0.0003 0.0000 0.0001 0.0000 0.0000 0.0000 0.0000 0.0000 -0.0009 0.0000 0.0000 0.0002 -29.9996 -0.0001 -0.0003 29.9996 0.0000 0.0000 0.0000 3.6051 0.7087 179.6512 -6.7850 -15.5648 -3.3876 -21.6421 72.7650 -17.1946 0.0000 25.3511 0.0000 5.5516 -9.2136 177.9839 -0.0581 -9.8050 -0.0777 -2.4050 70.3649 -6.3941 0.0000 25.3508 -0.0001 
4.6655 96.8600 -1.8605 2.2988 5.3897 4.3295 -0.3570 1.5100 -0.3220 -0.3571 1.5104 -0.3221 -0.3581 1.5146 -0.3230 39.2722 83.8587 -59.7300 91.0598 57.1932 128.3324 17.4354 -0.9984 45.6700 -0.5919 1.4517 -2.9555 0.0000 0.0000 0.0001 0.0000 0.0000 0.0000 0.0000 -0.0013 -0.0008 0.0000 -0.0004 0.0001 0.0000 0.0000 0.0000 0.0000 0.0000 0.0000 0.0000 0.0002 0.0000 0.0000 -0.0006 0.0003 0.0000 0.0004 -0.0006 0.0000 0.0000 0.0001 0.0000 0.0000 0.0000 0.0000 -0.0010 -0.0002 0.0000 0.0002 30.0001 -0.0001 0.0005 -29.9998 0.0000 0.0000 0.0000 1.2413 1.8234 0.2224 1.2413 1.8234 0.2224 -36.6694 82.5307 69.2983 -95.2585 56.7079 -123.3442 -18.5249 7.6953 -36.8867 0.5219 1.0482 2.3740 0.0000 -0.0001 0.0001 0.0000 0.0000 0.0000 0.0000 -0.0006 0.0003 0.0000 -0.0001 0.0001 0.0000 0.0000 0.0000 0.0000 0.0000 0.0000 0.0000 0.0007 0.0001 0.0000 -0.0012 0.0001 0.0000 -0.0008 0.0003 0.0000 0.0001 0.0000 0.0000 0.0000 0.0000 0.0000 -0.0009 0.0000 0.0000 0.0002 -29.9996 -0.0001 -0.0003 29.9996 0.0000 0.0000 0.0000 3.6346 0.7051 179.6437 -6.8594 -15.5819 -3.3797 -21.6323 72.8896 -17.1179 0.0000 25.3511 0.0000 5.6578 -9.2736 177.9857 -0.0578 -9.8361 -0.0777 -2.1550 70.2167 -6.1807 0.0000 25.3508 -0.0001 
4.7490 96.8661 -2.0904 2.2334 5.2770 4.2768 -0.3534 1.5316 -0.3225 -0.3535 1.5320 -0.3226 -0.3545 1.5363 -0.3235 38.9483 83.8684 -59.9762 91.0770 57.2416 128.4431 17.2013 -1.2051 46.0188 -0.5829 1.4333 -2.9774 0.0000 0.0000 0.0001 0.0000 0.0000 0.0000 0.0000 -0.0013 -0.0008 0.0000 -0.0004 0.0001 0.0000 0.0000 0.0000 0.0000 0.0000 0.0000 0.0000 0.0002 0.0000 0.0000 -0.0006 0.0003 0.0000 0.0004 -0.0006 0.0000 0.0000 0.0001 0.0000 0.0000 0.0000 0.0000 -0.0010 -0.0002 0.0000 0.0002 30.0001 -0.0001 0.0005 -29.9998 0.0000 0.0000 0.0000 1.3355 1.7540 0.2230 1.3355 1.7540 0.2230 -36.4681 82.5163 69.4927 -95.4532 56.7554 -123.7010 -18.4784 7.5421 -37.1459 0.5270 1.0562 2.4103 0.0000 -0.0001 0.0001 0.0000 0.0000 0.0000 0.0000 -0.0006 0.0003 0.0000 -0.0001 0.0001 0.0000 0.0000 0.0000 0.0000 0.0000 0.0000 0.0000 0.0007 0.0001 0.0000 -0.0011 0.0001 0.0000 -0.0008 0.0003 0.0000 0.0001 0.0000 0.0000 0.0000 0.0000 0.0000 -0.0008 0.0000 0.0000 0.0002 -29.9996 -0.0001 -0.0003 29.9996 0.0000 0.0000 0.0000 3.6536 0.7261 179.6324 -6.9347 -15.5760 -3.3671 -21.6221 73.0001 -17.0563 0.0000 25.3511 0.0000 5.7568 -9.3162 177.9673 -0.0587 -9.8521 -0.0776 -1.8213 70.0642 -5.8765 0.0000 25.3508 -0.0001 
4.8782 96.8768 -2.3117 2.1827 5.1584 4.2261 -0.3552 1.5482 -0.3253 -0.3552 1.5486 -0.3254 -0.3563 1.5529 -0.3263 38.7264 83.9067 -60.1330 91.1766 57.3554 128.4564 17.1276 -1.2945 46.1540 -0.5799 1.4283 -2.9878 0.0000 0.0000 0.0001 0.0000 0.0000 0.0000 0.0000 -0.0013 -0.0008 0.0000 -0.0004 0.0001 0.0000 0.0000 0.0000 0.0000 0.0000 0.0000 0.0000 0.0002 0.0000 0.0000 -0.0007 0.0003 0.0000 0.0004 -0.0006 0.0000 0.0000 0.0001 0.0000 0.0000 0.0000 0.0000 -0.0010 -0.0002 0.0000 0.0002 30.0001 -0.0001 0.0005 -29.9998 0.0000 0.0000 0.0000 1.4118 1.7056 0.2273 1.4118 1.7056 0.2273 -36.4117 82.5409 69.5513 -95.7619 56.8416 -123.9374 -18.5239 7.4663 -37.2194 0.5244 1.0502 2.4149 0.0000 -0.0001 0.0001 0.0000 0.0000 0.0000 0.0000 -0.0006 0.0003 0.0000 -0.0001 0.0001 0.0000 0.0000 0.0000 0.0000 0.0000 0.0000 0.0000 0.0007 0.0001 0.0000 -0.0012 0.0001 0.0000 -0.0008 0.0003 0.0000 0.0001 0.0000 0.0000 0.0000 0.0000 0.0000 -0.0009 0.0000 0.0000 0.0002 -29.9997 -0.0001 -0.0003 29.9996 0.0000 0.0000 0.0000 3.6578 0.7769 179.6183 -6.9969 -15.5331 -3.3544 -21.5795 73.0876 -16.9761 0.0000 25.3511 0.0000 5.8285 -9.3431 177.9196 -0.0636 -9.8669 -0.0772 -1.3553 69.9275 -5.4204 0.0000 25.3508 -0.0001 
5.0126 96.8842 -2.5151 2.1444 5.0376 4.1723 -0.3604 1.5601 -0.3265 -0.3604 1.5605 -0.3266 -0.3615 1.5649 -0.3275 38.5950 83.9629 -60.2181 91.3344 57.5085 128.3835 17.1727 -1.2654 46.1030 -0.5823 1.4334 -2.9882 0.0000 0.0000 0.0001 0.0000 0.0000 0.0000 0.0000 -0.0013 -0.0008 0.0000 -0.0004 0.0001 0.0000 0.0000 0.0000 0.0000 0.0000 0.0000 0.0000 0.0002 0.0000 0.0000 -0.0006 0.0003 0.0000 0.0004 -0.0006 0.0000 0.0000 0.0001 0.0000 0.0000 0.0000 0.0000 -0.0010 -0.0002 0.0000 0.0002 30.0001 -0.0001 0.0005 -29.9998 0.0000 0.0000 0.0000 1.4741 1.6695 0.2272 1.4741 1.6695 0.2272 -36.5090 82.5894 69.4655 -96.1342 56.9541 -124.0484 -18.6350 7.4721 -37.1471 0.5164 1.0334 2.3939 0.0000 -0.0001 0.0001 0.0000 0.0000 0.0000 0.0000 -0.0006 0.0003 0.0000 -0.0001 0.0001 0.0000 0.0000 0.0000 0.0000 0.0000 0.0000 0.0000 0.0007 0.0001 0.0000 -0.0012 0.0001 0.0000 -0.0008 0.0003 0.0000 0.0001 0.0000 0.0000 0.0000 0.0000 0.0000 -0.0008 0.0000 0.0000 0.0002 -29.9997 -0.0001 -0.0003 29.9996 0.0000 0.0000 0.0000 3.6563 0.8398 179.6010 -7.0307 -15.4666 -3.3436 -21.4836 73.1583 -16.8358 0.0000 25.3510 0.0000 5.8651 -9.3590 177.8753 -0.0678 -9.8888 -0.0768 -0.8703 69.8188 -4.9230 0.0000 25.3508 -0.0001 
5.1376 96.8867 -2.6947 2.1130 4.9138 4.1113 -0.3662 1.5692 -0.3244 -0.3662 1.5695 -0.3245 -0.3673 1.5739 -0.3254 38.5538 84.0292 -60.2327 91.5496 57.6885 128.2369 17.3225 -1.1297 45.8905 -0.5894 1.4475 -2.9797 0.0000 0.0000 0.0001 0.0000 0.0000 0.0000 0.0000 -0.0013 -0.0008 0.0000 -0.0004 0.0001 0.0000 0.0000 0.0000 0.0000 0.0000 0.0000 0.0000 0.0002 0.0000 0.0000 -0.0006 0.0003 0.0000 0.0004 -0.0006 0.0000 0.0000 0.0001 0.0000 0.0000 0.0000 0.0000 -0.0010 -0.0002 0.0000 0.0002 30.0001 -0.0001 0.0005 -29.9998 0.0000 0.0000 0.0000 1.5235 1.6391 0.2213 1.5235 1.6391 0.2213 -36.7561 82.6558 69.2407 -96.5380 57.0876 -124.0346 -18.8021 7.5512 -36.9522 0.5042 1.0082 2.3512 0.0000 -0.0001 0.0001 0.0000 0.0000 0.0000 0.0000 -0.0006 0.0003 0.0000 -0.0001 0.0001 0.0000 0.0000 0.0000 0.0000 0.0000 0.0000 0.0000 0.0007 0.0001 0.0000 -0.0012 0.0001 0.0000 -0.0008 0.0003 0.0000 0.0001 0.0000 0.0000 0.0000 0.0000 0.0000 -0.0009 0.0000 0.0000 0.0002 -29.9997 -0.0001 -0.0003 29.9996 0.0000 0.0000 0.0000 3.6554 0.9059 179.5836 -7.0377 -15.3906 -3.3334 -21.3414 73.2189 -16.6358 0.0000 25.3510 0.0000 5.8656 -9.3569 177.8494 -0.0695 -9.9085 -0.0767 -0.4317 69.7340 -4.4450 0.0000 25.3508 -0.0001 
5.2547 96.8826 -2.8328 2.0876 4.7943 4.0301 -0.3690 1.5729 -0.3142 -0.3691 1.5733 -0.3142 -0.3701 1.5777 -0.3151 38.6649 84.1058 -60.1175 91.8309 57.8940 127.9740 17.6213 -0.8582 45.4592 -0.6029 1.4750 -2.9568 0.0000 0.0000 0.0001 0.0000 0.0000 0.0000 0.0000 -0.0013 -0.0008 0.0000 -0.0004 0.0001 0.0000 0.0000 0.0000 0.0000 0.0000 0.0000 0.0000 0.0002 -0.0001 0.0000 -0.0006 0.0003 0.0000 0.0004 -0.0006 0.0000 0.0000 0.0001 0.0000 0.0000 0.0000 0.0000 -0.0010 -0.0002 0.0000 0.0002 30.0001 -0.0001 0.0005 -29.9998 0.0000 0.0000 0.0000 1.5537 1.6070 0.2059 1.5537 1.6070 0.2059 -37.2441 82.7507 68.7905 -96.9399 57.2448 -123.8239 -19.0369 7.7222 -36.5952 0.4868 0.9733 2.2802 0.0000 -0.0001 0.0001 0.0000 0.0000 0.0000 0.0000 -0.0006 0.0003 0.0000 -0.0001 0.0001 0.0000 0.0000 0.0000 0.0000 0.0000 0.0000 0.0000 0.0007 0.0001 0.0000 -0.0012 0.0001 0.0000 -0.0008 0.0003 0.0000 0.0001 0.0000 0.0000 0.0000 0.0000 0.0000 -0.0008 0.0000 0.0000 0.0002 -29.9996 -0.0001 -0.0003 29.9996 0.0000 0.0000 0.0000 3.6625 0.9527 179.5753 -7.0094 -15.3224 -3.3242 -21.1425 73.2724 -16.3494 0.0000 25.3511 0.0000 5.8107 -9.3202 177.8571 -0.0687 -9.8977 -0.0768 -0.0951 69.6780 -4.0252 0.0000 25.3508 -0.0001 
5.3861 96.8730 -2.9567 2.0652 4.6771 3.9229 -0.3691 1.5754 -0.2939 -0.3692 1.5758 -0.2939 -0.3703 1.5802 -0.2948 38.8807 84.1852 -59.9078 92.1290 58.1070 127.6090 18.0266 -0.4951 44.8717 -0.6209 1.5136 -2.9225 0.0000 0.0000 0.0001 0.0000 0.0000 0.0000 0.0000 -0.0013 -0.0008 0.0000 -0.0004 0.0001 0.0000 0.0000 0.0000 0.0000 0.0000 0.0000 0.0000 0.0002 0.0000 0.0000 -0.0006 0.0003 0.0000 0.0004 -0.0006 0.0000 0.0000 0.0001 0.0000 0.0000 0.0000 0.0000 -0.0010 -0.0002 0.0000 0.0002 30.0001 -0.0001 0.0005 -29.9998 0.0000 0.0000 0.0000 1.5726 1.5651 0.1832 1.5726 1.5651 0.1832 -37.8836 82.8614 68.1906 -97.2887 57.3961 -123.4348 -19.2969 7.9451 -36.1224 0.4663 0.9336 2.1902 0.0000 -0.0001 0.0001 0.0000 0.0000 0.0000 0.0000 -0.0006 0.0003 0.0000 -0.0001 0.0001 0.0000 0.0000 0.0000 0.0000 0.0000 0.0000 0.0000 0.0007 0.0001 0.0000 -0.0011 0.0001 0.0000 -0.0008 0.0003 0.0000 0.0001 0.0000 0.0000 0.0000 0.0000 0.0000 -0.0008 0.0000 0.0000 0.0002 -29.9996 -0.0001 -0.0003 29.9996 0.0000 0.0000 0.0000 3.6827 0.9778 179.5845 -6.9600 -15.2750 -3.3170 -20.9045 73.3258 -15.9939 0.0000 25.3510 0.0000 5.7286 -9.2593 177.8857 -0.0698 -9.8505 -0.0767 0.1745 69.6213 -3.6537 0.0000 25.3508 -0.0001 
5.5236 96.8595 -3.0807 2.0461 4.5609 3.7944 -0.3684 1.5779 -0.2653 -0.3684 1.5782 -0.2654 -0.3695 1.5827 -0.2661 39.1462 84.2611 -59.6610 92.3967 58.3094 127.1203 18.4943 -0.0519 44.1724 -0.6423 1.5613 -2.8788 0.0000 0.0000 0.0001 0.0000 0.0000 0.0000 0.0000 -0.0013 -0.0008 0.0000 -0.0004 0.0001 0.0000 0.0000 0.0000 0.0000 0.0000 0.0000 0.0000 0.0002 -0.0001 0.0000 -0.0006 0.0003 0.0000 0.0004 -0.0006 0.0000 0.0000 0.0001 0.0000 0.0000 0.0000 0.0000 -0.0010 -0.0002 0.0000 0.0002 30.0001 -0.0001 0.0005 -29.9998 0.0000 0.0000 0.0000 1.5846 1.5136 0.1559 1.5846 1.5136 0.1559 -38.6116 82.9814 67.5005 -97.5704 57.5337 -122.8897 -19.5680 8.2103 -35.5502 0.4437 0.8912 2.0858 0.0000 -0.0001 0.0001 0.0000 0.0000 0.0000 0.0000 -0.0006 0.0003 0.0000 -0.0001 0.0001 0.0000 0.0000 0.0000 0.0000 0.0000 0.0000 0.0000 0.0007 0.0001 0.0000 -0.0011 0.0001 0.0000 -0.0008 0.0003 0.0000 0.0001 0.0000 0.0000 0.0000 0.0000 0.0000 -0.0009 0.0000 0.0000 0.0002 -29.9997 -0.0001 -0.0003 29.9996 0.0000 0.0000 0.0000 3.7133 0.9898 179.6087 -6.9051 -15.2479 -3.3058 -20.6493 73.3816 -15.6032 0.0000 25.3510 0.0000 5.6441 -9.1857 177.9330 -0.0716 -9.7745 -0.0766 0.3776 69.5486 -3.3551 0.0000 25.3508 -0.0001 
5.6370 96.8398 -3.2054 2.0330 4.4481 3.6479 -0.3679 1.5801 -0.2302 -0.3680 1.5805 -0.2303 -0.3691 1.5849 -0.2309 39.3889 84.3248 -59.4641 92.6376 58.4171 126.4282 19.0169 0.4944 43.3461 -0.6428 1.5606 -2.7865 0.0000 0.0000 0.0001 0.0000 0.0000 0.0000 0.0000 -0.0013 -0.0008 0.0000 -0.0004 0.0001 0.0000 0.0000 0.0000 0.0000 0.0000 0.0000 0.0000 0.0003 -0.0001 0.0000 -0.0006 0.0003 0.0000 0.0004 -0.0006 0.0000 0.0000 0.0001 0.0000 0.0000 0.0000 0.0000 -0.0010 -0.0002 0.0000 0.0002 30.0001 -0.0001 0.0005 -29.9998 0.0000 0.0000 0.0000 1.5906 1.4529 0.1289 1.5906 1.4529 0.1289 -39.3632 83.1099 66.7798 -97.7300 57.6409 -122.1702 -19.8234 8.5573 -34.7992 0.4189 0.8461 1.9661 0.0000 -0.0001 0.0001 0.0000 0.0000 0.0000 0.0000 -0.0006 0.0003 0.0000 -0.0001 0.0001 0.0000 0.0000 0.0000 0.0000 0.0000 0.0000 0.0000 0.0007 0.0001 0.0000 -0.0012 0.0001 0.0000 -0.0008 0.0003 0.0000 0.0001 0.0000 0.0000 0.0000 0.0000 0.0000 -0.0009 0.0000 0.0000 0.0002 -29.9997 -0.0001 -0.0003 29.9996 0.0000 0.0000 0.0000 3.7560 0.9962 179.6486 -6.8712 -15.2472 -3.2777 -20.3945 73.4453 -15.2178 0.0000 25.3510 0.0000 5.5745 -9.1069 178.0153 -0.0699 -9.6751 -0.0768 0.4299 69.4522 -3.2391 0.0000 25.3508 -0.0001 
5.7277 96.8189 -3.3182 2.0266 4.3417 3.5016 -0.3710 1.5788 -0.1967 -0.3711 1.5792 -0.1967 -0.3722 1.5836 -0.1973 39.6180 84.3833 -59.3087 92.8750 58.4071 125.6067 19.5628 1.0608 42.4514 -0.6120 1.4877 -2.6401 0.0000 0.0000 0.0001 0.0000 0.0000 0.0000 0.0000 -0.0013 -0.0008 0.0000 -0.0004 0.0001 0.0000 0.0000 0.0000 0.0000 0.0000 0.0000 0.0000 0.0002 0.0000 0.0000 -0.0006 0.0003 0.0000 0.0004 -0.0006 0.0000 0.0000 0.0001 0.0000 0.0000 0.0000 0.0000 -0.0010 -0.0002 0.0000 0.0002 30.0001 -0.0001 0.0005 -29.9998 0.0000 0.0000 0.0000 1.5971 1.3950 0.1107 1.5971 1.3950 0.1107 -40.0838 83.2514 66.0760 -97.7677 57.7079 -121.3086 -20.0519 8.9405 -33.9665 0.3939 0.8019 1.8408 0.0000 -0.0001 0.0001 0.0000 0.0000 0.0000 0.0000 -0.0006 0.0003 0.0000 -0.0001 0.0001 0.0000 0.0000 0.0000 0.0000 0.0000 0.0000 0.0000 0.0007 0.0001 0.0000 -0.0012 0.0001 0.0000 -0.0008 0.0003 0.0000 0.0001 0.0000 0.0000 0.0000 0.0000 0.0000 -0.0009 0.0000 0.0000 0.0002 -29.9997 -0.0001 -0.0003 29.9996 0.0000 0.0000 0.0000 3.8039 1.0071 179.6954 -6.8648 -15.2591 -3.2387 -20.1432 73.5162 -14.8607 0.0000 25.3510 0.0000 5.5047 -9.0357 178.1160 -0.0657 -9.5874 -0.0772 0.3578 69.3605 -3.2643 0.0000 25.3508 -0.0001 
5.8181 96.7988 -3.4138 2.0267 4.2434 3.3605 -0.3799 1.5730 -0.1659 -0.3799 1.5734 -0.1660 -0.3810 1.5778 -0.1664 39.8382 84.4416 -59.1893 93.0793 58.3546 124.7508 20.1259 1.6309 41.5066 -0.5806 1.4158 -2.4905 0.0000 0.0000 0.0001 0.0000 0.0000 0.0000 0.0000 -0.0013 -0.0008 0.0000 -0.0004 0.0001 0.0000 0.0000 0.0000 0.0000 0.0000 0.0000 0.0000 0.0002 0.0000 0.0000 -0.0006 0.0003 0.0000 0.0004 -0.0006 0.0000 0.0000 0.0001 0.0000 0.0000 0.0000 0.0000 -0.0010 -0.0002 0.0000 0.0002 30.0001 -0.0001 0.0005 -29.9998 0.0000 0.0000 0.0000 1.6077 1.3431 0.1024 1.6077 1.3431 0.1024 -40.7670 83.4019 65.3927 -97.7014 57.7218 -120.3094 -20.2524 9.3148 -33.1292 0.3706 0.7628 1.7185 0.0000 -0.0001 0.0001 0.0000 0.0000 0.0000 0.0000 -0.0006 0.0003 0.0000 -0.0001 0.0001 0.0000 0.0000 0.0000 0.0000 0.0000 0.0000 0.0000 0.0007 0.0001 0.0000 -0.0012 0.0001 0.0000 -0.0008 0.0003 0.0000 0.0001 0.0000 0.0000 0.0000 0.0000 0.0000 -0.0009 0.0000 0.0000 0.0002 -29.9996 -0.0001 -0.0003 29.9996 0.0000 0.0000 0.0000 3.8582 1.0206 179.7458 -6.8662 -15.2796 -3.1977 -19.8920 73.5939 -14.5216 0.0000 25.3510 0.0000 5.4257 -8.9706 178.2153 -0.0622 -9.5164 -0.0775 0.2214 69.2828 -3.3569 0.0000 25.3508 -0.0001 
5.9265 96.7849 -3.4843 2.0349 4.1618 3.2317 -0.3988 1.5589 -0.1399 -0.3988 1.5592 -0.1400 -0.4000 1.5636 -0.1404 40.0656 84.5040 -59.1030 93.2538 58.2544 123.8999 20.6984 2.1819 40.5520 -0.5497 1.3471 -2.3433 0.0000 0.0000 0.0001 0.0000 0.0000 0.0000 0.0000 -0.0013 -0.0008 0.0000 -0.0004 0.0001 0.0000 0.0000 0.0000 0.0000 0.0000 0.0000 0.0000 0.0002 -0.0001 0.0000 -0.0006 0.0003 0.0000 0.0004 -0.0006 0.0000 0.0000 0.0001 0.0000 0.0000 0.0000 0.0000 -0.0010 -0.0002 0.0000 0.0003 30.0001 -0.0001 0.0005 -29.9998 0.0000 0.0000 0.0000 1.6262 1.2989 0.1089 1.6262 1.2989 0.1089 -41.4395 83.5561 64.7045 -97.5534 57.6518 -119.2557 -20.4177 9.6596 -32.2643 0.3477 0.7270 1.5987 0.0000 -0.0001 0.0001 0.0000 0.0000 0.0000 0.0000 -0.0006 0.0003 0.0000 -0.0001 0.0001 0.0000 0.0000 0.0000 0.0000 0.0000 0.0000 0.0000 0.0007 0.0001 0.0000 -0.0012 0.0001 0.0000 -0.0008 0.0003 0.0000 0.0001 0.0000 0.0000 0.0000 0.0000 0.0000 -0.0009 0.0000 0.0000 0.0002 -29.9996 -0.0001 -0.0003 29.9996 0.0000 0.0000 0.0000 3.9190 1.0281 179.7965 -6.8521 -15.3126 -3.1622 -19.6612 73.6816 -14.2151 0.0000 25.3510 0.0000 5.3243 -8.9063 178.2935 -0.0617 -9.4500 -0.0776 0.0657 69.2171 -3.4575 0.0000 25.3508 -0.0001 
6.0354 96.7773 -3.5348 2.0396 4.0977 3.1125 -0.4218 1.5379 -0.1176 -0.4219 1.5382 -0.1176 -0.4231 1.5425 -0.1179 40.3050 84.5731 -59.0237 93.4114 58.1338 123.0960 21.2503 2.6812 39.6543 -0.5208 1.2839 -2.2066 0.0000 0.0000 0.0001 0.0000 0.0000 0.0000 0.0000 -0.0013 -0.0008 0.0000 -0.0004 0.0001 0.0000 0.0000 0.0000 0.0000 0.0000 0.0000 0.0000 0.0002 0.0000 0.0000 -0.0006 0.0003 0.0000 0.0004 -0.0006 0.0000 0.0000 0.0001 0.0000 0.0000 0.0000 0.0000 -0.0010 -0.0002 0.0000 0.0002 30.0001 -0.0001 0.0005 -29.9998 0.0000 0.0000 0.0000 1.6482 1.2540 0.1232 1.6482 1.2540 0.1232 -42.1465 83.7078 63.9809 -97.3967 57.5231 -118.2873 -20.5488 9.9659 -31.3710 0.3262 0.6953 1.4883 0.0000 -0.0001 0.0001 0.0000 0.0000 0.0000 0.0000 -0.0006 0.0003 0.0000 -0.0001 0.0001 0.0000 0.0000 0.0000 0.0000 0.0000 0.0000 0.0000 0.0007 0.0001 0.0000 -0.0012 0.0001 0.0000 -0.0008 0.0003 0.0000 0.0001 0.0000 0.0000 0.0000 0.0000 0.0000 -0.0009 0.0000 0.0000 0.0002 -29.9996 -0.0001 -0.0003 29.9996 0.0000 0.0000 0.0000 3.9765 1.0176 179.8450 -6.8196 -15.3615 -3.1333 -19.4862 73.7786 -13.9622 0.0000 25.3511 0.0000 5.2152 -8.8252 178.3601 -0.0606 -9.3436 -0.0778 -0.0752 69.1433 -3.5294 0.0000 25.3508 -0.0001 
6.1393 96.7731 -3.5717 2.0323 4.0476 2.9975 -0.4450 1.5118 -0.0974 -0.4451 1.5122 -0.0974 -0.4463 1.5164 -0.0977 40.5768 84.6447 -58.9173 93.5723 58.0048 122.3910 21.7666 3.1022 38.8235 -0.4943 1.2278 -2.0839 0.0000 0.0000 0.0001 0.0000 0.0000 0.0000 0.0000 -0.0013 -0.0008 0.0000 -0.0004 0.0001 0.0000 0.0000 0.0000 0.0000 0.0000 0.0000 0.0000 0.0002 0.0000 0.0000 -0.0006 0.0003 0.0000 0.0004 -0.0006 0.0000 0.0000 0.0001 0.0000 0.0000 0.0000 0.0000 -0.0010 -0.0002 0.0000 0.0002 30.0001 -0.0001 0.0005 -29.9998 0.0000 0.0000 0.0000 1.6713 1.2062 0.1400 1.6713 1.2062 0.1400 -42.8587 83.8562 63.2529 -97.2531 57.3432 -117.4231 -20.6460 10.2070 -30.4992 0.3064 0.6680 1.3897 0.0000 -0.0001 0.0001 0.0000 0.0000 0.0000 0.0000 -0.0006 0.0003 0.0000 -0.0001 0.0001 0.0000 0.0000 0.0000 0.0000 0.0000 0.0000 0.0000 0.0007 0.0001 0.0000 -0.0012 0.0001 0.0000 -0.0008 0.0003 0.0000 0.0001 0.0000 0.0000 0.0000 0.0000 0.0000 -0.0009 0.0000 0.0000 0.0002 -29.9996 -0.0001 -0.0003 29.9996 0.0000 0.0000 0.0000 4.0260 0.9876 179.8932 -6.7791 -15.4257 -3.1112 -19.3621 73.8821 -13.7546 0.0000 25.3510 0.0000 5.1057 -8.7273 178.4231 -0.0576 -9.1922 -0.0781 -0.1949 69.0574 -3.5613 0.0000 25.3508 -0.0001 
6.2533 96.7704 -3.6103 1.9957 4.0103 2.8822 -0.4635 1.4824 -0.0786 -0.4636 1.4827 -0.0786 -0.4649 1.4869 -0.0789 40.8930 84.7129 -58.7592 93.7466 57.8828 121.8866 22.2068 3.3979 38.1201 -0.4722 1.1839 -1.9860 0.0000 0.0000 0.0001 0.0000 0.0000 0.0000 0.0000 -0.0013 -0.0008 0.0000 -0.0004 0.0001 0.0000 0.0000 0.0000 0.0000 0.0000 0.0000 0.0000 0.0002 -0.0001 0.0000 -0.0006 0.0003 0.0000 0.0004 -0.0006 0.0000 0.0000 0.0001 0.0000 0.0000 0.0000 0.0000 -0.0010 -0.0002 0.0000 0.0002 30.0001 -0.0001 0.0005 -29.9998 0.0000 0.0000 0.0000 1.6920 1.1580 0.1533 1.6920 1.1580 0.1533 -43.4303 83.9897 62.6645 -97.1671 57.1151 -116.7187 -20.7004 10.3176 -29.7546 0.2892 0.6460 1.3082 0.0000 -0.0001 0.0001 0.0000 0.0000 0.0000 0.0000 -0.0006 0.0003 0.0000 -0.0001 0.0001 0.0000 0.0000 0.0000 0.0000 0.0000 0.0000 0.0000 0.0007 0.0001 0.0000 -0.0012 0.0001 0.0000 -0.0008 0.0003 0.0000 0.0001 0.0000 0.0000 0.0000 0.0000 0.0000 -0.0009 0.0000 0.0000 0.0002 -29.9996 -0.0001 -0.0003 29.9996 0.0000 0.0000 0.0000 4.0613 0.9357 179.9450 -6.7388 -15.5086 -3.1013 -19.3058 73.9912 -13.6032 0.0000 25.3511 0.0000 5.0147 -8.6233 178.4740 -0.0538 -9.0002 -0.0785 -0.2330 68.9523 -3.4862 0.0000 25.3508 -0.0001 
6.3965 96.7669 -3.6705 1.9340 3.9758 2.7721 -0.4747 1.4542 -0.0638 -0.4748 1.4545 -0.0638 -0.4761 1.4586 -0.0640 41.1964 84.7683 -58.5923 93.8983 57.7761 121.5457 22.5642 3.5966 37.5568 -0.4552 1.1518 -1.9123 0.0000 0.0000 0.0001 0.0000 0.0000 0.0000 0.0000 -0.0013 -0.0008 0.0000 -0.0004 0.0001 0.0000 0.0000 0.0000 0.0000 0.0000 0.0000 0.0000 0.0002 0.0000 0.0000 -0.0006 0.0003 0.0000 0.0004 -0.0006 0.0000 0.0000 0.0001 0.0000 0.0000 0.0000 0.0000 -0.0010 -0.0002 0.0000 0.0002 30.0001 -0.0001 0.0005 -29.9998 0.0000 0.0000 0.0000 1.7075 1.1160 0.1634 1.7075 1.1160 0.1634 -43.7748 84.0983 62.3048 -97.1598 56.8921 -116.2697 -20.6969 10.3724 -29.0805 0.2754 0.6291 1.2472 0.0000 -0.0001 0.0001 0.0000 0.0000 0.0000 0.0000 -0.0006 0.0003 0.0000 -0.0001 0.0001 0.0000 0.0000 0.0000 0.0000 0.0000 0.0000 0.0000 0.0007 0.0001 0.0000 -0.0012 0.0001 0.0000 -0.0008 0.0003 0.0000 0.0001 0.0000 0.0000 0.0000 0.0000 0.0000 -0.0009 0.0000 0.0000 0.0002 -29.9996 -0.0001 -0.0003 29.9996 0.0000 0.0000 0.0000 4.0770 0.8814 179.9934 -6.7199 -15.5927 -3.0989 -19.2851 74.0995 -13.4830 0.0000 25.3510 0.0000 4.9515 -8.5347 178.4957 -0.0522 -8.8087 -0.0787 -0.1619 68.8344 -3.2889 0.0000 25.3508 -0.0001 
6.5585 96.7645 -3.7561 1.8499 3.9393 2.6699 -0.4778 1.4281 -0.0545 -0.4779 1.4284 -0.0545 -0.4792 1.4324 -0.0547 41.4621 84.8082 -58.4342 94.0142 57.6869 121.3432 22.8494 3.6938 37.1355 -0.4432 1.1318 -1.8609 0.0000 0.0000 0.0001 0.0000 0.0000 0.0000 0.0000 -0.0013 -0.0008 0.0000 -0.0004 0.0001 0.0000 0.0000 0.0000 0.0000 0.0000 0.0000 0.0000 0.0003 0.0000 0.0000 -0.0006 0.0003 0.0000 0.0004 -0.0006 0.0000 0.0000 0.0001 0.0000 0.0000 0.0000 0.0000 -0.0010 -0.0002 0.0000 0.0002 30.0001 -0.0001 0.0005 -29.9998 0.0000 0.0000 0.0000 1.7160 1.0847 0.1728 1.7160 1.0847 0.1728 -43.8608 84.1826 62.2061 -97.2196 56.6945 -116.0432 -20.6436 10.3937 -28.5020 0.2646 0.6159 1.2042 0.0000 -0.0001 0.0001 0.0000 0.0000 0.0000 0.0000 -0.0006 0.0003 0.0000 -0.0001 0.0001 0.0000 0.0000 0.0000 0.0000 0.0000 0.0000 0.0000 0.0007 0.0001 0.0000 -0.0012 0.0001 0.0000 -0.0008 0.0003 0.0000 0.0001 0.0000 0.0000 0.0000 0.0000 0.0000 -0.0009 0.0000 0.0000 0.0002 -29.9997 -0.0001 -0.0003 29.9996 0.0000 0.0000 0.0000 4.0739 0.8362 -179.9656 -6.7309 -15.6688 -3.1002 -19.2822 74.2056 -13.3816 0.0000 25.3510 0.0000 4.9176 -8.4734 178.4924 -0.0516 -8.6460 -0.0788 -0.0115 68.7152 -3.0075 0.0000 25.3508 -0.0001 
6.7213 96.7645 -3.8725 1.7375 3.8945 2.5847 -0.4709 1.4025 -0.0550 -0.4710 1.4028 -0.0550 -0.4723 1.4068 -0.0551 41.6392 84.8185 -58.3274 94.1016 57.6332 121.3843 23.0535 3.6329 36.9104 -0.4384 1.1302 -1.8419 0.0000 0.0000 0.0001 0.0000 0.0000 0.0000 0.0000 -0.0013 -0.0008 0.0000 -0.0004 0.0001 0.0000 0.0000 0.0000 0.0000 0.0000 0.0000 0.0000 0.0002 0.0000 0.0000 -0.0006 0.0003 0.0000 0.0004 -0.0006 0.0000 0.0000 0.0001 0.0000 0.0000 0.0000 0.0000 -0.0010 -0.0002 0.0000 0.0002 30.0001 -0.0001 0.0005 -29.9998 0.0000 0.0000 0.0000 1.7157 1.0833 0.1826 1.7157 1.0833 0.1826 -43.5995 84.2314 62.4543 -97.3630 56.5495 -116.0943 -20.5549 10.3469 -28.1534 0.2586 0.6087 1.1863 0.0000 -0.0001 0.0001 0.0000 0.0000 0.0000 0.0000 -0.0006 0.0003 0.0000 -0.0001 0.0001 0.0000 0.0000 0.0000 0.0000 0.0000 0.0000 0.0000 0.0007 0.0001 0.0000 -0.0012 0.0001 0.0000 -0.0008 0.0003 0.0000 0.0001 0.0000 0.0000 0.0000 0.0000 0.0000 -0.0009 0.0000 0.0000 0.0002 -29.9996 -0.0001 -0.0003 29.9996 0.0000 0.0000 0.0000 4.0494 0.8134 -179.9426 -6.7864 -15.7240 -3.1025 -19.2816 74.3062 -13.2879 0.0000 25.3510 0.0000 4.9135 -8.4408 178.4668 -0.0505 -8.5183 -0.0789 0.1817 68.5961 -2.6733 0.0000 25.3508 -0.0001 
6.8711 96.7675 -3.9970 1.6115 3.8389 2.5142 -0.4593 1.3753 -0.0632 -0.4594 1.3755 -0.0632 -0.4607 1.3795 -0.0634 41.7491 84.8035 -58.2648 94.1549 57.6109 121.6042 23.1959 3.4633 36.8518 -0.4396 1.1431 -1.8488 0.0000 0.0000 0.0001 0.0000 0.0000 0.0000 0.0000 -0.0013 -0.0008 0.0000 -0.0004 0.0001 0.0000 0.0000 0.0000 0.0000 0.0000 0.0000 0.0000 0.0002 0.0000 0.0000 -0.0006 0.0003 0.0000 0.0004 -0.0006 0.0000 0.0000 0.0001 0.0000 0.0000 0.0000 0.0000 -0.0010 -0.0002 0.0000 0.0003 30.0001 -0.0001 0.0005 -29.9998 0.0000 0.0000 0.0000 1.7121 1.1184 0.1958 1.7121 1.1184 0.1958 -43.1258 84.2500 62.9159 -97.5552 56.4482 -116.3406 -20.4668 10.2315 -28.0427 0.2565 0.6069 1.1885 0.0000 -0.0001 0.0001 0.0000 0.0000 0.0000 0.0000 -0.0006 0.0003 0.0000 -0.0001 0.0001 0.0000 0.0000 0.0000 0.0000 0.0000 0.0000 0.0000 0.0007 0.0001 0.0000 -0.0012 0.0001 0.0000 -0.0008 0.0003 0.0000 0.0001 0.0000 0.0000 0.0000 0.0000 0.0000 -0.0009 0.0000 0.0000 0.0002 -29.9996 -0.0001 -0.0003 29.9996 0.0000 0.0000 0.0000 4.0219 0.8103 -179.9346 -6.8576 -15.7586 -3.1057 -19.2682 74.4037 -13.1810 0.0000 25.3510 0.0000 4.9117 -8.4145 178.4343 -0.0491 -8.4134 -0.0791 0.3597 68.4848 -2.3413 0.0000 25.3508 -0.0001 
7.0084 96.7714 -4.1253 1.4798 3.7729 2.4554 -0.4458 1.3465 -0.0768 -0.4459 1.3467 -0.0768 -0.4472 1.3506 -0.0771 41.6812 84.7621 -58.3576 94.1548 57.6230 121.9391 23.2817 3.2219 36.9423 -0.4461 1.1685 -1.8775 0.0000 0.0000 0.0001 0.0000 0.0000 0.0000 0.0000 -0.0013 -0.0008 0.0000 -0.0004 0.0001 0.0000 0.0000 0.0000 0.0000 0.0000 0.0000 0.0000 0.0002 0.0000 0.0000 -0.0006 0.0003 0.0000 0.0004 -0.0006 0.0000 0.0000 0.0001 0.0000 0.0000 0.0000 0.0000 -0.0010 -0.0002 0.0000 0.0002 30.0001 -0.0001 0.0005 -29.9998 0.0000 0.0000 0.0000 1.7083 1.1849 0.2115 1.7083 1.1849 0.2115 -42.5056 84.2393 63.5273 -97.7690 56.3884 -116.7600 -20.3807 10.0583 -28.1730 0.2585 0.6107 1.2103 0.0000 -0.0001 0.0001 0.0000 0.0000 0.0000 0.0000 -0.0006 0.0003 0.0000 -0.0001 0.0001 0.0000 0.0000 0.0000 0.0000 0.0000 0.0000 0.0000 0.0007 0.0001 0.0000 -0.0012 0.0001 0.0000 -0.0008 0.0003 0.0000 0.0001 0.0000 0.0000 0.0000 0.0000 0.0000 -0.0009 0.0000 0.0000 0.0002 -29.9996 -0.0001 -0.0003 29.9996 0.0000 0.0000 0.0000 3.9994 0.8248 -179.9357 -6.9274 -15.7725 -3.1141 -19.2425 74.4997 -13.0562 0.0000 25.3510 0.0000 4.9049 -8.3814 178.3991 -0.0478 -8.3096 -0.0792 0.5144 68.3720 -2.0237 0.0000 25.3508 -0.0001 
7.1262 96.7737 -4.2706 1.3418 3.6864 2.4012 -0.4305 1.3172 -0.0929 -0.4306 1.3174 -0.0929 -0.4318 1.3212 -0.0932 41.4623 84.6958 -58.5765 94.0732 57.6788 122.3705 23.2741 2.8883 37.2779 -0.4599 1.2088 -1.9342 0.0000 0.0000 0.0001 0.0000 0.0000 0.0000 0.0000 -0.0013 -0.0008 0.0000 -0.0004 0.0001 0.0000 0.0000 0.0000 0.0000 0.0000 0.0000 0.0000 0.0002 -0.0001 0.0000 -0.0006 0.0003 0.0000 0.0004 -0.0006 0.0000 0.0000 0.0001 0.0000 0.0000 0.0000 0.0000 -0.0010 -0.0002 0.0000 0.0002 30.0001 -0.0001 0.0005 -29.9998 0.0000 0.0000 0.0000 1.7060 1.2893 0.2278 1.7060 1.2893 0.2278 -41.7397 84.1852 64.2902 -97.9904 56.3787 -117.3916 -20.3029 9.8439 -28.5621 0.2657 0.6221 1.2570 0.0000 -0.0001 0.0001 0.0000 0.0000 0.0000 0.0000 -0.0006 0.0003 0.0000 -0.0001 0.0001 0.0000 0.0000 0.0000 0.0000 0.0000 0.0000 0.0000 0.0007 0.0001 0.0000 -0.0012 0.0001 0.0000 -0.0008 0.0003 0.0000 0.0001 0.0000 0.0000 0.0000 0.0000 0.0000 -0.0009 0.0000 0.0000 0.0002 -29.9997 -0.0001 -0.0003 29.9996 0.0000 0.0000 0.0000 3.9760 0.8623 -179.9418 -7.0052 -15.7618 -3.1251 -19.2049 74.5953 -12.9092 0.0000 25.3510 0.0000 4.9029 -8.3471 178.3724 -0.0480 -8.2190 -0.0793 0.6409 68.2534 -1.7397 0.0000 25.3508 -0.0001 
7.2147 96.7711 -4.4490 1.2020 3.5801 2.3453 -0.4149 1.2897 -0.1082 -0.4149 1.2900 -0.1082 -0.4161 1.2937 -0.1085 41.1344 84.6106 -58.8928 93.9174 57.7507 122.8559 23.1574 2.5283 37.7695 -0.4790 1.2587 -2.0117 0.0000 0.0000 0.0001 0.0000 0.0000 0.0000 0.0000 -0.0013 -0.0008 0.0000 -0.0004 0.0001 0.0000 0.0000 0.0000 0.0000 0.0000 0.0000 0.0000 0.0002 0.0000 0.0000 -0.0006 0.0003 0.0000 0.0004 -0.0006 0.0000 0.0000 0.0001 0.0000 0.0000 0.0000 0.0000 -0.0010 -0.0002 0.0000 0.0002 30.0001 -0.0001 0.0005 -29.9998 0.0000 0.0000 0.0000 1.7050 1.4147 0.2384 1.7050 1.4147 0.2384 -40.8500 84.0960 65.1777 -98.1848 56.3925 -118.1366 -20.2351 9.5990 -29.1161 0.2765 0.6394 1.3202 0.0000 -0.0001 0.0001 0.0000 0.0000 0.0000 0.0000 -0.0006 0.0003 0.0000 -0.0001 0.0001 0.0000 0.0000 0.0000 0.0000 0.0000 0.0000 0.0000 0.0007 0.0001 0.0000 -0.0012 0.0001 0.0000 -0.0008 0.0003 0.0000 0.0001 0.0000 0.0000 0.0000 0.0000 0.0000 -0.0009 0.0000 0.0000 0.0002 -29.9996 -0.0001 -0.0003 29.9996 0.0000 0.0000 0.0000 3.9472 0.9178 -179.9469 -7.1027 -15.7339 -3.1314 -19.1615 74.6893 -12.7582 0.0000 25.3510 0.0000 4.9165 -8.3266 178.3654 -0.0461 -8.1481 -0.0794 0.7305 68.1182 -1.5131 0.0000 25.3508 -0.0001 
7.2955 96.7646 -4.6551 1.0648 3.4562 2.2865 -0.3983 1.2652 -0.1231 -0.3984 1.2654 -0.1231 -0.3995 1.2690 -0.1234 40.7533 84.5114 -59.2500 93.6858 57.8223 123.3761 22.9307 2.1670 38.3631 -0.5023 1.3157 -2.1053 0.0000 0.0000 0.0001 0.0000 0.0000 0.0000 0.0000 -0.0013 -0.0008 0.0000 -0.0004 0.0001 0.0000 0.0000 0.0000 0.0000 0.0000 0.0000 0.0000 0.0002 0.0000 0.0000 -0.0006 0.0003 0.0000 0.0004 -0.0006 0.0000 0.0000 0.0001 0.0000 0.0000 0.0000 0.0000 -0.0010 -0.0002 0.0000 0.0002 30.0001 -0.0001 0.0005 -29.9998 0.0000 0.0000 0.0000 1.7056 1.5538 0.2454 1.7056 1.5538 0.2454 -39.8201 83.9804 66.2071 -98.3330 56.4157 -118.9400 -20.1541 9.3361 -29.7901 0.2905 0.6619 1.3982 0.0000 -0.0001 0.0001 0.0000 0.0000 0.0000 0.0000 -0.0006 0.0003 0.0000 -0.0001 0.0001 0.0000 0.0000 0.0000 0.0000 0.0000 0.0000 0.0000 0.0007 0.0001 0.0000 -0.0012 0.0001 0.0000 -0.0008 0.0003 0.0000 0.0001 0.0000 0.0000 0.0000 0.0000 0.0000 -0.0009 0.0000 0.0000 0.0002 -29.9997 -0.0001 -0.0003 29.9996 0.0000 0.0000 0.0000 3.9098 0.9888 -179.9489 -7.2261 -15.6919 -3.1293 -19.1090 74.7803 -12.6098 0.0000 25.3510 0.0000 4.9446 -8.3176 178.3661 -0.0436 -8.0978 -0.0796 0.8210 67.9699 -1.3070 0.0000 25.3508 -0.0001 
7.3964 96.7545 -4.8839 0.9409 3.3111 2.2242 -0.3799 1.2451 -0.1386 -0.3799 1.2454 -0.1386 -0.3810 1.2489 -0.1390 40.3345 84.4016 -59.6186 93.3569 57.8720 123.9115 22.5636 1.8522 38.9838 -0.5288 1.3765 -2.2111 0.0000 0.0000 0.0001 0.0000 0.0000 0.0000 0.0000 -0.0013 -0.0008 0.0000 -0.0004 0.0001 0.0000 0.0000 0.0000 0.0000 0.0000 0.0000 0.0000 0.0002 0.0000 0.0000 -0.0006 0.0003 0.0000 0.0004 -0.0006 0.0000 0.0000 0.0001 0.0000 0.0000 0.0000 0.0000 -0.0010 -0.0002 0.0000 0.0002 30.0001 -0.0001 0.0005 -29.9998 0.0000 0.0000 0.0000 1.7043 1.6988 0.2496 1.7043 1.6988 0.2496 -38.5969 83.8362 67.4326 -98.3953 56.4419 -119.7611 -20.0176 9.1093 -30.5152 0.3074 0.6882 1.4892 0.0000 -0.0001 0.0001 0.0000 0.0000 0.0000 0.0000 -0.0006 0.0003 0.0000 -0.0001 0.0001 0.0000 0.0000 0.0000 0.0000 0.0000 0.0000 0.0000 0.0007 0.0001 0.0000 -0.0012 0.0001 0.0000 -0.0008 0.0003 0.0000 0.0001 0.0000 0.0000 0.0000 0.0000 0.0000 -0.0009 0.0000 0.0000 0.0002 -29.9996 -0.0001 -0.0003 29.9996 0.0000 0.0000 0.0000 3.8495 1.0792 -179.9461 -7.3900 -15.6270 -3.1163 -19.0285 74.8627 -12.4562 0.0000 25.3510 0.0000 4.9846 -8.3060 178.3579 -0.0426 -8.0578 -0.0797 0.9652 67.8046 -1.0758 0.0000 25.3508 -0.0001 
7.5278 96.7449 -5.1176 0.8348 3.1575 2.1598 -0.3602 1.2291 -0.1540 -0.3602 1.2293 -0.1541 -0.3613 1.2328 -0.1545 39.9526 84.2955 -59.9270 92.9616 57.8890 124.4340 22.0932 1.5448 39.6710 -0.5576 1.4396 -2.3251 0.0000 0.0000 0.0001 0.0000 0.0000 0.0000 0.0000 -0.0013 -0.0008 0.0000 -0.0004 0.0001 0.0000 0.0000 0.0000 0.0000 0.0000 0.0000 0.0000 0.0002 0.0000 0.0000 -0.0006 0.0003 0.0000 0.0004 -0.0006 0.0000 0.0000 0.0001 0.0000 0.0000 0.0000 0.0000 -0.0010 -0.0002 0.0000 0.0002 30.0001 -0.0001 0.0005 -29.9998 0.0000 0.0000 0.0000 1.6994 1.8335 0.2531 1.6994 1.8335 0.2531 -37.3429 83.6724 68.6917 -98.3941 56.4688 -120.5550 -19.8167 8.9266 -31.2086 0.3257 0.7157 1.5862 0.0000 -0.0001 0.0001 0.0000 0.0000 0.0000 0.0000 -0.0006 0.0003 0.0000 -0.0001 0.0001 0.0000 0.0000 0.0000 0.0000 0.0000 0.0000 0.0000 0.0007 0.0001 0.0000 -0.0012 0.0001 0.0000 -0.0008 0.0003 0.0000 0.0001 0.0000 0.0000 0.0000 0.0000 0.0000 -0.0008 0.0000 0.0000 0.0002 -29.9997 -0.0001 -0.0003 29.9996 0.0000 0.0000 0.0000 3.7715 1.1716 -179.9450 -7.5661 -15.5488 -3.0959 -18.9108 74.9360 -12.2754 0.0000 25.3510 0.0000 5.0248 -8.2823 178.3325 -0.0437 -8.0084 -0.0797 1.1823 67.6268 -0.7891 0.0000 25.3508 -0.0001 
7.6736 96.7361 -5.3552 0.7475 3.0038 2.0939 -0.3403 1.2145 -0.1693 -0.3403 1.2147 -0.1694 -0.3413 1.2182 -0.1699 39.6619 84.1960 -60.1251 92.5150 57.8742 124.9418 21.5454 1.2237 40.4031 -0.5880 1.5047 -2.4446 0.0000 0.0000 0.0001 0.0000 0.0000 0.0000 0.0000 -0.0013 -0.0008 0.0000 -0.0004 0.0001 0.0000 0.0000 0.0000 0.0000 0.0000 0.0000 0.0000 0.0002 0.0000 0.0000 -0.0006 0.0003 0.0000 0.0004 -0.0006 0.0000 0.0000 0.0001 0.0000 0.0000 0.0000 0.0000 -0.0010 -0.0002 0.0000 0.0002 30.0001 -0.0001 0.0005 -29.9998 0.0000 0.0000 0.0000 1.6921 1.9540 0.2565 1.6921 1.9540 0.2565 -36.1574 83.4983 69.8831 -98.3469 56.4948 -121.3157 -19.5790 8.7322 -31.9526 0.3456 0.7457 1.6911 0.0000 -0.0001 0.0001 0.0000 0.0000 0.0000 0.0000 -0.0006 0.0003 0.0000 -0.0001 0.0001 0.0000 0.0000 0.0000 0.0000 0.0000 0.0000 0.0000 0.0007 0.0001 0.0000 -0.0011 0.0001 0.0000 -0.0008 0.0003 0.0000 0.0001 0.0000 0.0000 0.0000 0.0000 0.0000 -0.0008 0.0000 0.0000 0.0002 -29.9996 -0.0001 -0.0003 29.9996 0.0000 0.0000 0.0000 3.6905 1.2513 -179.9451 -7.7278 -15.4682 -3.0725 -18.7593 75.0026 -12.0611 0.0000 25.3511 0.0000 5.0633 -8.2523 178.2989 -0.0448 -7.9436 -0.0796 1.4603 67.4355 -0.4588 0.0000 25.3508 -0.0001 
7.8162 96.7266 -5.6072 0.6895 2.8610 2.0216 -0.3220 1.2013 -0.1810 -0.3220 1.2015 -0.1810 -0.3229 1.2050 -0.1815 39.4185 84.1018 -60.2509 92.0153 57.8183 125.4293 20.9378 0.9573 41.0418 -0.6174 1.5669 -2.5603 0.0000 0.0000 0.0001 0.0000 0.0000 0.0000 0.0000 -0.0013 -0.0008 0.0000 -0.0004 0.0001 0.0000 0.0000 0.0000 0.0000 0.0000 0.0000 0.0000 0.0002 -0.0001 0.0000 -0.0006 0.0003 0.0000 0.0004 -0.0006 0.0000 0.0000 0.0001 0.0000 0.0000 0.0000 0.0000 -0.0010 -0.0002 0.0000 0.0002 30.0001 -0.0001 0.0005 -29.9998 0.0000 0.0000 0.0000 1.6851 2.0443 0.2557 1.6851 2.0443 0.2557 -35.1539 83.3172 70.8940 -98.2606 56.5127 -122.0224 -19.3331 8.5193 -32.7350 0.3668 0.7779 1.8003 0.0000 -0.0001 0.0001 0.0000 0.0000 0.0000 0.0000 -0.0006 0.0003 0.0000 -0.0001 0.0001 0.0000 0.0000 0.0000 0.0000 0.0000 0.0000 0.0000 0.0007 0.0001 0.0000 -0.0012 0.0001 0.0000 -0.0008 0.0003 0.0000 0.0001 0.0000 0.0000 0.0000 0.0000 0.0000 -0.0009 0.0000 0.0000 0.0002 -29.9996 -0.0001 -0.0003 29.9996 0.0000 0.0000 0.0000 3.6276 1.2917 -179.9401 -7.8362 -15.4018 -3.0510 -18.5698 75.0660 -11.7960 0.0000 25.3510 0.0000 5.1004 -8.2290 178.2698 -0.0449 -7.8544 -0.0796 1.8137 67.2206 -0.0832 0.0000 25.3508 -0.0001 
7.9517 96.7167 -5.8739 0.6518 2.7331 1.9400 -0.3052 1.1899 -0.1871 -0.3052 1.1901 -0.1871 -0.3061 1.1935 -0.1876 39.2486 84.0149 -60.2845 91.5452 57.7458 125.8725 20.3135 0.6736 41.7215 -0.6459 1.6257 -2.6722 0.0000 0.0000 0.0001 0.0000 0.0000 0.0000 0.0000 -0.0013 -0.0008 0.0000 -0.0004 0.0001 0.0000 0.0000 0.0000 0.0000 0.0000 0.0000 0.0000 0.0002 0.0000 0.0000 -0.0007 0.0003 0.0000 0.0004 -0.0006 0.0000 0.0000 0.0001 0.0000 0.0000 0.0000 0.0000 -0.0010 -0.0002 0.0000 0.0002 30.0001 -0.0001 0.0005 -29.9998 0.0000 0.0000 0.0000 1.6817 2.1038 0.2489 1.6817 2.1038 0.2489 -34.3688 83.1400 71.6860 -98.1516 56.5349 -122.6771 -19.0998 8.3077 -33.5116 0.3897 0.8141 1.9133 0.0000 -0.0001 0.0001 0.0000 0.0000 0.0000 0.0000 -0.0006 0.0003 0.0000 -0.0001 0.0001 0.0000 0.0000 0.0000 0.0000 0.0000 0.0000 0.0000 0.0007 0.0001 0.0000 -0.0012 0.0001 0.0000 -0.0008 0.0003 0.0000 0.0001 0.0000 0.0000 0.0000 0.0000 0.0000 -0.0009 0.0000 0.0000 0.0002 -29.9997 -0.0001 -0.0003 29.9996 0.0000 0.0000 0.0000 3.5884 1.2908 -179.9276 -7.8963 -15.3569 -3.0338 -18.3500 75.1323 -11.4827 0.0000 25.3510 0.0000 5.1430 -8.2232 178.2492 -0.0449 -7.7524 -0.0797 2.2365 66.9920 0.3348 0.0000 25.3508 -0.0001 
8.0846 96.7048 -6.1425 0.6275 2.6181 1.8488 -0.2902 1.1827 -0.1870 -0.2902 1.1829 -0.1870 -0.2911 1.1863 -0.1876 39.1175 83.9350 -60.2696 91.1096 57.6699 126.2763 19.6972 0.3851 42.4280 -0.6735 1.6809 -2.7795 0.0000 0.0000 0.0001 0.0000 0.0000 0.0000 0.0000 -0.0013 -0.0008 0.0000 -0.0004 0.0001 0.0000 0.0000 0.0000 0.0000 0.0000 0.0000 0.0000 0.0002 0.0000 0.0000 -0.0006 0.0003 0.0000 0.0004 -0.0006 0.0000 0.0000 0.0001 0.0000 0.0000 0.0000 0.0000 -0.0010 -0.0002 0.0000 0.0002 30.0001 -0.0001 0.0005 -29.9998 0.0000 0.0000 0.0000 1.6834 2.1338 0.2359 1.6834 2.1338 0.2359 -33.7579 82.9696 72.2993 -98.0154 56.5675 -123.2668 -18.8852 8.0981 -34.2878 0.4133 0.8520 2.0259 0.0000 -0.0001 0.0001 0.0000 0.0000 0.0000 0.0000 -0.0006 0.0003 0.0000 -0.0001 0.0001 0.0000 0.0000 0.0000 0.0000 0.0000 0.0000 0.0000 0.0007 0.0001 0.0000 -0.0012 0.0001 0.0000 -0.0008 0.0003 0.0000 0.0001 0.0000 0.0000 0.0000 0.0000 0.0000 -0.0009 0.0000 0.0000 0.0002 -29.9996 -0.0001 -0.0003 29.9996 0.0000 0.0000 0.0000 3.5739 1.2594 -179.9071 -7.9212 -15.3280 -3.0216 -18.0944 75.2010 -11.1191 0.0000 25.3510 0.0000 5.1942 -8.2260 178.2357 -0.0446 -7.6411 -0.0797 2.7168 66.7613 0.7893 0.0000 25.3508 -0.0001 
8.2283 96.6899 -6.4004 0.6159 2.5173 1.7459 -0.2780 1.1829 -0.1793 -0.2780 1.1830 -0.1793 -0.2788 1.1865 -0.1798 39.0889 83.8688 -60.1488 90.8227 57.5372 126.6180 19.1475 0.0480 43.1958 -0.6622 1.6422 -2.8269 0.0000 0.0000 0.0001 0.0000 0.0000 0.0000 0.0000 -0.0013 -0.0008 0.0000 -0.0004 0.0001 0.0000 0.0000 0.0000 0.0000 0.0000 0.0000 0.0000 0.0002 0.0000 0.0000 -0.0006 0.0003 0.0000 0.0004 -0.0006 0.0000 0.0000 0.0001 0.0000 0.0000 0.0000 0.0000 -0.0010 -0.0002 0.0000 0.0002 30.0001 -0.0001 0.0005 -29.9998 0.0000 0.0000 0.0000 1.6935 2.1278 0.2178 1.6935 2.1278 0.2178 -33.3301 82.8205 72.7178 -97.8541 56.6237 -123.7534 -18.7346 7.8591 -35.1157 0.4371 0.8909 2.1341 0.0000 -0.0001 0.0001 0.0000 0.0000 0.0000 0.0000 -0.0006 0.0003 0.0000 -0.0001 0.0001 0.0000 0.0000 0.0000 0.0000 0.0000 0.0000 0.0000 0.0007 0.0001 0.0000 -0.0012 0.0001 0.0000 -0.0008 0.0003 0.0000 0.0001 0.0000 0.0000 0.0000 0.0000 0.0000 -0.0009 0.0000 0.0000 0.0002 -29.9996 -0.0001 -0.0003 29.9996 0.0000 0.0000 0.0000 3.5957 1.2023 -179.8723 -7.9275 -15.3116 -3.0147 -17.7735 75.2702 -10.6919 0.0000 25.3510 0.0000 5.2530 -8.2410 178.2233 -0.0454 -7.5434 -0.0797 3.2754 66.5522 1.3044 0.0000 25.3508 -0.0001 
8.3824 96.6715 -6.6488 0.6119 2.4227 1.6423 -0.2682 1.1879 -0.1692 -0.2682 1.1881 -0.1692 -0.2690 1.1915 -0.1697 39.1284 83.8190 -59.9640 90.6319 57.4275 126.9276 18.7314 -0.2620 43.8191 -0.6475 1.6020 -2.8562 0.0000 0.0000 0.0001 0.0000 0.0000 0.0000 0.0000 -0.0013 -0.0008 0.0000 -0.0004 0.0001 0.0000 0.0000 0.0000 0.0000 0.0000 0.0000 0.0000 0.0002 0.0000 0.0000 -0.0006 0.0003 0.0000 0.0004 -0.0006 0.0000 0.0000 0.0001 0.0000 0.0000 0.0000 0.0000 -0.0010 -0.0002 0.0000 0.0002 30.0001 -0.0001 0.0005 -29.9998 0.0000 0.0000 0.0000 1.7078 2.1052 0.2015 1.7078 2.1052 0.2015 -33.0119 82.6948 73.0209 -97.6918 56.6910 -124.1432 -18.6595 7.6493 -35.8176 0.4583 0.9270 2.2259 0.0000 -0.0001 0.0001 0.0000 0.0000 0.0000 0.0000 -0.0006 0.0003 0.0000 -0.0001 0.0001 0.0000 0.0000 0.0000 0.0000 0.0000 0.0000 0.0000 0.0007 0.0001 0.0000 -0.0012 0.0001 0.0000 -0.0008 0.0003 0.0000 0.0001 0.0000 0.0000 0.0000 0.0000 0.0000 -0.0009 0.0000 0.0000 0.0002 -29.9997 -0.0001 -0.0003 29.9996 0.0000 0.0000 0.0000 3.6372 1.1477 -179.8327 -7.9489 -15.2976 -2.9989 -17.4350 75.3422 -10.2716 0.0000 25.3510 0.0000 5.3072 -8.2735 178.2054 -0.0484 -7.4839 -0.0795 3.8628 66.3735 1.8432 0.0000 25.3508 -0.0001 
8.5257 96.6501 -6.8927 0.6141 2.3318 1.5428 -0.2597 1.1946 -0.1596 -0.2597 1.1948 -0.1596 -0.2605 1.1982 -0.1601 39.2330 83.7853 -59.7188 90.5308 57.3373 127.2096 18.4168 -0.6055 44.4213 -0.6337 1.5688 -2.8788 0.0000 0.0000 0.0001 0.0000 0.0000 0.0000 0.0000 -0.0013 -0.0008 0.0000 -0.0004 0.0001 0.0000 0.0000 0.0000 0.0000 0.0000 0.0000 0.0000 0.0002 0.0000 0.0000 -0.0006 0.0003 0.0000 0.0004 -0.0006 0.0000 0.0000 0.0001 0.0000 0.0000 0.0000 0.0000 -0.0010 -0.0002 0.0000 0.0002 30.0001 -0.0001 0.0005 -29.9998 0.0000 0.0000 0.0000 1.7218 2.0787 0.1913 1.7218 2.0787 0.1913 -32.7795 82.5968 73.2391 -97.5379 56.7633 -124.4406 -18.6337 7.4718 -36.3684 0.4760 0.9584 2.2998 0.0000 -0.0001 0.0001 0.0000 0.0000 0.0000 0.0000 -0.0006 0.0003 0.0000 -0.0001 0.0001 0.0000 0.0000 0.0000 0.0000 0.0000 0.0000 0.0000 0.0007 0.0001 0.0000 -0.0012 0.0001 0.0000 -0.0008 0.0003 0.0000 0.0001 0.0000 0.0000 0.0000 0.0000 0.0000 -0.0009 0.0000 0.0000 0.0002 -29.9997 -0.0001 -0.0003 29.9996 0.0000 0.0000 0.0000 3.6899 1.1046 -179.7968 -7.9922 -15.2744 -2.9706 -17.0764 75.4127 -9.8608 0.0000 25.3510 0.0000 5.3463 -8.3306 178.1917 -0.0521 -7.4714 -0.0793 4.4229 66.2253 2.3590 0.0000 25.3508 -0.0001 
8.6208 96.6297 -7.1236 0.6234 2.2444 1.4536 -0.2521 1.1991 -0.1533 -0.2522 1.1993 -0.1533 -0.2529 1.2027 -0.1538 39.4386 83.7785 -59.3874 90.5454 57.2836 127.4236 18.2758 -0.9235 44.8571 -0.6235 1.5498 -2.8882 0.0000 0.0000 0.0001 0.0000 0.0000 0.0000 0.0000 -0.0013 -0.0008 0.0000 -0.0004 0.0001 0.0000 0.0000 0.0000 0.0000 0.0000 0.0000 0.0000 0.0002 -0.0001 0.0000 -0.0006 0.0003 0.0000 0.0004 -0.0006 0.0000 0.0000 0.0001 0.0000 0.0000 0.0000 0.0000 -0.0010 -0.0002 0.0000 0.0002 30.0001 -0.0001 0.0005 -29.9998 0.0000 0.0000 0.0000 1.7297 2.0627 0.1944 1.7297 2.0627 0.1944 -32.6675 82.5490 73.3494 -97.4118 56.8415 -124.5933 -18.6779 7.3478 -36.7126 0.4876 0.9802 2.3447 0.0000 -0.0001 0.0001 0.0000 0.0000 0.0000 0.0000 -0.0006 0.0003 0.0000 -0.0001 0.0001 0.0000 0.0000 0.0000 0.0000 0.0000 0.0000 0.0000 0.0007 0.0001 0.0000 -0.0012 0.0001 0.0000 -0.0008 0.0003 0.0000 0.0001 0.0000 0.0000 0.0000 0.0000 0.0000 -0.0008 0.0000 0.0000 0.0002 -29.9997 -0.0001 -0.0003 29.9996 0.0000 0.0000 0.0000 3.7462 1.0833 -179.7732 -8.0580 -15.2297 -2.9285 -16.6939 75.4856 -9.4570 0.0000 25.3510 0.0000 5.3549 -8.4182 178.2024 -0.0539 -7.5249 -0.0792 4.8880 66.1237 2.7902 0.0000 25.3508 -0.0001 
8.6820 96.6118 -7.3305 0.6369 2.1594 1.3718 -0.2462 1.2011 -0.1484 -0.2462 1.2013 -0.1484 -0.2469 1.2047 -0.1488 39.6454 83.7885 -59.0797 90.6382 57.2707 127.5575 18.2709 -1.1651 45.1104 -0.6175 1.5429 -2.8880 0.0000 0.0000 0.0001 0.0000 0.0000 0.0000 0.0000 -0.0013 -0.0008 0.0000 -0.0004 0.0001 0.0000 0.0000 0.0000 0.0000 0.0000 0.0000 0.0000 0.0002 -0.0001 0.0000 -0.0007 0.0003 0.0000 0.0004 -0.0006 0.0000 0.0000 0.0001 0.0000 0.0000 0.0000 0.0000 -0.0010 -0.0002 0.0000 0.0002 30.0001 -0.0001 0.0005 -29.9998 0.0000 0.0000 0.0000 1.7319 2.0565 0.2056 1.7319 2.0565 0.2056 -32.6631 82.5344 73.3636 -97.3371 56.9288 -124.6352 -18.7855 7.2983 -36.8604 0.4933 0.9920 2.3628 0.0000 -0.0001 0.0001 0.0000 0.0000 0.0000 0.0000 -0.0006 0.0003 0.0000 -0.0001 0.0001 0.0000 0.0000 0.0000 0.0000 0.0000 0.0000 0.0000 0.0007 0.0001 0.0000 -0.0012 0.0001 0.0000 -0.0008 0.0003 0.0000 0.0001 0.0000 0.0000 0.0000 0.0000 0.0000 -0.0009 0.0000 0.0000 0.0002 -29.9997 -0.0001 -0.0003 29.9996 0.0000 0.0000 0.0000 3.7961 1.0739 -179.7593 -8.1194 -15.1682 -2.8820 -16.3157 75.5562 -9.0616 0.0000 25.3510 0.0000 5.3364 -8.5029 178.2309 -0.0545 -7.5949 -0.0791 5.2694 66.0482 3.1492 0.0000 25.3508 -0.0001 
8.7375 96.5964 -7.5206 0.6526 2.0772 1.2925 -0.2415 1.2006 -0.1433 -0.2415 1.2008 -0.1433 -0.2422 1.2042 -0.1438 39.8562 83.8106 -58.7953 90.8024 57.2953 127.6201 18.3779 -1.3185 45.1911 -0.6157 1.5461 -2.8797 0.0000 0.0000 0.0001 0.0000 0.0000 0.0000 0.0000 -0.0013 -0.0008 0.0000 -0.0004 0.0001 0.0000 0.0000 0.0000 0.0000 0.0000 0.0000 0.0000 0.0002 -0.0001 0.0000 -0.0006 0.0003 0.0000 0.0004 -0.0006 0.0000 0.0000 0.0001 0.0000 0.0000 0.0000 0.0000 -0.0010 -0.0002 0.0000 0.0002 30.0001 -0.0001 0.0005 -29.9998 0.0000 0.0000 0.0000 1.7288 2.0526 0.2227 1.7288 2.0526 0.2227 -32.7816 82.5450 73.2676 -97.3282 57.0247 -124.5927 -18.9605 7.3152 -36.8334 0.4938 0.9945 2.3561 0.0000 -0.0001 0.0001 0.0000 0.0000 0.0000 0.0000 -0.0006 0.0003 0.0000 -0.0001 0.0001 0.0000 0.0000 0.0000 0.0000 0.0000 0.0000 0.0000 0.0007 0.0001 0.0000 -0.0012 0.0001 0.0000 -0.0008 0.0003 0.0000 0.0001 0.0000 0.0000 0.0000 0.0000 0.0000 -0.0009 0.0000 0.0000 0.0002 -29.9996 -0.0001 -0.0003 29.9996 0.0000 0.0000 0.0000 3.8409 1.0663 -179.7518 -8.1621 -15.1033 -2.8301 -15.9740 75.6266 -8.6938 0.0000 25.3510 0.0000 5.3037 -8.5782 178.2623 -0.0550 -7.6622 -0.0790 5.6284 65.9838 3.4930 0.0000 25.3508 -0.0001 
8.8220 96.5791 -7.7015 0.6696 1.9983 1.2073 -0.2391 1.1988 -0.1347 -0.2391 1.1990 -0.1347 -0.2398 1.2025 -0.1351 40.0415 83.8466 -58.5754 91.0503 57.3716 127.5620 18.6226 -1.3129 45.0198 -0.6202 1.5627 -2.8603 0.0000 0.0000 0.0001 0.0000 0.0000 0.0000 0.0000 -0.0013 -0.0008 0.0000 -0.0004 0.0001 0.0000 0.0000 0.0000 0.0000 0.0000 0.0000 0.0000 0.0002 0.0000 0.0000 -0.0006 0.0003 0.0000 0.0004 -0.0006 0.0000 0.0000 0.0001 0.0000 0.0000 0.0000 0.0000 -0.0010 -0.0002 0.0000 0.0002 30.0001 -0.0001 0.0005 -29.9998 0.0000 0.0000 0.0000 1.7201 2.0440 0.2444 1.7201 2.0440 0.2444 -33.0714 82.5902 73.0132 -97.4036 57.1350 -124.4259 -19.2394 7.4197 -36.5661 0.4869 0.9848 2.3152 0.0000 -0.0001 0.0001 0.0000 0.0000 0.0000 0.0000 -0.0006 0.0003 0.0000 -0.0001 0.0001 0.0000 0.0000 0.0000 0.0000 0.0000 0.0000 0.0000 0.0007 0.0001 0.0000 -0.0012 0.0001 0.0000 -0.0008 0.0003 0.0000 0.0001 0.0000 0.0000 0.0000 0.0000 0.0000 -0.0009 0.0000 0.0000 0.0002 -29.9997 -0.0001 -0.0003 29.9996 0.0000 0.0000 0.0000 3.8786 1.0517 -179.7469 -8.1768 -15.0379 -2.7751 -15.6567 75.6940 -8.3304 0.0000 25.3510 0.0000 5.2675 -8.6389 178.2811 -0.0574 -7.7084 -0.0788 6.0249 65.9157 3.8799 0.0000 25.3508 -0.0001 
8.9353 96.5577 -7.8820 0.6911 1.9212 1.1143 -0.2407 1.2002 -0.1213 -0.2407 1.2004 -0.1213 -0.2414 1.2038 -0.1217 40.1719 83.8893 -58.4351 91.3322 57.5017 127.3831 18.9619 -1.1456 44.6674 -0.6304 1.5887 -2.8332 0.0000 0.0000 0.0001 0.0000 0.0000 0.0000 0.0000 -0.0013 -0.0008 0.0000 -0.0004 0.0001 0.0000 0.0000 0.0000 0.0000 0.0000 0.0000 0.0000 0.0002 0.0000 0.0000 -0.0006 0.0003 0.0000 0.0004 -0.0006 0.0000 0.0000 0.0001 0.0000 0.0000 0.0000 0.0000 -0.0010 -0.0002 0.0000 0.0002 30.0001 -0.0001 0.0005 -29.9998 0.0000 0.0000 0.0000 1.7099 2.0164 0.2646 1.7099 2.0164 0.2646 -33.4408 82.6525 72.6780 -97.5055 57.2530 -124.1294 -19.5913 7.5862 -36.1356 0.4751 0.9672 2.2498 0.0000 -0.0001 0.0001 0.0000 0.0000 0.0000 0.0000 -0.0006 0.0003 0.0000 -0.0001 0.0001 0.0000 0.0000 0.0000 0.0000 0.0000 0.0000 0.0000 0.0007 0.0001 0.0000 -0.0011 0.0001 0.0000 -0.0008 0.0003 0.0000 0.0001 0.0000 0.0000 0.0000 0.0000 0.0000 -0.0009 0.0000 0.0000 0.0002 -29.9997 -0.0001 -0.0003 29.9996 0.0000 0.0000 0.0000 3.9119 1.0358 -179.7368 -8.1764 -14.9727 -2.7217 -15.3447 75.7599 -7.9605 0.0000 25.3510 0.0000 5.2378 -8.6969 178.2884 -0.0612 -7.7501 -0.0786 6.4635 65.8460 4.3067 0.0000 25.3508 -0.0001 
9.0566 96.5339 -8.0613 0.7198 1.8453 1.0159 -0.2477 1.2057 -0.1041 -0.2477 1.2059 -0.1041 -0.2484 1.2094 -0.1044 40.2599 83.9378 -58.3577 91.6172 57.6796 127.0953 19.3757 -0.8348 44.1686 -0.6451 1.6226 -2.8000 0.0000 0.0000 0.0001 0.0000 0.0000 0.0000 0.0000 -0.0013 -0.0008 0.0000 -0.0004 0.0001 0.0000 0.0000 0.0000 0.0000 0.0000 0.0000 0.0000 0.0002 0.0000 0.0000 -0.0006 0.0003 0.0000 0.0004 -0.0006 0.0000 0.0000 0.0001 0.0000 0.0000 0.0000 0.0000 -0.0010 -0.0002 0.0000 0.0002 30.0001 -0.0001 0.0005 -29.9998 0.0000 0.0000 0.0000 1.7000 1.9647 0.2818 1.7000 1.9647 0.2818 -33.8474 82.7231 72.3002 -97.6007 57.3681 -123.6960 -19.9916 7.7992 -35.5882 0.4597 0.9438 2.1654 0.0000 -0.0001 0.0001 0.0000 0.0000 0.0000 0.0000 -0.0006 0.0003 0.0000 -0.0001 0.0001 0.0000 0.0000 0.0000 0.0000 0.0000 0.0000 0.0000 0.0007 0.0001 0.0000 -0.0012 0.0001 0.0000 -0.0008 0.0003 0.0000 0.0001 0.0000 0.0000 0.0000 0.0000 0.0000 -0.0009 0.0000 0.0000 0.0002 -29.9997 -0.0001 -0.0003 29.9996 0.0000 0.0000 0.0000 3.9443 1.0278 -179.7204 -8.1755 -14.9027 -2.6669 -15.0332 75.8247 -7.5966 0.0000 25.3510 0.0000 5.2146 -8.7667 178.2953 -0.0653 -7.8172 -0.0782 6.9146 65.7897 4.7388 0.0000 25.3508 -0.0001 
9.1548 96.5039 -8.2339 0.7611 1.7728 0.9116 -0.2622 1.2161 -0.0825 -0.2622 1.2163 -0.0825 -0.2630 1.2198 -0.0828 40.3294 83.9921 -58.3279 91.8569 57.8800 126.6567 19.8612 -0.3531 43.4740 -0.6649 1.6674 -2.7581 0.0000 0.0000 0.0001 0.0000 0.0000 0.0000 0.0000 -0.0013 -0.0008 0.0000 -0.0004 0.0001 0.0000 0.0000 0.0000 0.0000 0.0000 0.0000 0.0000 0.0002 0.0000 0.0000 -0.0006 0.0003 0.0000 0.0004 -0.0006 0.0000 0.0000 0.0001 0.0000 0.0000 0.0000 0.0000 -0.0010 -0.0002 0.0000 0.0002 30.0001 -0.0001 0.0005 -29.9998 0.0000 0.0000 0.0000 1.6910 1.8787 0.2977 1.6910 1.8787 0.2977 -34.2898 82.8069 71.8739 -97.6513 57.4626 -123.0549 -20.4253 8.0702 -34.9217 0.4404 0.9136 2.0593 0.0000 -0.0001 0.0001 0.0000 0.0000 0.0000 0.0000 -0.0006 0.0003 0.0000 -0.0001 0.0001 0.0000 0.0000 0.0000 0.0000 0.0000 0.0000 0.0000 0.0007 0.0001 0.0000 -0.0012 0.0001 0.0000 -0.0008 0.0003 0.0000 0.0001 0.0000 0.0000 0.0000 0.0000 0.0000 -0.0009 0.0000 0.0000 0.0002 -29.9996 -0.0001 -0.0003 29.9996 0.0000 0.0000 0.0000 3.9834 1.0409 -179.6973 -8.1875 -14.8166 -2.6041 -14.7045 75.8842 -7.2423 0.0000 25.3510 0.0000 5.2013 -8.8650 178.3226 -0.0679 -7.9426 -0.0780 7.3331 65.7658 5.1204 0.0000 25.3508 -0.0001 
9.2265 96.4755 -8.3893 0.8159 1.7086 0.8063 -0.2810 1.2261 -0.0606 -0.2811 1.2263 -0.0606 -0.2819 1.2298 -0.0608 40.4338 84.0507 -58.2782 92.1202 57.9904 126.0450 20.3795 0.2265 42.6984 -0.6480 1.6222 -2.6542 0.0000 0.0000 0.0001 0.0000 0.0000 0.0000 0.0000 -0.0013 -0.0008 0.0000 -0.0004 0.0001 0.0000 0.0000 0.0000 0.0000 0.0000 0.0000 0.0000 0.0002 0.0000 0.0000 -0.0006 0.0003 0.0000 0.0004 -0.0006 0.0000 0.0000 0.0001 0.0000 0.0000 0.0000 0.0000 -0.0010 -0.0002 0.0000 0.0002 30.0001 -0.0001 0.0005 -29.9998 0.0000 0.0000 0.0000 1.6790 1.7778 0.3183 1.6790 1.7778 0.3183 -34.7286 82.9082 71.4415 -97.6267 57.5325 -122.2280 -20.8274 8.4051 -34.2101 0.4189 0.8776 1.9416 0.0000 -0.0001 0.0001 0.0000 0.0000 0.0000 0.0000 -0.0006 0.0003 0.0000 -0.0001 0.0001 0.0000 0.0000 0.0000 0.0000 0.0000 0.0000 0.0000 0.0007 0.0001 0.0000 -0.0011 0.0001 0.0000 -0.0008 0.0003 0.0000 0.0001 0.0000 0.0000 0.0000 0.0000 0.0000 -0.0009 0.0000 0.0000 0.0002 -29.9996 -0.0001 -0.0003 29.9996 0.0000 0.0000 0.0000 4.0298 1.0665 -179.6736 -8.2016 -14.7134 -2.5397 -14.3403 75.9504 -6.8652 0.0000 25.3510 0.0000 5.1918 -8.9789 178.3687 -0.0689 -8.1045 -0.0778 7.7069 65.7704 5.4402 0.0000 25.3508 -0.0001 
9.2864 96.4475 -8.5248 0.8854 1.6563 0.7006 -0.3018 1.2330 -0.0391 -0.3018 1.2332 -0.0391 -0.3027 1.2368 -0.0392 40.5809 84.1134 -58.1957 92.3660 58.0430 125.3236 20.9097 0.8695 41.8720 -0.6194 1.5476 -2.5260 0.0000 0.0000 0.0001 0.0000 0.0000 0.0000 0.0000 -0.0013 -0.0008 0.0000 -0.0004 0.0001 0.0000 0.0000 0.0000 0.0000 0.0000 0.0000 0.0000 0.0002 0.0000 0.0000 -0.0006 0.0003 0.0000 0.0004 -0.0006 0.0000 0.0000 0.0001 0.0000 0.0000 0.0000 0.0000 -0.0010 -0.0002 0.0000 0.0002 30.0001 -0.0001 0.0005 -29.9998 0.0000 0.0000 0.0000 1.6613 1.6705 0.3451 1.6613 1.6705 0.3451 -35.1544 83.0232 71.0200 -97.5347 57.5906 -121.2443 -21.1852 8.8189 -33.4833 0.3967 0.8371 1.8181 0.0000 -0.0001 0.0001 0.0000 0.0000 0.0000 0.0000 -0.0006 0.0003 0.0000 -0.0001 0.0001 0.0000 0.0000 0.0000 0.0000 0.0000 0.0000 0.0000 0.0007 0.0001 0.0000 -0.0011 0.0001 0.0000 -0.0008 0.0003 0.0000 0.0001 0.0000 0.0000 0.0000 0.0000 0.0000 -0.0008 0.0000 0.0000 0.0002 -29.9996 -0.0001 -0.0003 29.9996 0.0000 0.0000 0.0000 4.0829 1.0948 -179.6479 -8.2043 -14.5967 -2.4796 -13.9475 76.0233 -6.4598 0.0000 25.3510 0.0000 5.1767 -9.0857 178.4235 -0.0695 -8.2552 -0.0777 8.0442 65.7817 5.7160 0.0000 25.3508 -0.0001 
9.3495 96.4238 -8.6364 0.9785 1.6268 0.5897 -0.3230 1.2323 -0.0170 -0.3230 1.2325 -0.0170 -0.3240 1.2360 -0.0171 40.7833 84.1767 -58.0701 92.5622 58.0316 124.5059 21.4566 1.5556 41.0158 -0.5898 1.4706 -2.3886 0.0000 0.0000 0.0001 0.0000 0.0000 0.0000 0.0000 -0.0013 -0.0008 0.0000 -0.0004 0.0001 0.0000 0.0000 0.0000 0.0000 0.0000 0.0000 0.0000 0.0002 0.0000 0.0000 -0.0006 0.0003 0.0000 0.0004 -0.0006 0.0000 0.0000 0.0001 0.0000 0.0000 0.0000 0.0000 -0.0010 -0.0002 0.0000 0.0002 30.0001 -0.0001 0.0005 -29.9998 0.0000 0.0000 0.0000 1.6328 1.5573 0.3816 1.6328 1.5573 0.3816 -35.5927 83.1533 70.5921 -97.3769 57.6419 -120.0990 -21.4934 9.3349 -32.8014 0.3762 0.7962 1.6978 0.0000 -0.0001 0.0001 0.0000 0.0000 0.0000 0.0000 -0.0006 0.0003 0.0000 -0.0001 0.0001 0.0000 0.0000 0.0000 0.0000 0.0000 0.0000 0.0000 0.0007 0.0001 0.0000 -0.0012 0.0001 0.0000 -0.0008 0.0003 0.0000 0.0001 0.0000 0.0000 0.0000 0.0000 0.0000 -0.0009 0.0000 0.0000 0.0002 -29.9996 -0.0001 -0.0003 29.9996 0.0000 0.0000 0.0000 4.1461 1.1114 -179.6134 -8.1835 -14.4700 -2.4239 -13.5415 76.1115 -6.0332 0.0000 25.3510 0.0000 5.1365 -9.1778 178.4832 -0.0706 -8.3646 -0.0775 8.3408 65.7872 5.9573 0.0000 25.3508 -0.0001 
9.4201 96.3978 -8.7421 1.0874 1.6158 0.4650 -0.3435 1.2247 0.0082 -0.3436 1.2249 0.0082 -0.3445 1.2285 0.0082 41.0371 84.2408 -57.9093 92.7223 57.9572 123.6628 22.0001 2.2372 40.1783 -0.5607 1.3956 -2.2509 0.0000 0.0000 0.0001 0.0000 0.0000 0.0000 0.0000 -0.0013 -0.0008 0.0000 -0.0004 0.0001 0.0000 0.0000 0.0000 0.0000 0.0000 0.0000 0.0000 0.0002 0.0000 0.0000 -0.0006 0.0003 0.0000 0.0004 -0.0006 0.0000 0.0000 0.0001 0.0000 0.0000 0.0000 0.0000 -0.0010 -0.0002 0.0000 0.0002 30.0001 -0.0001 0.0005 -29.9998 0.0000 0.0000 0.0000 1.5989 1.4467 0.4260 1.5989 1.4467 0.4260 -36.0736 83.2961 70.1326 -97.2212 57.6772 -118.9123 -21.7492 9.9047 -32.1861 0.3565 0.7534 1.5823 0.0000 -0.0001 0.0001 0.0000 0.0000 0.0000 0.0000 -0.0006 0.0003 0.0000 -0.0001 0.0001 0.0000 0.0000 0.0000 0.0000 0.0000 0.0000 0.0000 0.0007 0.0001 0.0000 -0.0012 0.0001 0.0000 -0.0008 0.0003 0.0000 0.0001 0.0000 0.0000 0.0000 0.0000 0.0000 -0.0009 0.0000 0.0000 0.0002 -29.9996 -0.0001 -0.0003 29.9996 0.0000 0.0000 0.0000 4.2160 1.1137 -179.5686 -8.1556 -14.3364 -2.3649 -13.1211 76.2125 -5.5869 0.0000 25.3510 0.0000 5.0786 -9.2822 178.5520 -0.0714 -8.4708 -0.0774 8.6226 65.7920 6.1893 0.0000 25.3508 -0.0001 
9.4978 96.3656 -8.8479 1.2110 1.6191 0.3279 -0.3674 1.2123 0.0360 -0.3674 1.2125 0.0360 -0.3685 1.2160 0.0361 41.3338 84.3042 -57.7245 92.8737 57.8366 122.8060 22.5381 2.8823 39.4232 -0.5329 1.3238 -2.1175 0.0000 0.0000 0.0001 0.0000 0.0000 0.0000 0.0000 -0.0013 -0.0008 0.0000 -0.0004 0.0001 0.0000 0.0000 0.0000 0.0000 0.0000 0.0000 0.0000 0.0003 0.0000 0.0000 -0.0006 0.0003 0.0000 0.0004 -0.0006 0.0000 0.0000 0.0001 0.0000 0.0000 0.0000 0.0000 -0.0010 -0.0002 0.0000 0.0002 30.0001 -0.0001 0.0005 -29.9998 0.0000 0.0000 0.0000 1.5666 1.3367 0.4759 1.5666 1.3367 0.4759 -36.5923 83.4477 69.6368 -97.0853 57.6997 -117.7380 -21.9552 10.5062 -31.6435 0.3379 0.7105 1.4744 0.0000 -0.0001 0.0001 0.0000 0.0000 0.0000 0.0000 -0.0006 0.0003 0.0000 -0.0001 0.0001 0.0000 0.0000 0.0000 0.0000 0.0000 0.0000 0.0000 0.0007 0.0001 0.0000 -0.0012 0.0001 0.0000 -0.0008 0.0003 0.0000 0.0001 0.0000 0.0000 0.0000 0.0000 0.0000 -0.0008 0.0000 0.0000 0.0002 -29.9996 -0.0001 -0.0003 29.9996 0.0000 0.0000 0.0000 4.2891 1.1053 -179.5160 -8.1244 -14.1920 -2.3040 -12.6760 76.3197 -5.1092 0.0000 25.3510 0.0000 5.0141 -9.4083 178.6274 -0.0716 -8.5941 -0.0773 8.9141 65.8038 6.4275 0.0000 25.3508 -0.0001 
9.5897 96.3277 -8.9554 1.3602 1.6366 0.1828 -0.4014 1.1980 0.0659 -0.4015 1.1982 0.0659 -0.4026 1.2016 0.0661 41.6051 84.3588 -57.5894 93.0281 57.6705 122.0257 23.0523 3.4437 38.8074 -0.5082 1.2603 -1.9982 0.0000 0.0000 0.0001 0.0000 0.0000 0.0000 0.0000 -0.0013 -0.0008 0.0000 -0.0004 0.0001 0.0000 0.0000 0.0000 0.0000 0.0000 0.0000 0.0000 0.0002 0.0000 0.0000 -0.0006 0.0003 0.0000 0.0004 -0.0006 0.0000 0.0000 0.0001 0.0000 0.0000 0.0000 0.0000 -0.0010 -0.0002 0.0000 0.0002 30.0001 -0.0001 0.0005 -29.9998 0.0000 0.0000 0.0000 1.5447 1.2210 0.5259 1.5447 1.2210 0.5259 -37.1145 83.5963 69.1420 -97.0089 57.7044 -116.6768 -22.0973 11.1209 -31.1976 0.3215 0.6696 1.3803 0.0000 -0.0001 0.0001 0.0000 0.0000 0.0000 0.0000 -0.0006 0.0003 0.0000 -0.0001 0.0001 0.0000 0.0000 0.0000 0.0000 0.0000 0.0000 0.0000 0.0007 0.0001 0.0000 -0.0011 0.0001 0.0000 -0.0008 0.0003 0.0000 0.0001 0.0000 0.0000 0.0000 0.0000 0.0000 -0.0009 0.0000 0.0000 0.0002 -29.9997 -0.0001 -0.0003 29.9996 0.0000 0.0000 0.0000 4.3510 1.0859 -179.4584 -8.1084 -14.0301 -2.2390 -12.1890 76.4265 -4.5882 0.0000 25.3510 0.0000 4.9491 -9.5615 178.6991 -0.0722 -8.7476 -0.0772 9.2478 65.8302 6.6919 0.0000 25.3508 -0.0001 
9.6876 96.2878 -9.0703 1.5266 1.6583 0.0418 -0.4467 1.1846 0.0965 -0.4467 1.1848 0.0965 -0.4480 1.1882 0.0968 41.8432 84.4050 -57.5051 93.1909 57.5118 121.3560 23.5383 3.8961 38.3429 -0.4877 1.2075 -1.8980 0.0000 0.0000 0.0001 0.0000 0.0000 0.0000 0.0000 -0.0013 -0.0008 0.0000 -0.0004 0.0001 0.0000 0.0000 0.0000 0.0000 0.0000 0.0000 0.0000 0.0002 -0.0001 0.0000 -0.0006 0.0003 0.0000 0.0004 -0.0006 0.0000 0.0000 0.0001 0.0000 0.0000 0.0000 0.0000 -0.0010 -0.0002 0.0000 0.0002 30.0001 -0.0001 0.0005 -29.9998 0.0000 0.0000 0.0000 1.5377 1.0994 0.5659 1.5377 1.0994 0.5659 -37.6388 83.7371 68.6473 -97.0021 57.6988 -115.8071 -22.2333 11.6777 -30.8286 0.3075 0.6343 1.3016 0.0000 -0.0001 0.0001 0.0000 0.0000 0.0000 0.0000 -0.0006 0.0003 0.0000 -0.0001 0.0001 0.0000 0.0000 0.0000 0.0000 0.0000 0.0000 0.0000 0.0007 0.0001 0.0000 -0.0012 0.0001 0.0000 -0.0008 0.0003 0.0000 0.0001 0.0000 0.0000 0.0000 0.0000 0.0000 -0.0009 0.0000 0.0000 0.0002 -29.9997 -0.0001 -0.0003 29.9996 0.0000 0.0000 0.0000 4.3869 1.0755 -179.4078 -8.1314 -13.8422 -2.1617 -11.6774 76.5270 -4.0567 0.0000 25.3510 0.0000 4.8888 -9.7219 178.7602 -0.0739 -8.9046 -0.0770 9.6099 65.8540 6.9673 0.0000 25.3508 -0.0001 
9.7777 96.2516 -9.1954 1.7015 1.6824 -0.0889 -0.4996 1.1716 0.1254 -0.4997 1.1718 0.1254 -0.5011 1.1752 0.1257 42.1164 84.4425 -57.3903 93.3686 57.3701 120.8100 23.9692 4.2694 38.0131 -0.4709 1.1631 -1.8163 0.0000 0.0000 0.0001 0.0000 0.0000 0.0000 0.0000 -0.0013 -0.0008 0.0000 -0.0004 0.0001 0.0000 0.0000 0.0000 0.0000 0.0000 0.0000 0.0000 0.0002 0.0000 0.0000 -0.0006 0.0003 0.0000 0.0004 -0.0006 0.0000 0.0000 0.0001 0.0000 0.0000 0.0000 0.0000 -0.0010 -0.0002 0.0000 0.0002 30.0001 -0.0001 0.0005 -29.9998 0.0000 0.0000 0.0000 1.5423 0.9766 0.5965 1.5423 0.9766 0.5965 -38.1344 83.8682 68.1833 -97.0511 57.6832 -115.1317 -22.3585 12.1614 -30.5216 0.2958 0.6047 1.2375 0.0000 -0.0001 0.0001 0.0000 0.0000 0.0000 0.0000 -0.0006 0.0003 0.0000 -0.0001 0.0001 0.0000 0.0000 0.0000 0.0000 0.0000 0.0000 0.0000 0.0007 0.0001 0.0000 -0.0012 0.0001 0.0000 -0.0008 0.0003 0.0000 0.0001 0.0000 0.0000 0.0000 0.0000 0.0000 -0.0008 0.0000 0.0000 0.0002 -29.9997 -0.0001 -0.0003 29.9996 0.0000 0.0000 0.0000 4.3959 1.0820 -179.3726 -8.1944 -13.6210 -2.0710 -11.1455 76.6182 -3.5214 0.0000 25.3511 0.0000 4.8368 -9.8858 178.8136 -0.0755 -9.0551 -0.0767 9.9734 65.8686 7.2278 0.0000 25.3508 -0.0001 
9.8380 96.2222 -9.3274 1.8782 1.7082 -0.1975 -0.5581 1.1593 0.1480 -0.5582 1.1595 0.1480 -0.5598 1.1628 0.1485 42.4657 84.4654 -57.1899 93.5668 57.2579 120.4740 24.2946 4.5082 37.8865 -0.4601 1.1322 -1.7626 0.0000 0.0000 0.0001 0.0000 0.0000 0.0000 0.0000 -0.0013 -0.0008 0.0000 -0.0004 0.0001 0.0000 0.0000 0.0000 0.0000 0.0000 0.0000 0.0000 0.0002 0.0000 0.0000 -0.0006 0.0003 0.0000 0.0004 -0.0006 0.0000 0.0000 0.0001 0.0000 0.0000 0.0000 0.0000 -0.0010 -0.0002 0.0000 0.0003 30.0001 -0.0001 0.0005 -29.9998 0.0000 0.0000 0.0000 1.5579 0.8605 0.6159 1.5579 0.8605 0.6159 -38.5099 83.9721 67.8409 -97.1574 57.6700 -114.7452 -22.4493 12.5408 -30.3178 0.2880 0.5830 1.1956 0.0000 -0.0001 0.0001 0.0000 0.0000 0.0000 0.0000 -0.0006 0.0003 0.0000 -0.0001 0.0001 0.0000 0.0000 0.0000 0.0000 0.0000 0.0000 0.0000 0.0007 0.0001 0.0000 -0.0012 0.0001 0.0000 -0.0008 0.0003 0.0000 0.0001 0.0000 0.0000 0.0000 0.0000 0.0000 -0.0008 0.0000 0.0000 0.0002 -29.9996 -0.0001 -0.0003 29.9996 0.0000 0.0000 0.0000 4.3660 1.1076 -179.3687 -8.2924 -13.3501 -1.9658 -10.6019 76.6883 -2.9809 0.0000 25.3510 0.0000 4.7951 -10.0303 178.8627 -0.0748 -9.1558 -0.0767 10.2932 65.8550 7.4306 0.0000 25.3508 -0.0001 
9.8768 96.2008 -9.4557 2.0479 1.7343 -0.2888 -0.6122 1.1469 0.1640 -0.6123 1.1471 0.1641 -0.6140 1.1504 0.1645 42.8628 84.4682 -56.9048 93.7677 57.1959 120.3283 24.5418 4.6287 37.9180 -0.4546 1.1143 -1.7329 0.0000 0.0000 0.0001 0.0000 0.0000 0.0000 0.0000 -0.0013 -0.0008 0.0000 -0.0004 0.0001 0.0000 0.0000 0.0000 0.0000 0.0000 0.0000 0.0000 0.0002 0.0000 0.0000 -0.0006 0.0003 0.0000 0.0004 -0.0006 0.0000 0.0000 0.0001 0.0000 0.0000 0.0000 0.0000 -0.0010 -0.0002 0.0000 0.0002 30.0001 -0.0001 0.0005 -29.9998 0.0000 0.0000 0.0000 1.5720 0.7632 0.6304 1.5720 0.7632 0.6304 -38.7348 84.0418 67.6549 -97.2783 57.6580 -114.5822 -22.4831 12.8311 -30.2150 0.2838 0.5680 1.1728 0.0000 -0.0001 0.0001 0.0000 0.0000 0.0000 0.0000 -0.0006 0.0003 0.0000 -0.0001 0.0001 0.0000 0.0000 0.0000 0.0000 0.0000 0.0000 0.0000 0.0007 0.0001 0.0000 -0.0012 0.0001 0.0000 -0.0008 0.0003 0.0000 0.0001 0.0000 0.0000 0.0000 0.0000 0.0000 -0.0009 0.0000 0.0000 0.0002 -29.9996 -0.0001 -0.0003 29.9996 0.0000 0.0000 0.0000 4.3012 1.1354 -179.3889 -8.3952 -13.0493 -1.8569 -10.0748 76.7379 -2.4395 0.0000 25.3510 0.0000 4.7527 -10.1286 178.9076 -0.0721 -9.1661 -0.0769 10.5571 65.7976 7.5820 0.0000 25.3508 -0.0001 
9.9105 96.1850 -9.5881 2.2078 1.7578 -0.3720 -0.6581 1.1331 0.1762 -0.6582 1.1334 0.1762 -0.6600 1.1366 0.1767 43.2773 84.4597 -56.5666 93.9437 57.1814 120.3477 24.7258 4.6546 38.0673 -0.4541 1.1083 -1.7240 0.0000 0.0000 0.0001 0.0000 0.0000 0.0000 0.0000 -0.0013 -0.0008 0.0000 -0.0004 0.0001 0.0000 0.0000 0.0000 0.0000 0.0000 0.0000 0.0000 0.0002 0.0000 0.0000 -0.0006 0.0003 0.0000 0.0004 -0.0006 0.0000 0.0000 0.0001 0.0000 0.0000 0.0000 0.0000 -0.0010 -0.0002 0.0000 0.0002 30.0001 -0.0001 0.0005 -29.9998 0.0000 0.0000 0.0000 1.5797 0.6928 0.6432 1.5797 0.6928 0.6432 -38.8280 84.0811 67.6070 -97.3996 57.6489 -114.6005 -22.4694 13.0281 -30.2198 0.2827 0.5589 1.1666 0.0000 -0.0001 0.0001 0.0000 0.0000 0.0000 0.0000 -0.0006 0.0003 0.0000 -0.0001 0.0001 0.0000 0.0000 0.0000 0.0000 0.0000 0.0000 0.0000 0.0007 0.0001 0.0000 -0.0012 0.0001 0.0000 -0.0008 0.0003 0.0000 0.0001 0.0000 0.0000 0.0000 0.0000 0.0000 -0.0009 0.0000 0.0000 0.0002 -29.9996 -0.0001 -0.0003 29.9996 0.0000 0.0000 0.0000 4.2051 1.1641 -179.4213 -8.5045 -12.7284 -1.7443 -9.5791 76.7712 -1.9187 0.0000 25.3510 0.0000 4.7040 -10.1737 178.9464 -0.0687 -9.0750 -0.0773 10.7752 65.6881 7.7011 0.0000 25.3508 -0.0001 
9.9516 96.1656 -9.7464 2.3495 1.7696 -0.4423 -0.6876 1.1176 0.1797 -0.6877 1.1178 0.1797 -0.6897 1.1210 0.1802 43.6928 84.4380 -56.1720 94.0315 57.2189 120.5665 24.8001 4.5655 38.3587 -0.4605 1.1191 -1.7431 0.0000 0.0000 0.0001 0.0000 0.0000 0.0000 0.0000 -0.0013 -0.0008 0.0000 -0.0004 0.0001 0.0000 0.0000 0.0000 0.0000 0.0000 0.0000 0.0000 0.0003 0.0000 0.0000 -0.0006 0.0003 0.0000 0.0004 -0.0006 0.0000 0.0000 0.0001 0.0000 0.0000 0.0000 0.0000 -0.0010 -0.0002 0.0000 0.0002 30.0001 -0.0001 0.0005 -29.9998 0.0000 0.0000 0.0000 1.5739 0.6785 0.6614 1.5739 0.6785 0.6614 -38.6999 84.0737 67.7836 -97.5016 57.6440 -114.8351 -22.3793 13.0831 -30.4122 0.2862 0.5582 1.1842 0.0000 -0.0001 0.0001 0.0000 0.0000 0.0000 0.0000 -0.0006 0.0003 0.0000 -0.0001 0.0001 0.0000 0.0000 0.0000 0.0000 0.0000 0.0000 0.0000 0.0007 0.0001 0.0000 -0.0012 0.0001 0.0000 -0.0008 0.0003 0.0000 0.0001 0.0000 0.0000 0.0000 0.0000 0.0000 -0.0008 0.0000 0.0000 0.0002 -29.9996 -0.0001 -0.0003 29.9996 0.0000 0.0000 0.0000 4.0785 1.1941 -179.4693 -8.6262 -12.3906 -1.6261 -9.1354 76.7829 -1.4504 0.0000 25.3510 0.0000 4.6518 -10.1518 178.9615 -0.0652 -8.8528 -0.0777 10.9584 65.4985 7.8094 0.0000 25.3508 -0.0001 
10.0006 96.1457 -9.9428 2.4851 1.7643 -0.5023 -0.7066 1.1029 0.1750 -0.7067 1.1031 0.1750 -0.7087 1.1062 0.1755 43.9835 84.4058 -55.8713 94.0039 57.2702 120.8937 24.7790 4.3914 38.7369 -0.4725 1.1437 -1.7833 0.0000 0.0000 0.0001 0.0000 0.0000 0.0000 0.0000 -0.0013 -0.0008 0.0000 -0.0004 0.0001 0.0000 0.0000 0.0000 0.0000 0.0000 0.0000 0.0000 0.0002 0.0000 0.0000 -0.0006 0.0003 0.0000 0.0004 -0.0006 0.0000 0.0000 0.0001 0.0000 0.0000 0.0000 0.0000 -0.0010 -0.0002 0.0000 0.0002 30.0001 -0.0001 0.0005 -29.9998 0.0000 0.0000 0.0000 1.5594 0.7151 0.6896 1.5594 0.7151 0.6896 -38.3822 84.0224 68.1456 -97.5926 57.6372 -115.2144 -22.2006 13.0417 -30.7479 0.2934 0.5632 1.2202 0.0000 -0.0001 0.0001 0.0000 0.0000 0.0000 0.0000 -0.0006 0.0003 0.0000 -0.0001 0.0001 0.0000 0.0000 0.0000 0.0000 0.0000 0.0000 0.0000 0.0007 0.0001 0.0000 -0.0012 0.0001 0.0000 -0.0008 0.0003 0.0000 0.0001 0.0000 0.0000 0.0000 0.0000 0.0000 -0.0009 0.0000 0.0000 0.0002 -29.9996 -0.0001 -0.0003 29.9996 0.0000 0.0000 0.0000 3.9344 1.2199 -179.5230 -8.7561 -12.0552 -1.5137 -8.7252 76.7748 -1.0296 0.0000 25.3511 0.0000 4.5964 -10.1076 178.9506 -0.0623 -8.5884 -0.0780 11.1445 65.2679 7.9345 0.0000 25.3508 -0.0001 
10.0530 96.1257 -10.1696 2.6223 1.7411 -0.5529 -0.7196 1.0893 0.1636 -0.7197 1.0895 0.1636 -0.7217 1.0926 0.1640 44.1135 84.3638 -55.7138 93.8779 57.3244 121.2965 24.6742 4.1478 39.1757 -0.4889 1.1795 -1.8403 0.0000 0.0000 0.0001 0.0000 0.0000 0.0000 0.0000 -0.0013 -0.0008 0.0000 -0.0004 0.0001 0.0000 0.0000 0.0000 0.0000 0.0000 0.0000 0.0000 0.0002 0.0000 0.0000 -0.0006 0.0003 0.0000 0.0004 -0.0006 0.0000 0.0000 0.0001 0.0000 0.0000 0.0000 0.0000 -0.0010 -0.0002 0.0000 0.0002 30.0001 -0.0001 0.0005 -29.9998 0.0000 0.0000 0.0000 1.5406 0.7936 0.7260 1.5406 0.7936 0.7260 -37.9365 83.9388 68.6276 -97.6810 57.6279 -115.7037 -21.9477 12.9199 -31.1935 0.3032 0.5722 1.2708 0.0000 -0.0001 0.0001 0.0000 0.0000 0.0000 0.0000 -0.0006 0.0003 0.0000 -0.0001 0.0001 0.0000 0.0000 0.0000 0.0000 0.0000 0.0000 0.0000 0.0007 0.0001 0.0000 -0.0012 0.0001 0.0000 -0.0008 0.0003 0.0000 0.0001 0.0000 0.0000 0.0000 0.0000 0.0000 -0.0008 0.0000 0.0000 0.0002 -29.9997 -0.0001 -0.0003 29.9996 0.0000 0.0000 0.0000 3.7725 1.2481 -179.5759 -8.8879 -11.7198 -1.4163 -8.3413 76.7458 -0.6468 0.0000 25.3511 0.0000 4.5398 -10.0584 178.9199 -0.0604 -8.3199 -0.0783 11.3376 65.0176 8.0693 0.0000 25.3508 -0.0001 
10.0958 96.1146 -10.4268 2.7698 1.6914 -0.5868 -0.7281 1.0778 0.1436 -0.7282 1.0780 0.1436 -0.7303 1.0811 0.1440 43.9989 84.3130 -55.7904 93.6538 57.3672 121.7973 24.4343 3.8414 39.6557 -0.5098 1.2267 -1.9172 0.0000 0.0000 0.0001 0.0000 0.0000 0.0000 0.0000 -0.0013 -0.0008 0.0000 -0.0004 0.0001 0.0000 0.0000 0.0000 0.0000 0.0000 0.0000 0.0000 0.0003 0.0000 0.0000 -0.0006 0.0003 0.0000 0.0004 -0.0006 0.0000 0.0000 0.0001 0.0000 0.0000 0.0000 0.0000 -0.0010 -0.0002 0.0000 0.0003 30.0001 -0.0001 0.0005 -29.9998 0.0000 0.0000 0.0000 1.5204 0.9206 0.7706 1.5204 0.9206 0.7706 -37.3665 83.8213 69.2195 -97.7779 57.6291 -116.3087 -21.6302 12.6878 -31.7819 0.3160 0.5864 1.3386 0.0000 -0.0001 0.0001 0.0000 0.0000 0.0000 0.0000 -0.0006 0.0003 0.0000 -0.0001 0.0001 0.0000 0.0000 0.0000 0.0000 0.0000 0.0000 0.0000 0.0007 0.0001 0.0000 -0.0012 0.0001 0.0000 -0.0008 0.0003 0.0000 0.0001 0.0000 0.0000 0.0000 0.0000 0.0000 -0.0009 0.0000 0.0000 0.0002 -29.9996 -0.0001 -0.0003 29.9996 0.0000 0.0000 0.0000 3.5829 1.2835 -179.6334 -9.0169 -11.3839 -1.3360 -7.9978 76.6861 -0.3193 0.0000 25.3510 0.0000 4.4780 -10.0139 178.8722 -0.0598 -8.0746 -0.0785 11.5200 64.7601 8.1884 0.0000 25.3508 -0.0001 
10.1305 96.1056 -10.6981 2.9259 1.6231 -0.6024 -0.7341 1.0702 0.1172 -0.7342 1.0704 0.1172 -0.7363 1.0735 0.1175 43.7072 84.2575 -56.0371 93.4126 57.3888 122.3693 24.1020 3.5425 40.0856 -0.5316 1.2764 -2.0014 0.0000 0.0000 0.0001 0.0000 0.0000 0.0000 0.0000 -0.0013 -0.0008 0.0000 -0.0004 0.0001 0.0000 0.0000 0.0000 0.0000 0.0000 0.0000 0.0000 0.0002 0.0000 0.0000 -0.0006 0.0003 0.0000 0.0004 -0.0006 0.0000 0.0000 0.0001 0.0000 0.0000 0.0000 0.0000 -0.0010 -0.0002 0.0000 0.0002 30.0001 -0.0001 0.0005 -29.9998 0.0000 0.0000 0.0000 1.5008 1.0609 0.8163 1.5008 1.0609 0.8163 -36.7226 83.6821 69.8735 -97.8699 57.6494 -117.0166 -21.2765 12.4202 -32.3991 0.3310 0.6041 1.4188 0.0000 -0.0001 0.0001 0.0000 0.0000 0.0000 0.0000 -0.0006 0.0003 0.0000 -0.0001 0.0001 0.0000 0.0000 0.0000 0.0000 0.0000 0.0000 0.0000 0.0007 0.0001 0.0000 -0.0012 0.0001 0.0000 -0.0008 0.0003 0.0000 0.0001 0.0000 0.0000 0.0000 0.0000 0.0000 -0.0009 0.0000 0.0000 0.0002 -29.9996 -0.0001 -0.0003 29.9996 0.0000 0.0000 0.0000 3.3896 1.3258 -179.7042 -9.1122 -11.0428 -1.2666 -7.6943 76.5992 -0.0283 0.0000 25.3510 0.0000 4.4105 -9.9618 178.8221 -0.0582 -7.8343 -0.0787 11.6603 64.5016 8.2606 0.0000 25.3508 -0.0001 
10.1586 96.0969 -10.9779 3.0858 1.5419 -0.6047 -0.7371 1.0680 0.0872 -0.7371 1.0682 0.0873 -0.7393 1.0713 0.0875 43.2721 84.1987 -56.4200 93.1871 57.3931 123.0024 23.6694 3.2282 40.5264 -0.5541 1.3276 -2.0941 0.0000 0.0000 0.0001 0.0000 0.0000 0.0000 0.0000 -0.0013 -0.0008 0.0000 -0.0004 0.0001 0.0000 0.0000 0.0000 0.0000 0.0000 0.0000 0.0000 0.0002 0.0000 0.0000 -0.0006 0.0003 0.0000 0.0004 -0.0006 0.0000 0.0000 0.0001 0.0000 0.0000 0.0000 0.0000 -0.0010 -0.0002 0.0000 0.0002 30.0001 -0.0001 0.0005 -29.9998 0.0000 0.0000 0.0000 1.4809 1.1947 0.8594 1.4809 1.1947 0.8594 -36.0388 83.5226 70.5566 -97.9624 57.6928 -117.7837 -20.8989 12.1420 -33.0216 0.3476 0.6241 1.5083 0.0000 -0.0001 0.0001 0.0000 0.0000 0.0000 0.0000 -0.0006 0.0003 0.0000 -0.0001 0.0001 0.0000 0.0000 0.0000 0.0000 0.0000 0.0000 0.0000 0.0007 0.0001 0.0000 -0.0012 0.0001 0.0000 -0.0008 0.0003 0.0000 0.0001 0.0000 0.0000 0.0000 0.0000 0.0000 -0.0008 0.0000 0.0000 0.0002 -29.9997 -0.0001 -0.0003 29.9996 0.0000 0.0000 0.0000 3.1976 1.3690 -179.7918 -9.1653 -10.6977 -1.2023 -7.4257 76.4878 0.2470 0.0000 25.3510 0.0000 4.3350 -9.9006 178.7721 -0.0558 -7.5931 -0.0790 11.7598 64.2436 8.2939 0.0000 25.3508 -0.0001 
10.1981 96.0897 -11.2827 3.2422 1.4466 -0.5960 -0.7322 1.0768 0.0559 -0.7323 1.0769 0.0559 -0.7344 1.0800 0.0560 42.6587 84.1350 -56.9644 93.0222 57.3769 123.7033 23.1383 2.8858 40.9711 -0.5760 1.3779 -2.1931 0.0000 0.0000 0.0001 0.0000 0.0000 0.0000 0.0000 -0.0013 -0.0008 0.0000 -0.0004 0.0001 0.0000 0.0000 0.0000 0.0000 0.0000 0.0000 0.0000 0.0002 0.0000 0.0000 -0.0006 0.0003 0.0000 0.0004 -0.0006 0.0000 0.0000 0.0001 0.0000 0.0000 0.0000 0.0000 -0.0010 -0.0002 0.0000 0.0002 30.0001 -0.0001 0.0005 -29.9998 0.0000 0.0000 0.0000 1.4571 1.2942 0.8938 1.4571 1.2942 0.8938 -35.3287 83.3418 71.2587 -98.0597 57.7649 -118.5939 -20.5202 11.8574 -33.6454 0.3654 0.6463 1.6058 0.0000 -0.0001 0.0001 0.0000 0.0000 0.0000 0.0000 -0.0006 0.0003 0.0000 -0.0001 0.0001 0.0000 0.0000 0.0000 0.0000 0.0000 0.0000 0.0000 0.0007 0.0001 0.0000 -0.0012 0.0001 0.0000 -0.0008 0.0003 0.0000 0.0001 0.0000 0.0000 0.0000 0.0000 0.0000 -0.0008 0.0000 0.0000 0.0002 -29.9996 -0.0001 -0.0003 29.9996 0.0000 0.0000 0.0000 3.0113 1.4139 -179.8960 -9.1543 -10.3417 -1.1437 -7.2052 76.3313 0.5162 0.0000 25.3510 0.0000 4.2498 -9.8323 178.7158 -0.0537 -7.3511 -0.0793 11.8185 63.9815 8.2985 0.0000 25.3508 -0.0001 
10.2505 96.0830 -11.6120 3.3842 1.3399 -0.5816 -0.7194 1.0982 0.0245 -0.7195 1.0984 0.0245 -0.7216 1.1015 0.0246 41.9566 84.0665 -57.5844 92.9133 57.3475 124.4008 22.5909 2.5135 41.4091 -0.5961 1.4260 -2.2903 0.0000 0.0000 0.0001 0.0000 0.0000 0.0000 0.0000 -0.0013 -0.0008 0.0000 -0.0004 0.0001 0.0000 0.0000 0.0000 0.0000 0.0000 0.0000 0.0000 0.0002 0.0000 0.0000 -0.0006 0.0003 0.0000 0.0004 -0.0006 0.0000 0.0000 0.0001 0.0000 0.0000 0.0000 0.0000 -0.0010 -0.0002 0.0000 0.0002 30.0001 -0.0001 0.0005 -29.9998 0.0000 0.0000 0.0000 1.4382 1.3486 0.9139 1.4382 1.3486 0.9139 -34.6195 83.1590 71.9597 -98.1237 57.8340 -119.3788 -20.1433 11.5765 -34.2583 0.3840 0.6698 1.7075 0.0000 -0.0001 0.0001 0.0000 0.0000 0.0000 0.0000 -0.0006 0.0003 0.0000 -0.0001 0.0001 0.0000 0.0000 0.0000 0.0000 0.0000 0.0000 0.0000 0.0007 0.0001 0.0000 -0.0011 0.0001 0.0000 -0.0008 0.0003 0.0000 0.0001 0.0000 0.0000 0.0000 0.0000 0.0000 -0.0009 0.0000 0.0000 0.0002 -29.9996 -0.0001 -0.0003 29.9996 0.0000 0.0000 0.0000 2.8205 1.4554 179.9758 -9.1231 -9.9802 -1.0703 -7.0180 76.1320 0.7843 0.0000 25.3510 0.0000 4.1657 -9.7659 178.6410 -0.0524 -7.1113 -0.0795 11.8612 63.7060 8.3054 0.0000 25.3508 -0.0001 
10.3172 96.0797 -11.9624 3.5107 1.2243 -0.5594 -0.7008 1.1305 -0.0073 -0.7009 1.1307 -0.0073 -0.7029 1.1339 -0.0073 41.2239 83.9969 -58.2272 92.8409 57.3068 125.0719 22.0390 2.1079 41.8544 -0.6146 1.4721 -2.3853 0.0000 0.0000 0.0001 0.0000 0.0000 0.0000 0.0000 -0.0013 -0.0008 0.0000 -0.0004 0.0001 0.0000 0.0000 0.0000 0.0000 0.0000 0.0000 0.0000 0.0002 -0.0001 0.0000 -0.0006 0.0003 0.0000 0.0004 -0.0006 0.0000 0.0000 0.0001 0.0000 0.0000 0.0000 0.0000 -0.0010 -0.0002 0.0000 0.0002 30.0001 -0.0001 0.0005 -29.9998 0.0000 0.0000 0.0000 1.4265 1.3614 0.9199 1.4265 1.3614 0.9199 -33.9332 82.9783 72.6355 -98.1329 57.8886 -120.1264 -19.7502 11.3230 -34.8215 0.4030 0.6940 1.8109 0.0000 -0.0001 0.0001 0.0000 0.0000 0.0000 0.0000 -0.0006 0.0003 0.0000 -0.0001 0.0001 0.0000 0.0000 0.0000 0.0000 0.0000 0.0000 0.0000 0.0007 0.0001 0.0000 -0.0012 0.0001 0.0000 -0.0008 0.0003 0.0000 0.0001 0.0000 0.0000 0.0000 0.0000 0.0000 -0.0009 0.0000 0.0000 0.0002 -29.9997 -0.0001 -0.0003 29.9996 0.0000 0.0000 0.0000 2.6169 1.4976 179.8304 -9.0927 -9.6141 -0.9896 -6.8652 75.9009 1.0405 0.0000 25.3510 0.0000 4.0785 -9.7016 178.5433 -0.0514 -6.8716 -0.0796 11.8797 63.4151 8.3137 0.0000 25.3508 -0.0001 
10.3976 96.0771 -12.3224 3.6186 1.0968 -0.5176 -0.6773 1.1747 -0.0426 -0.6773 1.1749 -0.0426 -0.6793 1.1783 -0.0428 40.5478 83.9327 -58.8041 92.7870 57.2481 125.6770 21.4815 1.6454 42.3257 -0.6310 1.5166 -2.4766 0.0000 0.0000 0.0001 0.0000 0.0000 0.0000 0.0000 -0.0013 -0.0008 0.0000 -0.0004 0.0001 0.0000 0.0000 0.0000 0.0000 0.0000 0.0000 0.0000 0.0002 0.0000 0.0000 -0.0006 0.0003 0.0000 0.0004 -0.0006 0.0000 0.0000 0.0001 0.0000 0.0000 0.0000 0.0000 -0.0010 -0.0002 0.0000 0.0002 30.0001 -0.0001 0.0005 -29.9998 0.0000 0.0000 0.0000 1.4276 1.3275 0.9051 1.4276 1.3275 0.9051 -33.3026 82.8044 73.2469 -98.1008 57.9247 -120.7522 -19.3628 11.0850 -35.3380 0.4207 0.7170 1.9085 0.0000 -0.0001 0.0001 0.0000 0.0000 0.0000 0.0000 -0.0006 0.0003 0.0000 -0.0001 0.0001 0.0000 0.0000 0.0000 0.0000 0.0000 0.0000 0.0000 0.0007 0.0001 0.0000 -0.0012 0.0001 0.0000 -0.0008 0.0003 0.0000 0.0001 0.0000 0.0000 0.0000 0.0000 0.0000 -0.0008 0.0000 0.0000 0.0002 -29.9996 -0.0001 -0.0003 29.9996 0.0000 0.0000 0.0000 2.3763 1.5298 179.6598 -9.0969 -9.2688 -0.8984 -6.7590 75.6363 1.2659 0.0000 25.3510 0.0000 3.9681 -9.6337 178.4067 -0.0514 -6.6298 -0.0797 11.8420 63.1067 8.3153 0.0000 25.3508 -0.0001 
10.4775 96.0729 -12.6764 3.7164 0.9629 -0.4524 -0.6530 1.2210 -0.0837 -0.6531 1.2212 -0.0837 -0.6550 1.2247 -0.0839 39.9577 83.8783 -59.2969 92.7299 57.1734 126.1884 20.9570 1.1708 42.7569 -0.6446 1.5576 -2.5586 0.0000 0.0000 0.0001 0.0000 0.0000 0.0000 0.0000 -0.0013 -0.0008 0.0000 -0.0004 0.0001 0.0000 0.0000 0.0000 0.0000 0.0000 0.0000 0.0000 0.0002 0.0000 0.0000 -0.0006 0.0003 0.0000 0.0004 -0.0006 0.0000 0.0000 0.0001 0.0000 0.0000 0.0000 0.0000 -0.0010 -0.0002 0.0000 0.0002 30.0001 -0.0001 0.0005 -29.9998 0.0000 0.0000 0.0000 1.4412 1.2818 0.8753 1.4412 1.2818 0.8753 -32.7920 82.6518 73.7396 -98.0610 57.9341 -121.2892 -19.0033 10.8358 -35.7909 0.4371 0.7404 1.9992 0.0000 -0.0001 0.0001 0.0000 0.0000 0.0000 0.0000 -0.0006 0.0003 0.0000 -0.0001 0.0001 0.0000 0.0000 0.0000 0.0000 0.0000 0.0000 0.0000 0.0007 0.0001 0.0000 -0.0012 0.0001 0.0000 -0.0008 0.0003 0.0000 0.0001 0.0000 0.0000 0.0000 0.0000 0.0000 -0.0008 0.0000 0.0000 0.0002 -29.9997 -0.0001 -0.0003 29.9996 0.0000 0.0000 0.0000 2.0982 1.5459 179.4784 -9.1424 -8.9649 -0.8195 -6.6574 75.3621 1.4904 0.0000 25.3510 0.0000 3.8244 -9.5588 178.2444 -0.0521 -6.3895 -0.0798 11.7350 62.7995 8.2930 0.0000 25.3508 -0.0001 
10.5491 96.0666 -13.0184 3.8042 0.8273 -0.3680 -0.6289 1.2648 -0.1291 -0.6290 1.2650 -0.1292 -0.6308 1.2686 -0.1296 39.4727 83.8331 -59.6901 92.6778 57.0868 126.6135 20.5011 0.7261 43.0901 -0.6545 1.5931 -2.6259 0.0000 0.0000 0.0001 0.0000 0.0000 0.0000 0.0000 -0.0013 -0.0008 0.0000 -0.0004 0.0001 0.0000 0.0000 0.0000 0.0000 0.0000 0.0000 0.0000 0.0002 -0.0001 0.0000 -0.0006 0.0003 0.0000 0.0004 -0.0006 0.0000 0.0000 0.0001 0.0000 0.0000 0.0000 0.0000 -0.0010 -0.0002 0.0000 0.0002 30.0001 -0.0001 0.0005 -29.9998 0.0000 0.0000 0.0000 1.4690 1.2376 0.8327 1.4690 1.2376 0.8327 -32.4156 82.5260 74.1025 -98.0259 57.9156 -121.7520 -18.6820 10.5765 -36.1703 0.4511 0.7627 2.0795 0.0000 -0.0001 0.0001 0.0000 0.0000 0.0000 0.0000 -0.0006 0.0003 0.0000 -0.0001 0.0001 0.0000 0.0000 0.0000 0.0000 0.0000 0.0000 0.0000 0.0007 0.0001 0.0000 -0.0011 0.0001 0.0000 -0.0008 0.0003 0.0000 0.0001 0.0000 0.0000 0.0000 0.0000 0.0000 -0.0009 0.0000 0.0000 0.0002 -29.9997 -0.0001 -0.0003 29.9996 0.0000 0.0000 0.0000 1.7882 1.5452 179.2901 -9.2312 -8.6986 -0.7562 -6.5457 75.0878 1.7255 0.0000 25.3510 0.0000 3.6535 -9.4829 178.0719 -0.0527 -6.1600 -0.0799 11.5613 62.5050 8.2403 0.0000 25.3508 -0.0001 
10.6015 96.0583 -13.3436 3.8755 0.6945 -0.2627 -0.6057 1.3000 -0.1779 -0.6058 1.3003 -0.1779 -0.6075 1.3040 -0.1784 39.1400 83.8045 -59.9425 92.6491 57.0055 126.9234 20.1213 0.3240 43.3531 -0.6605 1.6208 -2.6777 0.0000 0.0000 0.0001 0.0000 0.0000 0.0000 0.0000 -0.0013 -0.0008 0.0000 -0.0004 0.0001 0.0000 0.0000 0.0000 0.0000 0.0000 0.0000 0.0000 0.0002 0.0000 0.0000 -0.0006 0.0003 0.0000 0.0004 -0.0006 0.0000 0.0000 0.0001 0.0000 0.0000 0.0000 0.0000 -0.0010 -0.0002 0.0000 0.0002 30.0001 -0.0001 0.0005 -29.9998 0.0000 0.0000 0.0000 1.5118 1.2081 0.7761 1.5118 1.2081 0.7761 -32.2504 82.4410 74.2644 -98.0358 57.8645 -122.1263 -18.4243 10.3355 -36.3884 0.4595 0.7790 2.1358 0.0000 -0.0001 0.0001 0.0000 0.0000 0.0000 0.0000 -0.0006 0.0003 0.0000 -0.0001 0.0001 0.0000 0.0000 0.0000 0.0000 0.0000 0.0000 0.0000 0.0007 0.0001 0.0000 -0.0012 0.0001 0.0000 -0.0008 0.0003 0.0000 0.0001 0.0000 0.0000 0.0000 0.0000 0.0000 -0.0009 0.0000 0.0000 0.0002 -29.9997 -0.0001 -0.0003 29.9996 0.0000 0.0000 0.0000 1.4678 1.5158 179.0973 -9.3598 -8.4958 -0.7130 -6.4213 74.8341 1.9724 0.0000 25.3510 0.0000 3.4496 -9.4077 177.9037 -0.0530 -5.9493 -0.0800 11.2927 62.2396 8.1370 0.0000 25.3508 -0.0001 
10.6483 96.0502 -13.6556 3.9307 0.5639 -0.1514 -0.5850 1.3291 -0.2245 -0.5851 1.3293 -0.2245 -0.5868 1.3331 -0.2252 38.8722 83.7877 -60.1448 92.6706 56.9321 127.1449 19.8670 0.0221 43.4731 -0.6509 1.6107 -2.6951 0.0000 0.0000 0.0001 0.0000 0.0000 0.0000 0.0000 -0.0013 -0.0008 0.0000 -0.0004 0.0001 0.0000 0.0000 0.0000 0.0000 0.0000 0.0000 0.0000 0.0002 0.0000 0.0000 -0.0006 0.0003 0.0000 0.0004 -0.0006 0.0000 0.0000 0.0001 0.0000 0.0000 0.0000 0.0000 -0.0010 -0.0002 0.0000 0.0002 30.0001 -0.0001 0.0005 -29.9998 0.0000 0.0000 0.0000 1.5659 1.1936 0.7092 1.5659 1.1936 0.7092 -32.2407 82.3787 74.2690 -98.1235 57.8137 -122.4622 -18.2562 10.1205 -36.4526 0.4631 0.7904 2.1705 0.0000 -0.0001 0.0001 0.0000 0.0000 0.0000 0.0000 -0.0006 0.0003 0.0000 -0.0001 0.0001 0.0000 0.0000 0.0000 0.0000 0.0000 0.0000 0.0000 0.0007 0.0001 0.0000 -0.0011 0.0001 0.0000 -0.0008 0.0003 0.0000 0.0001 0.0000 0.0000 0.0000 0.0000 0.0000 -0.0009 0.0000 0.0000 0.0002 -29.9997 -0.0001 -0.0003 29.9996 0.0000 0.0000 0.0000 1.1726 1.4605 178.9202 -9.4996 -8.3612 -0.6929 -6.2830 74.6130 2.2278 0.0000 25.3510 0.0000 3.2279 -9.3273 177.7481 -0.0533 -5.7405 -0.0800 10.9813 61.9907 8.0169 0.0000 25.3508 -0.0001 
10.6896 96.0418 -13.9524 3.9677 0.4324 -0.0436 -0.5674 1.3558 -0.2658 -0.5674 1.3561 -0.2658 -0.5691 1.3599 -0.2666 38.5941 83.7781 -60.3788 92.7098 56.9081 127.2677 19.7342 -0.1983 43.4983 -0.6442 1.6071 -2.7044 0.0000 0.0000 0.0001 0.0000 0.0000 0.0000 0.0000 -0.0013 -0.0008 0.0000 -0.0004 0.0001 0.0000 0.0000 0.0000 0.0000 0.0000 0.0000 0.0000 0.0002 0.0000 0.0000 -0.0006 0.0003 0.0000 0.0004 -0.0006 0.0000 0.0000 0.0001 0.0000 0.0000 0.0000 0.0000 -0.0010 -0.0002 0.0000 0.0002 30.0001 -0.0001 0.0005 -29.9998 0.0000 0.0000 0.0000 1.6307 1.1887 0.6347 1.6307 1.1887 0.6347 -32.3319 82.3414 74.1738 -98.2598 57.7641 -122.7531 -18.1834 9.9370 -36.3796 0.4629 0.7979 2.1856 0.0000 -0.0001 0.0001 0.0000 0.0000 0.0000 0.0000 -0.0006 0.0003 0.0000 -0.0001 0.0001 0.0000 0.0000 0.0000 0.0000 0.0000 0.0000 0.0000 0.0007 0.0001 0.0000 -0.0011 0.0001 0.0000 -0.0008 0.0003 0.0000 0.0001 0.0000 0.0000 0.0000 0.0000 0.0000 -0.0009 0.0000 0.0000 0.0002 -29.9996 -0.0001 -0.0003 29.9996 0.0000 0.0000 0.0000 0.9109 1.3885 178.7654 -9.6388 -8.2869 -0.6974 -6.1186 74.4235 2.5080 0.0000 25.3510 0.0000 3.0046 -9.2394 177.6049 -0.0536 -5.5272 -0.0801 10.6542 61.7483 7.8970 0.0000 25.3508 -0.0001 
10.7278 96.0331 -14.2230 3.9692 0.2992 0.0482 -0.5506 1.3823 -0.2964 -0.5507 1.3826 -0.2965 -0.5523 1.3865 -0.2974 38.3009 83.7770 -60.6602 92.7695 56.9588 127.2542 19.7756 -0.2963 43.3780 -0.6439 1.6171 -2.7045 0.0000 0.0000 0.0001 0.0000 0.0000 0.0000 0.0000 -0.0013 -0.0008 0.0000 -0.0004 0.0001 0.0000 0.0000 0.0000 0.0000 0.0000 0.0000 0.0000 0.0002 0.0000 0.0000 -0.0006 0.0003 0.0000 0.0004 -0.0006 0.0000 0.0000 0.0001 0.0000 0.0000 0.0000 0.0000 -0.0010 -0.0002 0.0000 0.0002 30.0001 -0.0002 0.0005 -29.9998 0.0000 0.0000 0.0000 1.7057 1.1877 0.5562 1.7057 1.1877 0.5562 -32.5084 82.3384 73.9884 -98.4395 57.7347 -122.9386 -18.2563 9.8185 -36.1295 0.4576 0.7992 2.1721 0.0000 -0.0001 0.0001 0.0000 0.0000 0.0000 0.0000 -0.0006 0.0003 0.0000 -0.0001 0.0001 0.0000 0.0000 0.0000 0.0000 0.0000 0.0000 0.0000 0.0007 0.0001 0.0000 -0.0012 0.0001 0.0000 -0.0008 0.0003 0.0000 0.0001 0.0000 0.0000 0.0000 0.0000 0.0000 -0.0009 0.0000 0.0000 0.0002 -29.9996 -0.0001 -0.0003 29.9996 0.0000 0.0000 0.0000 0.6993 1.2990 178.6443 -9.7794 -8.2860 -0.7284 -5.9316 74.2800 2.8087 0.0000 25.3510 0.0000 2.8048 -9.1384 177.4776 -0.0529 -5.2883 -0.0803 10.3210 61.4918 7.7822 0.0000 25.3508 -0.0001 
10.7720 96.0217 -14.4760 3.9407 0.1586 0.1202 -0.5316 1.4120 -0.3179 -0.5317 1.4123 -0.3179 -0.5332 1.4163 -0.3189 38.0362 83.7868 -60.9357 92.8278 57.0656 127.1178 19.9404 -0.2832 43.1431 -0.6488 1.6377 -2.6976 0.0000 0.0000 0.0001 0.0000 0.0000 0.0000 0.0000 -0.0013 -0.0008 0.0000 -0.0004 0.0001 0.0000 0.0000 0.0000 0.0000 0.0000 0.0000 0.0000 0.0002 0.0000 0.0000 -0.0006 0.0003 0.0000 0.0004 -0.0006 0.0000 0.0000 0.0001 0.0000 0.0000 0.0000 0.0000 -0.0010 -0.0002 0.0000 0.0003 30.0001 -0.0001 0.0005 -29.9998 0.0000 0.0000 0.0000 1.7801 1.1844 0.4832 1.7801 1.1844 0.4832 -32.7059 82.3608 73.7765 -98.6257 57.7286 -122.9982 -18.4276 9.7678 -35.7592 0.4487 0.7950 2.1366 0.0000 -0.0001 0.0001 0.0000 0.0000 0.0000 0.0000 -0.0006 0.0002 0.0000 -0.0001 0.0001 0.0000 0.0000 0.0000 0.0000 0.0000 0.0000 0.0000 0.0007 0.0001 0.0000 -0.0012 0.0001 0.0000 -0.0008 0.0003 0.0000 0.0001 0.0000 0.0000 0.0000 0.0000 0.0000 -0.0009 0.0000 0.0000 0.0002 -29.9997 -0.0001 -0.0003 29.9996 0.0000 0.0000 0.0000 0.5345 1.1993 178.5488 -9.9033 -8.3425 -0.7686 -5.7680 74.1764 3.0927 0.0000 25.3510 0.0000 2.6373 -9.0182 177.3550 -0.0512 -5.0099 -0.0805 9.9988 61.2019 7.6769 0.0000 25.3508 -0.0001 
10.8316 96.0087 -14.7212 3.8886 0.0077 0.1751 -0.5112 1.4461 -0.3314 -0.5113 1.4464 -0.3315 -0.5127 1.4505 -0.3324 37.7986 83.8078 -61.2044 92.9082 57.1877 126.8601 20.2012 -0.1630 42.8067 -0.6406 1.6241 -2.6612 0.0000 0.0000 0.0001 0.0000 0.0000 0.0000 0.0000 -0.0013 -0.0008 0.0000 -0.0004 0.0001 0.0000 0.0000 0.0000 0.0000 0.0000 0.0000 0.0000 0.0002 -0.0001 0.0000 -0.0006 0.0003 0.0000 0.0004 -0.0006 0.0000 0.0000 0.0001 0.0000 0.0000 0.0000 0.0000 -0.0010 -0.0002 0.0000 0.0002 30.0001 -0.0001 0.0005 -29.9998 0.0000 0.0000 0.0000 1.8507 1.1762 0.4183 1.8507 1.1762 0.4183 -32.9305 82.4025 73.5308 -98.8017 57.7360 -122.9338 -18.6641 9.7740 -35.2957 0.4371 0.7863 2.0841 0.0000 -0.0001 0.0001 0.0000 0.0000 0.0000 0.0000 -0.0006 0.0003 0.0000 -0.0001 0.0001 0.0000 0.0000 0.0000 0.0000 0.0000 0.0000 0.0000 0.0007 0.0001 0.0000 -0.0012 0.0001 0.0000 -0.0008 0.0003 0.0000 0.0001 0.0000 0.0000 0.0000 0.0000 0.0000 -0.0009 0.0000 0.0000 0.0002 -29.9996 -0.0001 -0.0003 29.9996 0.0000 0.0000 0.0000 0.3948 1.1055 178.4817 -10.0178 -8.4373 -0.8254 -5.6247 74.1077 3.3631 0.0000 25.3510 0.0000 2.4907 -8.8673 177.2309 -0.0492 -4.6771 -0.0807 9.6890 60.8724 7.5850 0.0000 25.3508 -0.0001 
10.9099 95.9926 -14.9490 3.8058 -0.1578 0.2106 -0.4882 1.4859 -0.3347 -0.4883 1.4862 -0.3348 -0.4897 1.4904 -0.3358 37.6006 83.8435 -61.4632 93.0006 57.3425 126.4500 20.5688 0.1143 42.3223 -0.6269 1.5928 -2.6016 0.0000 0.0000 0.0001 0.0000 0.0000 0.0000 0.0000 -0.0013 -0.0008 0.0000 -0.0004 0.0001 0.0000 0.0000 0.0000 0.0000 0.0000 0.0000 0.0000 0.0003 0.0000 0.0000 -0.0006 0.0003 0.0000 0.0004 -0.0006 0.0000 0.0000 0.0001 0.0000 0.0000 0.0000 0.0000 -0.0010 -0.0002 0.0000 0.0002 30.0001 -0.0001 0.0005 -29.9998 0.0000 0.0000 0.0000 1.9100 1.1583 0.3674 1.9100 1.1584 0.3674 -33.2222 82.4649 73.2065 -98.9356 57.7481 -122.6656 -18.9561 9.8510 -34.7232 0.4219 0.7716 2.0091 0.0000 -0.0001 0.0001 0.0000 0.0000 0.0000 0.0000 -0.0006 0.0003 0.0000 -0.0001 0.0001 0.0000 0.0000 0.0000 0.0000 0.0000 0.0000 0.0000 0.0007 0.0001 0.0000 -0.0012 0.0001 0.0000 -0.0008 0.0003 0.0000 0.0001 0.0000 0.0000 0.0000 0.0000 0.0000 -0.0009 0.0000 0.0000 0.0002 -29.9996 -0.0001 -0.0002 29.9996 0.0000 0.0000 0.0000 0.2662 1.0346 178.4402 -10.1424 -8.5651 -0.8951 -5.4961 74.0854 3.6180 0.0000 25.3510 0.0000 2.3634 -8.6407 177.1054 -0.0464 -4.2232 -0.0810 9.3773 60.4792 7.4975 0.0000 25.3508 -0.0001 
10.9900 95.9762 -15.1468 3.6969 -0.3289 0.2353 -0.4587 1.5250 -0.3319 -0.4588 1.5254 -0.3319 -0.4601 1.5297 -0.3329 37.4689 83.8890 -61.6748 93.1197 57.4942 125.9509 20.9888 0.4972 41.7210 -0.6094 1.5507 -2.5255 0.0000 0.0000 0.0001 0.0000 0.0000 0.0000 0.0000 -0.0013 -0.0008 0.0000 -0.0004 0.0001 0.0000 0.0000 0.0000 0.0000 0.0000 0.0000 0.0000 0.0003 0.0000 0.0000 -0.0006 0.0003 0.0000 0.0004 -0.0006 0.0000 0.0000 0.0001 0.0000 0.0000 0.0000 0.0000 -0.0010 -0.0002 0.0000 0.0003 30.0001 -0.0001 0.0005 -29.9998 0.0000 0.0000 0.0000 1.9527 1.1347 0.3279 1.9527 1.1347 0.3279 -33.6043 82.5436 72.7912 -99.0454 57.7506 -122.2504 -19.2573 9.9761 -34.0723 0.4042 0.7518 1.9198 0.0000 -0.0001 0.0001 0.0000 0.0000 0.0000 0.0000 -0.0006 0.0003 0.0000 -0.0001 0.0001 0.0000 0.0000 0.0000 0.0000 0.0000 0.0000 0.0000 0.0007 0.0001 0.0000 -0.0012 0.0001 0.0000 -0.0008 0.0003 0.0000 0.0001 0.0000 0.0000 0.0000 0.0000 0.0000 -0.0009 0.0000 0.0000 0.0002 -29.9997 -0.0001 -0.0003 29.9996 0.0000 0.0000 0.0000 0.1458 0.9744 178.3981 -10.2859 -8.7065 -0.9553 -5.3687 74.0874 3.8615 0.0000 25.3510 0.0000 2.2471 -8.3459 176.9940 -0.0419 -3.6686 -0.0814 9.0328 60.0512 7.3850 0.0000 25.3508 -0.0001 
11.0661 95.9598 -15.3148 3.5648 -0.5012 0.2514 -0.4212 1.5612 -0.3239 -0.4213 1.5616 -0.3240 -0.4225 1.5659 -0.3249 37.4017 83.9432 -61.8301 93.2702 57.6284 125.3954 21.4379 0.9543 41.0277 -0.5888 1.5000 -2.4360 0.0000 0.0000 0.0001 0.0000 0.0000 0.0000 0.0000 -0.0013 -0.0008 0.0000 -0.0004 0.0001 0.0000 0.0000 0.0000 0.0000 0.0000 0.0000 0.0000 0.0002 0.0000 0.0000 -0.0006 0.0003 0.0000 0.0004 -0.0006 0.0000 0.0000 0.0001 0.0000 0.0000 0.0000 0.0000 -0.0010 -0.0002 0.0000 0.0002 30.0001 -0.0001 0.0005 -29.9998 0.0000 0.0000 0.0000 1.9794 1.1070 0.2966 1.9794 1.1070 0.2966 -34.0782 82.6344 72.2906 -99.1437 57.7422 -121.7296 -19.5491 10.1435 -33.3581 0.3854 0.7296 1.8235 0.0000 -0.0001 0.0001 0.0000 0.0000 0.0000 0.0000 -0.0006 0.0003 0.0000 -0.0001 0.0001 0.0000 0.0000 0.0000 0.0000 0.0000 0.0000 0.0000 0.0007 0.0001 0.0000 -0.0012 0.0001 0.0000 -0.0008 0.0003 0.0000 0.0001 0.0000 0.0000 0.0000 0.0000 0.0000 -0.0009 0.0000 0.0000 0.0002 -29.9996 -0.0001 -0.0003 29.9996 0.0000 0.0000 0.0000 0.0364 0.9202 178.3556 -10.4400 -8.8543 -1.0103 -5.2362 74.1015 4.1078 0.0000 25.3510 0.0000 2.1350 -7.9885 176.9060 -0.0353 -3.0155 -0.0818 8.6461 59.5910 7.2379 0.0000 25.3508 -0.0001 
11.1405 95.9453 -15.4601 3.4017 -0.6703 0.2545 -0.3743 1.5910 -0.3081 -0.3744 1.5914 -0.3082 -0.3754 1.5958 -0.3090 37.3713 84.0094 -61.9532 93.4557 57.7276 124.7741 21.8990 1.5041 40.2501 -0.5647 1.4390 -2.3319 0.0000 0.0000 0.0001 0.0000 0.0000 0.0000 0.0000 -0.0013 -0.0008 0.0000 -0.0004 0.0001 0.0000 0.0000 0.0000 0.0000 0.0000 0.0000 0.0000 0.0002 0.0000 0.0000 -0.0006 0.0003 0.0000 0.0004 -0.0006 0.0000 0.0000 0.0001 0.0000 0.0000 0.0000 0.0000 -0.0010 -0.0002 0.0000 0.0002 30.0001 -0.0001 0.0005 -29.9998 0.0000 0.0000 0.0000 1.9883 1.0774 0.2720 1.9883 1.0774 0.2720 -34.6644 82.7362 71.6886 -99.2146 57.7146 -121.0700 -19.8135 10.3732 -32.5762 0.3656 0.7042 1.7199 0.0000 -0.0001 0.0001 0.0000 0.0000 0.0000 0.0000 -0.0006 0.0003 0.0000 -0.0001 0.0001 0.0000 0.0000 0.0000 0.0000 0.0000 0.0000 0.0000 0.0007 0.0001 0.0000 -0.0012 0.0001 0.0000 -0.0008 0.0003 0.0000 0.0001 0.0000 0.0000 0.0000 0.0000 0.0000 -0.0009 0.0000 0.0000 0.0002 -29.9997 -0.0001 -0.0003 29.9996 0.0000 0.0000 0.0000 -0.0563 0.8810 178.3213 -10.6038 -8.9974 -1.0644 -5.0818 74.1182 4.3746 0.0000 25.3510 0.0000 2.0071 -7.4272 176.8579 -0.0232 -1.9655 -0.0823 8.1595 58.9504 7.0113 0.0000 25.3508 -0.0001 
11.2191 95.9315 -15.5993 3.2168 -0.8285 0.2483 -0.3232 1.6130 -0.2860 -0.3233 1.6134 -0.2861 -0.3242 1.6179 -0.2869 37.3390 84.0802 -62.0728 93.6457 57.8095 124.1073 22.3691 2.0866 39.4628 -0.5397 1.3751 -2.2222 0.0000 0.0000 0.0001 0.0000 0.0000 0.0000 0.0000 -0.0013 -0.0008 0.0000 -0.0004 0.0001 0.0000 0.0000 0.0000 0.0000 0.0000 0.0000 0.0000 0.0002 0.0000 0.0000 -0.0006 0.0003 0.0000 0.0004 -0.0006 0.0000 0.0000 0.0001 0.0000 0.0000 0.0000 0.0000 -0.0010 -0.0002 0.0000 0.0002 30.0001 -0.0001 0.0005 -29.9998 0.0000 0.0000 0.0000 1.9916 1.0500 0.2489 1.9916 1.0500 0.2489 -35.3122 82.8419 71.0287 -99.2529 57.6629 -120.3279 -20.0656 10.6305 -31.7757 0.3456 0.6778 1.6145 0.0000 -0.0001 0.0001 0.0000 0.0000 0.0000 0.0000 -0.0006 0.0003 0.0000 -0.0001 0.0001 0.0000 0.0000 0.0000 0.0000 0.0000 0.0000 0.0000 0.0007 0.0001 0.0000 -0.0012 0.0001 0.0000 -0.0008 0.0003 0.0000 0.0001 0.0000 0.0000 0.0000 0.0000 0.0000 -0.0008 0.0000 0.0000 0.0002 -29.9996 -0.0001 -0.0003 29.9996 0.0000 0.0000 0.0000 -0.1337 0.8491 178.2888 -10.7746 -9.1368 -1.1084 -4.9105 74.1338 4.6537 0.0000 25.3511 0.0000 1.8722 -6.8941 176.8362 -0.0113 -0.9601 -0.0826 7.6684 58.3406 6.8049 0.0000 25.3508 -0.0001 
11.3037 95.9180 -15.7302 3.0135 -0.9736 0.2326 -0.2697 1.6265 -0.2589 -0.2697 1.6269 -0.2589 -0.2705 1.6315 -0.2597 37.3331 84.1530 -62.1682 93.8323 57.8722 123.4083 22.8417 2.6799 38.6977 -0.5149 1.3107 -2.1108 0.0000 0.0000 0.0001 0.0000 0.0000 0.0000 0.0000 -0.0013 -0.0008 0.0000 -0.0004 0.0001 0.0000 0.0000 0.0000 0.0000 0.0000 0.0000 0.0000 0.0002 0.0000 0.0000 -0.0006 0.0003 0.0000 0.0004 -0.0006 0.0000 0.0000 0.0001 0.0000 0.0000 0.0000 0.0000 -0.0010 -0.0002 0.0000 0.0002 30.0001 -0.0001 0.0005 -29.9998 0.0000 0.0000 0.0000 1.9945 1.0267 0.2277 1.9945 1.0267 0.2277 -35.9904 82.9551 70.3417 -99.2802 57.5980 -119.5498 -20.3152 10.9070 -30.9709 0.3260 0.6512 1.5107 0.0000 -0.0001 0.0001 0.0000 0.0000 0.0000 0.0000 -0.0006 0.0003 0.0000 -0.0001 0.0001 0.0000 0.0000 0.0000 0.0000 0.0000 0.0000 0.0000 0.0007 0.0001 0.0000 -0.0011 0.0001 0.0000 -0.0008 0.0003 0.0000 0.0001 0.0000 0.0000 0.0000 0.0000 0.0000 -0.0009 0.0000 0.0000 0.0002 -29.9997 -0.0001 -0.0003 29.9996 0.0000 0.0000 0.0000 -0.2005 0.8164 178.2579 -10.9461 -9.2745 -1.1451 -4.7194 74.1470 4.9570 0.0000 25.3510 0.0000 1.7451 -6.4738 176.8312 -0.0020 -0.1681 -0.0827 7.2101 57.8459 6.6440 0.0000 25.3508 -0.0001 
11.4020 95.9123 -15.8392 2.7905 -1.0991 0.2017 -0.2162 1.6289 -0.2263 -0.2162 1.6293 -0.2263 -0.2168 1.6339 -0.2269 37.3636 84.2249 -62.2241 94.0172 57.9048 122.6823 23.3050 3.2542 38.0126 -0.4909 1.2475 -2.0007 0.0000 0.0000 0.0001 0.0000 0.0000 0.0000 0.0000 -0.0013 -0.0008 0.0000 -0.0004 0.0001 0.0000 0.0000 0.0000 0.0000 0.0000 0.0000 0.0000 0.0002 -0.0001 0.0000 -0.0006 0.0003 0.0000 0.0004 -0.0006 0.0000 0.0000 0.0001 0.0000 0.0000 0.0000 0.0000 -0.0010 -0.0002 0.0000 0.0003 30.0001 -0.0001 0.0005 -29.9998 0.0000 0.0000 0.0000 2.0019 1.0104 0.2140 2.0019 1.0104 0.2140 -36.6430 83.0732 69.6808 -99.2966 57.5276 -118.7536 -20.5518 11.2231 -30.1971 0.3075 0.6243 1.4116 0.0000 -0.0001 0.0001 0.0000 0.0000 0.0000 0.0000 -0.0006 0.0003 0.0000 -0.0001 0.0001 0.0000 0.0000 0.0000 0.0000 0.0000 0.0000 0.0000 0.0007 0.0001 0.0000 -0.0012 0.0001 0.0000 -0.0008 0.0003 0.0000 0.0001 0.0000 0.0000 0.0000 0.0000 0.0000 -0.0009 0.0000 0.0000 0.0002 -29.9997 -0.0001 -0.0003 29.9996 0.0000 0.0000 0.0000 -0.2601 0.7852 178.2350 -11.0977 -9.3984 -1.1837 -4.5003 74.1496 5.3183 0.0000 25.3510 0.0000 1.6459 -6.3678 176.8418 0.0000 0.0001 -0.0827 6.8495 57.6808 6.5869 0.0000 25.3508 -0.0001 
11.5093 95.9080 -15.9334 2.5640 -1.2089 0.1641 -0.1694 1.6256 -0.1935 -0.1694 1.6260 -0.1936 -0.1699 1.6306 -0.1941 37.4092 84.2899 -62.2721 94.1701 57.9150 121.9356 23.7289 3.8081 37.4316 -0.4692 1.1882 -1.8981 0.0000 0.0000 0.0001 0.0000 0.0000 0.0000 0.0000 -0.0013 -0.0008 0.0000 -0.0004 0.0001 0.0000 0.0000 0.0000 0.0000 0.0000 0.0000 0.0000 0.0002 0.0000 0.0000 -0.0006 0.0003 0.0000 0.0004 -0.0006 0.0000 0.0000 0.0001 0.0000 0.0000 0.0000 0.0000 -0.0010 -0.0002 0.0000 0.0002 30.0001 -0.0001 0.0005 -29.9998 0.0000 0.0000 0.0000 2.0187 0.9993 0.2105 2.0187 0.9993 0.2105 -37.2012 83.1878 69.1083 -99.2811 57.4528 -117.9528 -20.7451 11.5708 -29.4971 0.2911 0.5985 1.3221 0.0000 -0.0001 0.0001 0.0000 0.0000 0.0000 0.0000 -0.0006 0.0003 0.0000 -0.0001 0.0001 0.0000 0.0000 0.0000 0.0000 0.0000 0.0000 0.0000 0.0007 0.0001 0.0000 -0.0012 0.0001 0.0000 -0.0008 0.0003 0.0000 0.0001 0.0000 0.0000 0.0000 0.0000 0.0000 -0.0008 0.0000 0.0000 0.0002 -29.9997 -0.0001 -0.0003 29.9996 0.0000 0.0000 0.0000 -0.3205 0.7664 178.2172 -11.2288 -9.4980 -1.2257 -4.2767 74.1463 5.7080 0.0000 25.3510 0.0000 1.5681 -6.3507 176.8515 0.0000 0.0000 -0.0827 6.5539 57.6134 6.5826 0.0000 25.3508 -0.0001 
11.6209 95.9049 -16.0221 2.3404 -1.3047 0.1242 -0.1307 1.6177 -0.1629 -0.1308 1.6181 -0.1629 -0.1311 1.6226 -0.1634 37.5203 84.3468 -62.2686 94.2937 57.9099 121.1958 24.1191 4.3290 36.9424 -0.4497 1.1338 -1.8042 0.0000 0.0000 0.0001 0.0000 0.0000 0.0000 0.0000 -0.0013 -0.0008 0.0000 -0.0004 0.0001 0.0000 0.0000 0.0000 0.0000 0.0000 0.0000 0.0000 0.0002 0.0000 0.0000 -0.0006 0.0003 0.0000 0.0004 -0.0006 0.0000 0.0000 0.0001 0.0000 0.0000 0.0000 0.0000 -0.0010 -0.0002 0.0000 0.0002 30.0001 -0.0001 0.0005 -29.9998 0.0000 0.0000 0.0000 2.0410 0.9866 0.2197 2.0410 0.9866 0.2197 -37.6868 83.3025 68.6038 -99.2494 57.3672 -117.1685 -20.8951 11.9204 -28.8909 0.2766 0.5743 1.2425 0.0000 -0.0001 0.0001 0.0000 0.0000 0.0000 0.0000 -0.0006 0.0003 0.0000 -0.0001 0.0001 0.0000 0.0000 0.0000 0.0000 0.0000 0.0000 0.0000 0.0007 0.0001 0.0000 -0.0012 0.0001 0.0000 -0.0008 0.0003 0.0000 0.0001 0.0000 0.0000 0.0000 0.0000 0.0000 -0.0008 0.0000 0.0000 0.0002 -29.9997 -0.0001 -0.0003 29.9996 0.0000 0.0000 0.0000 -0.3891 0.7639 178.2000 -11.3593 -9.5722 -1.2643 -4.0574 74.1441 6.0966 0.0000 25.3510 0.0000 1.5109 -6.3418 176.8579 0.0000 0.0001 -0.0827 6.3073 57.5551 6.6056 0.0000 25.3508 -0.0001 
11.7296 95.8943 -16.1073 2.1291 -1.3814 0.0870 -0.1042 1.6046 -0.1381 -0.1043 1.6050 -0.1381 -0.1046 1.6095 -0.1385 37.7851 84.3875 -62.1262 94.3990 57.8921 120.5323 24.4622 4.7830 36.5740 -0.4336 1.0878 -1.7249 0.0000 0.0000 0.0001 0.0000 0.0000 0.0000 0.0000 -0.0013 -0.0008 0.0000 -0.0004 0.0001 0.0000 0.0000 0.0000 0.0000 0.0000 0.0000 0.0000 0.0002 0.0000 0.0000 -0.0006 0.0003 0.0000 0.0004 -0.0006 0.0000 0.0000 0.0001 0.0000 0.0000 0.0000 0.0000 -0.0010 -0.0002 0.0000 0.0002 30.0001 -0.0001 0.0005 -29.9998 0.0000 0.0000 0.0000 2.0660 0.9645 0.2448 2.0660 0.9645 0.2448 -38.0891 83.4205 68.1825 -99.2308 57.2722 -116.4827 -20.9729 12.2529 -28.4077 0.2645 0.5521 1.1769 0.0000 -0.0001 0.0001 0.0000 0.0000 0.0000 0.0000 -0.0006 0.0003 0.0000 -0.0001 0.0001 0.0000 0.0000 0.0000 0.0000 0.0000 0.0000 0.0000 0.0007 0.0001 0.0000 -0.0012 0.0001 0.0000 -0.0008 0.0003 0.0000 0.0001 0.0000 0.0000 0.0000 0.0000 0.0000 -0.0008 0.0000 0.0000 0.0002 -29.9997 -0.0001 -0.0003 29.9996 0.0000 0.0000 0.0000 -0.4800 0.7824 178.1772 -11.5167 -9.6061 -1.2920 -3.8363 74.1453 6.4647 0.0000 25.3510 0.0000 1.4872 -6.3463 176.8568 0.0000 0.0000 -0.0827 6.1249 57.5068 6.6525 0.0000 25.3508 -0.0001 
11.8343 95.8816 -16.1899 1.9342 -1.4464 0.0563 -0.0887 1.5891 -0.1198 -0.0887 1.5894 -0.1198 -0.0890 1.5939 -0.1201 38.1337 84.4130 -61.8979 94.5085 57.8755 119.9824 24.7551 5.1680 36.3010 -0.4206 1.0497 -1.6600 0.0000 0.0000 0.0001 0.0000 0.0000 0.0000 0.0000 -0.0013 -0.0008 0.0000 -0.0004 0.0001 0.0000 0.0000 0.0000 0.0000 0.0000 0.0000 0.0000 0.0002 0.0000 0.0000 -0.0006 0.0003 0.0000 0.0004 -0.0006 0.0000 0.0000 0.0001 0.0000 0.0000 0.0000 0.0000 -0.0010 -0.0002 0.0000 0.0002 30.0001 -0.0001 0.0005 -29.9998 0.0000 0.0000 0.0000 2.0897 0.9322 0.2773 2.0897 0.9322 0.2773 -38.4103 83.5373 67.8426 -99.2334 57.1921 -115.9228 -20.9980 12.5654 -28.0233 0.2547 0.5323 1.1247 0.0000 -0.0001 0.0001 0.0000 0.0000 0.0000 0.0000 -0.0006 0.0003 0.0000 -0.0001 0.0001 0.0000 0.0000 0.0000 0.0000 0.0000 0.0000 0.0000 0.0007 0.0001 0.0000 -0.0012 0.0001 0.0000 -0.0008 0.0003 0.0000 0.0001 0.0000 0.0000 0.0000 0.0000 0.0000 -0.0009 0.0000 0.0000 0.0002 -29.9996 -0.0001 -0.0003 29.9996 0.0000 0.0000 0.0000 -0.5861 0.8072 178.1522 -11.6791 -9.6095 -1.3260 -3.5873 74.1393 6.8525 0.0000 25.3510 0.0000 1.4766 -6.3579 176.8477 0.0000 0.0001 -0.0827 5.9763 57.4643 6.7134 0.0000 25.3508 -0.0001 
11.9344 95.8707 -16.2731 1.7556 -1.5035 0.0339 -0.0824 1.5716 -0.1080 -0.0824 1.5719 -0.1080 -0.0827 1.5763 -0.1083 38.5527 84.4239 -61.5906 94.6227 57.8701 119.5593 25.0028 5.4895 36.1063 -0.4115 1.0220 -1.6112 0.0000 0.0000 0.0001 0.0000 0.0000 0.0000 0.0000 -0.0013 -0.0008 0.0000 -0.0004 0.0001 0.0000 0.0000 0.0000 0.0000 0.0000 0.0000 0.0000 0.0002 0.0000 0.0000 -0.0006 0.0003 0.0000 0.0004 -0.0006 0.0000 0.0000 0.0001 0.0000 0.0000 0.0000 0.0000 -0.0010 -0.0002 0.0000 0.0002 30.0001 -0.0001 0.0005 -29.9998 0.0000 0.0000 0.0000 2.1102 0.8950 0.3135 2.1102 0.8950 0.3135 -38.6271 83.6488 67.6078 -99.2553 57.1329 -115.4927 -20.9944 12.8456 -27.7253 0.2471 0.5154 1.0845 0.0000 -0.0001 0.0001 0.0000 0.0000 0.0000 0.0000 -0.0006 0.0003 0.0000 -0.0001 0.0001 0.0000 0.0000 0.0000 0.0000 0.0000 0.0000 0.0000 0.0007 0.0001 0.0000 -0.0012 0.0001 0.0000 -0.0008 0.0003 0.0000 0.0001 0.0000 0.0000 0.0000 0.0000 0.0000 -0.0009 0.0000 0.0000 0.0002 -29.9996 -0.0001 -0.0003 29.9996 0.0000 0.0000 0.0000 -0.6964 0.8320 178.1213 -11.8194 -9.5897 -1.3698 -3.3097 74.1208 7.2797 0.0000 25.3510 0.0000 1.4643 -6.3758 176.8314 0.0000 0.0000 -0.0827 5.8388 57.4228 6.7802 0.0000 25.3508 -0.0001 
12.0341 95.8606 -16.3680 1.5968 -1.5541 0.0229 -0.0832 1.5495 -0.1057 -0.0832 1.5498 -0.1058 -0.0835 1.5542 -0.1061 39.0742 84.4152 -61.1527 94.7351 57.8769 119.3365 25.1913 5.6955 36.0200 -0.4067 1.0062 -1.5823 0.0000 0.0000 0.0001 0.0000 0.0000 0.0000 0.0000 -0.0013 -0.0008 0.0000 -0.0004 0.0001 0.0000 0.0000 0.0000 0.0000 0.0000 0.0000 0.0000 0.0002 0.0000 0.0000 -0.0006 0.0003 0.0000 0.0004 -0.0006 0.0000 0.0000 0.0001 0.0000 0.0000 0.0000 0.0000 -0.0010 -0.0002 0.0000 0.0002 30.0001 -0.0001 0.0005 -29.9998 0.0000 0.0000 0.0000 2.1170 0.8646 0.3534 2.1170 0.8646 0.3534 -38.7212 83.7483 67.5050 -99.3353 57.1240 -115.2866 -21.0139 13.0425 -27.5704 0.2424 0.5033 1.0608 0.0000 -0.0001 0.0001 0.0000 0.0000 0.0000 0.0000 -0.0006 0.0003 0.0000 -0.0001 0.0001 0.0000 0.0000 0.0000 0.0000 0.0000 0.0000 0.0000 0.0007 0.0001 0.0000 -0.0012 0.0001 0.0000 -0.0008 0.0003 0.0000 0.0001 0.0000 0.0000 0.0000 0.0000 0.0000 -0.0008 0.0000 0.0000 0.0002 -29.9996 -0.0001 -0.0003 29.9996 0.0000 0.0000 0.0000 -0.8063 0.8555 178.0803 -11.9225 -9.5416 -1.4204 -3.0197 74.0777 7.7394 0.0000 25.3510 0.0000 1.4481 -6.4056 176.8022 0.0000 0.0000 -0.0827 5.7094 57.3701 6.8485 0.0000 25.3508 -0.0001 
12.1351 95.8527 -16.4730 1.4509 -1.6066 0.0184 -0.0846 1.5233 -0.1110 -0.0846 1.5236 -0.1110 -0.0849 1.5279 -0.1113 39.6713 84.3946 -60.6004 94.8247 57.8909 119.2695 25.3354 5.7904 36.0288 -0.4055 1.0003 -1.5693 0.0000 0.0000 0.0001 0.0000 0.0000 0.0000 0.0000 -0.0013 -0.0008 0.0000 -0.0004 0.0001 0.0000 0.0000 0.0000 0.0000 0.0000 0.0000 0.0000 0.0002 0.0000 0.0000 -0.0006 0.0003 0.0000 0.0004 -0.0006 0.0000 0.0000 0.0001 0.0000 0.0000 0.0000 0.0000 -0.0010 -0.0002 0.0000 0.0002 30.0001 -0.0001 0.0005 -29.9998 0.0000 0.0000 0.0000 2.1103 0.8603 0.3943 2.1103 0.8603 0.3943 -38.7418 83.8319 67.4916 -99.4490 57.1543 -115.2788 -21.0700 13.1696 -27.5248 0.2404 0.4958 1.0509 0.0000 -0.0001 0.0001 0.0000 0.0000 0.0000 0.0000 -0.0006 0.0003 0.0000 -0.0001 0.0001 0.0000 0.0000 0.0000 0.0000 0.0000 0.0000 0.0000 0.0007 0.0001 0.0000 -0.0012 0.0001 0.0000 -0.0008 0.0003 0.0000 0.0001 0.0000 0.0000 0.0000 0.0000 0.0000 -0.0008 0.0000 0.0000 0.0002 -29.9997 -0.0001 -0.0003 29.9996 0.0000 0.0000 0.0000 -0.9051 0.8839 178.0295 -12.0065 -9.4804 -1.4572 -2.7504 74.0227 8.1739 0.0000 25.3510 0.0000 1.4255 -6.4469 176.7656 -0.0002 -0.0163 -0.0827 5.5749 57.3146 6.9079 0.0000 25.3508 -0.0001 
12.2357 95.8415 -16.5761 1.3154 -1.6645 0.0185 -0.0875 1.4940 -0.1222 -0.0875 1.4943 -0.1223 -0.0877 1.4986 -0.1226 40.2781 84.3611 -60.0109 94.8816 57.9083 119.3211 25.4290 5.8015 36.1261 -0.4073 1.0024 -1.5698 0.0000 0.0000 0.0001 0.0000 0.0000 0.0000 0.0000 -0.0013 -0.0008 0.0000 -0.0004 0.0001 0.0000 0.0000 0.0000 0.0000 0.0000 0.0000 0.0000 0.0002 0.0000 0.0000 -0.0006 0.0003 0.0000 0.0004 -0.0006 0.0000 0.0000 0.0001 0.0000 0.0000 0.0000 0.0000 -0.0010 -0.0002 0.0000 0.0002 30.0001 -0.0001 0.0005 -29.9998 0.0000 0.0000 0.0000 2.0971 0.8835 0.4353 2.0971 0.8835 0.4353 -38.7031 83.9028 67.5378 -99.5709 57.2216 -115.4286 -21.1504 13.2452 -27.5802 0.2406 0.4920 1.0524 0.0000 -0.0001 0.0001 0.0000 0.0000 0.0000 0.0000 -0.0006 0.0003 0.0000 -0.0001 0.0001 0.0000 0.0000 0.0000 0.0000 0.0000 0.0000 0.0000 0.0007 0.0001 0.0000 -0.0011 0.0001 0.0000 -0.0008 0.0003 0.0000 0.0001 0.0000 0.0000 0.0000 0.0000 0.0000 -0.0008 0.0000 0.0000 0.0002 -29.9996 -0.0001 -0.0003 29.9996 0.0000 0.0000 0.0000 -0.9827 0.9190 177.9755 -12.0705 -9.4063 -1.4848 -2.4973 73.9554 8.5813 0.0000 25.3511 0.0000 1.3938 -6.4654 176.7252 0.0000 0.0001 -0.0827 5.4262 57.2417 6.9504 0.0000 25.3508 -0.0001 
12.3261 95.8271 -16.6650 1.1932 -1.7328 0.0242 -0.0921 1.4578 -0.1417 -0.0921 1.4581 -0.1417 -0.0924 1.4623 -0.1421 40.9077 84.3151 -59.3758 94.8807 57.9163 119.5231 25.4313 5.7105 36.3468 -0.4135 1.0152 -1.5898 0.0000 0.0000 0.0001 0.0000 0.0000 0.0000 0.0000 -0.0013 -0.0008 0.0000 -0.0004 0.0001 0.0000 0.0000 0.0000 0.0000 0.0000 0.0000 0.0000 0.0002 0.0000 0.0000 -0.0006 0.0003 0.0000 0.0004 -0.0006 0.0000 0.0000 0.0001 0.0000 0.0000 0.0000 0.0000 -0.0010 -0.0002 0.0000 0.0002 30.0001 -0.0001 0.0005 -29.9998 0.0000 0.0000 0.0000 2.0801 0.9525 0.4791 2.0801 0.9525 0.4791 -38.5605 83.9431 67.6894 -99.6917 57.3212 -115.7611 -21.2421 13.2610 -27.7927 0.2443 0.4936 1.0703 0.0000 -0.0001 0.0001 0.0000 0.0000 0.0000 0.0000 -0.0006 0.0003 0.0000 -0.0001 0.0001 0.0000 0.0000 0.0000 0.0000 0.0000 0.0000 0.0000 0.0007 0.0001 0.0000 -0.0012 0.0001 0.0000 -0.0008 0.0003 0.0000 0.0001 0.0000 0.0000 0.0000 0.0000 0.0000 -0.0009 0.0000 0.0000 0.0002 -29.9996 -0.0001 -0.0003 29.9996 0.0000 0.0000 0.0000 -1.0208 0.9698 177.9220 -12.0902 -9.3124 -1.5143 -2.2349 73.8735 8.9914 0.0000 25.3510 0.0000 1.3487 -6.4728 176.6872 0.0000 0.0001 -0.0827 5.2525 57.1870 6.9636 0.0000 25.3508 -0.0001 
12.4093 95.8082 -16.7468 1.0828 -1.8091 0.0381 -0.0953 1.4164 -0.1690 -0.0953 1.4167 -0.1690 -0.0956 1.4208 -0.1695 41.4998 84.2645 -58.7667 94.8231 57.9003 119.8249 25.3500 5.5432 36.6528 -0.4229 1.0357 -1.6240 0.0000 0.0000 0.0001 0.0000 0.0000 0.0000 0.0000 -0.0013 -0.0008 0.0000 -0.0004 0.0001 0.0000 0.0000 0.0000 0.0000 0.0000 0.0000 0.0000 0.0002 0.0000 0.0000 -0.0006 0.0003 0.0000 0.0004 -0.0006 0.0000 0.0000 0.0001 0.0000 0.0000 0.0000 0.0000 -0.0010 -0.0002 0.0000 0.0002 30.0001 -0.0001 0.0005 -29.9998 0.0000 0.0000 0.0000 2.0587 1.0583 0.5288 2.0587 1.0583 0.5288 -38.3475 83.9539 67.9201 -99.7979 57.4244 -116.2040 -21.3120 13.2366 -28.1312 0.2506 0.4987 1.1004 0.0000 -0.0001 0.0001 0.0000 0.0000 0.0000 0.0000 -0.0006 0.0003 0.0000 -0.0001 0.0001 0.0000 0.0000 0.0000 0.0000 0.0000 0.0000 0.0000 0.0007 0.0001 0.0000 -0.0012 0.0001 0.0000 -0.0008 0.0003 0.0000 0.0001 0.0000 0.0000 0.0000 0.0000 0.0000 -0.0009 0.0000 0.0000 0.0002 -29.9996 -0.0001 -0.0003 29.9996 0.0000 0.0000 0.0000 -1.0416 1.0382 177.8643 -12.0822 -9.2004 -1.5468 -1.9569 73.7825 9.4186 0.0000 25.3510 0.0000 1.2961 -6.4667 176.6457 0.0000 0.0001 -0.0827 5.0711 57.1408 6.9614 0.0000 25.3508 -0.0001 
12.4966 95.7851 -16.8340 0.9832 -1.8932 0.0613 -0.0983 1.3718 -0.2031 -0.0983 1.3720 -0.2031 -0.0986 1.3759 -0.2037 42.0508 84.2139 -58.1944 94.7153 57.8646 120.2064 25.1913 5.3205 37.0266 -0.4351 1.0627 -1.6709 0.0000 0.0000 0.0001 0.0000 0.0000 0.0000 0.0000 -0.0013 -0.0008 0.0000 -0.0004 0.0001 0.0000 0.0000 0.0000 0.0000 0.0000 0.0000 0.0000 0.0002 0.0000 0.0000 -0.0006 0.0003 0.0000 0.0004 -0.0006 0.0000 0.0000 0.0001 0.0000 0.0000 0.0000 0.0000 -0.0010 -0.0002 0.0000 0.0002 30.0001 -0.0001 0.0005 -29.9998 0.0000 0.0000 0.0000 2.0373 1.1905 0.5822 2.0373 1.1905 0.5822 -38.0962 83.9417 68.1955 -99.8812 57.5116 -116.7249 -21.3397 13.1766 -28.5671 0.2591 0.5069 1.1410 0.0000 -0.0001 0.0001 0.0000 0.0000 0.0000 0.0000 -0.0006 0.0003 0.0000 -0.0001 0.0001 0.0000 0.0000 0.0000 0.0000 0.0000 0.0000 0.0000 0.0007 0.0001 0.0000 -0.0012 0.0001 0.0000 -0.0008 0.0003 0.0000 0.0001 0.0000 0.0000 0.0000 0.0000 0.0000 -0.0009 0.0000 0.0000 0.0002 -29.9996 -0.0001 -0.0003 29.9996 0.0000 0.0000 0.0000 -1.0536 1.1209 177.8005 -12.0632 -9.0803 -1.5772 -1.6642 73.6911 9.8537 0.0000 25.3510 0.0000 1.2416 -6.4547 176.5913 0.0000 0.0001 -0.0827 4.9046 57.0946 6.9665 0.0000 25.3508 -0.0001 
12.5997 95.7641 -16.9313 0.9009 -1.9831 0.0934 -0.1045 1.3232 -0.2419 -0.1045 1.3234 -0.2419 -0.1048 1.3272 -0.2426 42.5085 84.1640 -57.7172 94.5801 57.8200 120.7173 24.9392 5.0774 37.4170 -0.4510 1.0985 -1.7337 0.0000 0.0000 0.0001 0.0000 0.0000 0.0000 0.0000 -0.0013 -0.0008 0.0000 -0.0004 0.0001 0.0000 0.0000 0.0000 0.0000 0.0000 0.0000 0.0000 0.0002 0.0000 0.0000 -0.0006 0.0003 0.0000 0.0004 -0.0006 0.0000 0.0000 0.0001 0.0000 0.0000 0.0000 0.0000 -0.0010 -0.0002 0.0000 0.0002 30.0001 -0.0001 0.0005 -29.9998 0.0000 0.0000 0.0000 2.0219 1.3416 0.6333 2.0219 1.3416 0.6333 -37.8058 83.8995 68.5083 -99.9292 57.5633 -117.3456 -21.2989 13.0598 -29.1017 0.2702 0.5191 1.1946 0.0000 -0.0001 0.0001 0.0000 0.0000 0.0000 0.0000 -0.0006 0.0003 0.0000 -0.0001 0.0001 0.0000 0.0000 0.0000 0.0000 0.0000 0.0000 0.0000 0.0007 0.0001 0.0000 -0.0012 0.0001 0.0000 -0.0008 0.0003 0.0000 0.0001 0.0000 0.0000 0.0000 0.0000 0.0000 -0.0009 0.0000 0.0000 0.0002 -29.9996 -0.0001 -0.0003 29.9996 0.0000 0.0000 0.0000 -1.0738 1.2097 177.7359 -12.0485 -8.9596 -1.6085 -1.3470 73.6003 10.3027 0.0000 25.3510 0.0000 1.1794 -6.4402 176.5156 0.0000 0.0000 -0.0827 4.7789 57.0481 7.0100 0.0000 25.3508 -0.0001 
12.7158 95.7408 -17.0325 0.8298 -2.0737 0.1301 -0.1118 1.2737 -0.2805 -0.1118 1.2739 -0.2805 -0.1122 1.2775 -0.2813 42.8345 84.1165 -57.3722 94.4819 57.7804 121.3632 24.6365 4.7987 37.8195 -0.4687 1.1385 -1.8075 0.0000 0.0000 0.0001 0.0000 0.0000 0.0000 0.0000 -0.0013 -0.0008 0.0000 -0.0004 0.0001 0.0000 0.0000 0.0000 0.0000 0.0000 0.0000 0.0000 0.0002 0.0000 0.0000 -0.0006 0.0003 0.0000 0.0004 -0.0006 0.0000 0.0000 0.0001 0.0000 0.0000 0.0000 0.0000 -0.0010 -0.0002 0.0000 0.0002 30.0001 -0.0001 0.0005 -29.9998 0.0000 0.0000 0.0000 2.0104 1.4924 0.6757 2.0104 1.4924 0.6757 -37.4554 83.8286 68.8815 -99.9447 57.5939 -118.0346 -21.2206 12.9050 -29.6828 0.2834 0.5351 1.2586 0.0000 -0.0001 0.0001 0.0000 0.0000 0.0000 0.0000 -0.0006 0.0003 0.0000 -0.0001 0.0001 0.0000 0.0000 0.0000 0.0000 0.0000 0.0000 0.0000 0.0007 0.0001 0.0000 -0.0012 0.0001 0.0000 -0.0008 0.0003 0.0000 0.0001 0.0000 0.0000 0.0000 0.0000 0.0000 -0.0009 0.0000 0.0000 0.0002 -29.9996 -0.0001 -0.0003 29.9996 0.0000 0.0000 0.0000 -1.1162 1.2911 177.6716 -12.0496 -8.8443 -1.6460 -1.0175 73.5035 10.7630 0.0000 25.3510 0.0000 1.1090 -6.4266 176.4246 0.0000 0.0000 -0.0827 4.6941 57.0009 7.0999 0.0000 25.3508 -0.0001 
12.8387 95.7164 -17.1331 0.7651 -2.1631 0.1698 -0.1174 1.2254 -0.3184 -0.1174 1.2256 -0.3185 -0.1177 1.2291 -0.3194 43.0407 84.0719 -57.1403 94.4096 57.7417 122.1042 24.2890 4.4777 38.2483 -0.4875 1.1821 -1.8899 0.0000 0.0000 0.0001 0.0000 0.0000 0.0000 0.0000 -0.0013 -0.0008 0.0000 -0.0004 0.0001 0.0000 0.0000 0.0000 0.0000 0.0000 0.0000 0.0000 0.0002 0.0000 0.0000 -0.0006 0.0003 0.0000 0.0004 -0.0006 0.0000 0.0000 0.0001 0.0000 0.0000 0.0000 0.0000 -0.0010 -0.0002 0.0000 0.0002 30.0001 -0.0001 0.0005 -29.9998 0.0000 0.0000 0.0000 1.9988 1.6372 0.7097 1.9988 1.6372 0.7097 -37.0185 83.7336 69.3445 -99.9218 57.6107 -118.7566 -21.1145 12.7220 -30.3026 0.2985 0.5545 1.3316 0.0000 -0.0001 0.0001 0.0000 0.0000 0.0000 0.0000 -0.0006 0.0003 0.0000 -0.0001 0.0001 0.0000 0.0000 0.0000 0.0000 0.0000 0.0000 0.0000 0.0007 0.0001 0.0000 -0.0012 0.0001 0.0000 -0.0008 0.0003 0.0000 0.0001 0.0000 0.0000 0.0000 0.0000 0.0000 -0.0009 0.0000 0.0000 0.0002 -29.9997 -0.0001 -0.0003 29.9996 0.0000 0.0000 0.0000 -1.1787 1.3638 177.6013 -12.0675 -8.7363 -1.6776 -0.7127 73.4043 11.1975 0.0000 25.3510 0.0000 1.0338 -6.4136 176.3243 0.0000 0.0001 -0.0827 4.6439 56.9538 7.2284 0.0000 25.3508 -0.0001 
12.9701 95.6825 -17.2370 0.7007 -2.2483 0.2089 -0.1178 1.1827 -0.3521 -0.1178 1.1829 -0.3522 -0.1181 1.1863 -0.3532 43.0431 84.0267 -57.0976 94.3633 57.6998 122.9356 23.8735 4.1240 38.7144 -0.5077 1.2287 -1.9824 0.0000 0.0000 0.0001 0.0000 0.0000 0.0000 0.0000 -0.0013 -0.0008 0.0000 -0.0004 0.0001 0.0000 0.0000 0.0000 0.0000 0.0000 0.0000 0.0000 0.0003 -0.0001 0.0000 -0.0006 0.0003 0.0000 0.0004 -0.0006 0.0000 0.0000 0.0001 0.0000 0.0000 0.0000 0.0000 -0.0010 -0.0002 0.0000 0.0003 30.0001 -0.0001 0.0005 -29.9998 0.0000 0.0000 0.0000 1.9882 1.7615 0.7254 1.9882 1.7615 0.7254 -36.4902 83.6140 69.8990 -99.8498 57.6093 -119.4644 -20.9809 12.4846 -30.9916 0.3156 0.5780 1.4138 0.0000 -0.0001 0.0001 0.0000 0.0000 0.0000 0.0000 -0.0006 0.0003 0.0000 -0.0001 0.0001 0.0000 0.0000 0.0000 0.0000 0.0000 0.0000 0.0000 0.0007 0.0001 0.0000 -0.0012 0.0001 0.0000 -0.0008 0.0003 0.0000 0.0001 0.0000 0.0000 0.0000 0.0000 0.0000 -0.0008 0.0000 0.0000 0.0002 -29.9996 -0.0001 -0.0003 29.9996 0.0000 0.0000 0.0000 -1.2465 1.4227 177.5283 -12.1142 -8.6481 -1.6893 -0.4939 73.3134 11.5212 0.0000 25.3510 0.0000 0.9667 -6.4077 176.2156 0.0000 0.0001 -0.0827 4.6459 56.9000 7.4073 0.0000 25.3508 -0.0001 
13.1059 95.6458 -17.3449 0.6268 -2.3276 0.2395 -0.1123 1.1460 -0.3780 -0.1124 1.1461 -0.3780 -0.1127 1.1495 -0.3791 42.8728 83.9748 -57.2085 94.3263 57.6595 123.7910 23.4148 3.7510 39.2053 -0.5286 1.2769 -2.0804 0.0000 0.0000 0.0001 0.0000 0.0000 0.0000 0.0000 -0.0013 -0.0008 0.0000 -0.0004 0.0001 0.0000 0.0000 0.0000 0.0000 0.0000 0.0000 0.0000 0.0002 0.0000 0.0000 -0.0006 0.0003 0.0000 0.0004 -0.0006 0.0000 0.0000 0.0001 0.0000 0.0000 0.0000 0.0000 -0.0010 -0.0002 0.0000 0.0002 30.0001 -0.0001 0.0005 -29.9998 0.0000 0.0000 0.0000 1.9825 1.8615 0.7215 1.9825 1.8615 0.7215 -35.9252 83.4833 70.4876 -99.7219 57.5987 -120.1455 -20.8178 12.2375 -31.6989 0.3342 0.6040 1.5023 0.0000 -0.0001 0.0001 0.0000 0.0000 0.0000 0.0000 -0.0006 0.0003 0.0000 -0.0001 0.0001 0.0000 0.0000 0.0000 0.0000 0.0000 0.0000 0.0000 0.0007 0.0001 0.0000 -0.0012 0.0001 0.0000 -0.0008 0.0003 0.0000 0.0001 0.0000 0.0000 0.0000 0.0000 0.0000 -0.0009 0.0000 0.0000 0.0002 -29.9996 -0.0001 -0.0003 29.9996 0.0000 0.0000 0.0000 -1.2922 1.4675 177.4714 -12.1816 -8.5889 -1.6938 -0.3446 73.2418 11.7365 0.0000 25.3510 0.0000 0.9171 -6.4113 176.1109 0.0000 0.0000 -0.0827 4.6800 56.8407 7.6121 0.0000 25.3508 -0.0001 
13.2404 95.6089 -17.4538 0.5438 -2.4024 0.2605 -0.1021 1.1174 -0.3960 -0.1021 1.1176 -0.3960 -0.1024 1.1208 -0.3972 42.6021 83.9176 -57.4068 94.2717 57.6133 124.6341 22.9179 3.3564 39.7361 -0.5502 1.3269 -2.1829 0.0000 0.0000 0.0001 0.0000 0.0000 0.0000 0.0000 -0.0013 -0.0008 0.0000 -0.0004 0.0001 0.0000 0.0000 0.0000 0.0000 0.0000 0.0000 0.0000 0.0003 0.0000 0.0000 -0.0006 0.0003 0.0000 0.0004 -0.0006 0.0000 0.0000 0.0001 0.0000 0.0000 0.0000 0.0000 -0.0010 -0.0002 0.0000 0.0002 30.0001 -0.0001 0.0005 -29.9998 0.0000 0.0000 0.0000 1.9840 1.9350 0.7011 1.9840 1.9350 0.7011 -35.3066 83.3405 71.1246 -99.5361 57.5884 -120.7988 -20.6364 11.9946 -32.4043 0.3543 0.6328 1.5966 0.0000 -0.0001 0.0001 0.0000 0.0000 0.0000 0.0000 -0.0006 0.0003 0.0000 -0.0001 0.0001 0.0000 0.0000 0.0000 0.0000 0.0000 0.0000 0.0000 0.0007 0.0001 0.0000 -0.0012 0.0001 0.0000 -0.0008 0.0003 0.0000 0.0001 0.0000 0.0000 0.0000 0.0000 0.0000 -0.0009 0.0000 0.0000 0.0002 -29.9997 -0.0001 -0.0003 29.9996 0.0000 0.0000 0.0000 -1.3109 1.4983 177.4339 -12.2544 -8.5589 -1.7024 -0.2302 73.1886 11.8895 0.0000 25.3510 0.0000 0.8829 -6.4208 176.0160 0.0000 0.0001 -0.0827 4.7318 56.7785 7.8275 0.0000 25.3508 -0.0001 
13.3650 95.5710 -17.5614 0.4458 -2.4747 0.2666 -0.0863 1.1052 -0.4029 -0.0863 1.1053 -0.4029 -0.0866 1.1085 -0.4041 42.2033 83.8491 -57.7159 94.1427 57.5429 125.3663 22.3483 2.9106 40.3959 -0.5737 1.3799 -2.2919 0.0000 0.0000 0.0001 0.0000 0.0000 0.0000 0.0000 -0.0013 -0.0008 0.0000 -0.0004 0.0001 0.0000 0.0000 0.0000 0.0000 0.0000 0.0000 0.0000 0.0003 0.0000 0.0000 -0.0006 0.0003 0.0000 0.0004 -0.0006 0.0000 0.0000 0.0001 0.0000 0.0000 0.0000 0.0000 -0.0010 -0.0002 0.0000 0.0002 30.0001 -0.0001 0.0005 -29.9998 0.0000 0.0000 0.0000 2.0014 1.9649 0.6626 2.0014 1.9649 0.6626 -34.5967 83.1786 71.8439 -99.2822 57.5780 -121.3824 -20.4323 11.7664 -33.0976 0.3757 0.6639 1.6947 0.0000 -0.0001 0.0001 0.0000 0.0000 0.0000 0.0000 -0.0006 0.0003 0.0000 -0.0001 0.0001 0.0000 0.0000 0.0000 0.0000 0.0000 0.0000 0.0000 0.0007 0.0001 0.0000 -0.0012 0.0001 0.0000 -0.0008 0.0003 0.0000 0.0001 0.0000 0.0000 0.0000 0.0000 0.0000 -0.0009 0.0000 0.0000 0.0002 -29.9996 -0.0001 -0.0003 29.9996 0.0000 0.0000 0.0000 -1.2864 1.5088 177.4180 -12.3148 -8.5736 -1.7182 -0.1272 73.1610 12.0166 0.0000 25.3510 0.0000 0.8711 -6.4334 175.9423 0.0000 0.0000 -0.0827 4.7910 56.7136 8.0374 0.0000 25.3508 -0.0001 
13.4783 95.5326 -17.6686 0.3356 -2.5466 0.2603 -0.0687 1.1074 -0.4014 -0.0688 1.1076 -0.4015 -0.0690 1.1108 -0.4026 41.7358 83.7699 -58.0901 93.9472 57.4485 125.9681 21.7436 2.4750 41.0697 -0.5969 1.4318 -2.3987 0.0000 0.0000 0.0001 0.0000 0.0000 0.0000 0.0000 -0.0013 -0.0008 0.0000 -0.0004 0.0001 0.0000 0.0000 0.0000 0.0000 0.0000 0.0000 0.0000 0.0002 0.0000 0.0000 -0.0006 0.0003 0.0000 0.0004 -0.0006 0.0000 0.0000 0.0001 0.0000 0.0000 0.0000 0.0000 -0.0010 -0.0002 0.0000 0.0002 30.0001 -0.0001 0.0005 -29.9998 0.0000 0.0000 0.0000 2.0370 1.9582 0.6158 2.0370 1.9582 0.6158 -33.8755 83.0060 72.5618 -99.0453 57.5647 -121.8746 -20.2271 11.5118 -33.8128 0.3969 0.6950 1.7912 0.0000 -0.0001 0.0001 0.0000 0.0000 0.0000 0.0000 -0.0006 0.0003 0.0000 -0.0001 0.0001 0.0000 0.0000 0.0000 0.0000 0.0000 0.0000 0.0000 0.0007 0.0001 0.0000 -0.0011 0.0001 0.0000 -0.0008 0.0003 0.0000 0.0001 0.0000 0.0000 0.0000 0.0000 0.0000 -0.0009 0.0000 0.0000 0.0002 -29.9996 -0.0001 -0.0003 29.9996 0.0000 0.0000 0.0000 -1.2308 1.5023 177.4120 -12.3518 -8.6284 -1.7351 -0.0089 73.1524 12.1716 0.0000 25.3510 0.0000 0.8789 -6.4473 175.8879 0.0000 0.0001 -0.0827 4.8454 56.6452 8.2282 0.0000 25.3508 -0.0001 
13.5814 95.4914 -17.7767 0.2182 -2.6196 0.2431 -0.0519 1.1221 -0.3931 -0.0519 1.1222 -0.3931 -0.0520 1.1255 -0.3942 41.2442 83.6831 -58.4922 93.7114 57.3388 126.4619 21.1311 2.0453 41.7424 -0.6195 1.4823 -2.5019 0.0000 0.0000 0.0001 0.0000 0.0000 0.0000 0.0000 -0.0013 -0.0008 0.0000 -0.0004 0.0001 0.0000 0.0000 0.0000 0.0000 0.0000 0.0000 0.0000 0.0003 0.0000 0.0000 -0.0006 0.0003 0.0000 0.0004 -0.0006 0.0000 0.0000 0.0001 0.0000 0.0000 0.0000 0.0000 -0.0010 -0.0002 0.0000 0.0002 30.0001 -0.0001 0.0005 -29.9998 0.0000 0.0000 0.0000 2.0888 1.9218 0.5657 2.0888 1.9218 0.5657 -33.1833 82.8321 73.2373 -98.8113 57.5503 -122.3176 -20.0098 11.2622 -34.4936 0.4177 0.7258 1.8859 0.0000 -0.0001 0.0001 0.0000 0.0000 0.0000 0.0000 -0.0006 0.0002 0.0000 -0.0001 0.0001 0.0000 0.0000 0.0000 0.0000 0.0000 0.0000 0.0000 0.0007 0.0001 0.0000 -0.0012 0.0001 0.0000 -0.0008 0.0003 0.0000 0.0001 0.0000 0.0000 0.0000 0.0000 0.0000 -0.0008 0.0000 0.0000 0.0002 -29.9996 -0.0001 -0.0003 29.9996 0.0000 0.0000 0.0000 -1.1610 1.4839 177.4158 -12.3724 -8.7182 -1.7529 0.1230 73.1586 12.3571 0.0000 25.3510 0.0000 0.8984 -6.4619 175.8511 0.0000 0.0001 -0.0827 4.8907 56.5724 8.3986 0.0000 25.3508 -0.0001 
13.6644 95.4484 -17.8796 0.0988 -2.6951 0.2087 -0.0386 1.1504 -0.3761 -0.0386 1.1505 -0.3761 -0.0387 1.1539 -0.3772 40.8618 83.6020 -58.8000 93.4495 57.2209 126.8186 20.5482 1.6499 42.3800 -0.6400 1.5278 -2.5949 0.0000 0.0000 0.0001 0.0000 0.0000 0.0000 0.0000 -0.0013 -0.0008 0.0000 -0.0004 0.0001 0.0000 0.0000 0.0000 0.0000 0.0000 0.0000 0.0000 0.0003 0.0000 0.0000 -0.0006 0.0003 0.0000 0.0004 -0.0006 0.0000 0.0000 0.0001 0.0000 0.0000 0.0000 0.0000 -0.0010 -0.0002 0.0000 0.0002 30.0001 -0.0001 0.0005 -29.9998 0.0000 0.0000 0.0000 2.1569 1.8560 0.5197 2.1569 1.8560 0.5197 -32.5638 82.6720 73.8242 -98.5961 57.5448 -122.7250 -19.8026 11.0278 -35.0715 0.4378 0.7574 1.9759 0.0000 -0.0001 0.0001 0.0000 0.0000 0.0000 0.0000 -0.0006 0.0003 0.0000 -0.0001 0.0001 0.0000 0.0000 0.0000 0.0000 0.0000 0.0000 0.0000 0.0007 0.0001 0.0000 -0.0012 0.0001 0.0000 -0.0008 0.0003 0.0000 0.0001 0.0000 0.0000 0.0000 0.0000 0.0000 -0.0008 0.0000 0.0000 0.0002 -29.9996 -0.0001 -0.0003 29.9996 0.0000 0.0000 0.0000 -1.0919 1.4597 177.4312 -12.3804 -8.8457 -1.7632 0.2584 73.1839 12.5683 0.0000 25.3510 0.0000 0.9183 -6.4805 175.8452 -0.0002 -0.0163 -0.0827 4.9105 56.5064 8.5349 0.0000 25.3508 -0.0001 
13.7303 95.4058 -17.9654 -0.0188 -2.7692 0.1640 -0.0294 1.1818 -0.3545 -0.0294 1.1820 -0.3545 -0.0295 1.1854 -0.3555 40.6118 83.5393 -58.9890 93.2161 57.1211 127.0869 20.0348 1.3094 42.9431 -0.6573 1.5657 -2.6747 0.0000 0.0000 0.0001 0.0000 0.0000 0.0000 0.0000 -0.0013 -0.0008 0.0000 -0.0004 0.0001 0.0000 0.0000 0.0000 0.0000 0.0000 0.0000 0.0000 0.0002 -0.0001 0.0000 -0.0006 0.0003 0.0000 0.0004 -0.0006 0.0000 0.0000 0.0001 0.0000 0.0000 0.0000 0.0000 -0.0010 -0.0002 0.0000 0.0003 30.0001 -0.0001 0.0005 -29.9998 0.0000 0.0000 0.0000 2.2316 1.7798 0.4830 2.2316 1.7798 0.4830 -32.0858 82.5401 74.2634 -98.4620 57.5458 -123.0833 -19.6218 10.7856 -35.5600 0.4544 0.7850 2.0530 0.0000 -0.0001 0.0001 0.0000 0.0000 0.0000 0.0000 -0.0006 0.0003 0.0000 -0.0001 0.0001 0.0000 0.0000 0.0000 0.0000 0.0000 0.0000 0.0000 0.0007 0.0001 0.0000 -0.0012 0.0001 0.0000 -0.0008 0.0003 0.0000 0.0001 0.0000 0.0000 0.0000 0.0000 0.0000 -0.0008 0.0000 0.0000 0.0002 -29.9996 -0.0001 -0.0003 29.9996 0.0000 0.0000 0.0000 -1.0337 1.4417 177.4485 -12.3870 -8.9830 -1.7613 0.3815 73.2227 12.7784 0.0000 25.3511 0.0000 0.9403 -6.6447 175.8611 -0.0038 -0.3419 -0.0827 4.9282 56.6026 8.6670 0.0000 25.3508 -0.0001 
13.7811 95.3643 -18.0292 -0.1357 -2.8387 0.1143 -0.0228 1.2111 -0.3306 -0.0228 1.2113 -0.3307 -0.0229 1.2147 -0.3316 40.4709 83.4969 -59.0795 93.0437 57.0452 127.2918 19.6146 1.0191 43.4124 -0.6672 1.5870 -2.7349 0.0000 0.0000 0.0001 0.0000 0.0000 0.0000 0.0000 -0.0013 -0.0008 0.0000 -0.0004 0.0001 0.0000 0.0000 0.0000 0.0000 0.0000 0.0000 0.0000 0.0002 0.0000 0.0000 -0.0006 0.0003 0.0000 0.0004 -0.0006 0.0000 0.0000 0.0001 0.0000 0.0000 0.0000 0.0000 -0.0010 -0.0002 0.0000 0.0002 30.0001 -0.0001 0.0005 -29.9998 0.0000 0.0000 0.0000 2.3065 1.7038 0.4550 2.3065 1.7038 0.4550 -31.7614 82.4426 74.5465 -98.4281 57.5575 -123.3996 -19.4764 10.5375 -35.9585 0.4664 0.8064 2.1138 0.0000 -0.0001 0.0001 0.0000 0.0000 0.0000 0.0000 -0.0006 0.0003 0.0000 -0.0001 0.0001 0.0000 0.0000 0.0000 0.0000 0.0000 0.0000 0.0000 0.0007 0.0001 0.0000 -0.0012 0.0001 0.0000 -0.0008 0.0003 0.0000 0.0001 0.0000 0.0000 0.0000 0.0000 0.0000 -0.0009 0.0000 0.0000 0.0002 -29.9997 -0.0001 -0.0003 29.9996 0.0000 0.0000 0.0000 -0.9840 1.4344 177.4650 -12.3928 -9.1154 -1.7533 0.4900 73.2695 12.9803 0.0000 25.3510 0.0000 0.9742 -7.0249 175.8905 -0.0127 -1.1189 -0.0826 4.9609 56.9364 8.8107 0.0000 25.3508 -0.0001 
13.8112 95.3283 -18.0620 -0.2484 -2.8974 0.0620 -0.0192 1.2311 -0.3061 -0.0193 1.2313 -0.3062 -0.0193 1.2348 -0.3070 40.4862 83.4855 -59.0241 92.9973 57.0031 127.4128 19.3566 0.8067 43.7117 -0.6596 1.5696 -2.7554 0.0000 0.0000 0.0001 0.0000 0.0000 0.0000 0.0000 -0.0013 -0.0008 0.0000 -0.0004 0.0001 0.0000 0.0000 0.0000 0.0000 0.0000 0.0000 0.0000 0.0002 0.0000 0.0000 -0.0006 0.0003 0.0000 0.0004 -0.0006 0.0000 0.0000 0.0001 0.0000 0.0000 0.0000 0.0000 -0.0010 -0.0002 0.0000 0.0003 30.0001 -0.0001 0.0005 -29.9998 0.0000 0.0000 0.0000 2.3731 1.6491 0.4386 2.3731 1.6491 0.4386 -31.6431 82.4053 74.6234 -98.5191 57.5973 -123.7043 -19.3819 10.3302 -36.1352 0.4715 0.8181 2.1499 0.0000 -0.0001 0.0001 0.0000 0.0000 0.0000 0.0000 -0.0006 0.0002 0.0000 -0.0001 0.0001 0.0000 0.0000 0.0000 0.0000 0.0000 0.0000 0.0000 0.0007 0.0001 0.0000 -0.0012 0.0001 0.0000 -0.0008 0.0003 0.0000 0.0001 0.0000 0.0000 0.0000 0.0000 0.0000 -0.0009 0.0000 0.0000 0.0002 -29.9997 -0.0001 -0.0003 29.9996 0.0000 0.0000 0.0000 -0.9491 1.4516 177.4839 -12.3993 -9.2216 -1.7470 0.5691 73.3234 13.1543 0.0000 25.3510 0.0000 1.0258 -7.5828 175.9333 -0.0263 -2.2732 -0.0822 5.0107 57.4766 8.9541 0.0000 25.3508 -0.0001 
13.8219 95.2954 -18.0798 -0.3541 -2.9440 0.0086 -0.0177 1.2405 -0.2820 -0.0177 1.2407 -0.2820 -0.0178 1.2443 -0.2829 40.6204 83.4962 -58.8574 93.0246 57.0190 127.4799 19.2249 0.6710 43.8452 -0.6558 1.5634 -2.7669 0.0000 0.0000 0.0001 0.0000 0.0000 0.0000 0.0000 -0.0013 -0.0008 0.0000 -0.0004 0.0001 0.0000 0.0000 0.0000 0.0000 0.0000 0.0000 0.0000 0.0002 0.0000 0.0000 -0.0006 0.0003 0.0000 0.0004 -0.0006 0.0000 0.0000 0.0001 0.0000 0.0000 0.0000 0.0000 -0.0010 -0.0002 0.0000 0.0002 30.0001 -0.0001 0.0005 -29.9998 0.0000 0.0000 0.0000 2.4263 1.6250 0.4293 2.4263 1.6250 0.4293 -31.6491 82.4135 74.5828 -98.7076 57.6533 -123.9666 -19.3392 10.1618 -36.1338 0.4705 0.8209 2.1630 0.0000 -0.0001 0.0001 0.0000 0.0000 0.0000 0.0000 -0.0006 0.0003 0.0000 -0.0001 0.0001 0.0000 0.0000 0.0000 0.0000 0.0000 0.0000 0.0000 0.0007 0.0001 0.0000 -0.0012 0.0001 0.0000 -0.0008 0.0003 0.0000 0.0001 0.0000 0.0000 0.0000 0.0000 0.0000 -0.0009 0.0000 0.0000 0.0002 -29.9997 -0.0001 -0.0003 29.9996 0.0000 0.0000 0.0000 -0.9279 1.4894 177.5075 -12.4205 -9.2983 -1.7411 0.6242 73.3812 13.2872 0.0000 25.3510 0.0000 1.0857 -8.0870 175.9875 -0.0389 -3.3185 -0.0816 5.0577 57.9714 9.0666 0.0000 25.3508 -0.0001 
13.8185 95.2654 -18.0876 -0.4527 -2.9778 -0.0451 -0.0184 1.2416 -0.2581 -0.0184 1.2418 -0.2581 -0.0185 1.2453 -0.2589 40.8480 83.5220 -58.6060 93.1180 57.0812 127.4912 19.1990 0.6047 43.8381 -0.6554 1.5668 -2.7705 0.0000 0.0000 0.0001 0.0000 0.0000 0.0000 0.0000 -0.0013 -0.0008 0.0000 -0.0004 0.0001 0.0000 0.0000 0.0000 0.0000 0.0000 0.0000 0.0000 0.0002 0.0000 0.0000 -0.0006 0.0003 0.0000 0.0004 -0.0006 0.0000 0.0000 0.0001 0.0000 0.0000 0.0000 0.0000 -0.0010 -0.0002 0.0000 0.0002 30.0001 -0.0001 0.0005 -29.9998 0.0000 0.0000 0.0000 2.4678 1.6260 0.4242 2.4678 1.6260 0.4242 -31.7319 82.4536 74.4724 -98.9618 57.7175 -124.1600 -19.3389 10.0429 -35.9862 0.4645 0.8159 2.1556 0.0000 -0.0001 0.0001 0.0000 0.0000 0.0000 0.0000 -0.0006 0.0003 0.0000 -0.0001 0.0001 0.0000 0.0000 0.0000 0.0000 0.0000 0.0000 0.0000 0.0007 0.0001 0.0000 -0.0011 0.0001 0.0000 -0.0008 0.0003 0.0000 0.0001 0.0000 0.0000 0.0000 0.0000 0.0000 -0.0009 0.0000 0.0000 0.0002 -29.9996 -0.0001 -0.0003 29.9996 0.0000 0.0000 0.0000 -0.9172 1.5403 177.5329 -12.4603 -9.3484 -1.7329 0.6676 73.4393 13.3876 0.0000 25.3510 0.0000 1.1515 -8.4706 176.0492 -0.0484 -4.1126 -0.0810 5.1008 58.3474 9.1460 0.0000 25.3508 -0.0001 
13.8047 95.2385 -18.0782 -0.5381 -2.9917 -0.0984 -0.0245 1.2353 -0.2341 -0.0245 1.2355 -0.2342 -0.0246 1.2390 -0.2348 41.1671 83.5632 -58.2845 93.2875 57.1980 127.4128 19.3074 0.6596 43.6296 -0.6601 1.5829 -2.7636 0.0000 0.0000 0.0001 0.0000 0.0000 0.0000 0.0000 -0.0013 -0.0008 0.0000 -0.0004 0.0001 0.0000 0.0000 0.0000 0.0000 0.0000 0.0000 0.0000 0.0002 0.0000 0.0000 -0.0006 0.0003 0.0000 0.0004 -0.0006 0.0000 0.0000 0.0001 0.0000 0.0000 0.0000 0.0000 -0.0010 -0.0002 0.0000 0.0003 30.0001 -0.0001 0.0005 -29.9998 0.0000 0.0000 0.0000 2.4963 1.6501 0.4223 2.4963 1.6501 0.4223 -31.9165 82.5262 74.2660 -99.2797 57.8066 -124.2290 -19.4137 10.0240 -35.6511 0.4529 0.8007 2.1200 0.0000 -0.0001 0.0001 0.0000 0.0000 0.0000 0.0000 -0.0006 0.0003 0.0000 -0.0001 0.0001 0.0000 0.0000 0.0000 0.0000 0.0000 0.0000 0.0000 0.0007 0.0001 0.0000 -0.0012 0.0001 0.0000 -0.0008 0.0003 0.0000 0.0001 0.0000 0.0000 0.0000 0.0000 0.0000 -0.0008 0.0000 0.0000 0.0002 -29.9997 -0.0001 -0.0003 29.9996 0.0000 0.0000 0.0000 -0.9265 1.6001 177.5603 -12.5282 -9.3635 -1.7224 0.7021 73.4918 13.4525 0.0000 25.3510 0.0000 1.2306 -8.7713 176.1130 -0.0559 -4.7296 -0.0804 5.1687 58.6463 9.2128 0.0000 25.3508 -0.0001 
13.7890 95.2168 -18.0517 -0.6077 -2.9909 -0.1535 -0.0336 1.2282 -0.2113 -0.0336 1.2284 -0.2113 -0.0337 1.2320 -0.2119 41.5312 83.6086 -57.9339 93.5197 57.3064 127.2378 19.5044 0.8315 43.2610 -0.6509 1.5653 -2.7227 0.0000 0.0000 0.0001 0.0000 0.0000 0.0000 0.0000 -0.0013 -0.0008 0.0000 -0.0004 0.0001 0.0000 0.0000 0.0000 0.0000 0.0000 0.0000 0.0000 0.0003 0.0000 0.0000 -0.0006 0.0003 0.0000 0.0004 -0.0006 0.0000 0.0000 0.0001 0.0000 0.0000 0.0000 0.0000 -0.0010 -0.0002 0.0000 0.0002 30.0001 -0.0001 0.0005 -29.9998 0.0000 0.0000 0.0000 2.5102 1.6808 0.4249 2.5102 1.6808 0.4249 -32.1640 82.6164 74.0012 -99.6146 57.9283 -124.1721 -19.5619 10.0870 -35.2080 0.4381 0.7793 2.0651 0.0000 -0.0001 0.0001 0.0000 0.0000 0.0000 0.0000 -0.0006 0.0003 0.0000 -0.0001 0.0001 0.0000 0.0000 0.0000 0.0000 0.0000 0.0000 0.0000 0.0007 0.0001 0.0000 -0.0012 0.0001 0.0000 -0.0008 0.0003 0.0000 0.0001 0.0000 0.0000 0.0000 0.0000 0.0000 -0.0009 0.0000 0.0000 0.0002 -29.9997 -0.0001 -0.0003 29.9996 0.0000 0.0000 0.0000 -0.9408 1.6600 177.5883 -12.5936 -9.3575 -1.7074 0.7266 73.5379 13.4980 0.0000 25.3510 0.0000 1.3162 -9.0162 176.1756 -0.0624 -5.2340 -0.0799 5.2720 58.9001 9.2874 0.0000 25.3508 -0.0001 
13.7716 95.1994 -18.0128 -0.6595 -2.9772 -0.2113 -0.0448 1.2221 -0.1906 -0.0448 1.2223 -0.1906 -0.0449 1.2258 -0.1912 41.9440 83.6544 -57.5465 93.7754 57.4016 126.9709 19.7728 1.1069 42.7582 -0.6330 1.5258 -2.6562 0.0000 0.0000 0.0001 0.0000 0.0000 0.0000 0.0000 -0.0013 -0.0008 0.0000 -0.0004 0.0001 0.0000 0.0000 0.0000 0.0000 0.0000 0.0000 0.0000 0.0002 0.0000 0.0000 -0.0006 0.0003 0.0000 0.0004 -0.0006 0.0000 0.0000 0.0001 0.0000 0.0000 0.0000 0.0000 -0.0010 -0.0002 0.0000 0.0002 30.0001 -0.0001 0.0005 -29.9998 0.0000 0.0000 0.0000 2.5108 1.7022 0.4342 2.5108 1.7022 0.4342 -32.4560 82.7137 73.7005 -99.9353 58.0611 -123.9815 -19.7567 10.2146 -34.6895 0.4213 0.7538 1.9952 0.0000 -0.0001 0.0001 0.0000 0.0000 0.0000 0.0000 -0.0006 0.0003 0.0000 -0.0001 0.0001 0.0000 0.0000 0.0000 0.0000 0.0000 0.0000 0.0000 0.0007 0.0001 0.0000 -0.0012 0.0001 0.0000 -0.0008 0.0003 0.0000 0.0001 0.0000 0.0000 0.0000 0.0000 0.0000 -0.0008 0.0000 0.0000 0.0002 -29.9996 -0.0001 -0.0003 29.9996 0.0000 0.0000 0.0000 -0.9540 1.7147 177.6187 -12.6424 -9.3412 -1.6890 0.7413 73.5796 13.5315 0.0000 25.3510 0.0000 1.4057 -9.2139 176.2377 -0.0680 -5.6412 -0.0794 5.4193 59.1140 9.3764 0.0000 25.3508 -0.0001 
13.7456 95.1877 -17.9647 -0.6823 -2.9447 -0.2754 -0.0589 1.2191 -0.1723 -0.0589 1.2193 -0.1723 -0.0591 1.2228 -0.1728 42.4051 83.6987 -57.1242 94.0058 57.4802 126.5543 20.1484 1.5063 42.1015 -0.6119 1.4774 -2.5661 0.0000 0.0000 0.0001 0.0000 0.0000 0.0000 0.0000 -0.0013 -0.0008 0.0000 -0.0004 0.0001 0.0000 0.0000 0.0000 0.0000 0.0000 0.0000 0.0000 0.0003 0.0000 0.0000 -0.0006 0.0003 0.0000 0.0004 -0.0006 0.0000 0.0000 0.0001 0.0000 0.0000 0.0000 0.0000 -0.0010 -0.0002 0.0000 0.0003 30.0001 -0.0001 0.0005 -29.9998 0.0000 0.0000 0.0000 2.4956 1.6908 0.4517 2.4956 1.6908 0.4517 -32.8436 82.8110 73.3245 -100.2019 58.1679 -123.5927 -19.9791 10.4197 -34.0725 0.4020 0.7238 1.9075 0.0000 -0.0001 0.0001 0.0000 0.0000 0.0000 0.0000 -0.0006 0.0003 0.0000 -0.0001 0.0001 0.0000 0.0000 0.0000 0.0000 0.0000 0.0000 0.0000 0.0007 0.0001 0.0000 -0.0012 0.0001 0.0000 -0.0008 0.0003 0.0000 0.0001 0.0000 0.0000 0.0000 0.0000 0.0000 -0.0009 0.0000 0.0000 0.0002 -29.9996 -0.0001 -0.0003 29.9996 0.0000 0.0000 0.0000 -0.9644 1.7566 177.6582 -12.6594 -9.3226 -1.6697 0.7486 73.6200 13.5588 0.0000 25.3510 0.0000 1.4989 -9.3739 176.3047 -0.0728 -5.9572 -0.0789 5.6437 59.2915 9.4959 0.0000 25.3508 -0.0001 
13.7045 95.1794 -17.9147 -0.6808 -2.8983 -0.3460 -0.0754 1.2189 -0.1536 -0.0754 1.2191 -0.1536 -0.0757 1.2226 -0.1540 42.8522 83.7400 -56.7228 94.1837 57.5315 126.0107 20.6015 1.9781 41.3648 -0.5894 1.4252 -2.4611 0.0000 0.0000 0.0001 0.0000 0.0000 0.0000 0.0000 -0.0013 -0.0008 0.0000 -0.0004 0.0001 0.0000 0.0000 0.0000 0.0000 0.0000 0.0000 0.0000 0.0002 0.0000 0.0000 -0.0006 0.0003 0.0000 0.0004 -0.0006 0.0000 0.0000 0.0001 0.0000 0.0000 0.0000 0.0000 -0.0010 -0.0002 0.0000 0.0002 30.0001 -0.0001 0.0005 -29.9998 0.0000 0.0000 0.0000 2.4725 1.6477 0.4681 2.4725 1.6477 0.4681 -33.3547 82.9051 72.8387 -100.3941 58.2363 -123.0542 -20.1795 10.6838 -33.3788 0.3829 0.6946 1.8137 0.0000 -0.0001 0.0001 0.0000 0.0000 0.0000 0.0000 -0.0006 0.0003 0.0000 -0.0001 0.0001 0.0000 0.0000 0.0000 0.0000 0.0000 0.0000 0.0000 0.0007 0.0001 0.0000 -0.0012 0.0001 0.0000 -0.0008 0.0003 0.0000 0.0001 0.0000 0.0000 0.0000 0.0000 0.0000 -0.0009 0.0000 0.0000 0.0002 -29.9997 -0.0001 -0.0003 29.9996 0.0000 0.0000 0.0000 -0.9659 1.7861 177.7057 -12.6467 -9.3133 -1.6485 0.7568 73.6669 13.5846 0.0000 25.3510 0.0000 1.5906 -9.5217 176.3814 -0.0771 -6.2304 -0.0785 5.9117 59.4513 9.6304 0.0000 25.3508 -0.0001 
13.6502 95.1740 -17.8597 -0.6599 -2.8407 -0.4205 -0.0923 1.2211 -0.1353 -0.0923 1.2213 -0.1354 -0.0925 1.2248 -0.1357 43.2484 83.7745 -56.3757 94.3122 57.5443 125.3703 21.1042 2.4872 40.5814 -0.5661 1.3718 -2.3466 0.0000 0.0000 0.0001 0.0000 0.0000 0.0000 0.0000 -0.0013 -0.0008 0.0000 -0.0004 0.0001 0.0000 0.0000 0.0000 0.0000 0.0000 0.0000 0.0000 0.0002 0.0000 0.0000 -0.0006 0.0003 0.0000 0.0004 -0.0006 0.0000 0.0000 0.0001 0.0000 0.0000 0.0000 0.0000 -0.0010 -0.0002 0.0000 0.0002 30.0001 -0.0001 0.0005 -29.9998 0.0000 0.0000 0.0000 2.4434 1.5786 0.4821 2.4434 1.5786 0.4821 -33.9318 82.9958 72.2986 -100.5093 58.2660 -122.3887 -20.3420 10.9992 -32.6360 0.3639 0.6653 1.7168 0.0000 -0.0001 0.0001 0.0000 0.0000 0.0000 0.0000 -0.0006 0.0003 0.0000 -0.0001 0.0001 0.0000 0.0000 0.0000 0.0000 0.0000 0.0000 0.0000 0.0007 0.0001 0.0000 -0.0012 0.0001 0.0000 -0.0008 0.0003 0.0000 0.0001 0.0000 0.0000 0.0000 0.0000 0.0000 -0.0009 0.0000 0.0000 0.0002 -29.9996 -0.0001 -0.0003 29.9996 0.0000 0.0000 0.0000 -0.9552 1.8025 177.7583 -12.6103 -9.3179 -1.6238 0.7691 73.7233 13.6077 0.0000 25.3511 0.0000 1.6807 -9.6607 176.4655 -0.0811 -6.4756 -0.0781 6.2059 59.6001 9.7698 0.0000 25.3508 -0.0001 
13.5845 95.1716 -17.7887 -0.6144 -2.7683 -0.4964 -0.1103 1.2263 -0.1195 -0.1103 1.2264 -0.1196 -0.1106 1.2300 -0.1199 43.5421 83.7967 -56.1401 94.3784 57.4977 124.6349 21.6651 3.0052 39.7674 -0.5425 1.3194 -2.2245 0.0000 0.0000 0.0001 0.0000 0.0000 0.0000 0.0000 -0.0013 -0.0008 0.0000 -0.0004 0.0001 0.0000 0.0000 0.0000 0.0000 0.0000 0.0000 0.0000 0.0002 0.0000 0.0000 -0.0006 0.0003 0.0000 0.0004 -0.0006 0.0000 0.0000 0.0001 0.0000 0.0000 0.0000 0.0000 -0.0010 -0.0002 0.0000 0.0002 30.0001 -0.0001 0.0005 -29.9998 0.0000 0.0000 0.0000 2.4118 1.4797 0.4916 2.4118 1.4796 0.4916 -34.4499 83.0690 71.8322 -100.5095 58.2248 -121.5602 -20.4333 11.3727 -31.8663 0.3452 0.6356 1.6177 0.0000 -0.0001 0.0001 0.0000 0.0000 0.0000 0.0000 -0.0006 0.0003 0.0000 -0.0001 0.0001 0.0000 0.0000 0.0000 0.0000 0.0000 0.0000 0.0000 0.0007 0.0001 0.0000 -0.0011 0.0001 0.0000 -0.0008 0.0003 0.0000 0.0001 0.0000 0.0000 0.0000 0.0000 0.0000 -0.0009 0.0000 0.0000 0.0002 -29.9997 -0.0001 -0.0003 29.9996 0.0000 0.0000 0.0000 -0.9287 1.8005 177.8181 -12.5445 -9.3430 -1.5993 0.7870 73.7924 13.6264 0.0000 25.3510 0.0000 1.7734 -9.7838 176.5531 -0.0852 -6.6877 -0.0777 6.5265 59.7404 9.9049 0.0000 25.3508 -0.0001 
13.5113 95.1722 -17.6986 -0.5533 -2.6844 -0.5717 -0.1328 1.2336 -0.1042 -0.1329 1.2338 -0.1042 -0.1333 1.2373 -0.1046 43.7573 83.8170 -55.9983 94.4122 57.4203 123.8762 22.2535 3.5096 38.9791 -0.5196 1.2695 -2.1043 0.0000 0.0000 0.0001 0.0000 0.0000 0.0000 0.0000 -0.0013 -0.0008 0.0000 -0.0004 0.0001 0.0000 0.0000 0.0000 0.0000 0.0000 0.0000 0.0000 0.0002 0.0000 0.0000 -0.0006 0.0003 0.0000 0.0004 -0.0006 0.0000 0.0000 0.0001 0.0000 0.0000 0.0000 0.0000 -0.0010 -0.0002 0.0000 0.0003 30.0001 -0.0001 0.0005 -29.9998 0.0000 0.0000 0.0000 2.3879 1.3719 0.4952 2.3879 1.3719 0.4952 -34.9051 83.1324 71.4301 -100.4516 58.1169 -120.6858 -20.4486 11.7707 -31.0825 0.3272 0.6067 1.5223 0.0000 -0.0001 0.0001 0.0000 0.0000 0.0000 0.0000 -0.0006 0.0003 0.0000 -0.0001 0.0001 0.0000 0.0000 0.0000 0.0000 0.0000 0.0000 0.0000 0.0007 0.0001 0.0000 -0.0012 0.0001 0.0000 -0.0008 0.0003 0.0000 0.0001 0.0000 0.0000 0.0000 0.0000 0.0000 -0.0009 0.0000 0.0000 0.0002 -29.9997 -0.0001 -0.0003 29.9996 0.0000 0.0000 0.0000 -0.8916 1.7889 177.8836 -12.4586 -9.3786 -1.5794 0.8051 73.8706 13.6387 0.0000 25.3510 0.0000 1.8763 -9.9003 176.6436 -0.0898 -6.8931 -0.0773 6.8471 59.8877 10.0129 0.0000 25.3508 -0.0001 
13.4227 95.1753 -17.5947 -0.4824 -2.5906 -0.6454 -0.1599 1.2415 -0.0880 -0.1599 1.2417 -0.0880 -0.1604 1.2453 -0.0883 43.9421 83.8416 -55.9021 94.4320 57.3214 123.1217 22.8479 3.9873 38.2430 -0.4977 1.2220 -1.9893 0.0000 0.0000 0.0001 0.0000 0.0000 0.0000 0.0000 -0.0013 -0.0008 0.0000 -0.0004 0.0001 0.0000 0.0000 0.0000 0.0000 0.0000 0.0000 0.0000 0.0002 0.0000 0.0000 -0.0006 0.0003 0.0000 0.0004 -0.0006 0.0000 0.0000 0.0001 0.0000 0.0000 0.0000 0.0000 -0.0010 -0.0002 0.0000 0.0002 30.0001 -0.0001 0.0005 -29.9998 0.0000 0.0000 0.0000 2.3726 1.2699 0.4928 2.3726 1.2699 0.4928 -35.3297 83.1990 71.0514 -100.3473 57.9724 -119.7918 -20.4089 12.1826 -30.3158 0.3104 0.5793 1.4324 0.0000 -0.0001 0.0001 0.0000 0.0000 0.0000 0.0000 -0.0006 0.0003 0.0000 -0.0001 0.0001 0.0000 0.0000 0.0000 0.0000 0.0000 0.0000 0.0000 0.0007 0.0001 0.0000 -0.0012 0.0001 0.0000 -0.0008 0.0003 0.0000 0.0001 0.0000 0.0000 0.0000 0.0000 0.0000 -0.0009 0.0000 0.0000 0.0002 -29.9997 -0.0001 -0.0003 29.9996 0.0000 0.0000 0.0000 -0.8459 1.7737 177.9507 -12.3627 -9.4180 -1.5614 0.8267 73.9569 13.6446 0.0000 25.3510 0.0000 1.9888 -10.0184 176.7424 -0.0941 -7.1024 -0.0769 7.1330 60.0440 10.0680 0.0000 25.3508 -0.0001 
13.3066 95.1815 -17.4785 -0.4052 -2.4845 -0.7127 -0.1904 1.2489 -0.0723 -0.1905 1.2491 -0.0724 -0.1910 1.2527 -0.0726 44.1715 83.8785 -55.7755 94.4572 57.2052 122.4476 23.4330 4.3994 37.5941 -0.4777 1.1797 -1.8856 0.0000 0.0000 0.0001 0.0000 0.0000 0.0000 0.0000 -0.0013 -0.0008 0.0000 -0.0004 0.0001 0.0000 0.0000 0.0000 0.0000 0.0000 0.0000 0.0000 0.0002 0.0000 0.0000 -0.0006 0.0003 0.0000 0.0004 -0.0006 0.0000 0.0000 0.0001 0.0000 0.0000 0.0000 0.0000 -0.0010 -0.0002 0.0000 0.0002 30.0001 -0.0001 0.0005 -29.9998 0.0000 0.0000 0.0000 2.3675 1.1849 0.4861 2.3675 1.1849 0.4861 -35.6809 83.2758 70.7331 -100.2133 57.8313 -118.9318 -20.3509 12.5929 -29.6308 0.2958 0.5545 1.3526 0.0000 -0.0001 0.0001 0.0000 0.0000 0.0000 0.0000 -0.0006 0.0003 0.0000 -0.0001 0.0001 0.0000 0.0000 0.0000 0.0000 0.0000 0.0000 0.0000 0.0007 0.0001 0.0000 -0.0012 0.0001 0.0000 -0.0008 0.0003 0.0000 0.0001 0.0000 0.0000 0.0000 0.0000 0.0000 -0.0009 0.0000 0.0000 0.0002 -29.9997 -0.0001 -0.0003 29.9996 0.0000 0.0000 0.0000 -0.7952 1.7600 178.0129 -12.2651 -9.4514 -1.5429 0.8451 74.0516 13.6337 0.0000 25.3510 0.0000 2.1112 -10.1425 176.8542 -0.0964 -7.3156 -0.0765 7.3402 60.2074 10.0288 0.0000 25.3508 -0.0001 
13.1846 95.1897 -17.3503 -0.3283 -2.3706 -0.7707 -0.2204 1.2556 -0.0595 -0.2204 1.2558 -0.0595 -0.2211 1.2595 -0.0597 44.4463 83.9273 -55.5966 94.4827 57.1044 121.8835 24.0011 4.7306 37.0351 -0.4603 1.1443 -1.7960 0.0000 0.0000 0.0001 0.0000 0.0000 0.0000 0.0000 -0.0013 -0.0008 0.0000 -0.0004 0.0001 0.0000 0.0000 0.0000 0.0000 0.0000 0.0000 0.0000 0.0002 0.0000 0.0000 -0.0006 0.0003 0.0000 0.0004 -0.0006 0.0000 0.0000 0.0001 0.0000 0.0000 0.0000 0.0000 -0.0010 -0.0002 0.0000 0.0003 30.0001 -0.0001 0.0005 -29.9998 0.0000 0.0000 0.0000 2.3670 1.1141 0.4800 2.3670 1.1141 0.4800 -35.9649 83.3563 70.4777 -100.1054 57.7213 -118.1890 -20.3233 12.9492 -29.0548 0.2834 0.5337 1.2857 0.0000 -0.0001 0.0001 0.0000 0.0000 0.0000 0.0000 -0.0006 0.0003 0.0000 -0.0001 0.0001 0.0000 0.0000 0.0000 0.0000 0.0000 0.0000 0.0000 0.0007 0.0001 0.0000 -0.0012 0.0001 0.0000 -0.0008 0.0003 0.0000 0.0001 0.0000 0.0000 0.0000 0.0000 0.0000 -0.0009 0.0000 0.0000 0.0002 -29.9997 -0.0001 -0.0003 29.9996 0.0000 0.0000 0.0000 -0.7469 1.7522 178.0649 -12.1703 -9.4651 -1.5236 0.8499 74.1438 13.6053 0.0000 25.3510 0.0000 2.2345 -10.2603 176.9628 -0.0976 -7.5144 -0.0763 7.5005 60.3696 9.9442 0.0000 25.3508 -0.0001 
13.0748 95.2008 -17.2039 -0.2517 -2.2505 -0.8208 -0.2502 1.2612 -0.0490 -0.2502 1.2614 -0.0490 -0.2509 1.2651 -0.0492 44.7669 83.9831 -55.3577 94.4947 57.0299 121.4215 24.5385 4.9986 36.5740 -0.4459 1.1157 -1.7208 0.0000 0.0000 0.0001 0.0000 0.0000 0.0000 0.0000 -0.0013 -0.0008 0.0000 -0.0004 0.0001 0.0000 0.0000 0.0000 0.0000 0.0000 0.0000 0.0000 0.0002 0.0000 0.0000 -0.0006 0.0003 0.0000 0.0004 -0.0006 0.0000 0.0000 0.0001 0.0000 0.0000 0.0000 0.0000 -0.0010 -0.0002 0.0000 0.0002 30.0001 -0.0001 0.0005 -29.9998 0.0000 0.0000 0.0000 2.3702 1.0569 0.4748 2.3702 1.0569 0.4748 -36.2041 83.4422 70.2616 -100.0294 57.6353 -117.5822 -20.3013 13.2480 -28.5668 0.2731 0.5161 1.2307 0.0000 -0.0001 0.0001 0.0000 0.0000 0.0000 0.0000 -0.0006 0.0003 0.0000 -0.0001 0.0001 0.0000 0.0000 0.0000 0.0000 0.0000 0.0000 0.0000 0.0007 0.0001 0.0000 -0.0012 0.0001 0.0000 -0.0008 0.0003 0.0000 0.0001 0.0000 0.0000 0.0000 0.0000 0.0000 -0.0009 0.0000 0.0000 0.0002 -29.9996 -0.0001 -0.0003 29.9996 0.0000 0.0000 0.0000 -0.7023 1.7520 178.1096 -12.0777 -9.4576 -1.5056 0.8399 74.2321 13.5599 0.0000 25.3510 0.0000 2.3526 -10.3622 177.0578 -0.0987 -7.6920 -0.0761 7.6454 60.5327 9.8542 0.0000 25.3508 -0.0001 
12.9973 95.2193 -17.0200 -0.1775 -2.1225 -0.8612 -0.2788 1.2625 -0.0410 -0.2789 1.2627 -0.0410 -0.2797 1.2663 -0.0411 45.2030 84.0462 -54.9752 94.4637 56.9942 121.1175 25.0006 5.1655 36.2733 -0.4368 1.0989 -1.6690 0.0000 0.0000 0.0001 0.0000 0.0000 0.0000 0.0000 -0.0013 -0.0008 0.0000 -0.0004 0.0001 0.0000 0.0000 0.0000 0.0000 0.0000 0.0000 0.0000 0.0002 0.0000 0.0000 -0.0006 0.0003 0.0000 0.0004 -0.0006 0.0000 0.0000 0.0001 0.0000 0.0000 0.0000 0.0000 -0.0010 -0.0002 0.0000 0.0002 30.0001 -0.0001 0.0005 -29.9998 0.0000 0.0000 0.0000 2.3759 1.0220 0.4727 2.3759 1.0220 0.4727 -36.4350 83.5376 70.0475 -99.9835 57.5848 -117.1878 -20.2919 13.4540 -28.2270 0.2659 0.5038 1.1937 0.0000 -0.0001 0.0001 0.0000 0.0000 0.0000 0.0000 -0.0006 0.0003 0.0000 -0.0001 0.0001 0.0000 0.0000 0.0000 0.0000 0.0000 0.0000 0.0000 0.0007 0.0001 0.0000 -0.0012 0.0001 0.0000 -0.0008 0.0003 0.0000 0.0001 0.0000 0.0000 0.0000 0.0000 0.0000 -0.0009 0.0000 0.0000 0.0002 -29.9996 -0.0001 -0.0003 29.9996 0.0000 0.0000 0.0000 -0.6601 1.7621 178.1456 -11.9962 -9.4207 -1.4862 0.8014 74.3150 13.4723 0.0000 25.3510 0.0000 2.4566 -10.4279 177.1249 -0.1003 -7.8299 -0.0758 7.7957 60.7008 9.7963 0.0000 25.3508 -0.0001 
12.9387 95.2442 -16.8158 -0.1059 -1.9918 -0.8944 -0.3050 1.2584 -0.0352 -0.3050 1.2586 -0.0352 -0.3059 1.2622 -0.0353 45.6690 84.1029 -54.5384 94.3957 56.9867 120.9645 25.3766 5.2528 36.0850 -0.4322 1.0925 -1.6374 0.0000 0.0000 0.0001 0.0000 0.0000 0.0000 0.0000 -0.0013 -0.0008 0.0000 -0.0004 0.0001 0.0000 0.0000 0.0000 0.0000 0.0000 0.0000 0.0000 0.0002 0.0000 0.0000 -0.0006 0.0003 0.0000 0.0004 -0.0006 0.0000 0.0000 0.0001 0.0000 0.0000 0.0000 0.0000 -0.0010 -0.0002 0.0000 0.0002 30.0001 -0.0002 0.0005 -29.9998 0.0000 0.0000 0.0000 2.3786 1.0099 0.4767 2.3786 1.0099 0.4767 -36.5944 83.6199 69.9007 -99.9668 57.5775 -116.9762 -20.3141 13.5807 -28.0255 0.2616 0.4959 1.1715 0.0000 -0.0001 0.0001 0.0000 0.0000 0.0000 0.0000 -0.0006 0.0003 0.0000 -0.0001 0.0001 0.0000 0.0000 0.0000 0.0000 0.0000 0.0000 0.0000 0.0007 0.0001 0.0000 -0.0012 0.0001 0.0000 -0.0008 0.0003 0.0000 0.0001 0.0000 0.0000 0.0000 0.0000 0.0000 -0.0009 0.0000 0.0000 0.0002 -29.9997 -0.0001 -0.0003 29.9996 0.0000 0.0000 0.0000 -0.6163 1.7718 178.1767 -11.9337 -9.3695 -1.4616 0.7380 74.3907 13.3368 0.0000 25.3510 0.0000 2.5452 -10.4608 177.1749 -0.1012 -7.9235 -0.0757 7.9505 60.8622 9.7700 0.0000 25.3508 -0.0001 
12.8893 95.2722 -16.6105 -0.0353 -1.8618 -0.9218 -0.3278 1.2498 -0.0325 -0.3279 1.2500 -0.0325 -0.3288 1.2536 -0.0326 46.0994 84.1459 -54.1125 94.2935 56.9977 120.9370 25.6602 5.2754 35.9967 -0.4317 1.0952 -1.6235 0.0000 0.0000 0.0001 0.0000 0.0000 0.0000 0.0000 -0.0013 -0.0008 0.0000 -0.0004 0.0001 0.0000 0.0000 0.0000 0.0000 0.0000 0.0000 0.0000 0.0002 -0.0001 0.0000 -0.0006 0.0003 0.0000 0.0004 -0.0006 0.0000 0.0000 0.0001 0.0000 0.0000 0.0000 0.0000 -0.0010 -0.0002 0.0000 0.0002 30.0001 -0.0001 0.0005 -29.9998 0.0000 0.0000 0.0000 2.3749 1.0209 0.4890 2.3749 1.0209 0.4890 -36.6611 83.6830 69.8477 -99.9796 57.5968 -116.9435 -20.3468 13.6395 -27.9362 0.2598 0.4922 1.1633 0.0000 -0.0001 0.0001 0.0000 0.0000 0.0000 0.0000 -0.0006 0.0003 0.0000 -0.0001 0.0001 0.0000 0.0000 0.0000 0.0000 0.0000 0.0000 0.0000 0.0007 0.0001 0.0000 -0.0012 0.0001 0.0000 -0.0008 0.0003 0.0000 0.0001 0.0000 0.0000 0.0000 0.0000 0.0000 -0.0009 0.0000 0.0000 0.0002 -29.9996 -0.0001 -0.0003 29.9996 0.0000 0.0000 0.0000 -0.5640 1.7785 178.2051 -11.8772 -9.3085 -1.4368 0.6598 74.4561 13.1709 0.0000 25.3510 0.0000 2.6202 -10.4710 177.2149 -0.1006 -7.9748 -0.0757 8.1015 61.0066 9.7614 0.0000 25.3508 -0.0001 
12.8511 95.3003 -16.4250 0.0383 -1.7383 -0.9422 -0.3478 1.2357 -0.0341 -0.3479 1.2359 -0.0341 -0.3489 1.2394 -0.0342 46.4208 84.1617 -53.7684 94.1339 57.0227 121.0668 25.7898 5.2177 36.0558 -0.4372 1.1111 -1.6352 0.0000 0.0000 0.0001 0.0000 0.0000 0.0000 0.0000 -0.0013 -0.0008 0.0000 -0.0004 0.0001 0.0000 0.0000 0.0000 0.0000 0.0000 0.0000 0.0000 0.0002 -0.0001 0.0000 -0.0006 0.0003 0.0000 0.0004 -0.0006 0.0000 0.0000 0.0001 0.0000 0.0000 0.0000 0.0000 -0.0010 -0.0002 0.0000 0.0002 30.0001 -0.0001 0.0005 -29.9998 0.0000 0.0000 0.0000 2.3595 1.0747 0.5150 2.3595 1.0747 0.5150 -36.5570 83.7128 69.9632 -100.0048 57.6294 -117.1284 -20.3545 13.6125 -28.0105 0.2617 0.4939 1.1746 0.0000 -0.0001 0.0001 0.0000 0.0000 0.0000 0.0000 -0.0006 0.0003 0.0000 -0.0001 0.0001 0.0000 0.0000 0.0000 0.0000 0.0000 0.0000 0.0000 0.0007 0.0001 0.0000 -0.0012 0.0001 0.0000 -0.0008 0.0003 0.0000 0.0001 0.0000 0.0000 0.0000 0.0000 0.0000 -0.0009 0.0000 0.0000 0.0002 -29.9996 -0.0001 -0.0003 29.9996 0.0000 0.0000 0.0000 -0.4910 1.7872 178.2347 -11.8007 -9.2339 -1.4236 0.5714 74.5023 12.9901 0.0000 25.3510 0.0000 2.6756 -10.4558 177.2425 -0.0982 -7.9634 -0.0759 8.2366 61.1118 9.7612 0.0000 25.3508 -0.0001 
12.8289 95.3274 -16.2546 0.1149 -1.6247 -0.9586 -0.3658 1.2178 -0.0375 -0.3659 1.2180 -0.0375 -0.3669 1.2215 -0.0376 46.6112 84.1577 -53.5423 93.9424 57.0505 121.2877 25.8029 5.1085 36.2092 -0.4465 1.1345 -1.6627 0.0000 0.0000 0.0001 0.0000 0.0000 0.0000 0.0000 -0.0013 -0.0008 0.0000 -0.0004 0.0001 0.0000 0.0000 0.0000 0.0000 0.0000 0.0000 0.0000 0.0002 0.0000 0.0000 -0.0006 0.0003 0.0000 0.0004 -0.0006 0.0000 0.0000 0.0001 0.0000 0.0000 0.0000 0.0000 -0.0010 -0.0002 0.0000 0.0002 30.0001 -0.0001 0.0005 -29.9998 0.0000 0.0000 0.0000 2.3335 1.1622 0.5506 2.3335 1.1622 0.5506 -36.3150 83.7095 70.2108 -100.0106 57.6611 -117.4362 -20.3244 13.5307 -28.2153 0.2665 0.4997 1.2003 0.0000 -0.0001 0.0001 0.0000 0.0000 0.0000 0.0000 -0.0006 0.0003 0.0000 -0.0001 0.0001 0.0000 0.0000 0.0000 0.0000 0.0000 0.0000 0.0000 0.0007 0.0001 0.0000 -0.0012 0.0001 0.0000 -0.0008 0.0003 0.0000 0.0001 0.0000 0.0000 0.0000 0.0000 0.0000 -0.0008 0.0000 0.0000 0.0002 -29.9996 -0.0001 -0.0003 29.9996 0.0000 0.0000 0.0000 -0.4125 1.8014 178.2600 -11.7158 -9.1507 -1.4099 0.4711 74.5328 12.7997 0.0000 25.3510 0.0000 2.7146 -10.4207 177.2583 -0.0965 -7.9133 -0.0760 8.3617 61.1910 9.7670 0.0000 25.3508 -0.0001 
12.8170 95.3551 -16.0872 0.1920 -1.5228 -0.9722 -0.3804 1.1980 -0.0420 -0.3805 1.1982 -0.0420 -0.3816 1.2017 -0.0422 46.6555 84.1386 -53.4520 93.7357 57.0810 121.5840 25.7188 4.9586 36.4334 -0.4586 1.1640 -1.7034 0.0000 0.0000 0.0001 0.0000 0.0000 0.0000 0.0000 -0.0013 -0.0008 0.0000 -0.0004 0.0001 0.0000 0.0000 0.0000 0.0000 0.0000 0.0000 0.0000 0.0002 0.0000 0.0000 -0.0006 0.0003 0.0000 0.0004 -0.0006 0.0000 0.0000 0.0001 0.0000 0.0000 0.0000 0.0000 -0.0010 -0.0002 0.0000 0.0002 30.0001 -0.0001 0.0005 -29.9998 0.0000 0.0000 0.0000 2.2953 1.2868 0.5945 2.2953 1.2868 0.5945 -35.9536 83.6792 70.5766 -99.9905 57.6929 -117.8304 -20.2559 13.4138 -28.5247 0.2738 0.5089 1.2385 0.0000 -0.0001 0.0001 0.0000 0.0000 0.0000 0.0000 -0.0006 0.0003 0.0000 -0.0001 0.0001 0.0000 0.0000 0.0000 0.0000 0.0000 0.0000 0.0000 0.0007 0.0001 0.0000 -0.0012 0.0001 0.0000 -0.0008 0.0003 0.0000 0.0001 0.0000 0.0000 0.0000 0.0000 0.0000 -0.0009 0.0000 0.0000 0.0002 -29.9996 -0.0001 -0.0003 29.9996 0.0000 0.0000 0.0000 -0.3332 1.8236 178.2772 -11.6380 -9.0621 -1.3864 0.3672 74.5520 12.6014 0.0000 25.3510 0.0000 2.7371 -10.3635 177.2678 -0.0955 -7.8383 -0.0762 8.4674 61.2567 9.7695 0.0000 25.3508 -0.0001 
12.7981 95.3862 -15.9090 0.2639 -1.4389 -0.9814 -0.3888 1.1791 -0.0471 -0.3888 1.1793 -0.0471 -0.3900 1.1827 -0.0472 46.4435 84.0951 -53.6060 93.5144 57.1128 121.9800 25.4837 4.7612 36.7728 -0.4749 1.2012 -1.7632 0.0000 0.0000 0.0001 0.0000 0.0000 0.0000 0.0000 -0.0013 -0.0008 0.0000 -0.0004 0.0001 0.0000 0.0000 0.0000 0.0000 0.0000 0.0000 0.0000 0.0002 0.0000 0.0000 -0.0006 0.0003 0.0000 0.0004 -0.0006 0.0000 0.0000 0.0001 0.0000 0.0000 0.0000 0.0000 -0.0010 -0.0002 0.0000 0.0002 30.0001 -0.0001 0.0005 -29.9998 0.0000 0.0000 0.0000 2.2413 1.4511 0.6432 2.2413 1.4511 0.6432 -35.4239 83.6121 71.1098 -99.9098 57.7179 -118.3164 -20.1158 13.2734 -28.9524 0.2846 0.5222 1.2933 0.0000 -0.0001 0.0001 0.0000 0.0000 0.0000 0.0000 -0.0006 0.0003 0.0000 -0.0001 0.0001 0.0000 0.0000 0.0000 0.0000 0.0000 0.0000 0.0000 0.0007 0.0001 0.0000 -0.0012 0.0001 0.0000 -0.0008 0.0003 0.0000 0.0001 0.0000 0.0000 0.0000 0.0000 0.0000 -0.0009 0.0000 0.0000 0.0002 -29.9996 -0.0001 -0.0003 29.9996 0.0000 0.0000 0.0000 -0.2586 1.8644 178.2825 -11.5762 -8.9601 -1.3524 0.2733 74.5543 12.4145 0.0000 25.3510 0.0000 2.7364 -10.2712 177.2834 -0.0933 -7.7387 -0.0764 8.5165 61.3168 9.7382 0.0000 25.3508 -0.0001 
12.7683 95.4170 -15.7360 0.3257 -1.3641 -0.9859 -0.3925 1.1628 -0.0513 -0.3925 1.1630 -0.0513 -0.3937 1.1663 -0.0515 46.0846 84.0451 -53.8997 93.2865 57.1495 122.4324 25.1339 4.5420 37.2023 -0.4941 1.2423 -1.8364 0.0000 0.0000 0.0001 0.0000 0.0000 0.0000 0.0000 -0.0013 -0.0008 0.0000 -0.0004 0.0001 0.0000 0.0000 0.0000 0.0000 0.0000 0.0000 0.0000 0.0002 0.0000 0.0000 -0.0006 0.0003 0.0000 0.0004 -0.0006 0.0000 0.0000 0.0001 0.0000 0.0000 0.0000 0.0000 -0.0010 -0.0002 0.0000 0.0003 30.0001 -0.0001 0.0005 -29.9998 0.0000 0.0000 0.0000 2.1791 1.6246 0.6891 2.1791 1.6246 0.6891 -34.7859 83.5191 71.7507 -99.7827 57.7378 -118.8444 -19.9384 13.1111 -29.4578 0.2978 0.5390 1.3596 0.0000 -0.0001 0.0001 0.0000 0.0000 0.0000 0.0000 -0.0006 0.0003 0.0000 -0.0001 0.0001 0.0000 0.0000 0.0000 0.0000 0.0000 0.0000 0.0000 0.0007 0.0001 0.0000 -0.0012 0.0001 0.0000 -0.0008 0.0003 0.0000 0.0001 0.0000 0.0000 0.0000 0.0000 0.0000 -0.0008 0.0000 0.0000 0.0002 -29.9996 -0.0001 -0.0003 29.9996 0.0000 0.0000 0.0000 -0.1835 1.9245 178.2735 -11.5048 -8.8360 -1.3163 0.1855 74.5424 12.2593 0.0000 25.3510 0.0000 2.7261 -10.1712 177.3047 -0.0905 -7.6301 -0.0767 8.5182 61.3671 9.6748 0.0000 25.3508 -0.0001 
12.7333 95.4460 -15.5734 0.3757 -1.2927 -0.9871 -0.3921 1.1482 -0.0539 -0.3922 1.1484 -0.0539 -0.3933 1.1517 -0.0541 45.6297 83.9952 -54.2835 93.0635 57.1942 122.9288 24.6912 4.3169 37.6996 -0.5151 1.2850 -1.9201 0.0000 0.0000 0.0001 0.0000 0.0000 0.0000 0.0000 -0.0013 -0.0008 0.0000 -0.0004 0.0001 0.0000 0.0000 0.0000 0.0000 0.0000 0.0000 0.0000 0.0002 0.0000 0.0000 -0.0006 0.0003 0.0000 0.0004 -0.0006 0.0000 0.0000 0.0001 0.0000 0.0000 0.0000 0.0000 -0.0010 -0.0002 0.0000 0.0002 30.0001 -0.0001 0.0005 -29.9998 0.0000 0.0000 0.0000 2.1112 1.7934 0.7309 2.1112 1.7934 0.7309 -34.0837 83.4062 72.4524 -99.6201 57.7538 -119.3943 -19.7377 12.9251 -30.0111 0.3128 0.5586 1.4346 0.0000 -0.0001 0.0001 0.0000 0.0000 0.0000 0.0000 -0.0006 0.0003 0.0000 -0.0001 0.0001 0.0000 0.0000 0.0000 0.0000 0.0000 0.0000 0.0000 0.0007 0.0001 0.0000 -0.0012 0.0001 0.0000 -0.0008 0.0003 0.0000 0.0001 0.0000 0.0000 0.0000 0.0000 0.0000 -0.0009 0.0000 0.0000 0.0002 -29.9997 -0.0001 -0.0003 29.9996 0.0000 0.0000 0.0000 -0.1166 1.9923 178.2518 -11.4430 -8.7024 -1.2726 0.0902 74.5237 12.1117 0.0000 25.3510 0.0000 2.7132 -10.0764 177.3279 -0.0879 -7.5200 -0.0769 8.4949 61.4068 9.5965 0.0000 25.3508 -0.0001 
12.7012 95.4700 -15.4360 0.4053 -1.2196 -0.9867 -0.3850 1.1342 -0.0530 -0.3851 1.1344 -0.0530 -0.3862 1.1377 -0.0532 45.1430 83.9523 -54.6900 92.8710 57.2421 123.4921 24.1357 4.0847 38.2574 -0.5375 1.3277 -2.0146 0.0000 0.0000 0.0001 0.0000 0.0000 0.0000 0.0000 -0.0013 -0.0008 0.0000 -0.0004 0.0001 0.0000 0.0000 0.0000 0.0000 0.0000 0.0000 0.0000 0.0002 0.0000 0.0000 -0.0006 0.0003 0.0000 0.0004 -0.0006 0.0000 0.0000 0.0001 0.0000 0.0000 0.0000 0.0000 -0.0010 -0.0002 0.0000 0.0002 30.0001 -0.0001 0.0005 -29.9998 0.0000 0.0000 0.0000 2.0343 1.9482 0.7679 2.0343 1.9482 0.7679 -33.3518 83.2784 73.1812 -99.4233 57.7620 -119.9563 -19.5124 12.7089 -30.5941 0.3294 0.5812 1.5179 0.0000 -0.0001 0.0001 0.0000 0.0000 0.0000 0.0000 -0.0006 0.0003 0.0000 -0.0001 0.0001 0.0000 0.0000 0.0000 0.0000 0.0000 0.0000 0.0000 0.0007 0.0001 0.0000 -0.0012 0.0001 0.0000 -0.0008 0.0003 0.0000 0.0001 0.0000 0.0000 0.0000 0.0000 0.0000 -0.0009 0.0000 0.0000 0.0002 -29.9996 -0.0001 -0.0003 29.9996 0.0000 0.0000 0.0000 -0.0565 2.0626 178.2301 -11.4243 -8.5746 -1.2204 -0.0302 74.5120 11.9235 0.0000 25.3511 0.0000 2.7063 -10.0121 177.3483 -0.0867 -7.4277 -0.0771 8.4681 61.4343 9.5266 0.0000 25.3508 -0.0001 
12.6701 95.4922 -15.3039 0.4186 -1.1397 -0.9873 -0.3726 1.1195 -0.0487 -0.3726 1.1197 -0.0487 -0.3737 1.1230 -0.0489 44.6871 83.9143 -55.0583 92.6915 57.2764 124.1001 23.5042 3.8122 38.8577 -0.5607 1.3715 -2.1172 0.0000 0.0000 0.0001 0.0000 0.0000 0.0000 0.0000 -0.0013 -0.0008 0.0000 -0.0004 0.0001 0.0000 0.0000 0.0000 0.0000 0.0000 0.0000 0.0000 0.0002 0.0000 0.0000 -0.0006 0.0003 0.0000 0.0004 -0.0006 0.0000 0.0000 0.0001 0.0000 0.0000 0.0000 0.0000 -0.0010 -0.0002 0.0000 0.0002 30.0001 -0.0001 0.0005 -29.9998 0.0000 0.0000 0.0000 1.9501 2.0801 0.7998 1.9501 2.0801 0.7998 -32.6682 83.1483 73.8619 -99.2065 57.7612 -120.5057 -19.2866 12.4687 -31.1990 0.3468 0.6058 1.6054 0.0000 -0.0001 0.0001 0.0000 0.0000 0.0000 0.0000 -0.0006 0.0003 0.0000 -0.0001 0.0001 0.0000 0.0000 0.0000 0.0000 0.0000 0.0000 0.0000 0.0007 0.0001 0.0000 -0.0012 0.0001 0.0000 -0.0008 0.0003 0.0000 0.0001 0.0000 0.0000 0.0000 0.0000 0.0000 -0.0009 0.0000 0.0000 0.0002 -29.9997 -0.0001 -0.0003 29.9996 0.0000 0.0000 0.0000 0.0211 2.1253 178.2253 -11.4378 -8.4640 -1.1763 -0.1564 74.5125 11.6918 0.0000 25.3510 0.0000 2.7126 -9.9659 177.3681 -0.0848 -7.3476 -0.0773 8.4541 61.4636 9.4755 0.0000 25.3508 -0.0001 
12.6461 95.5131 -15.1719 0.4194 -1.0529 -0.9904 -0.3569 1.1043 -0.0411 -0.3569 1.1045 -0.0411 -0.3580 1.1077 -0.0412 44.2712 83.8803 -55.3823 92.5243 57.2921 124.6970 22.8332 3.5162 39.4747 -0.5832 1.4140 -2.2216 0.0000 0.0000 0.0001 0.0000 0.0000 0.0000 0.0000 -0.0013 -0.0008 0.0000 -0.0004 0.0001 0.0000 0.0000 0.0000 0.0000 0.0000 0.0000 0.0000 0.0002 0.0000 0.0000 -0.0006 0.0003 0.0000 0.0004 -0.0006 0.0000 0.0000 0.0001 0.0000 0.0000 0.0000 0.0000 -0.0010 -0.0002 0.0000 0.0002 30.0001 -0.0001 0.0005 -29.9998 0.0000 0.0000 0.0000 1.8602 2.1902 0.8277 1.8602 2.1902 0.8277 -32.0296 83.0184 74.4971 -98.9769 57.7503 -121.0253 -19.0615 12.2108 -31.8152 0.3648 0.6319 1.6954 0.0000 -0.0001 0.0001 0.0000 0.0000 0.0000 0.0000 -0.0006 0.0003 0.0000 -0.0001 0.0001 0.0000 0.0000 0.0000 0.0000 0.0000 0.0000 0.0000 0.0007 0.0001 0.0000 -0.0012 0.0001 0.0000 -0.0008 0.0003 0.0000 0.0001 0.0000 0.0000 0.0000 0.0000 0.0000 -0.0009 0.0000 0.0000 0.0002 -29.9996 -0.0001 -0.0003 29.9996 0.0000 0.0000 0.0000 0.1248 2.1765 178.2346 -11.4585 -8.3686 -1.1447 -0.2785 74.5210 11.4409 0.0000 25.3511 0.0000 2.7312 -9.9325 177.3847 -0.0825 -7.2769 -0.0775 8.4679 61.4969 9.4564 0.0000 25.3508 -0.0001 
12.6472 95.5324 -15.0362 0.4054 -0.9572 -1.0022 -0.3395 1.0896 -0.0273 -0.3395 1.0897 -0.0273 -0.3405 1.0929 -0.0274 43.9350 83.8516 -55.6237 92.3735 57.2877 125.2551 22.1482 3.2047 40.0955 -0.6043 1.4533 -2.3237 0.0000 0.0000 0.0001 0.0000 0.0000 0.0000 0.0000 -0.0013 -0.0008 0.0000 -0.0004 0.0001 0.0000 0.0000 0.0000 0.0000 0.0000 0.0000 0.0000 0.0003 0.0000 0.0000 -0.0007 0.0003 0.0000 0.0004 -0.0006 0.0000 0.0000 0.0001 0.0000 0.0000 0.0000 0.0000 -0.0010 -0.0002 0.0000 0.0003 30.0001 -0.0001 0.0005 -29.9998 0.0000 0.0000 0.0000 1.7635 2.2750 0.8509 1.7635 2.2750 0.8509 -31.4581 82.8956 75.0583 -98.7422 57.7307 -121.4858 -18.8409 11.9488 -32.4232 0.3823 0.6579 1.7832 0.0000 -0.0001 0.0001 0.0000 0.0000 0.0000 0.0000 -0.0006 0.0003 0.0000 -0.0001 0.0001 0.0000 0.0000 0.0000 0.0000 0.0000 0.0000 0.0000 0.0007 0.0001 0.0000 -0.0012 0.0001 0.0000 -0.0008 0.0003 0.0000 0.0001 0.0000 0.0000 0.0000 0.0000 0.0000 -0.0008 0.0000 0.0000 0.0002 -29.9996 -0.0001 -0.0003 29.9996 0.0000 0.0000 0.0000 0.2719 2.2075 178.2653 -11.4656 -8.3021 -1.1315 -0.3954 74.5427 11.1788 0.0000 25.3510 0.0000 2.7625 -9.9043 177.3925 -0.0816 -7.2027 -0.0776 8.5430 61.5298 9.5078 0.0000 25.3508 -0.0001 
12.6613 95.5501 -14.9005 0.3805 -0.8590 -1.0254 -0.3222 1.0781 -0.0071 -0.3222 1.0783 -0.0071 -0.3231 1.0814 -0.0072 43.6563 83.8238 -55.8091 92.2418 57.2756 125.7637 21.4964 2.8887 40.6909 -0.6234 1.4896 -2.4202 0.0000 0.0000 0.0001 0.0000 0.0000 0.0000 0.0000 -0.0013 -0.0008 0.0000 -0.0004 0.0001 0.0000 0.0000 0.0000 0.0000 0.0000 0.0000 0.0000 0.0002 0.0000 0.0000 -0.0006 0.0003 0.0000 0.0004 -0.0006 0.0000 0.0000 0.0001 0.0000 0.0000 0.0000 0.0000 -0.0010 -0.0002 0.0000 0.0002 30.0001 -0.0001 0.0005 -29.9998 0.0000 0.0000 0.0000 1.6621 2.3463 0.8702 1.6621 2.3463 0.8702 -30.9526 82.7840 75.5469 -98.5079 57.7055 -121.8883 -18.6227 11.7025 -32.9974 0.3991 0.6829 1.8671 0.0000 -0.0001 0.0001 0.0000 0.0000 0.0000 0.0000 -0.0006 0.0003 0.0000 -0.0001 0.0001 0.0000 0.0000 0.0000 0.0000 0.0000 0.0000 0.0000 0.0007 0.0001 0.0000 -0.0012 0.0001 0.0000 -0.0008 0.0003 0.0000 0.0001 0.0000 0.0000 0.0000 0.0000 0.0000 -0.0009 0.0000 0.0000 0.0002 -29.9996 -0.0001 -0.0003 29.9996 0.0000 0.0000 0.0000 0.4514 2.2247 178.3215 -11.4636 -8.2677 -1.1298 -0.5239 74.5815 10.8895 0.0000 25.3510 0.0000 2.8023 -9.8798 177.4025 -0.0819 -7.1285 -0.0776 8.6611 61.5626 9.6075 0.0000 25.3508 -0.0001 
12.6692 95.5656 -14.7678 0.3468 -0.7589 -1.0568 -0.3062 1.0704 0.0176 -0.3062 1.0705 0.0176 -0.3071 1.0737 0.0177 43.4076 83.7943 -55.9707 92.1248 57.2561 126.2117 20.8930 2.5681 41.2526 -0.6406 1.5232 -2.5095 0.0000 0.0000 0.0001 0.0000 0.0000 0.0000 0.0000 -0.0013 -0.0008 0.0000 -0.0004 0.0001 0.0000 0.0000 0.0000 0.0000 0.0000 0.0000 0.0000 0.0002 0.0000 0.0000 -0.0006 0.0003 0.0000 0.0004 -0.0006 0.0000 0.0000 0.0001 0.0000 0.0000 0.0000 0.0000 -0.0010 -0.0002 0.0000 0.0002 30.0001 -0.0001 0.0005 -29.9998 0.0000 0.0000 0.0000 1.5582 2.4084 0.8853 1.5582 2.4084 0.8853 -30.4939 82.6819 75.9838 -98.2773 57.6773 -122.2357 -18.4200 11.4703 -33.5381 0.4159 0.7088 1.9483 0.0000 -0.0001 0.0001 0.0000 0.0000 0.0000 0.0000 -0.0006 0.0003 0.0000 -0.0001 0.0001 0.0000 0.0000 0.0000 0.0000 0.0000 0.0000 0.0000 0.0007 0.0001 0.0000 -0.0012 0.0001 0.0000 -0.0008 0.0003 0.0000 0.0001 0.0000 0.0000 0.0000 0.0000 0.0000 -0.0009 0.0000 0.0000 0.0002 -29.9996 -0.0001 -0.0003 29.9996 0.0000 0.0000 0.0000 0.6616 2.2302 178.3925 -11.4509 -8.2606 -1.1318 -0.6591 74.6354 10.5796 0.0000 25.3510 0.0000 2.8537 -9.8601 177.4228 -0.0816 -7.0531 -0.0777 8.7986 61.5936 9.7240 0.0000 25.3508 -0.0001 
12.6513 95.5789 -14.6369 0.2989 -0.6577 -1.0981 -0.2920 1.0678 0.0478 -0.2920 1.0679 0.0478 -0.2929 1.0710 0.0479 43.1974 83.7658 -56.1074 92.0243 57.2312 126.5461 20.3801 2.2696 41.7529 -0.6546 1.5514 -2.5845 0.0000 0.0000 0.0001 0.0000 0.0000 0.0000 0.0000 -0.0013 -0.0008 0.0000 -0.0004 0.0001 0.0000 0.0000 0.0000 0.0000 0.0000 0.0000 0.0000 0.0003 0.0000 0.0000 -0.0006 0.0003 0.0000 0.0004 -0.0006 0.0000 0.0000 0.0001 0.0000 0.0000 0.0000 0.0000 -0.0010 -0.0002 0.0000 0.0003 30.0001 -0.0001 0.0005 -29.9998 0.0000 0.0000 0.0000 1.4516 2.4601 0.8939 1.4516 2.4601 0.8939 -30.1148 82.5980 76.3418 -98.0690 57.6408 -122.5007 -18.2498 11.2641 -33.9904 0.4303 0.7320 2.0169 0.0000 -0.0001 0.0001 0.0000 0.0000 0.0000 0.0000 -0.0006 0.0003 0.0000 -0.0001 0.0001 0.0000 0.0000 0.0000 0.0000 0.0000 0.0000 0.0000 0.0007 0.0001 0.0000 -0.0012 0.0001 0.0000 -0.0008 0.0003 0.0000 0.0001 0.0000 0.0000 0.0000 0.0000 0.0000 -0.0008 0.0000 0.0000 0.0002 -29.9996 -0.0001 -0.0003 29.9996 0.0000 0.0000 0.0000 0.9054 2.2221 178.4694 -11.4139 -8.2815 -1.1338 -0.7969 74.7038 10.2714 0.0000 25.3510 0.0000 2.9288 -9.8515 177.4668 -0.0798 -6.9905 -0.0778 8.9580 61.6323 9.8486 0.0000 25.3508 -0.0001 
12.6258 95.5923 -14.4983 0.2386 -0.5565 -1.1443 -0.2785 1.0674 0.0802 -0.2786 1.0676 0.0802 -0.2794 1.0707 0.0804 43.0487 83.7429 -56.1929 91.9491 57.2192 126.7832 19.9651 2.0177 42.1796 -0.6656 1.5734 -2.6451 0.0000 0.0000 0.0001 0.0000 0.0000 0.0000 0.0000 -0.0013 -0.0008 0.0000 -0.0004 0.0001 0.0000 0.0000 0.0000 0.0000 0.0000 0.0000 0.0000 0.0002 0.0000 0.0000 -0.0006 0.0003 0.0000 0.0004 -0.0006 0.0000 0.0000 0.0001 0.0000 0.0000 0.0000 0.0000 -0.0010 -0.0002 0.0000 0.0002 30.0001 -0.0001 0.0005 -29.9998 0.0000 0.0000 0.0000 1.3441 2.5065 0.8985 1.3441 2.5065 0.8985 -29.8543 82.5382 76.5869 -97.9212 57.6110 -122.7178 -18.1269 11.0817 -34.3360 0.4411 0.7506 2.0701 0.0000 -0.0001 0.0001 0.0000 0.0000 0.0000 0.0000 -0.0006 0.0003 0.0000 -0.0001 0.0001 0.0000 0.0000 0.0000 0.0000 0.0000 0.0000 0.0000 0.0007 0.0001 0.0000 -0.0012 0.0001 0.0000 -0.0008 0.0003 0.0000 0.0001 0.0000 0.0000 0.0000 0.0000 0.0000 -0.0008 0.0000 0.0000 0.0002 -29.9997 -0.0001 -0.0003 29.9996 0.0000 0.0000 0.0000 1.1492 2.2089 178.5468 -11.3750 -8.3180 -1.1364 -0.9517 74.7795 9.9592 0.0000 25.3510 0.0000 3.0148 -9.8498 177.5195 -0.0787 -6.9481 -0.0779 9.1457 61.6882 10.0019 0.0000 25.3508 -0.0001 
12.6044 95.6074 -14.3451 0.1677 -0.4553 -1.1917 -0.2655 1.0691 0.1135 -0.2655 1.0693 0.1136 -0.2663 1.0724 0.1139 42.9328 83.7262 -56.2543 91.9052 57.2283 126.9345 19.6482 1.8191 42.5263 -0.6737 1.5891 -2.6914 0.0000 0.0000 0.0001 0.0000 0.0000 0.0000 0.0000 -0.0013 -0.0008 0.0000 -0.0004 0.0001 0.0000 0.0000 0.0000 0.0000 0.0000 0.0000 0.0000 0.0003 0.0000 0.0000 -0.0006 0.0003 0.0000 0.0004 -0.0006 0.0000 0.0000 0.0001 0.0000 0.0000 0.0000 0.0000 -0.0010 -0.0002 0.0000 0.0002 30.0001 -0.0001 0.0005 -29.9998 0.0000 0.0000 0.0000 1.2359 2.5485 0.9003 1.2359 2.5485 0.9003 -29.7059 82.4991 76.7277 -97.8420 57.5904 -122.8964 -18.0512 10.9283 -34.5756 0.4485 0.7644 2.1078 0.0000 -0.0001 0.0001 0.0000 0.0000 0.0000 0.0000 -0.0006 0.0003 0.0000 -0.0001 0.0001 0.0000 0.0000 0.0000 0.0000 0.0000 0.0000 0.0000 0.0007 0.0001 0.0000 -0.0012 0.0001 0.0000 -0.0008 0.0003 0.0000 0.0001 0.0000 0.0000 0.0000 0.0000 0.0000 -0.0009 0.0000 0.0000 0.0002 -29.9996 -0.0001 -0.0003 29.9996 0.0000 0.0000 0.0000 1.3876 2.1933 178.6274 -11.3551 -8.3713 -1.1374 -1.1314 74.8645 9.6147 0.0000 25.3510 0.0000 3.1030 -9.8474 177.5710 -0.0789 -6.9217 -0.0779 9.3639 61.7639 10.1953 0.0000 25.3508 -0.0001 
12.5869 95.6266 -14.1676 0.0834 -0.3528 -1.2350 -0.2555 1.0735 0.1462 -0.2556 1.0737 0.1462 -0.2563 1.0768 0.1466 42.8490 83.7186 -56.3063 91.9239 57.2747 126.9685 19.4817 1.7151 42.7318 -0.6769 1.5940 -2.7152 0.0000 0.0000 0.0001 0.0000 0.0000 0.0000 0.0000 -0.0013 -0.0008 0.0000 -0.0004 0.0001 0.0000 0.0000 0.0000 0.0000 0.0000 0.0000 0.0000 0.0002 0.0000 0.0000 -0.0006 0.0003 0.0000 0.0004 -0.0006 0.0000 0.0000 0.0001 0.0000 0.0000 0.0000 0.0000 -0.0010 -0.0002 0.0000 0.0002 30.0001 -0.0001 0.0005 -29.9998 0.0000 0.0000 0.0000 1.1304 2.5838 0.9007 1.1304 2.5838 0.9007 -29.6926 82.4865 76.7373 -97.8671 57.5883 -123.0073 -18.0454 10.8313 -34.6487 0.4504 0.7699 2.1208 0.0000 -0.0001 0.0001 0.0000 0.0000 0.0000 0.0000 -0.0006 0.0003 0.0000 -0.0001 0.0001 0.0000 0.0000 0.0000 0.0000 0.0000 0.0000 0.0000 0.0007 0.0001 0.0000 -0.0012 0.0001 0.0000 -0.0008 0.0003 0.0000 0.0001 0.0000 0.0000 0.0000 0.0000 0.0000 -0.0008 0.0000 0.0000 0.0002 -29.9996 -0.0001 -0.0003 29.9996 0.0000 0.0000 0.0000 1.6261 2.1763 178.7104 -11.3748 -8.4450 -1.1341 -1.3340 74.9577 9.2135 0.0000 25.3510 0.0000 3.1861 -9.8354 177.6165 -0.0804 -6.9029 -0.0779 9.6073 61.8618 10.4352 0.0000 25.3508 -0.0001 
12.5587 95.6488 -13.9815 -0.0082 -0.2482 -1.2706 -0.2488 1.0797 0.1760 -0.2489 1.0799 0.1760 -0.2496 1.0830 0.1765 42.7851 83.7186 -56.3598 92.0114 57.3514 126.9186 19.4402 1.6976 42.8029 -0.6757 1.5889 -2.7193 0.0000 0.0000 0.0001 0.0000 0.0000 0.0000 0.0000 -0.0013 -0.0008 0.0000 -0.0004 0.0001 0.0000 0.0000 0.0000 0.0000 0.0000 0.0000 0.0000 0.0003 0.0000 0.0000 -0.0006 0.0003 0.0000 0.0004 -0.0006 0.0000 0.0000 0.0001 0.0000 0.0000 0.0000 0.0000 -0.0010 -0.0002 0.0000 0.0002 30.0001 -0.0001 0.0005 -29.9998 0.0000 0.0000 0.0000 1.0271 2.6142 0.9044 1.0271 2.6142 0.9044 -29.7513 82.4872 76.6724 -97.9808 57.6108 -123.0493 -18.1009 10.7897 -34.5851 0.4477 0.7683 2.1126 0.0000 -0.0001 0.0001 0.0000 0.0000 0.0000 0.0000 -0.0006 0.0003 0.0000 -0.0001 0.0001 0.0000 0.0000 0.0000 0.0000 0.0000 0.0000 0.0000 0.0007 0.0001 0.0000 -0.0012 0.0001 0.0000 -0.0008 0.0003 0.0000 0.0001 0.0000 0.0000 0.0000 0.0000 0.0000 -0.0008 0.0000 0.0000 0.0002 -29.9997 -0.0001 -0.0003 29.9996 0.0000 0.0000 0.0000 1.8671 2.1620 178.7898 -11.4075 -8.5181 -1.1420 -1.5152 75.0407 8.8267 0.0000 25.3510 0.0000 3.2649 -9.8163 177.6615 -0.0808 -6.8742 -0.0779 9.8330 61.9615 10.6705 0.0000 25.3508 -0.0001 
12.5208 95.6726 -13.7961 -0.1028 -0.1415 -1.2980 -0.2456 1.0878 0.2026 -0.2456 1.0880 0.2027 -0.2463 1.0911 0.2032 42.7351 83.7252 -56.4169 92.1679 57.4523 126.8012 19.5077 1.7592 42.7503 -0.6703 1.5745 -2.7053 0.0000 0.0000 0.0001 0.0000 0.0000 0.0000 0.0000 -0.0013 -0.0008 0.0000 -0.0004 0.0001 0.0000 0.0000 0.0000 0.0000 0.0000 0.0000 0.0000 0.0002 0.0000 0.0000 -0.0006 0.0003 0.0000 0.0004 -0.0006 0.0000 0.0000 0.0001 0.0000 0.0000 0.0000 0.0000 -0.0010 -0.0002 0.0000 0.0002 30.0001 -0.0001 0.0005 -29.9998 0.0000 0.0000 0.0000 0.9252 2.6407 0.9126 0.9252 2.6407 0.9126 -29.8886 82.5087 76.5266 -98.1457 57.6517 -123.0261 -18.2106 10.7955 -34.3993 0.4413 0.7610 2.0863 0.0000 -0.0001 0.0001 0.0000 0.0000 0.0000 0.0000 -0.0006 0.0003 0.0000 -0.0001 0.0001 0.0000 0.0000 0.0000 0.0000 0.0000 0.0000 0.0000 0.0007 0.0001 0.0000 -0.0012 0.0001 0.0000 -0.0008 0.0003 0.0000 0.0001 0.0000 0.0000 0.0000 0.0000 0.0000 -0.0009 0.0000 0.0000 0.0002 -29.9997 -0.0001 -0.0003 29.9996 0.0000 0.0000 0.0000 2.1034 2.1516 178.8678 -11.4364 -8.5867 -1.1699 -1.6745 75.1084 8.4763 0.0000 25.3510 0.0000 3.3375 -9.7957 177.7055 -0.0803 -6.8359 -0.0779 10.0225 62.0563 10.8798 0.0000 25.3508 -0.0001 
12.4795 95.6972 -13.6165 -0.1963 -0.0307 -1.3125 -0.2485 1.0998 0.2248 -0.2485 1.1000 0.2248 -0.2492 1.1032 0.2255 42.6979 83.7428 -56.4874 92.4142 57.5785 126.5881 19.7264 1.9304 42.5174 -0.6590 1.5471 -2.6655 0.0000 0.0000 0.0001 0.0000 0.0000 0.0000 0.0000 -0.0013 -0.0008 0.0000 -0.0004 0.0001 0.0000 0.0000 0.0000 0.0000 0.0000 0.0000 0.0000 0.0002 0.0000 0.0000 -0.0006 0.0003 0.0000 0.0004 -0.0006 0.0000 0.0000 0.0001 0.0000 0.0000 0.0000 0.0000 -0.0010 -0.0002 0.0000 0.0002 30.0001 -0.0001 0.0005 -29.9998 0.0000 0.0000 0.0000 0.8271 2.6558 0.9253 0.8271 2.6558 0.9253 -30.1108 82.5547 76.2919 -98.3218 57.7066 -122.8856 -18.3833 10.8722 -34.0294 0.4305 0.7479 2.0369 0.0000 -0.0001 0.0001 0.0000 0.0000 0.0000 0.0000 -0.0006 0.0003 0.0000 -0.0001 0.0001 0.0000 0.0000 0.0000 0.0000 0.0000 0.0000 0.0000 0.0007 0.0001 0.0000 -0.0012 0.0001 0.0000 -0.0008 0.0003 0.0000 0.0001 0.0000 0.0000 0.0000 0.0000 0.0000 -0.0008 0.0000 0.0000 0.0002 -29.9996 -0.0001 -0.0003 29.9996 0.0000 0.0000 0.0000 2.3305 2.1393 178.9431 -11.4531 -8.6630 -1.2148 -1.8423 75.1576 8.1402 0.0000 25.3510 0.0000 3.3946 -9.7781 177.7417 -0.0797 -6.7869 -0.0780 10.1377 62.1408 11.0284 0.0000 25.3508 -0.0001 
12.4385 95.7222 -13.4357 -0.2851 0.0840 -1.3148 -0.2556 1.1160 0.2429 -0.2556 1.1161 0.2429 -0.2564 1.1194 0.2436 42.6423 83.7694 -56.5936 92.6974 57.7015 126.2793 20.0484 2.1636 42.1533 -0.6433 1.5115 -2.6056 0.0000 0.0000 0.0001 0.0000 0.0000 0.0000 0.0000 -0.0013 -0.0008 0.0000 -0.0004 0.0001 0.0000 0.0000 0.0000 0.0000 0.0000 0.0000 0.0000 0.0002 0.0000 0.0000 -0.0006 0.0003 0.0000 0.0004 -0.0006 0.0000 0.0000 0.0001 0.0000 0.0000 0.0000 0.0000 -0.0010 -0.0002 0.0000 0.0002 30.0001 -0.0001 0.0005 -29.9998 0.0000 0.0000 0.0000 0.7370 2.6522 0.9373 0.7370 2.6522 0.9373 -30.3845 82.6145 76.0034 -98.4744 57.7745 -122.5902 -18.6153 10.9961 -33.5667 0.4169 0.7309 1.9702 0.0000 -0.0001 0.0001 0.0000 0.0000 0.0000 0.0000 -0.0006 0.0003 0.0000 -0.0001 0.0001 0.0000 0.0000 0.0000 0.0000 0.0000 0.0000 0.0000 0.0007 0.0001 0.0000 -0.0011 0.0001 0.0000 -0.0008 0.0003 0.0000 0.0001 0.0000 0.0000 0.0000 0.0000 0.0000 -0.0009 0.0000 0.0000 0.0002 -29.9996 -0.0001 -0.0003 29.9996 0.0000 0.0000 0.0000 2.5538 2.1185 179.0120 -11.4623 -8.7632 -1.2566 -2.0586 75.1961 7.7574 0.0000 25.3510 0.0000 3.4394 -9.7630 177.7698 -0.0795 -6.7372 -0.0780 10.1822 62.2240 11.1095 0.0000 25.3508 -0.0001 
12.3885 95.7483 -13.2498 -0.3670 0.2015 -1.3051 -0.2639 1.1345 0.2555 -0.2639 1.1347 0.2555 -0.2647 1.1380 0.2562 42.5912 83.8035 -56.6996 92.9841 57.8088 125.8843 20.4442 2.4418 41.6776 -0.6242 1.4701 -2.5291 0.0000 0.0000 0.0001 0.0000 0.0000 0.0000 0.0000 -0.0013 -0.0008 0.0000 -0.0004 0.0001 0.0000 0.0000 0.0000 0.0000 0.0000 0.0000 0.0000 0.0002 0.0000 0.0000 -0.0006 0.0003 0.0000 0.0004 -0.0006 0.0000 0.0000 0.0001 0.0000 0.0000 0.0000 0.0000 -0.0010 -0.0002 0.0000 0.0002 30.0001 -0.0001 0.0005 -29.9998 0.0000 0.0000 0.0000 0.6447 2.6338 0.9503 0.6447 2.6338 0.9503 -30.7136 82.6883 75.6634 -98.5890 57.8462 -122.1666 -18.8788 11.1743 -33.0203 0.4013 0.7106 1.8906 0.0000 -0.0001 0.0001 0.0000 0.0000 0.0000 0.0000 -0.0006 0.0003 0.0000 -0.0001 0.0001 0.0000 0.0000 0.0000 0.0000 0.0000 0.0000 0.0000 0.0007 0.0001 0.0000 -0.0012 0.0001 0.0000 -0.0008 0.0003 0.0000 0.0001 0.0000 0.0000 0.0000 0.0000 0.0000 -0.0009 0.0000 0.0000 0.0002 -29.9997 -0.0001 -0.0003 29.9996 0.0000 0.0000 0.0000 2.7642 2.0932 179.0760 -11.4626 -8.8816 -1.3028 -2.3060 75.2313 7.3498 0.0000 25.3510 0.0000 3.4736 -9.7487 177.7950 -0.0793 -6.6907 -0.0781 10.1529 62.3121 11.1145 0.0000 25.3508 -0.0001 
12.3110 95.7768 -13.0542 -0.4350 0.3215 -1.2765 -0.2732 1.1556 0.2591 -0.2733 1.1558 0.2591 -0.2740 1.1592 0.2598 42.5580 83.8561 -56.7799 93.2078 57.8859 125.3722 20.9155 2.8038 41.0460 -0.6020 1.4227 -2.4334 0.0000 0.0000 0.0001 0.0000 0.0000 0.0000 0.0000 -0.0013 -0.0008 0.0000 -0.0004 0.0001 0.0000 0.0000 0.0000 0.0000 0.0000 0.0000 0.0000 0.0002 0.0000 0.0000 -0.0006 0.0003 0.0000 0.0004 -0.0006 0.0000 0.0000 0.0001 0.0000 0.0000 0.0000 0.0000 -0.0010 -0.0002 0.0000 0.0002 30.0001 -0.0001 0.0005 -29.9998 0.0000 0.0000 0.0000 0.5490 2.5969 0.9624 0.5490 2.5969 0.9624 -31.1723 82.7860 75.2046 -98.6141 57.9048 -121.5698 -19.1462 11.4512 -32.3519 0.3848 0.6888 1.8002 0.0000 -0.0001 0.0001 0.0000 0.0000 0.0000 0.0000 -0.0006 0.0003 0.0000 -0.0001 0.0001 0.0000 0.0000 0.0000 0.0000 0.0000 0.0000 0.0000 0.0007 0.0001 0.0000 -0.0012 0.0001 0.0000 -0.0008 0.0003 0.0000 0.0001 0.0000 0.0000 0.0000 0.0000 0.0000 -0.0008 0.0000 0.0000 0.0002 -29.9996 -0.0001 -0.0003 29.9996 0.0000 0.0000 0.0000 2.9443 2.0631 179.1312 -11.4430 -9.0191 -1.3579 -2.6172 75.2583 6.8923 0.0000 25.3510 0.0000 3.4868 -9.7358 177.8234 -0.0781 -6.6565 -0.0782 10.0082 62.4144 11.0026 0.0000 25.3508 -0.0001 
12.2150 95.8077 -12.8524 -0.4922 0.4424 -1.2331 -0.2840 1.1787 0.2559 -0.2840 1.1789 0.2560 -0.2848 1.1823 0.2567 42.5053 83.9165 -56.8767 93.3554 57.9310 124.7080 21.4252 3.2334 40.3733 -0.5784 1.3710 -2.3255 0.0000 0.0000 0.0001 0.0000 0.0000 0.0000 0.0000 -0.0013 -0.0008 0.0000 -0.0004 0.0001 0.0000 0.0000 0.0000 0.0000 0.0000 0.0000 0.0000 0.0002 0.0000 0.0000 -0.0006 0.0003 0.0000 0.0004 -0.0006 0.0000 0.0000 0.0001 0.0000 0.0000 0.0000 0.0000 -0.0010 -0.0002 0.0000 0.0002 30.0001 -0.0001 0.0005 -29.9998 0.0000 0.0000 0.0000 0.4549 2.5503 0.9714 0.4549 2.5503 0.9714 -31.7264 82.8914 74.6545 -98.5587 57.9444 -120.8426 -19.4285 11.7822 -31.6359 0.3680 0.6668 1.7042 0.0000 -0.0001 0.0001 0.0000 0.0000 0.0000 0.0000 -0.0006 0.0003 0.0000 -0.0001 0.0001 0.0000 0.0000 0.0000 0.0000 0.0000 0.0000 0.0000 0.0007 0.0001 0.0000 -0.0012 0.0001 0.0000 -0.0008 0.0003 0.0000 0.0001 0.0000 0.0000 0.0000 0.0000 0.0000 -0.0009 0.0000 0.0000 0.0002 -29.9997 -0.0001 -0.0003 29.9996 0.0000 0.0000 0.0000 3.1121 2.0271 179.1754 -11.4040 -9.1755 -1.4078 -2.9946 75.2840 6.3624 0.0000 25.3511 0.0000 3.4808 -9.7276 177.8512 -0.0769 -6.6393 -0.0783 9.7921 62.5294 10.8243 0.0000 25.3508 -0.0001 
12.1120 95.8406 -12.6470 -0.5420 0.5634 -1.1783 -0.2968 1.2031 0.2482 -0.2969 1.2033 0.2482 -0.2977 1.2067 0.2489 42.4392 83.9779 -56.9936 93.4293 57.9436 123.9253 21.9499 3.7051 39.6980 -0.5548 1.3178 -2.2124 0.0000 0.0000 0.0001 0.0000 0.0000 0.0000 0.0000 -0.0013 -0.0008 0.0000 -0.0004 0.0001 0.0000 0.0000 0.0000 0.0000 0.0000 0.0000 0.0000 0.0002 0.0000 0.0000 -0.0006 0.0003 0.0000 0.0004 -0.0006 0.0000 0.0000 0.0001 0.0000 0.0000 0.0000 0.0000 -0.0010 -0.0002 0.0000 0.0002 30.0001 -0.0001 0.0005 -29.9998 0.0000 0.0000 0.0000 0.3659 2.4993 0.9758 0.3659 2.4993 0.9758 -32.3408 82.9971 74.0421 -98.4474 57.9625 -119.9995 -19.7355 12.1340 -30.9221 0.3511 0.6450 1.6052 0.0000 -0.0001 0.0001 0.0000 0.0000 0.0000 0.0000 -0.0006 0.0003 0.0000 -0.0001 0.0001 0.0000 0.0000 0.0000 0.0000 0.0000 0.0000 0.0000 0.0007 0.0001 0.0000 -0.0012 0.0001 0.0000 -0.0008 0.0003 0.0000 0.0001 0.0000 0.0000 0.0000 0.0000 0.0000 -0.0009 0.0000 0.0000 0.0002 -29.9996 -0.0001 -0.0003 29.9996 0.0000 0.0000 0.0000 3.2737 1.9907 179.2130 -11.3440 -9.3420 -1.4578 -3.4178 75.3084 5.7813 0.0000 25.3510 0.0000 3.4647 -9.7233 177.8731 -0.0757 -6.6365 -0.0783 9.5426 62.6529 10.6150 0.0000 25.3508 -0.0001 
12.0169 95.8748 -12.4381 -0.5826 0.6850 -1.1089 -0.3133 1.2287 0.2360 -0.3134 1.2289 0.2361 -0.3143 1.2324 0.2367 42.3510 84.0421 -57.1501 93.4168 57.9122 123.0303 22.4789 4.2153 39.0424 -0.5317 1.2640 -2.0967 0.0000 0.0000 0.0001 0.0000 0.0000 0.0000 0.0000 -0.0013 -0.0008 0.0000 -0.0004 0.0001 0.0000 0.0000 0.0000 0.0000 0.0000 0.0000 0.0000 0.0002 0.0000 0.0000 -0.0006 0.0003 0.0000 0.0004 -0.0006 0.0000 0.0000 0.0001 0.0000 0.0000 0.0000 0.0000 -0.0010 -0.0002 0.0000 0.0002 30.0001 -0.0001 0.0005 -29.9998 0.0000 0.0000 0.0000 0.2826 2.4483 0.9737 0.2826 2.4483 0.9737 -33.0208 83.0924 73.3589 -98.2512 57.9120 -119.0528 -20.0104 12.5294 -30.1929 0.3345 0.6236 1.5057 0.0000 -0.0001 0.0001 0.0000 0.0000 0.0000 0.0000 -0.0007 0.0003 0.0000 -0.0001 0.0001 0.0000 0.0000 0.0000 0.0000 0.0000 0.0000 0.0000 0.0007 0.0001 0.0000 -0.0012 0.0001 0.0000 -0.0008 0.0003 0.0000 0.0001 0.0000 0.0000 0.0000 0.0000 0.0000 -0.0009 0.0000 0.0000 0.0002 -29.9996 -0.0001 -0.0003 29.9996 0.0000 0.0000 0.0000 3.4091 1.9606 179.2419 -11.2559 -9.5053 -1.5230 -3.8550 75.3331 5.2003 0.0000 25.3510 0.0000 3.4454 -9.7183 177.8752 -0.0751 -6.6399 -0.0784 9.2902 62.7801 10.4025 0.0000 25.3508 -0.0001 
11.9348 95.9094 -12.2257 -0.6181 0.8083 -1.0321 -0.3325 1.2546 0.2229 -0.3325 1.2549 0.2230 -0.3335 1.2585 0.2236 42.2154 84.1097 -57.3699 93.3672 57.8465 122.1057 22.9825 4.7351 38.4202 -0.5091 1.2108 -1.9843 0.0000 0.0000 0.0001 0.0000 0.0000 0.0000 0.0000 -0.0013 -0.0008 0.0000 -0.0004 0.0001 0.0000 0.0000 0.0000 0.0000 0.0000 0.0000 0.0000 0.0003 -0.0001 0.0000 -0.0006 0.0003 0.0000 0.0004 -0.0006 0.0000 0.0000 0.0001 0.0000 0.0000 0.0000 0.0000 -0.0010 -0.0002 0.0000 0.0003 30.0001 -0.0001 0.0005 -29.9998 0.0000 0.0000 0.0000 0.2100 2.3965 0.9673 0.2100 2.3965 0.9673 -33.7376 83.1698 72.6374 -98.0047 57.8004 -118.0641 -20.2240 12.9520 -29.4815 0.3188 0.6030 1.4112 0.0000 -0.0001 0.0001 0.0000 0.0000 0.0000 0.0000 -0.0006 0.0003 0.0000 -0.0001 0.0001 0.0000 0.0000 0.0000 0.0000 0.0000 0.0000 0.0000 0.0007 0.0001 0.0000 -0.0012 0.0001 0.0000 -0.0008 0.0003 0.0000 0.0001 0.0000 0.0000 0.0000 0.0000 0.0000 -0.0009 0.0000 0.0000 0.0002 -29.9996 -0.0001 -0.0003 29.9996 0.0000 0.0000 0.0000 3.5119 1.9341 179.2574 -11.1496 -9.6507 -1.5931 -4.2976 75.3460 4.6417 0.0000 25.3510 0.0000 3.4260 -9.7097 177.8611 -0.0747 -6.6406 -0.0784 9.0378 62.9050 10.1929 0.0000 25.3508 -0.0001 
11.8608 95.9431 -12.0114 -0.6498 0.9350 -0.9511 -0.3542 1.2801 0.2100 -0.3542 1.2803 0.2100 -0.3552 1.2840 0.2106 42.0478 84.1755 -57.6387 93.3186 57.7525 121.1606 23.4504 5.2334 37.8780 -0.4875 1.1585 -1.8773 0.0000 0.0000 0.0001 0.0000 0.0000 0.0000 0.0000 -0.0013 -0.0008 0.0000 -0.0004 0.0001 0.0000 0.0000 0.0000 0.0000 0.0000 0.0000 0.0000 0.0002 0.0000 0.0000 -0.0006 0.0003 0.0000 0.0004 -0.0006 0.0000 0.0000 0.0001 0.0000 0.0000 0.0000 0.0000 -0.0010 -0.0002 0.0000 0.0002 30.0001 -0.0001 0.0005 -29.9998 0.0000 0.0000 0.0000 0.1505 2.3433 0.9564 0.1505 2.3433 0.9564 -34.4780 83.2349 71.8918 -97.7348 57.6414 -117.0767 -20.3877 13.3715 -28.8127 0.3042 0.5837 1.3236 0.0000 -0.0001 0.0001 0.0000 0.0000 0.0000 0.0000 -0.0006 0.0003 0.0000 -0.0001 0.0001 0.0000 0.0000 0.0000 0.0000 0.0000 0.0000 0.0000 0.0007 0.0001 0.0000 -0.0012 0.0001 0.0000 -0.0008 0.0003 0.0000 0.0001 0.0000 0.0000 0.0000 0.0000 0.0000 -0.0009 0.0000 0.0000 0.0002 -29.9996 -0.0001 -0.0003 29.9996 0.0000 0.0000 0.0000 3.5896 1.9071 179.2614 -11.0351 -9.7878 -1.6603 -4.7518 75.3541 4.0904 0.0000 25.3510 0.0000 3.4062 -9.6993 177.8374 -0.0745 -6.6349 -0.0784 8.7748 63.0259 9.9749 0.0000 25.3508 -0.0001 
11.7846 95.9756 -11.7965 -0.6774 1.0679 -0.8676 -0.3787 1.3035 0.1988 -0.3788 1.3037 0.1988 -0.3799 1.3075 0.1994 41.8815 84.2283 -57.9289 93.2900 57.6323 120.2853 23.8337 5.6873 37.4531 -0.4682 1.1104 -1.7839 0.0000 0.0000 0.0001 0.0000 0.0000 0.0000 0.0000 -0.0013 -0.0008 0.0000 -0.0004 0.0001 0.0000 0.0000 0.0000 0.0000 0.0000 0.0000 0.0000 0.0002 0.0000 0.0000 -0.0006 0.0003 0.0000 0.0004 -0.0006 0.0000 0.0000 0.0001 0.0000 0.0000 0.0000 0.0000 -0.0010 -0.0002 0.0000 0.0002 30.0001 -0.0001 0.0005 -29.9998 0.0000 0.0000 0.0000 0.1107 2.2865 0.9365 0.1107 2.2865 0.9365 -35.2253 83.2958 71.1407 -97.4664 57.4360 -116.1584 -20.4942 13.7454 -28.2507 0.2915 0.5669 1.2483 0.0000 -0.0001 0.0001 0.0000 0.0000 0.0000 0.0000 -0.0006 0.0003 0.0000 -0.0001 0.0001 0.0000 0.0000 0.0000 0.0000 0.0000 0.0000 0.0000 0.0007 0.0001 0.0000 -0.0012 0.0001 0.0000 -0.0008 0.0003 0.0000 0.0001 0.0000 0.0000 0.0000 0.0000 0.0000 -0.0008 0.0000 0.0000 0.0002 -29.9996 -0.0001 -0.0003 29.9996 0.0000 0.0000 0.0000 3.6294 1.8781 179.2563 -10.9223 -9.9119 -1.7249 -5.2189 75.3555 3.5526 0.0000 25.3510 0.0000 3.3893 -9.6966 177.8135 -0.0738 -6.6338 -0.0784 8.4717 63.1473 9.7144 0.0000 25.3508 -0.0001 
11.6954 96.0068 -11.5809 -0.6995 1.2055 -0.7808 -0.4077 1.3257 0.1890 -0.4078 1.3259 0.1891 -0.4089 1.3297 0.1896 41.7550 84.2797 -58.1878 93.2851 57.5257 119.5322 24.1420 6.0821 37.1396 -0.4521 1.0685 -1.7074 0.0000 0.0000 0.0001 0.0000 0.0000 0.0000 0.0000 -0.0013 -0.0008 0.0000 -0.0004 0.0001 0.0000 0.0000 0.0000 0.0000 0.0000 0.0000 0.0000 0.0002 -0.0001 0.0000 -0.0006 0.0003 0.0000 0.0004 -0.0006 0.0000 0.0000 0.0001 0.0000 0.0000 0.0000 0.0000 -0.0010 -0.0002 0.0000 0.0003 30.0001 -0.0001 0.0005 -29.9998 0.0000 0.0000 0.0000 0.0879 2.2257 0.9091 0.0879 2.2257 0.9091 -35.9237 83.3497 70.4280 -97.2529 57.2387 -115.3710 -20.5438 14.0835 -27.7619 0.2806 0.5517 1.1851 0.0000 -0.0001 0.0001 0.0000 0.0000 0.0000 0.0000 -0.0006 0.0003 0.0000 -0.0001 0.0001 0.0000 0.0000 0.0000 0.0000 0.0000 0.0000 0.0000 0.0007 0.0001 0.0000 -0.0012 0.0001 0.0000 -0.0008 0.0003 0.0000 0.0001 0.0000 0.0000 0.0000 0.0000 0.0000 -0.0009 0.0000 0.0000 0.0002 -29.9997 -0.0001 -0.0003 29.9996 0.0000 0.0000 0.0000 3.6443 1.8522 179.2422 -10.8252 -10.0211 -1.7820 -5.6906 75.3525 3.0166 0.0000 25.3510 0.0000 3.3712 -9.6988 177.7961 -0.0722 -6.6341 -0.0785 8.1109 63.2688 9.3915 0.0000 25.3508 -0.0001 
11.5937 96.0377 -11.3641 -0.7162 1.3460 -0.6887 -0.4384 1.3454 0.1782 -0.4385 1.3456 0.1782 -0.4397 1.3495 0.1787 41.6878 84.3290 -58.3848 93.3114 57.4442 118.9136 24.3891 6.4181 36.9293 -0.4397 1.0345 -1.6476 0.0000 0.0000 0.0001 0.0000 0.0000 0.0000 0.0000 -0.0013 -0.0008 0.0000 -0.0004 0.0001 0.0000 0.0000 0.0000 0.0000 0.0000 0.0000 0.0000 0.0002 -0.0001 0.0000 -0.0006 0.0003 0.0000 0.0004 -0.0006 0.0000 0.0000 0.0001 0.0000 0.0000 0.0000 0.0000 -0.0010 -0.0002 0.0000 0.0002 30.0001 -0.0001 0.0005 -29.9998 0.0000 0.0000 0.0000 0.0735 2.1663 0.8790 0.0735 2.1663 0.8790 -36.5513 83.4004 69.7824 -97.1156 57.0813 -114.7389 -20.5714 14.3810 -27.3520 0.2714 0.5380 1.1335 0.0000 -0.0001 0.0001 0.0000 0.0000 0.0000 0.0000 -0.0006 0.0003 0.0000 -0.0001 0.0001 0.0000 0.0000 0.0000 0.0000 0.0000 0.0000 0.0000 0.0007 0.0001 0.0000 -0.0012 0.0001 0.0000 -0.0008 0.0003 0.0000 0.0001 0.0000 0.0000 0.0000 0.0000 0.0000 -0.0009 0.0000 0.0000 0.0002 -29.9996 -0.0001 -0.0003 29.9996 0.0000 0.0000 0.0000 3.6525 1.8332 179.2181 -10.7416 -10.1151 -1.8291 -6.1634 75.3463 2.4724 0.0000 25.3510 0.0000 3.3483 -9.7043 177.7832 -0.0703 -6.6372 -0.0786 7.6904 63.3908 9.0065 0.0000 25.3508 -0.0001 
11.4769 96.0694 -11.1473 -0.7247 1.4873 -0.5865 -0.4701 1.3605 0.1636 -0.4702 1.3608 0.1636 -0.4715 1.3647 0.1640 41.7592 84.3712 -58.4335 93.3810 57.4006 118.5163 24.5451 6.6502 36.8813 -0.4326 1.0117 -1.6123 0.0000 0.0000 0.0001 0.0000 0.0000 0.0000 0.0000 -0.0013 -0.0008 0.0000 -0.0004 0.0001 0.0000 0.0000 0.0000 0.0000 0.0000 0.0000 0.0000 0.0003 -0.0001 0.0000 -0.0006 0.0003 0.0000 0.0004 -0.0006 0.0000 0.0000 0.0001 0.0000 0.0000 0.0000 0.0000 -0.0010 -0.0002 0.0000 0.0002 30.0001 -0.0001 0.0005 -29.9998 0.0000 0.0000 0.0000 0.0616 2.1205 0.8497 0.0616 2.1205 0.8497 -37.0217 83.4503 69.2893 -97.0863 57.0061 -114.3610 -20.6003 14.5995 -27.0772 0.2649 0.5272 1.0987 0.0000 -0.0001 0.0001 0.0000 0.0000 0.0000 0.0000 -0.0006 0.0003 0.0000 -0.0001 0.0001 0.0000 0.0000 0.0000 0.0000 0.0000 0.0000 0.0000 0.0007 0.0001 0.0000 -0.0011 0.0001 0.0000 -0.0008 0.0003 0.0000 0.0001 0.0000 0.0000 0.0000 0.0000 0.0000 -0.0009 0.0000 0.0000 0.0002 -29.9997 -0.0001 -0.0003 29.9996 0.0000 0.0000 0.0000 3.6672 1.8209 179.1808 -10.6762 -10.1921 -1.8646 -6.6152 75.3358 1.9299 0.0000 25.3510 0.0000 3.3181 -9.7119 177.7723 -0.0683 -6.6442 -0.0788 7.2079 63.5143 8.5549 0.0000 25.3508 -0.0001 
11.3494 96.1025 -10.9354 -0.7294 1.6239 -0.4779 -0.4970 1.3713 0.1452 -0.4971 1.3716 0.1452 -0.4985 1.3755 0.1456 41.9613 84.4106 -58.3277 93.4518 57.3893 118.3020 24.6311 6.7924 36.9563 -0.4296 0.9977 -1.5959 0.0000 0.0000 0.0001 0.0000 0.0000 0.0000 0.0000 -0.0013 -0.0008 0.0000 -0.0004 0.0001 0.0000 0.0000 0.0000 0.0000 0.0000 0.0000 0.0000 0.0002 -0.0001 0.0000 -0.0006 0.0003 0.0000 0.0004 -0.0006 0.0000 0.0000 0.0001 0.0000 0.0000 0.0000 0.0000 -0.0010 -0.0002 0.0000 0.0002 30.0001 -0.0001 0.0005 -29.9998 0.0000 0.0000 0.0000 0.0366 2.1005 0.8247 0.0365 2.1005 0.8247 -37.3525 83.4913 68.9405 -97.1238 56.9951 -114.1897 -20.6466 14.7403 -26.9338 0.2613 0.5202 1.0795 0.0000 -0.0001 0.0001 0.0000 0.0000 0.0000 0.0000 -0.0006 0.0003 0.0000 -0.0001 0.0001 0.0000 0.0000 0.0000 0.0000 0.0000 0.0000 0.0000 0.0007 0.0001 0.0000 -0.0012 0.0001 0.0000 -0.0008 0.0003 0.0000 0.0001 0.0000 0.0000 0.0000 0.0000 0.0000 -0.0009 0.0000 0.0000 0.0002 -29.9997 -0.0001 -0.0003 29.9996 0.0000 0.0000 0.0000 3.6929 1.8140 179.1351 -10.6214 -10.2590 -1.8946 -7.0340 75.3228 1.4086 0.0000 25.3510 0.0000 3.2905 -9.7210 177.7617 -0.0661 -6.6584 -0.0789 6.7125 63.6376 8.0813 0.0000 25.3508 -0.0001 
11.2169 96.1362 -10.7308 -0.7317 1.7528 -0.3657 -0.5179 1.3776 0.1238 -0.5180 1.3779 0.1238 -0.5194 1.3818 0.1241 42.2539 84.4483 -58.1069 93.5114 57.4093 118.2455 24.6767 6.8643 37.1049 -0.4297 0.9910 -1.5939 0.0000 0.0000 0.0001 0.0000 0.0000 0.0000 0.0000 -0.0013 -0.0008 0.0000 -0.0004 0.0001 0.0000 0.0000 0.0000 0.0000 0.0000 0.0000 0.0000 0.0002 -0.0001 0.0000 -0.0007 0.0003 0.0000 0.0004 -0.0006 0.0000 0.0000 0.0001 0.0000 0.0000 0.0000 0.0000 -0.0010 -0.0002 0.0000 0.0002 30.0001 -0.0001 0.0005 -29.9998 0.0000 0.0000 0.0000 -0.0077 2.1111 0.8054 -0.0077 2.1111 0.8054 -37.5713 83.5153 68.7112 -97.2034 57.0284 -114.1851 -20.7012 14.8229 -26.9095 0.2601 0.5164 1.0727 0.0000 -0.0001 0.0001 0.0000 0.0000 0.0000 0.0000 -0.0006 0.0003 0.0000 -0.0001 0.0001 0.0000 0.0000 0.0000 0.0000 0.0000 0.0000 0.0000 0.0007 0.0001 0.0000 -0.0012 0.0001 0.0000 -0.0008 0.0003 0.0000 0.0001 0.0000 0.0000 0.0000 0.0000 0.0000 -0.0008 0.0000 0.0000 0.0002 -29.9996 -0.0001 -0.0003 29.9996 0.0000 0.0000 0.0000 3.7251 1.8098 179.0848 -10.5712 -10.3213 -1.9219 -7.4229 75.3090 0.9164 0.0000 25.3510 0.0000 3.2692 -9.7285 177.7494 -0.0639 -6.6768 -0.0790 6.2301 63.7583 7.6113 0.0000 25.3508 -0.0001 
11.0885 96.1688 -10.5407 -0.7304 1.8657 -0.2540 -0.5260 1.3754 0.0981 -0.5261 1.3757 0.0981 -0.5276 1.3796 0.0984 42.6432 84.4843 -57.7472 93.5491 57.4775 118.4108 24.6852 6.8291 37.3547 -0.4344 0.9956 -1.6118 0.0000 0.0000 0.0001 0.0000 0.0000 0.0000 0.0000 -0.0013 -0.0008 0.0000 -0.0004 0.0001 0.0000 0.0000 0.0000 0.0000 0.0000 0.0000 0.0000 0.0002 0.0000 0.0000 -0.0006 0.0003 0.0000 0.0004 -0.0006 0.0000 0.0000 0.0001 0.0000 0.0000 0.0000 0.0000 -0.0010 -0.0002 0.0000 0.0002 30.0001 -0.0001 0.0005 -29.9998 0.0000 0.0000 0.0000 -0.0981 2.1815 0.8008 -0.0981 2.1815 0.8008 -37.6763 83.5105 68.6186 -97.3035 57.0855 -114.3900 -20.7255 14.8479 -27.0423 0.2626 0.5170 1.0838 0.0000 -0.0001 0.0001 0.0000 0.0000 0.0000 0.0000 -0.0006 0.0003 0.0000 -0.0001 0.0001 0.0000 0.0000 0.0000 0.0000 0.0000 0.0000 0.0000 0.0007 0.0001 0.0000 -0.0012 0.0001 0.0000 -0.0008 0.0003 0.0000 0.0001 0.0000 0.0000 0.0000 0.0000 0.0000 -0.0009 0.0000 0.0000 0.0002 -29.9997 -0.0001 -0.0003 29.9996 0.0000 0.0000 0.0000 3.7501 1.8058 179.0404 -10.5293 -10.3864 -1.9541 -7.7764 75.2958 0.4739 0.0000 25.3510 0.0000 3.2608 -9.7265 177.7311 -0.0620 -6.6923 -0.0791 5.8177 63.8710 7.1993 0.0000 25.3508 -0.0001 
10.9767 96.1987 -10.3648 -0.7242 1.9613 -0.1504 -0.5237 1.3666 0.0711 -0.5238 1.3668 0.0712 -0.5253 1.3707 0.0713 43.0337 84.5140 -57.3543 93.5406 57.5659 118.7148 24.6514 6.7358 37.6729 -0.4429 1.0086 -1.6448 0.0000 0.0000 0.0001 0.0000 0.0000 0.0000 0.0000 -0.0013 -0.0008 0.0000 -0.0004 0.0001 0.0000 0.0000 0.0000 0.0000 0.0000 0.0000 0.0000 0.0002 -0.0001 0.0000 -0.0006 0.0003 0.0000 0.0004 -0.0006 0.0000 0.0000 0.0001 0.0000 0.0000 0.0000 0.0000 -0.0010 -0.0002 0.0000 0.0002 30.0001 -0.0001 0.0005 -29.9998 0.0000 0.0000 0.0000 -0.2380 2.3093 0.8141 -0.2380 2.3093 0.8141 -37.7121 83.4777 68.6115 -97.3567 57.1240 -114.6965 -20.6866 14.8497 -27.2992 0.2683 0.5213 1.1085 0.0000 -0.0001 0.0001 0.0000 0.0000 0.0000 0.0000 -0.0006 0.0003 0.0000 -0.0001 0.0001 0.0000 0.0000 0.0000 0.0000 0.0000 0.0000 0.0000 0.0007 0.0001 0.0000 -0.0012 0.0001 0.0000 -0.0008 0.0003 0.0000 0.0001 0.0000 0.0000 0.0000 0.0000 0.0000 -0.0009 0.0000 0.0000 0.0002 -29.9996 -0.0001 -0.0003 29.9996 0.0000 0.0000 0.0000 3.7519 1.8005 179.0080 -10.5054 -10.4573 -1.9881 -8.1103 75.2816 0.0674 0.0000 25.3510 0.0000 3.2647 -9.7103 177.7060 -0.0608 -6.6993 -0.0792 5.5088 63.9735 6.8822 0.0000 25.3508 -0.0001 
10.8817 96.2261 -10.2027 -0.7123 2.0406 -0.0568 -0.5138 1.3530 0.0447 -0.5139 1.3533 0.0447 -0.5153 1.3571 0.0448 43.3848 84.5371 -56.9794 93.4739 57.6609 119.1089 24.5692 6.6106 38.0478 -0.4546 1.0282 -1.6898 0.0000 0.0000 0.0001 0.0000 0.0000 0.0000 0.0000 -0.0013 -0.0008 0.0000 -0.0004 0.0001 0.0000 0.0000 0.0000 0.0000 0.0000 0.0000 0.0000 0.0002 0.0000 0.0000 -0.0006 0.0003 0.0000 0.0004 -0.0006 0.0000 0.0000 0.0001 0.0000 0.0000 0.0000 0.0000 -0.0010 -0.0002 0.0000 0.0002 30.0001 -0.0001 0.0005 -29.9998 0.0000 0.0000 0.0000 -0.4220 2.4837 0.8394 -0.4220 2.4837 0.8394 -37.7037 83.4205 68.6597 -97.3503 57.1379 -115.0651 -20.5890 14.8324 -27.6606 0.2767 0.5288 1.1446 0.0000 -0.0001 0.0001 0.0000 0.0000 0.0000 0.0000 -0.0006 0.0003 0.0000 -0.0001 0.0001 0.0000 0.0000 0.0000 0.0000 0.0000 0.0000 0.0000 0.0007 0.0001 0.0000 -0.0012 0.0001 0.0000 -0.0008 0.0003 0.0000 0.0001 0.0000 0.0000 0.0000 0.0000 0.0000 -0.0009 0.0000 0.0000 0.0002 -29.9997 -0.0001 -0.0003 29.9996 0.0000 0.0000 0.0000 3.7368 1.7996 178.9864 -10.4942 -10.5291 -2.0194 -8.4314 75.2654 -0.3139 0.0000 25.3510 0.0000 3.2782 -9.6804 177.6767 -0.0603 -6.6970 -0.0792 5.2974 64.0648 6.6557 0.0000 25.3508 -0.0001 
10.8021 96.2508 -10.0598 -0.6882 2.0970 0.0215 -0.4974 1.3342 0.0204 -0.4975 1.3344 0.0204 -0.4989 1.3382 0.0204 43.6253 84.5443 -56.6978 93.3298 57.7600 119.6000 24.4182 6.4594 38.4980 -0.4716 1.0580 -1.7527 0.0000 0.0000 0.0001 0.0000 0.0000 0.0000 0.0000 -0.0013 -0.0008 0.0000 -0.0004 0.0001 0.0000 0.0000 0.0000 0.0000 0.0000 0.0000 0.0000 0.0002 0.0000 0.0000 -0.0006 0.0003 0.0000 0.0004 -0.0006 0.0000 0.0000 0.0001 0.0000 0.0000 0.0000 0.0000 -0.0010 -0.0002 0.0000 0.0002 30.0001 -0.0001 0.0005 -29.9998 0.0000 0.0000 0.0000 -0.6646 2.7124 0.8739 -0.6646 2.7123 0.8739 -37.6343 83.3331 68.7738 -97.2522 57.1153 -115.4982 -20.4156 14.7832 -28.1452 0.2887 0.5412 1.1957 0.0000 -0.0001 0.0001 0.0000 0.0000 0.0000 0.0000 -0.0006 0.0003 0.0000 -0.0001 0.0001 0.0000 0.0000 0.0000 0.0000 0.0000 0.0000 0.0000 0.0007 0.0001 0.0000 -0.0012 0.0001 0.0000 -0.0008 0.0003 0.0000 0.0001 0.0000 0.0000 0.0000 0.0000 0.0000 -0.0009 0.0000 0.0000 0.0002 -29.9996 -0.0001 -0.0003 29.9996 0.0000 0.0000 0.0000 3.7089 1.8231 178.9837 -10.4958 -10.5854 -2.0478 -8.7378 75.2438 -0.6765 0.0000 25.3510 0.0000 3.2973 -9.6286 177.6483 -0.0598 -6.6764 -0.0792 5.2007 64.1383 6.5360 0.0000 25.3508 -0.0001 
10.7255 96.2745 -9.9296 -0.6497 2.1366 0.0921 -0.4805 1.3127 -0.0027 -0.4806 1.3130 -0.0027 -0.4819 1.3167 -0.0027 43.7827 84.5363 -56.4975 93.1525 57.8542 120.1504 24.2002 6.2870 39.0174 -0.4925 1.0949 -1.8289 0.0000 0.0000 0.0001 0.0000 0.0000 0.0000 0.0000 -0.0013 -0.0008 0.0000 -0.0004 0.0001 0.0000 0.0000 0.0000 0.0000 0.0000 0.0000 0.0000 0.0002 -0.0001 0.0000 -0.0006 0.0003 0.0000 0.0004 -0.0006 0.0000 0.0000 0.0001 0.0000 0.0000 0.0000 0.0000 -0.0010 -0.0002 0.0000 0.0002 30.0001 -0.0001 0.0005 -29.9998 0.0000 0.0000 0.0000 -0.9477 2.9671 0.9112 -0.9477 2.9671 0.9112 -37.5099 83.2324 68.9389 -97.0948 57.0745 -115.9645 -20.1977 14.7050 -28.7033 0.3030 0.5568 1.2566 0.0000 -0.0001 0.0001 0.0000 0.0000 0.0000 0.0000 -0.0006 0.0003 0.0000 -0.0001 0.0001 0.0000 0.0000 0.0000 0.0000 0.0000 0.0000 0.0000 0.0007 0.0001 0.0000 -0.0012 0.0001 0.0000 -0.0008 0.0003 0.0000 0.0001 0.0000 0.0000 0.0000 0.0000 0.0000 -0.0009 0.0000 0.0000 0.0002 -29.9996 -0.0001 -0.0003 29.9996 0.0000 0.0000 0.0000 3.6778 1.8709 178.9872 -10.5093 -10.6232 -2.0650 -9.0317 75.2160 -1.0389 0.0000 25.3510 0.0000 3.3060 -9.5562 177.6247 -0.0588 -6.6343 -0.0793 5.1540 64.1951 6.4665 0.0000 25.3508 -0.0001 
10.6477 96.2982 -9.8075 -0.5990 2.1654 0.1574 -0.4634 1.2894 -0.0248 -0.4635 1.2897 -0.0248 -0.4648 1.2934 -0.0248 43.8902 84.5157 -56.3477 92.9609 57.9313 120.7390 23.9094 6.1008 39.5921 -0.5158 1.1352 -1.9147 0.0000 0.0000 0.0001 0.0000 0.0000 0.0000 0.0000 -0.0013 -0.0008 0.0000 -0.0004 0.0001 0.0000 0.0000 0.0000 0.0000 0.0000 0.0000 0.0000 0.0002 0.0000 0.0000 -0.0006 0.0003 0.0000 0.0004 -0.0006 0.0000 0.0000 0.0001 0.0000 0.0000 0.0000 0.0000 -0.0010 -0.0002 0.0000 0.0002 30.0001 -0.0001 0.0005 -29.9998 0.0000 0.0000 0.0000 -1.2614 3.2333 0.9482 -1.2614 3.2333 0.9482 -37.3319 83.1258 69.1547 -96.9076 57.0307 -116.4596 -19.9563 14.5993 -29.3117 0.3192 0.5748 1.3256 0.0000 -0.0001 0.0001 0.0000 0.0000 0.0000 0.0000 -0.0006 0.0003 0.0000 -0.0001 0.0001 0.0000 0.0000 0.0000 0.0000 0.0000 0.0000 0.0000 0.0007 0.0001 0.0000 -0.0012 0.0001 0.0000 -0.0008 0.0003 0.0000 0.0001 0.0000 0.0000 0.0000 0.0000 0.0000 -0.0008 0.0000 0.0000 0.0002 -29.9996 -0.0001 -0.0003 29.9996 0.0000 0.0000 0.0000 3.6542 1.9384 178.9918 -10.5274 -10.6417 -2.0694 -9.3101 75.1818 -1.4026 0.0000 25.3511 0.0000 3.2981 -9.4706 177.6077 -0.0575 -6.5779 -0.0794 5.1291 64.2385 6.4226 0.0000 25.3508 -0.0001 
10.5637 96.3226 -9.6906 -0.5316 2.1878 0.2180 -0.4466 1.2630 -0.0455 -0.4467 1.2632 -0.0455 -0.4479 1.2668 -0.0456 43.9643 84.4830 -56.2331 92.7765 57.9701 121.3599 23.5240 5.9147 40.2033 -0.5405 1.1760 -2.0075 0.0000 0.0000 0.0001 0.0000 0.0000 0.0000 0.0000 -0.0013 -0.0008 0.0000 -0.0004 0.0001 0.0000 0.0000 0.0000 0.0000 0.0000 0.0000 0.0000 0.0002 0.0000 0.0000 -0.0006 0.0003 0.0000 0.0004 -0.0006 0.0000 0.0000 0.0001 0.0000 0.0000 0.0000 0.0000 -0.0010 -0.0002 0.0000 0.0002 30.0001 -0.0001 0.0005 -29.9998 0.0000 0.0000 0.0000 -1.5954 3.4903 0.9800 -1.5954 3.4903 0.9800 -37.1192 83.0187 69.4033 -96.7229 57.0023 -117.0038 -19.7089 14.4622 -29.9635 0.3369 0.5949 1.4025 0.0000 -0.0001 0.0001 0.0000 0.0000 0.0000 0.0000 -0.0006 0.0003 0.0000 -0.0001 0.0001 0.0000 0.0000 0.0000 0.0000 0.0000 0.0000 0.0000 0.0007 0.0001 0.0000 -0.0012 0.0001 0.0000 -0.0008 0.0003 0.0000 0.0001 0.0000 0.0000 0.0000 0.0000 0.0000 -0.0009 0.0000 0.0000 0.0002 -29.9996 -0.0001 -0.0003 29.9996 0.0000 0.0000 0.0000 3.6500 2.0186 178.9925 -10.5339 -10.6392 -2.0572 -9.5587 75.1410 -1.7526 0.0000 25.3510 0.0000 3.2665 -9.3714 177.6008 -0.0557 -6.5005 -0.0796 5.1081 64.2655 6.3856 0.0000 25.3508 -0.0001 
10.4748 96.3475 -9.5714 -0.4512 2.2144 0.2757 -0.4312 1.2325 -0.0654 -0.4312 1.2327 -0.0654 -0.4325 1.2363 -0.0656 44.0586 84.4472 -56.0978 92.6296 57.9857 121.9793 23.0921 5.6975 40.8491 -0.5650 1.2156 -2.1024 0.0000 0.0000 0.0001 0.0000 0.0000 0.0000 0.0000 -0.0013 -0.0008 0.0000 -0.0004 0.0001 0.0000 0.0000 0.0000 0.0000 0.0000 0.0000 0.0000 0.0002 -0.0001 0.0000 -0.0006 0.0003 0.0000 0.0004 -0.0006 0.0000 0.0000 0.0001 0.0000 0.0000 0.0000 0.0000 -0.0010 -0.0002 0.0000 0.0002 30.0001 -0.0001 0.0005 -29.9998 0.0000 0.0000 0.0000 -1.9441 3.7362 1.0059 -1.9441 3.7362 1.0059 -36.9359 82.9226 69.6252 -96.5705 56.9898 -117.5902 -19.4705 14.3010 -30.6179 0.3553 0.6157 1.4834 0.0000 -0.0001 0.0001 0.0000 0.0000 0.0000 0.0000 -0.0006 0.0003 0.0000 -0.0001 0.0001 0.0000 0.0000 0.0000 0.0000 0.0000 0.0000 0.0000 0.0007 0.0001 0.0000 -0.0011 0.0001 0.0000 -0.0008 0.0003 0.0000 0.0001 0.0000 0.0000 0.0000 0.0000 0.0000 -0.0009 0.0000 0.0000 0.0002 -29.9996 -0.0001 -0.0003 29.9996 0.0000 0.0000 0.0000 3.6533 2.0859 178.9907 -10.5182 -10.6362 -2.0395 -9.7884 75.1004 -2.0746 0.0000 25.3510 0.0000 3.2292 -9.2662 177.5997 -0.0534 -6.4071 -0.0797 5.0926 64.2858 6.3456 0.0000 25.3508 -0.0001 
10.3857 96.3730 -9.4465 -0.3650 2.2464 0.3261 -0.4159 1.1991 -0.0828 -0.4160 1.1993 -0.0828 -0.4172 1.2027 -0.0831 44.1948 84.4110 -55.9193 92.5153 57.9957 122.6359 22.6331 5.4741 41.4817 -0.5893 1.2546 -2.1994 0.0000 0.0000 0.0001 0.0000 0.0000 0.0000 0.0000 -0.0013 -0.0008 0.0000 -0.0004 0.0001 0.0000 0.0000 0.0000 0.0000 0.0000 0.0000 0.0000 0.0002 0.0000 0.0000 -0.0006 0.0003 0.0000 0.0004 -0.0006 0.0000 0.0000 0.0001 0.0000 0.0000 0.0000 0.0000 -0.0010 -0.0002 0.0000 0.0002 30.0001 -0.0001 0.0005 -29.9998 0.0000 0.0000 0.0000 -2.3058 3.9723 1.0275 -2.3058 3.9723 1.0275 -36.8036 82.8427 69.8002 -96.4454 56.9843 -118.2028 -19.2539 14.1073 -31.2738 0.3739 0.6373 1.5667 0.0000 -0.0001 0.0001 0.0000 0.0000 0.0000 0.0000 -0.0006 0.0003 0.0000 -0.0001 0.0001 0.0000 0.0000 0.0000 0.0000 0.0000 0.0000 0.0000 0.0007 0.0001 0.0000 -0.0012 0.0001 0.0000 -0.0008 0.0003 0.0000 0.0001 0.0000 0.0000 0.0000 0.0000 0.0000 -0.0009 0.0000 0.0000 0.0002 -29.9997 -0.0001 -0.0003 29.9996 0.0000 0.0000 0.0000 3.6601 2.1309 178.9934 -10.4806 -10.6432 -2.0207 -10.0146 75.0618 -2.3720 0.0000 25.3511 0.0000 3.2027 -9.1643 177.6044 -0.0512 -6.3180 -0.0799 5.0977 64.3119 6.3106 0.0000 25.3508 -0.0001 
10.3019 96.3940 -9.3346 -0.2763 2.2878 0.3618 -0.4010 1.1635 -0.0944 -0.4011 1.1637 -0.0944 -0.4023 1.1670 -0.0947 44.3999 84.3776 -55.6681 92.4572 57.9993 123.2770 22.1663 5.2194 42.1305 -0.6121 1.2907 -2.2943 0.0000 0.0000 0.0001 0.0000 0.0000 0.0000 0.0000 -0.0013 -0.0008 0.0000 -0.0004 0.0001 0.0000 0.0000 0.0000 0.0000 0.0000 0.0000 0.0000 0.0002 0.0000 0.0000 -0.0006 0.0003 0.0000 0.0004 -0.0006 0.0000 0.0000 0.0001 0.0000 0.0000 0.0000 0.0000 -0.0010 -0.0002 0.0000 0.0002 30.0001 -0.0001 0.0005 -29.9998 0.0000 0.0000 0.0000 -2.6787 4.1852 1.0437 -2.6787 4.1852 1.0437 -36.6974 82.7781 69.9410 -96.3522 56.9863 -118.8175 -19.0615 13.8773 -31.9108 0.3919 0.6591 1.6497 0.0000 -0.0001 0.0001 0.0000 0.0000 0.0000 0.0000 -0.0006 0.0003 0.0000 -0.0001 0.0001 0.0000 0.0000 0.0000 0.0000 0.0000 0.0000 0.0000 0.0007 0.0001 0.0000 -0.0012 0.0001 0.0000 -0.0008 0.0003 0.0000 0.0001 0.0000 0.0000 0.0000 0.0000 0.0000 -0.0008 0.0000 0.0000 0.0002 -29.9996 -0.0001 -0.0003 29.9996 0.0000 0.0000 0.0000 3.6686 2.1330 179.0116 -10.4199 -10.6822 -2.0042 -10.2488 75.0297 -2.6438 0.0000 25.3510 0.0000 3.2117 -9.0794 177.6158 -0.0493 -6.2304 -0.0800 5.1517 64.3304 6.2904 0.0000 25.3508 -0.0001 
10.2220 96.4092 -9.2439 -0.1876 2.3343 0.3872 -0.3874 1.1301 -0.1016 -0.3874 1.1303 -0.1016 -0.3885 1.1336 -0.1019 44.6133 84.3534 -55.4031 92.4132 58.0012 123.8780 21.7110 4.9486 42.7604 -0.6333 1.3247 -2.3855 0.0000 0.0000 0.0001 0.0000 0.0000 0.0000 0.0000 -0.0013 -0.0008 0.0000 -0.0004 0.0001 0.0000 0.0000 0.0000 0.0000 0.0000 0.0000 0.0000 0.0002 0.0000 0.0000 -0.0006 0.0003 0.0000 0.0004 -0.0006 0.0000 0.0000 0.0001 0.0000 0.0000 0.0000 0.0000 -0.0010 -0.0002 0.0000 0.0002 30.0001 -0.0001 0.0005 -29.9998 0.0000 0.0000 0.0000 -3.0535 4.3731 1.0572 -3.0535 4.3731 1.0572 -36.5769 82.7194 70.0836 -96.2650 56.9869 -119.3950 -18.8676 13.6368 -32.5088 0.4091 0.6805 1.7303 0.0000 -0.0001 0.0001 0.0000 0.0000 0.0000 0.0000 -0.0006 0.0003 0.0000 -0.0001 0.0001 0.0000 0.0000 0.0000 0.0000 0.0000 0.0000 0.0000 0.0007 0.0001 0.0000 -0.0012 0.0001 0.0000 -0.0008 0.0003 0.0000 0.0001 0.0000 0.0000 0.0000 0.0000 0.0000 -0.0009 0.0000 0.0000 0.0002 -29.9997 -0.0001 -0.0003 29.9996 0.0000 0.0000 0.0000 3.6738 2.1079 179.0442 -10.3644 -10.7502 -1.9872 -10.4927 75.0041 -2.9153 0.0000 25.3510 0.0000 3.2539 -9.0223 177.6306 -0.0475 -6.1633 -0.0802 5.2491 64.3465 6.2849 0.0000 25.3508 -0.0001 
10.1436 96.4195 -9.1710 -0.1004 2.3826 0.4083 -0.3747 1.1005 -0.1068 -0.3747 1.1006 -0.1068 -0.3758 1.1038 -0.1072 44.8055 84.3383 -55.1558 92.3636 58.0004 124.4291 21.2714 4.6612 43.3556 -0.6530 1.3572 -2.4724 0.0000 0.0000 0.0001 0.0000 0.0000 0.0000 0.0000 -0.0013 -0.0008 0.0000 -0.0004 0.0001 0.0000 0.0000 0.0000 0.0000 0.0000 0.0000 0.0000 0.0002 0.0000 0.0000 -0.0006 0.0003 0.0000 0.0004 -0.0006 0.0000 0.0000 0.0001 0.0000 0.0000 0.0000 0.0000 -0.0010 -0.0002 0.0000 0.0002 30.0001 -0.0001 0.0005 -29.9998 0.0000 0.0000 0.0000 -3.4302 4.5398 1.0707 -3.4302 4.5398 1.0707 -36.4322 82.6649 70.2397 -96.1766 56.9797 -119.9217 -18.6633 13.3921 -33.0621 0.4253 0.7012 1.8076 0.0000 -0.0001 0.0001 0.0000 0.0000 0.0000 0.0000 -0.0006 0.0003 0.0000 -0.0001 0.0001 0.0000 0.0000 0.0000 0.0000 0.0000 0.0000 0.0000 0.0007 0.0001 0.0000 -0.0012 0.0001 0.0000 -0.0008 0.0003 0.0000 0.0001 0.0000 0.0000 0.0000 0.0000 0.0000 -0.0009 0.0000 0.0000 0.0002 -29.9996 -0.0001 -0.0003 29.9996 0.0000 0.0000 0.0000 3.6768 2.0725 179.0833 -10.3244 -10.8340 -1.9659 -10.7435 74.9828 -3.1982 0.0000 25.3510 0.0000 3.3127 -8.9790 177.6467 -0.0458 -6.0974 -0.0803 5.3654 64.3532 6.2851 0.0000 25.3508 -0.0001 
10.0631 96.4302 -9.0915 -0.0208 2.4295 0.4285 -0.3609 1.0781 -0.1114 -0.3610 1.0783 -0.1114 -0.3620 1.0814 -0.1117 44.9462 84.3345 -54.9575 92.2940 57.9940 124.9081 20.8674 4.3751 43.8535 -0.6697 1.3874 -2.5502 0.0000 0.0000 0.0001 0.0000 0.0000 0.0000 0.0000 -0.0013 -0.0008 0.0000 -0.0004 0.0001 0.0000 0.0000 0.0000 0.0000 0.0000 0.0000 0.0000 0.0002 0.0000 0.0000 -0.0006 0.0003 0.0000 0.0004 -0.0006 0.0000 0.0000 0.0001 0.0000 0.0000 0.0000 0.0000 -0.0010 -0.0002 0.0000 0.0002 30.0001 -0.0001 0.0005 -29.9998 0.0000 0.0000 0.0000 -3.8147 4.6817 1.0856 -3.8147 4.6817 1.0856 -36.2481 82.6194 70.4227 -96.0951 56.9615 -120.3658 -18.4558 13.1382 -33.5378 0.4390 0.7199 1.8765 0.0000 -0.0001 0.0001 0.0000 0.0000 0.0000 0.0000 -0.0006 0.0003 0.0000 -0.0001 0.0001 0.0000 0.0000 0.0000 0.0000 0.0000 0.0000 0.0000 0.0007 0.0001 0.0000 -0.0012 0.0001 0.0000 -0.0008 0.0003 0.0000 0.0001 0.0000 0.0000 0.0000 0.0000 0.0000 -0.0009 0.0000 0.0000 0.0002 -29.9996 -0.0001 -0.0003 29.9996 0.0000 0.0000 0.0000 3.6879 2.0448 179.1267 -10.3039 -10.9220 -1.9410 -10.9906 74.9626 -3.4942 0.0000 25.3510 0.0000 3.3744 -8.9433 177.6655 -0.0450 -6.0553 -0.0803 5.4728 64.3755 6.2781 0.0000 25.3508 -0.0001 
9.9663 96.4455 -8.9884 0.0539 2.4748 0.4555 -0.3460 1.0614 -0.1174 -0.3460 1.0616 -0.1174 -0.3470 1.0647 -0.1177 45.0427 84.3393 -54.7961 92.2187 57.9848 125.2798 20.5130 4.1049 44.2690 -0.6829 1.4129 -2.6148 0.0000 0.0000 0.0001 0.0000 0.0000 0.0000 0.0000 -0.0013 -0.0008 0.0000 -0.0004 0.0001 0.0000 0.0000 0.0000 0.0000 0.0000 0.0000 0.0000 0.0002 0.0000 0.0000 -0.0006 0.0003 0.0000 0.0004 -0.0006 0.0000 0.0000 0.0001 0.0000 0.0000 0.0000 0.0000 -0.0010 -0.0002 0.0000 0.0002 30.0001 -0.0001 0.0005 -29.9998 0.0000 0.0000 0.0000 -4.1835 4.7942 1.1002 -4.1835 4.7942 1.1002 -36.0559 82.5796 70.6051 -96.0429 56.9485 -120.7458 -18.2508 12.8956 -33.9175 0.4504 0.7365 1.9371 0.0000 -0.0001 0.0001 0.0000 0.0000 0.0000 0.0000 -0.0006 0.0003 0.0000 -0.0001 0.0001 0.0000 0.0000 0.0000 0.0000 0.0000 0.0000 0.0000 0.0007 0.0001 0.0000 -0.0012 0.0001 0.0000 -0.0008 0.0003 0.0000 0.0001 0.0000 0.0000 0.0000 0.0000 0.0000 -0.0008 0.0000 0.0000 0.0002 -29.9996 -0.0001 -0.0003 29.9996 0.0000 0.0000 0.0000 3.7097 2.0292 179.1676 -10.2837 -11.0079 -1.9176 -11.2252 74.9425 -3.7903 0.0000 25.3510 0.0000 3.4157 -8.9040 177.6915 -0.0446 -6.0357 -0.0804 5.5252 64.4238 6.2314 0.0000 25.3508 -0.0001 
9.8448 96.4642 -8.8653 0.1247 2.5187 0.4899 -0.3306 1.0489 -0.1247 -0.3306 1.0491 -0.1247 -0.3316 1.0522 -0.1251 45.0964 84.3538 -54.6719 92.1369 57.9812 125.5454 20.2155 3.8578 44.6031 -0.6929 1.4339 -2.6664 0.0000 0.0000 0.0001 0.0000 0.0000 0.0000 0.0000 -0.0013 -0.0008 0.0000 -0.0004 0.0001 0.0000 0.0000 0.0000 0.0000 0.0000 0.0000 0.0000 0.0002 -0.0001 0.0000 -0.0006 0.0003 0.0000 0.0004 -0.0006 0.0000 0.0000 0.0001 0.0000 0.0000 0.0000 0.0000 -0.0010 -0.0002 0.0000 0.0002 30.0001 -0.0001 0.0005 -29.9998 0.0000 0.0000 0.0000 -4.5372 4.8847 1.1137 -4.5372 4.8847 1.1137 -35.8923 82.5466 70.7549 -96.0317 56.9466 -121.0726 -18.0647 12.6699 -34.2065 0.4594 0.7507 1.9882 0.0000 -0.0001 0.0001 0.0000 0.0000 0.0000 0.0000 -0.0006 0.0003 0.0000 -0.0001 0.0001 0.0000 0.0000 0.0000 0.0000 0.0000 0.0000 0.0000 0.0007 0.0001 0.0000 -0.0012 0.0001 0.0000 -0.0008 0.0003 0.0000 0.0001 0.0000 0.0000 0.0000 0.0000 0.0000 -0.0009 0.0000 0.0000 0.0002 -29.9996 -0.0001 -0.0003 29.9995 0.0000 0.0000 0.0000 3.7411 2.0194 179.2031 -10.2539 -11.0956 -1.8951 -11.4588 74.9237 -4.0901 0.0000 25.3510 0.0000 3.4345 -8.8652 177.7301 -0.0440 -6.0410 -0.0804 5.5075 64.4973 6.1302 0.0000 25.3508 -0.0001 
9.6861 96.4833 -8.7291 0.1871 2.5604 0.5298 -0.3140 1.0422 -0.1313 -0.3140 1.0423 -0.1313 -0.3149 1.0454 -0.1317 45.0504 84.3804 -54.6442 92.0490 57.9961 125.6840 20.0142 3.6804 44.7726 -0.6981 1.4475 -2.6979 0.0000 0.0000 0.0001 0.0000 0.0000 0.0000 0.0000 -0.0013 -0.0008 0.0000 -0.0004 0.0001 0.0000 0.0000 0.0000 0.0000 0.0000 0.0000 0.0000 0.0002 0.0000 0.0000 -0.0006 0.0003 0.0000 0.0004 -0.0006 0.0000 0.0000 0.0001 0.0000 0.0000 0.0000 0.0000 -0.0010 -0.0002 0.0000 0.0002 30.0001 -0.0001 0.0005 -29.9998 0.0000 0.0000 0.0000 -4.8649 4.9435 1.1243 -4.8649 4.9435 1.1243 -35.8341 82.5279 70.7998 -96.0914 56.9644 -121.3238 -17.9413 12.4759 -34.3615 0.4637 0.7594 2.0202 0.0000 -0.0001 0.0001 0.0000 0.0000 0.0000 0.0000 -0.0006 0.0003 0.0000 -0.0001 0.0001 0.0000 0.0000 0.0000 0.0000 0.0000 0.0000 0.0000 0.0007 0.0001 0.0000 -0.0012 0.0001 0.0000 -0.0008 0.0003 0.0000 0.0001 0.0000 0.0000 0.0000 0.0000 0.0000 -0.0008 0.0000 0.0000 0.0002 -29.9996 -0.0001 -0.0003 29.9996 0.0000 0.0000 0.0000 3.7851 2.0077 179.2347 -10.1979 -11.1938 -1.8766 -11.7072 74.9055 -4.3971 0.0000 25.3510 0.0000 3.4310 -8.8406 177.7918 -0.0428 -6.0893 -0.0804 5.3871 64.6000 5.9431 0.0000 25.3508 -0.0001 
9.5158 96.4979 -8.6010 0.2455 2.5986 0.5681 -0.2977 1.0407 -0.1351 -0.2977 1.0408 -0.1351 -0.2986 1.0438 -0.1355 44.9148 84.4116 -54.7107 91.9750 58.0281 125.6977 19.9030 3.5705 44.8260 -0.6993 1.4536 -2.7114 0.0000 0.0000 0.0001 0.0000 0.0000 0.0000 0.0000 -0.0013 -0.0008 0.0000 -0.0004 0.0001 0.0000 0.0000 0.0000 0.0000 0.0000 0.0000 0.0000 0.0002 0.0000 0.0000 -0.0006 0.0003 0.0000 0.0004 -0.0006 0.0000 0.0000 0.0001 0.0000 0.0000 0.0000 0.0000 -0.0010 -0.0002 0.0000 0.0002 30.0001 -0.0001 0.0005 -29.9998 0.0000 0.0000 0.0000 -5.1686 4.9766 1.1325 -5.1686 4.9766 1.1325 -35.8742 82.5245 70.7508 -96.2009 57.0001 -121.5052 -17.8914 12.3203 -34.3991 0.4641 0.7633 2.0345 0.0000 -0.0001 0.0001 0.0000 0.0000 0.0000 0.0000 -0.0006 0.0003 0.0000 -0.0001 0.0001 0.0000 0.0000 0.0000 0.0000 0.0000 0.0000 0.0000 0.0007 0.0001 0.0000 -0.0012 0.0001 0.0000 -0.0008 0.0003 0.0000 0.0001 0.0000 0.0000 0.0000 0.0000 0.0000 -0.0008 0.0000 0.0000 0.0002 -29.9996 -0.0001 -0.0003 29.9996 0.0000 0.0000 0.0000 3.8315 1.9915 179.2758 -10.1221 -11.3072 -1.8711 -11.9663 74.8879 -4.7029 0.0000 25.3510 0.0000 3.4356 -8.8298 177.8631 -0.0416 -6.1593 -0.0805 5.2326 64.7069 5.7129 0.0000 25.3508 -0.0001 
9.3496 96.5078 -8.4849 0.3041 2.6312 0.6043 -0.2837 1.0449 -0.1361 -0.2838 1.0450 -0.1361 -0.2846 1.0481 -0.1365 44.7064 84.4463 -54.8550 91.9162 58.0881 125.6057 19.8806 3.5355 44.7741 -0.6972 1.4529 -2.7088 0.0000 0.0000 0.0001 0.0000 0.0000 0.0000 0.0000 -0.0013 -0.0008 0.0000 -0.0004 0.0001 0.0000 0.0000 0.0000 0.0000 0.0000 0.0000 0.0000 0.0002 0.0000 0.0000 -0.0006 0.0003 0.0000 0.0004 -0.0006 0.0000 0.0000 0.0001 0.0000 0.0000 0.0000 0.0000 -0.0010 -0.0002 0.0000 0.0002 30.0001 -0.0001 0.0005 -29.9998 0.0000 0.0000 0.0000 -5.4492 4.9874 1.1379 -5.4492 4.9874 1.1379 -35.9842 82.5334 70.6355 -96.3418 57.0487 -121.6118 -17.9077 12.2093 -34.3308 0.4612 0.7630 2.0325 0.0000 -0.0001 0.0001 0.0000 0.0000 0.0000 0.0000 -0.0006 0.0003 0.0000 -0.0001 0.0001 0.0000 0.0000 0.0000 0.0000 0.0000 0.0000 0.0000 0.0007 0.0001 0.0000 -0.0012 0.0001 0.0000 -0.0008 0.0003 0.0000 0.0001 0.0000 0.0000 0.0000 0.0000 0.0000 -0.0009 0.0000 0.0000 0.0002 -29.9997 -0.0001 -0.0003 29.9996 0.0000 0.0000 0.0000 3.8704 1.9772 179.3259 -10.0448 -11.4311 -1.8744 -12.2331 74.8699 -5.0137 0.0000 25.3511 0.0000 3.4583 -8.8259 177.9328 -0.0408 -6.2396 -0.0805 5.0812 64.8101 5.4671 0.0000 25.3508 -0.0001 
9.2034 96.5134 -8.3781 0.3678 2.6538 0.6404 -0.2762 1.0576 -0.1338 -0.2762 1.0578 -0.1338 -0.2771 1.0608 -0.1342 44.4316 84.4855 -55.0755 91.8748 58.1948 125.3577 19.9895 3.6205 44.5746 -0.6906 1.4418 -2.6836 0.0000 0.0000 0.0001 0.0000 0.0000 0.0000 0.0000 -0.0013 -0.0008 0.0000 -0.0004 0.0001 0.0000 0.0000 0.0000 0.0000 0.0000 0.0000 0.0000 0.0002 0.0000 0.0000 -0.0006 0.0003 0.0000 0.0004 -0.0006 0.0000 0.0000 0.0001 0.0000 0.0000 0.0000 0.0000 -0.0010 -0.0002 0.0000 0.0002 30.0001 -0.0001 0.0005 -29.9998 0.0000 0.0000 0.0000 -5.6937 4.9682 1.1399 -5.6937 4.9682 1.1399 -36.1831 82.5545 70.4312 -96.4949 57.1035 -121.5759 -18.0128 12.1780 -34.1181 0.4541 0.7570 2.0067 0.0000 -0.0001 0.0001 0.0000 0.0000 0.0000 0.0000 -0.0006 0.0003 0.0000 -0.0001 0.0001 0.0000 0.0000 0.0000 0.0000 0.0000 0.0000 0.0000 0.0007 0.0001 0.0000 -0.0012 0.0001 0.0000 -0.0008 0.0003 0.0000 0.0001 0.0000 0.0000 0.0000 0.0000 0.0000 -0.0009 0.0000 0.0000 0.0002 -29.9996 -0.0001 -0.0003 29.9996 0.0000 0.0000 0.0000 3.8883 1.9833 179.3788 -9.9946 -11.5516 -1.8781 -12.5086 74.8479 -5.3489 0.0000 25.3510 0.0000 3.5018 -8.8200 177.9885 -0.0408 -6.3269 -0.0805 4.9558 64.9093 5.2233 0.0000 25.3508 -0.0001 
9.0709 96.5209 -8.2564 0.4384 2.6722 0.6809 -0.2743 1.0751 -0.1306 -0.2744 1.0753 -0.1306 -0.2752 1.0784 -0.1310 44.1582 84.5276 -55.3070 91.8471 58.3191 124.9766 20.1909 3.7892 44.2696 -0.6803 1.4225 -2.6398 0.0000 0.0000 0.0001 0.0000 0.0000 0.0000 0.0000 -0.0013 -0.0008 0.0000 -0.0004 0.0001 0.0000 0.0000 0.0000 0.0000 0.0000 0.0000 0.0000 0.0002 0.0000 0.0000 -0.0006 0.0003 0.0000 0.0004 -0.0006 0.0000 0.0000 0.0001 0.0000 0.0000 0.0000 0.0000 -0.0010 -0.0002 0.0000 0.0002 30.0001 -0.0001 0.0005 -29.9998 0.0000 0.0000 0.0000 -5.9111 4.9292 1.1432 -5.9111 4.9292 1.1432 -36.4700 82.5878 70.1396 -96.6204 57.1504 -121.3956 -18.1821 12.2143 -33.8049 0.4439 0.7469 1.9624 0.0000 -0.0001 0.0001 0.0000 0.0000 0.0000 0.0000 -0.0006 0.0003 0.0000 -0.0001 0.0001 0.0000 0.0000 0.0000 0.0000 0.0000 0.0000 0.0000 0.0007 0.0001 0.0000 -0.0012 0.0001 0.0000 -0.0008 0.0003 0.0000 0.0001 0.0000 0.0000 0.0000 0.0000 0.0000 -0.0009 0.0000 0.0000 0.0002 -29.9997 -0.0001 -0.0003 29.9996 0.0000 0.0000 0.0000 3.8907 2.0173 179.4242 -9.9716 -11.6508 -1.8783 -12.7663 74.8201 -5.6876 0.0000 25.3510 0.0000 3.5437 -8.8026 178.0326 -0.0413 -6.4212 -0.0804 4.8349 65.0199 4.9777 0.0000 25.3508 -0.0001 
8.9402 96.5319 -8.1087 0.5158 2.6923 0.7282 -0.2768 1.0943 -0.1279 -0.2768 1.0945 -0.1279 -0.2776 1.0977 -0.1283 43.9239 84.5707 -55.5130 91.8328 58.4403 124.4849 20.4665 4.0165 43.8782 -0.6666 1.3965 -2.5800 0.0000 0.0000 0.0001 0.0000 0.0000 0.0000 0.0000 -0.0013 -0.0008 0.0000 -0.0004 0.0001 0.0000 0.0000 0.0000 0.0000 0.0000 0.0000 0.0000 0.0003 0.0000 0.0000 -0.0006 0.0003 0.0000 0.0004 -0.0006 0.0000 0.0000 0.0001 0.0000 0.0000 0.0000 0.0000 -0.0010 -0.0002 0.0000 0.0002 30.0001 -0.0001 0.0005 -29.9998 0.0000 0.0000 0.0000 -6.1067 4.8773 1.1497 -6.1067 4.8773 1.1497 -36.8466 82.6321 69.7619 -96.7107 57.1801 -121.0855 -18.4031 12.3043 -33.4104 0.4314 0.7337 1.9029 0.0000 -0.0001 0.0001 0.0000 0.0000 0.0000 0.0000 -0.0006 0.0003 0.0000 -0.0001 0.0001 0.0000 0.0000 0.0000 0.0000 0.0000 0.0000 0.0000 0.0007 0.0001 0.0000 -0.0012 0.0001 0.0000 -0.0008 0.0003 0.0000 0.0001 0.0000 0.0000 0.0000 0.0000 0.0000 -0.0009 0.0000 0.0000 0.0002 -29.9996 -0.0001 -0.0003 29.9996 0.0000 0.0000 0.0000 3.8858 2.0714 179.4598 -9.9589 -11.7281 -1.8777 -12.9956 74.7885 -6.0111 0.0000 25.3510 0.0000 3.5756 -8.7726 178.0716 -0.0418 -6.5210 -0.0803 4.6955 65.1493 4.7127 0.0000 25.3508 -0.0001 
8.7961 96.5474 -7.9213 0.5993 2.7248 0.7857 -0.2842 1.1117 -0.1260 -0.2842 1.1118 -0.1260 -0.2850 1.1151 -0.1264 43.8217 84.6173 -55.6099 91.8302 58.5387 123.8525 20.8378 4.3110 43.3776 -0.6485 1.3621 -2.4985 0.0000 0.0000 0.0001 0.0000 0.0000 0.0000 0.0000 -0.0013 -0.0008 0.0000 -0.0004 0.0001 0.0000 0.0000 0.0000 0.0000 0.0000 0.0000 0.0000 0.0002 0.0000 0.0000 -0.0006 0.0003 0.0000 0.0004 -0.0006 0.0000 0.0000 0.0001 0.0000 0.0000 0.0000 0.0000 -0.0010 -0.0002 0.0000 0.0002 30.0001 -0.0001 0.0005 -29.9998 0.0000 0.0000 0.0000 -6.2724 4.8117 1.1601 -6.2724 4.8117 1.1601 -37.3881 82.6931 69.2271 -96.7354 57.1720 -120.6071 -18.6868 12.4615 -32.9057 0.4172 0.7197 1.8283 0.0000 -0.0001 0.0001 0.0000 0.0000 0.0000 0.0000 -0.0006 0.0003 0.0000 -0.0001 0.0001 0.0000 0.0000 0.0000 0.0000 0.0000 0.0000 0.0000 0.0007 0.0001 0.0000 -0.0012 0.0001 0.0000 -0.0008 0.0003 0.0000 0.0001 0.0000 0.0000 0.0000 0.0000 0.0000 -0.0008 0.0000 0.0000 0.0002 -29.9997 -0.0001 -0.0003 29.9996 0.0000 0.0000 0.0000 3.8815 2.1353 179.4760 -9.9332 -11.7787 -1.8752 -13.2004 74.7541 -6.3081 0.0000 25.3511 0.0000 3.5839 -8.7320 178.1136 -0.0420 -6.6246 -0.0803 4.4919 65.3059 4.3901 0.0000 25.3508 -0.0001 
8.6315 96.5621 -7.7220 0.6801 2.7736 0.8448 -0.2922 1.1262 -0.1211 -0.2923 1.1263 -0.1211 -0.2931 1.1296 -0.1214 43.8170 84.6664 -55.6224 91.8324 58.6082 123.1318 21.2693 4.6450 42.8099 -0.6275 1.3227 -2.4031 0.0000 0.0000 0.0001 0.0000 0.0000 0.0000 0.0000 -0.0013 -0.0008 0.0000 -0.0004 0.0001 0.0000 0.0000 0.0000 0.0000 0.0000 0.0000 0.0000 0.0003 -0.0001 0.0000 -0.0007 0.0003 0.0000 0.0004 -0.0006 0.0000 0.0000 0.0001 0.0000 0.0000 0.0000 0.0000 -0.0010 -0.0002 0.0000 0.0002 30.0001 -0.0001 0.0005 -29.9998 0.0000 0.0000 0.0000 -6.4178 4.7334 1.1714 -6.4178 4.7334 1.1714 -38.0748 82.7626 68.5523 -96.6997 57.1367 -120.0394 -19.0016 12.6822 -32.2948 0.4017 0.7045 1.7445 0.0000 -0.0001 0.0001 0.0000 0.0000 0.0000 0.0000 -0.0006 0.0003 0.0000 -0.0001 0.0001 0.0000 0.0000 0.0000 0.0000 0.0000 0.0000 0.0000 0.0007 0.0001 0.0000 -0.0012 0.0001 0.0000 -0.0008 0.0003 0.0000 0.0002 0.0000 0.0000 0.0000 0.0000 0.0000 -0.0009 0.0000 0.0000 0.0002 -29.9997 -0.0001 -0.0003 29.9996 0.0000 0.0000 0.0000 3.8885 2.1763 179.4830 -9.8710 -11.8318 -1.8746 -13.4116 74.7197 -6.5855 0.0000 25.3510 0.0000 3.5787 -8.7044 178.1692 -0.0417 -6.7328 -0.0803 4.2206 65.4712 4.0049 0.0000 25.3508 -0.0001 
8.4542 96.5734 -7.5283 0.7556 2.8360 0.9005 -0.2992 1.1394 -0.1124 -0.2992 1.1396 -0.1124 -0.3001 1.1429 -0.1127 43.8587 84.7142 -55.5980 91.8412 58.6457 122.3529 21.7381 5.0189 42.1927 -0.6045 1.2793 -2.2985 0.0000 0.0000 0.0001 0.0000 0.0000 0.0000 0.0000 -0.0013 -0.0008 0.0000 -0.0004 0.0001 0.0000 0.0000 0.0000 0.0000 0.0000 0.0000 0.0000 0.0002 0.0000 0.0000 -0.0006 0.0003 0.0000 0.0004 -0.0006 0.0000 0.0000 0.0001 0.0000 0.0000 0.0000 0.0000 -0.0010 -0.0002 0.0000 0.0002 30.0001 -0.0001 0.0005 -29.9998 0.0000 0.0000 0.0000 -6.5486 4.6441 1.1840 -6.5486 4.6441 1.1840 -38.8409 82.8359 67.8024 -96.6249 57.0757 -119.3824 -19.3213 12.9528 -31.6156 0.3850 0.6875 1.6544 0.0000 -0.0001 0.0001 0.0000 0.0000 0.0000 0.0000 -0.0006 0.0003 0.0000 -0.0001 0.0001 0.0000 0.0000 0.0000 0.0000 0.0000 0.0000 0.0000 0.0007 0.0001 0.0000 -0.0012 0.0001 0.0000 -0.0008 0.0003 0.0000 0.0001 0.0000 0.0000 0.0000 0.0000 0.0000 -0.0009 0.0000 0.0000 0.0002 -29.9996 -0.0001 -0.0003 29.9996 0.0000 0.0000 0.0000 3.9074 2.1904 179.4937 -9.7805 -11.8995 -1.8806 -13.6332 74.6876 -6.8536 0.0000 25.3510 0.0000 3.5736 -8.6993 178.2365 -0.0411 -6.8478 -0.0803 3.9126 65.6348 3.5794 0.0000 25.3508 -0.0001 
8.2749 96.5784 -7.3522 0.8233 2.9117 0.9504 -0.3044 1.1545 -0.0999 -0.3044 1.1547 -0.0999 -0.3053 1.1581 -0.1002 43.8573 84.7544 -55.6308 91.8566 58.6255 121.5247 22.2414 5.4249 41.5286 -0.5796 1.2326 -2.1850 0.0000 0.0000 0.0001 0.0000 0.0000 0.0000 0.0000 -0.0013 -0.0008 0.0000 -0.0004 0.0001 0.0000 0.0000 0.0000 0.0000 0.0000 0.0000 0.0000 0.0002 0.0000 0.0000 -0.0006 0.0003 0.0000 0.0004 -0.0006 0.0000 0.0000 0.0001 0.0000 0.0000 0.0000 0.0000 -0.0010 -0.0002 0.0000 0.0002 30.0001 -0.0001 0.0005 -29.9998 0.0000 0.0000 0.0000 -6.6625 4.5437 1.2002 -6.6625 4.5437 1.2002 -39.5863 82.9057 67.0737 -96.5164 56.9876 -118.6349 -19.6397 13.2781 -30.8726 0.3676 0.6686 1.5597 0.0000 -0.0001 0.0001 0.0000 0.0000 0.0000 0.0000 -0.0006 0.0003 0.0000 -0.0001 0.0001 0.0000 0.0000 0.0000 0.0000 0.0000 0.0000 0.0000 0.0007 0.0001 0.0000 -0.0012 0.0001 0.0000 -0.0008 0.0003 0.0000 0.0001 0.0000 0.0000 0.0000 0.0000 0.0000 -0.0009 0.0000 0.0000 0.0002 -29.9996 -0.0001 -0.0003 29.9996 0.0000 0.0000 0.0000 3.9415 2.1723 179.5176 -9.6726 -11.9946 -1.8953 -13.8699 74.6594 -7.1277 0.0000 25.3511 0.0000 3.5887 -8.7238 178.3084 -0.0403 -6.9705 -0.0803 3.6068 65.7883 3.1376 0.0000 25.3508 -0.0001 
8.1149 96.5823 -7.1789 0.8881 2.9911 1.0008 -0.3107 1.1740 -0.0879 -0.3107 1.1742 -0.0879 -0.3116 1.1776 -0.0882 43.7442 84.7917 -55.7932 91.8682 58.5578 120.6900 22.7483 5.8327 40.8493 -0.5544 1.1857 -2.0708 0.0000 0.0000 0.0001 0.0000 0.0000 0.0000 0.0000 -0.0013 -0.0008 0.0000 -0.0004 0.0001 0.0000 0.0000 0.0000 0.0000 0.0000 0.0000 0.0000 0.0002 0.0000 0.0000 -0.0006 0.0003 0.0000 0.0004 -0.0006 0.0000 0.0000 0.0001 0.0000 0.0000 0.0000 0.0000 -0.0010 -0.0002 0.0000 0.0002 30.0001 -0.0001 0.0005 -29.9998 0.0000 0.0000 0.0000 -6.7646 4.4429 1.2215 -6.7646 4.4429 1.2215 -40.2141 82.9684 66.4634 -96.3874 56.8679 -117.8319 -19.9219 13.6202 -30.1197 0.3500 0.6489 1.4665 0.0000 -0.0001 0.0001 0.0000 0.0000 0.0000 0.0000 -0.0006 0.0003 0.0000 -0.0001 0.0001 0.0000 0.0000 0.0000 0.0000 0.0000 0.0000 0.0000 0.0007 0.0001 0.0000 -0.0012 0.0001 0.0000 -0.0008 0.0003 0.0000 0.0001 0.0000 0.0000 0.0000 0.0000 0.0000 -0.0009 0.0000 0.0000 0.0002 -29.9996 -0.0001 -0.0003 29.9996 0.0000 0.0000 0.0000 3.9773 2.1470 179.5453 -9.5776 -12.0999 -1.9133 -14.1027 74.6295 -7.4090 0.0000 25.3511 0.0000 3.6156 -8.7570 178.3666 -0.0404 -7.1004 -0.0802 3.3395 65.9420 2.7258 0.0000 25.3508 -0.0001 
7.9762 96.5884 -6.9961 0.9532 3.0716 1.0569 -0.3196 1.1969 -0.0784 -0.3197 1.1971 -0.0784 -0.3206 1.2005 -0.0787 43.5278 84.8267 -56.0746 91.8781 58.4555 119.8627 23.2433 6.2401 40.1816 -0.5297 1.1396 -1.9598 0.0000 0.0000 0.0001 0.0000 0.0000 0.0000 0.0000 -0.0013 -0.0008 0.0000 -0.0004 0.0001 0.0000 0.0000 0.0000 0.0000 0.0000 0.0000 0.0000 0.0002 0.0000 0.0000 -0.0006 0.0003 0.0000 0.0004 -0.0006 0.0000 0.0000 0.0001 0.0000 0.0000 0.0000 0.0000 -0.0010 -0.0002 0.0000 0.0002 30.0001 -0.0001 0.0005 -29.9998 0.0000 0.0000 0.0000 -6.8557 4.3459 1.2453 -6.8557 4.3459 1.2453 -40.7425 83.0277 65.9514 -96.2598 56.7193 -117.0113 -20.1456 13.9676 -29.3656 0.3326 0.6283 1.3769 0.0000 -0.0001 0.0001 0.0000 0.0000 0.0000 0.0000 -0.0006 0.0003 0.0000 -0.0001 0.0001 0.0000 0.0000 0.0000 0.0000 0.0000 0.0000 0.0000 0.0007 0.0001 0.0000 -0.0012 0.0001 0.0000 -0.0008 0.0003 0.0000 0.0001 0.0000 0.0000 0.0000 0.0000 0.0000 -0.0009 0.0000 0.0000 0.0002 -29.9997 -0.0001 -0.0003 29.9996 0.0000 0.0000 0.0000 4.0082 2.1260 179.5712 -9.4975 -12.2049 -1.9364 -14.3226 74.5965 -7.6887 0.0000 25.3511 0.0000 3.6386 -8.7895 178.4068 -0.0415 -7.2404 -0.0801 3.1030 66.1066 2.3506 0.0000 25.3508 -0.0001 
7.8565 96.6009 -6.7881 1.0214 3.1531 1.1279 -0.3334 1.2220 -0.0749 -0.3334 1.2222 -0.0749 -0.3344 1.2257 -0.0751 43.2267 84.8657 -56.4620 91.8916 58.3266 119.0731 23.7047 6.6369 39.5755 -0.5064 1.0951 -1.8569 0.0000 0.0000 0.0001 0.0000 0.0000 0.0000 0.0000 -0.0013 -0.0008 0.0000 -0.0004 0.0001 0.0000 0.0000 0.0000 0.0000 0.0000 0.0000 0.0000 0.0002 0.0000 0.0000 -0.0006 0.0003 0.0000 0.0004 -0.0006 0.0000 0.0000 0.0001 0.0000 0.0000 0.0000 0.0000 -0.0010 -0.0002 0.0000 0.0003 30.0001 -0.0001 0.0005 -29.9998 0.0000 0.0000 0.0000 -6.9391 4.2649 1.2737 -6.9391 4.2649 1.2737 -41.1798 83.0896 65.5317 -96.1789 56.5507 -116.1977 -20.2942 14.2946 -28.6739 0.3157 0.6064 1.2936 0.0000 -0.0001 0.0001 0.0000 0.0000 0.0000 0.0000 -0.0006 0.0003 0.0000 -0.0001 0.0001 0.0000 0.0000 0.0000 0.0000 0.0000 0.0000 0.0000 0.0007 0.0001 0.0000 -0.0011 0.0001 0.0000 -0.0008 0.0003 0.0000 0.0001 0.0000 0.0000 0.0000 0.0000 0.0000 -0.0009 0.0000 0.0000 0.0002 -29.9997 -0.0001 -0.0003 29.9996 0.0000 0.0000 0.0000 4.0351 2.1227 179.5858 -9.4364 -12.2970 -1.9636 -14.5173 74.5591 -7.9675 0.0000 25.3510 0.0000 3.6410 -8.8134 178.4235 -0.0434 -7.3960 -0.0799 2.8864 66.2968 2.0155 0.0000 25.3508 -0.0001 
7.7308 96.6170 -6.5650 1.0923 3.2384 1.2168 -0.3519 1.2466 -0.0775 -0.3519 1.2468 -0.0775 -0.3529 1.2504 -0.0777 42.9214 84.9092 -56.8670 91.9103 58.1949 118.3670 24.1101 7.0105 39.0418 -0.4857 1.0541 -1.7665 0.0000 0.0000 0.0001 0.0000 0.0000 0.0000 0.0000 -0.0013 -0.0008 0.0000 -0.0004 0.0001 0.0000 0.0000 0.0000 0.0000 0.0000 0.0000 0.0000 0.0002 0.0000 0.0000 -0.0006 0.0003 0.0000 0.0004 -0.0006 0.0000 0.0000 0.0001 0.0000 0.0000 0.0000 0.0000 -0.0010 -0.0002 0.0000 0.0002 30.0001 -0.0001 0.0005 -29.9998 0.0000 0.0000 0.0000 -7.0189 4.1973 1.3034 -7.0189 4.1973 1.3034 -41.6035 83.1547 65.1246 -96.1522 56.4074 -115.4609 -20.4257 14.5856 -28.0736 0.3004 0.5857 1.2203 0.0000 -0.0001 0.0001 0.0000 0.0000 0.0000 0.0000 -0.0006 0.0003 0.0000 -0.0001 0.0001 0.0000 0.0000 0.0000 0.0000 0.0000 0.0000 0.0000 0.0007 0.0001 0.0000 -0.0012 0.0001 0.0000 -0.0008 0.0003 0.0000 0.0001 0.0000 0.0000 0.0000 0.0000 0.0000 -0.0008 0.0000 0.0000 0.0002 -29.9997 -0.0001 -0.0003 29.9996 0.0000 0.0000 0.0000 4.0625 2.1313 179.5814 -9.3768 -12.3733 -1.9910 -14.7003 74.5189 -8.2489 0.0000 25.3510 0.0000 3.6309 -8.8302 178.4280 -0.0447 -7.5501 -0.0798 2.6571 66.4970 1.6795 0.0000 25.3508 -0.0001 
7.5942 96.6349 -6.3407 1.1643 3.3285 1.3212 -0.3743 1.2705 -0.0854 -0.3743 1.2707 -0.0854 -0.3754 1.2743 -0.0856 42.6240 84.9526 -57.2747 91.9484 58.0721 117.7607 24.4613 7.3397 38.5952 -0.4685 1.0198 -1.6911 0.0000 0.0000 0.0001 0.0000 0.0000 0.0000 0.0000 -0.0013 -0.0008 0.0000 -0.0004 0.0001 0.0000 0.0000 0.0000 0.0000 0.0000 0.0000 0.0000 0.0002 0.0000 0.0000 -0.0006 0.0003 0.0000 0.0004 -0.0006 0.0000 0.0000 0.0001 0.0000 0.0000 0.0000 0.0000 -0.0010 -0.0002 0.0000 0.0002 30.0001 -0.0001 0.0005 -29.9998 0.0000 0.0000 0.0000 -7.0959 4.1364 1.3328 -7.0959 4.1364 1.3328 -42.0213 83.2206 64.7235 -96.1630 56.2922 -114.8133 -20.5530 14.8367 -27.5702 0.2871 0.5671 1.1571 0.0000 -0.0001 0.0001 0.0000 0.0000 0.0000 0.0000 -0.0006 0.0003 0.0000 -0.0001 0.0001 0.0000 0.0000 0.0000 0.0000 0.0000 0.0000 0.0000 0.0007 0.0001 0.0000 -0.0012 0.0001 0.0000 -0.0008 0.0003 0.0000 0.0001 0.0000 0.0000 0.0000 0.0000 0.0000 -0.0009 0.0000 0.0000 0.0002 -29.9996 -0.0001 -0.0003 29.9996 0.0000 0.0000 0.0000 4.0884 2.1373 179.5568 -9.3088 -12.4426 -2.0184 -14.8761 74.4761 -8.5233 0.0000 25.3510 0.0000 3.6168 -8.8474 178.4238 -0.0452 -7.6982 -0.0797 2.4118 66.6964 1.3338 0.0000 25.3508 -0.0001 
7.4514 96.6528 -6.1317 1.2331 3.4261 1.4417 -0.4005 1.2929 -0.0979 -0.4005 1.2932 -0.0980 -0.4017 1.2969 -0.0982 42.3644 84.9854 -57.6519 92.0450 57.9886 117.3276 24.7471 7.5971 38.3214 -0.4567 0.9944 -1.6382 0.0000 0.0000 0.0001 0.0000 0.0000 0.0000 0.0000 -0.0013 -0.0008 0.0000 -0.0004 0.0001 0.0000 0.0000 0.0000 0.0000 0.0000 0.0000 0.0000 0.0002 0.0000 0.0000 -0.0006 0.0003 0.0000 0.0004 -0.0006 0.0000 0.0000 0.0001 0.0000 0.0000 0.0000 0.0000 -0.0010 -0.0002 0.0000 0.0002 30.0001 -0.0001 0.0005 -29.9998 0.0000 0.0000 0.0000 -7.1694 4.0783 1.3572 -7.1694 4.0783 1.3572 -42.4643 83.2847 64.2990 -96.2220 56.2226 -114.3391 -20.6612 15.0476 -27.1915 0.2768 0.5515 1.1092 0.0000 -0.0001 0.0001 0.0000 0.0000 0.0000 0.0000 -0.0006 0.0003 0.0000 -0.0001 0.0001 0.0000 0.0000 0.0000 0.0000 0.0000 0.0000 0.0000 0.0007 0.0001 0.0000 -0.0012 0.0001 0.0000 -0.0008 0.0003 0.0000 0.0001 0.0000 0.0000 0.0000 0.0000 0.0000 -0.0009 0.0000 0.0000 0.0002 -29.9996 -0.0001 -0.0003 29.9996 0.0000 0.0000 0.0000 4.1076 2.1309 179.5161 -9.2221 -12.5082 -2.0552 -15.0591 74.4325 -8.7926 0.0000 25.3511 0.0000 3.6130 -8.8791 178.4041 -0.0451 -7.8417 -0.0796 2.1717 66.8867 0.9956 0.0000 25.3508 -0.0001 
7.3233 96.6694 -5.9451 1.2944 3.5275 1.5667 -0.4265 1.3128 -0.1121 -0.4265 1.3131 -0.1121 -0.4277 1.3168 -0.1125 42.2299 85.0061 -57.8970 92.1874 57.9494 117.0635 24.9887 7.8022 38.1708 -0.4486 0.9749 -1.6017 0.0000 0.0000 0.0001 0.0000 0.0000 0.0000 0.0000 -0.0013 -0.0008 0.0000 -0.0004 0.0001 0.0000 0.0000 0.0000 0.0000 0.0000 0.0000 0.0000 0.0002 0.0000 0.0000 -0.0006 0.0003 0.0000 0.0004 -0.0006 0.0000 0.0000 0.0001 0.0000 0.0000 0.0000 0.0000 -0.0010 -0.0002 0.0000 0.0002 30.0001 -0.0001 0.0005 -29.9998 0.0000 0.0000 0.0000 -7.2429 4.0272 1.3759 -7.2429 4.0272 1.3759 -42.9161 83.3450 63.8650 -96.3066 56.2044 -114.0381 -20.7778 15.2239 -26.9184 0.2695 0.5396 1.0749 0.0000 -0.0001 0.0001 0.0000 0.0000 0.0000 0.0000 -0.0006 0.0003 0.0000 -0.0001 0.0001 0.0000 0.0000 0.0000 0.0000 0.0000 0.0000 0.0000 0.0007 0.0001 0.0000 -0.0012 0.0001 0.0000 -0.0008 0.0003 0.0000 0.0001 0.0000 0.0000 0.0000 0.0000 0.0000 -0.0009 0.0000 0.0000 0.0002 -29.9996 -0.0001 -0.0003 29.9996 0.0000 0.0000 0.0000 4.1169 2.1126 179.4677 -9.1362 -12.5735 -2.0915 -15.2607 74.3912 -9.0756 0.0000 25.3510 0.0000 3.6342 -8.9298 178.3658 -0.0456 -7.9897 -0.0795 1.9800 67.0668 0.6986 0.0000 25.3508 -0.0001 
7.2164 96.6849 -5.7751 1.3469 3.6304 1.6911 -0.4506 1.3299 -0.1270 -0.4506 1.3302 -0.1270 -0.4519 1.3340 -0.1274 42.2200 85.0142 -58.0050 92.3551 57.9441 116.9534 25.1874 7.9486 38.1282 -0.4439 0.9616 -1.5800 0.0000 0.0000 0.0001 0.0000 0.0000 0.0000 0.0000 -0.0013 -0.0008 0.0000 -0.0004 0.0001 0.0000 0.0000 0.0000 0.0000 0.0000 0.0000 0.0000 0.0003 0.0000 0.0000 -0.0006 0.0003 0.0000 0.0004 -0.0006 0.0000 0.0000 0.0001 0.0000 0.0000 0.0000 0.0000 -0.0010 -0.0002 0.0000 0.0002 30.0001 -0.0001 0.0005 -29.9998 0.0000 0.0000 0.0000 -7.3161 3.9884 1.3889 -7.3161 3.9884 1.3889 -43.3040 83.3937 63.4928 -96.3858 56.2192 -113.8708 -20.8996 15.3609 -26.7496 0.2649 0.5315 1.0525 0.0000 -0.0001 0.0001 0.0000 0.0000 0.0000 0.0000 -0.0006 0.0003 0.0000 -0.0001 0.0001 0.0000 0.0000 0.0000 0.0000 0.0000 0.0000 0.0000 0.0007 0.0001 0.0000 -0.0012 0.0001 0.0000 -0.0008 0.0003 0.0000 0.0001 0.0000 0.0000 0.0000 0.0000 0.0000 -0.0008 0.0000 0.0000 0.0002 -29.9996 -0.0001 -0.0003 29.9996 0.0000 0.0000 0.0000 4.1128 2.0879 179.4144 -9.0623 -12.6330 -2.1255 -15.4706 74.3516 -9.3640 0.0000 25.3510 0.0000 3.6802 -8.9927 178.3106 -0.0465 -8.1402 -0.0794 1.8445 67.2383 0.4506 0.0000 25.3508 -0.0001 
7.1418 96.6993 -5.6212 1.3862 3.7309 1.8098 -0.4701 1.3414 -0.1431 -0.4702 1.3417 -0.1431 -0.4716 1.3455 -0.1435 42.3563 85.0037 -57.9421 92.5252 57.9667 117.0471 25.3151 7.9934 38.2352 -0.4444 0.9583 -1.5794 0.0000 0.0000 0.0001 0.0000 0.0000 0.0000 0.0000 -0.0013 -0.0008 0.0000 -0.0004 0.0001 0.0000 0.0000 0.0000 0.0000 0.0000 0.0000 0.0000 0.0002 0.0000 0.0000 -0.0006 0.0003 0.0000 0.0004 -0.0006 0.0000 0.0000 0.0001 0.0000 0.0000 0.0000 0.0000 -0.0010 -0.0002 0.0000 0.0003 30.0001 -0.0001 0.0005 -29.9998 0.0000 0.0000 0.0000 -7.3864 3.9810 1.3938 -7.3864 3.9810 1.3938 -43.5196 83.4169 63.2878 -96.4195 56.2401 -113.8663 -20.9897 15.4297 -26.7387 0.2643 0.5294 1.0474 0.0000 -0.0001 0.0001 0.0000 0.0000 0.0000 0.0000 -0.0006 0.0003 0.0000 -0.0001 0.0001 0.0000 0.0000 0.0000 0.0000 0.0000 0.0000 0.0000 0.0007 0.0001 0.0000 -0.0012 0.0001 0.0000 -0.0008 0.0003 0.0000 0.0001 0.0000 0.0000 0.0000 0.0000 0.0000 -0.0009 0.0000 0.0000 0.0002 -29.9996 -0.0001 -0.0003 29.9996 0.0000 0.0000 0.0000 4.0879 2.0604 179.3574 -9.0055 -12.6764 -2.1598 -15.6798 74.3118 -9.6390 0.0000 25.3511 0.0000 3.7434 -9.0530 178.2378 -0.0480 -8.2715 -0.0792 1.7713 67.3906 0.2691 0.0000 25.3508 -0.0001 
7.0813 96.7134 -5.4735 1.4139 3.8249 1.9223 -0.4848 1.3459 -0.1603 -0.4849 1.3462 -0.1603 -0.4862 1.3500 -0.1608 42.5784 84.9840 -57.7733 92.6546 57.9967 117.2489 25.3910 7.9405 38.4723 -0.4489 0.9634 -1.5939 0.0000 0.0000 0.0001 0.0000 0.0000 0.0000 0.0000 -0.0013 -0.0008 0.0000 -0.0004 0.0001 0.0000 0.0000 0.0000 0.0000 0.0000 0.0000 0.0000 0.0002 0.0000 0.0000 -0.0006 0.0003 0.0000 0.0004 -0.0006 0.0000 0.0000 0.0001 0.0000 0.0000 0.0000 0.0000 -0.0010 -0.0002 0.0000 0.0002 30.0001 -0.0001 0.0005 -29.9998 0.0000 0.0000 0.0000 -7.4557 4.0151 1.3943 -7.4557 4.0151 1.3943 -43.6304 83.4255 63.1855 -96.3869 56.2356 -113.9690 -21.0134 15.4342 -26.8850 0.2671 0.5322 1.0572 0.0000 -0.0001 0.0001 0.0000 0.0000 0.0000 0.0000 -0.0006 0.0003 0.0000 -0.0001 0.0001 0.0000 0.0000 0.0000 0.0000 0.0000 0.0000 0.0000 0.0007 0.0001 0.0000 -0.0012 0.0001 0.0000 -0.0008 0.0003 0.0000 0.0001 0.0000 0.0000 0.0000 0.0000 0.0000 -0.0009 0.0000 0.0000 0.0002 -29.9996 -0.0001 -0.0003 29.9996 0.0000 0.0000 0.0000 4.0577 2.0369 179.3010 -8.9541 -12.7025 -2.1951 -15.8886 74.2697 -9.8990 0.0000 25.3511 0.0000 3.7960 -9.0966 178.1641 -0.0496 -8.3722 -0.0791 1.6988 67.5231 0.1102 0.0000 25.3508 -0.0001 
7.0212 96.7274 -5.3317 1.4317 3.9109 2.0300 -0.4947 1.3442 -0.1786 -0.4948 1.3445 -0.1786 -0.4962 1.3483 -0.1792 42.8478 84.9571 -57.5409 92.7219 58.0220 117.5474 25.4039 7.8390 38.7769 -0.4568 0.9756 -1.6216 0.0000 0.0000 0.0001 0.0000 0.0000 0.0000 0.0000 -0.0013 -0.0008 0.0000 -0.0004 0.0001 0.0000 0.0000 0.0000 0.0000 0.0000 0.0000 0.0000 0.0002 0.0000 0.0000 -0.0006 0.0003 0.0000 0.0004 -0.0006 0.0000 0.0000 0.0001 0.0000 0.0000 0.0000 0.0000 -0.0010 -0.0002 0.0000 0.0002 30.0001 -0.0001 0.0005 -29.9998 0.0000 0.0000 0.0000 -7.5247 4.0898 1.3908 -7.5247 4.0899 1.3908 -43.6408 83.4198 63.1816 -96.3008 56.2109 -114.1591 -20.9768 15.3794 -27.1650 0.2728 0.5390 1.0797 0.0000 -0.0001 0.0001 0.0000 0.0000 0.0000 0.0000 -0.0006 0.0003 0.0000 -0.0001 0.0001 0.0000 0.0000 0.0000 0.0000 0.0000 0.0000 0.0000 0.0007 0.0001 0.0000 -0.0012 0.0001 0.0000 -0.0008 0.0003 0.0000 0.0001 0.0000 0.0000 0.0000 0.0000 0.0000 -0.0008 0.0000 0.0000 0.0002 -29.9996 -0.0001 -0.0003 29.9996 0.0000 0.0000 0.0000 4.0259 2.0200 179.2461 -8.9140 -12.7139 -2.2289 -16.0960 74.2252 -10.1521 0.0000 25.3510 0.0000 3.8331 -9.1264 178.0974 -0.0511 -8.4495 -0.0789 1.6027 67.6386 -0.0506 0.0000 25.3508 -0.0001 
6.9440 96.7409 -5.2057 1.4382 3.9810 2.1312 -0.4981 1.3370 -0.1980 -0.4982 1.3373 -0.1980 -0.4997 1.3411 -0.1986 43.0476 84.9160 -57.3584 92.6854 58.0359 117.9531 25.3100 7.6692 39.1903 -0.4700 0.9979 -1.6685 0.0000 0.0000 0.0001 0.0000 0.0000 0.0000 0.0000 -0.0013 -0.0008 0.0000 -0.0004 0.0001 0.0000 0.0000 0.0000 0.0000 0.0000 0.0000 0.0000 0.0002 0.0000 0.0000 -0.0006 0.0003 0.0000 0.0004 -0.0006 0.0000 0.0000 0.0001 0.0000 0.0000 0.0000 0.0000 -0.0010 -0.0002 0.0000 0.0002 30.0001 -0.0001 0.0005 -29.9998 0.0000 0.0000 0.0000 -7.5943 4.2161 1.3825 -7.5943 4.2161 1.3825 -43.4428 83.3875 63.3835 -96.1556 56.1744 -114.4598 -20.8655 15.2544 -27.5938 0.2823 0.5513 1.1188 0.0000 -0.0001 0.0001 0.0000 0.0000 0.0000 0.0000 -0.0006 0.0003 0.0000 -0.0001 0.0001 0.0000 0.0000 0.0000 0.0000 0.0000 0.0000 0.0000 0.0007 0.0001 0.0000 -0.0012 0.0001 0.0000 -0.0008 0.0003 0.0000 0.0001 0.0000 0.0000 0.0000 0.0000 0.0000 -0.0008 0.0000 0.0000 0.0002 -29.9996 -0.0001 -0.0003 29.9996 0.0000 0.0000 0.0000 3.9936 2.0186 179.1952 -8.8999 -12.7044 -2.2579 -16.2918 74.1755 -10.3975 0.0000 25.3510 0.0000 3.8445 -9.1464 178.0512 -0.0518 -8.5119 -0.0788 1.4467 67.7350 -0.2419 0.0000 25.3508 -0.0001 
6.8485 96.7538 -5.1013 1.4398 4.0350 2.2300 -0.4992 1.3301 -0.2181 -0.4993 1.3304 -0.2182 -0.5007 1.3342 -0.2188 43.0509 84.8657 -57.3616 92.5726 58.0453 118.4215 25.1283 7.4606 39.6782 -0.4871 1.0273 -1.7307 0.0000 0.0000 0.0001 0.0000 0.0000 0.0000 0.0000 -0.0013 -0.0008 0.0000 -0.0004 0.0001 0.0000 0.0000 0.0000 0.0000 0.0000 0.0000 0.0000 0.0002 0.0000 0.0000 -0.0006 0.0003 0.0000 0.0004 -0.0006 0.0000 0.0000 0.0001 0.0000 0.0000 0.0000 0.0000 -0.0010 -0.0002 0.0000 0.0002 30.0001 -0.0001 0.0005 -29.9998 0.0000 0.0000 0.0000 -7.6624 4.3655 1.3730 -7.6624 4.3655 1.3730 -43.0762 83.3325 63.7453 -95.9898 56.1534 -114.8472 -20.7187 15.0825 -28.1316 0.2946 0.5674 1.1703 0.0000 -0.0001 0.0001 0.0000 0.0000 0.0000 0.0000 -0.0006 0.0003 0.0000 -0.0001 0.0001 0.0000 0.0000 0.0000 0.0000 0.0000 0.0000 0.0000 0.0007 0.0001 0.0000 -0.0012 0.0001 0.0000 -0.0008 0.0003 0.0000 0.0001 0.0000 0.0000 0.0000 0.0000 0.0000 -0.0008 0.0000 0.0000 0.0002 -29.9996 -0.0001 -0.0003 29.9996 0.0000 0.0000 0.0000 3.9613 2.0330 179.1456 -8.9084 -12.6780 -2.2820 -16.4680 74.1192 -10.6313 0.0000 25.3510 0.0000 3.8412 -9.1656 178.0197 -0.0519 -8.5737 -0.0788 1.2449 67.8161 -0.4636 0.0000 25.3508 -0.0001 
6.7485 96.7667 -5.0187 1.4382 4.0749 2.3282 -0.4986 1.3241 -0.2399 -0.4987 1.3243 -0.2399 -0.5001 1.3281 -0.2406 42.9225 84.8054 -57.4909 92.4190 58.0562 118.9480 24.8779 7.2211 40.2282 -0.5084 1.0645 -1.8069 0.0000 0.0000 0.0001 0.0000 0.0000 0.0000 0.0000 -0.0013 -0.0008 0.0000 -0.0004 0.0001 0.0000 0.0000 0.0000 0.0000 0.0000 0.0000 0.0000 0.0002 0.0000 0.0000 -0.0006 0.0003 0.0000 0.0004 -0.0006 0.0000 0.0000 0.0001 0.0000 0.0000 0.0000 0.0000 -0.0010 -0.0002 0.0000 0.0002 30.0001 -0.0001 0.0005 -29.9998 0.0000 0.0000 0.0000 -7.7288 4.5248 1.3639 -7.7288 4.5248 1.3639 -42.5908 83.2675 64.2210 -95.8102 56.1492 -115.3070 -20.5509 14.8723 -28.7540 0.3094 0.5869 1.2331 0.0000 -0.0001 0.0001 0.0000 0.0000 0.0000 0.0000 -0.0006 0.0003 0.0000 -0.0001 0.0001 0.0000 0.0000 0.0000 0.0000 0.0000 0.0000 0.0000 0.0007 0.0001 0.0000 -0.0012 0.0001 0.0000 -0.0008 0.0003 0.0000 0.0001 0.0000 0.0000 0.0000 0.0000 0.0000 -0.0009 0.0000 0.0000 0.0002 -29.9996 -0.0001 -0.0003 29.9996 0.0000 0.0000 0.0000 3.9293 2.0594 179.0937 -8.9326 -12.6388 -2.3011 -16.6206 74.0571 -10.8463 0.0000 25.3511 0.0000 3.8342 -9.1821 177.9915 -0.0518 -8.6292 -0.0788 1.0314 67.8805 -0.6899 0.0000 25.3508 -0.0001 
6.6628 96.7799 -4.9679 1.4333 4.0986 2.4229 -0.4955 1.3205 -0.2619 -0.4956 1.3208 -0.2620 -0.4970 1.3246 -0.2627 42.6625 84.7330 -57.7470 92.2464 58.0760 119.5505 24.5457 6.9502 40.8632 -0.5344 1.1095 -1.8996 0.0000 0.0000 0.0001 0.0000 0.0000 0.0000 0.0000 -0.0013 -0.0008 0.0000 -0.0004 0.0001 0.0000 0.0000 0.0000 0.0000 0.0000 0.0000 0.0000 0.0002 0.0000 0.0000 -0.0006 0.0003 0.0000 0.0004 -0.0006 0.0000 0.0000 0.0001 0.0000 0.0000 0.0000 0.0000 -0.0010 -0.0002 0.0000 0.0002 30.0001 -0.0001 0.0005 -29.9998 0.0000 0.0000 0.0000 -7.7911 4.6796 1.3542 -7.7911 4.6796 1.3542 -41.9438 83.1864 64.8541 -95.6182 56.1693 -115.8431 -20.3704 14.6244 -29.4562 0.3270 0.6104 1.3081 0.0000 -0.0001 0.0001 0.0000 0.0000 0.0000 0.0000 -0.0006 0.0003 0.0000 -0.0001 0.0001 0.0000 0.0000 0.0000 0.0000 0.0000 0.0000 0.0000 0.0007 0.0001 0.0000 -0.0012 0.0001 0.0000 -0.0008 0.0003 0.0000 0.0001 0.0000 0.0000 0.0000 0.0000 0.0000 -0.0009 0.0000 0.0000 0.0002 -29.9996 -0.0001 -0.0003 29.9996 0.0000 0.0000 0.0000 3.8906 2.0958 179.0390 -8.9781 -12.5874 -2.3113 -16.7382 73.9893 -11.0293 0.0000 25.3510 0.0000 3.8373 -9.1922 177.9552 -0.0521 -8.6655 -0.0788 0.8550 67.9170 -0.8803 0.0000 25.3508 -0.0001 
6.6049 96.7936 -4.9368 1.4277 4.1152 2.5105 -0.4908 1.3184 -0.2817 -0.4909 1.3187 -0.2817 -0.4923 1.3225 -0.2825 42.3532 84.6602 -58.0432 92.0858 58.1102 120.2060 24.1591 6.6803 41.5483 -0.5626 1.1563 -2.0013 0.0000 0.0000 0.0001 0.0000 0.0000 0.0000 0.0000 -0.0013 -0.0008 0.0000 -0.0004 0.0001 0.0000 0.0000 0.0000 0.0000 0.0000 0.0000 0.0000 0.0002 0.0000 0.0000 -0.0006 0.0003 0.0000 0.0004 -0.0006 0.0000 0.0000 0.0001 0.0000 0.0000 0.0000 0.0000 -0.0010 -0.0002 0.0000 0.0002 30.0001 -0.0001 0.0005 -29.9998 0.0000 0.0000 0.0000 -7.8481 4.8154 1.3431 -7.8481 4.8154 1.3431 -41.2355 83.0945 65.5474 -95.4172 56.2061 -116.4044 -20.1798 14.4031 -30.0867 0.3454 0.6351 1.3864 0.0000 -0.0001 0.0001 0.0000 0.0000 0.0000 0.0000 -0.0006 0.0003 0.0000 -0.0001 0.0001 0.0000 0.0000 0.0000 0.0000 0.0000 0.0000 0.0000 0.0007 0.0001 0.0000 -0.0012 0.0001 0.0000 -0.0008 0.0003 0.0000 0.0001 0.0000 0.0000 0.0000 0.0000 0.0000 -0.0009 0.0000 0.0000 0.0002 -29.9996 -0.0001 -0.0003 29.9996 0.0000 0.0000 0.0000 3.8442 2.1304 178.9863 -9.0281 -12.5334 -2.3138 -16.8445 73.9212 -11.1935 0.0000 25.3510 0.0000 3.8505 -9.1948 177.9064 -0.0528 -8.6792 -0.0787 0.7372 67.9319 -1.0135 0.0000 25.3508 -0.0001 
6.5707 96.8072 -4.9175 1.4220 4.1291 2.5894 -0.4851 1.3155 -0.2989 -0.4852 1.3158 -0.2989 -0.4866 1.3195 -0.2998 42.0596 84.5946 -58.3113 91.9385 58.1578 120.8965 23.7343 6.4108 42.2638 -0.5920 1.2036 -2.1090 0.0000 0.0000 0.0001 0.0000 0.0000 0.0000 0.0000 -0.0013 -0.0008 0.0000 -0.0004 0.0001 0.0000 0.0000 0.0000 0.0000 0.0000 0.0000 0.0000 0.0002 0.0000 0.0000 -0.0006 0.0003 0.0000 0.0004 -0.0006 0.0000 0.0000 0.0001 0.0000 0.0000 0.0000 0.0000 -0.0010 -0.0002 0.0000 0.0002 30.0001 -0.0001 0.0005 -29.9998 0.0000 0.0000 0.0000 -7.8993 4.9325 1.3321 -7.8993 4.9325 1.3321 -40.5333 82.9997 66.2330 -95.2130 56.2544 -116.9803 -19.9677 14.1722 -30.7413 0.3650 0.6614 1.4710 0.0000 -0.0001 0.0001 0.0000 0.0000 0.0000 0.0000 -0.0006 0.0003 0.0000 -0.0001 0.0001 0.0000 0.0000 0.0000 0.0000 0.0000 0.0000 0.0000 0.0007 0.0001 0.0000 -0.0012 0.0001 0.0000 -0.0008 0.0003 0.0000 0.0001 0.0000 0.0000 0.0000 0.0000 0.0000 -0.0009 0.0000 0.0000 0.0002 -29.9997 -0.0001 -0.0003 29.9996 0.0000 0.0000 0.0000 3.7959 2.1560 178.9361 -9.0742 -12.4830 -2.3113 -16.9380 73.8567 -11.3340 0.0000 25.3510 0.0000 3.8685 -9.1923 177.8497 -0.0536 -8.6749 -0.0786 0.6657 67.9324 -1.0985 0.0000 25.3508 -0.0001 
6.5594 96.8191 -4.9093 1.4169 4.1427 2.6522 -0.4773 1.3099 -0.3117 -0.4774 1.3102 -0.3118 -0.4788 1.3139 -0.3127 41.8521 84.5387 -58.4715 91.8149 58.2138 121.6041 23.2653 6.1316 43.0190 -0.6219 1.2500 -2.2209 0.0000 0.0000 0.0001 0.0000 0.0000 0.0000 0.0000 -0.0013 -0.0008 0.0000 -0.0004 0.0001 0.0000 0.0000 0.0000 0.0000 0.0000 0.0000 0.0000 0.0002 0.0000 0.0000 -0.0006 0.0003 0.0000 0.0004 -0.0006 0.0000 0.0000 0.0001 0.0000 0.0000 0.0000 0.0000 -0.0010 -0.0002 0.0000 0.0002 30.0001 -0.0001 0.0005 -29.9998 0.0000 0.0000 0.0000 -7.9440 5.0233 1.3228 -7.9440 5.0233 1.3228 -39.8877 82.9101 66.8634 -94.9917 56.3020 -117.5387 -19.7218 13.9203 -31.4797 0.3864 0.6889 1.5628 0.0000 -0.0001 0.0001 0.0000 0.0000 0.0000 0.0000 -0.0006 0.0003 0.0000 -0.0001 0.0001 0.0000 0.0000 0.0000 0.0000 0.0000 0.0000 0.0000 0.0007 0.0001 0.0000 -0.0011 0.0001 0.0000 -0.0008 0.0003 0.0000 0.0001 0.0000 0.0000 0.0000 0.0000 0.0000 -0.0009 0.0000 0.0000 0.0002 -29.9996 -0.0001 -0.0003 29.9996 0.0000 0.0000 0.0000 3.7519 2.1609 178.8960 -9.0998 -12.4466 -2.3090 -17.0149 73.8017 -11.4326 0.0000 25.3511 0.0000 3.8851 -9.1864 177.7929 -0.0542 -8.6514 -0.0786 0.6402 67.9193 -1.1290 0.0000 25.3508 -0.0001 
6.5505 96.8286 -4.9069 1.4118 4.1559 2.7006 -0.4687 1.3035 -0.3203 -0.4688 1.3038 -0.3203 -0.4701 1.3075 -0.3212 41.7072 84.4906 -58.5534 91.6878 58.2697 122.2817 22.7637 5.8684 43.7826 -0.6517 1.2941 -2.3335 0.0000 0.0000 0.0001 0.0000 0.0000 0.0000 0.0000 -0.0013 -0.0008 0.0000 -0.0004 0.0001 0.0000 0.0000 0.0000 0.0000 0.0000 0.0000 0.0000 0.0002 0.0000 0.0000 -0.0006 0.0003 0.0000 0.0004 -0.0006 0.0000 0.0000 0.0001 0.0000 0.0000 0.0000 0.0000 -0.0010 -0.0002 0.0000 0.0002 30.0001 -0.0001 0.0005 -29.9998 0.0000 0.0000 0.0000 -7.9833 5.0949 1.3150 -7.9833 5.0949 1.3150 -39.3079 82.8248 67.4255 -94.7532 56.3444 -118.0417 -19.4686 13.6785 -32.2225 0.4082 0.7164 1.6555 0.0000 -0.0001 0.0001 0.0000 0.0000 0.0000 0.0000 -0.0006 0.0003 0.0000 -0.0001 0.0001 0.0000 0.0000 0.0000 0.0000 0.0000 0.0000 0.0000 0.0007 0.0001 0.0000 -0.0012 0.0001 0.0000 -0.0008 0.0003 0.0000 0.0001 0.0000 0.0000 0.0000 0.0000 0.0000 -0.0009 0.0000 0.0000 0.0002 -29.9997 -0.0001 -0.0003 29.9996 0.0000 0.0000 0.0000 3.7192 2.1491 178.8701 -9.1104 -12.4281 -2.3071 -17.0855 73.7565 -11.5117 0.0000 25.3510 0.0000 3.8905 -9.1799 177.7484 -0.0542 -8.6187 -0.0786 0.6206 67.9000 -1.1389 0.0000 25.3508 -0.0001 
6.5374 96.8360 -4.9104 1.4058 4.1693 2.7383 -0.4602 1.2972 -0.3251 -0.4602 1.2975 -0.3252 -0.4616 1.3012 -0.3261 41.5795 84.4498 -58.6091 91.5510 58.3191 122.9153 22.2395 5.6245 44.5357 -0.6808 1.3353 -2.4446 0.0000 0.0000 0.0001 0.0000 0.0000 0.0000 0.0000 -0.0013 -0.0008 0.0000 -0.0004 0.0001 0.0000 0.0000 0.0000 0.0000 0.0000 0.0000 0.0000 0.0002 0.0000 0.0000 -0.0006 0.0003 0.0000 0.0004 -0.0006 0.0000 0.0000 0.0001 0.0000 0.0000 0.0000 0.0000 -0.0010 -0.0002 0.0000 0.0002 30.0001 -0.0001 0.0005 -29.9998 0.0000 0.0000 0.0000 -8.0183 5.1501 1.3089 -8.0183 5.1501 1.3089 -38.7991 82.7419 67.9132 -94.5221 56.3897 -118.4991 -19.2189 13.4391 -32.9619 0.4299 0.7436 1.7476 0.0000 -0.0001 0.0001 0.0000 0.0000 0.0000 0.0000 -0.0006 0.0003 0.0000 -0.0001 0.0001 0.0000 0.0000 0.0000 0.0000 0.0000 0.0000 0.0000 0.0007 0.0001 0.0000 -0.0012 0.0001 0.0000 -0.0008 0.0003 0.0000 0.0001 0.0000 0.0000 0.0000 0.0000 0.0000 -0.0009 0.0000 0.0000 0.0002 -29.9996 -0.0001 -0.0003 29.9996 0.0000 0.0000 0.0000 3.7013 2.1274 178.8564 -9.1157 -12.4244 -2.3027 -17.1518 73.7212 -11.5867 0.0000 25.3510 0.0000 3.8816 -9.1744 177.7172 -0.0536 -8.5777 -0.0787 0.5920 67.8742 -1.1411 0.0000 25.3508 -0.0001 
6.5164 96.8416 -4.9181 1.3997 4.1834 2.7633 -0.4532 1.2915 -0.3262 -0.4533 1.2918 -0.3262 -0.4546 1.2954 -0.3272 41.4669 84.4137 -58.6454 91.4116 58.3510 123.4730 21.7120 5.3992 45.2475 -0.7078 1.3722 -2.5494 0.0000 0.0000 0.0001 0.0000 0.0000 0.0000 0.0000 -0.0013 -0.0008 0.0000 -0.0004 0.0001 0.0000 0.0000 0.0000 0.0000 0.0000 0.0000 0.0000 0.0002 -0.0001 0.0000 -0.0006 0.0003 0.0000 0.0004 -0.0006 0.0000 0.0000 0.0001 0.0000 0.0000 0.0000 0.0000 -0.0010 -0.0002 0.0000 0.0002 30.0001 -0.0001 0.0005 -29.9998 0.0000 0.0000 0.0000 -8.0487 5.1845 1.3072 -8.0487 5.1845 1.3072 -38.3864 82.6673 68.2985 -94.3217 56.4357 -118.9070 -18.9886 13.1679 -33.7254 0.4510 0.7702 1.8376 0.0000 -0.0001 0.0001 0.0000 0.0000 0.0000 0.0000 -0.0006 0.0003 0.0000 -0.0001 0.0001 0.0000 0.0000 0.0000 0.0000 0.0000 0.0000 0.0000 0.0007 0.0001 0.0000 -0.0012 0.0001 0.0000 -0.0008 0.0003 0.0000 0.0002 0.0000 0.0000 0.0000 0.0000 0.0000 -0.0009 0.0000 0.0000 0.0002 -29.9997 -0.0001 -0.0003 29.9996 0.0000 0.0000 0.0000 3.7026 2.0996 178.8561 -9.1271 -12.4344 -2.2954 -17.1967 73.6986 -11.6522 0.0000 25.3511 0.0000 3.8466 -9.1702 177.7043 -0.0533 -8.5286 -0.0787 0.5411 67.8439 -1.1390 0.0000 25.3508 -0.0001 
6.4879 96.8469 -4.9285 1.3940 4.1976 2.7822 -0.4482 1.2864 -0.3258 -0.4482 1.2866 -0.3259 -0.4495 1.2903 -0.3268 41.3945 84.3808 -58.6455 91.2813 58.3678 123.9577 21.2136 5.1709 45.9118 -0.7321 1.4055 -2.6458 0.0000 0.0000 0.0001 0.0000 0.0000 0.0000 0.0000 -0.0013 -0.0008 0.0000 -0.0004 0.0001 0.0000 0.0000 0.0000 0.0000 0.0000 0.0000 0.0000 0.0002 0.0000 0.0000 -0.0006 0.0003 0.0000 0.0004 -0.0006 0.0000 0.0000 0.0001 0.0000 0.0000 0.0000 0.0000 -0.0010 -0.0002 0.0000 0.0002 30.0001 -0.0001 0.0005 -29.9998 0.0000 0.0000 0.0000 -8.0767 5.2070 1.3093 -8.0767 5.2070 1.3093 -38.0474 82.6041 68.6073 -94.1456 56.4762 -119.2783 -18.7905 12.8870 -34.4561 0.4712 0.7967 1.9237 0.0000 -0.0001 0.0001 0.0000 0.0000 0.0000 0.0000 -0.0006 0.0003 0.0000 -0.0001 0.0001 0.0000 0.0000 0.0000 0.0000 0.0000 0.0000 0.0000 0.0007 0.0001 0.0000 -0.0012 0.0001 0.0000 -0.0008 0.0003 0.0000 0.0001 0.0000 0.0000 0.0000 0.0000 0.0000 -0.0009 0.0000 0.0000 0.0002 -29.9997 -0.0001 -0.0003 29.9996 0.0000 0.0000 0.0000 3.7119 2.0720 178.8609 -9.1445 -12.4476 -2.2864 -17.2301 73.6805 -11.7119 0.0000 25.3510 0.0000 3.7969 -9.1675 177.7030 -0.0534 -8.4766 -0.0788 0.4771 67.8109 -1.1361 0.0000 25.3508 -0.0001 
6.4509 96.8521 -4.9414 1.3872 4.2109 2.7995 -0.4445 1.2822 -0.3253 -0.4445 1.2824 -0.3253 -0.4458 1.2861 -0.3262 41.3634 84.3548 -58.6105 91.1705 58.3780 124.3816 20.7604 4.9555 46.5175 -0.7537 1.4347 -2.7326 0.0000 0.0000 0.0001 0.0000 0.0000 0.0000 0.0000 -0.0013 -0.0008 0.0000 -0.0004 0.0001 0.0000 0.0000 0.0000 0.0000 0.0000 0.0000 0.0000 0.0002 0.0000 0.0000 -0.0006 0.0003 0.0000 0.0004 -0.0006 0.0000 0.0000 0.0001 0.0000 0.0000 0.0000 0.0000 -0.0010 -0.0002 0.0000 0.0002 30.0001 -0.0001 0.0005 -29.9998 0.0000 0.0000 0.0000 -8.1035 5.2209 1.3135 -8.1035 5.2209 1.3135 -37.7848 82.5503 68.8406 -94.0010 56.5170 -119.6144 -18.6382 12.6271 -35.0793 0.4899 0.8230 2.0019 0.0000 -0.0001 0.0001 0.0000 0.0000 0.0000 0.0000 -0.0006 0.0003 0.0000 -0.0001 0.0001 0.0000 0.0000 0.0000 0.0000 0.0000 0.0000 0.0000 0.0007 0.0001 0.0000 -0.0011 0.0001 0.0000 -0.0008 0.0003 0.0000 0.0001 0.0000 0.0000 0.0000 0.0000 0.0000 -0.0009 0.0000 0.0000 0.0002 -29.9996 -0.0001 -0.0003 29.9996 0.0000 0.0000 0.0000 3.7264 2.0460 178.8663 -9.1703 -12.4642 -2.2722 -17.2645 73.6644 -11.7813 0.0000 25.3510 0.0000 3.7462 -9.1668 177.7086 -0.0530 -8.4258 -0.0788 0.4078 67.7765 -1.1353 0.0000 25.3508 -0.0001 
6.4075 96.8576 -4.9595 1.3778 4.2241 2.8169 -0.4417 1.2787 -0.3252 -0.4418 1.2789 -0.3253 -0.4430 1.2826 -0.3262 41.3748 84.3404 -58.5374 91.1392 58.3594 124.7075 20.4134 4.7589 47.0149 -0.7497 1.4145 -2.7748 0.0000 0.0000 0.0001 0.0000 0.0000 0.0000 0.0000 -0.0013 -0.0008 0.0000 -0.0004 0.0001 0.0000 0.0000 0.0000 0.0000 0.0000 0.0000 0.0000 0.0002 0.0000 0.0000 -0.0006 0.0003 0.0000 0.0004 -0.0006 0.0000 0.0000 0.0001 0.0000 0.0000 0.0000 0.0000 -0.0010 -0.0002 0.0000 0.0002 30.0001 -0.0001 0.0005 -29.9998 0.0000 0.0000 0.0000 -8.1314 5.2268 1.3206 -8.1314 5.2268 1.3206 -37.6475 82.5099 68.9536 -93.9255 56.5632 -119.9041 -18.5227 12.4085 -35.5524 0.5040 0.8435 2.0631 0.0000 -0.0001 0.0001 0.0000 0.0000 0.0000 0.0000 -0.0006 0.0003 0.0000 -0.0001 0.0001 0.0000 0.0000 0.0000 0.0000 0.0000 0.0000 0.0000 0.0007 0.0001 0.0000 -0.0012 0.0001 0.0000 -0.0008 0.0003 0.0000 0.0001 0.0000 0.0000 0.0000 0.0000 0.0000 -0.0008 0.0000 0.0000 0.0002 -29.9997 -0.0001 -0.0003 29.9996 0.0000 0.0000 0.0000 3.7442 2.0215 178.8721 -9.2106 -12.4866 -2.2505 -17.3127 73.6493 -11.8803 0.0000 25.3510 0.0000 3.7104 -9.1757 177.7163 -0.0523 -8.3880 -0.0789 0.3548 67.7443 -1.1259 0.0000 25.3508 -0.0001 
6.3697 96.8637 -4.9793 1.3696 4.2356 2.8341 -0.4404 1.2758 -0.3262 -0.4404 1.2760 -0.3263 -0.4417 1.2797 -0.3272 41.4003 84.3347 -58.4534 91.1660 58.3544 124.9636 20.1774 4.5760 47.4007 -0.7395 1.3865 -2.7974 0.0000 0.0000 0.0001 0.0000 0.0000 0.0000 0.0000 -0.0013 -0.0008 0.0000 -0.0004 0.0001 0.0000 0.0000 0.0000 0.0000 0.0000 0.0000 0.0000 0.0002 0.0000 0.0000 -0.0006 0.0003 0.0000 0.0004 -0.0006 0.0000 0.0000 0.0001 0.0000 0.0000 0.0000 0.0000 -0.0010 -0.0002 0.0000 0.0002 30.0001 -0.0001 0.0005 -29.9998 0.0000 0.0000 0.0000 -8.1607 5.2316 1.3313 -8.1607 5.2316 1.3313 -37.6144 82.4844 68.9694 -93.9106 56.6107 -120.1534 -18.4241 12.2450 -35.8842 0.5140 0.8575 2.1087 0.0000 -0.0001 0.0001 0.0000 0.0000 0.0000 0.0000 -0.0006 0.0003 0.0000 -0.0001 0.0001 0.0000 0.0000 0.0000 0.0000 0.0000 0.0000 0.0000 0.0007 0.0001 0.0000 -0.0012 0.0001 0.0000 -0.0008 0.0003 0.0000 0.0001 0.0000 0.0000 0.0000 0.0000 0.0000 -0.0009 0.0000 0.0000 0.0002 -29.9996 -0.0001 -0.0003 29.9996 0.0000 0.0000 0.0000 3.7606 1.9984 178.8825 -9.2533 -12.5137 -2.2315 -17.3696 73.6331 -11.9953 0.0000 25.3511 0.0000 3.6879 -9.1894 177.7184 -0.0519 -8.3629 -0.0789 0.3366 67.7175 -1.0907 0.0000 25.3508 -0.0001 
6.3420 96.8701 -4.9970 1.3633 4.2436 2.8508 -0.4405 1.2738 -0.3282 -0.4406 1.2741 -0.3283 -0.4418 1.2777 -0.3292 41.4420 84.3366 -58.3577 91.2296 58.3778 125.1587 20.0414 4.4187 47.6751 -0.7321 1.3685 -2.8126 0.0000 0.0000 0.0001 0.0000 0.0000 0.0000 0.0000 -0.0013 -0.0008 0.0000 -0.0004 0.0001 0.0000 0.0000 0.0000 0.0000 0.0000 0.0000 0.0000 0.0003 0.0000 0.0000 -0.0006 0.0003 0.0000 0.0004 -0.0006 0.0000 0.0000 0.0001 0.0000 0.0000 0.0000 0.0000 -0.0010 -0.0002 0.0000 0.0002 30.0001 -0.0001 0.0005 -29.9998 0.0000 0.0000 0.0000 -8.1920 5.2378 1.3458 -8.1920 5.2378 1.3458 -37.6637 82.4738 68.9095 -93.9439 56.6567 -120.3560 -18.3396 12.1387 -36.0852 0.5199 0.8649 2.1390 0.0000 -0.0001 0.0001 0.0000 0.0000 0.0000 0.0000 -0.0006 0.0003 0.0000 -0.0001 0.0001 0.0000 0.0000 0.0000 0.0000 0.0000 0.0000 0.0000 0.0007 0.0001 0.0000 -0.0012 0.0001 0.0000 -0.0008 0.0003 0.0000 0.0001 0.0000 0.0000 0.0000 0.0000 0.0000 -0.0009 0.0000 0.0000 0.0002 -29.9996 -0.0001 -0.0003 29.9996 0.0000 0.0000 0.0000 3.7796 1.9787 178.8972 -9.2881 -12.5448 -2.2158 -17.4361 73.6160 -12.1222 0.0000 25.3510 0.0000 3.6726 -9.2020 177.7129 -0.0523 -8.3480 -0.0789 0.3528 67.6979 -1.0259 0.0000 25.3508 -0.0001 
6.3261 96.8759 -5.0098 1.3593 4.2456 2.8653 -0.4433 1.2739 -0.3304 -0.4434 1.2741 -0.3305 -0.4447 1.2778 -0.3314 41.5065 84.3494 -58.2478 91.3249 58.4418 125.2465 20.0346 4.3346 47.7754 -0.7295 1.3640 -2.8172 0.0000 0.0000 0.0001 0.0000 0.0000 0.0000 0.0000 -0.0013 -0.0008 0.0000 -0.0004 0.0001 0.0000 0.0000 0.0000 0.0000 0.0000 0.0000 0.0000 0.0003 -0.0001 0.0000 -0.0006 0.0003 0.0000 0.0004 -0.0006 0.0000 0.0000 0.0001 0.0000 0.0000 0.0000 0.0000 -0.0010 -0.0002 0.0000 0.0003 30.0001 -0.0001 0.0005 -29.9998 0.0000 0.0000 0.0000 -8.2265 5.2449 1.3646 -8.2265 5.2449 1.3646 -37.8369 82.4908 68.7343 -94.0479 56.7106 -120.4718 -18.3053 12.1035 -36.1130 0.5196 0.8631 2.1452 0.0000 -0.0001 0.0001 0.0000 0.0000 0.0000 0.0000 -0.0006 0.0003 0.0000 -0.0001 0.0001 0.0000 0.0000 0.0000 0.0000 0.0000 0.0000 0.0000 0.0007 0.0001 0.0000 -0.0012 0.0001 0.0000 -0.0008 0.0003 0.0000 0.0001 0.0000 0.0000 0.0000 0.0000 0.0000 -0.0009 0.0000 0.0000 0.0002 -29.9996 -0.0001 -0.0003 29.9996 0.0000 0.0000 0.0000 3.8056 1.9664 178.9178 -9.3095 -12.5822 -2.2032 -17.5093 73.5996 -12.2606 0.0000 25.3510 0.0000 3.6598 -9.2082 177.7017 -0.0536 -8.3407 -0.0788 0.4009 67.6865 -0.9318 0.0000 25.3508 -0.0001 
6.3044 96.8801 -5.0189 1.3560 4.2443 2.8751 -0.4485 1.2761 -0.3312 -0.4486 1.2763 -0.3312 -0.4499 1.2799 -0.3322 41.5845 84.3697 -58.1377 91.4366 58.5358 125.2423 20.1248 4.3229 47.7290 -0.7312 1.3703 -2.8139 0.0000 0.0000 0.0001 0.0000 0.0000 0.0000 0.0000 -0.0013 -0.0008 0.0000 -0.0004 0.0001 0.0000 0.0000 0.0000 0.0000 0.0000 0.0000 0.0000 0.0003 0.0000 0.0000 -0.0006 0.0003 0.0000 0.0004 -0.0006 0.0000 0.0000 0.0001 0.0000 0.0000 0.0000 0.0000 -0.0010 -0.0002 0.0000 0.0002 30.0001 -0.0001 0.0005 -29.9998 0.0000 0.0000 0.0000 -8.2654 5.2462 1.3854 -8.2654 5.2462 1.3854 -38.0928 82.5296 68.4820 -94.1889 56.7673 -120.5014 -18.3198 12.1177 -36.0048 0.5146 0.8548 2.1319 0.0000 -0.0001 0.0001 0.0000 0.0000 0.0000 0.0000 -0.0006 0.0003 0.0000 -0.0001 0.0001 0.0000 0.0000 0.0000 0.0000 0.0000 0.0000 0.0000 0.0007 0.0001 0.0000 -0.0012 0.0001 0.0000 -0.0008 0.0003 0.0000 0.0001 0.0000 0.0000 0.0000 0.0000 0.0000 -0.0009 0.0000 0.0000 0.0002 -29.9996 -0.0001 -0.0003 29.9996 0.0000 0.0000 0.0000 3.8331 1.9582 178.9434 -9.3248 -12.6255 -2.1933 -17.5776 73.5878 -12.3951 0.0000 25.3511 0.0000 3.6413 -9.2119 177.7004 -0.0548 -8.3382 -0.0787 0.4316 67.6793 -0.8541 0.0000 25.3508 -0.0001 
6.2693 96.8826 -5.0233 1.3531 4.2407 2.8796 -0.4555 1.2800 -0.3299 -0.4556 1.2802 -0.3299 -0.4569 1.2839 -0.3309 41.6972 84.3960 -58.0059 91.5597 58.6460 125.1565 20.2926 4.3638 47.5555 -0.7362 1.3862 -2.8036 0.0000 0.0000 0.0001 0.0000 0.0000 0.0000 0.0000 -0.0013 -0.0008 0.0000 -0.0004 0.0001 0.0000 0.0000 0.0000 0.0000 0.0000 0.0000 0.0000 0.0002 0.0000 0.0000 -0.0006 0.0003 0.0000 0.0004 -0.0006 0.0000 0.0000 0.0001 0.0000 0.0000 0.0000 0.0000 -0.0010 -0.0002 0.0000 0.0002 30.0001 -0.0001 0.0005 -29.9998 0.0000 0.0000 0.0000 -8.3074 5.2378 1.4060 -8.3074 5.2378 1.4060 -38.4131 82.5845 68.1702 -94.3605 56.8242 -120.4572 -18.3840 12.1634 -35.7801 0.5056 0.8418 2.1018 0.0000 -0.0001 0.0001 0.0000 0.0000 0.0000 0.0000 -0.0006 0.0003 0.0000 -0.0001 0.0001 0.0000 0.0000 0.0000 0.0000 0.0000 0.0000 0.0000 0.0007 0.0001 0.0000 -0.0012 0.0001 0.0000 -0.0008 0.0003 0.0000 0.0001 0.0000 0.0000 0.0000 0.0000 0.0000 -0.0009 0.0000 0.0000 0.0002 -29.9996 -0.0001 -0.0003 29.9996 0.0000 0.0000 0.0000 3.8621 1.9513 178.9737 -9.3311 -12.6743 -2.1878 -17.6341 73.5825 -12.5129 0.0000 25.3510 0.0000 3.6166 -9.2155 177.7152 -0.0550 -8.3429 -0.0787 0.4284 67.6777 -0.8109 0.0000 25.3508 -0.0001 
6.2160 96.8831 -5.0162 1.3484 4.2354 2.8764 -0.4634 1.2857 -0.3251 -0.4635 1.2859 -0.3252 -0.4648 1.2896 -0.3261 41.9013 84.4320 -57.8009 91.6974 58.7628 124.9585 20.5605 4.4683 47.2064 -0.7456 1.4155 -2.7824 0.0000 0.0000 0.0001 0.0000 0.0000 0.0000 0.0000 -0.0013 -0.0008 0.0000 -0.0004 0.0001 0.0000 0.0000 0.0000 0.0000 0.0000 0.0000 0.0000 0.0002 0.0000 0.0000 -0.0006 0.0003 0.0000 0.0004 -0.0006 0.0000 0.0000 0.0001 0.0000 0.0000 0.0000 0.0000 -0.0010 -0.0002 0.0000 0.0002 30.0001 -0.0001 0.0005 -29.9998 0.0000 0.0000 0.0000 -8.3554 5.2135 1.4257 -8.3554 5.2135 1.4257 -38.8242 82.6596 67.7791 -94.5607 56.8787 -120.2972 -18.5300 12.2353 -35.4059 0.4915 0.8234 2.0493 0.0000 -0.0001 0.0001 0.0000 0.0000 0.0000 0.0000 -0.0006 0.0003 0.0000 -0.0001 0.0001 0.0000 0.0000 0.0000 0.0000 0.0000 0.0000 0.0000 0.0007 0.0001 0.0000 -0.0012 0.0001 0.0000 -0.0008 0.0003 0.0000 0.0001 0.0000 0.0000 0.0000 0.0000 0.0000 -0.0009 0.0000 0.0000 0.0002 -29.9996 -0.0001 -0.0003 29.9996 0.0000 0.0000 0.0000 3.8977 1.9420 179.0071 -9.3212 -12.7352 -2.1854 -17.6756 73.5930 -12.6021 0.0000 25.3510 0.0000 3.5858 -9.2153 177.7523 -0.0539 -8.3542 -0.0788 0.3774 67.6857 -0.8177 0.0000 25.3508 -0.0001 
6.1653 96.8822 -5.0004 1.3402 4.2309 2.8656 -0.4702 1.2923 -0.3172 -0.4702 1.2926 -0.3172 -0.4716 1.2963 -0.3182 42.1930 84.4730 -57.5174 91.8554 58.8466 124.6662 20.8990 4.6144 46.7261 -0.7421 1.4215 -2.7324 0.0000 0.0000 0.0001 0.0000 0.0000 0.0000 0.0000 -0.0013 -0.0008 0.0000 -0.0004 0.0001 0.0000 0.0000 0.0000 0.0000 0.0000 0.0000 0.0000 0.0002 0.0000 0.0000 -0.0006 0.0003 0.0000 0.0004 -0.0006 0.0000 0.0000 0.0001 0.0000 0.0000 0.0000 0.0000 -0.0010 -0.0002 0.0000 0.0002 30.0001 -0.0001 0.0005 -29.9998 0.0000 0.0000 0.0000 -8.4078 5.1763 1.4439 -8.4078 5.1763 1.4439 -39.3125 82.7478 67.3159 -94.7502 56.9241 -120.0314 -18.7271 12.3283 -34.9287 0.4743 0.8023 1.9817 0.0000 -0.0001 0.0001 0.0000 0.0000 0.0000 0.0000 -0.0006 0.0003 0.0000 -0.0001 0.0001 0.0000 0.0000 0.0000 0.0000 0.0000 0.0000 0.0000 0.0007 0.0001 0.0000 -0.0012 0.0001 0.0000 -0.0008 0.0003 0.0000 0.0001 0.0000 0.0000 0.0000 0.0000 0.0000 -0.0009 0.0000 0.0000 0.0002 -29.9996 -0.0001 -0.0003 29.9996 0.0000 0.0000 0.0000 3.9353 1.9259 179.0406 -9.3118 -12.8084 -2.1815 -17.7084 73.6204 -12.6715 0.0000 25.3511 0.0000 3.5584 -9.2147 177.7961 -0.0529 -8.3736 -0.0788 0.3232 67.7038 -0.8310 0.0000 25.3508 -0.0001 
6.1275 96.8796 -4.9830 1.3276 4.2271 2.8481 -0.4757 1.3006 -0.3069 -0.4758 1.3008 -0.3069 -0.4771 1.3045 -0.3078 42.5468 84.5149 -57.1807 92.0339 58.8800 124.2910 21.2915 4.7845 46.1407 -0.7193 1.3902 -2.6481 0.0000 0.0000 0.0001 0.0000 0.0000 0.0000 0.0000 -0.0013 -0.0008 0.0000 -0.0004 0.0001 0.0000 0.0000 0.0000 0.0000 0.0000 0.0000 0.0000 0.0002 0.0000 0.0000 -0.0006 0.0003 0.0000 0.0004 -0.0006 0.0000 0.0000 0.0001 0.0000 0.0000 0.0000 0.0000 -0.0010 -0.0002 0.0000 0.0002 30.0001 -0.0001 0.0005 -29.9998 0.0000 0.0000 0.0000 -8.4622 5.1277 1.4626 -8.4621 5.1277 1.4626 -39.8527 82.8406 66.8028 -94.9169 56.9516 -119.6718 -18.9351 12.4527 -34.3598 0.4550 0.7789 1.9034 0.0000 -0.0001 0.0001 0.0000 0.0000 0.0000 0.0000 -0.0006 0.0003 0.0000 -0.0001 0.0001 0.0000 0.0000 0.0000 0.0000 0.0000 0.0000 0.0000 0.0007 0.0001 0.0000 -0.0012 0.0001 0.0000 -0.0008 0.0003 0.0000 0.0001 0.0000 0.0000 0.0000 0.0000 0.0000 -0.0009 0.0000 0.0000 0.0002 -29.9996 -0.0001 -0.0003 29.9996 0.0000 0.0000 0.0000 3.9742 1.9036 179.0747 -9.3091 -12.8924 -2.1774 -17.7314 73.6634 -12.7220 0.0000 25.3510 0.0000 3.5414 -9.2166 177.8373 -0.0528 -8.3996 -0.0788 0.2914 67.7270 -0.8276 0.0000 25.3508 -0.0001 
6.1095 96.8745 -4.9700 1.3079 4.2236 2.8214 -0.4792 1.3117 -0.2937 -0.4793 1.3120 -0.2938 -0.4807 1.3157 -0.2946 42.9348 84.5537 -56.8205 92.1997 58.8718 123.8287 21.7251 4.9581 45.4859 -0.6939 1.3563 -2.5522 0.0000 0.0000 0.0001 0.0000 0.0000 0.0000 0.0000 -0.0013 -0.0008 0.0000 -0.0004 0.0001 0.0000 0.0000 0.0000 0.0000 0.0000 0.0000 0.0000 0.0002 0.0000 0.0000 -0.0006 0.0003 0.0000 0.0004 -0.0006 0.0000 0.0000 0.0001 0.0000 0.0000 0.0000 0.0000 -0.0010 -0.0002 0.0000 0.0002 30.0001 -0.0001 0.0005 -29.9998 0.0000 0.0000 0.0000 -8.5169 5.0659 1.4865 -8.5169 5.0659 1.4865 -40.3905 82.9245 66.2887 -95.0521 56.9452 -119.1931 -19.1217 12.6371 -33.6775 0.4347 0.7544 1.8169 0.0000 -0.0001 0.0001 0.0000 0.0000 0.0000 0.0000 -0.0006 0.0003 0.0000 -0.0001 0.0001 0.0000 0.0000 0.0000 0.0000 0.0000 0.0000 0.0000 0.0007 0.0001 0.0000 -0.0012 0.0001 0.0000 -0.0008 0.0003 0.0000 0.0001 0.0000 0.0000 0.0000 0.0000 0.0000 -0.0009 0.0000 0.0000 0.0002 -29.9996 -0.0001 -0.0003 29.9996 0.0000 0.0000 0.0000 4.0188 1.8785 179.1118 -9.3186 -12.9854 -2.1762 -17.7314 73.7247 -12.7384 0.0000 25.3511 0.0000 3.5459 -9.2237 177.8724 -0.0534 -8.4322 -0.0788 0.3042 67.7519 -0.7911 0.0000 25.3508 -0.0001 
6.0990 96.8683 -4.9555 1.2845 4.2202 2.7918 -0.4815 1.3240 -0.2797 -0.4815 1.3243 -0.2797 -0.4829 1.3281 -0.2805 43.2931 84.5904 -56.4956 92.3483 58.8314 123.3046 22.1911 5.1676 44.7379 -0.6663 1.3189 -2.4463 0.0000 0.0000 0.0001 0.0000 0.0000 0.0000 0.0000 -0.0013 -0.0008 0.0000 -0.0004 0.0001 0.0000 0.0000 0.0000 0.0000 0.0000 0.0000 0.0000 0.0002 0.0000 0.0000 -0.0006 0.0003 0.0000 0.0004 -0.0006 0.0000 0.0000 0.0001 0.0000 0.0000 0.0000 0.0000 -0.0010 -0.0002 0.0000 0.0002 30.0001 -0.0001 0.0005 -29.9998 0.0000 0.0000 0.0000 -8.5722 5.0045 1.5168 -8.5722 5.0045 1.5168 -40.9252 83.0062 65.7771 -95.1477 56.9077 -118.6333 -19.2972 12.8494 -32.9454 0.4139 0.7293 1.7262 0.0000 -0.0001 0.0001 0.0000 0.0000 0.0000 0.0000 -0.0006 0.0003 0.0000 -0.0001 0.0001 0.0000 0.0000 0.0000 0.0000 0.0000 0.0000 0.0000 0.0007 0.0001 0.0000 -0.0012 0.0001 0.0000 -0.0008 0.0003 0.0000 0.0001 0.0000 0.0000 0.0000 0.0000 0.0000 -0.0008 0.0000 0.0000 0.0002 -29.9996 -0.0001 -0.0003 29.9996 0.0000 0.0000 0.0000 4.0704 1.8605 179.1469 -9.3444 -13.0726 -2.1721 -17.7118 73.7936 -12.7372 0.0000 25.3511 0.0000 3.5570 -9.2267 177.9052 -0.0536 -8.4588 -0.0787 0.3302 67.7751 -0.7448 0.0000 25.3508 -0.0001 
6.0912 96.8625 -4.9345 1.2585 4.2176 2.7639 -0.4829 1.3360 -0.2663 -0.4830 1.3363 -0.2664 -0.4843 1.3401 -0.2672 43.6265 84.6289 -56.1939 92.4771 58.7748 122.7396 22.6720 5.4124 43.9250 -0.6376 1.2790 -2.3352 0.0000 0.0000 0.0001 0.0000 0.0000 0.0000 0.0000 -0.0013 -0.0008 0.0000 -0.0004 0.0001 0.0000 0.0000 0.0000 0.0000 0.0000 0.0000 0.0000 0.0002 0.0000 0.0000 -0.0006 0.0003 0.0000 0.0004 -0.0006 0.0000 0.0000 0.0001 0.0000 0.0000 0.0000 0.0000 -0.0010 -0.0002 0.0000 0.0002 30.0001 -0.0001 0.0005 -29.9998 0.0000 0.0000 0.0000 -8.6273 4.9509 1.5502 -8.6273 4.9509 1.5502 -41.4544 83.0904 65.2694 -95.1913 56.8375 -118.0066 -19.4553 13.0785 -32.1866 0.3933 0.7045 1.6348 0.0000 -0.0001 0.0001 0.0000 0.0000 0.0000 0.0000 -0.0006 0.0003 0.0000 -0.0001 0.0001 0.0000 0.0000 0.0000 0.0000 0.0000 0.0000 0.0000 0.0007 0.0001 0.0000 -0.0012 0.0001 0.0000 -0.0008 0.0003 0.0000 0.0001 0.0000 0.0000 0.0000 0.0000 0.0000 -0.0009 0.0000 0.0000 0.0002 -29.9996 -0.0001 -0.0003 29.9996 0.0000 0.0000 0.0000 4.1248 1.8538 179.1764 -9.3874 -13.1458 -2.1650 -17.6750 73.8631 -12.7233 0.0000 25.3510 0.0000 3.5611 -9.2226 177.9360 -0.0536 -8.4770 -0.0787 0.3444 67.7978 -0.7036 0.0000 25.3508 -0.0001 
6.0822 96.8592 -4.9010 1.2292 4.2173 2.7462 -0.4853 1.3451 -0.2574 -0.4854 1.3454 -0.2574 -0.4868 1.3492 -0.2582 43.8960 84.6662 -55.9592 92.5793 58.6998 122.1236 23.1162 5.6599 43.1756 -0.6101 1.2386 -2.2282 0.0000 0.0000 0.0001 0.0000 0.0000 0.0000 0.0000 -0.0013 -0.0008 0.0000 -0.0004 0.0001 0.0000 0.0000 0.0000 0.0000 0.0000 0.0000 0.0000 0.0002 -0.0001 0.0000 -0.0006 0.0003 0.0000 0.0004 -0.0006 0.0000 0.0000 0.0001 0.0000 0.0000 0.0000 0.0000 -0.0010 -0.0002 0.0000 0.0002 30.0001 -0.0001 0.0005 -29.9998 0.0000 0.0000 0.0000 -8.6792 4.9177 1.5861 -8.6792 4.9177 1.5861 -41.9619 83.1760 64.7819 -95.1827 56.7153 -117.3209 -19.5681 13.3263 -31.4167 0.3731 0.6799 1.5445 0.0000 -0.0001 0.0001 0.0000 0.0000 0.0000 0.0000 -0.0006 0.0003 0.0000 -0.0001 0.0001 0.0000 0.0000 0.0000 0.0000 0.0000 0.0000 0.0000 0.0007 0.0001 0.0000 -0.0012 0.0001 0.0000 -0.0008 0.0003 0.0000 0.0001 0.0000 0.0000 0.0000 0.0000 0.0000 -0.0009 0.0000 0.0000 0.0002 -29.9997 -0.0001 -0.0003 29.9996 0.0000 0.0000 0.0000 4.1797 1.8662 179.1966 -9.4452 -13.1898 -2.1605 -17.6184 73.9248 -12.6935 0.0000 25.3511 0.0000 3.5442 -9.2059 177.9616 -0.0541 -8.4791 -0.0787 0.3167 67.8190 -0.6871 0.0000 25.3508 -0.0001 
6.0619 96.8594 -4.8620 1.1979 4.2202 2.7394 -0.4908 1.3508 -0.2532 -0.4909 1.3511 -0.2532 -0.4923 1.3549 -0.2539 44.1099 84.7004 -55.7877 92.6802 58.6118 121.4900 23.5136 5.9161 42.4945 -0.5840 1.1975 -2.1268 0.0000 0.0000 0.0001 0.0000 0.0000 0.0000 0.0000 -0.0013 -0.0008 0.0000 -0.0004 0.0001 0.0000 0.0000 0.0000 0.0000 0.0000 0.0000 0.0000 0.0002 -0.0001 0.0000 -0.0006 0.0003 0.0000 0.0004 -0.0006 0.0000 0.0000 0.0001 0.0000 0.0000 0.0000 0.0000 -0.0010 -0.0002 0.0000 0.0002 30.0001 -0.0001 0.0005 -29.9998 0.0000 0.0000 0.0000 -8.7258 4.9024 1.6249 -8.7258 4.9024 1.6249 -42.4467 83.2559 64.3122 -95.1837 56.5757 -116.6585 -19.6383 13.5907 -30.6603 0.3540 0.6556 1.4595 0.0000 -0.0001 0.0001 0.0000 0.0000 0.0000 0.0000 -0.0006 0.0003 0.0000 -0.0001 0.0001 0.0000 0.0000 0.0000 0.0000 0.0000 0.0000 0.0000 0.0007 0.0001 0.0000 -0.0012 0.0001 0.0000 -0.0008 0.0003 0.0000 0.0001 0.0000 0.0000 0.0000 0.0000 0.0000 -0.0008 0.0000 0.0000 0.0002 -29.9996 -0.0001 -0.0003 29.9996 0.0000 0.0000 0.0000 4.2324 1.8873 179.2058 -9.4969 -13.2106 -2.1576 -17.5670 73.9739 -12.6641 0.0000 25.3510 0.0000 3.5141 -9.1875 177.9863 -0.0550 -8.4766 -0.0786 0.2416 67.8398 -0.7096 0.0000 25.3508 -0.0001 
6.0275 96.8622 -4.8211 1.1634 4.2255 2.7415 -0.4985 1.3547 -0.2527 -0.4986 1.3550 -0.2528 -0.5000 1.3589 -0.2535 44.2668 84.7343 -55.6788 92.7854 58.5196 120.8581 23.8744 6.1800 41.8643 -0.5590 1.1562 -2.0308 0.0000 0.0000 0.0001 0.0000 0.0000 0.0000 0.0000 -0.0013 -0.0008 0.0000 -0.0004 0.0001 0.0000 0.0000 0.0000 0.0000 0.0000 0.0000 0.0000 0.0002 0.0000 0.0000 -0.0006 0.0003 0.0000 0.0004 -0.0006 0.0000 0.0000 0.0001 0.0000 0.0000 0.0000 0.0000 -0.0010 -0.0002 0.0000 0.0002 30.0001 -0.0001 0.0005 -29.9998 0.0000 0.0000 0.0000 -8.7675 4.8970 1.6661 -8.7675 4.8970 1.6661 -42.9315 83.3319 63.8365 -95.2013 56.4335 -116.0331 -19.6739 13.8602 -29.9470 0.3364 0.6319 1.3812 0.0000 -0.0001 0.0001 0.0000 0.0000 0.0000 0.0000 -0.0006 0.0003 0.0000 -0.0001 0.0001 0.0000 0.0000 0.0000 0.0000 0.0000 0.0000 0.0000 0.0007 0.0001 0.0000 -0.0012 0.0001 0.0000 -0.0008 0.0003 0.0000 0.0001 0.0000 0.0000 0.0000 0.0000 0.0000 -0.0009 0.0000 0.0000 0.0002 -29.9996 -0.0001 -0.0003 29.9996 0.0000 0.0000 0.0000 4.2830 1.9123 179.2052 -9.5363 -13.2124 -2.1558 -17.5365 74.0089 -12.6481 0.0000 25.3510 0.0000 3.4810 -9.1657 178.0122 -0.0552 -8.4637 -0.0786 0.1262 67.8550 -0.7708 0.0000 25.3508 -0.0001 
5.9823 96.8677 -4.7863 1.1215 4.2331 2.7551 -0.5074 1.3580 -0.2581 -0.5075 1.3583 -0.2582 -0.5090 1.3622 -0.2589 44.3536 84.7677 -55.6408 92.8760 58.4353 120.2344 24.1865 6.4649 41.3027 -0.5363 1.1158 -1.9431 0.0000 0.0000 0.0001 0.0000 0.0000 0.0000 0.0000 -0.0013 -0.0008 0.0000 -0.0004 0.0001 0.0000 0.0000 0.0000 0.0000 0.0000 0.0000 0.0000 0.0002 0.0000 0.0000 -0.0006 0.0003 0.0000 0.0004 -0.0006 0.0000 0.0000 0.0001 0.0000 0.0000 0.0000 0.0000 -0.0010 -0.0002 0.0000 0.0002 30.0001 -0.0001 0.0005 -29.9998 0.0000 0.0000 0.0000 -8.8025 4.8977 1.7090 -8.8025 4.8977 1.7090 -43.4190 83.4073 63.3482 -95.2479 56.2970 -115.4314 -19.6486 14.1128 -29.3626 0.3208 0.6088 1.3125 0.0000 -0.0001 0.0001 0.0000 0.0000 0.0000 0.0000 -0.0006 0.0003 0.0000 -0.0001 0.0001 0.0000 0.0000 0.0000 0.0000 0.0000 0.0000 0.0000 0.0007 0.0001 0.0000 -0.0012 0.0001 0.0000 -0.0008 0.0003 0.0000 0.0001 0.0000 0.0000 0.0000 0.0000 0.0000 -0.0009 0.0000 0.0000 0.0002 -29.9996 -0.0001 -0.0003 29.9996 0.0000 0.0000 0.0000 4.3235 1.9362 179.1905 -9.5629 -13.1945 -2.1558 -17.5454 74.0230 -12.6616 0.0000 25.3510 0.0000 3.4578 -9.1363 178.0324 -0.0540 -8.4232 -0.0787 -0.0191 67.8506 -0.8650 0.0000 25.3508 -0.0001 
5.9577 96.8740 -4.7684 1.0724 4.2397 2.7770 -0.5179 1.3621 -0.2680 -0.5179 1.3624 -0.2681 -0.5194 1.3662 -0.2689 44.4106 84.7948 -55.6406 92.9544 58.3710 119.6568 24.4315 6.7278 40.9277 -0.5184 1.0803 -1.8725 0.0000 0.0000 0.0001 0.0000 0.0000 0.0000 0.0000 -0.0013 -0.0008 0.0000 -0.0004 0.0001 0.0000 0.0000 0.0000 0.0000 0.0000 0.0000 0.0000 0.0002 0.0000 0.0000 -0.0006 0.0003 0.0000 0.0004 -0.0006 0.0000 0.0000 0.0001 0.0000 0.0000 0.0000 0.0000 -0.0010 -0.0002 0.0000 0.0002 30.0001 -0.0001 0.0005 -29.9998 0.0000 0.0000 0.0000 -8.8311 4.8973 1.7511 -8.8311 4.8973 1.7511 -43.8693 83.4788 62.8818 -95.3231 56.1838 -114.8839 -19.5590 14.3679 -28.8877 0.3074 0.5862 1.2539 0.0000 -0.0001 0.0001 0.0000 0.0000 0.0000 0.0000 -0.0006 0.0003 0.0000 -0.0001 0.0001 0.0000 0.0000 0.0000 0.0000 0.0000 0.0000 0.0000 0.0007 0.0001 0.0000 -0.0011 0.0001 0.0000 -0.0008 0.0003 0.0000 0.0001 0.0000 0.0000 0.0000 0.0000 0.0000 -0.0009 0.0000 0.0000 0.0002 -29.9996 -0.0001 -0.0003 29.9996 0.0000 0.0000 0.0000 4.3465 1.9609 179.1641 -9.5914 -13.1622 -2.1561 -17.5866 74.0202 -12.7046 0.0000 25.3510 0.0000 3.4546 -9.0984 178.0281 -0.0532 -8.3493 -0.0788 -0.1222 67.8176 -0.9233 0.0000 25.3508 -0.0001 
5.9643 96.8819 -4.7707 1.0161 4.2443 2.8052 -0.5302 1.3671 -0.2811 -0.5303 1.3674 -0.2811 -0.5318 1.3713 -0.2819 44.4530 84.8170 -55.6695 93.0354 58.3266 119.1460 24.6618 6.9988 40.6317 -0.5034 1.0480 -1.8116 0.0000 0.0000 0.0001 0.0000 0.0000 0.0000 0.0000 -0.0013 -0.0008 0.0000 -0.0004 0.0001 0.0000 0.0000 0.0000 0.0000 0.0000 0.0000 0.0000 0.0002 0.0000 0.0000 -0.0006 0.0003 0.0000 0.0004 -0.0006 0.0000 0.0000 0.0001 0.0000 0.0000 0.0000 0.0000 -0.0010 -0.0002 0.0000 0.0002 30.0001 -0.0001 0.0005 -29.9998 0.0000 0.0000 0.0000 -8.8531 4.8919 1.7909 -8.8531 4.8919 1.7909 -44.3332 83.5467 62.3916 -95.4336 56.0987 -114.4260 -19.4323 14.6204 -28.5047 0.2961 0.5650 1.2052 0.0000 -0.0001 0.0001 0.0000 0.0000 0.0000 0.0000 -0.0006 0.0003 0.0000 -0.0001 0.0001 0.0000 0.0000 0.0000 0.0000 0.0000 0.0000 0.0000 0.0007 0.0001 0.0000 -0.0012 0.0001 0.0000 -0.0008 0.0003 0.0000 0.0001 0.0000 0.0000 0.0000 0.0000 0.0000 -0.0009 0.0000 0.0000 0.0002 -29.9996 -0.0001 -0.0003 29.9996 0.0000 0.0000 0.0000 4.3529 1.9904 179.1251 -9.6289 -13.1134 -2.1527 -17.6510 74.0035 -12.7732 0.0000 25.3511 0.0000 3.4695 -9.0579 177.9949 -0.0533 -8.2515 -0.0789 -0.1633 67.7594 -0.9226 0.0000 25.3508 -0.0001 
6.0177 96.8944 -4.7975 0.9475 4.2463 2.8417 -0.5444 1.3733 -0.2974 -0.5444 1.3736 -0.2974 -0.5460 1.3775 -0.2983 44.4652 84.8335 -55.7404 93.1223 58.3324 118.7652 24.9150 7.2694 40.4214 -0.4930 1.0234 -1.7654 0.0000 0.0000 0.0001 0.0000 0.0000 0.0000 0.0000 -0.0013 -0.0008 0.0000 -0.0004 0.0001 0.0000 0.0000 0.0000 0.0000 0.0000 0.0000 0.0000 0.0002 0.0000 0.0000 -0.0006 0.0003 0.0000 0.0004 -0.0006 0.0000 0.0000 0.0001 0.0000 0.0000 0.0000 0.0000 -0.0010 -0.0002 0.0000 0.0002 30.0001 -0.0001 0.0005 -29.9998 0.0000 0.0000 0.0000 -8.8632 4.8741 1.8223 -8.8632 4.8741 1.8223 -44.8271 83.6063 61.8636 -95.5714 56.0477 -114.1190 -19.2945 14.8392 -28.2545 0.2879 0.5474 1.1706 0.0000 -0.0001 0.0001 0.0000 0.0000 0.0000 0.0000 -0.0006 0.0003 0.0000 -0.0001 0.0001 0.0000 0.0000 0.0000 0.0000 0.0000 0.0000 0.0000 0.0007 0.0001 0.0000 -0.0012 0.0001 0.0000 -0.0008 0.0003 0.0000 0.0001 0.0000 0.0000 0.0000 0.0000 0.0000 -0.0009 0.0000 0.0000 0.0002 -29.9996 -0.0001 -0.0003 29.9996 0.0000 0.0000 0.0000 4.3357 2.0312 179.0670 -9.6815 -13.0369 -2.1459 -17.7287 73.9733 -12.8569 0.0000 25.3510 0.0000 3.5032 -9.0196 177.9207 -0.0547 -8.1357 -0.0788 -0.1169 67.6794 -0.8285 0.0000 25.3508 -0.0001 
6.0897 96.9101 -4.8319 0.8675 4.2473 2.8812 -0.5578 1.3764 -0.3148 -0.5579 1.3767 -0.3148 -0.5595 1.3806 -0.3157 44.5164 84.8401 -55.7655 93.2039 58.3834 118.4991 25.1725 7.4866 40.3525 -0.4878 1.0078 -1.7353 0.0000 0.0000 0.0001 0.0000 0.0000 0.0000 0.0000 -0.0013 -0.0008 0.0000 -0.0004 0.0001 0.0000 0.0000 0.0000 0.0000 0.0000 0.0000 0.0000 0.0002 0.0000 0.0000 -0.0006 0.0003 0.0000 0.0004 -0.0006 0.0000 0.0000 0.0001 0.0000 0.0000 0.0000 0.0000 -0.0010 -0.0002 0.0000 0.0002 30.0001 -0.0001 0.0005 -29.9998 0.0000 0.0000 0.0000 -8.8674 4.8559 1.8389 -8.8674 4.8559 1.8389 -45.3224 83.6619 61.3352 -95.7223 56.0154 -113.9156 -19.2138 14.9709 -28.1401 0.2819 0.5341 1.1455 0.0000 -0.0001 0.0001 0.0000 0.0000 0.0000 0.0000 -0.0006 0.0003 0.0000 -0.0001 0.0001 0.0000 0.0000 0.0000 0.0000 0.0000 0.0000 0.0000 0.0007 0.0001 0.0000 -0.0012 0.0001 0.0000 -0.0008 0.0003 0.0000 0.0001 0.0000 0.0000 0.0000 0.0000 0.0000 -0.0008 0.0000 0.0000 0.0002 -29.9997 -0.0001 -0.0003 29.9996 0.0000 0.0000 0.0000 4.3066 2.0732 178.9991 -9.7401 -12.9522 -2.1394 -17.8019 73.9464 -12.9329 0.0000 25.3510 0.0000 3.5368 -8.9845 177.8311 -0.0561 -8.0193 -0.0788 -0.0383 67.5998 -0.6858 0.0000 25.3508 -0.0001 
6.1630 96.9255 -4.8681 0.7778 4.2464 2.9157 -0.5698 1.3733 -0.3312 -0.5699 1.3736 -0.3313 -0.5715 1.3775 -0.3322 44.7090 84.8377 -55.6385 93.2897 58.4624 118.3427 25.4241 7.6527 40.3929 -0.4859 0.9982 -1.7175 0.0000 0.0000 0.0001 0.0000 0.0000 0.0000 0.0000 -0.0013 -0.0008 0.0000 -0.0004 0.0001 0.0000 0.0000 0.0000 0.0000 0.0000 0.0000 0.0000 0.0002 0.0000 0.0000 -0.0006 0.0003 0.0000 0.0004 -0.0006 0.0000 0.0000 0.0001 0.0000 0.0000 0.0000 0.0000 -0.0010 -0.0002 0.0000 0.0002 30.0001 -0.0001 0.0005 -29.9998 0.0000 0.0000 0.0000 -8.8680 4.8502 1.8402 -8.8680 4.8502 1.8402 -45.7910 83.7142 60.8349 -95.8619 55.9958 -113.8319 -19.1841 15.0413 -28.1050 0.2783 0.5254 1.1304 0.0000 -0.0001 0.0001 0.0000 0.0000 0.0000 0.0000 -0.0006 0.0003 0.0000 -0.0001 0.0001 0.0000 0.0000 0.0000 0.0000 0.0000 0.0000 0.0000 0.0007 0.0001 0.0000 -0.0012 0.0001 0.0000 -0.0008 0.0003 0.0000 0.0001 0.0000 0.0000 0.0000 0.0000 0.0000 -0.0008 0.0000 0.0000 0.0002 -29.9997 -0.0001 -0.0003 29.9996 0.0000 0.0000 0.0000 4.2751 2.1088 178.9304 -9.7920 -12.8726 -2.1329 -17.8777 73.9318 -12.9996 0.0000 25.3510 0.0000 3.5608 -8.9520 177.7462 -0.0569 -7.9079 -0.0788 0.0423 67.5279 -0.5206 0.0000 25.3508 -0.0001 
6.2271 96.9343 -4.9122 0.6723 4.2399 2.9281 -0.5767 1.3589 -0.3434 -0.5768 1.3592 -0.3435 -0.5785 1.3630 -0.3444 45.1107 84.8242 -55.2843 93.3584 58.5424 118.3360 25.6288 7.7260 40.5626 -0.4882 0.9973 -1.7157 0.0000 0.0000 0.0001 0.0000 0.0000 0.0000 0.0000 -0.0013 -0.0008 0.0000 -0.0004 0.0001 0.0000 0.0000 0.0000 0.0000 0.0000 0.0000 0.0000 0.0003 0.0000 0.0000 -0.0006 0.0003 0.0000 0.0004 -0.0006 0.0000 0.0000 0.0001 0.0000 0.0000 0.0000 0.0000 -0.0010 -0.0002 0.0000 0.0003 30.0001 -0.0001 0.0005 -29.9998 0.0000 0.0000 0.0000 -8.8648 4.8784 1.8243 -8.8648 4.8784 1.8243 -46.1979 83.7574 60.4043 -95.9449 55.9811 -113.9147 -19.1896 15.0712 -28.1599 0.2780 0.5226 1.1294 0.0000 -0.0001 0.0001 0.0000 0.0000 0.0000 0.0000 -0.0006 0.0003 0.0000 -0.0001 0.0001 0.0000 0.0000 0.0000 0.0000 0.0000 0.0000 0.0000 0.0007 0.0001 0.0000 -0.0012 0.0001 0.0000 -0.0008 0.0003 0.0000 0.0001 0.0000 0.0000 0.0000 0.0000 0.0000 -0.0009 0.0000 0.0000 0.0002 -29.9996 -0.0001 -0.0003 29.9996 0.0000 0.0000 0.0000 4.2511 2.1195 178.8766 -9.8219 -12.8172 -2.1338 -17.9496 73.9411 -13.0265 0.0000 25.3511 0.0000 3.5673 -8.9194 177.6896 -0.0558 -7.7940 -0.0789 0.1139 67.4605 -0.3314 0.0000 25.3508 -0.0001 
6.2989 96.9343 -4.9743 0.5540 4.2245 2.9096 -0.5756 1.3379 -0.3491 -0.5757 1.3382 -0.3492 -0.5773 1.3420 -0.3502 45.4790 84.7981 -54.9393 93.3765 58.6088 118.4286 25.7732 7.7231 40.8081 -0.4942 1.0044 -1.7272 0.0000 0.0000 0.0001 0.0000 0.0000 0.0000 0.0000 -0.0013 -0.0008 0.0000 -0.0004 0.0001 0.0000 0.0000 0.0000 0.0000 0.0000 0.0000 0.0000 0.0002 0.0000 0.0000 -0.0006 0.0003 0.0000 0.0004 -0.0006 0.0000 0.0000 0.0001 0.0000 0.0000 0.0000 0.0000 -0.0010 -0.0002 0.0000 0.0002 30.0001 -0.0001 0.0005 -29.9998 0.0000 0.0000 0.0000 -8.8612 4.9362 1.8021 -8.8612 4.9362 1.8021 -46.4776 83.7845 60.1098 -95.9565 55.9617 -114.0638 -19.1864 15.0798 -28.3189 0.2806 0.5237 1.1393 0.0000 -0.0001 0.0001 0.0000 0.0000 0.0000 0.0000 -0.0006 0.0003 0.0000 -0.0001 0.0001 0.0000 0.0000 0.0000 0.0000 0.0000 0.0000 0.0000 0.0007 0.0001 0.0000 -0.0012 0.0001 0.0000 -0.0008 0.0003 0.0000 0.0001 0.0000 0.0000 0.0000 0.0000 0.0000 -0.0009 0.0000 0.0000 0.0002 -29.9996 -0.0001 -0.0003 29.9996 0.0000 0.0000 0.0000 4.2371 2.0968 178.8534 -9.8346 -12.8051 -2.1497 -18.0052 73.9760 -12.9971 0.0000 25.3510 0.0000 3.5751 -8.8832 177.6571 -0.0540 -7.6650 -0.0791 0.2159 67.3835 -0.0964 0.0000 25.3508 -0.0001 
6.3931 96.9271 -5.0598 0.4290 4.1957 2.8621 -0.5679 1.3139 -0.3493 -0.5680 1.3142 -0.3494 -0.5696 1.3179 -0.3504 45.8395 84.7655 -54.5783 93.3356 58.6640 118.5998 25.8496 7.6653 41.1117 -0.5033 1.0180 -1.7504 0.0000 0.0000 0.0001 0.0000 0.0000 0.0000 0.0000 -0.0013 -0.0008 0.0000 -0.0004 0.0001 0.0000 0.0000 0.0000 0.0000 0.0000 0.0000 0.0000 0.0002 0.0000 0.0000 -0.0006 0.0003 0.0000 0.0004 -0.0006 0.0000 0.0000 0.0001 0.0000 0.0000 0.0000 0.0000 -0.0010 -0.0002 0.0000 0.0002 30.0001 -0.0001 0.0005 -29.9998 0.0000 0.0000 0.0000 -8.8574 5.0174 1.7781 -8.8574 5.0174 1.7781 -46.5790 83.8004 59.9979 -95.9183 55.9421 -114.2599 -19.1650 15.0581 -28.5752 0.2854 0.5278 1.1586 0.0000 -0.0001 0.0001 0.0000 0.0000 0.0000 0.0000 -0.0006 0.0003 0.0000 -0.0001 0.0001 0.0000 0.0000 0.0000 0.0000 0.0000 0.0000 0.0000 0.0007 0.0001 0.0000 -0.0012 0.0001 0.0000 -0.0008 0.0003 0.0000 0.0001 0.0000 0.0000 0.0000 0.0000 0.0000 -0.0009 0.0000 0.0000 0.0002 -29.9996 -0.0001 -0.0003 29.9996 0.0000 0.0000 0.0000 4.2288 2.0538 178.8579 -9.8506 -12.8316 -2.1705 -18.0404 74.0337 -12.9254 0.0000 25.3510 0.0000 3.5895 -8.8400 177.6371 -0.0526 -7.5182 -0.0793 0.3747 67.2886 0.1997 0.0000 25.3508 -0.0001 
6.5302 96.9125 -5.1877 0.3053 4.1368 2.7804 -0.5543 1.2883 -0.3445 -0.5544 1.2885 -0.3446 -0.5560 1.2922 -0.3456 46.1932 84.7353 -54.1991 93.2164 58.6996 118.8704 25.8145 7.5431 41.4906 -0.5164 1.0394 -1.7894 0.0000 0.0000 0.0001 0.0000 0.0000 0.0000 0.0000 -0.0013 -0.0008 0.0000 -0.0004 0.0001 0.0000 0.0000 0.0000 0.0000 0.0000 0.0000 0.0000 0.0002 0.0000 0.0000 -0.0006 0.0003 0.0000 0.0004 -0.0006 0.0000 0.0000 0.0001 0.0000 0.0000 0.0000 0.0000 -0.0010 -0.0002 0.0000 0.0002 30.0001 -0.0001 0.0005 -29.9998 0.0000 0.0000 0.0000 -8.8537 5.1292 1.7559 -8.8537 5.1292 1.7559 -46.4276 83.8057 60.1427 -95.8196 55.9175 -114.5261 -19.0879 14.9948 -28.9600 0.2933 0.5357 1.1918 0.0000 -0.0001 0.0001 0.0000 0.0000 0.0000 0.0000 -0.0006 0.0003 0.0000 -0.0001 0.0001 0.0000 0.0000 0.0000 0.0000 0.0000 0.0000 0.0000 0.0007 0.0001 0.0000 -0.0012 0.0001 0.0000 -0.0008 0.0003 0.0000 0.0001 0.0000 0.0000 0.0000 0.0000 0.0000 -0.0009 0.0000 0.0000 0.0002 -29.9996 -0.0001 -0.0003 29.9996 0.0000 0.0000 0.0000 4.2147 2.0138 178.8907 -9.9060 -12.8904 -2.1828 -18.0340 74.1158 -12.8069 0.0000 25.3510 0.0000 3.6139 -8.7856 177.6216 -0.0525 -7.3554 -0.0793 0.6267 67.1627 0.5831 0.0000 25.3508 -0.0001 
6.6804 96.8960 -5.3473 0.1895 4.0528 2.6899 -0.5399 1.2629 -0.3416 -0.5400 1.2632 -0.3416 -0.5415 1.2668 -0.3426 46.4575 84.7106 -53.9042 93.0599 58.7340 119.2189 25.7052 7.3787 41.9278 -0.5331 1.0671 -1.8418 0.0000 0.0000 0.0001 0.0000 0.0000 0.0000 0.0000 -0.0013 -0.0008 0.0000 -0.0004 0.0001 0.0000 0.0000 0.0000 0.0000 0.0000 0.0000 0.0000 0.0002 0.0000 0.0000 -0.0006 0.0003 0.0000 0.0004 -0.0006 0.0000 0.0000 0.0001 0.0000 0.0000 0.0000 0.0000 -0.0010 -0.0002 0.0000 0.0002 30.0001 -0.0001 0.0005 -29.9998 0.0000 0.0000 0.0000 -8.8440 5.2557 1.7408 -8.8440 5.2557 1.7408 -46.1357 83.8013 60.4301 -95.7091 55.8982 -114.8612 -18.9612 14.9035 -29.4441 0.3035 0.5454 1.2357 0.0000 -0.0001 0.0001 0.0000 0.0000 0.0000 0.0000 -0.0006 0.0003 0.0000 -0.0001 0.0001 0.0000 0.0000 0.0000 0.0000 0.0000 0.0000 0.0000 0.0007 0.0001 0.0000 -0.0012 0.0001 0.0000 -0.0008 0.0003 0.0000 0.0001 0.0000 0.0000 0.0000 0.0000 0.0000 -0.0009 0.0000 0.0000 0.0002 -29.9996 -0.0001 -0.0003 29.9996 0.0000 0.0000 0.0000 4.1853 2.0030 178.9237 -10.0052 -12.9376 -2.1834 -17.9694 74.2004 -12.6382 0.0000 25.3510 0.0000 3.6457 -8.7302 177.6069 -0.0526 -7.2007 -0.0794 0.9040 67.0186 0.9756 0.0000 25.3508 -0.0001 
6.8223 96.8798 -5.5235 0.0820 3.9525 2.6028 -0.5265 1.2385 -0.3423 -0.5266 1.2387 -0.3424 -0.5281 1.2422 -0.3434 46.5826 84.6878 -53.7506 92.9006 58.7851 119.6439 25.5490 7.1821 42.4160 -0.5531 1.1009 -1.9060 0.0000 0.0000 0.0001 0.0000 0.0000 0.0000 0.0000 -0.0013 -0.0008 0.0000 -0.0004 0.0001 0.0000 0.0000 0.0000 0.0000 0.0000 0.0000 0.0000 0.0002 -0.0001 0.0000 -0.0006 0.0003 0.0000 0.0004 -0.0006 0.0000 0.0000 0.0001 0.0000 0.0000 0.0000 0.0000 -0.0010 -0.0002 0.0000 0.0002 30.0001 -0.0001 0.0005 -29.9998 0.0000 0.0000 0.0000 -8.8284 5.3836 1.7330 -8.8284 5.3836 1.7330 -45.7607 83.7884 60.8036 -95.6164 55.8955 -115.2718 -18.8090 14.7820 -30.0047 0.3154 0.5567 1.2886 0.0000 -0.0001 0.0001 0.0000 0.0000 0.0000 0.0000 -0.0006 0.0003 0.0000 -0.0001 0.0001 0.0000 0.0000 0.0000 0.0000 0.0000 0.0000 0.0000 0.0007 0.0001 0.0000 -0.0012 0.0001 0.0000 -0.0008 0.0003 0.0000 0.0001 0.0000 0.0000 0.0000 0.0000 0.0000 -0.0009 0.0000 0.0000 0.0002 -29.9996 -0.0001 -0.0003 29.9996 0.0000 0.0000 0.0000 4.1505 2.0191 178.9513 -10.1225 -12.9675 -2.1787 -17.8610 74.2842 -12.4310 0.0000 25.3510 0.0000 3.6867 -8.6775 177.5954 -0.0519 -7.0629 -0.0795 1.1666 66.8691 1.3314 0.0000 25.3508 -0.0001 
6.9282 96.8688 -5.7021 -0.0148 3.8394 2.5291 -0.5165 1.2145 -0.3498 -0.5166 1.2148 -0.3499 -0.5181 1.2182 -0.3509 46.6613 84.6662 -53.6486 92.8055 58.8759 120.2033 25.3420 6.9520 42.9805 -0.5761 1.1384 -1.9843 0.0000 0.0000 0.0001 0.0000 0.0000 0.0000 0.0000 -0.0013 -0.0008 0.0000 -0.0004 0.0001 0.0000 0.0000 0.0000 0.0000 0.0000 0.0000 0.0000 0.0002 0.0000 0.0000 -0.0006 0.0003 0.0000 0.0004 -0.0006 0.0000 0.0000 0.0001 0.0000 0.0000 0.0000 0.0000 -0.0010 -0.0002 0.0000 0.0002 30.0001 -0.0001 0.0005 -29.9998 0.0000 0.0000 0.0000 -8.8049 5.4991 1.7371 -8.8049 5.4991 1.7371 -45.3023 83.7665 61.2611 -95.6140 55.9363 -115.8160 -18.6783 14.5880 -30.6610 0.3290 0.5699 1.3517 0.0000 -0.0001 0.0001 0.0000 0.0000 0.0000 0.0000 -0.0006 0.0003 0.0000 -0.0001 0.0001 0.0000 0.0000 0.0000 0.0000 0.0000 0.0000 0.0000 0.0007 0.0001 0.0000 -0.0012 0.0001 0.0000 -0.0008 0.0003 0.0000 0.0001 0.0000 0.0000 0.0000 0.0000 0.0000 -0.0009 0.0000 0.0000 0.0002 -29.9996 -0.0001 -0.0003 29.9996 0.0000 0.0000 0.0000 4.1190 2.0649 178.9643 -10.2366 -12.9724 -2.1623 -17.7332 74.3652 -12.2112 0.0000 25.3510 0.0000 3.7405 -8.6358 177.5962 -0.0503 -6.9690 -0.0796 1.3657 66.7339 1.5879 0.0000 25.3508 -0.0001 
7.0033 96.8610 -5.8735 -0.1076 3.7241 2.4669 -0.5075 1.1875 -0.3625 -0.5076 1.1877 -0.3626 -0.5090 1.1911 -0.3636 46.8174 84.6427 -53.4732 92.7938 58.9812 120.8574 25.0834 6.7182 43.6006 -0.6003 1.1754 -2.0704 0.0000 0.0000 0.0001 0.0000 0.0000 0.0000 0.0000 -0.0013 -0.0008 0.0000 -0.0004 0.0001 0.0000 0.0000 0.0000 0.0000 0.0000 0.0000 0.0000 0.0002 0.0000 0.0000 -0.0006 0.0003 0.0000 0.0004 -0.0006 0.0000 0.0000 0.0001 0.0000 0.0000 0.0000 0.0000 -0.0010 -0.0002 0.0000 0.0002 30.0001 -0.0001 0.0005 -29.9998 0.0000 0.0000 0.0000 -8.7803 5.6038 1.7500 -8.7803 5.6037 1.7500 -44.8343 83.7451 61.7268 -95.6765 56.0083 -116.4547 -18.5696 14.3548 -31.3598 0.3437 0.5842 1.4217 0.0000 -0.0001 0.0001 0.0000 0.0000 0.0000 0.0000 -0.0006 0.0003 0.0000 -0.0001 0.0001 0.0000 0.0000 0.0000 0.0000 0.0000 0.0000 0.0000 0.0007 0.0001 0.0000 -0.0012 0.0001 0.0000 -0.0008 0.0003 0.0000 0.0001 0.0000 0.0000 0.0000 0.0000 0.0000 -0.0008 0.0000 0.0000 0.0002 -29.9997 -0.0001 -0.0003 29.9996 0.0000 0.0000 0.0000 4.0902 2.1144 178.9635 -10.3348 -12.9651 -2.1360 -17.6147 74.4396 -12.0012 0.0000 25.3511 0.0000 3.8086 -8.6020 177.6055 -0.0484 -6.9041 -0.0798 1.5148 66.6115 1.7662 0.0000 25.3508 -0.0001 
7.0628 96.8536 -6.0456 -0.2009 3.6110 2.4113 -0.4980 1.1589 -0.3780 -0.4980 1.1591 -0.3780 -0.4995 1.1624 -0.3791 46.9786 84.6128 -53.2952 92.8413 59.0890 121.5736 24.7765 6.4963 44.2495 -0.6252 1.2113 -2.1623 0.0000 0.0000 0.0001 0.0000 0.0000 0.0000 0.0000 -0.0013 -0.0008 0.0000 -0.0004 0.0001 0.0000 0.0000 0.0000 0.0000 0.0000 0.0000 0.0000 0.0002 0.0000 0.0000 -0.0006 0.0003 0.0000 0.0004 -0.0006 0.0000 0.0000 0.0001 0.0000 0.0000 0.0000 0.0000 -0.0010 -0.0002 0.0000 0.0003 30.0001 -0.0001 0.0005 -29.9998 0.0000 0.0000 0.0000 -8.7577 5.6968 1.7691 -8.7577 5.6968 1.7691 -44.3407 83.7206 62.2166 -95.7746 56.1035 -117.1484 -18.4574 14.1212 -32.0757 0.3592 0.5988 1.4972 0.0000 -0.0001 0.0001 0.0000 0.0000 0.0000 0.0000 -0.0006 0.0003 0.0000 -0.0001 0.0001 0.0000 0.0000 0.0000 0.0000 0.0000 0.0000 0.0000 0.0007 0.0001 0.0000 -0.0012 0.0001 0.0000 -0.0008 0.0003 0.0000 0.0001 0.0000 0.0000 0.0000 0.0000 0.0000 -0.0009 0.0000 0.0000 0.0002 -29.9996 -0.0001 -0.0003 29.9996 0.0000 0.0000 0.0000 4.0637 2.1532 178.9573 -10.4117 -12.9572 -2.1089 -17.5076 74.5079 -11.7957 0.0000 25.3511 0.0000 3.8943 -8.5815 177.6171 -0.0467 -6.8600 -0.0799 1.6408 66.4926 1.8983 0.0000 25.3508 -0.0001 
7.1197 96.8410 -6.2323 -0.2978 3.5012 2.3580 -0.4867 1.1310 -0.3952 -0.4868 1.1312 -0.3952 -0.4882 1.1345 -0.3964 47.1297 84.5738 -53.1255 92.9250 59.1864 122.3204 24.4047 6.2984 44.9204 -0.6506 1.2451 -2.2589 0.0000 0.0000 0.0001 0.0000 0.0000 0.0000 0.0000 -0.0013 -0.0008 0.0000 -0.0004 0.0001 0.0000 0.0000 0.0000 0.0000 0.0000 0.0000 0.0000 0.0002 0.0000 0.0000 -0.0006 0.0003 0.0000 0.0004 -0.0006 0.0000 0.0000 0.0001 0.0000 0.0000 0.0000 0.0000 -0.0010 -0.0002 0.0000 0.0002 30.0001 -0.0001 0.0005 -29.9998 0.0000 0.0000 0.0000 -8.7403 5.7722 1.7947 -8.7403 5.7722 1.7947 -43.7892 83.6925 62.7595 -95.8806 56.2144 -117.8587 -18.3026 13.9213 -32.7825 0.3753 0.6124 1.5767 0.0000 -0.0001 0.0001 0.0000 0.0000 0.0000 0.0000 -0.0006 0.0003 0.0000 -0.0001 0.0001 0.0000 0.0000 0.0000 0.0000 0.0000 0.0000 0.0000 0.0007 0.0001 0.0000 -0.0012 0.0001 0.0000 -0.0008 0.0003 0.0000 0.0001 0.0000 0.0000 0.0000 0.0000 0.0000 -0.0009 0.0000 0.0000 0.0002 -29.9996 -0.0001 -0.0003 29.9996 0.0000 0.0000 0.0000 4.0358 2.1696 178.9567 -10.4599 -12.9612 -2.0900 -17.4237 74.5700 -11.6007 0.0000 25.3511 0.0000 4.0058 -8.5853 177.6253 -0.0455 -6.8384 -0.0800 1.7673 66.3656 2.0034 0.0000 25.3508 -0.0001 
7.1913 96.8241 -6.4333 -0.3939 3.3931 2.3046 -0.4748 1.1048 -0.4133 -0.4749 1.1049 -0.4134 -0.4763 1.1081 -0.4146 47.2801 84.5321 -52.9500 92.9955 59.2636 123.0396 23.9940 6.1007 45.5988 -0.6761 1.2781 -2.3570 0.0000 0.0000 0.0001 0.0000 0.0000 0.0000 0.0000 -0.0013 -0.0008 0.0000 -0.0004 0.0001 0.0000 0.0000 0.0000 0.0000 0.0000 0.0000 0.0000 0.0002 0.0000 0.0000 -0.0006 0.0003 0.0000 0.0004 -0.0006 0.0000 0.0000 0.0001 0.0000 0.0000 0.0000 0.0000 -0.0010 -0.0002 0.0000 0.0002 30.0001 -0.0001 0.0005 -29.9998 0.0000 0.0000 0.0000 -8.7281 5.8343 1.8237 -8.7281 5.8343 1.8237 -43.2147 83.6633 63.3210 -95.9715 56.3142 -118.5389 -18.1103 13.7368 -33.4849 0.3917 0.6252 1.6583 0.0000 -0.0001 0.0001 0.0000 0.0000 0.0000 0.0000 -0.0006 0.0003 0.0000 -0.0001 0.0001 0.0000 0.0000 0.0000 0.0000 0.0000 0.0000 0.0000 0.0007 0.0001 0.0000 -0.0012 0.0001 0.0000 -0.0008 0.0003 0.0000 0.0001 0.0000 0.0000 0.0000 0.0000 0.0000 -0.0009 0.0000 0.0000 0.0002 -29.9996 -0.0001 -0.0003 29.9996 0.0000 0.0000 0.0000 3.9871 2.1740 178.9581 -10.5110 -12.9722 -2.0741 -17.3510 74.6296 -11.4123 0.0000 25.3510 0.0000 4.1261 -8.6089 177.6239 -0.0448 -6.8340 -0.0800 1.9124 66.2310 2.1166 0.0000 25.3508 -0.0001 
7.2789 96.8058 -6.6367 -0.4855 3.2865 2.2520 -0.4634 1.0795 -0.4330 -0.4635 1.0797 -0.4331 -0.4648 1.0828 -0.4343 47.4345 84.4904 -52.7632 93.0367 59.3146 123.7085 23.5593 5.8987 46.2733 -0.7012 1.3102 -2.4543 0.0000 0.0000 0.0001 0.0000 0.0000 0.0000 0.0000 -0.0013 -0.0008 0.0000 -0.0004 0.0001 0.0000 0.0000 0.0000 0.0000 0.0000 0.0000 0.0000 0.0002 0.0000 0.0000 -0.0006 0.0003 0.0000 0.0004 -0.0006 0.0000 0.0000 0.0001 0.0000 0.0000 0.0000 0.0000 -0.0010 -0.0002 0.0000 0.0002 30.0001 -0.0001 0.0005 -29.9998 0.0000 0.0000 0.0000 -8.7201 5.8864 1.8549 -8.7201 5.8864 1.8549 -42.6357 83.6343 63.8837 -96.0461 56.3913 -119.1790 -17.8781 13.5596 -34.1718 0.4079 0.6371 1.7403 0.0000 -0.0001 0.0001 0.0000 0.0000 0.0000 0.0000 -0.0006 0.0003 0.0000 -0.0001 0.0001 0.0000 0.0000 0.0000 0.0000 0.0000 0.0000 0.0000 0.0007 0.0001 0.0000 -0.0012 0.0001 0.0000 -0.0008 0.0003 0.0000 0.0001 0.0000 0.0000 0.0000 0.0000 0.0000 -0.0008 0.0000 0.0000 0.0002 -29.9996 -0.0001 -0.0003 29.9996 0.0000 0.0000 0.0000 3.9143 2.1756 178.9548 -10.5760 -12.9809 -2.0565 -17.2726 74.6873 -11.2192 0.0000 25.3511 0.0000 4.2377 -8.6435 177.6124 -0.0444 -6.8453 -0.0801 2.0647 66.0986 2.2411 0.0000 25.3508 -0.0001 
7.3866 96.7900 -6.8174 -0.5663 3.1838 2.2015 -0.4541 1.0564 -0.4545 -0.4541 1.0566 -0.4545 -0.4555 1.0597 -0.4558 47.5372 84.4528 -52.6195 93.0057 59.3210 124.2591 23.1066 5.6861 46.9227 -0.7250 1.3411 -2.5461 0.0000 0.0000 0.0001 0.0000 0.0000 0.0000 0.0000 -0.0013 -0.0008 0.0000 -0.0004 0.0001 0.0000 0.0000 0.0000 0.0000 0.0000 0.0000 0.0000 0.0002 0.0000 0.0000 -0.0006 0.0003 0.0000 0.0004 -0.0006 0.0000 0.0000 0.0001 0.0000 0.0000 0.0000 0.0000 -0.0010 -0.0002 0.0000 0.0002 30.0001 -0.0001 0.0005 -29.9998 0.0000 0.0000 0.0000 -8.7155 5.9222 1.8870 -8.7155 5.9222 1.8870 -42.0703 83.6046 64.4269 -96.0902 56.4326 -119.7396 -17.5948 13.3957 -34.8212 0.4231 0.6473 1.8194 0.0000 -0.0001 0.0001 0.0000 0.0000 0.0000 0.0000 -0.0006 0.0003 0.0000 -0.0001 0.0001 0.0000 0.0000 0.0000 0.0000 0.0000 0.0000 0.0000 0.0007 0.0001 0.0000 -0.0012 0.0001 0.0000 -0.0008 0.0003 0.0000 0.0001 0.0000 0.0000 0.0000 0.0000 0.0000 -0.0008 0.0000 0.0000 0.0002 -29.9996 -0.0001 -0.0003 29.9996 0.0000 0.0000 0.0000 3.8230 2.1832 178.9447 -10.6482 -12.9748 -2.0380 -17.1738 74.7459 -11.0083 0.0000 25.3510 0.0000 4.3121 -8.6734 177.5903 -0.0454 -6.8681 -0.0800 2.2045 65.9837 2.3784 0.0000 25.3508 -0.0001 
7.4882 96.7774 -6.9693 -0.6364 3.0879 2.1525 -0.4462 1.0339 -0.4762 -0.4462 1.0341 -0.4763 -0.4475 1.0370 -0.4776 47.5612 84.4211 -52.5423 92.9216 59.3025 124.7028 22.6662 5.4611 47.5280 -0.7468 1.3707 -2.6304 0.0000 0.0000 0.0001 0.0000 0.0000 0.0000 0.0000 -0.0013 -0.0008 0.0000 -0.0004 0.0001 0.0000 0.0000 0.0000 0.0000 0.0000 0.0000 0.0000 0.0002 0.0000 0.0000 -0.0006 0.0003 0.0000 0.0004 -0.0006 0.0000 0.0000 0.0001 0.0000 0.0000 0.0000 0.0000 -0.0010 -0.0002 0.0000 0.0002 30.0001 -0.0001 0.0005 -29.9998 0.0000 0.0000 0.0000 -8.7130 5.9446 1.9181 -8.7130 5.9446 1.9181 -41.5833 83.5857 64.8901 -96.1146 56.4604 -120.2346 -17.3078 13.2337 -35.4279 0.4371 0.6563 1.8940 0.0000 -0.0001 0.0001 0.0000 0.0000 0.0000 0.0000 -0.0006 0.0003 0.0000 -0.0001 0.0001 0.0000 0.0000 0.0000 0.0000 0.0000 0.0000 0.0000 0.0007 0.0001 0.0000 -0.0011 0.0001 0.0000 -0.0008 0.0003 0.0000 0.0001 0.0000 0.0000 0.0000 0.0000 0.0000 -0.0009 0.0000 0.0000 0.0002 -29.9997 -0.0001 -0.0003 29.9996 0.0000 0.0000 0.0000 3.7385 2.1945 178.9331 -10.7041 -12.9531 -2.0238 -17.0603 74.8068 -10.7793 0.0000 25.3510 0.0000 4.3529 -8.6844 177.5743 -0.0466 -6.8757 -0.0799 2.3052 65.8818 2.4951 0.0000 25.3508 -0.0001 
7.5686 96.7662 -7.1058 -0.6974 3.0000 2.1029 -0.4384 1.0116 -0.4963 -0.4384 1.0118 -0.4964 -0.4397 1.0147 -0.4978 47.5141 84.3957 -52.5232 92.8142 59.2739 125.0661 22.2589 5.2307 48.0811 -0.7665 1.3985 -2.7062 0.0000 0.0000 0.0001 0.0000 0.0000 0.0000 0.0000 -0.0013 -0.0008 0.0000 -0.0004 0.0001 0.0000 0.0000 0.0000 0.0000 0.0000 0.0000 0.0000 0.0002 0.0000 0.0000 -0.0006 0.0003 0.0000 0.0004 -0.0006 0.0000 0.0000 0.0001 0.0000 0.0000 0.0000 0.0000 -0.0010 -0.0002 0.0000 0.0002 30.0001 -0.0001 0.0005 -29.9998 0.0000 0.0000 0.0000 -8.7136 5.9551 1.9467 -8.7136 5.9551 1.9467 -41.1772 83.5661 65.2754 -96.1510 56.4874 -120.6847 -17.0466 13.0689 -35.9910 0.4497 0.6644 1.9634 0.0000 -0.0001 0.0001 0.0000 0.0000 0.0000 0.0000 -0.0006 0.0003 0.0000 -0.0001 0.0001 0.0000 0.0000 0.0000 0.0000 0.0000 0.0000 0.0000 0.0007 0.0001 0.0000 -0.0012 0.0001 0.0000 -0.0008 0.0003 0.0000 0.0001 0.0000 0.0000 0.0000 0.0000 0.0000 -0.0009 0.0000 0.0000 0.0002 -29.9997 -0.0001 -0.0003 29.9996 0.0000 0.0000 0.0000 3.6676 2.2030 178.9218 -10.7411 -12.9214 -2.0131 -16.9345 74.8705 -10.5333 0.0000 25.3510 0.0000 4.3701 -8.6846 177.5746 -0.0466 -6.8643 -0.0799 2.3578 65.7832 2.5749 0.0000 25.3508 -0.0001 
7.6214 96.7532 -7.2474 -0.7457 2.9260 2.0510 -0.4305 0.9889 -0.5134 -0.4305 0.9891 -0.5135 -0.4318 0.9919 -0.5150 47.4542 84.3791 -52.5035 92.7214 59.2243 125.3228 21.9314 5.0254 48.5229 -0.7687 1.3945 -2.7490 0.0000 0.0000 0.0001 0.0000 0.0000 0.0000 0.0000 -0.0013 -0.0008 0.0000 -0.0004 0.0001 0.0000 0.0000 0.0000 0.0000 0.0000 0.0000 0.0000 0.0002 -0.0001 0.0000 -0.0006 0.0003 0.0000 0.0004 -0.0006 0.0000 0.0000 0.0001 0.0000 0.0000 0.0000 0.0000 -0.0010 -0.0002 0.0000 0.0002 30.0001 -0.0001 0.0005 -29.9998 0.0000 0.0000 0.0000 -8.7185 5.9507 1.9708 -8.7185 5.9507 1.9708 -40.8915 83.5493 65.5465 -96.2149 56.5312 -121.0682 -16.8416 12.9195 -36.4605 0.4603 0.6714 2.0228 0.0000 -0.0001 0.0001 0.0000 0.0000 0.0000 0.0000 -0.0006 0.0002 0.0000 -0.0001 0.0001 0.0000 0.0000 0.0000 0.0000 0.0000 0.0000 0.0000 0.0007 0.0001 0.0000 -0.0012 0.0001 0.0000 -0.0008 0.0003 0.0000 0.0001 0.0000 0.0000 0.0000 0.0000 0.0000 -0.0009 0.0000 0.0000 0.0002 -29.9996 -0.0001 -0.0003 29.9996 0.0000 0.0000 0.0000 3.6247 2.1986 178.9125 -10.7594 -12.8835 -2.0016 -16.7895 74.9388 -10.2714 0.0000 25.3510 0.0000 4.3670 -8.6820 177.5954 -0.0445 -6.8120 -0.0801 2.3599 65.6664 2.6107 0.0000 25.3508 -0.0001 
7.6847 96.7388 -7.4082 -0.7862 2.8591 1.9942 -0.4223 0.9680 -0.5265 -0.4224 0.9681 -0.5266 -0.4236 0.9709 -0.5281 47.3676 84.3687 -52.5068 92.6550 59.1728 125.4969 21.6832 4.8579 48.8460 -0.7593 1.3709 -2.7670 0.0000 0.0000 0.0001 0.0000 0.0000 0.0000 0.0000 -0.0013 -0.0008 0.0000 -0.0004 0.0001 0.0000 0.0000 0.0000 0.0000 0.0000 0.0000 0.0000 0.0003 -0.0001 0.0000 -0.0006 0.0003 0.0000 0.0004 -0.0006 0.0000 0.0000 0.0001 0.0000 0.0000 0.0000 0.0000 -0.0010 -0.0002 0.0000 0.0002 30.0001 -0.0001 0.0005 -29.9998 0.0000 0.0000 0.0000 -8.7254 5.9342 1.9897 -8.7254 5.9342 1.9897 -40.6783 83.5349 65.7520 -96.3087 56.5961 -121.3890 -16.6754 12.8040 -36.8090 0.4683 0.6762 2.0704 0.0000 -0.0001 0.0001 0.0000 0.0000 0.0000 0.0000 -0.0006 0.0003 0.0000 -0.0001 0.0001 0.0000 0.0000 0.0000 0.0000 0.0000 0.0000 0.0000 0.0007 0.0001 0.0000 -0.0012 0.0001 0.0000 -0.0008 0.0003 0.0000 0.0001 0.0000 0.0000 0.0000 0.0000 0.0000 -0.0008 0.0000 0.0000 0.0002 -29.9996 -0.0001 -0.0003 29.9996 0.0000 0.0000 0.0000 3.6085 2.1874 178.9096 -10.7758 -12.8420 -1.9858 -16.6260 75.0092 -10.0064 0.0000 25.3510 0.0000 4.3531 -8.6865 177.6136 -0.0422 -6.7363 -0.0802 2.3690 65.5294 2.6605 0.0000 25.3508 -0.0001 
7.7837 96.7246 -7.5810 -0.8206 2.7980 1.9327 -0.4144 0.9484 -0.5364 -0.4145 0.9486 -0.5364 -0.4157 0.9513 -0.5380 47.2758 84.3618 -52.5155 92.6047 59.1451 125.6077 21.5115 4.7271 49.0555 -0.7528 1.3561 -2.7783 0.0000 0.0000 0.0001 0.0000 0.0000 0.0000 0.0000 -0.0013 -0.0008 0.0000 -0.0004 0.0001 0.0000 0.0000 0.0000 0.0000 0.0000 0.0000 0.0000 0.0003 -0.0001 0.0000 -0.0006 0.0003 0.0000 0.0004 -0.0006 0.0000 0.0000 0.0001 0.0000 0.0000 0.0000 0.0000 -0.0010 -0.0002 0.0000 0.0003 30.0001 -0.0001 0.0005 -29.9998 0.0000 0.0000 0.0000 -8.7328 5.9103 2.0045 -8.7328 5.9103 2.0045 -40.5143 83.5227 65.9135 -96.4371 56.6749 -121.6515 -16.5450 12.7203 -37.0416 0.4732 0.6775 2.1047 0.0000 -0.0001 0.0001 0.0000 0.0000 0.0000 0.0000 -0.0006 0.0003 0.0000 -0.0001 0.0001 0.0000 0.0000 0.0000 0.0000 0.0000 0.0000 0.0000 0.0007 0.0001 0.0000 -0.0012 0.0001 0.0000 -0.0008 0.0003 0.0000 0.0001 0.0000 0.0000 0.0000 0.0000 0.0000 -0.0008 0.0000 0.0000 0.0002 -29.9997 -0.0001 -0.0003 29.9996 0.0000 0.0000 0.0000 3.6107 2.1736 178.9139 -10.7939 -12.7942 -1.9697 -16.4381 75.0807 -9.7292 0.0000 25.3510 0.0000 4.3207 -8.6931 177.6147 -0.0418 -6.6395 -0.0803 2.4113 65.3777 2.7598 0.0000 25.3508 -0.0001 
7.9261 96.7131 -7.7485 -0.8470 2.7464 1.8628 -0.4073 0.9293 -0.5417 -0.4074 0.9294 -0.5417 -0.4086 0.9321 -0.5433 47.2138 84.3624 -52.5041 92.5826 59.1542 125.6199 21.4536 4.6583 49.0939 -0.7508 1.3544 -2.7799 0.0000 0.0000 0.0001 0.0000 0.0000 0.0000 0.0000 -0.0013 -0.0008 0.0000 -0.0004 0.0001 0.0000 0.0000 0.0000 0.0000 0.0000 0.0000 0.0000 0.0003 0.0000 0.0000 -0.0006 0.0003 0.0000 0.0004 -0.0006 0.0000 0.0000 0.0001 0.0000 0.0000 0.0000 0.0000 -0.0010 -0.0002 0.0000 0.0003 30.0001 -0.0001 0.0005 -29.9998 0.0000 0.0000 0.0000 -8.7390 5.8830 2.0151 -8.7390 5.8830 2.0151 -40.4315 83.5115 66.0074 -96.6279 56.7658 -121.8203 -16.4728 12.6839 -37.1009 0.4732 0.6735 2.1173 0.0000 -0.0001 0.0001 0.0000 0.0000 0.0000 0.0000 -0.0006 0.0003 0.0000 -0.0001 0.0001 0.0000 0.0000 0.0000 0.0000 0.0000 0.0000 0.0000 0.0007 0.0001 0.0000 -0.0012 0.0001 0.0000 -0.0008 0.0003 0.0000 0.0001 0.0000 0.0000 0.0000 0.0000 0.0000 -0.0009 0.0000 0.0000 0.0002 -29.9996 -0.0001 -0.0003 29.9996 0.0000 0.0000 0.0000 3.6290 2.1614 178.9278 -10.8135 -12.7298 -1.9552 -16.2068 75.1558 -9.4168 0.0000 25.3511 0.0000 4.2368 -8.6821 177.6007 -0.0424 -6.4948 -0.0803 2.4608 65.2095 2.9077 0.0000 25.3508 -0.0001 
8.0756 96.7035 -7.8979 -0.8656 2.7047 1.7857 -0.4023 0.9078 -0.5436 -0.4023 0.9079 -0.5437 -0.4035 0.9106 -0.5453 47.3132 84.3709 -52.3451 92.5740 59.1892 125.5529 21.4801 4.6562 48.9828 -0.7529 1.3635 -2.7740 0.0000 0.0000 0.0001 0.0000 0.0000 0.0000 0.0000 -0.0013 -0.0008 0.0000 -0.0004 0.0001 0.0000 0.0000 0.0000 0.0000 0.0000 0.0000 0.0000 0.0003 -0.0001 0.0000 -0.0006 0.0003 0.0000 0.0004 -0.0006 0.0000 0.0000 0.0001 0.0000 0.0000 0.0000 0.0000 -0.0010 -0.0002 0.0000 0.0003 30.0001 -0.0001 0.0005 -29.9998 0.0000 0.0000 0.0000 -8.7427 5.8518 2.0226 -8.7427 5.8518 2.0226 -40.4797 83.5151 65.9782 -96.8470 56.8581 -121.9020 -16.4531 12.6809 -37.0105 0.4689 0.6654 2.1103 0.0000 -0.0001 0.0001 0.0000 0.0000 0.0000 0.0000 -0.0006 0.0003 0.0000 -0.0001 0.0001 0.0000 0.0000 0.0000 0.0000 0.0000 0.0000 0.0000 0.0007 0.0001 0.0000 -0.0012 0.0001 0.0000 -0.0008 0.0003 0.0000 0.0001 0.0000 0.0000 0.0000 0.0000 0.0000 -0.0008 0.0000 0.0000 0.0002 -29.9997 -0.0001 -0.0003 29.9996 0.0000 0.0000 0.0000 3.6619 2.1505 178.9455 -10.8213 -12.6494 -1.9371 -15.9375 75.2461 -9.0652 0.0000 25.3510 0.0000 4.0934 -8.6412 177.5952 -0.0425 -6.2895 -0.0804 2.4591 65.0254 3.0479 0.0000 25.3508 -0.0001 
8.2075 96.6946 -8.0294 -0.8763 2.6733 1.6985 -0.3999 0.8833 -0.5409 -0.4000 0.8835 -0.5409 -0.4011 0.8860 -0.5425 47.5241 84.3854 -52.0874 92.5838 59.2469 125.4122 21.5824 4.7087 48.7421 -0.7586 1.3823 -2.7613 0.0000 0.0000 0.0001 0.0000 0.0000 0.0000 0.0000 -0.0013 -0.0008 0.0000 -0.0004 0.0001 0.0000 0.0000 0.0000 0.0000 0.0000 0.0000 0.0000 0.0002 0.0000 0.0000 -0.0006 0.0003 0.0000 0.0004 -0.0006 0.0000 0.0000 0.0001 0.0000 0.0000 0.0000 0.0000 -0.0010 -0.0002 0.0000 0.0003 30.0001 -0.0002 0.0005 -29.9998 0.0000 0.0000 0.0000 -8.7434 5.8183 2.0280 -8.7434 5.8183 2.0280 -40.6713 83.5371 65.8119 -97.0848 56.9467 -121.9103 -16.4866 12.6977 -36.7823 0.4608 0.6544 2.0857 0.0000 -0.0001 0.0001 0.0000 0.0000 0.0000 0.0000 -0.0006 0.0003 0.0000 -0.0001 0.0001 0.0000 0.0000 0.0000 0.0000 0.0000 0.0000 0.0000 0.0007 0.0001 0.0000 -0.0012 0.0001 0.0000 -0.0008 0.0003 0.0000 0.0001 0.0000 0.0000 0.0000 0.0000 0.0000 -0.0008 0.0000 0.0000 0.0002 -29.9997 -0.0001 -0.0003 29.9996 0.0000 0.0000 0.0000 3.7136 2.1377 178.9710 -10.8052 -12.5559 -1.9161 -15.6397 75.3454 -8.6824 0.0000 25.3510 0.0000 3.8980 -8.5744 177.6163 -0.0410 -6.0300 -0.0806 2.3846 64.8297 3.1492 0.0000 25.3508 -0.0001 
8.3078 96.6846 -8.1471 -0.8749 2.6564 1.5865 -0.4013 0.8553 -0.5271 -0.4014 0.8554 -0.5272 -0.4025 0.8579 -0.5287 47.9078 84.4075 -51.6757 92.6205 59.3207 125.1783 21.7815 4.8246 48.3238 -0.7686 1.4143 -2.7387 0.0000 0.0000 0.0001 0.0000 0.0000 0.0000 0.0000 -0.0013 -0.0008 0.0000 -0.0004 0.0001 0.0000 0.0000 0.0000 0.0000 0.0000 0.0000 0.0000 0.0002 0.0000 0.0000 -0.0006 0.0003 0.0000 0.0004 -0.0006 0.0000 0.0000 0.0001 0.0000 0.0000 0.0000 0.0000 -0.0010 -0.0002 0.0000 0.0002 30.0001 -0.0002 0.0005 -29.9998 0.0000 0.0000 0.0000 -8.7419 5.7798 2.0329 -8.7419 5.7798 2.0329 -41.0798 83.5843 65.4354 -97.3355 57.0211 -121.8180 -16.6027 12.7290 -36.3589 0.4478 0.6406 2.0366 0.0000 -0.0001 0.0001 0.0000 0.0000 0.0000 0.0000 -0.0006 0.0002 0.0000 -0.0001 0.0001 0.0000 0.0000 0.0000 0.0000 0.0000 0.0000 0.0000 0.0007 0.0001 0.0000 -0.0012 0.0001 0.0000 -0.0008 0.0003 0.0000 0.0001 0.0000 0.0000 0.0000 0.0000 0.0000 -0.0009 0.0000 0.0000 0.0002 -29.9996 -0.0001 -0.0003 29.9996 0.0000 0.0000 0.0000 3.7885 2.1173 179.0186 -10.7388 -12.4461 -1.8991 -15.3091 75.4615 -8.2409 0.0000 25.3510 0.0000 3.6502 -8.4833 177.6867 -0.0378 -5.7049 -0.0808 2.2335 64.6173 3.2027 0.0000 25.3508 -0.0001 
8.4012 96.6720 -8.2653 -0.8612 2.6473 1.4485 -0.4052 0.8269 -0.5033 -0.4053 0.8270 -0.5034 -0.4065 0.8295 -0.5049 48.4115 84.4324 -51.1558 92.7060 59.3388 124.8585 22.0344 4.9514 47.8245 -0.7535 1.3985 -2.6766 0.0000 0.0000 0.0001 0.0000 0.0000 0.0000 0.0000 -0.0013 -0.0008 0.0000 -0.0004 0.0001 0.0000 0.0000 0.0000 0.0000 0.0000 0.0000 0.0000 0.0002 0.0000 0.0000 -0.0006 0.0003 0.0000 0.0004 -0.0006 0.0000 0.0000 0.0001 0.0000 0.0000 0.0000 0.0000 -0.0010 -0.0002 0.0000 0.0002 30.0001 -0.0001 0.0005 -29.9998 0.0000 0.0000 0.0000 -8.7421 5.7337 2.0425 -8.7421 5.7337 2.0425 -41.6122 83.6471 64.9355 -97.5539 57.0789 -121.6272 -16.7821 12.7712 -35.7984 0.4325 0.6275 1.9732 0.0000 -0.0001 0.0001 0.0000 0.0000 0.0000 0.0000 -0.0006 0.0003 0.0000 -0.0001 0.0001 0.0000 0.0000 0.0000 0.0000 0.0000 0.0000 0.0000 0.0007 0.0001 0.0000 -0.0012 0.0001 0.0000 -0.0008 0.0003 0.0000 0.0001 0.0000 0.0000 0.0000 0.0000 0.0000 -0.0008 0.0000 0.0000 0.0002 -29.9997 -0.0001 -0.0003 29.9996 0.0000 0.0000 0.0000 3.8622 2.0934 179.0834 -10.6474 -12.3224 -1.8833 -14.9441 75.5955 -7.7335 0.0000 25.3510 0.0000 3.4125 -8.3811 177.7855 -0.0338 -5.3448 -0.0811 2.1154 64.3938 3.2672 0.0000 25.3508 -0.0001 
8.5080 96.6561 -8.3922 -0.8344 2.6414 1.2885 -0.4114 0.8002 -0.4712 -0.4114 0.8003 -0.4713 -0.4126 0.8026 -0.4727 48.9899 84.4584 -50.5704 92.8055 59.3244 124.4756 22.3458 5.0888 47.2093 -0.7305 1.3707 -2.5955 0.0000 0.0000 0.0001 0.0000 0.0000 0.0000 0.0000 -0.0013 -0.0008 0.0000 -0.0004 0.0001 0.0000 0.0000 0.0000 0.0000 0.0000 0.0000 0.0000 0.0002 0.0000 0.0000 -0.0006 0.0003 0.0000 0.0004 -0.0006 0.0000 0.0000 0.0001 0.0000 0.0000 0.0000 0.0000 -0.0010 -0.0002 0.0000 0.0002 30.0001 -0.0001 0.0005 -29.9998 0.0000 0.0000 0.0000 -8.7469 5.6774 2.0570 -8.7469 5.6774 2.0570 -42.2165 83.7205 64.3626 -97.7132 57.1192 -121.3362 -17.0047 12.8298 -35.1243 0.4160 0.6154 1.8997 0.0000 -0.0001 0.0001 0.0000 0.0000 0.0000 0.0000 -0.0006 0.0003 0.0000 -0.0001 0.0001 0.0000 0.0000 0.0000 0.0000 0.0000 0.0000 0.0000 0.0007 0.0001 0.0000 -0.0012 0.0001 0.0000 -0.0008 0.0003 0.0000 0.0001 0.0000 0.0000 0.0000 0.0000 0.0000 -0.0009 0.0000 0.0000 0.0002 -29.9996 -0.0001 -0.0003 29.9996 0.0000 0.0000 0.0000 3.9230 2.0716 179.1600 -10.5566 -12.1836 -1.8610 -14.5430 75.7449 -7.1712 0.0000 25.3511 0.0000 3.2119 -8.2661 177.8926 -0.0298 -4.9486 -0.0814 2.0878 64.1529 3.3791 0.0000 25.3508 -0.0001 
8.6536 96.6343 -8.5426 -0.7881 2.6378 1.0953 -0.4206 0.7765 -0.4265 -0.4206 0.7766 -0.4265 -0.4219 0.7789 -0.4278 49.6221 84.4846 -49.9442 92.9109 59.2664 124.0158 22.7386 5.2271 46.4443 -0.7029 1.3391 -2.4965 0.0000 0.0000 0.0001 0.0000 0.0000 0.0000 0.0000 -0.0013 -0.0008 0.0000 -0.0004 0.0001 0.0000 0.0000 0.0000 0.0000 0.0000 0.0000 0.0000 0.0002 0.0000 0.0000 -0.0006 0.0003 0.0000 0.0004 -0.0006 0.0000 0.0000 0.0001 0.0000 0.0000 0.0000 0.0000 -0.0010 -0.0002 0.0000 0.0002 30.0001 -0.0001 0.0005 -29.9998 0.0000 0.0000 0.0000 -8.7602 5.6162 2.0797 -8.7602 5.6162 2.0797 -42.8315 83.8005 63.7742 -97.7651 57.1214 -120.8973 -17.2596 12.9244 -34.2899 0.3978 0.6039 1.8132 0.0000 -0.0001 0.0001 0.0000 0.0000 0.0000 0.0000 -0.0006 0.0003 0.0000 -0.0001 0.0001 0.0000 0.0000 0.0000 0.0000 0.0000 0.0000 0.0000 0.0007 0.0001 0.0000 -0.0012 0.0001 0.0000 -0.0008 0.0003 0.0000 0.0001 0.0000 0.0000 0.0000 0.0000 0.0000 -0.0009 0.0000 0.0000 0.0002 -29.9996 -0.0001 -0.0003 29.9996 0.0000 0.0000 0.0000 3.9488 2.0629 179.2563 -10.5048 -12.0035 -1.8256 -14.0703 75.8995 -6.5286 0.0000 25.3510 0.0000 3.0834 -8.1414 177.9975 -0.0263 -4.5094 -0.0817 2.2359 63.8833 3.5910 0.0000 25.3508 -0.0001 
8.8209 96.6077 -8.7132 -0.7304 2.6404 0.8774 -0.4284 0.7525 -0.3733 -0.4284 0.7526 -0.3733 -0.4297 0.7548 -0.3744 50.2763 84.5085 -49.3031 93.0036 59.1607 123.4965 23.1764 5.3584 45.5832 -0.6727 1.3055 -2.3867 0.0000 0.0000 0.0001 0.0000 0.0000 0.0000 0.0000 -0.0013 -0.0008 0.0000 -0.0004 0.0001 0.0000 0.0000 0.0000 0.0000 0.0000 0.0000 0.0000 0.0002 0.0000 0.0000 -0.0006 0.0003 0.0000 0.0004 -0.0006 0.0000 0.0000 0.0001 0.0000 0.0000 0.0000 0.0000 -0.0010 -0.0002 0.0000 0.0002 30.0001 -0.0001 0.0005 -29.9998 0.0000 0.0000 0.0000 -8.7849 5.5592 2.1106 -8.7849 5.5592 2.1106 -43.3958 83.8776 63.2357 -97.7337 57.0906 -120.3478 -17.5206 13.0637 -33.3498 0.3790 0.5923 1.7202 0.0000 -0.0001 0.0001 0.0000 0.0000 0.0000 0.0000 -0.0006 0.0003 0.0000 -0.0001 0.0001 0.0000 0.0000 0.0000 0.0000 0.0000 0.0000 0.0000 0.0007 0.0001 0.0000 -0.0012 0.0001 0.0000 -0.0008 0.0003 0.0000 0.0001 0.0000 0.0000 0.0000 0.0000 0.0000 -0.0009 0.0000 0.0000 0.0002 -29.9997 -0.0001 -0.0003 29.9996 0.0000 0.0000 0.0000 3.9380 2.0760 179.3530 -10.5040 -11.7654 -1.7656 -13.5462 76.0561 -5.8264 0.0000 25.3510 0.0000 3.0036 -8.0193 178.1053 -0.0222 -4.0432 -0.0819 2.4915 63.5927 3.8608 0.0000 25.3508 -0.0001 
9.0019 96.5772 -8.8908 -0.6655 2.6526 0.6404 -0.4325 0.7262 -0.3147 -0.4325 0.7263 -0.3148 -0.4338 0.7284 -0.3157 50.9356 84.5283 -48.6610 93.0691 59.0096 122.9259 23.6340 5.4909 44.6531 -0.6412 1.2706 -2.2708 0.0000 0.0000 0.0001 0.0000 0.0000 0.0000 0.0000 -0.0013 -0.0008 0.0000 -0.0004 0.0001 0.0000 0.0000 0.0000 0.0000 0.0000 0.0000 0.0000 0.0002 0.0000 0.0000 -0.0006 0.0003 0.0000 0.0004 -0.0006 0.0000 0.0000 0.0001 0.0000 0.0000 0.0000 0.0000 -0.0010 -0.0002 0.0000 0.0002 30.0001 -0.0001 0.0005 -29.9998 0.0000 0.0000 0.0000 -8.8208 5.5090 2.1502 -8.8208 5.5090 2.1502 -43.8976 83.9496 62.7599 -97.6306 57.0372 -119.7048 -17.7800 13.2503 -32.3493 0.3602 0.5806 1.6249 0.0000 -0.0001 0.0001 0.0000 0.0000 0.0000 0.0000 -0.0006 0.0003 0.0000 -0.0001 0.0001 0.0000 0.0000 0.0000 0.0000 0.0000 0.0000 0.0000 0.0007 0.0001 0.0000 -0.0012 0.0001 0.0000 -0.0008 0.0003 0.0000 0.0001 0.0000 0.0000 0.0000 0.0000 0.0000 -0.0009 0.0000 0.0000 0.0002 -29.9997 -0.0001 -0.0003 29.9996 0.0000 0.0000 0.0000 3.9027 2.1041 179.4464 -10.5416 -11.4775 -1.6825 -12.9864 76.2171 -5.0801 0.0000 25.3510 0.0000 2.9553 -7.9026 178.2183 -0.0175 -3.5633 -0.0822 2.8161 63.2949 4.1683 0.0000 25.3508 -0.0001 
9.2031 96.5416 -9.0583 -0.5941 2.6825 0.3805 -0.4286 0.6957 -0.2520 -0.4286 0.6958 -0.2521 -0.4299 0.6979 -0.2528 51.5910 84.5378 -48.0273 93.0815 58.8054 122.2932 24.1132 5.6761 43.6078 -0.6083 1.2332 -2.1471 0.0000 0.0000 0.0001 0.0000 0.0000 0.0000 0.0000 -0.0013 -0.0008 0.0000 -0.0004 0.0001 0.0000 0.0000 0.0000 0.0000 0.0000 0.0000 0.0000 0.0002 0.0000 0.0000 -0.0006 0.0003 0.0000 0.0004 -0.0006 0.0000 0.0000 0.0001 0.0000 0.0000 0.0000 0.0000 -0.0010 -0.0002 0.0000 0.0002 30.0001 -0.0001 0.0005 -29.9998 0.0000 0.0000 0.0000 -8.8732 5.4686 2.2053 -8.8732 5.4686 2.2053 -44.2636 84.0147 62.4205 -97.4305 56.9575 -118.9290 -18.0151 13.5115 -31.3310 0.3421 0.5678 1.5288 0.0000 -0.0001 0.0001 0.0000 0.0000 0.0000 0.0000 -0.0006 0.0003 0.0000 -0.0001 0.0001 0.0000 0.0000 0.0000 0.0000 0.0000 0.0000 0.0000 0.0007 0.0001 0.0000 -0.0012 0.0001 0.0000 -0.0008 0.0003 0.0000 0.0001 0.0000 0.0000 0.0000 0.0000 0.0000 -0.0009 0.0000 0.0000 0.0002 -29.9996 -0.0001 -0.0003 29.9996 0.0000 0.0000 0.0000 3.8638 2.1436 179.5398 -10.6251 -11.1274 -1.5642 -12.3961 76.3789 -4.3177 0.0000 25.3510 0.0000 2.9264 -7.8122 178.3373 -0.0132 -3.1179 -0.0824 3.2143 63.0278 4.5324 0.0000 25.3508 -0.0001 
9.4137 96.5016 -9.2055 -0.5186 2.7282 0.1102 -0.4202 0.6645 -0.1883 -0.4202 0.6646 -0.1883 -0.4215 0.6665 -0.1889 52.1474 84.5350 -47.5036 93.0571 58.5761 121.6426 24.5877 5.9281 42.5303 -0.5765 1.1947 -2.0250 0.0000 0.0000 0.0001 0.0000 0.0000 0.0000 0.0000 -0.0013 -0.0008 0.0000 -0.0004 0.0001 0.0000 0.0000 0.0000 0.0000 0.0000 0.0000 0.0000 0.0002 0.0000 0.0000 -0.0006 0.0003 0.0000 0.0004 -0.0006 0.0000 0.0000 0.0001 0.0000 0.0000 0.0000 0.0000 -0.0010 -0.0002 0.0000 0.0002 30.0001 -0.0001 0.0005 -29.9998 0.0000 0.0000 0.0000 -8.9343 5.4267 2.2730 -8.9343 5.4267 2.2730 -44.4709 84.0688 62.2343 -97.1885 56.8635 -118.0825 -18.1979 13.8260 -30.3551 0.3251 0.5538 1.4373 0.0000 -0.0001 0.0001 0.0000 0.0000 0.0000 0.0000 -0.0006 0.0003 0.0000 -0.0001 0.0001 0.0000 0.0000 0.0000 0.0000 0.0000 0.0000 0.0000 0.0007 0.0001 0.0000 -0.0012 0.0001 0.0000 -0.0008 0.0003 0.0000 0.0001 0.0000 0.0000 0.0000 0.0000 0.0000 -0.0008 0.0000 0.0000 0.0002 -29.9996 -0.0001 -0.0003 29.9996 0.0000 0.0000 0.0000 3.8432 2.1829 179.6333 -10.7464 -10.7385 -1.4150 -11.7902 76.5356 -3.5841 0.0000 25.3510 0.0000 2.8880 -7.7761 178.4601 -0.0108 -2.7783 -0.0825 3.6392 62.8322 4.9337 0.0000 25.3508 -0.0001 
9.6012 96.4579 -9.3446 -0.4403 2.7886 -0.1611 -0.4085 0.6338 -0.1261 -0.4086 0.6339 -0.1261 -0.4098 0.6358 -0.1265 52.5755 84.5209 -47.1222 93.0121 58.3291 120.9958 25.0474 6.2220 41.4775 -0.5468 1.1565 -1.9088 0.0000 0.0000 0.0001 0.0000 0.0000 0.0000 0.0000 -0.0013 -0.0008 0.0000 -0.0004 0.0001 0.0000 0.0000 0.0000 0.0000 0.0000 0.0000 0.0000 0.0002 0.0000 0.0000 -0.0006 0.0003 0.0000 0.0004 -0.0006 0.0000 0.0000 0.0001 0.0000 0.0000 0.0000 0.0000 -0.0010 -0.0002 0.0000 0.0002 30.0001 -0.0001 0.0005 -29.9998 0.0000 0.0000 0.0000 -9.0011 5.3763 2.3516 -9.0011 5.3763 2.3516 -44.5316 84.1155 62.1900 -96.9438 56.7632 -117.2114 -18.3301 14.1671 -29.4490 0.3093 0.5390 1.3525 0.0000 -0.0001 0.0001 0.0000 0.0000 0.0000 0.0000 -0.0006 0.0002 0.0000 -0.0001 0.0001 0.0000 0.0000 0.0000 0.0000 0.0000 0.0000 0.0000 0.0007 0.0001 0.0000 -0.0012 0.0001 0.0000 -0.0008 0.0003 0.0000 0.0001 0.0000 0.0000 0.0000 0.0000 0.0000 -0.0009 0.0000 0.0000 0.0002 -29.9996 -0.0001 -0.0003 29.9996 0.0000 0.0000 0.0000 3.8376 2.2222 179.7168 -10.9051 -10.3176 -1.2402 -11.1697 76.6873 -2.8840 0.0000 25.3510 0.0000 2.8329 -7.8249 178.5989 -0.0093 -2.5904 -0.0825 4.0426 62.7237 5.3276 0.0000 25.3508 -0.0001 
9.7173 96.4099 -9.5016 -0.3608 2.8686 -0.4201 -0.3949 0.6063 -0.0698 -0.3949 0.6064 -0.0698 -0.3960 0.6082 -0.0700 52.7640 84.4977 -47.0042 92.9500 58.0749 120.3850 25.4823 6.5393 40.5207 -0.5209 1.1213 -1.8050 0.0000 0.0000 0.0001 0.0000 0.0000 0.0000 0.0000 -0.0013 -0.0008 0.0000 -0.0004 0.0001 0.0000 0.0000 0.0000 0.0000 0.0000 0.0000 0.0000 0.0002 -0.0001 0.0000 -0.0006 0.0003 0.0000 0.0004 -0.0006 0.0000 0.0000 0.0001 0.0000 0.0000 0.0000 0.0000 -0.0010 -0.0002 0.0000 0.0003 30.0001 -0.0001 0.0005 -29.9998 0.0000 0.0000 0.0000 -9.0691 5.3028 2.4421 -9.0691 5.3028 2.4421 -44.4229 84.1558 62.3062 -96.7330 56.6656 -116.3631 -18.3971 14.5051 -28.7001 0.2955 0.5236 1.2787 0.0000 -0.0001 0.0001 0.0000 0.0000 0.0000 0.0000 -0.0006 0.0003 0.0000 -0.0001 0.0001 0.0000 0.0000 0.0000 0.0000 0.0000 0.0000 0.0000 0.0007 0.0001 0.0000 -0.0012 0.0001 0.0000 -0.0008 0.0003 0.0000 0.0001 0.0000 0.0000 0.0000 0.0000 0.0000 -0.0009 0.0000 0.0000 0.0002 -29.9996 -0.0001 -0.0003 29.9996 0.0000 0.0000 0.0000 3.8441 2.2572 179.7878 -11.1165 -9.8706 -1.0481 -10.5563 76.8334 -2.2645 0.0000 25.3510 0.0000 2.7601 -8.0517 178.7703 -0.0080 -2.6958 -0.0825 4.3854 62.7597 5.6751 0.0000 25.3508 -0.0001 
9.7803 96.3605 -9.7054 -0.2859 2.9611 -0.6607 -0.3825 0.5841 -0.0195 -0.3825 0.5842 -0.0195 -0.3836 0.5859 -0.0196 52.7426 84.4777 -47.1079 92.8920 57.8498 119.8334 25.8903 6.8454 39.7042 -0.4994 1.0910 -1.7168 0.0000 0.0000 0.0001 0.0000 0.0000 0.0000 0.0000 -0.0013 -0.0008 0.0000 -0.0004 0.0001 0.0000 0.0000 0.0000 0.0000 0.0000 0.0000 0.0000 0.0002 -0.0001 0.0000 -0.0006 0.0003 0.0000 0.0004 -0.0006 0.0000 0.0000 0.0001 0.0000 0.0000 0.0000 0.0000 -0.0010 -0.0002 0.0000 0.0002 30.0001 -0.0001 0.0005 -29.9998 0.0000 0.0000 0.0000 -9.1289 5.2031 2.5340 -9.1289 5.2031 2.5340 -44.1962 84.2002 62.5321 -96.5667 56.5866 -115.5917 -18.4294 14.8145 -28.1071 0.2839 0.5090 1.2173 0.0000 -0.0001 0.0001 0.0000 0.0000 0.0000 0.0000 -0.0006 0.0003 0.0000 -0.0001 0.0001 0.0000 0.0000 0.0000 0.0000 0.0000 0.0000 0.0000 0.0007 0.0001 0.0000 -0.0012 0.0001 0.0000 -0.0008 0.0003 0.0000 0.0001 0.0000 0.0000 0.0000 0.0000 0.0000 -0.0008 0.0000 0.0000 0.0002 -29.9996 -0.0001 -0.0003 29.9996 0.0000 0.0000 0.0000 3.8480 2.2867 179.8470 -11.3764 -9.4041 -0.8521 -9.9340 76.9582 -1.7060 0.0000 25.3510 0.0000 2.6657 -8.4188 178.9574 -0.0071 -2.9951 -0.0825 4.6768 62.8646 5.9940 0.0000 25.3508 -0.0001 
9.8177 96.3107 -9.9566 -0.2214 3.0606 -0.8803 -0.3719 0.5682 0.0250 -0.3719 0.5682 0.0250 -0.3730 0.5699 0.0250 52.5395 84.4590 -47.4027 92.8544 57.6642 119.3571 26.2688 7.1298 39.0318 -0.4830 1.0679 -1.6456 0.0000 0.0000 0.0001 0.0000 0.0000 0.0000 0.0000 -0.0013 -0.0008 0.0000 -0.0004 0.0001 0.0000 0.0000 0.0000 0.0000 0.0000 0.0000 0.0000 0.0002 0.0000 0.0000 -0.0006 0.0003 0.0000 0.0004 -0.0006 0.0000 0.0000 0.0001 0.0000 0.0000 0.0000 0.0000 -0.0010 -0.0002 0.0000 0.0002 30.0001 -0.0001 0.0005 -29.9998 0.0000 0.0000 0.0000 -9.1763 5.0814 2.6211 -9.1763 5.0814 2.6211 -43.8951 84.2485 62.8234 -96.4590 56.5345 -114.9391 -18.4500 15.0870 -27.6379 0.2741 0.4953 1.1666 0.0000 -0.0001 0.0001 0.0000 0.0000 0.0000 0.0000 -0.0006 0.0003 0.0000 -0.0001 0.0001 0.0000 0.0000 0.0000 0.0000 0.0000 0.0000 0.0000 0.0007 0.0001 0.0000 -0.0012 0.0001 0.0000 -0.0008 0.0003 0.0000 0.0001 0.0000 0.0000 0.0000 0.0000 0.0000 -0.0009 0.0000 0.0000 0.0002 -29.9996 -0.0001 -0.0003 29.9996 0.0000 0.0000 0.0000 3.8412 2.3147 179.8869 -11.6703 -8.9183 -0.6495 -9.3355 77.0568 -1.2231 0.0000 25.3510 0.0000 2.5463 -8.8470 179.1416 -0.0070 -3.3405 -0.0825 4.9282 62.9584 6.3032 0.0000 25.3508 -0.0001 
9.8331 96.2726 -10.2347 -0.1841 3.1598 -1.0627 -0.3631 0.5630 0.0610 -0.3632 0.5631 0.0610 -0.3642 0.5648 0.0611 52.0741 84.4406 -47.9665 92.8664 57.5461 119.0150 26.5976 7.3421 38.5981 -0.4720 1.0513 -1.5964 0.0000 0.0000 0.0001 0.0000 0.0000 0.0000 0.0000 -0.0013 -0.0008 0.0000 -0.0004 0.0001 0.0000 0.0000 0.0000 0.0000 0.0000 0.0000 0.0000 0.0002 -0.0001 0.0000 -0.0006 0.0003 0.0000 0.0004 -0.0006 0.0000 0.0000 0.0001 0.0000 0.0000 0.0000 0.0000 -0.0010 -0.0002 0.0000 0.0002 30.0001 -0.0001 0.0005 -29.9998 0.0000 0.0000 0.0000 -9.1996 4.9373 2.6933 -9.1996 4.9373 2.6933 -43.4826 84.2885 63.2137 -96.4657 56.5332 -114.5364 -18.4850 15.2866 -27.3065 0.2671 0.4845 1.1317 0.0000 -0.0001 0.0001 0.0000 0.0000 0.0000 0.0000 -0.0006 0.0003 0.0000 -0.0001 0.0001 0.0000 0.0000 0.0000 0.0000 0.0000 0.0000 0.0000 0.0007 0.0001 0.0000 -0.0012 0.0001 0.0000 -0.0008 0.0003 0.0000 0.0001 0.0000 0.0000 0.0000 0.0000 0.0000 -0.0009 0.0000 0.0000 0.0002 -29.9997 -0.0001 -0.0003 29.9996 0.0000 0.0000 0.0000 3.7925 2.3410 179.8885 -11.9772 -8.4168 -0.4519 -8.7966 77.1111 -0.8237 0.0000 25.3510 0.0000 2.4024 -9.2549 179.3080 -0.0070 -3.5952 -0.0825 5.1151 62.9718 6.5937 0.0000 25.3508 -0.0001 
9.8433 96.2469 -10.5203 -0.1771 3.2414 -1.2097 -0.3527 0.5669 0.0854 -0.3527 0.5670 0.0854 -0.3538 0.5687 0.0856 51.5056 84.4218 -48.6218 92.9029 57.5006 118.7905 26.8824 7.4758 38.3580 -0.4656 1.0415 -1.5659 0.0000 0.0000 0.0001 0.0000 0.0000 0.0000 0.0000 -0.0013 -0.0008 0.0000 -0.0004 0.0001 0.0000 0.0000 0.0000 0.0000 0.0000 0.0000 0.0000 0.0002 0.0000 0.0000 -0.0006 0.0003 0.0000 0.0004 -0.0006 0.0000 0.0000 0.0001 0.0000 0.0000 0.0000 0.0000 -0.0010 -0.0002 0.0000 0.0002 30.0001 -0.0001 0.0005 -29.9998 0.0000 0.0000 0.0000 -9.2041 4.7975 2.7545 -9.2041 4.7975 2.7545 -42.9808 84.3200 63.6841 -96.5526 56.5588 -114.3629 -18.5554 15.3970 -27.0719 0.2623 0.4773 1.1098 0.0000 -0.0001 0.0001 0.0000 0.0000 0.0000 0.0000 -0.0006 0.0003 0.0000 -0.0001 0.0001 0.0000 0.0000 0.0000 0.0000 0.0000 0.0000 0.0000 0.0007 0.0001 0.0000 -0.0012 0.0001 0.0000 -0.0008 0.0003 0.0000 0.0001 0.0000 0.0000 0.0000 0.0000 0.0000 -0.0009 0.0000 0.0000 0.0002 -29.9996 -0.0001 -0.0003 29.9996 0.0000 0.0000 0.0000 3.7159 2.3694 179.8644 -12.2255 -7.9226 -0.2808 -8.3580 77.1221 -0.4921 0.0000 25.3510 0.0000 2.2789 -9.5941 179.4477 -0.0060 -3.7044 -0.0825 5.2607 62.8780 6.8508 0.0000 25.3508 -0.0001 
9.8599 96.2349 -10.8055 -0.1937 3.2959 -1.3175 -0.3428 0.5806 0.0946 -0.3428 0.5807 0.0947 -0.3438 0.5824 0.0949 50.7832 84.4011 -49.4254 92.9415 57.5124 118.6602 27.1222 7.5342 38.2680 -0.4632 1.0381 -1.5511 0.0000 0.0000 0.0001 0.0000 0.0000 0.0000 0.0000 -0.0013 -0.0008 0.0000 -0.0004 0.0001 0.0000 0.0000 0.0000 0.0000 0.0000 0.0000 0.0000 0.0002 0.0000 0.0000 -0.0006 0.0003 0.0000 0.0004 -0.0006 0.0000 0.0000 0.0001 0.0000 0.0000 0.0000 0.0000 -0.0010 -0.0002 0.0000 0.0002 30.0001 -0.0001 0.0005 -29.9998 0.0000 0.0000 0.0000 -9.1918 4.6772 2.8082 -9.1918 4.6772 2.8082 -42.3526 84.3370 64.2679 -96.6808 56.5924 -114.3706 -18.6444 15.4259 -26.9219 0.2595 0.4738 1.0992 0.0000 -0.0001 0.0001 0.0000 0.0000 0.0000 0.0000 -0.0006 0.0003 0.0000 -0.0001 0.0001 0.0000 0.0000 0.0000 0.0000 0.0000 0.0000 0.0000 0.0007 0.0001 0.0000 -0.0012 0.0001 0.0000 -0.0008 0.0003 0.0000 0.0001 0.0000 0.0000 0.0000 0.0000 0.0000 -0.0009 0.0000 0.0000 0.0002 -29.9996 -0.0001 -0.0003 29.9996 0.0000 0.0000 0.0000 3.6232 2.4075 179.8198 -12.4016 -7.4445 -0.1422 -8.0457 77.0895 -0.2497 0.0000 25.3510 0.0000 2.1823 -9.8826 179.5446 -0.0050 -3.7484 -0.0826 5.3968 62.7300 7.0981 0.0000 25.3508 -0.0001 
9.8979 96.2319 -11.1089 -0.2295 3.2957 -1.3443 -0.3364 0.6072 0.0702 -0.3365 0.6073 0.0702 -0.3375 0.6091 0.0704 50.0012 84.3592 -50.2880 92.9782 57.5713 118.6884 27.2711 7.4898 38.3476 -0.4662 1.0447 -1.5582 0.0000 0.0000 0.0001 0.0000 0.0000 0.0000 0.0000 -0.0013 -0.0008 0.0000 -0.0004 0.0001 0.0000 0.0000 0.0000 0.0000 0.0000 0.0000 0.0000 0.0002 -0.0001 0.0000 -0.0006 0.0003 0.0000 0.0004 -0.0006 0.0000 0.0000 0.0001 0.0000 0.0000 0.0000 0.0000 -0.0010 -0.0002 0.0000 0.0002 30.0001 -0.0001 0.0005 -29.9998 0.0000 0.0000 0.0000 -9.1626 4.6159 2.8562 -9.1626 4.6159 2.8562 -41.5787 84.3206 64.9821 -96.8492 56.6014 -114.6078 -18.7139 15.3481 -26.8997 0.2598 0.4752 1.1046 0.0000 -0.0001 0.0001 0.0000 0.0000 0.0000 0.0000 -0.0006 0.0003 0.0000 -0.0001 0.0001 0.0000 0.0000 0.0000 0.0000 0.0000 0.0000 0.0000 0.0007 0.0001 0.0000 -0.0011 0.0001 0.0000 -0.0008 0.0003 0.0000 0.0001 0.0000 0.0000 0.0000 0.0000 0.0000 -0.0009 0.0000 0.0000 0.0002 -29.9996 -0.0001 -0.0003 29.9996 0.0000 0.0000 0.0000 3.4906 2.4832 179.7376 -12.4933 -6.9895 -0.0648 -7.9259 76.9786 -0.1486 0.0000 25.3510 0.0000 2.1150 -10.0867 179.5425 -0.0052 -3.7036 -0.0826 5.5296 62.5062 7.3413 0.0000 25.3508 -0.0001 
9.9296 96.2366 -11.4029 -0.2636 3.2545 -1.3049 -0.3346 0.6377 0.0188 -0.3346 0.6377 0.0188 -0.3356 0.6396 0.0188 49.3617 84.3049 -51.0045 92.9937 57.6373 118.8224 27.3369 7.3856 38.5110 -0.4725 1.0577 -1.5785 0.0000 0.0000 0.0001 0.0000 0.0000 0.0000 0.0000 -0.0013 -0.0008 0.0000 -0.0004 0.0001 0.0000 0.0000 0.0000 0.0000 0.0000 0.0000 0.0000 0.0002 0.0000 0.0000 -0.0006 0.0003 0.0000 0.0004 -0.0006 0.0000 0.0000 0.0001 0.0000 0.0000 0.0000 0.0000 -0.0010 -0.0002 0.0000 0.0002 30.0001 -0.0001 0.0005 -29.9998 0.0000 0.0000 0.0000 -9.1318 4.6150 2.9014 -9.1318 4.6150 2.9014 -40.8161 84.2788 65.6853 -97.0392 56.5769 -114.9503 -18.7446 15.2044 -26.9885 0.2617 0.4790 1.1187 0.0000 -0.0001 0.0001 0.0000 0.0000 0.0000 0.0000 -0.0006 0.0003 0.0000 -0.0001 0.0001 0.0000 0.0000 0.0000 0.0000 0.0000 0.0000 0.0000 0.0007 0.0001 0.0000 -0.0012 0.0001 0.0000 -0.0008 0.0003 0.0000 0.0001 0.0000 0.0000 0.0000 0.0000 0.0000 -0.0009 0.0000 0.0000 0.0002 -29.9996 -0.0001 -0.0003 29.9996 0.0000 0.0000 0.0000 3.3078 2.5836 179.6201 -12.5525 -6.5747 -0.0310 -7.9134 76.8204 -0.1104 0.0000 25.3510 0.0000 2.0582 -10.2593 179.4729 -0.0063 -3.7020 -0.0825 5.6290 62.3083 7.5433 0.0000 25.3508 -0.0001 
9.9429 96.2484 -11.6822 -0.2932 3.1980 -1.2441 -0.3347 0.6669 -0.0370 -0.3348 0.6670 -0.0370 -0.3358 0.6690 -0.0371 48.8295 84.2533 -51.6008 92.9931 57.6999 118.9758 27.3688 7.2648 38.6853 -0.4794 1.0722 -1.6016 0.0000 0.0000 0.0001 0.0000 0.0000 0.0000 0.0000 -0.0013 -0.0008 0.0000 -0.0004 0.0001 0.0000 0.0000 0.0000 0.0000 0.0000 0.0000 0.0000 0.0002 0.0000 0.0000 -0.0006 0.0003 0.0000 0.0004 -0.0006 0.0000 0.0000 0.0001 0.0000 0.0000 0.0000 0.0000 -0.0010 -0.0002 0.0000 0.0002 30.0001 -0.0001 0.0005 -29.9998 0.0000 0.0000 0.0000 -9.1042 4.6398 2.9406 -9.1042 4.6398 2.9406 -40.1339 84.2328 66.3144 -97.2013 56.5330 -115.2890 -18.7494 15.0434 -27.0984 0.2640 0.4837 1.1352 0.0000 -0.0001 0.0001 0.0000 0.0000 0.0000 0.0000 -0.0006 0.0003 0.0000 -0.0001 0.0001 0.0000 0.0000 0.0000 0.0000 0.0000 0.0000 0.0000 0.0007 0.0001 0.0000 -0.0012 0.0001 0.0000 -0.0008 0.0003 0.0000 0.0001 0.0000 0.0000 0.0000 0.0000 0.0000 -0.0009 0.0000 0.0000 0.0002 -29.9996 -0.0001 -0.0003 29.9996 0.0000 0.0000 0.0000 3.1401 2.6826 179.5116 -12.5754 -6.2407 -0.0267 -7.9534 76.6674 -0.1093 0.0000 25.3510 0.0000 2.0330 -10.4935 179.3942 -0.0067 -3.8748 -0.0825 5.7046 62.2030 7.6867 0.0000 25.3508 -0.0001 
9.9369 96.2606 -11.8500 -0.3078 3.1340 -1.1617 -0.3398 0.6902 -0.0942 -0.3398 0.6903 -0.0942 -0.3408 0.6923 -0.0945 48.4476 84.2114 -52.0357 92.9674 57.7428 119.1204 27.3624 7.1399 38.8407 -0.4859 1.0864 -1.6242 0.0000 0.0000 0.0001 0.0000 0.0000 0.0000 0.0000 -0.0013 -0.0008 0.0000 -0.0004 0.0001 0.0000 0.0000 0.0000 0.0000 0.0000 0.0000 0.0000 0.0002 0.0000 0.0000 -0.0006 0.0003 0.0000 0.0004 -0.0006 0.0000 0.0000 0.0001 0.0000 0.0000 0.0000 0.0000 -0.0010 -0.0002 0.0000 0.0002 30.0001 -0.0001 0.0005 -29.9998 0.0000 0.0000 0.0000 -9.0829 4.6936 2.9691 -9.0829 4.6936 2.9691 -39.6362 84.1907 66.7705 -97.3093 56.4672 -115.5679 -18.7202 14.8838 -27.2287 0.2664 0.4886 1.1515 0.0000 -0.0001 0.0001 0.0000 0.0000 0.0000 0.0000 -0.0006 0.0003 0.0000 -0.0001 0.0001 0.0000 0.0000 0.0000 0.0000 0.0000 0.0000 0.0000 0.0007 0.0001 0.0000 -0.0012 0.0001 0.0000 -0.0008 0.0003 0.0000 0.0001 0.0000 0.0000 0.0000 0.0000 0.0000 -0.0009 0.0000 0.0000 0.0002 -29.9997 -0.0001 -0.0003 29.9996 0.0000 0.0000 0.0000 3.0010 2.7803 179.4167 -12.5793 -6.0021 -0.0509 -8.0430 76.5306 -0.1584 0.0000 25.3510 0.0000 2.0248 -10.6735 179.3140 -0.0065 -4.1141 -0.0825 5.7313 62.2079 7.7464 0.0000 25.3508 -0.0001 
9.9369 96.2606 -11.8500 -0.3078 3.1340 -1.1617 -0.3398 0.6902 -0.0942 -0.3398 0.6903 -0.0942 -0.3408 0.6923 -0.0945 48.4476 84.2114 -52.0357 92.9674 57.7428 119.1204 27.3624 7.1399 38.8407 -0.4859 1.0864 -1.6242 0.0000 0.0000 0.0001 0.0000 0.0000 0.0000 0.0000 -0.0013 -0.0008 0.0000 -0.0004 0.0001 0.0000 0.0000 0.0000 0.0000 0.0000 0.0000 0.0000 0.0002 0.0000 0.0000 -0.0006 0.0003 0.0000 0.0004 -0.0006 0.0000 0.0000 0.0001 0.0000 0.0000 0.0000 0.0000 -0.0010 -0.0002 0.0000 0.0002 30.0001 -0.0001 0.0005 -29.9998 0.0000 0.0000 0.0000 -9.0829 4.6936 2.9691 -9.0829 4.6936 2.9691 -39.6362 84.1907 66.7705 -97.3093 56.4672 -115.5679 -18.7202 14.8838 -27.2287 0.2664 0.4886 1.1515 0.0000 -0.0001 0.0001 0.0000 0.0000 0.0000 0.0000 -0.0006 0.0003 0.0000 -0.0001 0.0001 0.0000 0.0000 0.0000 0.0000 0.0000 0.0000 0.0000 0.0007 0.0001 0.0000 -0.0012 0.0001 0.0000 -0.0008 0.0003 0.0000 0.0001 0.0000 0.0000 0.0000 0.0000 0.0000 -0.0009 0.0000 0.0000 0.0002 -29.9997 -0.0001 -0.0003 29.9996 0.0000 0.0000 0.0000 3.0010 2.7803 179.4167 -12.5793 -6.0021 -0.0509 -8.0430 76.5306 -0.1584 0.0000 25.3510 0.0000 2.0248 -10.6735 179.3140 -0.0065 -4.1141 -0.0825 5.7313 62.2079 7.7464 0.0000 25.3508 -0.0001 