HIERARCHY
ROOT Hips
{
  OFFSET 0.0000 96.6554 0.0000
  CHANNELS 6 Xposition Yposition Zposition Zrotation Xrotation Yrotation
  JOINT Spine
  {
    OFFSET 0.0000 13.2344 0.0000
    CHANNELS 3 Zrotation Xrotation Yrotation
    JOINT Spine1
    {
      OFFSET 0.0000 12.9244 0.0000
      CHANNELS 3 Zrotation Xrotation Yrotation
      JOINT Spine2
      {
        OFFSET 0.0000 13.3596 0.0000
        CHANNELS 3 Zrotation Xrotation Yrotation
        JOINT LeftShoulder
        {
          OFFSET 7.2389 10.7865 0.0000
          CHANNELS 3 Zrotation Xrotation Yrotation
          JOINT LeftArm
          {
            OFFSET 0.0000 13.8402 0.0000
            CHANNELS 3 Zrotation Xrotation Yrotation
            JOINT LeftForeArm
            {
              OFFSET -0.0001 26.8373 0.0000
              CHANNELS 3 Zrotation Xrotation Yrotation
              JOINT LeftHand
              {
                OFFSET 0.0000 29.5519 0.0000
                CHANNELS 3 Zrotation Xrotation Yrotation
                JOINT LeftHandIndex1
                {
                  OFFSET -2.6557 8.3719 0.1068
                  CHANNELS 3 Zrotation Xrotation Yrotation
                  JOINT LeftHandIndex2
                  {
                    OFFSET 0.0000 4.7496 0.0000
                    CHANNELS 3 Zrotation Xrotation Yrotation
                    JOINT LeftHandIndex3
                    {
                      OFFSET 0.0000 2.9220 0.0000
                      CHANNELS 3 Zrotation Xrotation Yrotation
                      End Site
                      {
                        OFFSET 0.0000 1.3566 0.0000
                      }
                    }
                  }
                }
                JOINT LeftHandMiddle1
                {
                  OFFSET -0.5651 8.4368 0.1068
                  CHANNELS 3 Zrotation Xrotation Yrotation
                  JOINT LeftHandMiddle2
                  {
                    OFFSET 0.0000 4.8759 0.0000
                    CHANNELS 3 Zrotation Xrotation Yrotation
                    JOINT LeftHandMiddle3
                    {
                      OFFSET 0.0000 3.2160 0.0000
                      CHANNELS 3 Zrotation Xrotation Yrotation
                      End Site
                      {
                        OFFSET 0.0000 1.4991 0.0000
                      }
                    }
                  }
                }
                JOINT LeftHandPinky1
                {
                  OFFSET 3.2526 7.2771 0.1068
                  CHANNELS 3 Zrotation Xrotation Yrotation
                  JOINT LeftHandPinky2
                  {
                    OFFSET 0.0000 3.6852 0.0000
                    CHANNELS 3 Zrotation Xrotation Yrotation
                    JOINT LeftHandPinky3
                    {
                      OFFSET 0.0000 2.3164 0.0000
                      CHANNELS 3 Zrotation Xrotation Yrotation
                      End Site
                      {
                        OFFSET 0.0000 1.1205 0.0000
                      }
                    }
                  }
                }
                JOINT LeftHandRing1
                {
                  OFFSET 1.4936 8.0949 0.1069
                  CHANNELS 3 Zrotation Xrotation Yrotation
                  JOINT LeftHandRing2
                  {
                    OFFSET 0.0000 4.5543 0.0000
                    CHANNELS 3 Zrotation Xrotation Yrotation
                    JOINT LeftHandRing3
                    {
                      OFFSET 0.0000 2.9372 0.0000
                      CHANNELS 3 Zrotation Xrotation Yrotation
                      End Site
                      {
                        OFFSET 0.0000 1.3500 0.0000
                      }
                    }
                  }
                }
                JOINT LeftHandThumb1
                {
                  OFFSET -2.8891 2.1558 0.0984
                  CHANNELS 3 Zrotation Xrotation Yrotation
                  JOINT LeftHandThumb2
                  {
                    OFFSET 0.0000 4.1082 0.0000
                    CHANNELS 3 Zrotation Xrotation Yrotation
                    JOINT LeftHandThumb3
                    {
                      OFFSET 0.0000 3.1181 0.0000
                      CHANNELS 3 Zrotation Xrotation Yrotation
                      End Site
                      {
                        OFFSET 0.0000 1.7295 0.0000
                      }
                    }
                  }
                }
              }
            }
          }
        }
        JOINT Neck
        {
          OFFSET 0.0000 18.7818 0.0000
          CHANNELS 3 Zrotation Xrotation Yrotation
          JOINT Head
          {
            OFFSET 0.0000 11.3439 0.0000
            CHANNELS 3 Zrotation Xrotation Yrotation
            End Site
            {
              OFFSET 0.0000 8.1622 0.0000
            }
          }
        }
        JOINT RightShoulder
        {
          OFFSET -7.2390 10.7865 0.0000
          CHANNELS 3 Zrotation Xrotation Yrotation
          JOINT RightArm
          {
            OFFSET 0.0000 13.8401 0.0000
            CHANNELS 3 Zrotation Xrotation Yrotation
            JOINT RightForeArm
            {
              OFFSET 0.0000 26.8374 0.0000
              CHANNELS 3 Zrotation Xrotation Yrotation
              JOINT RightHand
              {
                OFFSET -0.0001 29.5519 0.0000
                CHANNELS 3 Zrotation Xrotation Yrotation
                JOINT RightHandIndex1
                {
                  OFFSET 2.6557 8.3720 0.1068
                  CHANNELS 3 Zrotation Xrotation Yrotation
                  JOINT RightHandIndex2
                  {
                    OFFSET 0.0000 4.7496 0.0000
                    CHANNELS 3 Zrotation Xrotation Yrotation
                    JOINT RightHandIndex3
                    {
                      OFFSET 0.0000 2.9221 0.0000
                      CHANNELS 3 Zrotation Xrotation Yrotation
                      End Site
                      {
                        OFFSET 0.0000 1.3566 0.0000
                      }
                    }
                  }
                }
                JOINT RightHandMiddle1
                {
                  OFFSET 0.5651 8.4369 0.1068
                  CHANNELS 3 Zrotation Xrotation Yrotation
                  JOINT RightHandMiddle2
                  {
                    OFFSET 0.0000 4.8760 0.0000
                    CHANNELS 3 Zrotation Xrotation Yrotation
                    JOINT RightHandMiddle3
                    {
                      OFFSET 0.0000 3.2161 0.0000
                      CHANNELS 3 Zrotation Xrotation Yrotation
                      End Site
                      {
                        OFFSET 0.0000 1.4991 0.0000
                      }
                    }
                  }
                }
                JOINT RightHandPinky1
                {
                  OFFSET -3.2526 7.2771 0.1068
                  CHANNELS 3 Zrotation Xrotation Yrotation
                  JOINT RightHandPinky2
                  {
                    OFFSET 0.0000 3.6852 0.0000
                    CHANNELS 3 Zrotation Xrotation Yrotation
                    JOINT RightHandPinky3
                    {
                      OFFSET 0.0000 2.3164 0.0000
                      CHANNELS 3 Zrotation Xrotation Yrotation
                      End Site
                      {
                        OFFSET 0.0000 1.1205 0.0000
                      }
                    }
                  }
                }
                JOINT RightHandRing1
                {
                  OFFSET -1.4937 8.0949 0.1068
                  CHANNELS 3 Zrotation Xrotation Yrotation
                  JOINT RightHandRing2
                  {
                    OFFSET 0.0000 4.5543 0.0000
                    CHANNELS 3 Zrotation Xrotation Yrotation
                    JOINT RightHandRing3
                    {
                      OFFSET 0.0000 2.9372 0.0000
                      CHANNELS 3 Zrotation Xrotation Yrotation
                      End Site
                      {
                        OFFSET 0.0000 1.3500 0.0000
                      }
                    }
                  }
                }
                JOINT RightHandThumb1
                {
                  OFFSET 2.8891 2.1558 0.0984
                  CHANNELS 3 Zrotation Xrotation Yrotation
                  JOINT RightHandThumb2
                  {
                    OFFSET 0.0000 4.1081 0.0000
                    CHANNELS 3 Zrotation Xrotation Yrotation
                    JOINT RightHandThumb3
                    {
                      OFFSET 0.0000 3.1181 0.0000
                      CHANNELS 3 Zrotation Xrotation Yrotation
                      End Site
                      {
                        OFFSET 0.0000 1.7295 0.0000
                      }
                    }
                  }
                }
              }
            }
          }
        }
      }
    }
  }
  JOINT LeftUpLeg
  {
    OFFSET 8.3288 0.0000 0.0000
    CHANNELS 3 Zrotation Xrotation Yrotation
    JOINT LeftLeg
    {
      OFFSET 0.0000 44.4203 0.0000
      CHANNELS 3 Zrotation Xrotation Yrotation
      JOINT LeftFoot
      {
        OFFSET 0.0000 44.5232 0.0000
        CHANNELS 3 Zrotation Xrotation Yrotation
        JOINT LeftToe
        {
          OFFSET 0.0000 14.9844 0.0000
          CHANNELS 3 Zrotation Xrotation Yrotation
          End Site
          {
            OFFSET 0.0000 3.5000 0.0000
          }
        }
      }
    }
  }
  JOINT RightUpLeg
  {
    OFFSET -8.3288 0.0000 0.0000
    CHANNELS 3 Zrotation Xrotation Yrotation
    JOINT RightLeg
    {
      OFFSET 0.0000 44.4203 0.0000
      CHANNELS 3 Zrotation Xrotation Yrotation
      JOINT RightFoot
      {
        OFFSET 0.0000 44.5232 0.0000
        CHANNELS 3 Zrotation Xrotation Yrotation
        JOINT RightToe
        {
          OFFSET 0.0000 14.9844 0.0000
          CHANNELS 3 Zrotation Xrotation Yrotation
          End Site
          {
            OFFSET 0.0000 3.5000 0.0000
          }
        }
      }
    }
  }
}
MOTION
Frames: 464
Frame Time: 0.016667
0.0000 96.6554 0.0000 -0.0000 0.0000 0.0000 -0.0000 0.0000 0.0000 -0.0000 0.0000 0.0000 -0.0000 0.0000 0.0000 -90.0000 0.0000 90.0000 -0.0000 0.0000 0.0000 -0.0000 0.0000 0.0000 -0.0000 0.0000 0.0000 0.0001 0.0000 0.0000 -0.0000 0.0000 0.0000 -0.0008 -0.0013 -0.0000 0.0001 -0.0004 0.0000 -0.0000 0.0000 0.0000 -0.0000 0.0000 0.0000 -0.0000 0.0003 0.0000 0.0003 -0.0006 0.0000 -0.0006 0.0004 0.0000 0.0001 0.0000 0.0000 -0.0000 0.0000 0.0000 -0.0002 -0.0010 -0.0000 30.0001 0.0002 -0.0001 -29.9998 0.0005 0.0002 -0.0000 0.0000 0.0000 -0.0000 0.0000 0.0000 -0.0000 0.0000 0.0000 90.0000 0.0001 -90.0000 -0.0000 0.0000 0.0000 -0.0000 0.0000 0.0000 -0.0000 0.0000 0.0000 0.0001 -0.0001 0.0000 -0.0000 0.0000 0.0000 0.0003 -0.0006 0.0000 0.0001 -0.0001 0.0000 -0.0000 0.0000 0.0000 -0.0000 0.0000 0.0000 0.0001 0.0007 -0.0000 0.0001 -0.0012 0.0000 0.0003 -0.0008 0.0000 -0.0000 0.0001 0.0000 -0.0000 0.0000 0.0000 -0.0000 -0.0009 0.0000 -29.9997 0.0002 0.0001 29.9996 -0.0003 0.0001 -0.0000 0.0000 0.0000 179.9999 0.0000 0.0000 0.0826 0.0001 -0.0000 -0.0827 64.6493 0.0000 -0.0000 25.3510 0.0000 180.0000 0.0000 0.0000 -0.0827 0.0000 0.0000 0.0827 64.6493 -0.0000 -0.0001 25.3508 0.0000
7.0420 96.4970 -15.5673 0.0743 0.0864 -5.5194 0.1293 0.1591 1.0228 0.1293 0.1592 1.0229 0.1297 0.1597 1.0259 -90.0000 -14.1693 90.0000 -15.4022 87.9646 26.3210 5.1619 0.1026 -2.1940 -0.3003 0.3007 -0.0128 0.0001 0.0000 0.0000 -0.0000 0.0000 0.0000 -0.0008 -0.0013 -0.0000 0.0001 -0.0004 0.0000 -0.0000 0.0000 0.0000 -0.0000 0.0000 0.0000 -0.0000 0.0002 0.0000 0.0003 -0.0006 0.0000 -0.0006 0.0004 0.0000 0.0001 0.0000 0.0000 -0.0000 0.0000 0.0000 -0.0002 -0.0010 -0.0000 30.0001 0.0002 -0.0001 -29.9998 0.0005 0.0002 -0.0000 0.0000 0.0000 0.4024 3.1697 1.4318 0.4024 3.1697 1.4318 90.0000 -19.6504 -90.0000 44.5014 86.4537 -54.6301 -4.8358 0.8546 4.0111 0.3181 0.2797 0.0134 0.0001 -0.0001 0.0000 -0.0000 0.0000 0.0000 0.0003 -0.0006 0.0000 0.0001 -0.0001 0.0000 -0.0000 0.0000 0.0000 -0.0000 0.0000 0.0000 0.0001 0.0007 -0.0000 0.0001 -0.0012 0.0000 0.0003 -0.0008 0.0000 -0.0000 0.0001 0.0000 -0.0000 0.0000 0.0000 -0.0000 -0.0008 0.0000 -29.9996 0.0002 0.0001 29.9996 -0.0003 0.0001 -0.0000 0.0000 0.0000 -179.9619 -2.7033 -4.0002 0.0828 -2.2453 0.0020 23.4674 67.5711 -25.2238 -0.0000 25.3510 0.0000 -179.4797 -2.1223 -4.7755 -0.0827 -1.4594 -0.0012 -12.2483 68.0073 14.1021 -0.0001 25.3508 0.0000
7.0347 96.4963 -15.5700 0.0779 0.0831 -5.5166 0.1295 0.1602 1.0227 0.1296 0.1603 1.0228 0.1298 0.1609 1.0258 -90.0000 -14.1702 90.0000 -15.2588 87.9650 26.1794 5.1594 0.0992 -2.1923 -0.3003 0.3007 -0.0128 0.0001 0.0000 0.0000 -0.0000 0.0000 0.0000 -0.0008 -0.0013 -0.0000 0.0001 -0.0004 0.0000 -0.0000 0.0000 0.0000 -0.0000 0.0000 0.0000 -0.0000 0.0002 0.0000 0.0003 -0.0006 0.0000 -0.0006 0.0004 0.0000 0.0001 0.0000 0.0000 -0.0000 0.0000 0.0000 -0.0002 -0.0010 -0.0000 30.0001 0.0002 -0.0001 -29.9998 0.0005 0.0002 -0.0000 0.0000 0.0000 0.4014 3.1668 1.4311 0.4014 3.1668 1.4311 90.0000 -19.6456 -90.0000 44.4808 86.4591 -54.6162 -4.8392 0.8582 4.0071 0.3188 0.2803 0.0135 0.0001 -0.0001 0.0000 -0.0000 0.0000 0.0000 0.0003 -0.0006 0.0000 0.0001 -0.0001 0.0000 -0.0000 0.0000 0.0000 -0.0000 0.0000 0.0000 0.0001 0.0007 -0.0000 0.0001 -0.0012 0.0000 0.0003 -0.0008 0.0000 -0.0000 0.0001 0.0000 -0.0000 0.0000 0.0000 -0.0000 -0.0009 0.0000 -29.9997 0.0002 0.0001 29.9996 -0.0003 0.0001 -0.0000 0.0000 0.0000 -179.9602 -2.6906 -3.9978 0.0828 -2.2732 0.0021 23.4753 67.5823 -25.2347 -0.0000 25.3510 0.0000 -179.4615 -1.9622 -4.7836 -0.0827 -1.7795 -0.0014 -12.3523 68.1599 14.2090 -0.0001 25.3508 0.0000
7.0303 96.4914 -15.5693 0.0823 0.0802 -5.5153 0.1299 0.1610 1.0230 0.1299 0.1611 1.0231 0.1303 0.1617 1.0261 -90.0000 -14.1713 90.0000 -15.1068 87.9651 26.0287 5.1564 0.0956 -2.1902 -0.3003 0.3007 -0.0128 0.0001 0.0000 0.0000 -0.0000 0.0000 0.0000 -0.0008 -0.0013 -0.0000 0.0001 -0.0004 0.0000 -0.0000 0.0000 0.0000 -0.0000 0.0000 0.0000 -0.0000 0.0002 0.0000 0.0003 -0.0006 0.0000 -0.0006 0.0004 0.0000 0.0001 0.0000 0.0000 -0.0000 0.0000 0.0000 -0.0002 -0.0010 -0.0000 30.0001 0.0002 -0.0001 -29.9998 0.0005 0.0002 -0.0000 0.0000 0.0000 0.3995 3.1646 1.4313 0.3995 3.1646 1.4313 90.0000 -19.6401 -90.0000 44.4801 86.4657 -54.6234 -4.8436 0.8625 4.0023 0.3188 0.2803 0.0135 0.0001 -0.0001 0.0000 -0.0000 0.0000 0.0000 0.0003 -0.0006 0.0000 0.0001 -0.0001 0.0000 -0.0000 0.0000 0.0000 -0.0000 0.0000 0.0000 0.0001 0.0007 -0.0000 0.0001 -0.0012 0.0000 0.0003 -0.0008 0.0000 -0.0000 0.0001 0.0000 -0.0000 0.0000 0.0000 -0.0000 -0.0009 0.0000 -29.9996 0.0002 0.0001 29.9996 -0.0003 0.0001 -0.0000 0.0000 0.0000 -179.9554 -2.6006 -3.9991 0.0828 -2.4604 0.0022 23.5594 67.6701 -25.3267 -0.0000 25.3510 0.0000 -179.4293 -1.5633 -4.7917 -0.0828 -2.5829 -0.0022 -12.5838 68.5520 14.4586 -0.0001 25.3508 0.0000
7.0258 96.4858 -15.5685 0.0865 0.0779 -5.5174 0.1303 0.1616 1.0238 0.1303 0.1617 1.0239 0.1307 0.1621 1.0268 -90.0000 -14.1722 90.0000 -14.9858 87.9639 25.9075 5.1523 0.0930 -2.1885 -0.3010 0.3013 -0.0128 0.0001 0.0000 0.0000 -0.0000 0.0000 0.0000 -0.0008 -0.0013 -0.0000 0.0001 -0.0004 0.0000 -0.0000 0.0000 0.0000 -0.0000 0.0000 0.0000 -0.0000 0.0002 0.0000 0.0003 -0.0006 0.0000 -0.0006 0.0004 0.0000 0.0001 0.0000 0.0000 -0.0000 0.0000 0.0000 -0.0002 -0.0010 -0.0000 30.0001 0.0003 -0.0002 -29.9998 0.0005 0.0002 -0.0000 0.0000 0.0000 0.3966 3.1638 1.4333 0.3966 3.1638 1.4333 90.0000 -19.6359 -90.0000 44.4824 86.4721 -54.6337 -4.8476 0.8648 3.9976 0.3188 0.2803 0.0135 0.0001 -0.0001 0.0000 -0.0000 0.0000 0.0000 0.0003 -0.0006 0.0000 0.0001 -0.0001 0.0000 -0.0000 0.0000 0.0000 -0.0000 0.0000 0.0000 0.0001 0.0007 -0.0000 0.0001 -0.0012 0.0000 0.0003 -0.0008 0.0000 -0.0000 0.0001 0.0000 -0.0000 0.0000 0.0000 -0.0000 -0.0009 0.0000 -29.9996 0.0002 0.0001 29.9996 -0.0003 0.0001 -0.0000 0.0000 0.0000 -179.9505 -2.5113 -4.0043 0.0828 -2.6461 0.0022 23.6419 67.7583 -25.4172 -0.0000 25.3510 0.0000 -179.3847 -0.9912 -4.7956 -0.0829 -3.7357 -0.0035 -12.9108 69.1162 14.8106 -0.0001 25.3508 0.0000
7.0209 96.4830 -15.5676 0.0909 0.0764 -5.5210 0.1307 0.1617 1.0245 0.1307 0.1618 1.0246 0.1311 0.1622 1.0276 -90.0000 -14.1732 90.0000 -14.9148 87.9628 25.8357 5.1482 0.0912 -2.1873 -0.3010 0.3013 -0.0128 0.0001 0.0000 0.0000 -0.0000 0.0000 0.0000 -0.0008 -0.0013 -0.0000 0.0001 -0.0004 0.0000 -0.0000 0.0000 0.0000 -0.0000 0.0000 0.0000 -0.0000 0.0002 0.0000 0.0003 -0.0006 0.0000 -0.0006 0.0004 0.0000 0.0001 0.0000 0.0000 -0.0000 0.0000 0.0000 -0.0002 -0.0010 -0.0000 30.0001 0.0002 -0.0001 -29.9998 0.0005 0.0002 -0.0000 0.0000 0.0000 0.3933 3.1642 1.4365 0.3933 3.1642 1.4365 90.0000 -19.6320 -90.0000 44.4945 86.4782 -54.6512 -4.8524 0.8670 3.9926 0.3189 0.2802 0.0135 0.0001 -0.0001 0.0000 -0.0000 0.0000 0.0000 0.0003 -0.0006 0.0000 0.0001 -0.0001 0.0000 -0.0000 0.0000 0.0000 -0.0000 0.0000 0.0000 0.0001 0.0007 -0.0000 0.0001 -0.0012 0.0000 0.0003 -0.0008 0.0000 -0.0000 0.0001 0.0000 -0.0000 0.0000 0.0000 -0.0000 -0.0009 0.0000 -29.9996 0.0002 0.0001 29.9996 -0.0003 0.0001 -0.0000 0.0000 0.0000 -179.9471 -2.4442 -4.0130 0.0828 -2.7861 0.0023 23.6989 67.8258 -25.4801 -0.0000 25.3510 0.0000 -179.3448 -0.4430 -4.7976 -0.0830 -4.8424 -0.0053 -13.2341 69.6594 15.1593 -0.0001 25.3508 0.0000
7.0148 96.4816 -15.5657 0.0954 0.0759 -5.5260 0.1311 0.1612 1.0252 0.1312 0.1612 1.0252 0.1316 0.1617 1.0282 -90.0000 -14.1737 90.0000 -14.8732 87.9613 25.7938 5.1442 0.0907 -2.1853 -0.3010 0.3013 -0.0128 0.0001 0.0000 0.0000 -0.0000 0.0000 0.0000 -0.0008 -0.0013 -0.0000 0.0001 -0.0004 0.0000 -0.0000 0.0000 0.0000 -0.0000 0.0000 0.0000 -0.0000 0.0002 0.0000 0.0003 -0.0006 0.0000 -0.0006 0.0004 0.0000 0.0001 0.0000 0.0000 -0.0000 0.0000 0.0000 -0.0002 -0.0010 -0.0000 30.0001 0.0002 -0.0001 -29.9998 0.0005 0.0002 -0.0000 0.0000 0.0000 0.3897 3.1658 1.4406 0.3897 3.1658 1.4406 90.0000 -19.6292 -90.0000 44.5122 86.4834 -54.6704 -4.8591 0.8700 3.9874 0.3189 0.2802 0.0135 0.0001 -0.0001 0.0000 -0.0000 0.0000 0.0000 0.0003 -0.0006 0.0000 0.0001 -0.0001 0.0000 -0.0000 0.0000 0.0000 -0.0000 0.0000 0.0000 0.0001 0.0007 -0.0000 0.0001 -0.0012 0.0000 0.0003 -0.0008 0.0000 -0.0000 0.0001 0.0000 -0.0000 0.0000 0.0000 -0.0000 -0.0008 0.0000 -29.9997 0.0002 0.0001 29.9996 -0.0003 0.0001 -0.0000 0.0000 0.0000 -179.9464 -2.4189 -4.0215 0.0828 -2.8409 0.0023 23.7178 67.8533 -25.5025 -0.0000 25.3510 0.0000 -179.3177 -0.0651 -4.7974 -0.0831 -5.6070 -0.0067 -13.4601 70.0366 15.4001 -0.0001 25.3508 0.0000
7.0085 96.4808 -15.5632 0.0999 0.0757 -5.5310 0.1316 0.1605 1.0255 0.1316 0.1606 1.0256 0.1320 0.1611 1.0286 -90.0000 -14.1736 90.0000 -14.8332 87.9598 25.7547 5.1401 0.0906 -2.1826 -0.3009 0.3014 -0.0128 0.0001 0.0000 0.0000 -0.0000 0.0000 0.0000 -0.0008 -0.0013 -0.0000 0.0001 -0.0004 0.0000 -0.0000 0.0000 0.0000 -0.0000 0.0000 0.0000 -0.0000 0.0002 0.0000 0.0003 -0.0006 0.0000 -0.0006 0.0004 0.0000 0.0001 0.0000 0.0000 -0.0000 0.0000 0.0000 -0.0002 -0.0010 -0.0000 30.0001 0.0002 -0.0001 -29.9998 0.0005 0.0002 -0.0000 0.0000 0.0000 0.3864 3.1671 1.4444 0.3864 3.1671 1.4444 90.0000 -19.6270 -90.0000 44.5483 86.4877 -54.7049 -4.8667 0.8740 3.9818 0.3183 0.2795 0.0135 0.0001 -0.0001 0.0000 -0.0000 0.0000 0.0000 0.0003 -0.0006 0.0000 0.0001 -0.0001 0.0000 -0.0000 0.0000 0.0000 -0.0000 0.0000 0.0000 0.0001 0.0007 -0.0000 0.0001 -0.0012 0.0000 0.0003 -0.0008 0.0000 -0.0000 0.0001 0.0000 -0.0000 0.0000 0.0000 -0.0000 -0.0009 0.0000 -29.9996 0.0002 0.0001 29.9996 -0.0003 0.0001 -0.0000 0.0000 0.0000 -179.9449 -2.3849 -4.0273 0.0828 -2.9130 0.0023 23.7515 67.8877 -25.5404 -0.0000 25.3510 0.0000 -179.3036 0.1326 -4.7964 -0.0831 -6.0079 -0.0075 -13.5742 70.2361 15.5192 -0.0001 25.3508 0.0000
7.0023 96.4776 -15.5603 0.1041 0.0761 -5.5357 0.1321 0.1599 1.0252 0.1321 0.1599 1.0253 0.1324 0.1604 1.0283 -90.0000 -14.1740 90.0000 -14.8186 87.9577 25.7428 5.1356 0.0912 -2.1807 -0.3009 0.3014 -0.0127 0.0001 0.0000 0.0000 -0.0000 0.0000 0.0000 -0.0008 -0.0013 -0.0000 0.0001 -0.0004 0.0000 -0.0000 0.0000 0.0000 -0.0000 0.0000 0.0000 -0.0000 0.0002 0.0000 0.0003 -0.0006 0.0000 -0.0006 0.0004 0.0000 0.0001 0.0000 0.0000 -0.0000 0.0000 0.0000 -0.0002 -0.0010 -0.0000 30.0001 0.0002 -0.0001 -29.9998 0.0005 0.0002 -0.0000 0.0000 0.0000 0.3837 3.1680 1.4477 0.3837 3.1680 1.4478 90.0000 -19.6243 -90.0000 44.5614 86.4913 -54.7153 -4.8747 0.8783 3.9759 0.3183 0.2794 0.0135 0.0001 -0.0001 0.0000 -0.0000 0.0000 0.0000 0.0003 -0.0006 0.0000 0.0001 -0.0001 0.0000 -0.0000 0.0000 0.0000 -0.0000 0.0000 0.0000 0.0001 0.0007 -0.0000 0.0001 -0.0012 0.0000 0.0003 -0.0008 0.0000 -0.0000 0.0001 0.0000 -0.0000 0.0000 0.0000 -0.0000 -0.0009 0.0000 -29.9997 0.0002 0.0001 29.9996 -0.0003 0.0001 -0.0000 0.0000 0.0000 -179.9421 -2.3306 -4.0316 0.0828 -3.0259 0.0022 23.8091 67.9402 -25.6033 -0.0000 25.3510 0.0000 -179.2955 0.2402 -4.7960 -0.0832 -6.2268 -0.0080 -13.6331 70.3463 15.5777 -0.0001 25.3508 0.0000
6.9959 96.4727 -15.5571 0.1076 0.0777 -5.5394 0.1329 0.1591 1.0240 0.1329 0.1592 1.0241 0.1333 0.1596 1.0271 -90.0000 -14.1747 90.0000 -14.8608 87.9562 25.7879 5.1303 0.0926 -2.1796 -0.3008 0.3015 -0.0127 0.0001 0.0000 0.0000 -0.0000 0.0000 0.0000 -0.0008 -0.0013 -0.0000 0.0001 -0.0004 0.0000 -0.0000 0.0000 0.0000 -0.0000 0.0000 0.0000 -0.0000 0.0002 0.0000 0.0003 -0.0006 0.0000 -0.0006 0.0004 0.0000 0.0001 0.0000 0.0000 -0.0000 0.0000 0.0000 -0.0002 -0.0010 -0.0000 30.0001 0.0002 -0.0001 -29.9998 0.0005 0.0002 -0.0000 0.0000 0.0000 0.3818 3.1670 1.4500 0.3818 3.1670 1.4500 90.0000 -19.6205 -90.0000 44.5227 86.4942 -54.6742 -4.8829 0.8833 3.9701 0.3190 0.2800 0.0136 0.0001 -0.0001 0.0000 -0.0000 0.0000 0.0000 0.0003 -0.0006 0.0000 0.0001 -0.0001 0.0000 -0.0000 0.0000 0.0000 -0.0000 0.0000 0.0000 0.0001 0.0007 -0.0000 0.0001 -0.0012 0.0000 0.0003 -0.0008 0.0000 -0.0000 0.0001 0.0000 -0.0000 0.0000 0.0000 -0.0000 -0.0008 0.0000 -29.9996 0.0002 0.0001 29.9996 -0.0003 0.0001 -0.0000 0.0000 0.0000 -179.9351 -2.2356 -4.0343 0.0828 -3.2184 0.0021 23.9088 68.0302 -25.7109 -0.0000 25.3510 0.0000 -179.2897 0.3003 -4.7977 -0.0832 -6.3484 -0.0083 -13.6679 70.4080 15.6100 -0.0001 25.3508 0.0000
6.9877 96.4667 -15.5542 0.1097 0.0809 -5.5423 0.1344 0.1584 1.0225 0.1344 0.1584 1.0226 0.1348 0.1589 1.0256 -90.0000 -14.1747 90.0000 -14.9801 87.9568 25.9086 5.1249 0.0944 -2.1777 -0.3001 0.3009 -0.0127 0.0001 0.0000 0.0000 -0.0000 0.0000 0.0000 -0.0008 -0.0013 -0.0000 0.0001 -0.0004 0.0000 -0.0000 0.0000 0.0000 -0.0000 0.0000 0.0000 -0.0000 0.0002 0.0000 0.0003 -0.0006 0.0000 -0.0006 0.0004 0.0000 0.0001 0.0000 0.0000 -0.0000 0.0000 0.0000 -0.0002 -0.0010 -0.0000 30.0001 0.0002 -0.0001 -29.9998 0.0005 0.0002 -0.0000 0.0000 0.0000 0.3801 3.1639 1.4502 0.3801 3.1639 1.4502 90.0000 -19.6180 -90.0000 44.4500 86.4964 -54.6023 -4.8898 0.8881 3.9648 0.3191 0.2800 0.0136 0.0001 -0.0001 0.0000 -0.0000 0.0000 0.0000 0.0003 -0.0006 0.0000 0.0001 -0.0001 0.0000 -0.0000 0.0000 0.0000 -0.0000 0.0000 0.0000 0.0001 0.0007 -0.0000 0.0001 -0.0012 0.0000 0.0003 -0.0008 0.0000 -0.0000 0.0001 0.0000 -0.0000 0.0000 0.0000 -0.0000 -0.0009 0.0000 -29.9996 0.0002 0.0001 29.9996 -0.0003 0.0001 -0.0000 0.0000 0.0000 -179.9253 -2.1396 -4.0374 0.0829 -3.4103 0.0020 24.0036 68.1209 -25.8158 -0.0000 25.3510 0.0000 -179.2816 0.3590 -4.8012 -0.0832 -6.4644 -0.0085 -13.7091 70.4664 15.6481 -0.0001 25.3508 0.0000
6.9780 96.4626 -15.5522 0.1104 0.0852 -5.5437 0.1364 0.1581 1.0206 0.1364 0.1581 1.0207 0.1369 0.1586 1.0237 -90.0000 -14.1738 90.0000 -15.1012 87.9590 26.0298 5.1200 0.0966 -2.1744 -0.3001 0.3009 -0.0127 0.0001 0.0000 0.0000 -0.0000 0.0000 0.0000 -0.0008 -0.0013 -0.0000 0.0001 -0.0004 0.0000 -0.0000 0.0000 0.0000 -0.0000 0.0000 0.0000 -0.0000 0.0002 0.0000 0.0003 -0.0006 0.0000 -0.0006 0.0004 0.0000 0.0001 0.0000 0.0000 -0.0000 0.0000 0.0000 -0.0002 -0.0010 -0.0000 30.0001 0.0002 -0.0001 -29.9998 0.0005 0.0002 -0.0000 0.0000 0.0000 0.3790 3.1589 1.4487 0.3790 3.1589 1.4487 90.0000 -19.6161 -90.0000 44.3441 86.4983 -54.4987 -4.8948 0.8923 3.9590 0.3191 0.2799 0.0137 0.0001 -0.0001 0.0000 -0.0000 0.0000 0.0000 0.0003 -0.0006 0.0000 0.0001 -0.0001 0.0000 -0.0000 0.0000 0.0000 -0.0000 0.0000 0.0000 0.0001 0.0007 -0.0000 0.0001 -0.0012 0.0000 0.0003 -0.0008 0.0000 -0.0000 0.0001 0.0000 -0.0000 0.0000 0.0000 -0.0000 -0.0009 0.0000 -29.9996 0.0002 0.0001 29.9996 -0.0003 0.0001 -0.0000 0.0000 0.0000 -179.9131 -2.0491 -4.0434 0.0829 -3.5879 0.0020 24.0795 68.2057 -25.9025 -0.0000 25.3510 0.0000 -179.2712 0.4106 -4.8049 -0.0832 -6.5632 -0.0085 -13.7493 70.5152 15.6845 -0.0001 25.3508 0.0000
6.9675 96.4594 -15.5517 0.1079 0.0904 -5.5428 0.1388 0.1585 1.0180 0.1388 0.1586 1.0181 0.1392 0.1590 1.0211 -90.0000 -14.1735 90.0000 -15.2280 87.9612 26.1583 5.1164 0.0992 -2.1705 -0.3000 0.3010 -0.0127 0.0001 0.0000 0.0000 -0.0000 0.0000 0.0000 -0.0008 -0.0013 -0.0000 0.0001 -0.0004 0.0000 -0.0000 0.0000 0.0000 -0.0000 0.0000 0.0000 -0.0000 0.0002 0.0000 0.0003 -0.0006 0.0000 -0.0006 0.0004 0.0000 0.0001 0.0000 0.0000 -0.0000 0.0000 0.0000 -0.0002 -0.0010 -0.0000 30.0001 0.0002 -0.0001 -29.9998 0.0005 0.0002 -0.0000 0.0000 0.0000 0.3803 3.1508 1.4455 0.3803 3.1508 1.4455 90.0000 -19.6128 -90.0000 44.2265 86.5010 -54.3822 -4.8958 0.8948 3.9526 0.3191 0.2799 0.0136 0.0001 -0.0001 0.0000 -0.0000 0.0000 0.0000 0.0003 -0.0006 0.0000 0.0001 -0.0001 0.0000 -0.0000 0.0000 0.0000 -0.0000 0.0000 0.0000 0.0001 0.0007 -0.0000 0.0001 -0.0012 0.0000 0.0003 -0.0008 0.0000 -0.0000 0.0001 0.0000 -0.0000 0.0000 0.0000 -0.0000 -0.0008 0.0000 -29.9996 0.0002 0.0001 29.9996 -0.0003 0.0001 -0.0000 0.0000 0.0000 -179.8981 -1.9715 -4.0524 0.0828 -3.7357 0.0018 24.1254 68.2765 -25.9588 -0.0000 25.3510 0.0000 -179.2589 0.4450 -4.8070 -0.0832 -6.6247 -0.0085 -13.7805 70.5440 15.7110 -0.0001 25.3508 0.0000
6.9575 96.4566 -15.5509 0.1005 0.0959 -5.5410 0.1418 0.1595 1.0157 0.1418 0.1596 1.0158 0.1422 0.1601 1.0187 -90.0000 -14.1741 90.0000 -15.3110 87.9619 26.2469 5.1148 0.1017 -2.1680 -0.3006 0.3017 -0.0127 0.0001 0.0000 0.0000 -0.0000 0.0000 0.0000 -0.0008 -0.0013 -0.0000 0.0001 -0.0004 0.0000 -0.0000 0.0000 0.0000 -0.0000 0.0000 0.0000 -0.0000 0.0002 0.0000 0.0003 -0.0006 0.0000 -0.0006 0.0004 0.0000 0.0001 0.0000 0.0000 -0.0000 0.0000 0.0000 -0.0002 -0.0010 -0.0000 30.0001 0.0002 -0.0001 -29.9998 0.0005 0.0002 -0.0000 0.0000 0.0000 0.3844 3.1408 1.4407 0.3844 3.1408 1.4407 90.0000 -19.6089 -90.0000 44.1316 86.5053 -54.2863 -4.8936 0.8952 3.9461 0.3192 0.2799 0.0137 0.0001 -0.0001 0.0000 -0.0000 0.0000 0.0000 0.0003 -0.0006 0.0000 0.0001 -0.0001 0.0000 -0.0000 0.0000 0.0000 -0.0000 0.0000 0.0000 0.0001 0.0007 -0.0000 0.0001 -0.0012 0.0000 0.0003 -0.0008 0.0000 -0.0000 0.0001 0.0000 -0.0000 0.0000 0.0000 -0.0000 -0.0009 0.0000 -29.9996 0.0002 0.0001 29.9996 -0.0003 0.0001 -0.0000 0.0000 0.0000 -179.8777 -1.8838 -4.0599 0.0828 -3.9042 0.0016 24.1839 68.3554 -26.0306 -0.0000 25.3510 0.0000 -179.2426 0.4724 -4.8057 -0.0833 -6.6727 -0.0088 -13.8020 70.5664 15.7279 -0.0001 25.3508 0.0000
6.9473 96.4542 -15.5492 0.0873 0.1028 -5.5395 0.1459 0.1607 1.0142 0.1459 0.1607 1.0143 0.1463 0.1612 1.0173 -90.0000 -14.1744 90.0000 -15.3807 87.9613 26.3251 5.1147 0.1051 -2.1659 -0.3005 0.3018 -0.0128 0.0001 0.0000 0.0000 -0.0000 0.0000 0.0000 -0.0008 -0.0013 -0.0000 0.0001 -0.0004 0.0000 -0.0000 0.0000 0.0000 -0.0000 0.0000 0.0000 -0.0000 0.0002 0.0000 0.0003 -0.0006 0.0000 -0.0006 0.0004 0.0000 0.0001 0.0000 0.0000 -0.0000 0.0000 0.0000 -0.0002 -0.0010 -0.0000 30.0001 0.0003 -0.0002 -29.9998 0.0005 0.0002 -0.0000 0.0000 0.0000 0.3904 3.1302 1.4346 0.3904 3.1302 1.4346 90.0000 -19.6052 -90.0000 44.0669 86.5107 -54.2185 -4.8890 0.8937 3.9391 0.3192 0.2798 0.0136 0.0001 -0.0001 0.0000 -0.0000 0.0000 0.0000 0.0003 -0.0006 0.0000 0.0001 -0.0001 0.0000 -0.0000 0.0000 0.0000 -0.0000 0.0000 0.0000 0.0001 0.0007 -0.0000 0.0001 -0.0012 0.0000 0.0003 -0.0008 0.0000 -0.0000 0.0001 0.0000 -0.0000 0.0000 0.0000 -0.0000 -0.0009 0.0000 -29.9997 0.0002 0.0001 29.9996 -0.0003 0.0001 -0.0000 0.0000 0.0000 -179.8491 -1.7646 -4.0679 0.0828 -4.1353 0.0014 24.2716 68.4632 -26.1374 -0.0000 25.3510 0.0000 -179.2203 0.5043 -4.8005 -0.0833 -6.7290 -0.0090 -13.8164 70.5935 15.7378 -0.0001 25.3508 0.0000
6.9352 96.4460 -15.5465 0.0667 0.1136 -5.5399 0.1511 0.1607 1.0142 0.1511 0.1608 1.0142 0.1516 0.1612 1.0172 -90.0000 -14.1750 90.0000 -15.3969 87.9575 26.3523 5.1158 0.1095 -2.1655 -0.3004 0.3019 -0.0128 0.0001 0.0000 0.0000 -0.0000 0.0000 0.0000 -0.0008 -0.0013 -0.0000 0.0001 -0.0004 0.0000 -0.0000 0.0000 0.0000 -0.0000 0.0000 0.0000 -0.0000 0.0002 0.0000 0.0003 -0.0006 0.0000 -0.0006 0.0004 0.0000 0.0001 0.0000 0.0000 -0.0000 0.0000 0.0000 -0.0002 -0.0010 -0.0000 30.0001 0.0002 -0.0001 -29.9998 0.0005 0.0002 -0.0000 0.0000 0.0000 0.3987 3.1218 1.4276 0.3987 3.1218 1.4276 90.0000 -19.5998 -90.0000 44.0586 86.5155 -54.2035 -4.8821 0.8900 3.9298 0.3193 0.2798 0.0136 0.0001 -0.0001 0.0000 -0.0000 0.0000 0.0000 0.0003 -0.0006 0.0000 0.0001 -0.0001 0.0000 -0.0000 0.0000 0.0000 -0.0000 0.0000 0.0000 0.0001 0.0007 -0.0000 0.0001 -0.0012 0.0000 0.0003 -0.0008 0.0000 -0.0000 0.0001 0.0000 -0.0000 0.0000 0.0000 -0.0000 -0.0009 0.0000 -29.9996 0.0002 0.0001 29.9996 -0.0003 0.0001 -0.0000 0.0000 0.0000 -179.8071 -1.5880 -4.0810 0.0828 -4.4780 0.0011 24.3947 68.6268 -26.2929 -0.0000 25.3510 0.0000 -179.1890 0.5470 -4.7888 -0.0833 -6.8014 -0.0093 -13.8184 70.6301 15.7333 -0.0001 25.3508 0.0000
6.9210 96.4365 -15.5449 0.0440 0.1287 -5.5420 0.1559 0.1587 1.0151 0.1559 0.1588 1.0152 0.1564 0.1592 1.0182 -90.0000 -14.1763 90.0000 -15.3390 87.9501 26.3062 5.1179 0.1133 -2.1672 -0.3009 0.3027 -0.0128 0.0001 0.0000 0.0000 -0.0000 0.0000 0.0000 -0.0008 -0.0013 -0.0000 0.0001 -0.0004 0.0000 -0.0000 0.0000 0.0000 -0.0000 0.0000 0.0000 -0.0000 0.0002 0.0000 0.0003 -0.0006 0.0000 -0.0006 0.0004 0.0000 0.0001 0.0000 0.0000 -0.0000 0.0000 0.0000 -0.0002 -0.0010 -0.0000 30.0001 0.0003 -0.0002 -29.9998 0.0005 0.0002 -0.0000 0.0000 0.0000 0.4081 3.1176 1.4208 0.4081 3.1176 1.4208 90.0000 -19.5925 -90.0000 44.0999 86.5202 -54.2361 -4.8741 0.8848 3.9188 0.3193 0.2797 0.0136 0.0001 -0.0001 0.0000 -0.0000 0.0000 0.0000 0.0003 -0.0006 0.0000 0.0001 -0.0001 0.0000 -0.0000 0.0000 0.0000 -0.0000 0.0000 0.0000 0.0001 0.0007 -0.0000 0.0001 -0.0012 0.0000 0.0003 -0.0008 0.0000 -0.0000 0.0001 0.0000 -0.0000 0.0000 0.0000 -0.0000 -0.0009 0.0000 -29.9996 0.0002 0.0001 29.9996 -0.0003 0.0001 -0.0000 0.0000 0.0000 -179.7570 -1.3730 -4.0975 0.0828 -4.8895 0.0008 24.5333 68.8239 -26.4770 -0.0000 25.3510 0.0000 -179.1532 0.6055 -4.7718 -0.0833 -6.8962 -0.0092 -13.8144 70.6765 15.7200 -0.0001 25.3508 0.0000
6.9068 96.4252 -15.5463 0.0207 0.1476 -5.5472 0.1604 0.1551 1.0176 0.1604 0.1551 1.0177 0.1609 0.1556 1.0207 -90.0000 -14.1778 90.0000 -15.2924 87.9410 26.2713 5.1201 0.1153 -2.1709 -0.3001 0.3022 -0.0128 0.0001 0.0000 0.0000 -0.0000 0.0000 0.0000 -0.0008 -0.0013 -0.0000 0.0001 -0.0004 0.0000 -0.0000 0.0000 0.0000 -0.0000 0.0000 0.0000 -0.0000 0.0002 0.0000 0.0003 -0.0006 0.0000 -0.0006 0.0004 0.0000 0.0001 0.0000 0.0000 -0.0000 0.0000 0.0000 -0.0002 -0.0010 -0.0000 30.0001 0.0002 -0.0001 -29.9998 0.0005 0.0002 -0.0000 0.0000 0.0000 0.4172 3.1169 1.4145 0.4172 3.1169 1.4145 90.0000 -19.5841 -90.0000 44.1935 86.5242 -54.3210 -4.8656 0.8786 3.9068 0.3186 0.2791 0.0135 0.0001 -0.0001 0.0000 -0.0000 0.0000 0.0000 0.0003 -0.0006 0.0000 0.0001 -0.0001 0.0000 -0.0000 0.0000 0.0000 -0.0000 0.0000 0.0000 0.0001 0.0007 -0.0000 0.0001 -0.0012 0.0000 0.0003 -0.0008 0.0000 -0.0000 0.0001 0.0000 -0.0000 0.0000 0.0000 -0.0000 -0.0009 0.0000 -29.9996 0.0002 0.0001 29.9996 -0.0003 0.0001 -0.0000 0.0000 0.0000 -179.7041 -1.1607 -4.1183 0.0828 -5.2856 0.0006 24.6485 69.0133 -26.6449 -0.0000 25.3510 0.0000 -179.1165 0.6716 -4.7529 -0.0833 -6.9939 -0.0092 -13.7993 70.7217 15.6933 -0.0001 25.3508 0.0000
6.8956 96.4174 -15.5544 -0.0037 0.1709 -5.5575 0.1646 0.1503 1.0222 0.1647 0.1503 1.0223 0.1651 0.1507 1.0253 -90.0000 -14.1775 90.0000 -15.1307 87.9304 26.1173 5.1205 0.1153 -2.1745 -0.2999 0.3024 -0.0128 0.0001 0.0000 0.0000 -0.0000 0.0000 0.0000 -0.0008 -0.0013 -0.0000 0.0001 -0.0004 0.0000 -0.0000 0.0000 0.0000 -0.0000 0.0000 0.0000 -0.0000 0.0002 0.0000 0.0003 -0.0006 0.0000 -0.0006 0.0004 0.0000 0.0001 0.0000 0.0000 -0.0000 0.0000 0.0000 -0.0002 -0.0010 -0.0000 30.0001 0.0002 -0.0001 -29.9998 0.0005 0.0002 -0.0000 0.0000 0.0000 0.4225 3.1187 1.4102 0.4225 3.1187 1.4102 90.0000 -19.5751 -90.0000 44.2969 86.5264 -54.4187 -4.8567 0.8721 3.8932 0.3186 0.2792 0.0135 0.0001 -0.0001 0.0000 -0.0000 0.0000 0.0000 0.0003 -0.0006 0.0000 0.0001 -0.0001 0.0000 -0.0000 0.0000 0.0000 -0.0000 0.0000 0.0000 0.0001 0.0007 -0.0000 0.0001 -0.0012 0.0000 0.0003 -0.0008 0.0000 -0.0000 0.0001 0.0000 -0.0000 0.0000 0.0000 -0.0000 -0.0009 0.0000 -29.9997 0.0002 0.0001 29.9996 -0.0003 0.0001 -0.0000 0.0000 0.0000 -179.6517 -0.9656 -4.1425 0.0828 -5.6299 0.0003 24.7201 69.1744 -26.7720 -0.0000 25.3510 0.0000 -179.0789 0.7589 -4.7340 -0.0833 -7.1152 -0.0092 -13.7775 70.7725 15.6593 -0.0001 25.3508 0.0000
6.8869 96.4086 -15.5667 -0.0284 0.1972 -5.5702 0.1690 0.1454 1.0283 0.1690 0.1454 1.0284 0.1695 0.1458 1.0314 -90.0000 -14.1750 90.0000 -14.8444 87.9203 25.8358 5.1192 0.1125 -2.1775 -0.3004 0.3032 -0.0128 0.0001 0.0000 0.0000 -0.0000 0.0000 0.0000 -0.0008 -0.0013 -0.0000 0.0001 -0.0004 0.0000 -0.0000 0.0000 0.0000 -0.0000 0.0000 0.0000 -0.0000 0.0002 0.0000 0.0003 -0.0006 0.0000 -0.0006 0.0004 0.0000 0.0001 0.0000 0.0000 -0.0000 0.0000 0.0000 -0.0002 -0.0010 -0.0000 30.0001 0.0002 -0.0001 -29.9998 0.0005 0.0002 -0.0000 0.0000 0.0000 0.4238 3.1199 1.4080 0.4238 3.1199 1.4080 90.0000 -19.5666 -90.0000 44.4360 86.5264 -54.5526 -4.8489 0.8675 3.8782 0.3182 0.2789 0.0135 0.0001 -0.0001 0.0000 -0.0000 0.0000 0.0000 0.0003 -0.0006 0.0000 0.0001 -0.0001 0.0000 -0.0000 0.0000 0.0000 -0.0000 0.0000 0.0000 0.0001 0.0007 -0.0000 0.0001 -0.0012 0.0000 0.0003 -0.0008 0.0000 -0.0000 0.0001 0.0000 -0.0000 0.0000 0.0000 -0.0000 -0.0009 0.0000 -29.9996 0.0002 0.0001 29.9996 -0.0003 0.0001 -0.0000 0.0000 0.0000 -179.6004 -0.7642 -4.1633 0.0827 -5.9749 -0.0004 24.7896 69.3326 -26.8968 -0.0000 25.3510 0.0000 -179.0406 0.8651 -4.7175 -0.0833 -7.2621 -0.0095 -13.7617 70.8312 15.6310 -0.0001 25.3508 0.0000
6.8773 96.3967 -15.5804 -0.0546 0.2268 -5.5855 0.1736 0.1407 1.0361 0.1736 0.1408 1.0362 0.1741 0.1412 1.0393 -90.0000 -14.1702 90.0000 -14.4639 87.9100 25.4604 5.1176 0.1070 -2.1795 -0.3003 0.3033 -0.0128 0.0001 0.0000 0.0000 -0.0000 0.0000 0.0000 -0.0008 -0.0013 -0.0000 0.0001 -0.0004 0.0000 -0.0000 0.0000 0.0000 -0.0000 0.0000 0.0000 -0.0000 0.0002 0.0000 0.0003 -0.0006 0.0000 -0.0006 0.0004 0.0000 0.0001 0.0000 0.0000 -0.0000 0.0000 0.0000 -0.0002 -0.0010 -0.0000 30.0001 0.0002 -0.0001 -29.9998 0.0005 0.0002 -0.0000 0.0000 0.0000 0.4206 3.1187 1.4080 0.4206 3.1187 1.4080 90.0000 -19.5587 -90.0000 44.5914 86.5257 -54.7020 -4.8430 0.8661 3.8631 0.3182 0.2789 0.0135 0.0001 -0.0001 0.0000 -0.0000 0.0000 0.0000 0.0003 -0.0006 0.0000 0.0001 -0.0001 0.0000 -0.0000 0.0000 0.0000 -0.0000 0.0000 0.0000 0.0001 0.0007 -0.0000 0.0001 -0.0012 0.0000 0.0003 -0.0008 0.0000 -0.0000 0.0001 0.0000 -0.0000 0.0000 0.0000 -0.0000 -0.0009 0.0000 -29.9996 0.0002 0.0001 29.9996 -0.0003 0.0001 -0.0000 0.0000 0.0000 -179.5453 -0.5347 -4.1804 0.0827 -6.3686 -0.0014 24.8895 69.5125 -27.0544 -0.0000 25.3510 0.0000 -178.9984 0.9908 -4.7046 -0.0834 -7.4398 -0.0097 -13.7554 70.9028 15.6106 -0.0001 25.3508 0.0000
6.8620 96.3807 -15.5936 -0.0857 0.2615 -5.6053 0.1792 0.1374 1.0468 0.1792 0.1375 1.0469 0.1797 0.1379 1.0500 -90.0000 -14.1631 90.0000 -13.8514 87.8954 24.8582 5.1164 0.0995 -2.1807 -0.3005 0.3038 -0.0128 0.0001 0.0000 0.0000 -0.0000 0.0000 0.0000 -0.0008 -0.0013 -0.0000 0.0001 -0.0004 0.0000 -0.0000 0.0000 0.0000 -0.0000 0.0000 0.0000 -0.0000 0.0002 0.0000 0.0003 -0.0006 0.0000 -0.0006 0.0004 0.0000 0.0001 0.0000 0.0000 -0.0000 0.0000 0.0000 -0.0002 -0.0010 -0.0000 30.0001 0.0002 -0.0001 -29.9998 0.0005 0.0002 -0.0000 0.0000 0.0000 0.4134 3.1121 1.4121 0.4133 3.1122 1.4121 90.0000 -19.5493 -90.0000 44.7646 86.5256 -54.8694 -4.8404 0.8707 3.8495 0.3183 0.2788 0.0135 0.0001 -0.0001 0.0000 -0.0000 0.0000 0.0000 0.0003 -0.0006 0.0000 0.0001 -0.0001 0.0000 -0.0000 0.0000 0.0000 -0.0000 0.0000 0.0000 0.0001 0.0007 -0.0000 0.0001 -0.0012 0.0000 0.0003 -0.0008 0.0000 -0.0000 0.0001 0.0000 -0.0000 0.0000 0.0000 -0.0000 -0.0009 0.0000 -29.9996 0.0002 0.0001 29.9996 -0.0003 0.0001 -0.0000 0.0000 0.0000 -179.4769 -0.2575 -4.1926 0.0826 -6.8521 -0.0024 25.0381 69.7369 -27.2709 -0.0000 25.3510 0.0000 -178.9454 1.1391 -4.6976 -0.0833 -7.6546 -0.0094 -13.7611 70.9924 15.5977 -0.0001 25.3508 0.0000
6.8441 96.3609 -15.6088 -0.1203 0.2994 -5.6255 0.1854 0.1363 1.0586 0.1855 0.1365 1.0587 0.1860 0.1369 1.0618 -90.0000 -14.1562 90.0000 -12.9909 87.8752 24.0146 5.1165 0.0939 -2.1838 -0.3010 0.3046 -0.0129 0.0001 0.0000 0.0000 -0.0000 0.0000 0.0000 -0.0008 -0.0013 -0.0000 0.0001 -0.0004 0.0000 -0.0000 0.0000 0.0000 -0.0000 0.0000 0.0000 -0.0000 0.0002 0.0000 0.0003 -0.0006 0.0000 -0.0006 0.0004 0.0000 0.0001 0.0000 0.0000 -0.0000 0.0000 0.0000 -0.0002 -0.0010 -0.0000 30.0001 0.0002 -0.0001 -29.9998 0.0005 0.0002 -0.0000 0.0000 0.0000 0.4052 3.1014 1.4194 0.4052 3.1014 1.4194 90.0000 -19.5372 -90.0000 44.9472 86.5284 -55.0488 -4.8400 0.8797 3.8355 0.3177 0.2781 0.0135 0.0001 -0.0001 0.0000 -0.0000 0.0000 0.0000 0.0003 -0.0006 0.0000 0.0001 -0.0001 0.0000 -0.0000 0.0000 0.0000 -0.0000 0.0000 0.0000 0.0001 0.0007 -0.0000 0.0001 -0.0012 0.0000 0.0003 -0.0008 0.0000 -0.0000 0.0001 0.0000 -0.0000 0.0000 0.0000 -0.0000 -0.0009 0.0000 -29.9996 0.0002 0.0001 29.9996 -0.0003 0.0001 -0.0000 0.0000 0.0000 -179.3992 0.0318 -4.2014 0.0826 -7.3540 -0.0032 25.1805 69.9758 -27.4891 -0.0000 25.3510 0.0000 -178.8858 1.3004 -4.6937 -0.0833 -7.8885 -0.0090 -13.7723 71.0920 15.5877 -0.0001 25.3508 0.0000
6.8256 96.3404 -15.6280 -0.1552 0.3387 -5.6438 0.1916 0.1379 1.0704 0.1916 0.1380 1.0705 0.1921 0.1383 1.0736 -90.0000 -14.1501 90.0000 -11.9523 87.8497 22.9986 5.1181 0.0914 -2.1887 -0.3012 0.3050 -0.0129 0.0001 0.0000 0.0000 -0.0000 0.0000 0.0000 -0.0008 -0.0013 -0.0000 0.0001 -0.0004 0.0000 -0.0000 0.0000 0.0000 -0.0000 0.0000 0.0000 -0.0000 0.0002 0.0000 0.0003 -0.0006 0.0000 -0.0006 0.0004 0.0000 0.0001 0.0000 0.0000 -0.0000 0.0000 0.0000 -0.0002 -0.0010 -0.0000 30.0001 0.0002 -0.0001 -29.9998 0.0005 0.0002 -0.0000 0.0000 0.0000 0.3963 3.0877 1.4296 0.3963 3.0877 1.4296 90.0000 -19.5234 -90.0000 45.0863 86.5351 -55.1895 -4.8420 0.8924 3.8199 0.3178 0.2779 0.0135 0.0001 -0.0001 0.0000 -0.0000 0.0000 0.0000 0.0003 -0.0006 0.0000 0.0001 -0.0001 0.0000 -0.0000 0.0000 0.0000 -0.0000 0.0000 0.0000 0.0001 0.0007 -0.0000 0.0001 -0.0012 0.0000 0.0003 -0.0008 0.0000 -0.0000 0.0001 0.0000 -0.0000 0.0000 0.0000 -0.0000 -0.0009 0.0000 -29.9996 0.0002 0.0001 29.9996 -0.0003 0.0001 -0.0000 0.0000 0.0000 -179.3180 0.3171 -4.2105 0.0825 -7.8407 -0.0044 25.2871 70.2137 -27.6768 -0.0000 25.3510 0.0000 -178.8239 1.4760 -4.6907 -0.0834 -8.1440 -0.0084 -13.7918 71.2015 15.5845 -0.0001 25.3508 0.0000
6.8072 96.3188 -15.6560 -0.1859 0.3765 -5.6583 0.1967 0.1446 1.0820 0.1968 0.1446 1.0821 0.1973 0.1451 1.0853 -90.0000 -14.1443 90.0000 -10.6601 87.8170 21.7320 5.1226 0.0937 -2.1926 -0.3018 0.3057 -0.0129 0.0001 0.0000 0.0000 -0.0000 0.0000 0.0000 -0.0008 -0.0013 -0.0000 0.0001 -0.0004 0.0000 -0.0000 0.0000 0.0000 -0.0000 0.0000 0.0000 -0.0000 0.0002 0.0000 0.0003 -0.0006 0.0000 -0.0006 0.0004 0.0000 0.0001 0.0000 0.0000 -0.0000 0.0000 0.0000 -0.0002 -0.0010 -0.0000 30.0001 0.0002 -0.0001 -29.9998 0.0005 0.0002 -0.0000 0.0000 0.0000 0.3857 3.0712 1.4431 0.3857 3.0712 1.4431 90.0000 -19.5091 -90.0000 45.1265 86.5482 -55.2433 -4.8459 0.9100 3.8040 0.3187 0.2783 0.0136 0.0001 -0.0001 0.0000 -0.0000 0.0000 0.0000 0.0003 -0.0006 0.0000 0.0001 -0.0001 0.0000 -0.0000 0.0000 0.0000 -0.0000 0.0000 0.0000 0.0001 0.0007 -0.0000 0.0001 -0.0012 0.0000 0.0003 -0.0008 0.0000 -0.0000 0.0001 0.0000 -0.0000 0.0000 0.0000 -0.0000 -0.0009 0.0000 -29.9997 0.0002 0.0001 29.9996 -0.0003 0.0001 -0.0000 0.0000 0.0000 -179.2397 0.5780 -4.2249 0.0824 -8.2697 -0.0058 25.3169 70.4317 -27.7912 -0.0000 25.3510 0.0000 -178.7640 1.6735 -4.6857 -0.0833 -8.4363 -0.0082 -13.8196 71.3275 15.5874 -0.0001 25.3508 0.0000
6.7853 96.2971 -15.6920 -0.2109 0.4072 -5.6681 0.2007 0.1575 1.0928 0.2007 0.1575 1.0929 0.2013 0.1580 1.0960 -90.0000 -14.1383 90.0000 -9.2426 87.7805 20.3368 5.1306 0.0983 -2.1946 -0.3028 0.3066 -0.0130 0.0001 0.0000 0.0000 -0.0000 0.0000 0.0000 -0.0008 -0.0013 -0.0000 0.0001 -0.0004 0.0000 -0.0000 0.0000 0.0000 -0.0000 0.0000 0.0000 -0.0000 0.0002 0.0000 0.0003 -0.0006 0.0000 -0.0006 0.0004 0.0000 0.0001 0.0000 0.0000 -0.0000 0.0000 0.0000 -0.0002 -0.0010 -0.0000 30.0001 0.0002 -0.0001 -29.9998 0.0005 0.0002 -0.0000 0.0000 0.0000 0.3741 3.0535 1.4577 0.3741 3.0535 1.4577 90.0000 -19.4961 -90.0000 45.0945 86.5664 -55.2397 -4.8489 0.9297 3.7890 0.3188 0.2782 0.0136 0.0001 -0.0001 0.0000 -0.0000 0.0000 0.0000 0.0003 -0.0006 0.0000 0.0001 -0.0001 0.0000 -0.0000 0.0000 0.0000 -0.0000 0.0000 0.0000 0.0001 0.0007 -0.0000 0.0001 -0.0012 0.0000 0.0003 -0.0008 0.0000 -0.0000 0.0001 0.0000 -0.0000 0.0000 0.0000 -0.0000 -0.0008 0.0000 -29.9996 0.0002 0.0001 29.9996 -0.0003 0.0001 -0.0000 0.0000 0.0000 -179.1678 0.8150 -4.2355 0.0823 -8.6525 -0.0063 25.3245 70.6231 -27.8841 -0.0000 25.3510 0.0000 -178.7061 1.8852 -4.6782 -0.0834 -8.7615 -0.0082 -13.8651 71.4663 15.6050 -0.0001 25.3508 0.0000
6.7582 96.2754 -15.7366 -0.2305 0.4310 -5.6734 0.2040 0.1767 1.1030 0.2040 0.1768 1.1031 0.2046 0.1773 1.1063 -90.0000 -14.1302 90.0000 -7.7714 87.7440 18.8851 5.1403 0.1029 -2.1978 -0.3036 0.3071 -0.0131 0.0001 0.0000 0.0000 -0.0000 0.0000 0.0000 -0.0008 -0.0013 -0.0000 0.0001 -0.0004 0.0000 -0.0000 0.0000 0.0000 -0.0000 0.0000 0.0000 -0.0000 0.0002 0.0000 0.0003 -0.0006 0.0000 -0.0006 0.0004 0.0000 0.0001 0.0000 0.0000 -0.0000 0.0000 0.0000 -0.0002 -0.0010 -0.0000 30.0001 0.0002 -0.0001 -29.9998 0.0005 0.0002 -0.0000 0.0000 0.0000 0.3617 3.0350 1.4714 0.3617 3.0350 1.4714 90.0000 -19.4885 -90.0000 44.9892 86.5895 -55.1760 -4.8504 0.9503 3.7747 0.3193 0.2783 0.0136 0.0001 -0.0001 0.0000 -0.0000 0.0000 0.0000 0.0003 -0.0006 0.0000 0.0001 -0.0001 0.0000 -0.0000 0.0000 0.0000 -0.0000 0.0000 0.0000 0.0001 0.0007 -0.0000 0.0001 -0.0012 0.0000 0.0003 -0.0008 0.0000 -0.0000 0.0001 0.0000 -0.0000 0.0000 0.0000 -0.0000 -0.0008 0.0000 -29.9997 0.0002 0.0001 29.9996 -0.0003 0.0001 -0.0000 0.0000 0.0000 -179.1015 1.0401 -4.2395 0.0824 -9.0131 -0.0058 25.3434 70.7941 -27.9862 -0.0000 25.3510 0.0000 -178.6496 2.1022 -4.6703 -0.0833 -9.1010 -0.0078 -13.9268 71.6077 15.6352 -0.0001 25.3508 0.0000
6.7239 96.2543 -15.7964 -0.2412 0.4457 -5.6716 0.2071 0.2040 1.1131 0.2072 0.2041 1.1132 0.2078 0.2046 1.1165 -90.0000 -14.1149 90.0000 -6.2414 87.7067 17.3666 5.1523 0.1102 -2.2023 -0.3049 0.3077 -0.0132 0.0001 0.0000 0.0000 -0.0000 0.0000 0.0000 -0.0008 -0.0013 -0.0000 0.0001 -0.0004 0.0000 -0.0000 0.0000 0.0000 -0.0000 0.0000 0.0000 -0.0000 0.0002 0.0000 0.0003 -0.0006 0.0000 -0.0006 0.0004 0.0000 0.0001 0.0000 0.0000 -0.0000 0.0000 0.0000 -0.0002 -0.0010 -0.0000 30.0001 0.0002 -0.0001 -29.9998 0.0005 0.0002 -0.0000 0.0000 0.0000 0.3442 3.0183 1.4825 0.3442 3.0183 1.4825 90.0000 -19.4921 -90.0000 44.7891 86.6159 -55.0331 -4.8505 0.9718 3.7623 0.3201 0.2788 0.0137 0.0001 -0.0001 0.0000 -0.0000 0.0000 0.0000 0.0003 -0.0006 0.0000 0.0001 -0.0001 0.0000 -0.0000 0.0000 0.0000 -0.0000 0.0000 0.0000 0.0001 0.0007 -0.0000 0.0001 -0.0012 0.0000 0.0003 -0.0008 0.0000 -0.0000 0.0001 0.0000 -0.0000 0.0000 0.0000 -0.0000 -0.0009 0.0000 -29.9996 0.0002 0.0001 29.9996 -0.0003 0.0001 -0.0000 0.0000 0.0000 -179.0436 1.2697 -4.2420 0.0824 -9.3779 -0.0047 25.3873 70.9492 -28.1017 -0.0000 25.3510 0.0000 -178.5969 2.3198 -4.6636 -0.0833 -9.4401 -0.0072 -14.0037 71.7392 15.6756 -0.0001 25.3508 0.0000
6.6856 96.2328 -15.8682 -0.2450 0.4583 -5.6648 0.2108 0.2351 1.1238 0.2108 0.2351 1.1239 0.2114 0.2358 1.1272 -90.0000 -14.0923 90.0000 -4.7184 87.6709 15.8478 5.1645 0.1192 -2.2059 -0.3063 0.3082 -0.0132 0.0001 0.0000 0.0000 -0.0000 0.0000 0.0000 -0.0008 -0.0013 -0.0000 0.0001 -0.0004 0.0000 -0.0000 0.0000 0.0000 -0.0000 0.0000 0.0000 -0.0000 0.0002 0.0000 0.0003 -0.0006 0.0000 -0.0006 0.0004 0.0000 0.0001 0.0000 0.0000 -0.0000 0.0000 0.0000 -0.0002 -0.0010 -0.0000 30.0001 0.0002 -0.0001 -29.9998 0.0005 0.0002 -0.0000 0.0000 0.0000 0.3209 3.0076 1.4911 0.3209 3.0076 1.4911 90.0000 -19.5046 -90.0000 44.4970 86.6406 -54.8066 -4.8503 0.9949 3.7529 0.3208 0.2794 0.0138 0.0001 -0.0001 0.0000 -0.0000 0.0000 0.0000 0.0003 -0.0006 0.0000 0.0001 -0.0001 0.0000 -0.0000 0.0000 0.0000 -0.0000 0.0000 0.0000 0.0001 0.0007 -0.0000 0.0001 -0.0012 0.0000 0.0003 -0.0008 0.0000 -0.0000 0.0001 0.0000 -0.0000 0.0000 0.0000 -0.0000 -0.0009 0.0000 -29.9996 0.0002 0.0001 29.9996 -0.0003 0.0001 -0.0000 0.0000 0.0000 -178.9915 1.5159 -4.2483 0.0824 -9.7621 -0.0041 25.4454 71.0999 -28.2184 -0.0000 25.3510 0.0000 -178.5478 2.5440 -4.6544 -0.0833 -9.7812 -0.0069 -14.0842 71.8638 15.7172 -0.0001 25.3508 0.0000
6.6424 96.2109 -15.9458 -0.2435 0.4714 -5.6530 0.2152 0.2680 1.1350 0.2152 0.2681 1.1351 0.2158 0.2688 1.1384 -90.0000 -14.0647 90.0000 -3.2302 87.6368 14.3599 5.1762 0.1290 -2.2101 -0.3075 0.3083 -0.0132 0.0001 0.0000 0.0000 -0.0000 0.0000 0.0000 -0.0008 -0.0013 -0.0000 0.0001 -0.0004 0.0000 -0.0000 0.0000 0.0000 -0.0000 0.0000 0.0000 -0.0000 0.0002 0.0000 0.0003 -0.0006 0.0000 -0.0006 0.0004 0.0000 0.0001 0.0000 0.0000 -0.0000 0.0000 0.0000 -0.0002 -0.0010 -0.0000 30.0001 0.0002 -0.0001 -29.9998 0.0005 0.0002 -0.0000 0.0000 0.0000 0.2943 3.0045 1.4984 0.2943 3.0045 1.4984 90.0000 -19.5227 -90.0000 44.1202 86.6639 -54.4981 -4.8502 1.0191 3.7449 0.3219 0.2802 0.0139 0.0001 -0.0001 0.0000 -0.0000 0.0000 0.0000 0.0003 -0.0006 0.0000 0.0001 -0.0001 0.0000 -0.0000 0.0000 0.0000 -0.0000 0.0000 0.0000 0.0001 0.0007 -0.0000 0.0001 -0.0012 0.0000 0.0003 -0.0008 0.0000 -0.0000 0.0001 0.0000 -0.0000 0.0000 0.0000 -0.0000 -0.0008 0.0000 -29.9997 0.0002 0.0001 29.9996 -0.0003 0.0001 -0.0000 0.0000 0.0000 -178.9419 1.7736 -4.2577 0.0824 -10.1581 -0.0037 25.5058 71.2465 -28.3291 -0.0000 25.3510 0.0000 -178.5001 2.7768 -4.6443 -0.0833 -10.1313 -0.0063 -14.1706 71.9873 15.7631 -0.0001 25.3508 0.0000
6.5930 96.1886 -16.0243 -0.2336 0.4897 -5.6321 0.2205 0.3015 1.1463 0.2205 0.3016 1.1465 0.2212 0.3024 1.1498 -90.0000 -14.0327 90.0000 -1.8371 87.6062 12.9669 5.1853 0.1397 -2.2190 -0.3084 0.3080 -0.0132 0.0001 0.0000 0.0000 -0.0000 0.0000 0.0000 -0.0008 -0.0013 -0.0000 0.0001 -0.0004 0.0000 -0.0000 0.0000 0.0000 -0.0000 0.0000 0.0000 -0.0000 0.0002 0.0000 0.0003 -0.0006 0.0000 -0.0006 0.0004 0.0000 0.0001 0.0000 0.0000 -0.0000 0.0000 0.0000 -0.0002 -0.0010 -0.0000 30.0001 0.0002 -0.0001 -29.9998 0.0005 0.0002 -0.0000 0.0000 0.0000 0.2651 3.0131 1.5054 0.2651 3.0131 1.5054 90.0000 -19.5473 -90.0000 43.6683 86.6842 -54.1128 -4.8510 1.0436 3.7349 0.3223 0.2804 0.0139 0.0001 -0.0001 0.0000 -0.0000 0.0000 0.0000 0.0003 -0.0006 0.0000 0.0001 -0.0001 0.0000 -0.0000 0.0000 0.0000 -0.0000 0.0000 0.0000 0.0001 0.0007 -0.0000 0.0001 -0.0012 0.0000 0.0003 -0.0008 0.0000 -0.0000 0.0001 0.0000 -0.0000 0.0000 0.0000 -0.0000 -0.0009 0.0000 -29.9996 0.0002 0.0001 29.9996 -0.0003 0.0001 -0.0000 0.0000 0.0000 -178.8953 2.0387 -4.2794 0.0823 -10.5527 -0.0045 25.5157 71.3892 -28.3784 -0.0000 25.3510 0.0000 -178.4550 3.0231 -4.6376 -0.0831 -10.4978 -0.0037 -14.2761 72.1154 15.8289 -0.0001 25.3508 0.0000
6.5462 96.1668 -16.1037 -0.2126 0.5128 -5.6018 0.2260 0.3347 1.1574 0.2261 0.3348 1.1575 0.2266 0.3358 1.1609 -90.0000 -13.9994 90.0000 -0.5767 87.5774 11.7088 5.1924 0.1541 -2.2333 -0.3099 0.3084 -0.0133 0.0001 0.0000 0.0000 -0.0000 0.0000 0.0000 -0.0008 -0.0013 -0.0000 0.0001 -0.0004 0.0000 -0.0000 0.0000 0.0000 -0.0000 0.0000 0.0000 -0.0000 0.0002 0.0000 0.0003 -0.0006 0.0000 -0.0006 0.0004 0.0000 0.0001 0.0000 0.0000 -0.0000 0.0000 0.0000 -0.0002 -0.0010 -0.0000 30.0001 0.0002 -0.0001 -29.9998 0.0005 0.0002 -0.0000 0.0000 0.0000 0.2340 3.0272 1.5143 0.2340 3.0272 1.5143 90.0000 -19.5762 -90.0000 43.1084 86.7010 -53.6157 -4.8529 1.0670 3.7207 0.3233 0.2814 0.0141 0.0001 -0.0001 0.0000 -0.0000 0.0000 0.0000 0.0003 -0.0006 0.0000 0.0001 -0.0001 0.0000 -0.0000 0.0000 0.0000 -0.0000 0.0000 0.0000 0.0001 0.0007 -0.0000 0.0001 -0.0012 0.0000 0.0003 -0.0008 0.0000 -0.0000 0.0001 0.0000 -0.0000 0.0000 0.0000 -0.0000 -0.0008 0.0000 -29.9996 0.0002 0.0001 29.9996 -0.0003 0.0001 -0.0000 0.0000 0.0000 -178.8587 2.3024 -4.3205 0.0820 -10.9281 -0.0080 25.4293 71.5261 -28.3194 -0.0000 25.3510 0.0000 -178.4213 3.2710 -4.6423 -0.0827 -10.8552 0.0005 -14.4145 72.2347 15.9341 -0.0001 25.3508 0.0000
6.5109 96.1483 -16.1904 -0.1824 0.5385 -5.5626 0.2320 0.3682 1.1671 0.2321 0.3683 1.1672 0.2328 0.3693 1.1706 -90.0000 -13.9652 90.0000 0.5376 87.5514 10.5959 5.2003 0.1727 -2.2520 -0.3118 0.3091 -0.0135 0.0001 0.0000 0.0000 -0.0000 0.0000 0.0000 -0.0008 -0.0013 -0.0000 0.0001 -0.0004 0.0000 -0.0000 0.0000 0.0000 -0.0000 0.0000 0.0000 -0.0000 0.0002 0.0000 0.0003 -0.0006 0.0000 -0.0006 0.0004 0.0000 0.0001 0.0000 0.0000 -0.0000 0.0000 0.0000 -0.0002 -0.0010 -0.0000 30.0001 0.0002 -0.0001 -29.9998 0.0005 0.0002 -0.0000 0.0000 0.0000 0.2003 3.0419 1.5270 0.2003 3.0419 1.5270 90.0000 -19.6076 -90.0000 42.4337 86.7138 -52.9998 -4.8558 1.0903 3.7034 0.3250 0.2829 0.0142 0.0001 -0.0001 0.0000 -0.0000 0.0000 0.0000 0.0003 -0.0006 0.0000 0.0001 -0.0001 0.0000 -0.0000 0.0000 0.0000 -0.0000 0.0000 0.0000 0.0001 0.0007 -0.0000 0.0001 -0.0012 0.0000 0.0003 -0.0008 0.0000 -0.0000 0.0001 0.0000 -0.0000 0.0000 0.0000 -0.0000 -0.0009 0.0000 -29.9996 0.0002 0.0001 29.9996 -0.0003 0.0001 -0.0000 0.0000 0.0000 -178.8367 2.5680 -4.3730 0.0812 -11.2867 -0.0156 25.2598 71.6492 -28.1653 -0.0000 25.3510 0.0000 -178.4032 3.5216 -4.6557 -0.0823 -11.2011 0.0047 -14.5736 72.3393 16.0712 -0.0001 25.3508 0.0000
6.4957 96.1329 -16.2959 -0.1430 0.5659 -5.5060 0.2410 0.4045 1.1739 0.2410 0.4046 1.1740 0.2417 0.4058 1.1774 -90.0000 -13.9239 90.0000 1.4059 87.5306 9.7255 5.2152 0.1984 -2.2786 -0.3124 0.3084 -0.0135 0.0001 0.0000 0.0000 -0.0000 0.0000 0.0000 -0.0008 -0.0013 -0.0000 0.0001 -0.0004 0.0000 -0.0000 0.0000 0.0000 -0.0000 0.0000 0.0000 -0.0000 0.0002 0.0000 0.0003 -0.0006 0.0000 -0.0006 0.0004 0.0000 0.0001 0.0000 0.0000 -0.0000 0.0000 0.0000 -0.0002 -0.0010 -0.0000 30.0001 0.0002 -0.0001 -29.9998 0.0005 0.0002 -0.0000 0.0000 0.0000 0.1636 3.0493 1.5442 0.1636 3.0493 1.5442 90.0000 -19.6446 -90.0000 41.6230 86.7197 -52.2434 -4.8593 1.1160 3.6836 0.3255 0.2837 0.0143 0.0001 -0.0001 0.0000 -0.0000 0.0000 0.0000 0.0003 -0.0006 0.0000 0.0001 -0.0001 0.0000 -0.0000 0.0000 0.0000 -0.0000 0.0000 0.0000 0.0001 0.0007 -0.0000 0.0001 -0.0012 0.0000 0.0003 -0.0008 0.0000 -0.0000 0.0001 0.0000 -0.0000 0.0000 0.0000 -0.0000 -0.0009 0.0000 -29.9996 0.0002 0.0001 29.9996 -0.0003 0.0001 -0.0000 0.0000 0.0000 -178.8354 2.8386 -4.4273 0.0799 -11.6170 -0.0285 24.9986 71.7451 -27.9022 -0.0000 25.3510 0.0000 -178.4077 3.7812 -4.6783 -0.0820 -11.5366 0.0070 -14.7546 72.4219 16.2511 -0.0001 25.3508 0.0000
6.4848 96.1191 -16.4099 -0.0978 0.5939 -5.4309 0.2532 0.4448 1.1773 0.2532 0.4449 1.1774 0.2540 0.4462 1.1808 -90.0000 -13.8723 90.0000 2.1339 87.5100 8.9893 5.2432 0.2353 -2.3104 -0.3135 0.3079 -0.0137 0.0001 0.0000 0.0000 -0.0000 0.0000 0.0000 -0.0008 -0.0013 -0.0000 0.0001 -0.0004 0.0000 -0.0000 0.0000 0.0000 -0.0000 0.0000 0.0000 -0.0000 0.0002 0.0000 0.0003 -0.0006 0.0000 -0.0006 0.0004 0.0000 0.0001 0.0000 0.0000 -0.0000 0.0000 0.0000 -0.0002 -0.0010 -0.0000 30.0001 0.0002 -0.0001 -29.9998 0.0005 0.0002 -0.0000 0.0000 0.0000 0.1249 3.0431 1.5629 0.1249 3.0431 1.5629 90.0000 -19.6886 -90.0000 40.6491 86.7186 -51.3190 -4.8656 1.1464 3.6610 0.3270 0.2854 0.0145 0.0001 -0.0001 0.0000 -0.0000 0.0000 0.0000 0.0003 -0.0006 0.0000 0.0001 -0.0001 0.0000 -0.0000 0.0000 0.0000 -0.0000 0.0000 0.0000 0.0001 0.0007 -0.0000 0.0001 -0.0011 0.0000 0.0003 -0.0008 0.0000 -0.0000 0.0001 0.0000 -0.0000 0.0000 0.0000 -0.0000 -0.0008 0.0000 -29.9996 0.0002 0.0001 29.9996 -0.0003 0.0001 -0.0000 0.0000 0.0000 -178.8407 3.1177 -4.4898 0.0781 -11.9454 -0.0441 24.6488 71.8404 -27.5420 -0.0000 25.3510 0.0000 -178.4213 4.0528 -4.7070 -0.0820 -11.8862 0.0071 -14.9879 72.5012 16.4941 -0.0001 25.3508 0.0000
6.4610 96.1033 -16.5247 -0.0485 0.6252 -5.3378 0.2690 0.4888 1.1771 0.2690 0.4889 1.1773 0.2697 0.4904 1.1806 -90.0000 -13.8185 90.0000 2.9355 87.4944 8.1759 5.2851 0.2851 -2.3427 -0.3151 0.3076 -0.0139 0.0001 0.0000 0.0000 -0.0000 0.0000 0.0000 -0.0008 -0.0013 -0.0000 0.0001 -0.0004 0.0000 -0.0000 0.0000 0.0000 -0.0000 0.0000 0.0000 -0.0000 0.0002 0.0000 0.0003 -0.0006 0.0000 -0.0006 0.0004 0.0000 0.0001 0.0000 0.0000 -0.0000 0.0000 0.0000 -0.0002 -0.0010 -0.0000 30.0001 0.0002 -0.0001 -29.9998 0.0005 0.0002 -0.0000 0.0000 0.0000 0.0838 3.0217 1.5816 0.0838 3.0217 1.5816 90.0000 -19.7384 -90.0000 39.5393 86.7095 -50.2556 -4.8762 1.1827 3.6359 0.3281 0.2868 0.0147 0.0001 -0.0001 0.0000 -0.0000 0.0000 0.0000 0.0003 -0.0006 0.0000 0.0001 -0.0001 0.0000 -0.0000 0.0000 0.0000 -0.0000 0.0000 0.0000 0.0001 0.0007 -0.0000 0.0001 -0.0012 0.0000 0.0003 -0.0008 0.0000 -0.0000 0.0001 0.0000 -0.0000 0.0000 0.0000 -0.0000 -0.0009 0.0000 -29.9996 0.0002 0.0001 29.9996 -0.0003 0.0001 -0.0000 0.0000 0.0000 -178.8396 3.4024 -4.5606 0.0763 -12.2742 -0.0596 24.2098 71.9403 -27.0972 -0.0000 25.3510 0.0000 -178.4308 4.3316 -4.7487 -0.0821 -12.2477 0.0060 -15.3252 72.5789 16.8402 -0.0001 25.3508 0.0000
6.3973 96.0850 -16.6377 -0.0018 0.6644 -5.2169 0.2925 0.5375 1.1717 0.2925 0.5376 1.1719 0.2933 0.5391 1.1753 -90.0000 -13.7568 90.0000 3.7124 87.4820 7.3813 5.3476 0.3562 -2.3683 -0.3154 0.3059 -0.0142 0.0001 0.0000 0.0000 -0.0000 0.0000 0.0000 -0.0008 -0.0013 -0.0000 0.0001 -0.0004 0.0000 -0.0000 0.0000 0.0000 -0.0000 0.0000 0.0000 -0.0000 0.0002 0.0000 0.0003 -0.0006 0.0000 -0.0006 0.0004 0.0000 0.0001 0.0000 0.0000 -0.0000 0.0000 0.0000 -0.0002 -0.0010 -0.0000 30.0001 0.0003 -0.0002 -29.9998 0.0005 0.0002 -0.0000 0.0000 0.0000 0.0402 2.9790 1.5973 0.0402 2.9790 1.5973 90.0000 -19.7952 -90.0000 38.1490 86.6876 -48.9102 -4.8951 1.2318 3.6096 0.3302 0.2892 0.0149 0.0001 -0.0001 0.0000 -0.0000 0.0000 0.0000 0.0003 -0.0006 0.0000 0.0001 -0.0001 0.0000 -0.0000 0.0000 0.0000 -0.0000 0.0000 0.0000 0.0001 0.0007 -0.0000 0.0001 -0.0012 0.0000 0.0003 -0.0008 0.0000 -0.0000 0.0002 0.0000 -0.0000 0.0000 0.0000 -0.0000 -0.0009 0.0000 -29.9997 0.0002 0.0001 29.9996 -0.0003 0.0001 -0.0000 0.0000 0.0000 -178.8069 3.7002 -4.6402 0.0750 -12.6169 -0.0698 23.6381 72.0465 -26.5487 -0.0000 25.3511 0.0000 -178.4093 4.6182 -4.8079 -0.0821 -12.6219 0.0063 -15.8501 72.6506 17.3519 -0.0001 25.3508 0.0000
6.3070 96.0644 -16.7460 0.0325 0.7142 -5.0693 0.3243 0.5878 1.1623 0.3244 0.5879 1.1625 0.3254 0.5896 1.1658 -90.0000 -13.6908 90.0000 4.6091 87.4682 6.4694 5.4229 0.4430 -2.3857 -0.3173 0.3059 -0.0146 0.0001 0.0000 0.0000 -0.0000 0.0000 0.0000 -0.0008 -0.0013 -0.0000 0.0001 -0.0004 0.0000 -0.0000 0.0000 0.0000 -0.0000 0.0000 0.0000 -0.0000 0.0002 0.0000 0.0003 -0.0006 0.0000 -0.0006 0.0004 0.0000 0.0001 0.0000 0.0000 -0.0000 0.0000 0.0000 -0.0002 -0.0010 -0.0000 30.0001 0.0003 -0.0002 -29.9998 0.0005 0.0002 -0.0000 0.0000 0.0000 -0.0013 2.9253 1.6059 -0.0013 2.9253 1.6059 90.0000 -19.8548 -90.0000 36.5061 86.6562 -47.3147 -4.9194 1.2915 3.5836 0.3319 0.2913 0.0152 0.0001 -0.0001 0.0000 -0.0000 0.0000 0.0000 0.0003 -0.0006 0.0000 0.0001 -0.0001 0.0000 -0.0000 0.0000 0.0000 -0.0000 0.0000 0.0000 0.0001 0.0007 -0.0000 0.0001 -0.0012 0.0000 0.0003 -0.0008 0.0000 -0.0000 0.0001 0.0000 -0.0000 0.0000 0.0000 -0.0000 -0.0009 0.0000 -29.9997 0.0002 0.0001 29.9996 -0.0003 0.0001 -0.0000 0.0000 0.0000 -178.7400 4.0303 -4.7214 0.0740 -13.0074 -0.0770 22.9641 72.1653 -25.9302 -0.0000 25.3510 0.0000 -178.3566 4.8940 -4.8601 -0.0819 -12.9670 0.0078 -16.4764 72.7026 17.9427 -0.0001 25.3508 0.0000
6.2082 96.0422 -16.8401 0.0532 0.7735 -4.8954 0.3639 0.6389 1.1486 0.3639 0.6390 1.1487 0.3650 0.6409 1.1520 -90.0000 -13.6245 90.0000 5.5859 87.4559 5.4872 5.5047 0.5392 -2.4039 -0.3183 0.3049 -0.0151 0.0001 0.0000 0.0000 -0.0000 0.0000 0.0000 -0.0008 -0.0013 -0.0000 0.0001 -0.0004 0.0000 -0.0000 0.0000 0.0000 -0.0000 0.0000 0.0000 -0.0000 0.0002 0.0000 0.0003 -0.0006 0.0000 -0.0006 0.0004 0.0000 0.0001 0.0000 0.0000 -0.0000 0.0000 0.0000 -0.0002 -0.0010 -0.0000 30.0001 0.0002 -0.0001 -29.9998 0.0005 0.0002 -0.0000 0.0000 0.0000 -0.0400 2.8653 1.6065 -0.0400 2.8653 1.6065 88.1754 -17.6578 -88.5941 34.6396 86.6163 -45.4993 -4.9465 1.3577 3.5560 0.3335 0.2934 0.0156 0.0001 -0.0001 0.0000 -0.0000 0.0000 0.0000 0.0003 -0.0006 0.0000 0.0001 -0.0001 0.0000 -0.0000 0.0000 0.0000 -0.0000 0.0000 0.0000 0.0001 0.0007 -0.0000 0.0001 -0.0011 0.0000 0.0003 -0.0008 0.0000 -0.0000 0.0001 0.0000 -0.0000 0.0000 0.0000 -0.0000 -0.0008 0.0000 -29.9997 0.0002 0.0001 29.9996 -0.0003 0.0001 -0.0000 0.0000 0.0000 -178.6497 4.3955 -4.7996 0.0727 -13.4615 -0.0848 22.2199 72.3034 -25.2750 -0.0000 25.3510 0.0000 -178.2861 5.1323 -4.8977 -0.0817 -13.2417 0.0087 -17.1681 72.7221 18.5839 -0.0001 25.3508 0.0000
6.1116 96.0298 -16.8982 0.0539 0.8460 -4.6809 0.4139 0.6895 1.1270 0.4140 0.6897 1.1272 0.4151 0.6916 1.1303 -90.0000 -13.5653 90.0000 6.6436 87.4481 4.4449 5.5892 0.6414 -2.4422 -0.3193 0.3038 -0.0155 0.0001 0.0000 0.0000 -0.0000 0.0000 0.0000 -0.0008 -0.0013 -0.0000 0.0001 -0.0004 0.0000 -0.0000 0.0000 0.0000 -0.0000 0.0000 0.0000 -0.0000 0.0002 0.0000 0.0003 -0.0006 0.0000 -0.0006 0.0004 0.0000 0.0001 0.0000 0.0000 -0.0000 0.0000 0.0000 -0.0002 -0.0010 -0.0000 30.0001 0.0002 -0.0001 -29.9998 0.0005 0.0002 -0.0000 0.0000 0.0000 -0.0752 2.7988 1.5946 -0.0752 2.7988 1.5946 88.1469 -17.6747 -88.5280 32.6151 86.5634 -43.5399 -4.9764 1.4279 3.5217 0.3354 0.2960 0.0160 0.0001 -0.0001 0.0000 -0.0000 0.0000 0.0000 0.0003 -0.0006 0.0000 0.0001 -0.0001 0.0000 -0.0000 0.0000 0.0000 -0.0000 0.0000 0.0000 0.0001 0.0007 -0.0000 0.0001 -0.0011 0.0000 0.0003 -0.0008 0.0000 -0.0000 0.0001 0.0000 -0.0000 0.0000 0.0000 -0.0000 -0.0009 0.0000 -29.9997 0.0002 0.0001 29.9996 -0.0003 0.0001 -0.0000 0.0000 0.0000 -178.5327 4.8254 -4.8810 0.0709 -14.0499 -0.0964 21.4055 72.4953 -24.6163 -0.0000 25.3510 0.0000 -178.2021 5.2883 -4.9053 -0.0819 -13.3775 0.0069 -17.9456 72.6872 19.2906 -0.0001 25.3508 0.0000
6.0023 96.0168 -16.9308 0.0394 0.9296 -4.4335 0.4707 0.7355 1.1001 0.4708 0.7356 1.1003 0.4721 0.7378 1.1034 -90.0000 -13.5114 90.0000 7.5824 87.4443 3.5301 5.6722 0.7442 -2.5049 -0.3209 0.3033 -0.0160 0.0001 0.0000 0.0000 -0.0000 0.0000 0.0000 -0.0008 -0.0013 -0.0000 0.0001 -0.0004 0.0000 -0.0000 0.0000 0.0000 -0.0000 0.0000 0.0000 -0.0000 0.0002 0.0000 0.0003 -0.0006 0.0000 -0.0006 0.0004 0.0000 0.0001 0.0000 0.0000 -0.0000 0.0000 0.0000 -0.0002 -0.0010 -0.0000 30.0001 0.0002 -0.0001 -29.9998 0.0005 0.0002 -0.0000 0.0000 0.0000 -0.1025 2.7359 1.5753 -0.1025 2.7359 1.5753 88.1217 -17.6966 -88.4739 30.4351 86.4992 -41.4335 -5.0076 1.4974 3.4811 0.3373 0.2990 0.0163 0.0001 -0.0001 0.0000 -0.0000 0.0000 0.0000 0.0003 -0.0006 0.0000 0.0001 -0.0001 0.0000 -0.0000 0.0000 0.0000 -0.0000 0.0000 0.0000 0.0001 0.0007 -0.0000 0.0001 -0.0012 0.0000 0.0003 -0.0008 0.0000 -0.0000 0.0001 0.0000 -0.0000 0.0000 0.0000 -0.0000 -0.0009 0.0000 -29.9996 0.0002 0.0001 29.9996 -0.0003 0.0001 -0.0000 0.0000 0.0000 -178.3896 5.3026 -4.9561 0.0689 -14.7313 -0.1075 20.6039 72.7034 -23.9949 -0.0000 25.3510 0.0000 -178.0984 5.3875 -4.8858 -0.0818 -13.4152 0.0074 -18.7887 72.6145 20.0332 -0.0001 25.3508 0.0000
5.8773 96.0046 -16.9606 0.0122 1.0238 -4.1536 0.5330 0.7756 1.0674 0.5331 0.7758 1.0675 0.5346 0.7781 1.0706 -90.0000 -13.4612 90.0000 8.4076 87.4457 2.7265 5.7533 0.8446 -2.5836 -0.3226 0.3028 -0.0165 0.0001 0.0000 0.0000 -0.0000 0.0000 0.0000 -0.0008 -0.0013 -0.0000 0.0001 -0.0004 0.0000 -0.0000 0.0000 0.0000 -0.0000 0.0000 0.0000 -0.0000 0.0002 0.0000 0.0003 -0.0006 0.0000 -0.0006 0.0004 0.0000 0.0001 0.0000 0.0000 -0.0000 0.0000 0.0000 -0.0002 -0.0010 -0.0000 30.0001 0.0002 -0.0001 -29.9998 0.0005 0.0002 -0.0000 0.0000 0.0000 -0.1223 2.6786 1.5491 -0.1223 2.6786 1.5491 88.1000 -17.7204 -88.4351 28.1594 86.4246 -39.2354 -5.0389 1.5639 3.4352 0.3385 0.3016 0.0167 0.0001 -0.0001 0.0000 -0.0000 0.0000 0.0000 0.0003 -0.0006 0.0000 0.0001 -0.0001 0.0000 -0.0000 0.0000 0.0000 -0.0000 0.0000 0.0000 0.0001 0.0007 -0.0000 0.0001 -0.0012 0.0000 0.0003 -0.0008 0.0000 -0.0000 0.0001 0.0000 -0.0000 0.0000 0.0000 -0.0000 -0.0009 0.0000 -29.9996 0.0002 0.0001 29.9996 -0.0003 0.0001 -0.0000 0.0000 0.0000 -178.2271 5.8233 -5.0176 0.0668 -15.4693 -0.1183 19.8803 72.9167 -23.4504 -0.0000 25.3510 0.0000 -177.9733 5.4817 -4.8267 -0.0814 -13.4301 0.0115 -19.6532 72.5330 20.7687 -0.0001 25.3508 0.0000
5.7512 95.9812 -17.0074 -0.0289 1.1253 -3.8463 0.6015 0.8087 1.0319 0.6016 0.8089 1.0321 0.6033 0.8112 1.0350 -90.0000 -13.4191 90.0000 9.2289 87.4624 1.9127 5.8296 0.9340 -2.6755 -0.3238 0.3015 -0.0169 0.0001 0.0000 0.0000 -0.0000 0.0000 0.0000 -0.0008 -0.0013 -0.0000 0.0001 -0.0004 0.0000 -0.0000 0.0000 0.0000 -0.0000 0.0000 0.0000 -0.0000 0.0002 0.0000 0.0003 -0.0006 0.0000 -0.0006 0.0004 0.0000 0.0001 0.0000 0.0000 -0.0000 0.0000 0.0000 -0.0002 -0.0010 -0.0000 30.0001 0.0002 -0.0001 -29.9998 0.0005 0.0002 -0.0000 0.0000 0.0000 -0.1303 2.6362 1.5140 -0.1303 2.6362 1.5140 88.0795 -17.7448 -88.4175 25.8168 86.3368 -36.9675 -5.0710 1.6235 3.3777 0.3400 0.3051 0.0171 0.0001 -0.0001 0.0000 -0.0000 0.0000 0.0000 0.0003 -0.0006 0.0000 0.0001 -0.0001 0.0000 -0.0000 0.0000 0.0000 -0.0000 0.0000 0.0000 0.0001 0.0007 -0.0000 0.0001 -0.0012 0.0000 0.0003 -0.0008 0.0000 -0.0000 0.0001 0.0000 -0.0000 0.0000 0.0000 -0.0000 -0.0009 0.0000 -29.9996 0.0002 0.0001 29.9996 -0.0003 0.0001 -0.0000 0.0000 0.0000 -178.0705 6.3482 -5.0672 0.0644 -16.1668 -0.1290 19.3851 73.1057 -23.0992 -0.0000 25.3510 0.0000 -177.8333 5.5991 -4.7290 -0.0806 -13.4576 0.0182 -20.5211 72.4522 21.4918 -0.0001 25.3508 0.0000
5.6607 95.9569 -17.0700 -0.0749 1.2202 -3.5324 0.6724 0.8391 0.9991 0.6725 0.8393 0.9993 0.6744 0.8417 1.0021 -90.0000 -13.3824 90.0000 10.0467 87.4938 1.0831 5.9027 1.0149 -2.7557 -0.3249 0.3002 -0.0172 0.0001 0.0000 0.0000 -0.0000 0.0000 0.0000 -0.0008 -0.0013 -0.0000 0.0001 -0.0004 0.0000 -0.0000 0.0000 0.0000 -0.0000 0.0000 0.0000 -0.0000 0.0002 0.0000 0.0003 -0.0006 0.0000 -0.0006 0.0004 0.0000 0.0001 0.0000 0.0000 -0.0000 0.0000 0.0000 -0.0002 -0.0010 -0.0000 30.0001 0.0002 -0.0001 -29.9998 0.0005 0.0002 -0.0000 0.0000 0.0000 -0.1270 2.6079 1.4727 -0.1270 2.6079 1.4727 88.0574 -17.7736 -88.4142 23.5870 86.2373 -34.8020 -5.1048 1.6770 3.3101 0.3410 0.3084 0.0175 0.0001 -0.0001 0.0000 -0.0000 0.0000 0.0000 0.0003 -0.0006 0.0000 0.0001 -0.0001 0.0000 -0.0000 0.0000 0.0000 -0.0000 0.0000 0.0000 0.0001 0.0007 -0.0000 0.0001 -0.0012 0.0000 0.0003 -0.0008 0.0000 -0.0000 0.0001 0.0000 -0.0000 0.0000 0.0000 -0.0000 -0.0009 0.0000 -29.9996 0.0002 0.0001 29.9996 -0.0003 0.0001 -0.0000 0.0000 0.0000 -177.9646 6.7791 -5.1039 0.0621 -16.6662 -0.1408 19.1800 73.2360 -22.9788 -0.0000 25.3510 0.0000 -177.7138 5.7225 -4.6191 -0.0801 -13.4857 0.0219 -21.3562 72.3650 22.2056 -0.0001 25.3508 0.0000
5.6088 95.9381 -17.1389 -0.1196 1.3055 -3.2202 0.7426 0.8681 0.9709 0.7427 0.8683 0.9710 0.7448 0.8708 0.9738 -90.0000 -13.3507 90.0000 10.8919 87.5376 0.2061 5.9725 1.0886 -2.8115 -0.3261 0.2989 -0.0176 0.0001 0.0000 0.0000 -0.0000 0.0000 0.0000 -0.0008 -0.0013 -0.0000 0.0001 -0.0004 0.0000 -0.0000 0.0000 0.0000 -0.0000 0.0000 0.0000 -0.0000 0.0002 0.0000 0.0003 -0.0006 0.0000 -0.0006 0.0004 0.0000 0.0001 0.0000 0.0000 -0.0000 0.0000 0.0000 -0.0002 -0.0010 -0.0000 30.0001 0.0002 -0.0001 -29.9998 0.0005 0.0002 -0.0000 0.0000 0.0000 -0.1104 2.5916 1.4287 -0.1104 2.5916 1.4287 88.0339 -17.8036 -88.4241 21.4432 86.1277 -32.7099 -5.1394 1.7262 3.2383 0.3422 0.3121 0.0178 0.0001 -0.0001 0.0000 -0.0000 0.0000 0.0000 0.0003 -0.0006 0.0000 0.0001 -0.0001 0.0000 -0.0000 0.0000 0.0000 -0.0000 0.0000 0.0000 0.0001 0.0007 -0.0000 0.0001 -0.0012 0.0000 0.0003 -0.0008 0.0000 -0.0000 0.0001 0.0000 -0.0000 0.0000 0.0000 -0.0000 -0.0009 0.0000 -29.9996 0.0002 0.0001 29.9996 -0.0003 0.0001 -0.0000 0.0000 0.0000 -177.9184 7.0717 -5.1145 0.0600 -16.9063 -0.1534 19.3640 73.2785 -23.1733 -0.0000 25.3510 0.0000 -177.6252 5.8279 -4.5032 -0.0800 -13.4837 0.0230 -22.1164 72.2646 22.8746 -0.0001 25.3508 0.0000
5.5997 95.9275 -17.2065 -0.1584 1.3686 -2.9223 0.8090 0.8997 0.9512 0.8091 0.8999 0.9514 0.8114 0.9025 0.9540 -90.0000 -13.3264 90.0000 11.8506 87.5932 -0.8028 6.0314 1.1485 -2.8285 -0.3271 0.2978 -0.0178 0.0001 0.0000 0.0000 -0.0000 0.0000 0.0000 -0.0008 -0.0013 -0.0000 0.0001 -0.0004 0.0000 -0.0000 0.0000 0.0000 -0.0000 0.0000 0.0000 -0.0000 0.0002 0.0000 0.0003 -0.0006 0.0000 -0.0006 0.0004 0.0000 0.0001 0.0000 0.0000 -0.0000 0.0000 0.0000 -0.0002 -0.0010 -0.0000 30.0001 0.0003 -0.0002 -29.9998 0.0005 0.0002 -0.0000 0.0000 0.0000 -0.0762 2.5834 1.3780 -0.0762 2.5834 1.3780 88.0149 -17.8284 -88.4519 19.2622 86.0120 -30.5550 -5.1710 1.7673 3.1662 0.3427 0.3152 0.0181 0.0001 -0.0001 0.0000 -0.0000 0.0000 0.0000 0.0003 -0.0006 0.0000 0.0001 -0.0001 0.0000 -0.0000 0.0000 0.0000 -0.0000 0.0000 0.0000 0.0001 0.0007 -0.0000 0.0001 -0.0012 0.0000 0.0003 -0.0008 0.0000 -0.0000 0.0001 0.0000 -0.0000 0.0000 0.0000 -0.0000 -0.0009 0.0000 -29.9996 0.0002 0.0001 29.9996 -0.0003 0.0001 -0.0000 0.0000 0.0000 -177.9469 7.1004 -5.1804 0.0582 -16.6801 -0.1677 20.0569 73.1792 -23.7389 -0.0000 25.3510 0.0000 -177.5789 5.8864 -4.3739 -0.0799 -13.4272 0.0240 -22.7057 72.1560 23.4114 -0.0001 25.3508 0.0000
5.6120 95.9273 -17.2725 -0.1902 1.4053 -2.6492 0.8706 0.9379 0.9419 0.8708 0.9383 0.9421 0.8732 0.9408 0.9447 -90.0000 -13.3025 90.0000 12.9925 87.6522 -1.9826 6.0740 1.1955 -2.8273 -0.3280 0.2968 -0.0180 0.0001 0.0000 0.0000 -0.0000 0.0000 0.0000 -0.0008 -0.0013 -0.0000 0.0001 -0.0004 0.0000 -0.0000 0.0000 0.0000 -0.0000 0.0000 0.0000 -0.0000 0.0002 0.0000 0.0003 -0.0006 0.0000 -0.0006 0.0004 0.0000 0.0001 0.0000 0.0000 -0.0000 0.0000 0.0000 -0.0002 -0.0010 -0.0000 30.0001 0.0002 -0.0001 -29.9998 0.0005 0.0002 -0.0000 0.0000 0.0000 -0.0298 2.5799 1.3207 -0.0298 2.5799 1.3207 87.9976 -17.8604 -88.4746 17.1885 85.8964 -28.5025 -5.1944 1.7961 3.0989 0.3439 0.3188 0.0185 0.0001 -0.0001 0.0000 -0.0000 0.0000 0.0000 0.0003 -0.0006 0.0000 0.0001 -0.0001 0.0000 -0.0000 0.0000 0.0000 -0.0000 0.0000 0.0000 0.0001 0.0007 -0.0000 0.0001 -0.0012 0.0000 0.0003 -0.0008 0.0000 -0.0000 0.0001 0.0000 -0.0000 0.0000 0.0000 -0.0000 -0.0009 0.0000 -29.9996 0.0002 0.0001 29.9996 -0.0003 0.0001 -0.0000 0.0000 0.0000 -178.0197 6.9822 -5.4611 0.0557 -16.2211 -0.1899 20.9454 72.9837 -24.3314 -0.0000 25.3510 0.0000 -177.5593 5.9103 -4.2392 -0.0797 -13.3503 0.0258 -23.1611 72.0513 23.8359 -0.0001 25.3508 0.0000
5.6381 95.9327 -17.3373 -0.2131 1.4195 -2.3980 0.9251 0.9801 0.9399 0.9253 0.9803 0.9401 0.9279 0.9831 0.9427 -90.0000 -13.2867 90.0000 14.1232 87.7063 -3.1415 6.1061 1.2395 -2.8083 -0.3287 0.2961 -0.0182 0.0001 0.0000 0.0000 -0.0000 0.0000 0.0000 -0.0008 -0.0013 -0.0000 0.0001 -0.0004 0.0000 -0.0000 0.0000 0.0000 -0.0000 0.0000 0.0000 -0.0000 0.0003 0.0000 0.0003 -0.0006 0.0000 -0.0006 0.0004 0.0000 0.0001 0.0000 0.0000 -0.0000 0.0000 0.0000 -0.0002 -0.0010 -0.0000 30.0001 0.0002 -0.0001 -29.9998 0.0005 0.0002 -0.0000 0.0000 0.0000 0.0277 2.5817 1.2603 0.0277 2.5817 1.2603 87.9848 -17.8940 -88.4968 15.2336 85.7838 -26.5647 -5.2100 1.8091 3.0331 0.3446 0.3218 0.0187 0.0001 -0.0001 0.0000 -0.0000 0.0000 0.0000 0.0003 -0.0006 0.0000 0.0001 -0.0001 0.0000 -0.0000 0.0000 0.0000 -0.0000 0.0000 0.0000 0.0001 0.0007 -0.0000 0.0001 -0.0012 0.0000 0.0003 -0.0008 0.0000 -0.0000 0.0001 0.0000 -0.0000 0.0000 0.0000 -0.0000 -0.0009 0.0000 -29.9996 0.0002 0.0001 29.9996 -0.0003 0.0001 -0.0000 0.0000 0.0000 -178.1705 6.8401 -5.7135 0.0512 -15.7564 -0.2281 22.7541 72.6997 -25.7488 -0.0000 25.3510 0.0000 -177.5620 5.9036 -4.1024 -0.0795 -13.2539 0.0272 -23.5198 71.9460 24.1765 -0.0001 25.3508 0.0000
5.6801 95.9477 -17.4057 -0.2189 1.4131 -2.1721 0.9660 1.0228 0.9439 0.9662 1.0231 0.9441 0.9689 1.0260 0.9467 -90.0000 -13.2874 90.0000 15.0511 87.7483 -4.0723 6.1255 1.2813 -2.7784 -0.3296 0.2963 -0.0184 0.0001 0.0000 0.0000 -0.0000 0.0000 0.0000 -0.0008 -0.0013 -0.0000 0.0001 -0.0004 0.0000 -0.0000 0.0000 0.0000 -0.0000 0.0000 0.0000 -0.0000 0.0002 0.0000 0.0003 -0.0006 0.0000 -0.0006 0.0004 0.0000 0.0001 0.0000 0.0000 -0.0000 0.0000 0.0000 -0.0002 -0.0010 -0.0000 30.0001 0.0002 -0.0001 -29.9998 0.0005 0.0002 -0.0000 0.0000 0.0000 0.0981 2.5867 1.1984 0.0981 2.5867 1.1984 87.9788 -17.9250 -88.5191 13.4222 85.6820 -24.7644 -5.2164 1.7954 2.9678 0.3456 0.3249 0.0187 0.0001 -0.0001 0.0000 -0.0000 0.0000 0.0000 0.0003 -0.0006 0.0000 0.0001 -0.0001 0.0000 -0.0000 0.0000 0.0000 -0.0000 0.0000 0.0000 0.0001 0.0007 -0.0000 0.0001 -0.0012 0.0000 0.0003 -0.0008 0.0000 -0.0000 0.0001 0.0000 -0.0000 0.0000 0.0000 -0.0000 -0.0008 0.0000 -29.9996 0.0002 0.0001 29.9996 -0.0003 0.0001 -0.0000 0.0000 0.0000 -178.3155 6.7749 -5.9636 0.0455 -15.6651 -0.2711 25.9258 72.4920 -28.5059 -0.0000 25.3511 0.0000 -177.5968 5.8609 -3.9600 -0.0794 -13.1161 0.0284 -23.7401 71.8281 24.3863 -0.0001 25.3508 0.0000
5.7362 95.9668 -17.4769 -0.2148 1.4015 -1.9668 0.9959 1.0614 0.9514 0.9961 1.0618 0.9517 0.9989 1.0647 0.9543 -90.0000 -13.3037 90.0000 15.6375 87.7788 -4.6373 6.1352 1.3192 -2.7620 -0.3299 0.2966 -0.0185 0.0001 0.0000 0.0000 -0.0000 0.0000 0.0000 -0.0008 -0.0013 -0.0000 0.0001 -0.0004 0.0000 -0.0000 0.0000 0.0000 -0.0000 0.0000 0.0000 -0.0000 0.0002 0.0000 0.0003 -0.0006 0.0000 -0.0006 0.0004 0.0000 0.0001 0.0000 0.0000 -0.0000 0.0000 0.0000 -0.0002 -0.0010 -0.0000 30.0001 0.0002 -0.0001 -29.9998 0.0005 0.0001 -0.0000 0.0000 0.0000 0.1751 2.5953 1.1366 0.1751 2.5953 1.1366 87.9777 -17.9495 -88.5427 11.7812 85.5905 -23.1274 -5.2185 1.7619 2.9048 0.3470 0.3282 0.0188 0.0001 -0.0001 0.0000 -0.0000 0.0000 0.0000 0.0003 -0.0006 0.0000 0.0001 -0.0001 0.0000 -0.0000 0.0000 0.0000 -0.0000 0.0000 0.0000 0.0001 0.0007 -0.0000 0.0001 -0.0012 0.0000 0.0003 -0.0008 0.0000 -0.0000 0.0001 0.0000 -0.0000 0.0000 0.0000 -0.0000 -0.0008 0.0000 -29.9996 0.0002 0.0001 29.9996 -0.0003 0.0001 -0.0000 0.0000 0.0000 -178.3882 6.7833 -6.3003 0.0395 -15.9465 -0.3094 29.7838 72.3798 -31.9882 -0.0000 25.3510 0.0000 -177.6529 5.7978 -3.8083 -0.0795 -12.9399 0.0283 -23.8401 71.6983 24.4754 -0.0001 25.3508 0.0000
5.8041 95.9864 -17.5425 -0.2039 1.3898 -1.7764 1.0165 1.0939 0.9620 1.0168 1.0942 0.9623 1.0196 1.0972 0.9649 -90.0000 -13.3295 90.0000 15.8891 87.8015 -4.8497 6.1413 1.3567 -2.7484 -0.3296 0.2969 -0.0186 0.0001 0.0000 0.0000 -0.0000 0.0000 0.0000 -0.0008 -0.0013 -0.0000 0.0001 -0.0004 0.0000 -0.0000 0.0000 0.0000 -0.0000 0.0000 0.0000 -0.0000 0.0003 0.0000 0.0003 -0.0006 0.0000 -0.0006 0.0004 0.0000 0.0001 0.0000 0.0000 -0.0000 0.0000 0.0000 -0.0002 -0.0010 -0.0000 30.0001 0.0002 -0.0001 -29.9998 0.0005 0.0002 -0.0000 0.0000 0.0000 0.2561 2.6122 1.0739 0.2561 2.6122 1.0739 87.9807 -17.9727 -88.5693 10.3406 85.5087 -21.6842 -5.2189 1.7151 2.8474 0.3473 0.3303 0.0188 0.0001 -0.0001 0.0000 -0.0000 0.0000 0.0000 0.0003 -0.0006 0.0000 0.0001 -0.0001 0.0000 -0.0000 0.0000 0.0000 -0.0000 0.0000 0.0000 0.0001 0.0007 -0.0000 0.0001 -0.0012 0.0000 0.0003 -0.0008 0.0000 -0.0000 0.0001 0.0000 -0.0000 0.0000 0.0000 -0.0000 -0.0009 0.0000 -29.9996 0.0002 0.0001 29.9996 -0.0003 0.0001 -0.0000 0.0000 0.0000 -178.3736 6.7768 -6.7276 0.0352 -16.3999 -0.3301 33.8341 72.2557 -35.7277 -0.0000 25.3510 0.0000 -177.7257 5.7099 -3.6440 -0.0798 -12.7183 0.0259 -23.8398 71.5581 24.4632 -0.0001 25.3508 0.0000
5.8776 96.0183 -17.5850 -0.1871 1.3877 -1.6021 1.0229 1.1117 0.9744 1.0231 1.1120 0.9747 1.0259 1.1151 0.9773 -90.0000 -13.3739 90.0000 15.5283 87.8222 -4.4460 6.1460 1.3918 -2.7277 -0.3296 0.2983 -0.0188 0.0001 0.0000 0.0000 -0.0000 0.0000 0.0000 -0.0008 -0.0013 -0.0000 0.0001 -0.0004 0.0000 -0.0000 0.0000 0.0000 -0.0000 0.0000 0.0000 -0.0000 0.0002 0.0000 0.0003 -0.0006 0.0000 -0.0006 0.0004 0.0000 0.0001 0.0000 0.0000 -0.0000 0.0000 0.0000 -0.0002 -0.0010 -0.0000 30.0001 0.0002 -0.0001 -29.9998 0.0005 0.0001 -0.0000 0.0000 0.0000 0.3398 2.6442 1.0122 0.3398 2.6442 1.0122 87.9901 -17.9901 -88.6034 9.1706 85.4402 -20.4948 -5.2227 1.6566 2.7972 0.3480 0.3325 0.0187 0.0001 -0.0001 0.0000 -0.0000 0.0000 0.0000 0.0003 -0.0006 0.0000 0.0001 -0.0001 0.0000 -0.0000 0.0000 0.0000 -0.0000 0.0000 0.0000 0.0001 0.0007 -0.0000 0.0001 -0.0012 0.0000 0.0003 -0.0008 0.0000 -0.0000 0.0001 0.0000 -0.0000 0.0000 0.0000 -0.0000 -0.0009 0.0000 -29.9996 0.0002 0.0001 29.9996 -0.0003 0.0001 -0.0000 0.0000 0.0000 -178.3457 6.7187 -7.2159 0.0324 -16.8032 -0.3414 37.5820 72.0240 -39.2221 -0.0000 25.3510 0.0000 -177.8131 5.5944 -3.4470 -0.0802 -12.4501 0.0227 -23.6920 71.4267 24.2959 -0.0001 25.3508 0.0000
5.9524 96.0498 -17.6042 -0.1713 1.3994 -1.4297 1.0198 1.1157 0.9861 1.0201 1.1160 0.9863 1.0228 1.1191 0.9890 -90.0000 -13.4227 90.0000 14.7070 87.8420 -3.5863 6.1462 1.4157 -2.7038 -0.3287 0.2993 -0.0189 0.0001 0.0000 0.0000 -0.0000 0.0000 0.0000 -0.0008 -0.0013 -0.0000 0.0001 -0.0004 0.0000 -0.0000 0.0000 0.0000 -0.0000 0.0000 0.0000 -0.0000 0.0002 0.0000 0.0003 -0.0006 0.0000 -0.0006 0.0004 0.0000 0.0001 0.0000 0.0000 -0.0000 0.0000 0.0000 -0.0002 -0.0010 -0.0000 30.0001 0.0002 -0.0001 -29.9998 0.0005 0.0001 -0.0000 0.0000 0.0000 0.4227 2.6847 0.9506 0.4227 2.6847 0.9506 88.0062 -18.0099 -88.6429 8.2862 85.3832 -19.5686 -5.2341 1.5953 2.7544 0.3484 0.3339 0.0186 0.0001 -0.0001 0.0000 -0.0000 0.0000 0.0000 0.0003 -0.0006 0.0000 0.0001 -0.0001 0.0000 -0.0000 0.0000 0.0000 -0.0000 0.0000 0.0000 0.0001 0.0007 -0.0000 0.0001 -0.0012 0.0000 0.0003 -0.0008 0.0000 -0.0000 0.0001 0.0000 -0.0000 0.0000 0.0000 -0.0000 -0.0009 0.0000 -29.9996 0.0002 0.0001 29.9996 -0.0003 0.0001 -0.0000 0.0000 0.0000 -178.3375 6.5998 -7.6843 0.0310 -17.0072 -0.3470 40.5602 71.7262 -42.0342 -0.0000 25.3510 0.0000 -177.9042 5.4701 -3.2172 -0.0804 -12.1671 0.0220 -23.4459 71.3186 24.0257 -0.0001 25.3508 0.0000
6.0430 96.0806 -17.6084 -0.1592 1.4240 -1.2497 1.0102 1.1073 0.9942 1.0104 1.1077 0.9943 1.0132 1.1107 0.9971 -90.0000 -13.4654 90.0000 13.5362 87.8553 -2.3865 6.1408 1.4273 -2.6791 -0.3276 0.3005 -0.0190 0.0001 0.0000 0.0000 -0.0000 0.0000 0.0000 -0.0008 -0.0013 -0.0000 0.0001 -0.0004 0.0000 -0.0000 0.0000 0.0000 -0.0000 0.0000 0.0000 -0.0000 0.0002 0.0000 0.0003 -0.0006 0.0000 -0.0006 0.0004 0.0000 0.0001 0.0000 0.0000 -0.0000 0.0000 0.0000 -0.0002 -0.0010 -0.0000 30.0001 0.0002 -0.0001 -29.9998 0.0005 0.0002 -0.0000 0.0000 0.0000 0.5035 2.7311 0.8886 0.5035 2.7311 0.8886 88.0253 -18.0276 -88.6845 7.5765 85.3329 -18.8026 -5.2499 1.5396 2.7269 0.3490 0.3350 0.0186 0.0001 -0.0001 0.0000 -0.0000 0.0000 0.0000 0.0003 -0.0006 0.0000 0.0001 -0.0001 0.0000 -0.0000 0.0000 0.0000 -0.0000 0.0000 0.0000 0.0001 0.0007 -0.0000 0.0001 -0.0012 0.0000 0.0003 -0.0008 0.0000 -0.0000 0.0001 0.0000 -0.0000 0.0000 0.0000 -0.0000 -0.0009 0.0000 -29.9996 0.0002 0.0001 29.9996 -0.0003 0.0001 -0.0000 0.0000 0.0000 -178.3557 6.4484 -8.0922 0.0303 -17.0413 -0.3509 42.8060 71.4146 -44.2053 -0.0000 25.3510 0.0000 -178.0026 5.3667 -2.9634 -0.0805 -11.9221 0.0221 -23.1608 71.2467 23.7299 -0.0001 25.3508 0.0000
6.1787 96.0960 -17.5982 -0.1589 1.4617 -1.0487 0.9946 1.0815 0.9952 0.9948 1.0818 0.9954 0.9975 1.0848 0.9982 -90.0000 -13.5023 90.0000 11.9595 87.8715 -0.8075 6.1274 1.4213 -2.6501 -0.3264 0.3018 -0.0190 0.0001 0.0000 0.0000 -0.0000 0.0000 0.0000 -0.0008 -0.0013 -0.0000 0.0001 -0.0004 0.0000 -0.0000 0.0000 0.0000 -0.0000 0.0000 0.0000 -0.0000 0.0002 0.0000 0.0003 -0.0006 0.0000 -0.0006 0.0004 0.0000 0.0001 0.0000 0.0000 -0.0000 0.0000 0.0000 -0.0002 -0.0010 -0.0000 30.0001 0.0002 -0.0001 -29.9998 0.0005 0.0002 -0.0000 0.0000 0.0000 0.5792 2.7894 0.8238 0.5792 2.7894 0.8238 88.0489 -18.0486 -88.7310 7.1007 85.2912 -18.2499 -5.2714 1.4940 2.7151 0.3488 0.3347 0.0185 0.0001 -0.0001 0.0000 -0.0000 0.0000 0.0000 0.0003 -0.0006 0.0000 0.0001 -0.0001 0.0000 -0.0000 0.0000 0.0000 -0.0000 0.0000 0.0000 0.0001 0.0007 -0.0000 0.0001 -0.0012 0.0000 0.0003 -0.0008 0.0000 -0.0000 0.0001 0.0000 -0.0000 0.0000 0.0000 -0.0000 -0.0009 0.0000 -29.9996 0.0002 0.0001 29.9996 -0.0003 0.0001 -0.0000 0.0000 0.0000 -178.4053 6.2503 -8.3269 0.0310 -16.8315 -0.3505 44.1493 71.1603 -45.6223 -0.0000 25.3510 0.0000 -178.1176 5.2978 -2.7009 -0.0803 -11.7428 0.0228 -22.8821 71.2150 23.4871 -0.0001 25.3508 0.0000
6.3644 96.1082 -17.5790 -0.1781 1.5065 -0.8191 0.9801 1.0419 0.9881 0.9804 1.0422 0.9883 0.9831 1.0451 0.9910 -90.0000 -13.5298 90.0000 10.0638 87.8924 1.0619 6.1106 1.4057 -2.6180 -0.3246 0.3024 -0.0189 0.0001 0.0000 0.0000 -0.0000 0.0000 0.0000 -0.0008 -0.0013 -0.0000 0.0001 -0.0004 0.0000 -0.0000 0.0000 0.0000 -0.0000 0.0000 0.0000 -0.0000 0.0002 0.0000 0.0003 -0.0006 0.0000 -0.0006 0.0004 0.0000 0.0001 0.0000 0.0000 -0.0000 0.0000 0.0000 -0.0002 -0.0010 -0.0000 30.0001 0.0002 -0.0001 -29.9998 0.0005 0.0002 -0.0000 0.0000 0.0000 0.6467 2.8542 0.7555 0.6467 2.8542 0.7555 88.0712 -18.0738 -88.7800 6.8009 85.2539 -17.8597 -5.2953 1.4521 2.7064 0.3489 0.3346 0.0185 0.0001 -0.0001 0.0000 -0.0000 0.0000 0.0000 0.0003 -0.0006 0.0000 0.0001 -0.0001 0.0000 -0.0000 0.0000 0.0000 -0.0000 0.0000 0.0000 0.0001 0.0007 -0.0000 0.0001 -0.0012 0.0000 0.0003 -0.0008 0.0000 -0.0000 0.0001 0.0000 -0.0000 0.0000 0.0000 -0.0000 -0.0009 0.0000 -29.9996 0.0002 0.0001 29.9996 -0.0003 0.0001 -0.0000 0.0000 0.0000 -178.4559 6.0122 -8.3380 0.0337 -16.4213 -0.3401 44.8188 70.9149 -46.5471 -0.0000 25.3511 0.0000 -178.2429 5.2449 -2.4510 -0.0804 -11.5969 0.0224 -22.6585 71.1936 23.3537 -0.0001 25.3508 0.0000
6.5807 96.1183 -17.5502 -0.2186 1.5558 -0.5564 0.9689 0.9920 0.9711 0.9691 0.9923 0.9714 0.9718 0.9951 0.9740 -90.0000 -13.5468 90.0000 7.9843 87.9037 3.0920 6.0967 1.3888 -2.5881 -0.3232 0.3033 -0.0188 0.0001 0.0000 0.0000 -0.0000 0.0000 0.0000 -0.0008 -0.0013 -0.0000 0.0001 -0.0004 0.0000 -0.0000 0.0000 0.0000 -0.0000 0.0000 0.0000 -0.0000 0.0002 0.0000 0.0003 -0.0006 0.0000 -0.0006 0.0004 0.0000 0.0001 0.0000 0.0000 -0.0000 0.0000 0.0000 -0.0002 -0.0010 -0.0000 30.0001 0.0003 -0.0002 -29.9998 0.0005 0.0002 -0.0000 0.0000 0.0000 0.7078 2.9205 0.6836 0.7078 2.9205 0.6836 90.0000 -20.3732 -90.0000 6.6523 85.2201 -17.6084 -5.3175 1.4109 2.6972 0.3493 0.3347 0.0184 0.0001 -0.0001 0.0000 -0.0000 0.0000 0.0000 0.0003 -0.0006 0.0000 0.0001 -0.0001 0.0000 -0.0000 0.0000 0.0000 -0.0000 0.0000 0.0000 0.0001 0.0007 -0.0000 0.0001 -0.0012 0.0000 0.0003 -0.0008 0.0000 -0.0000 0.0001 0.0000 -0.0000 0.0000 0.0000 -0.0000 -0.0009 0.0000 -29.9996 0.0002 0.0001 29.9996 -0.0003 0.0001 -0.0000 0.0000 0.0000 -178.4959 5.7479 -8.1337 0.0386 -15.8509 -0.3172 45.0050 70.6480 -47.1271 -0.0000 25.3511 0.0000 -178.3653 5.1838 -2.2189 -0.0806 -11.4433 0.0213 -22.5166 71.1600 23.3419 -0.0001 25.3508 0.0000
6.8082 96.1238 -17.5059 -0.2832 1.6080 -0.2346 0.9599 0.9312 0.9383 0.9600 0.9314 0.9385 0.9628 0.9341 0.9411 -90.0000 -13.5473 90.0000 5.7964 87.8952 5.2166 6.0996 1.3783 -2.5744 -0.3209 0.3032 -0.0187 0.0001 0.0000 0.0000 -0.0000 0.0000 0.0000 -0.0008 -0.0013 -0.0000 0.0001 -0.0004 0.0000 -0.0000 0.0000 0.0000 -0.0000 0.0000 0.0000 -0.0000 0.0002 0.0000 0.0003 -0.0006 0.0000 -0.0006 0.0004 0.0000 0.0001 0.0000 0.0000 -0.0000 0.0000 0.0000 -0.0002 -0.0010 -0.0000 30.0001 0.0002 -0.0001 -29.9998 0.0005 0.0002 -0.0000 0.0000 0.0000 0.7637 2.9801 0.6036 0.7637 2.9801 0.6036 90.0000 -20.3568 -90.0000 6.6855 85.1875 -17.5222 -5.3296 1.3715 2.6869 0.3492 0.3342 0.0183 0.0001 -0.0001 0.0000 -0.0000 0.0000 0.0000 0.0003 -0.0006 0.0000 0.0001 -0.0001 0.0000 -0.0000 0.0000 0.0000 -0.0000 0.0000 0.0000 0.0001 0.0007 -0.0000 0.0001 -0.0012 0.0000 0.0003 -0.0008 0.0000 -0.0000 0.0001 0.0000 -0.0000 0.0000 0.0000 -0.0000 -0.0009 0.0000 -29.9997 0.0002 0.0001 29.9996 -0.0003 0.0001 -0.0000 0.0000 0.0000 -178.5450 5.4694 -7.6355 0.0455 -15.1276 -0.2809 44.8045 70.3640 -47.3783 -0.0000 25.3510 0.0000 -178.4680 5.0925 -2.0226 -0.0807 -11.2528 0.0200 -22.5564 71.0896 23.5552 -0.0001 25.3508 0.0000
7.0099 96.1259 -17.4455 -0.3619 1.6504 0.1346 0.9471 0.8703 0.8960 0.9473 0.8705 0.8961 0.9500 0.8730 0.8986 -90.0000 -13.5470 90.0000 3.8031 87.8609 7.1680 6.1235 1.3798 -2.5815 -0.3200 0.3041 -0.0188 0.0001 0.0000 0.0000 -0.0000 0.0000 0.0000 -0.0008 -0.0013 -0.0000 0.0001 -0.0004 0.0000 -0.0000 0.0000 0.0000 -0.0000 0.0000 0.0000 -0.0000 0.0002 0.0000 0.0003 -0.0006 0.0000 -0.0006 0.0004 0.0000 0.0001 0.0000 0.0000 -0.0000 0.0000 0.0000 -0.0002 -0.0010 -0.0000 30.0001 0.0002 -0.0001 -29.9998 0.0005 0.0002 -0.0000 0.0000 0.0000 0.8173 3.0236 0.5142 0.8173 3.0236 0.5142 90.0000 -20.3322 -90.0000 6.7936 85.1566 -17.4935 -5.3260 1.3287 2.6718 0.3489 0.3334 0.0182 0.0001 -0.0001 0.0000 -0.0000 0.0000 0.0000 0.0003 -0.0006 0.0000 0.0001 -0.0001 0.0000 -0.0000 0.0000 0.0000 -0.0000 0.0000 0.0000 0.0001 0.0007 -0.0000 0.0001 -0.0012 0.0000 0.0003 -0.0008 0.0000 -0.0000 0.0001 0.0000 -0.0000 0.0000 0.0000 -0.0000 -0.0009 0.0000 -29.9996 0.0002 0.0001 29.9996 -0.0003 0.0001 -0.0000 0.0000 0.0000 -178.6237 5.1457 -7.4736 0.0513 -14.3965 -0.2499 43.7761 70.4785 -46.5383 -0.0000 25.3510 0.0000 -178.5380 4.9708 -1.8443 -0.0806 -11.0507 0.0221 -22.7541 71.0019 23.9369 -0.0001 25.3508 0.0000
7.1919 96.1236 -17.3730 -0.4464 1.6797 0.5449 0.9267 0.8140 0.8488 0.9268 0.8142 0.8489 0.9294 0.8165 0.8513 -90.0000 -13.5401 90.0000 2.3109 87.8081 8.6364 6.1628 1.3951 -2.6052 -0.3200 0.3054 -0.0191 0.0001 0.0000 0.0000 -0.0000 0.0000 0.0000 -0.0008 -0.0013 -0.0000 0.0001 -0.0004 0.0000 -0.0000 0.0000 0.0000 -0.0000 0.0000 0.0000 -0.0000 0.0002 0.0000 0.0003 -0.0006 0.0000 -0.0006 0.0004 0.0000 0.0001 0.0000 0.0000 -0.0000 0.0000 0.0000 -0.0002 -0.0010 -0.0000 30.0001 0.0002 -0.0001 -29.9998 0.0005 0.0002 -0.0000 0.0000 0.0000 0.8741 3.0512 0.4123 0.8741 3.0512 0.4123 90.0000 -20.2968 -90.0000 6.9072 85.1262 -17.4539 -5.3044 1.2667 2.6467 0.3489 0.3328 0.0179 0.0001 -0.0001 0.0000 -0.0000 0.0000 0.0000 0.0003 -0.0006 0.0000 0.0001 -0.0001 0.0000 -0.0000 0.0000 0.0000 -0.0000 0.0000 0.0000 0.0001 0.0007 -0.0000 0.0001 -0.0012 0.0000 0.0003 -0.0008 0.0000 -0.0000 0.0001 0.0000 -0.0000 0.0000 0.0000 -0.0000 -0.0009 0.0000 -29.9996 0.0002 0.0001 29.9996 -0.0003 0.0001 -0.0000 0.0000 0.0000 -178.7707 4.7900 -7.4197 0.0548 -13.7150 -0.2333 42.3911 70.7481 -45.1645 -0.0000 25.3510 0.0000 -178.5895 4.8262 -1.6596 -0.0804 -10.8515 0.0242 -23.0532 70.9099 24.4237 -0.0001 25.3508 0.0000
7.3594 96.1185 -17.2873 -0.5098 1.6929 1.0134 0.8822 0.7671 0.7964 0.8823 0.7672 0.7966 0.8849 0.7695 0.7988 -90.0000 -13.5346 90.0000 1.6935 87.7260 9.2675 6.2343 1.4375 -2.6511 -0.3195 0.3058 -0.0194 0.0001 0.0000 0.0000 -0.0000 0.0000 0.0000 -0.0008 -0.0013 -0.0000 0.0001 -0.0004 0.0000 -0.0000 0.0000 0.0000 -0.0000 0.0000 0.0000 -0.0000 0.0002 0.0000 0.0003 -0.0006 0.0000 -0.0006 0.0004 0.0000 0.0001 0.0000 0.0000 -0.0000 0.0000 0.0000 -0.0002 -0.0010 -0.0000 30.0001 0.0002 -0.0001 -29.9998 0.0005 0.0002 -0.0000 0.0000 0.0000 0.9485 3.0594 0.2887 0.9485 3.0594 0.2887 90.0000 -20.2375 -90.0000 7.0570 85.1130 -17.4292 -5.2490 1.1750 2.6157 0.3489 0.3316 0.0174 0.0001 -0.0001 0.0000 -0.0000 0.0000 0.0000 0.0003 -0.0006 0.0000 0.0001 -0.0001 0.0000 -0.0000 0.0000 0.0000 -0.0000 0.0000 0.0000 0.0001 0.0007 -0.0000 0.0001 -0.0012 0.0000 0.0003 -0.0008 0.0000 -0.0000 0.0001 0.0000 -0.0000 0.0000 0.0000 -0.0000 -0.0009 0.0000 -29.9996 0.0002 0.0001 29.9996 -0.0003 0.0001 -0.0000 0.0000 0.0000 -179.0376 4.4530 -7.1512 0.0557 -13.1618 -0.2343 41.3439 70.9133 -43.9907 -0.0000 25.3510 0.0000 -178.6552 4.6611 -1.4289 -0.0807 -10.6698 0.0216 -23.4314 70.8224 24.9886 -0.0001 25.3508 0.0000
7.5083 96.1158 -17.1980 -0.5329 1.6994 1.5210 0.8087 0.7246 0.7414 0.8088 0.7247 0.7415 0.8112 0.7269 0.7436 -90.0000 -13.5508 90.0000 1.6190 87.6278 9.3892 6.3619 1.5056 -2.7108 -0.3216 0.3081 -0.0201 0.0001 0.0000 0.0000 -0.0000 0.0000 0.0000 -0.0008 -0.0013 -0.0000 0.0001 -0.0004 0.0000 -0.0000 0.0000 0.0000 -0.0000 0.0000 0.0000 -0.0000 0.0002 0.0000 0.0003 -0.0006 0.0000 -0.0006 0.0004 0.0000 0.0001 0.0000 0.0000 -0.0000 0.0000 0.0000 -0.0002 -0.0010 -0.0000 30.0001 0.0002 -0.0001 -29.9998 0.0005 0.0002 -0.0000 0.0000 0.0000 1.0418 3.0614 0.1515 1.0418 3.0614 0.1515 90.0000 -20.1552 -90.0000 7.4290 85.1340 -17.6194 -5.1728 1.0497 2.5892 0.3481 0.3295 0.0167 0.0001 -0.0001 0.0000 -0.0000 0.0000 0.0000 0.0003 -0.0006 0.0000 0.0001 -0.0001 0.0000 -0.0000 0.0000 0.0000 -0.0000 0.0000 0.0000 0.0001 0.0007 -0.0000 0.0001 -0.0011 0.0000 0.0003 -0.0008 0.0000 -0.0000 0.0001 0.0000 -0.0000 0.0000 0.0000 -0.0000 -0.0008 0.0000 -29.9996 0.0002 0.0001 29.9996 -0.0003 0.0001 -0.0000 0.0000 0.0000 -179.3174 4.1846 -6.7607 0.0571 -12.6915 -0.2310 40.3790 70.9571 -42.8662 -0.0000 25.3510 0.0000 -178.7511 4.5054 -1.1452 -0.0811 -10.5324 0.0178 -23.8351 70.7519 25.5601 -0.0001 25.3508 0.0000
7.6325 96.1182 -17.1062 -0.5229 1.7012 2.0510 0.7121 0.6840 0.6868 0.7121 0.6842 0.6869 0.7142 0.6862 0.6889 -90.0000 -13.5931 90.0000 1.5006 87.5192 9.5794 6.5662 1.6015 -2.7744 -0.3230 0.3091 -0.0210 0.0001 0.0000 0.0000 -0.0000 0.0000 0.0000 -0.0008 -0.0013 -0.0000 0.0001 -0.0004 0.0000 -0.0000 0.0000 0.0000 -0.0000 0.0000 0.0000 -0.0000 0.0002 0.0000 0.0003 -0.0006 0.0000 -0.0006 0.0004 0.0000 0.0001 0.0000 0.0000 -0.0000 0.0000 0.0000 -0.0002 -0.0010 -0.0000 30.0001 0.0002 -0.0001 -29.9998 0.0005 0.0002 -0.0000 0.0000 0.0000 1.1459 3.0649 0.0067 1.1459 3.0649 0.0067 90.0000 -20.0576 -90.0000 8.1229 85.1898 -18.1353 -5.0873 0.9066 2.5869 0.3475 0.3273 0.0160 0.0001 -0.0001 0.0000 -0.0000 0.0000 0.0000 0.0003 -0.0006 0.0000 0.0001 -0.0001 0.0000 -0.0000 0.0000 0.0000 -0.0000 0.0000 0.0000 0.0001 0.0007 -0.0000 0.0001 -0.0012 0.0000 0.0003 -0.0008 0.0000 -0.0000 0.0001 0.0000 -0.0000 0.0000 0.0000 -0.0000 -0.0009 0.0000 -29.9996 0.0002 0.0001 29.9996 -0.0003 0.0001 -0.0000 0.0000 0.0000 -179.5946 3.9464 -6.3111 0.0587 -12.2550 -0.2244 39.4752 70.9057 -41.8014 -0.0000 25.3510 0.0000 -178.8642 4.3809 -0.8146 -0.0812 -10.4754 0.0166 -24.2504 70.7184 26.1171 -0.0001 25.3508 0.0000
7.7504 96.1260 -17.0099 -0.4742 1.7044 2.5894 0.5902 0.6440 0.6401 0.5903 0.6441 0.6401 0.5921 0.6459 0.6419 -90.0000 -13.6712 90.0000 1.2654 87.4120 9.8832 6.9109 1.7490 -2.8146 -0.3265 0.3110 -0.0224 0.0001 0.0000 0.0000 -0.0000 0.0000 0.0000 -0.0008 -0.0013 -0.0000 0.0001 -0.0004 0.0000 -0.0000 0.0000 0.0000 -0.0000 0.0000 0.0000 -0.0000 0.0002 0.0000 0.0003 -0.0006 0.0000 -0.0006 0.0004 0.0000 0.0001 0.0000 0.0000 -0.0000 0.0000 0.0000 -0.0002 -0.0010 -0.0000 30.0001 0.0002 -0.0001 -29.9998 0.0005 0.0002 -0.0000 0.0000 0.0000 1.2579 3.0795 -0.1458 1.2579 3.0795 -0.1458 90.0000 -19.9511 -90.0000 9.3753 85.2913 -19.2355 -5.0098 0.7359 2.6041 0.3464 0.3249 0.0152 0.0001 -0.0001 0.0000 -0.0000 0.0000 0.0000 0.0003 -0.0006 0.0000 0.0001 -0.0001 0.0000 -0.0000 0.0000 0.0000 -0.0000 0.0000 0.0000 0.0001 0.0007 -0.0000 0.0001 -0.0011 0.0000 0.0003 -0.0008 0.0000 -0.0000 0.0001 0.0000 -0.0000 0.0000 0.0000 -0.0000 -0.0009 0.0000 -29.9996 0.0002 0.0001 29.9996 -0.0003 0.0001 -0.0000 0.0000 0.0000 -179.8970 3.6744 -5.8431 0.0600 -11.8185 -0.2205 38.6888 70.7607 -40.8816 -0.0000 25.3510 0.0000 -179.0118 4.3341 -0.4378 -0.0810 -10.5824 0.0186 -24.6695 70.7636 26.6631 -0.0001 25.3508 0.0000
7.9171 96.1328 -16.9058 -0.4026 1.7165 3.1190 0.4549 0.6034 0.6029 0.4549 0.6035 0.6030 0.4562 0.6054 0.6048 -90.0000 -13.7741 90.0000 1.1287 87.3048 10.0686 7.3777 1.9527 -2.8160 -0.3312 0.3128 -0.0244 0.0001 0.0000 0.0000 -0.0000 0.0000 0.0000 -0.0008 -0.0013 -0.0000 0.0001 -0.0004 0.0000 -0.0000 0.0000 0.0000 -0.0000 0.0000 0.0000 -0.0000 0.0002 0.0000 0.0003 -0.0006 0.0000 -0.0006 0.0004 0.0000 0.0001 0.0000 0.0000 -0.0000 0.0000 0.0000 -0.0002 -0.0010 -0.0000 30.0001 0.0003 -0.0002 -29.9998 0.0005 0.0002 -0.0000 0.0000 0.0000 1.3703 3.1019 -0.3001 1.3703 3.1019 -0.3001 90.0000 -19.8426 -90.0000 11.1572 85.4179 -20.9020 -4.9561 0.5782 2.6487 0.3448 0.3217 0.0145 0.0001 -0.0001 0.0000 -0.0000 0.0000 0.0000 0.0003 -0.0006 0.0000 0.0001 -0.0001 0.0000 -0.0000 0.0000 0.0000 -0.0000 0.0000 0.0000 0.0001 0.0007 -0.0000 0.0001 -0.0011 0.0000 0.0003 -0.0008 0.0000 -0.0000 0.0001 0.0000 -0.0000 0.0000 0.0000 -0.0000 -0.0008 0.0000 -29.9996 0.0002 0.0001 29.9996 -0.0003 0.0001 -0.0000 0.0000 0.0000 179.7615 3.3731 -5.3940 0.0606 -11.3890 -0.2223 38.0985 70.6128 -40.1280 -0.0000 25.3511 0.0000 -179.2134 4.3594 -0.0664 -0.0809 -10.8346 0.0196 -25.1188 70.8744 27.2824 -0.0001 25.3508 0.0000
8.1416 96.1306 -16.7981 -0.3192 1.7350 3.6337 0.3125 0.5644 0.5737 0.3125 0.5645 0.5737 0.3135 0.5661 0.5754 -90.0000 -13.8916 90.0000 1.2382 87.1856 9.9935 7.9546 2.2152 -2.7903 -0.3367 0.3143 -0.0269 0.0001 0.0000 0.0000 -0.0000 0.0000 0.0000 -0.0008 -0.0013 -0.0000 0.0001 -0.0004 0.0000 -0.0000 0.0000 0.0000 -0.0000 0.0000 0.0000 -0.0000 0.0002 0.0000 0.0003 -0.0006 0.0000 -0.0006 0.0004 0.0000 0.0001 0.0000 0.0000 -0.0000 0.0000 0.0000 -0.0002 -0.0010 -0.0000 30.0001 0.0002 -0.0001 -29.9998 0.0005 0.0002 -0.0000 0.0000 0.0000 1.4760 3.1234 -0.4504 1.4760 3.1234 -0.4504 90.0000 -19.7332 -90.0000 13.2780 85.5507 -22.9475 -4.9297 0.4560 2.7156 0.3436 0.3188 0.0140 0.0001 -0.0001 0.0000 -0.0000 0.0000 0.0000 0.0003 -0.0006 0.0000 0.0001 -0.0001 0.0000 -0.0000 0.0000 0.0000 -0.0000 0.0000 0.0000 0.0001 0.0007 -0.0000 0.0001 -0.0012 0.0000 0.0003 -0.0008 0.0000 -0.0000 0.0001 0.0000 -0.0000 0.0000 0.0000 -0.0000 -0.0009 0.0000 -29.9996 0.0002 0.0001 29.9996 -0.0003 0.0001 -0.0000 0.0000 0.0000 179.3952 3.0798 -4.9654 0.0607 -11.0040 -0.2293 37.7166 70.4962 -39.5369 -0.0000 25.3510 0.0000 -179.4648 4.4408 0.2718 -0.0809 -11.2026 0.0190 -25.6168 71.0286 28.0168 -0.0001 25.3508 0.0000
8.4292 96.1118 -16.6864 -0.2320 1.7606 4.1065 0.1692 0.5307 0.5569 0.1693 0.5308 0.5569 0.1698 0.5324 0.5585 -90.0000 -14.0144 90.0000 2.0960 87.0393 9.1516 8.6681 2.5718 -2.7405 -0.3441 0.3152 -0.0299 0.0001 0.0000 0.0000 -0.0000 0.0000 0.0000 -0.0008 -0.0013 -0.0000 0.0001 -0.0004 0.0000 -0.0000 0.0000 0.0000 -0.0000 0.0000 0.0000 -0.0000 0.0002 0.0000 0.0003 -0.0006 0.0000 -0.0006 0.0004 0.0000 0.0001 0.0000 0.0000 -0.0000 0.0000 0.0000 -0.0002 -0.0010 -0.0000 30.0001 0.0003 -0.0002 -29.9998 0.0005 0.0002 -0.0000 0.0000 0.0000 1.5608 3.1234 -0.5854 1.5608 3.1234 -0.5854 90.0000 -19.6259 -90.0000 15.2113 85.6607 -24.8957 -4.9479 0.4070 2.7956 0.3424 0.3158 0.0138 0.0001 -0.0001 0.0000 -0.0000 0.0000 0.0000 0.0003 -0.0006 0.0000 0.0001 -0.0001 0.0000 -0.0000 0.0000 0.0000 -0.0000 0.0000 0.0000 0.0001 0.0007 -0.0000 0.0001 -0.0012 0.0000 0.0003 -0.0008 0.0000 -0.0000 0.0001 0.0000 -0.0000 0.0000 0.0000 -0.0000 -0.0009 0.0000 -29.9996 0.0002 0.0001 29.9996 -0.0003 0.0001 -0.0000 0.0000 0.0000 -178.8724 3.1958 -3.1322 -2.8266 -8.9401 -4.8178 28.0927 70.1548 -28.4013 -0.0000 25.3510 0.0000 -179.7617 4.6302 0.5355 -0.0808 -11.7866 0.0185 -26.2146 71.2596 28.9641 -0.0001 25.3508 0.0000
8.7127 96.0749 -16.5129 -0.1459 1.7845 4.5393 0.0285 0.5096 0.5509 0.0285 0.5097 0.5509 0.0286 0.5112 0.5525 -90.0000 -14.1238 90.0000 3.9502 86.8694 7.3121 9.4596 3.0060 -2.7050 -0.3544 0.3165 -0.0336 0.0001 0.0000 0.0000 -0.0000 0.0000 0.0000 -0.0008 -0.0013 -0.0000 0.0001 -0.0004 0.0000 -0.0000 0.0000 0.0000 -0.0000 0.0000 0.0000 -0.0000 0.0002 0.0000 0.0003 -0.0006 0.0000 -0.0006 0.0004 0.0000 0.0001 0.0000 0.0000 -0.0000 0.0000 0.0000 -0.0002 -0.0010 -0.0000 30.0001 0.0002 -0.0001 -29.9998 0.0005 0.0002 -0.0000 0.0000 0.0000 1.6345 3.0855 -0.7114 1.6345 3.0855 -0.7114 90.0000 -19.5197 -90.0000 16.4595 85.7483 -26.2246 -4.9996 0.4219 2.8522 0.3419 0.3133 0.0139 0.0001 -0.0001 0.0000 -0.0000 0.0000 0.0000 0.0003 -0.0006 0.0000 0.0001 -0.0001 0.0000 -0.0000 0.0000 0.0000 -0.0000 0.0000 0.0000 0.0001 0.0007 -0.0000 0.0001 -0.0012 0.0000 0.0003 -0.0008 0.0000 -0.0000 0.0001 0.0000 -0.0000 0.0000 0.0000 -0.0000 -0.0008 0.0000 -29.9996 0.0002 0.0001 29.9996 -0.0003 0.0001 -0.0000 0.0000 0.0000 -179.1085 3.1596 -3.0152 -2.7817 -8.6692 -4.3466 28.2925 69.8464 -28.4609 -0.0000 25.3510 0.0000 179.9477 4.9071 0.7297 -0.0801 -12.6294 0.0237 -27.0269 71.6021 30.2096 -0.0001 25.3508 0.0000
8.9616 96.0178 -16.2733 -0.0516 1.7971 4.9514 -0.1131 0.5048 0.5479 -0.1131 0.5048 0.5479 -0.1135 0.5063 0.5495 -90.0000 -14.2168 90.0000 6.8000 86.6848 4.4821 10.2805 3.4910 -2.6897 -0.3658 0.3167 -0.0377 0.0001 0.0000 0.0000 -0.0000 0.0000 0.0000 -0.0008 -0.0013 -0.0000 0.0001 -0.0004 0.0000 -0.0000 0.0000 0.0000 -0.0000 0.0000 0.0000 -0.0000 0.0002 0.0000 0.0003 -0.0006 0.0000 -0.0006 0.0004 0.0000 0.0001 0.0000 0.0000 -0.0000 0.0000 0.0000 -0.0002 -0.0010 -0.0000 30.0001 0.0002 -0.0001 -29.9998 0.0005 0.0002 -0.0000 0.0000 0.0000 1.6997 3.0083 -0.8289 1.6997 3.0083 -0.8289 90.0000 -19.4092 -90.0000 16.9217 85.8264 -26.8128 -5.0746 0.4865 2.8837 0.3424 0.3114 0.0142 0.0001 -0.0001 0.0000 -0.0000 0.0000 0.0000 0.0003 -0.0006 0.0000 0.0001 -0.0001 0.0000 -0.0000 0.0000 0.0000 -0.0000 0.0000 0.0000 0.0001 0.0007 -0.0000 0.0001 -0.0012 0.0000 0.0003 -0.0008 0.0000 -0.0000 0.0001 0.0000 -0.0000 0.0000 0.0000 -0.0000 -0.0009 0.0000 -29.9996 0.0002 0.0001 29.9996 -0.0003 0.0001 -0.0000 0.0000 0.0000 -179.3313 3.1696 -2.9577 -2.7549 -8.5112 -3.8705 28.5092 69.6266 -28.5341 -0.0000 25.3510 0.0000 179.6756 5.2509 0.8730 -0.0782 -13.7119 0.0379 -28.0879 72.0296 31.7688 -0.0001 25.3508 0.0000
9.1339 95.9535 -15.9961 0.0745 1.7845 5.3504 -0.2628 0.5273 0.5381 -0.2628 0.5274 0.5381 -0.2635 0.5288 0.5397 -90.0000 -14.2948 90.0000 11.0077 86.4825 0.3168 11.0864 3.9987 -2.6943 -0.3796 0.3166 -0.0418 0.0001 0.0000 0.0000 -0.0000 0.0000 0.0000 -0.0008 -0.0013 -0.0000 0.0001 -0.0004 0.0000 -0.0000 0.0000 0.0000 -0.0000 0.0000 0.0000 -0.0000 0.0002 0.0000 0.0003 -0.0006 0.0000 -0.0006 0.0004 0.0000 0.0001 0.0000 0.0000 -0.0000 0.0000 0.0000 -0.0002 -0.0010 -0.0000 30.0001 0.0002 -0.0001 -29.9998 0.0005 0.0002 -0.0000 0.0000 0.0000 1.7507 2.8746 -0.9287 1.7507 2.8746 -0.9287 90.0000 -19.2890 -90.0000 16.0860 85.9157 -26.1506 -5.1689 0.6218 2.9032 0.3448 0.3100 0.0148 0.0001 -0.0001 0.0000 -0.0000 0.0000 0.0000 0.0003 -0.0006 0.0000 0.0001 -0.0001 0.0000 -0.0000 0.0000 0.0000 -0.0000 0.0000 0.0000 0.0001 0.0007 -0.0000 0.0001 -0.0012 0.0000 0.0003 -0.0008 0.0000 -0.0000 0.0001 0.0000 -0.0000 0.0000 0.0000 -0.0000 -0.0009 0.0000 -29.9996 0.0002 0.0001 29.9996 -0.0003 0.0001 -0.0000 0.0000 0.0000 -179.5677 3.2295 -2.9738 -2.7624 -8.4939 -3.3489 28.8135 69.4874 -28.6814 -0.0000 25.3510 0.0000 179.4232 5.7150 0.9838 -0.0738 -15.1184 0.0676 -29.3785 72.4827 33.6268 -0.0001 25.3508 0.0000
9.2614 95.9050 -15.7959 0.2347 1.7571 5.7419 -0.4200 0.5697 0.5164 -0.4200 0.5698 0.5164 -0.4214 0.5714 0.5179 -90.0000 -14.3660 90.0000 15.8236 86.2615 -4.4167 11.8738 4.4915 -2.7159 -0.3956 0.3167 -0.0461 0.0001 0.0000 0.0000 -0.0000 0.0000 0.0000 -0.0008 -0.0013 -0.0000 0.0001 -0.0004 0.0000 -0.0000 0.0000 0.0000 -0.0000 0.0000 0.0000 -0.0000 0.0002 0.0000 0.0003 -0.0006 0.0000 -0.0006 0.0004 0.0000 0.0001 0.0000 0.0000 -0.0000 0.0000 0.0000 -0.0002 -0.0010 -0.0000 30.0001 0.0002 -0.0001 -29.9998 0.0005 0.0002 -0.0000 0.0000 0.0000 1.7929 2.7092 -1.0111 1.7929 2.7092 -1.0111 90.0000 -19.1630 -90.0000 14.3050 86.0302 -24.5680 -5.3089 0.7851 2.8500 0.3466 0.3079 0.0155 0.0001 -0.0001 0.0000 -0.0000 0.0000 0.0000 0.0003 -0.0006 0.0000 0.0001 -0.0001 0.0000 -0.0000 0.0000 0.0000 -0.0000 0.0000 0.0000 0.0001 0.0007 -0.0000 0.0001 -0.0011 0.0000 0.0003 -0.0008 0.0000 -0.0000 0.0001 0.0000 -0.0000 0.0000 0.0000 -0.0000 -0.0009 0.0000 -29.9996 0.0002 0.0001 29.9996 -0.0003 0.0001 -0.0000 0.0000 0.0000 -179.8271 3.3034 -3.0267 -2.8071 -8.5546 -2.7843 29.2463 69.3775 -28.9375 -0.0000 25.3510 0.0000 179.1530 6.3152 1.1560 -0.0673 -16.7033 0.1056 -30.4376 72.8112 35.2887 -0.0001 25.3508 0.0000
9.3597 95.8930 -15.6966 0.4166 1.7100 6.1279 -0.5813 0.6319 0.4863 -0.5813 0.6320 0.4863 -0.5831 0.6338 0.4877 -90.0000 -14.4236 90.0000 20.8548 86.0161 -9.3248 12.6430 4.9636 -2.7450 -0.4140 0.3173 -0.0506 0.0001 0.0000 0.0000 -0.0000 0.0000 0.0000 -0.0008 -0.0013 -0.0000 0.0001 -0.0004 0.0000 -0.0000 0.0000 0.0000 -0.0000 0.0000 0.0000 -0.0000 0.0002 0.0000 0.0003 -0.0006 0.0000 -0.0006 0.0004 0.0000 0.0001 0.0000 0.0000 -0.0000 0.0000 0.0000 -0.0002 -0.0010 -0.0000 30.0001 0.0002 -0.0001 -29.9998 0.0005 0.0002 -0.0000 0.0000 0.0000 1.8288 2.5275 -1.0824 1.8288 2.5275 -1.0824 90.0000 -19.0420 -90.0000 11.7179 86.1774 -22.1859 -5.4887 0.9616 2.7328 0.3507 0.3071 0.0165 0.0001 -0.0001 0.0000 -0.0000 0.0000 0.0000 0.0003 -0.0006 0.0000 0.0001 -0.0001 0.0000 -0.0000 0.0000 0.0000 -0.0000 0.0000 0.0000 0.0001 0.0007 -0.0000 0.0001 -0.0012 0.0000 0.0003 -0.0008 0.0000 -0.0000 0.0001 0.0000 -0.0000 0.0000 0.0000 -0.0000 -0.0008 0.0000 -29.9996 0.0002 0.0001 29.9996 -0.0003 0.0001 -0.0000 0.0000 0.0000 179.9055 3.3711 -3.0731 -2.8768 -8.6727 -2.2378 29.7294 69.2984 -29.2378 -0.0000 25.3510 0.0000 178.8029 7.0665 1.7940 -0.0610 -18.4653 0.1338 -30.2081 73.1816 35.5842 -0.0001 25.3508 0.0000
9.4555 95.9144 -15.6867 0.6132 1.6218 6.5037 -0.7390 0.7246 0.4468 -0.7391 0.7247 0.4468 -0.7412 0.7268 0.4482 -90.0000 -14.4514 90.0000 26.0304 85.7317 -14.3196 13.3759 5.4140 -2.7608 -0.4346 0.3185 -0.0553 0.0001 0.0000 0.0000 -0.0000 0.0000 0.0000 -0.0008 -0.0013 -0.0000 0.0001 -0.0004 0.0000 -0.0000 0.0000 0.0000 -0.0000 0.0000 0.0000 -0.0000 0.0002 0.0000 0.0003 -0.0006 0.0000 -0.0006 0.0004 0.0000 0.0001 0.0000 0.0000 -0.0000 0.0000 0.0000 -0.0002 -0.0010 -0.0000 30.0001 0.0002 -0.0001 -29.9998 0.0005 0.0002 -0.0000 0.0000 0.0000 1.8481 2.3431 -1.1405 1.8481 2.3431 -1.1405 90.0000 -18.9293 -90.0000 8.2804 86.3807 -18.9320 -5.7332 1.1438 2.4984 0.3564 0.3068 0.0177 0.0001 -0.0001 0.0000 -0.0000 0.0000 0.0000 0.0003 -0.0006 0.0000 0.0001 -0.0001 0.0000 -0.0000 0.0000 0.0000 -0.0000 0.0000 0.0000 0.0001 0.0007 -0.0000 0.0001 -0.0011 0.0000 0.0003 -0.0008 0.0000 -0.0000 0.0001 0.0000 -0.0000 0.0000 0.0000 -0.0000 -0.0009 0.0000 -29.9996 0.0002 0.0001 29.9996 -0.0003 0.0001 -0.0000 0.0000 0.0000 179.6382 3.4118 -3.0513 -2.9547 -8.8484 -1.8203 30.1391 69.2704 -29.4782 -0.0000 25.3511 0.0000 178.3949 7.9741 2.6571 -0.0564 -20.4371 0.1463 -29.3102 73.3695 35.2092 -0.0001 25.3508 0.0000
9.5517 95.9298 -15.6830 0.7991 1.5030 6.8464 -0.8836 0.8349 0.4092 -0.8837 0.8351 0.4092 -0.8862 0.8375 0.4104 -90.0000 -14.4534 90.0000 31.2207 85.4086 -19.3059 14.0386 5.8410 -2.7132 -0.4566 0.3206 -0.0599 0.0001 0.0000 0.0000 -0.0000 0.0000 0.0000 -0.0008 -0.0013 -0.0000 0.0001 -0.0004 0.0000 -0.0000 0.0000 0.0000 -0.0000 0.0000 0.0000 -0.0000 0.0002 0.0000 0.0003 -0.0006 0.0000 -0.0006 0.0004 0.0000 0.0001 0.0000 0.0000 -0.0000 0.0000 0.0000 -0.0002 -0.0010 -0.0000 30.0001 0.0002 -0.0001 -29.9998 0.0005 0.0002 -0.0000 0.0000 0.0000 1.8508 2.1769 -1.1899 1.8508 2.1769 -1.1899 90.0000 -18.8354 -90.0000 4.0048 86.6038 -14.8451 -5.9935 1.3181 2.2053 0.3627 0.3064 0.0188 0.0001 -0.0001 0.0000 -0.0000 0.0000 0.0000 0.0003 -0.0006 0.0000 0.0001 -0.0001 0.0000 -0.0000 0.0000 0.0000 -0.0000 0.0000 0.0000 0.0001 0.0007 -0.0000 0.0001 -0.0011 0.0000 0.0003 -0.0008 0.0000 -0.0000 0.0001 0.0000 -0.0000 0.0000 0.0000 -0.0000 -0.0009 0.0000 -29.9996 0.0002 0.0001 29.9996 -0.0003 0.0001 -0.0000 0.0000 0.0000 179.3827 3.4241 -2.9689 -3.0522 -9.0399 -1.5362 30.5000 69.2631 -29.6605 -0.0000 25.3510 0.0000 177.9903 8.8661 3.5753 -0.0537 -22.4634 0.1467 -28.4266 73.4403 34.8972 -0.0001 25.3508 0.0000
9.6583 95.9360 -15.6617 0.9555 1.3662 7.1419 -1.0091 0.9513 0.3796 -1.0092 0.9515 0.3796 -1.0120 0.9542 0.3807 -90.0000 -14.4372 90.0000 36.1561 85.0515 -24.0004 14.6653 6.2477 -2.6206 -0.4796 0.3233 -0.0647 0.0001 0.0000 0.0000 -0.0000 0.0000 0.0000 -0.0008 -0.0013 -0.0000 0.0001 -0.0004 0.0000 -0.0000 0.0000 0.0000 -0.0000 0.0000 0.0000 -0.0000 0.0002 0.0000 0.0003 -0.0006 0.0000 -0.0006 0.0004 0.0000 0.0001 0.0000 0.0000 -0.0000 0.0000 0.0000 -0.0002 -0.0010 -0.0000 30.0001 0.0002 -0.0001 -29.9998 0.0005 0.0002 -0.0000 0.0000 0.0000 1.8431 2.0386 -1.2326 1.8431 2.0386 -1.2326 89.0060 -17.1416 -87.9064 -1.2538 86.8278 -9.7918 -6.2825 1.4904 1.8336 0.3702 0.3069 0.0201 0.0001 -0.0001 0.0000 -0.0000 0.0000 0.0000 0.0003 -0.0006 0.0000 0.0001 -0.0001 0.0000 -0.0000 0.0000 0.0000 -0.0000 0.0000 0.0000 0.0001 0.0007 -0.0000 0.0001 -0.0012 0.0000 0.0003 -0.0008 0.0000 -0.0000 0.0001 0.0000 -0.0000 0.0000 0.0000 -0.0000 -0.0009 0.0000 -29.9996 0.0002 0.0001 29.9996 -0.0003 0.0001 -0.0000 0.0000 0.0000 179.1544 3.4258 -2.8381 -3.1627 -9.2418 -1.3582 30.8674 69.2588 -29.8451 -0.0000 25.3510 0.0000 177.6232 9.6579 4.5180 -0.0515 -24.3949 0.1445 -27.6746 73.4288 34.7005 -0.0001 25.3508 0.0000
9.8153 95.9198 -15.6579 1.0400 1.2045 7.3602 -1.0955 1.0630 0.3648 -1.0957 1.0632 0.3649 -1.0987 1.0663 0.3660 -90.0000 -14.4013 90.0000 41.0217 84.6707 -28.5803 15.2586 6.6302 -2.4588 -0.5047 0.3276 -0.0696 0.0001 0.0000 0.0000 -0.0000 0.0000 0.0000 -0.0008 -0.0013 -0.0000 0.0001 -0.0004 0.0000 -0.0000 0.0000 0.0000 -0.0000 0.0000 0.0000 -0.0000 0.0002 0.0000 0.0003 -0.0006 0.0000 -0.0006 0.0004 0.0000 0.0001 0.0000 0.0000 -0.0000 0.0000 0.0000 -0.0002 -0.0010 -0.0000 30.0001 0.0002 -0.0001 -29.9998 0.0005 0.0002 -0.0000 0.0000 0.0000 1.8230 1.9530 -1.2654 1.8230 1.9530 -1.2654 89.0324 -17.0864 -87.7149 -8.1741 87.0344 -3.1325 -6.5507 1.6660 1.4357 0.3780 0.3081 0.0214 0.0001 -0.0001 0.0000 -0.0000 0.0000 0.0000 0.0003 -0.0006 0.0000 0.0001 -0.0001 0.0000 -0.0000 0.0000 0.0000 -0.0000 0.0000 0.0000 0.0001 0.0007 -0.0000 0.0001 -0.0011 0.0000 0.0003 -0.0008 0.0000 -0.0000 0.0001 0.0000 -0.0000 0.0000 0.0000 -0.0000 -0.0009 0.0000 -29.9996 0.0002 0.0001 29.9996 -0.0003 0.0001 -0.0000 0.0000 0.0000 178.9959 3.4046 -2.6401 -3.2637 -9.4381 -1.3377 31.2058 69.2618 -30.0233 -0.0000 25.3510 0.0000 177.3426 10.2753 5.4870 -0.0467 -26.0342 0.1558 -27.0479 73.4005 34.4186 -0.0001 25.3508 0.0000
10.0201 95.9245 -15.6957 1.0397 1.0211 7.5134 -1.1412 1.1621 0.3626 -1.1414 1.1624 0.3627 -1.1447 1.1657 0.3638 -90.0000 -14.3598 90.0000 45.6318 84.2824 -32.8853 15.8298 7.0007 -2.2479 -0.5304 0.3324 -0.0747 0.0001 0.0000 0.0000 -0.0000 0.0000 0.0000 -0.0008 -0.0013 -0.0000 0.0001 -0.0004 0.0000 -0.0000 0.0000 0.0000 -0.0000 0.0000 0.0000 -0.0000 0.0002 0.0000 0.0003 -0.0006 0.0000 -0.0006 0.0004 0.0000 0.0001 0.0000 0.0000 -0.0000 0.0000 0.0000 -0.0002 -0.0010 -0.0000 30.0001 0.0002 -0.0001 -29.9998 0.0005 0.0002 -0.0000 0.0000 0.0000 1.7880 1.9102 -1.2890 1.7880 1.9102 -1.2890 89.0453 -17.0493 -87.5393 -16.6097 87.1761 4.9828 -6.8593 1.8652 0.9710 0.3865 0.3109 0.0229 0.0001 -0.0001 0.0000 -0.0000 0.0000 0.0000 0.0003 -0.0006 0.0000 0.0001 -0.0001 0.0000 -0.0000 0.0000 0.0000 -0.0000 0.0000 0.0000 0.0001 0.0007 -0.0000 0.0001 -0.0011 0.0000 0.0003 -0.0008 0.0000 -0.0000 0.0001 0.0000 -0.0000 0.0000 0.0000 -0.0000 -0.0009 0.0000 -29.9996 0.0002 0.0001 29.9996 -0.0003 0.0001 -0.0000 0.0000 0.0000 178.9081 3.3469 -2.4227 -3.3356 -9.6013 -1.4065 31.5168 69.2622 -30.1914 -0.0000 25.3510 0.0000 177.1031 10.8383 6.3891 -0.0480 -27.3790 0.1427 -26.5423 73.3342 34.1455 -0.0001 25.3508 0.0000
10.2518 95.9420 -15.7531 0.9658 0.8295 7.6126 -1.1544 1.2455 0.3689 -1.1546 1.2458 0.3689 -1.1578 1.2493 0.3700 -90.0000 -14.3207 90.0000 50.0305 83.8951 -36.9698 16.3313 7.3294 -2.0117 -0.5564 0.3374 -0.0796 0.0001 0.0000 0.0000 -0.0000 0.0000 0.0000 -0.0008 -0.0013 -0.0000 0.0001 -0.0004 0.0000 -0.0000 0.0000 0.0000 -0.0000 0.0000 0.0000 -0.0000 0.0002 0.0000 0.0003 -0.0006 0.0000 -0.0006 0.0004 0.0000 0.0001 0.0000 0.0000 -0.0000 0.0000 0.0000 -0.0002 -0.0010 -0.0000 30.0001 0.0002 -0.0001 -29.9998 0.0005 0.0002 -0.0000 0.0000 0.0000 1.7420 1.9003 -1.3036 1.7420 1.9003 -1.3036 89.0550 -17.0274 -87.3815 -26.0932 87.2294 14.0999 -7.1595 2.0827 0.5010 0.3952 0.3142 0.0246 0.0001 -0.0001 0.0000 -0.0000 0.0000 0.0000 0.0003 -0.0006 0.0000 0.0001 -0.0001 0.0000 -0.0000 0.0000 0.0000 -0.0000 0.0000 0.0000 0.0001 0.0007 -0.0000 0.0001 -0.0012 0.0000 0.0003 -0.0008 0.0000 -0.0000 0.0001 0.0000 -0.0000 0.0000 0.0000 -0.0000 -0.0009 0.0000 -29.9996 0.0002 0.0001 29.9996 -0.0003 0.0001 -0.0000 0.0000 0.0000 178.8694 3.2554 -2.2152 -3.3733 -9.7149 -1.4991 31.8564 69.2384 -30.3936 -0.0000 25.3510 0.0000 176.9073 11.3766 7.1642 -0.0564 -28.4407 0.1041 -26.2829 73.2551 34.0472 -0.0001 25.3508 0.0000
10.4543 95.9983 -15.7718 0.8053 0.6376 7.6529 -1.1327 1.3045 0.3788 -1.1330 1.3049 0.3789 -1.1361 1.3084 0.3800 -90.0000 -14.3035 90.0000 54.4667 83.5336 -41.0765 16.8279 7.6204 -1.7297 -0.5847 0.3429 -0.0846 0.0001 0.0000 0.0000 -0.0000 0.0000 0.0000 -0.0008 -0.0013 -0.0000 0.0001 -0.0004 0.0000 -0.0000 0.0000 0.0000 -0.0000 0.0000 0.0000 -0.0000 0.0002 0.0000 0.0003 -0.0006 0.0000 -0.0006 0.0004 0.0000 0.0001 0.0000 0.0000 -0.0000 0.0000 0.0000 -0.0002 -0.0010 -0.0000 30.0001 0.0002 -0.0001 -29.9998 0.0005 0.0002 -0.0000 0.0000 0.0000 1.6980 1.9275 -1.3043 1.6980 1.9275 -1.3043 89.0608 -17.0192 -87.2634 -36.3713 87.1607 23.9460 -7.4842 2.3440 -0.0130 0.4045 0.3188 0.0265 0.0001 -0.0001 0.0000 -0.0000 0.0000 0.0000 0.0003 -0.0006 0.0000 0.0001 -0.0001 0.0000 -0.0000 0.0000 0.0000 -0.0000 0.0000 0.0000 0.0001 0.0007 -0.0000 0.0001 -0.0012 0.0000 0.0003 -0.0008 0.0000 -0.0000 0.0001 0.0000 -0.0000 0.0000 0.0000 -0.0000 -0.0009 0.0000 -29.9996 0.0002 0.0001 29.9996 -0.0003 0.0001 -0.0000 0.0000 0.0000 178.8762 3.1152 -2.0613 -3.3426 -9.7422 -1.5389 32.2809 69.1570 -30.6877 -0.0000 25.3510 0.0000 176.8146 11.8336 7.6992 -0.0652 -29.0145 0.0679 -26.3626 73.2089 34.1488 -0.0001 25.3508 0.0000
10.6257 96.0663 -15.7382 0.6037 0.4524 7.6674 -1.0961 1.3452 0.3835 -1.0963 1.3456 0.3835 -1.0994 1.3493 0.3847 -90.0000 -14.3030 90.0000 58.7912 83.1784 -45.0505 17.3503 7.9066 -1.4471 -0.6142 0.3480 -0.0899 0.0001 0.0000 0.0000 -0.0000 0.0000 0.0000 -0.0008 -0.0013 -0.0000 0.0001 -0.0004 0.0000 -0.0000 0.0000 0.0000 -0.0000 0.0000 0.0000 -0.0000 0.0002 0.0000 0.0003 -0.0006 0.0000 -0.0006 0.0004 0.0000 0.0001 0.0000 0.0000 -0.0000 0.0000 0.0000 -0.0002 -0.0010 -0.0000 30.0001 0.0002 -0.0001 -29.9998 0.0005 0.0002 -0.0000 0.0000 0.0000 1.6669 1.9718 -1.2941 1.6669 1.9718 -1.2941 89.0736 -17.0151 -87.1837 -46.5615 86.9644 33.6613 -7.8263 2.6368 -0.5570 0.4139 0.3237 0.0288 0.0001 -0.0001 0.0000 -0.0000 0.0000 0.0000 0.0003 -0.0006 0.0000 0.0001 -0.0001 0.0000 -0.0000 0.0000 0.0000 -0.0000 0.0000 0.0000 0.0001 0.0007 -0.0000 0.0001 -0.0011 0.0000 0.0003 -0.0008 0.0000 -0.0000 0.0001 0.0000 -0.0000 0.0000 0.0000 -0.0000 -0.0009 0.0000 -29.9996 0.0002 0.0001 29.9996 -0.0003 0.0001 -0.0000 0.0000 0.0000 178.9085 2.9258 -1.9700 -3.2415 -9.6974 -1.5195 32.6749 69.0551 -30.9797 -0.0000 25.3510 0.0000 176.8376 12.1557 8.0401 -0.0631 -29.1281 0.0755 -26.4316 73.1825 34.0666 -0.0001 25.3508 0.0000
10.7842 96.1379 -15.6718 0.3775 0.2759 7.6624 -1.0510 1.3721 0.3820 -1.0512 1.3724 0.3821 -1.0541 1.3762 0.3832 -90.0000 -14.3165 90.0000 62.9373 82.8136 -48.8285 17.8949 8.2086 -1.1840 -0.6470 0.3534 -0.0956 0.0001 0.0000 0.0000 -0.0000 0.0000 0.0000 -0.0008 -0.0013 -0.0000 0.0001 -0.0004 0.0000 -0.0000 0.0000 0.0000 -0.0000 0.0000 0.0000 -0.0000 0.0002 0.0000 0.0003 -0.0006 0.0000 -0.0006 0.0004 0.0000 0.0001 0.0000 0.0000 -0.0000 0.0000 0.0000 -0.0002 -0.0010 -0.0000 30.0001 0.0002 -0.0001 -29.9998 0.0005 0.0001 -0.0000 0.0000 0.0000 1.6472 2.0208 -1.2760 1.6472 2.0208 -1.2760 89.1035 -17.0128 -87.1272 -55.7906 86.6569 42.3980 -8.1914 2.9462 -1.1489 0.4243 0.3293 0.0312 0.0001 -0.0001 0.0000 -0.0000 0.0000 0.0000 0.0003 -0.0006 0.0000 0.0001 -0.0001 0.0000 -0.0000 0.0000 0.0000 -0.0000 0.0000 0.0000 0.0001 0.0007 -0.0000 0.0001 -0.0012 0.0000 0.0003 -0.0008 0.0000 -0.0000 0.0001 0.0000 -0.0000 0.0000 0.0000 -0.0000 -0.0009 0.0000 -29.9996 0.0002 0.0001 29.9996 -0.0003 0.0001 -0.0000 0.0000 0.0000 178.9616 2.6967 -1.9514 -3.0968 -9.5920 -1.4526 32.9917 68.9523 -31.2114 -0.0000 25.3510 0.0000 176.9335 12.3954 8.1543 -0.0577 -28.8583 0.0971 -26.4076 73.1564 33.9401 -0.0001 25.3508 0.0000
10.9337 96.1800 -15.5838 0.1416 0.1240 7.6305 -1.0032 1.3829 0.3723 -1.0034 1.3833 0.3723 -1.0063 1.3871 0.3734 -89.5898 -13.3407 87.4602 66.8434 82.4411 -52.3228 18.4784 8.5525 -0.9814 -0.6825 0.3582 -0.1020 0.0001 0.0000 0.0000 -0.0000 0.0000 0.0000 -0.0008 -0.0013 -0.0000 0.0001 -0.0004 0.0000 -0.0000 0.0000 0.0000 -0.0000 0.0000 0.0000 -0.0000 0.0002 0.0000 0.0003 -0.0006 0.0000 -0.0006 0.0004 0.0000 0.0001 0.0000 0.0000 -0.0000 0.0000 0.0000 -0.0002 -0.0010 -0.0000 30.0001 0.0002 -0.0001 -29.9998 0.0005 0.0002 -0.0000 0.0000 0.0000 1.6437 2.0601 -1.2511 1.6437 2.0601 -1.2511 89.1625 -17.0086 -87.0808 -63.9792 86.2563 50.0915 -8.5748 3.2582 -1.8135 0.4359 0.3354 0.0336 0.0001 -0.0001 0.0000 -0.0000 0.0000 0.0000 0.0003 -0.0006 0.0000 0.0001 -0.0001 0.0000 -0.0000 0.0000 0.0000 -0.0000 0.0000 0.0000 0.0001 0.0007 -0.0000 0.0001 -0.0011 0.0000 0.0003 -0.0008 0.0000 -0.0000 0.0001 0.0000 -0.0000 0.0000 0.0000 -0.0000 -0.0008 0.0000 -29.9996 0.0002 0.0001 29.9996 -0.0003 0.0001 -0.0000 0.0000 0.0000 179.0248 2.4456 -2.0279 -2.9158 -9.4197 -1.3356 33.1882 68.8545 -31.3376 -0.0000 25.3510 0.0000 177.0794 12.5866 7.8821 -0.0537 -28.1383 0.1158 -26.2541 73.0649 33.9002 -0.0001 25.3508 0.0000
11.0667 96.2059 -15.5068 -0.0771 -0.0095 7.5758 -0.9634 1.3847 0.3593 -0.9636 1.3851 0.3594 -0.9664 1.3888 0.3605 -89.5733 -13.3149 87.2538 70.6220 82.0319 -55.6385 19.1231 8.9290 -0.8028 -0.7232 0.3641 -0.1096 0.0001 0.0000 0.0000 -0.0000 0.0000 0.0000 -0.0008 -0.0013 -0.0000 0.0001 -0.0004 0.0000 -0.0000 0.0000 0.0000 -0.0000 0.0000 0.0000 -0.0000 0.0002 0.0000 0.0003 -0.0006 0.0000 -0.0006 0.0004 0.0000 0.0001 0.0000 0.0000 -0.0000 0.0000 0.0000 -0.0002 -0.0010 -0.0000 30.0001 0.0002 -0.0001 -29.9998 0.0005 0.0002 -0.0000 0.0000 0.0000 1.6645 2.0882 -1.2284 1.6645 2.0882 -1.2284 89.2397 -17.0017 -87.0405 -71.1217 85.7859 56.7512 -8.9449 3.5623 -2.5064 0.4485 0.3413 0.0362 0.0001 -0.0001 0.0000 -0.0000 0.0000 0.0000 0.0003 -0.0007 0.0000 0.0001 -0.0001 0.0000 -0.0000 0.0000 0.0000 -0.0000 0.0000 0.0000 0.0001 0.0007 -0.0000 0.0001 -0.0012 0.0000 0.0003 -0.0008 0.0000 -0.0000 0.0001 0.0000 -0.0000 0.0000 0.0000 -0.0000 -0.0009 0.0000 -29.9997 0.0002 0.0001 29.9996 -0.0003 0.0001 -0.0000 0.0000 0.0000 179.0775 2.2092 -2.1378 -2.7399 -9.2279 -1.2070 33.3567 68.7493 -31.4362 -0.0000 25.3510 0.0000 177.2222 12.7718 7.3389 -0.0521 -27.1448 0.1268 -25.7149 72.9243 33.6305 -0.0001 25.3508 0.0000
11.1799 96.2160 -15.4557 -0.2824 -0.1311 7.4910 -0.9285 1.3813 0.3485 -0.9288 1.3817 0.3486 -0.9313 1.3854 0.3497 -89.5441 -13.2813 87.0579 74.3648 81.5580 -58.8542 19.8210 9.3153 -0.6249 -0.7692 0.3711 -0.1182 0.0001 0.0000 0.0000 -0.0000 0.0000 0.0000 -0.0008 -0.0013 -0.0000 0.0001 -0.0004 0.0000 -0.0000 0.0000 0.0000 -0.0000 0.0000 0.0000 -0.0000 0.0003 0.0000 0.0003 -0.0006 0.0000 -0.0006 0.0004 0.0000 0.0001 0.0000 0.0000 -0.0000 0.0000 0.0000 -0.0002 -0.0010 -0.0000 30.0001 0.0003 -0.0002 -29.9998 0.0005 0.0002 -0.0000 0.0000 0.0000 1.6984 2.1079 -1.2100 1.6984 2.1079 -1.2100 89.3224 -16.9881 -87.0016 -77.3476 85.2533 62.5086 -9.3112 3.8716 -3.2381 0.4620 0.3469 0.0388 0.0001 -0.0001 0.0000 -0.0000 0.0000 0.0000 0.0003 -0.0006 0.0000 0.0001 -0.0001 0.0000 -0.0000 0.0000 0.0000 -0.0000 0.0000 0.0000 0.0001 0.0007 -0.0000 0.0001 -0.0012 0.0000 0.0003 -0.0008 0.0000 -0.0000 0.0001 0.0000 -0.0000 0.0000 0.0000 -0.0000 -0.0009 0.0000 -29.9996 0.0002 0.0001 29.9996 -0.0003 0.0001 -0.0000 0.0000 0.0000 179.1263 1.9988 -2.2481 -2.5825 -9.0425 -1.0945 33.5496 68.6327 -31.5584 -0.0000 25.3510 0.0000 177.3758 12.9420 6.5785 -0.0520 -25.9603 0.1335 -24.8476 72.7156 33.1208 -0.0001 25.3508 0.0000
11.2663 96.2286 -15.4482 -0.4722 -0.2414 7.3474 -0.8967 1.3746 0.3474 -0.8968 1.3750 0.3474 -0.8993 1.3787 0.3484 -89.5070 -13.2409 86.8769 78.1002 80.9856 -61.9684 20.5607 9.6918 -0.4342 -0.8220 0.3804 -0.1281 0.0001 0.0000 0.0000 -0.0000 0.0000 0.0000 -0.0008 -0.0013 -0.0000 0.0001 -0.0004 0.0000 -0.0000 0.0000 0.0000 -0.0000 0.0000 0.0000 -0.0000 0.0002 0.0000 0.0003 -0.0006 0.0000 -0.0006 0.0004 0.0000 0.0001 0.0000 0.0000 -0.0000 0.0000 0.0000 -0.0002 -0.0010 -0.0000 30.0001 0.0002 -0.0001 -29.9998 0.0005 0.0002 -0.0000 0.0000 0.0000 1.7329 2.1179 -1.1978 1.7329 2.1179 -1.1978 89.3997 -16.9689 -86.9555 -83.0993 84.6585 67.8101 -9.6517 4.1753 -4.0280 0.4780 0.3535 0.0415 0.0001 -0.0001 0.0000 -0.0000 0.0000 0.0000 0.0003 -0.0006 0.0000 0.0001 -0.0001 0.0000 -0.0000 0.0000 0.0000 -0.0000 0.0000 0.0000 0.0001 0.0007 -0.0000 0.0001 -0.0012 0.0000 0.0003 -0.0008 0.0000 -0.0000 0.0001 0.0000 -0.0000 0.0000 0.0000 -0.0000 -0.0009 0.0000 -29.9996 0.0002 0.0001 29.9996 -0.0003 0.0001 -0.0000 0.0000 0.0000 179.1671 1.8405 -2.3107 -2.4481 -8.9041 -1.0717 33.7959 68.5116 -31.7394 -0.0000 25.3510 0.0000 177.5786 13.0717 5.4995 -0.0532 -24.5862 0.1354 -23.7680 72.4711 32.4675 -0.0001 25.3508 0.0000
11.3446 96.2354 -15.4580 -0.6510 -0.3534 7.1513 -0.8635 1.3715 0.3551 -0.8637 1.3718 0.3552 -0.8661 1.3757 0.3562 -89.4704 -13.1982 86.7073 81.5754 80.3489 -64.7893 21.3681 10.0767 -0.2003 -0.8810 0.3917 -0.1392 0.0001 0.0000 0.0000 -0.0000 0.0000 0.0000 -0.0008 -0.0013 -0.0000 0.0001 -0.0004 0.0000 -0.0000 0.0000 0.0000 -0.0000 0.0000 0.0000 -0.0001 0.0003 0.0000 0.0003 -0.0006 0.0000 -0.0006 0.0004 0.0000 0.0001 0.0000 0.0000 -0.0000 0.0000 0.0000 -0.0002 -0.0010 -0.0000 30.0001 0.0002 -0.0001 -29.9998 0.0005 0.0002 -0.0000 0.0000 0.0000 1.7570 2.1189 -1.1868 1.7570 2.1189 -1.1868 89.4673 -16.9424 -86.8915 -88.2677 84.0084 72.5096 -9.9732 4.4631 -4.8411 0.4954 0.3602 0.0441 0.0001 -0.0001 0.0000 -0.0000 0.0000 0.0000 0.0003 -0.0006 0.0000 0.0001 -0.0001 0.0000 -0.0000 0.0000 0.0000 -0.0000 0.0000 0.0000 0.0001 0.0007 -0.0000 0.0001 -0.0012 0.0000 0.0003 -0.0008 0.0000 -0.0000 0.0001 0.0000 -0.0000 0.0000 0.0000 -0.0000 -0.0009 0.0000 -29.9996 0.0002 0.0001 29.9996 -0.0003 0.0001 -0.0000 0.0000 0.0000 179.1952 1.7088 -2.2913 -2.3241 -8.8143 -1.1839 34.0590 68.4062 -31.9460 -0.0000 25.3510 0.0000 177.8099 13.1533 4.2424 -0.0576 -23.1543 0.1230 -22.6074 72.1424 31.7019 -0.0001 25.3508 0.0000
11.4235 96.2403 -15.4602 -0.8122 -0.4709 6.9115 -0.8309 1.3730 0.3689 -0.8311 1.3733 0.3691 -0.8335 1.3772 0.3701 -89.4398 -13.1581 86.5521 84.9605 79.6043 -67.4630 22.1770 10.4473 0.0415 -0.9473 0.4048 -0.1514 0.0001 0.0000 0.0000 -0.0000 0.0000 0.0000 -0.0008 -0.0013 -0.0000 0.0001 -0.0004 0.0000 -0.0000 0.0000 0.0000 -0.0000 0.0000 0.0000 -0.0000 0.0003 0.0000 0.0003 -0.0006 0.0000 -0.0006 0.0004 0.0000 0.0001 0.0000 0.0000 -0.0000 0.0000 0.0000 -0.0002 -0.0010 -0.0000 30.0001 0.0003 -0.0002 -29.9998 0.0005 0.0002 -0.0000 0.0000 0.0000 1.7718 2.1160 -1.1737 1.7718 2.1160 -1.1737 89.5257 -16.8994 -86.8128 -92.7749 83.3028 76.5090 -10.2932 4.7453 -5.6445 0.5163 0.3684 0.0470 0.0001 -0.0001 0.0000 -0.0000 0.0000 0.0000 0.0003 -0.0006 0.0000 0.0001 -0.0001 0.0000 -0.0000 0.0000 0.0000 -0.0000 0.0000 0.0000 0.0001 0.0007 -0.0000 0.0001 -0.0012 0.0000 0.0003 -0.0008 0.0000 -0.0000 0.0001 0.0000 -0.0000 0.0000 0.0000 -0.0000 -0.0009 0.0000 -29.9997 0.0002 0.0001 29.9996 -0.0003 0.0001 -0.0000 0.0000 0.0000 179.2095 1.5781 -2.1974 -2.2156 -8.7524 -1.4147 34.3329 68.3179 -32.1716 -0.0000 25.3510 0.0000 178.0243 13.1757 2.9772 -0.0638 -21.7211 0.0985 -21.1956 71.7712 30.6181 -0.0001 25.3508 0.0000
11.5049 96.2296 -15.4194 -0.9411 -0.5948 6.6166 -0.8016 1.3798 0.3939 -0.8017 1.3802 0.3940 -0.8040 1.3840 0.3951 -89.4197 -13.1236 86.4334 88.1086 78.7701 -69.8958 23.0369 10.8489 0.3447 -1.0204 0.4195 -0.1651 0.0001 0.0000 0.0000 -0.0000 0.0000 0.0000 -0.0008 -0.0013 -0.0000 0.0001 -0.0004 0.0000 -0.0000 0.0000 0.0000 -0.0000 0.0000 0.0000 -0.0000 0.0002 0.0000 0.0003 -0.0006 0.0000 -0.0006 0.0004 0.0000 0.0001 0.0000 0.0000 -0.0000 0.0000 0.0000 -0.0002 -0.0010 -0.0000 30.0001 0.0002 -0.0001 -29.9998 0.0005 0.0002 -0.0000 0.0000 0.0000 1.7746 2.1128 -1.1608 1.7746 2.1128 -1.1608 89.5699 -16.8453 -86.7207 -96.7650 82.5392 79.9142 -10.6243 5.0252 -6.3830 0.5395 0.3772 0.0500 0.0001 -0.0001 0.0000 -0.0000 0.0000 0.0000 0.0003 -0.0006 0.0000 0.0001 -0.0001 0.0000 -0.0000 0.0000 0.0000 -0.0000 0.0000 0.0000 0.0001 0.0007 -0.0000 0.0001 -0.0012 0.0000 0.0003 -0.0008 0.0000 -0.0000 0.0001 0.0000 -0.0000 0.0000 0.0000 -0.0000 -0.0009 0.0000 -29.9996 0.0002 0.0001 29.9996 -0.0003 0.0001 -0.0000 0.0000 0.0000 179.2013 1.4209 -2.0426 -2.1296 -8.6994 -1.7565 34.6246 68.2521 -32.4272 -0.0000 25.3510 0.0000 178.1845 13.1448 1.8146 -0.0720 -20.3686 0.0602 -19.4342 71.4077 29.0773 -0.0001 25.3508 0.0000
11.5851 96.2124 -15.3422 -1.0479 -0.7207 6.3001 -0.7736 1.3872 0.4231 -0.7737 1.3875 0.4233 -0.7760 1.3914 0.4245 -89.4033 -13.0836 86.3359 91.0490 77.8782 -72.1316 23.9232 11.2640 0.6839 -1.0996 0.4356 -0.1801 0.0001 0.0000 0.0000 -0.0000 0.0000 0.0000 -0.0008 -0.0013 -0.0000 0.0001 -0.0004 0.0000 -0.0000 0.0000 0.0000 -0.0000 0.0000 0.0000 -0.0000 0.0002 0.0000 0.0003 -0.0006 0.0000 -0.0006 0.0004 0.0000 0.0001 0.0000 0.0000 -0.0000 0.0000 0.0000 -0.0002 -0.0010 -0.0000 30.0001 0.0002 -0.0001 -29.9998 0.0005 0.0002 -0.0000 0.0000 0.0000 1.7674 2.1127 -1.1479 1.7674 2.1127 -1.1479 89.6018 -16.7871 -86.6335 -100.2783 81.7231 82.7756 -10.9613 5.2975 -7.0347 0.5661 0.3868 0.0534 0.0001 -0.0001 0.0000 -0.0000 0.0000 0.0000 0.0003 -0.0006 0.0000 0.0001 -0.0001 0.0000 -0.0000 0.0000 0.0000 -0.0000 0.0000 0.0000 0.0001 0.0007 -0.0000 0.0001 -0.0011 0.0000 0.0003 -0.0008 0.0000 -0.0000 0.0001 0.0000 -0.0000 0.0000 0.0000 -0.0000 -0.0009 0.0000 -29.9996 0.0002 0.0001 29.9996 -0.0003 0.0001 -0.0000 0.0000 0.0000 179.1776 1.2320 -1.8479 -2.0581 -8.6397 -2.1621 34.9085 68.2125 -32.6869 -0.0000 25.3510 0.0000 178.2821 13.0968 0.8809 -0.0798 -19.1440 0.0174 -17.3107 71.1506 27.0889 -0.0001 25.3508 0.0000
11.6636 96.1898 -15.2491 -1.1348 -0.8450 5.9819 -0.7474 1.3924 0.4517 -0.7476 1.3928 0.4518 -0.7496 1.3966 0.4531 -89.3870 -13.0376 86.2565 93.8278 76.9322 -74.2128 24.8166 11.6753 1.0486 -1.1849 0.4534 -0.1961 0.0001 0.0000 0.0000 -0.0000 0.0000 0.0000 -0.0008 -0.0013 -0.0000 0.0001 -0.0004 0.0000 -0.0000 0.0000 0.0000 -0.0000 0.0000 0.0000 -0.0000 0.0002 0.0000 0.0003 -0.0006 0.0000 -0.0006 0.0004 0.0000 0.0001 0.0000 0.0000 -0.0000 0.0000 0.0000 -0.0002 -0.0010 -0.0000 30.0001 0.0002 -0.0001 -29.9998 0.0005 0.0002 -0.0000 0.0000 0.0000 1.7540 2.1166 -1.1354 1.7540 2.1166 -1.1354 89.6241 -16.7192 -86.5606 -103.4078 80.8619 85.2095 -11.3071 5.5510 -7.6208 0.5951 0.3967 0.0569 0.0001 -0.0001 0.0000 -0.0000 0.0000 0.0000 0.0003 -0.0006 0.0000 0.0001 -0.0001 0.0000 -0.0000 0.0000 0.0000 -0.0000 0.0000 0.0000 0.0001 0.0007 -0.0000 0.0001 -0.0012 0.0000 0.0003 -0.0008 0.0000 -0.0000 0.0001 0.0000 -0.0000 0.0000 0.0000 -0.0000 -0.0008 0.0000 -29.9996 0.0002 0.0001 29.9996 -0.0003 0.0001 -0.0000 0.0000 0.0000 179.1513 1.0176 -1.6196 -2.0101 -8.5734 -2.6093 35.1754 68.2003 -32.9399 -0.0000 25.3510 0.0000 178.3296 13.0347 0.1734 -0.0866 -18.0421 -0.0241 -14.8783 70.9897 24.7059 -0.0001 25.3508 0.0000
11.7315 96.1742 -15.1514 -1.1882 -0.9570 5.6860 -0.7265 1.3892 0.4731 -0.7266 1.3895 0.4732 -0.7287 1.3934 0.4746 -89.3634 -12.9836 86.1999 96.4667 75.9251 -76.1527 25.7134 12.0801 1.4420 -1.2759 0.4733 -0.2133 0.0001 0.0000 0.0000 -0.0000 0.0000 0.0000 -0.0008 -0.0013 -0.0000 0.0001 -0.0004 0.0000 -0.0000 0.0000 0.0000 -0.0000 0.0000 0.0000 -0.0000 0.0002 0.0000 0.0003 -0.0006 0.0000 -0.0006 0.0004 0.0000 0.0001 0.0000 0.0000 -0.0000 0.0000 0.0000 -0.0002 -0.0010 -0.0000 30.0001 0.0002 -0.0001 -29.9998 0.0005 0.0002 -0.0000 0.0000 0.0000 1.7395 2.1314 -1.1265 1.7395 2.1314 -1.1265 89.6464 -16.6478 -86.5000 -106.2741 79.9713 87.3472 -11.6742 5.7655 -8.1625 0.6275 0.4074 0.0605 0.0001 -0.0001 0.0000 -0.0000 0.0000 0.0000 0.0003 -0.0006 0.0000 0.0001 -0.0001 0.0000 -0.0000 0.0000 0.0000 -0.0000 0.0000 0.0000 0.0001 0.0007 -0.0000 0.0001 -0.0012 0.0000 0.0003 -0.0008 0.0000 -0.0000 0.0001 0.0000 -0.0000 0.0000 0.0000 -0.0000 -0.0008 0.0000 -29.9997 0.0002 0.0001 29.9996 -0.0003 0.0001 -0.0000 0.0000 0.0000 179.1407 0.7900 -1.3782 -2.0231 -8.5040 -3.0493 35.4369 68.2180 -33.1941 -0.0000 25.3510 0.0000 178.3467 12.9505 -0.3194 -0.0906 -17.0914 -0.0522 -12.2675 70.8957 22.0430 -0.0001 25.3508 0.0000
11.7788 96.1558 -15.0567 -1.2189 -1.0523 5.4259 -0.7099 1.3766 0.4876 -0.7100 1.3770 0.4877 -0.7121 1.3809 0.4891 -89.3285 -12.9211 86.1536 99.0145 74.8679 -77.9953 26.5808 12.4436 1.8879 -1.3709 0.4962 -0.2310 0.0001 0.0000 0.0000 -0.0000 0.0000 0.0000 -0.0008 -0.0013 -0.0000 0.0001 -0.0004 0.0000 -0.0000 0.0000 0.0000 -0.0000 0.0000 0.0000 -0.0000 0.0003 0.0000 0.0003 -0.0006 0.0000 -0.0006 0.0004 0.0000 0.0001 0.0000 0.0000 -0.0000 0.0000 0.0000 -0.0002 -0.0010 -0.0000 30.0001 0.0002 -0.0001 -29.9998 0.0005 0.0002 -0.0000 0.0000 0.0000 1.7285 2.1548 -1.1257 1.7285 2.1548 -1.1257 89.6742 -16.5838 -86.4407 -108.9005 79.0766 89.2682 -12.0481 5.9529 -8.7161 0.6614 0.4182 0.0642 0.0001 -0.0001 0.0000 -0.0000 0.0000 0.0000 0.0003 -0.0006 0.0000 0.0001 -0.0001 0.0000 -0.0000 0.0000 0.0000 -0.0000 0.0000 0.0000 0.0001 0.0007 -0.0000 0.0001 -0.0012 0.0000 0.0003 -0.0008 0.0000 -0.0000 0.0001 0.0000 -0.0000 0.0000 0.0000 -0.0000 -0.0009 0.0000 -29.9997 0.0002 0.0001 29.9996 -0.0003 0.0001 -0.0000 0.0000 0.0000 179.1393 0.5812 -1.1602 -2.0746 -8.4475 -3.4269 35.7171 68.2460 -33.4679 -0.0000 25.3510 0.0000 178.3306 12.8520 -0.6562 -0.0937 -16.2380 -0.0768 -9.5627 70.8235 19.1646 -0.0001 25.3508 0.0000
11.8055 96.1315 -14.9641 -1.2340 -1.1361 5.2041 -0.6962 1.3580 0.4944 -0.6964 1.3583 0.4945 -0.6983 1.3622 0.4959 -89.2834 -12.8495 86.1100 101.4795 73.7973 -79.7800 27.4348 12.7620 2.4307 -1.4678 0.5225 -0.2488 0.0001 0.0000 0.0000 -0.0000 0.0000 0.0000 -0.0008 -0.0013 -0.0000 0.0001 -0.0004 0.0000 -0.0000 0.0000 0.0000 -0.0000 0.0000 0.0000 -0.0001 0.0003 0.0000 0.0003 -0.0006 0.0000 -0.0006 0.0004 0.0000 0.0001 0.0000 0.0000 -0.0000 0.0000 0.0000 -0.0002 -0.0010 -0.0000 30.0001 0.0002 -0.0001 -29.9998 0.0005 0.0002 -0.0000 0.0000 0.0000 1.7203 2.1811 -1.1318 1.7203 2.1811 -1.1318 89.7042 -16.5245 -86.3825 -111.2487 78.2121 90.9650 -12.4526 6.1396 -9.3042 0.6968 0.4293 0.0679 0.0001 -0.0001 0.0000 -0.0000 0.0000 0.0000 0.0003 -0.0006 0.0000 0.0001 -0.0001 0.0000 -0.0000 0.0000 0.0000 -0.0000 0.0000 0.0000 0.0001 0.0007 -0.0000 0.0001 -0.0011 0.0000 0.0003 -0.0008 0.0000 -0.0000 0.0001 0.0000 -0.0000 0.0000 0.0000 -0.0000 -0.0008 0.0000 -29.9996 0.0002 0.0001 29.9996 -0.0003 0.0001 -0.0000 0.0000 0.0000 179.1342 0.3873 -0.9573 -2.1381 -8.4057 -3.7540 36.0055 68.2849 -33.7522 -0.0000 25.3511 0.0000 178.2858 12.7454 -0.8783 -0.0963 -15.4635 -0.1001 -6.8143 70.6767 16.0944 -0.0001 25.3508 0.0000
11.8236 96.1016 -14.8727 -1.2302 -1.2114 5.0394 -0.6846 1.3362 0.4870 -0.6847 1.3365 0.4870 -0.6867 1.3403 0.4884 -89.2260 -12.7668 86.0617 104.0336 72.6468 -81.6010 28.2035 12.9570 3.0418 -1.5679 0.5538 -0.2657 0.0001 0.0000 0.0000 -0.0000 0.0000 0.0000 -0.0008 -0.0013 -0.0000 0.0001 -0.0004 0.0000 -0.0000 0.0000 0.0000 -0.0000 0.0000 0.0000 -0.0000 0.0002 0.0000 0.0003 -0.0006 0.0000 -0.0006 0.0004 0.0000 0.0001 0.0000 0.0000 -0.0000 0.0000 0.0000 -0.0002 -0.0010 -0.0000 30.0001 0.0002 -0.0001 -29.9998 0.0005 0.0002 -0.0000 0.0000 0.0000 1.7138 2.2024 -1.1419 1.7138 2.2024 -1.1419 89.7315 -16.4624 -86.3280 -113.5110 77.3355 92.6268 -12.8484 6.2805 -9.9330 0.7340 0.4411 0.0714 0.0001 -0.0001 0.0000 -0.0000 0.0000 0.0000 0.0003 -0.0006 0.0000 0.0001 -0.0001 0.0000 -0.0000 0.0000 0.0000 -0.0000 0.0000 0.0000 0.0001 0.0007 -0.0000 0.0001 -0.0012 0.0000 0.0003 -0.0008 0.0000 -0.0000 0.0001 0.0000 -0.0000 0.0000 0.0000 -0.0000 -0.0009 0.0000 -29.9996 0.0002 0.0001 29.9996 -0.0003 0.0001 -0.0000 0.0000 0.0000 179.1224 0.1950 -0.7851 -2.2009 -8.3773 -4.0191 36.2594 68.3516 -34.0087 -0.0000 25.3510 0.0000 178.2279 12.6305 -1.1600 -0.0987 -14.8109 -0.1230 -4.5943 70.3092 13.4457 -0.0001 25.3508 0.0000
11.8519 96.0705 -14.7623 -1.2137 -1.2843 4.9096 -0.6711 1.3147 0.4693 -0.6713 1.3150 0.4694 -0.6732 1.3188 0.4708 -89.1609 -12.6758 86.0069 106.4347 71.4933 -83.2722 28.9344 13.1276 3.6808 -1.6666 0.5878 -0.2824 0.0001 0.0000 0.0000 -0.0000 0.0000 0.0000 -0.0008 -0.0013 -0.0000 0.0001 -0.0004 0.0000 -0.0000 0.0000 0.0000 -0.0000 0.0000 0.0000 -0.0000 0.0002 0.0000 0.0003 -0.0006 0.0000 -0.0006 0.0004 0.0000 0.0001 0.0000 0.0000 -0.0000 0.0000 0.0000 -0.0002 -0.0010 -0.0000 30.0001 0.0002 -0.0001 -29.9998 0.0005 0.0002 -0.0000 0.0000 0.0000 1.7029 2.2138 -1.1504 1.7029 2.2138 -1.1504 89.7542 -16.4002 -86.2670 -115.6022 76.4552 94.1217 -13.2511 6.4006 -10.5571 0.7734 0.4538 0.0749 0.0001 -0.0001 0.0000 -0.0000 0.0000 0.0000 0.0003 -0.0006 0.0000 0.0001 -0.0001 0.0000 -0.0000 0.0000 0.0000 -0.0000 0.0000 0.0000 0.0001 0.0007 -0.0000 0.0001 -0.0012 0.0000 0.0003 -0.0008 0.0000 -0.0000 0.0001 0.0000 -0.0000 0.0000 0.0000 -0.0000 -0.0008 0.0000 -29.9997 0.0002 0.0001 29.9996 -0.0003 0.0001 -0.0000 0.0000 0.0000 179.0993 -0.0091 -0.6734 -2.2467 -8.3478 -4.2290 36.4427 68.4471 -34.2002 -0.0000 25.3510 0.0000 178.1762 12.5079 -1.5032 -0.1002 -14.2589 -0.1399 -2.8812 69.8066 11.2962 -0.0001 25.3508 0.0000
11.8862 96.0440 -14.6238 -1.1913 -1.3572 4.8018 -0.6534 1.2937 0.4448 -0.6535 1.2940 0.4449 -0.6554 1.2977 0.4462 -89.0898 -12.5798 85.9536 108.7167 70.3298 -84.8112 29.6171 13.2698 4.3078 -1.7626 0.6235 -0.2984 0.0001 0.0000 0.0000 -0.0000 0.0000 0.0000 -0.0008 -0.0013 -0.0000 0.0001 -0.0004 0.0000 -0.0000 0.0000 0.0000 -0.0000 0.0000 0.0000 -0.0000 0.0003 0.0000 0.0003 -0.0006 0.0000 -0.0006 0.0004 0.0000 0.0001 0.0000 0.0000 -0.0000 0.0000 0.0000 -0.0002 -0.0010 -0.0000 30.0001 0.0002 -0.0001 -29.9998 0.0005 0.0002 -0.0000 0.0000 0.0000 1.6848 2.2157 -1.1550 1.6848 2.2157 -1.1550 89.7675 -16.3376 -86.2042 -117.4887 75.5743 95.4020 -13.6694 6.5179 -11.1536 0.8146 0.4675 0.0786 0.0001 -0.0001 0.0000 -0.0000 0.0000 0.0000 0.0003 -0.0006 0.0000 0.0001 -0.0001 0.0000 -0.0000 0.0000 0.0000 -0.0000 0.0000 0.0000 0.0001 0.0007 -0.0000 0.0001 -0.0012 0.0000 0.0003 -0.0008 0.0000 -0.0000 0.0001 0.0000 -0.0000 0.0000 0.0000 -0.0000 -0.0008 0.0000 -29.9997 0.0002 0.0001 29.9996 -0.0003 0.0001 -0.0000 0.0000 0.0000 179.0581 -0.2312 -0.6200 -2.2622 -8.3094 -4.3957 36.5534 68.5693 -34.3246 -0.0000 25.3510 0.0000 178.1319 12.3714 -1.8384 -0.1010 -13.7929 -0.1516 -1.4894 69.2664 9.4522 -0.0001 25.3508 0.0000
11.9199 96.0214 -14.4530 -1.1653 -1.4278 4.7154 -0.6277 1.2718 0.4121 -0.6278 1.2720 0.4122 -0.6297 1.2756 0.4133 -89.0126 -12.4797 85.9097 110.9045 69.1627 -86.2320 30.2405 13.3682 4.8794 -1.8569 0.6591 -0.3136 0.0001 0.0000 0.0000 -0.0000 0.0000 0.0000 -0.0008 -0.0013 -0.0000 0.0001 -0.0004 0.0000 -0.0000 0.0000 0.0000 -0.0000 0.0000 0.0000 -0.0001 0.0002 0.0000 0.0003 -0.0006 0.0000 -0.0006 0.0004 0.0000 0.0001 0.0000 0.0000 -0.0000 0.0000 0.0000 -0.0002 -0.0010 -0.0000 30.0001 0.0002 -0.0001 -29.9998 0.0005 0.0002 -0.0000 0.0000 0.0000 1.6525 2.2027 -1.1498 1.6525 2.2027 -1.1498 89.7566 -16.2696 -86.1550 -119.1577 74.6877 96.4539 -14.1102 6.6364 -11.6891 0.8584 0.4827 0.0826 0.0001 -0.0001 0.0000 -0.0000 0.0000 0.0000 0.0003 -0.0006 0.0000 0.0001 -0.0001 0.0000 -0.0000 0.0000 0.0000 -0.0000 0.0000 0.0000 0.0001 0.0007 -0.0000 0.0001 -0.0012 0.0000 0.0003 -0.0008 0.0000 -0.0000 0.0001 0.0000 -0.0000 0.0000 0.0000 -0.0000 -0.0009 0.0000 -29.9996 0.0002 0.0001 29.9996 -0.0003 0.0001 -0.0000 0.0000 0.0000 178.9832 -0.4815 -0.6263 -2.2243 -8.2452 -4.5198 36.5743 68.7209 -34.3707 -0.0000 25.3511 0.0000 178.1071 12.2141 -2.1875 -0.1015 -13.4581 -0.1589 -0.6882 68.7113 8.2026 -0.0001 25.3508 0.0000
11.9537 95.9994 -14.2816 -1.1365 -1.4911 4.6407 -0.5971 1.2464 0.3735 -0.5972 1.2466 0.3735 -0.5989 1.2502 0.3747 -88.9289 -12.3769 85.8712 112.9168 68.0066 -87.4639 30.8301 13.4411 5.4035 -1.9472 0.6962 -0.3283 0.0001 0.0000 0.0000 -0.0000 0.0000 0.0000 -0.0008 -0.0013 -0.0000 0.0001 -0.0004 0.0000 -0.0000 0.0000 0.0000 -0.0000 0.0000 0.0000 -0.0001 0.0002 0.0000 0.0003 -0.0006 0.0000 -0.0006 0.0004 0.0000 0.0001 0.0000 0.0000 -0.0000 0.0000 0.0000 -0.0002 -0.0010 -0.0000 30.0001 0.0002 -0.0001 -29.9998 0.0005 0.0002 -0.0000 0.0000 0.0000 1.6092 2.1803 -1.1343 1.6092 2.1803 -1.1343 89.7290 -16.1965 -86.1199 -120.7006 73.7538 97.3668 -14.5214 6.7351 -12.1779 0.9048 0.4990 0.0865 0.0001 -0.0001 0.0000 -0.0000 0.0000 0.0000 0.0003 -0.0006 0.0000 0.0001 -0.0001 0.0000 -0.0000 0.0000 0.0000 -0.0000 0.0000 0.0000 0.0001 0.0007 -0.0000 0.0001 -0.0012 0.0000 0.0003 -0.0008 0.0000 -0.0000 0.0001 0.0000 -0.0000 0.0000 0.0000 -0.0000 -0.0009 0.0000 -29.9996 0.0002 0.0001 29.9996 -0.0003 0.0001 -0.0000 0.0000 0.0000 178.8984 -0.7298 -0.6549 -2.1707 -8.1716 -4.6198 36.5627 68.8801 -34.3925 -0.0000 25.3510 0.0000 178.1002 12.0236 -2.5368 -0.1020 -13.2402 -0.1660 -0.4299 68.2113 7.4801 -0.0001 25.3508 0.0000
11.9887 95.9763 -14.1289 -1.1033 -1.5428 4.5736 -0.5635 1.2156 0.3296 -0.5636 1.2158 0.3296 -0.5651 1.2193 0.3306 -88.8349 -12.2771 85.8359 114.7706 66.8690 -88.5351 31.3855 13.4969 5.8964 -2.0303 0.7349 -0.3425 0.0001 0.0000 0.0000 -0.0000 0.0000 0.0000 -0.0008 -0.0013 -0.0000 0.0001 -0.0004 0.0000 -0.0000 0.0000 0.0000 -0.0000 0.0000 0.0000 -0.0000 0.0002 0.0000 0.0003 -0.0006 0.0000 -0.0006 0.0004 0.0000 0.0001 0.0000 0.0000 -0.0000 0.0000 0.0000 -0.0002 -0.0010 -0.0000 30.0001 0.0002 -0.0001 -29.9998 0.0005 0.0002 -0.0000 0.0000 0.0000 1.5585 2.1539 -1.1080 1.5585 2.1539 -1.1080 89.6939 -16.1165 -86.0892 -122.1302 72.7940 98.1560 -14.9148 6.8188 -12.6378 0.9525 0.5164 0.0905 0.0001 -0.0001 0.0000 -0.0000 0.0000 0.0000 0.0003 -0.0006 0.0000 0.0001 -0.0001 0.0000 -0.0000 0.0000 0.0000 -0.0000 0.0000 0.0000 0.0001 0.0007 -0.0000 0.0001 -0.0012 0.0000 0.0003 -0.0008 0.0000 -0.0000 0.0001 0.0000 -0.0000 0.0000 0.0000 -0.0000 -0.0009 0.0000 -29.9997 0.0002 0.0001 29.9996 -0.0003 0.0001 -0.0000 0.0000 0.0000 178.8098 -0.9701 -0.6963 -2.1110 -8.0935 -4.7000 36.5342 69.0433 -34.4080 -0.0000 25.3510 0.0000 178.1215 11.8181 -2.8758 -0.1023 -13.1278 -0.1705 -0.5701 67.8822 7.1238 -0.0001 25.3508 0.0000
12.0178 95.9507 -13.9890 -1.0627 -1.5676 4.5136 -0.5264 1.1754 0.2762 -0.5265 1.1756 0.2762 -0.5280 1.1790 0.2770 -88.7265 -12.1981 85.8009 116.4703 65.7731 -89.4556 31.9183 13.5163 6.3682 -2.1058 0.7755 -0.3559 0.0001 0.0000 0.0000 -0.0000 0.0000 0.0000 -0.0008 -0.0013 -0.0000 0.0001 -0.0004 0.0000 -0.0000 0.0000 0.0000 -0.0000 0.0000 0.0000 -0.0000 0.0002 0.0000 0.0003 -0.0006 0.0000 -0.0006 0.0004 0.0000 0.0001 0.0000 0.0000 -0.0000 0.0000 0.0000 -0.0002 -0.0010 -0.0000 30.0001 0.0002 -0.0001 -29.9998 0.0005 0.0002 -0.0000 0.0000 0.0000 1.4998 2.1278 -1.0614 1.4998 2.1278 -1.0614 89.6546 -16.0182 -86.0550 -123.3926 71.8559 98.7967 -15.3172 6.8974 -13.0932 1.0015 0.5355 0.0947 0.0001 -0.0001 0.0000 -0.0000 0.0000 0.0000 0.0003 -0.0006 0.0000 0.0001 -0.0001 0.0000 -0.0000 0.0000 0.0000 -0.0000 0.0000 0.0000 0.0001 0.0007 -0.0000 0.0001 -0.0012 0.0000 0.0003 -0.0008 0.0000 -0.0000 0.0001 0.0000 -0.0000 0.0000 0.0000 -0.0000 -0.0008 0.0000 -29.9996 0.0002 0.0001 29.9996 -0.0003 0.0001 -0.0000 0.0000 0.0000 178.7267 -1.1852 -0.7242 -2.0537 -8.0182 -4.7905 36.4676 69.2204 -34.4096 -0.0000 25.3510 0.0000 178.2038 11.5904 -3.1709 -0.1016 -13.0963 -0.1653 -1.1860 67.6994 7.0805 -0.0001 25.3508 0.0000
12.0148 95.9231 -13.8360 -1.0241 -1.5649 4.4559 -0.4838 1.1317 0.2168 -0.4838 1.1319 0.2169 -0.4852 1.1352 0.2175 -88.6158 -12.1321 85.7594 118.0064 64.7060 -90.2344 32.4467 13.4990 6.8672 -2.1766 0.8201 -0.3689 0.0001 0.0000 0.0000 -0.0000 0.0000 0.0000 -0.0008 -0.0013 -0.0000 0.0001 -0.0004 0.0000 -0.0000 0.0000 0.0000 -0.0000 0.0000 0.0000 -0.0001 0.0002 0.0000 0.0003 -0.0006 0.0000 -0.0006 0.0004 0.0000 0.0001 0.0000 0.0000 -0.0000 0.0000 0.0000 -0.0002 -0.0010 -0.0000 30.0001 0.0002 -0.0001 -29.9998 0.0005 0.0002 -0.0000 0.0000 0.0000 1.4413 2.0916 -1.0024 1.4413 2.0916 -1.0024 89.6115 -15.9046 -86.0202 -124.4854 70.9364 99.3018 -15.7135 6.9748 -13.5478 1.0508 0.5564 0.0991 0.0001 -0.0001 0.0000 -0.0000 0.0000 0.0000 0.0003 -0.0006 0.0000 0.0001 -0.0001 0.0000 -0.0000 0.0000 0.0000 -0.0000 0.0000 0.0000 0.0001 0.0007 -0.0000 0.0001 -0.0012 0.0000 0.0003 -0.0008 0.0000 -0.0000 0.0001 0.0000 -0.0000 0.0000 0.0000 -0.0000 -0.0009 0.0000 -29.9996 0.0002 0.0001 29.9996 -0.0003 0.0001 -0.0000 0.0000 0.0000 178.6549 -1.3768 -0.7153 -1.9982 -7.9408 -4.9361 36.3214 69.4190 -34.3559 -0.0000 25.3510 0.0000 178.3207 11.3709 -3.3805 -0.1006 -13.0086 -0.1570 -1.9900 67.4230 7.1780 -0.0001 25.3508 0.0000
11.9780 95.8979 -13.6539 -0.9971 -1.5387 4.3994 -0.4347 1.0870 0.1569 -0.4348 1.0872 0.1570 -0.4360 1.0904 0.1575 -88.5042 -12.0607 85.7109 119.4124 63.6650 -90.9116 32.9635 13.4441 7.4160 -2.2417 0.8691 -0.3811 0.0001 0.0000 0.0000 -0.0000 0.0000 0.0000 -0.0008 -0.0013 -0.0000 0.0001 -0.0004 0.0000 -0.0000 0.0000 0.0000 -0.0000 0.0000 0.0000 -0.0000 0.0002 0.0000 0.0003 -0.0006 0.0000 -0.0006 0.0004 0.0000 0.0001 0.0000 0.0000 -0.0000 0.0000 0.0000 -0.0002 -0.0010 -0.0000 30.0001 0.0002 -0.0001 -29.9998 0.0005 0.0002 -0.0000 0.0000 0.0000 1.3882 2.0434 -0.9399 1.3882 2.0434 -0.9399 89.5691 -15.7845 -85.9822 -125.4462 70.0383 99.7066 -16.1059 7.0597 -13.9798 1.0999 0.5779 0.1035 0.0001 -0.0001 0.0000 -0.0000 0.0000 0.0000 0.0003 -0.0006 0.0000 0.0001 -0.0001 0.0000 -0.0000 0.0000 0.0000 -0.0000 0.0000 0.0000 0.0001 0.0007 -0.0000 0.0001 -0.0011 0.0000 0.0003 -0.0008 0.0000 -0.0000 0.0001 0.0000 -0.0000 0.0000 0.0000 -0.0000 -0.0009 0.0000 -29.9996 0.0002 0.0001 29.9996 -0.0003 0.0001 -0.0000 0.0000 0.0000 178.5991 -1.5497 -0.6797 -1.9435 -7.8606 -5.1348 36.0868 69.6390 -34.2324 -0.0000 25.3510 0.0000 178.4602 11.1519 -3.4790 -0.0991 -12.8111 -0.1455 -2.7616 67.0420 7.2666 -0.0001 25.3508 0.0000
11.9229 95.8814 -13.4327 -1.0005 -1.4770 4.3386 -0.3726 1.0409 0.1002 -0.3726 1.0410 0.1002 -0.3737 1.0441 0.1005 -88.3878 -11.9705 85.6590 120.6952 62.6764 -91.5144 33.4729 13.3281 8.0478 -2.2996 0.9232 -0.3920 0.0001 0.0000 0.0000 -0.0000 0.0000 0.0000 -0.0008 -0.0013 -0.0000 0.0001 -0.0004 0.0000 -0.0000 0.0000 0.0000 -0.0000 0.0000 0.0000 -0.0000 0.0002 0.0000 0.0003 -0.0006 0.0000 -0.0006 0.0004 0.0000 0.0001 0.0000 0.0000 -0.0000 0.0000 0.0000 -0.0002 -0.0010 -0.0000 30.0001 0.0003 -0.0002 -29.9998 0.0005 0.0002 -0.0000 0.0000 0.0000 1.3441 1.9779 -0.8761 1.3441 1.9779 -0.8761 89.5328 -15.6691 -85.9442 -126.2420 69.1830 99.9887 -16.4968 7.1604 -14.3764 1.1486 0.5999 0.1082 0.0001 -0.0001 0.0000 -0.0000 0.0000 0.0000 0.0003 -0.0006 0.0000 0.0001 -0.0001 0.0000 -0.0000 0.0000 0.0000 -0.0000 0.0000 0.0000 0.0001 0.0007 -0.0000 0.0001 -0.0012 0.0000 0.0003 -0.0008 0.0000 -0.0000 0.0001 0.0000 -0.0000 0.0000 0.0000 -0.0000 -0.0008 0.0000 -29.9997 0.0002 0.0001 29.9996 -0.0003 0.0001 -0.0000 0.0000 0.0000 178.5791 -1.7074 -0.6302 -1.8811 -7.7668 -5.4027 35.6978 69.8966 -33.9812 -0.0000 25.3510 0.0000 178.5888 10.9335 -3.3898 -0.0976 -12.4559 -0.1359 -3.1385 66.6522 7.1207 -0.0001 25.3508 0.0000
11.8877 95.8704 -13.1912 -1.0369 -1.3824 4.2695 -0.2951 0.9916 0.0460 -0.2951 0.9918 0.0460 -0.2960 0.9947 0.0461 -88.2715 -11.8651 85.6055 121.8732 61.7460 -92.0442 33.9818 13.1569 8.7409 -2.3501 0.9813 -0.4015 0.0001 0.0000 0.0000 -0.0000 0.0000 0.0000 -0.0008 -0.0013 -0.0000 0.0001 -0.0004 0.0000 -0.0000 0.0000 0.0000 -0.0000 0.0000 0.0000 -0.0001 0.0002 0.0000 0.0003 -0.0006 0.0000 -0.0006 0.0004 0.0000 0.0001 0.0000 0.0000 -0.0000 0.0000 0.0000 -0.0002 -0.0010 -0.0000 30.0001 0.0002 -0.0001 -29.9998 0.0005 0.0002 -0.0000 0.0000 0.0000 1.3041 1.8961 -0.8097 1.3041 1.8961 -0.8097 89.4946 -15.5612 -85.9114 -126.8886 68.3766 100.1398 -16.8952 7.2776 -14.7436 1.1960 0.6226 0.1133 0.0001 -0.0001 0.0000 -0.0000 0.0000 0.0000 0.0003 -0.0006 0.0000 0.0001 -0.0001 0.0000 -0.0000 0.0000 0.0000 -0.0000 0.0000 0.0000 0.0001 0.0007 -0.0000 0.0001 -0.0012 0.0000 0.0003 -0.0008 0.0000 -0.0000 0.0001 0.0000 -0.0000 0.0000 0.0000 -0.0000 -0.0009 0.0000 -29.9996 0.0002 0.0001 29.9996 -0.0003 0.0001 -0.0000 0.0000 0.0000 178.5900 -1.8493 -0.5922 -1.8034 -7.6576 -5.7063 35.1815 70.1766 -33.6217 -0.0000 25.3510 0.0000 178.6850 10.7083 -3.2103 -0.0968 -12.0843 -0.1331 -3.1306 66.3620 6.8823 -0.0001 25.3508 0.0000
11.8706 95.8623 -12.9391 -1.1019 -1.2599 4.1935 -0.2048 0.9400 -0.0058 -0.2048 0.9401 -0.0058 -0.2054 0.9428 -0.0058 -88.1568 -11.7423 85.5560 122.9444 60.8667 -92.4834 34.4771 12.9341 9.4760 -2.3922 1.0426 -0.4096 0.0001 0.0000 0.0000 -0.0000 0.0000 0.0000 -0.0008 -0.0013 -0.0000 0.0001 -0.0004 0.0000 -0.0000 0.0000 0.0000 -0.0000 0.0000 0.0000 -0.0000 0.0002 0.0000 0.0003 -0.0006 0.0000 -0.0006 0.0004 0.0000 0.0001 0.0000 0.0000 -0.0000 0.0000 0.0000 -0.0002 -0.0010 -0.0000 30.0001 0.0002 -0.0001 -29.9998 0.0005 0.0002 -0.0000 0.0000 0.0000 1.2707 1.8002 -0.7433 1.2707 1.8002 -0.7433 89.4507 -15.4630 -85.8882 -127.4184 67.6134 100.1949 -17.3059 7.4135 -15.0873 1.2422 0.6462 0.1187 0.0001 -0.0001 0.0000 -0.0000 0.0000 0.0000 0.0003 -0.0006 0.0000 0.0001 -0.0001 0.0000 -0.0000 0.0000 0.0000 -0.0000 0.0000 0.0000 0.0001 0.0007 -0.0000 0.0001 -0.0012 0.0000 0.0003 -0.0008 0.0000 -0.0000 0.0001 0.0000 -0.0000 0.0000 0.0000 -0.0000 -0.0009 0.0000 -29.9996 0.0002 0.0001 29.9996 -0.0003 0.0001 -0.0000 0.0000 0.0000 178.6242 -1.9720 -0.5822 -1.7113 -7.5369 -6.0108 34.5818 70.4601 -33.1880 -0.0000 25.3510 0.0000 178.7594 10.5012 -3.0290 -0.0970 -11.7688 -0.1380 -2.9599 66.1931 6.7274 -0.0001 25.3508 0.0000
11.8480 95.8491 -12.6888 -1.1985 -1.1050 4.1169 -0.1048 0.8843 -0.0546 -0.1048 0.8844 -0.0546 -0.1051 0.8870 -0.0548 -88.0360 -11.5800 85.5210 123.8879 60.0728 -92.8052 34.9301 12.6278 10.2459 -2.4222 1.1061 -0.4153 0.0001 0.0000 0.0000 -0.0000 0.0000 0.0000 -0.0008 -0.0013 -0.0000 0.0001 -0.0004 0.0000 -0.0000 0.0000 0.0000 -0.0000 0.0000 0.0000 -0.0001 0.0003 0.0000 0.0003 -0.0006 0.0000 -0.0006 0.0004 0.0000 0.0001 0.0000 0.0000 -0.0000 0.0000 0.0000 -0.0002 -0.0010 -0.0000 30.0001 0.0002 -0.0001 -29.9998 0.0005 0.0002 -0.0000 0.0000 0.0000 1.2590 1.6930 -0.6853 1.2590 1.6930 -0.6853 89.4043 -15.3933 -85.8778 -127.8488 66.9178 100.1898 -17.7861 7.6037 -15.3734 1.2883 0.6690 0.1251 0.0001 -0.0001 0.0000 -0.0000 0.0000 0.0000 0.0003 -0.0006 0.0000 0.0001 -0.0001 0.0000 -0.0000 0.0000 0.0000 -0.0000 0.0000 0.0000 0.0001 0.0007 -0.0000 0.0001 -0.0012 0.0000 0.0003 -0.0008 0.0000 -0.0000 0.0001 0.0000 -0.0000 0.0000 0.0000 -0.0000 -0.0009 0.0000 -29.9997 0.0002 0.0001 29.9996 -0.0003 0.0001 -0.0000 0.0000 0.0000 178.6909 -2.0612 -0.6471 -1.6078 -7.4153 -6.2486 33.9483 70.7257 -32.7194 -0.0000 25.3510 0.0000 178.8586 10.3777 -2.9560 -0.0970 -11.5669 -0.1414 -2.7792 66.1839 6.8155 -0.0001 25.3508 0.0000
11.7922 95.8327 -12.4542 -1.2966 -0.9360 4.0475 -0.0071 0.8289 -0.1047 -0.0071 0.8290 -0.1047 -0.0071 0.8314 -0.1050 -87.8997 -11.3839 85.4953 124.7019 59.3604 -93.0334 35.3253 12.2847 11.0209 -2.4411 1.1698 -0.4196 0.0001 0.0000 0.0000 -0.0000 0.0000 0.0000 -0.0008 -0.0013 -0.0000 0.0001 -0.0004 0.0000 -0.0000 0.0000 0.0000 -0.0000 0.0000 0.0000 -0.0000 0.0002 0.0000 0.0003 -0.0006 0.0000 -0.0006 0.0004 0.0000 0.0001 0.0000 0.0000 -0.0000 0.0000 0.0000 -0.0002 -0.0010 -0.0000 30.0001 0.0002 -0.0001 -29.9998 0.0005 0.0002 -0.0000 0.0000 0.0000 1.2646 1.5921 -0.6303 1.2646 1.5921 -0.6303 89.3556 -15.3437 -85.8735 -128.2314 66.2752 100.1823 -18.3108 7.8453 -15.6147 1.3342 0.6905 0.1321 0.0001 -0.0001 0.0000 -0.0000 0.0000 0.0000 0.0003 -0.0006 0.0000 0.0001 -0.0001 0.0000 -0.0000 0.0000 0.0000 -0.0000 0.0000 0.0000 0.0001 0.0007 -0.0000 0.0001 -0.0011 0.0000 0.0003 -0.0008 0.0000 -0.0000 0.0001 0.0000 -0.0000 0.0000 0.0000 -0.0000 -0.0009 0.0000 -29.9996 0.0002 0.0001 29.9996 -0.0003 0.0001 -0.0000 0.0000 0.0000 178.7747 -2.1312 -0.7916 -1.5052 -7.3053 -6.3924 33.3402 70.9663 -32.2693 -0.0000 25.3510 0.0000 179.0119 10.3471 -3.0433 -0.0960 -11.4024 -0.1330 -2.7839 66.1803 7.1204 -0.0001 25.3508 0.0000
11.7168 95.8125 -12.2238 -1.3842 -0.7616 3.9836 0.0859 0.7792 -0.1582 0.0859 0.7793 -0.1582 0.0862 0.7816 -0.1587 -87.7698 -11.1817 85.4692 125.3777 58.7361 -93.1842 35.6518 11.9534 11.7785 -2.4515 1.2306 -0.4227 0.0001 0.0000 0.0000 -0.0000 0.0000 0.0000 -0.0008 -0.0013 -0.0000 0.0001 -0.0004 0.0000 -0.0000 0.0000 0.0000 -0.0000 0.0000 0.0000 -0.0000 0.0002 0.0000 0.0003 -0.0006 0.0000 -0.0006 0.0004 0.0000 0.0001 0.0000 0.0000 -0.0000 0.0000 0.0000 -0.0002 -0.0010 -0.0000 30.0001 0.0002 -0.0001 -29.9998 0.0005 0.0002 -0.0000 0.0000 0.0000 1.2824 1.4941 -0.5742 1.2824 1.4941 -0.5742 89.2998 -15.3051 -85.8676 -128.5727 65.6836 100.1819 -18.8690 8.1386 -15.8139 1.3799 0.7108 0.1400 0.0001 -0.0001 0.0000 -0.0000 0.0000 0.0000 0.0003 -0.0006 0.0000 0.0001 -0.0001 0.0000 -0.0000 0.0000 0.0000 -0.0000 0.0000 0.0000 0.0001 0.0007 -0.0000 0.0001 -0.0012 0.0000 0.0003 -0.0008 0.0000 -0.0000 0.0001 0.0000 -0.0000 0.0000 0.0000 -0.0000 -0.0009 0.0000 -29.9996 0.0002 0.0001 29.9996 -0.0003 0.0001 -0.0000 0.0000 0.0000 178.8611 -2.1863 -1.0014 -1.4040 -7.2172 -6.4610 32.7623 71.1901 -31.8410 -0.0000 25.3510 0.0000 179.1860 10.3677 -3.2679 -0.0946 -11.2423 -0.1203 -2.9861 66.1437 7.6222 -0.0001 25.3508 0.0000
11.6279 95.7940 -11.9773 -1.4470 -0.5886 3.9216 0.1682 0.7442 -0.2140 0.1682 0.7443 -0.2140 0.1687 0.7465 -0.2146 -87.6595 -10.9695 85.4363 125.8763 58.2340 -93.2200 35.8668 11.6236 12.3929 -2.4540 1.2824 -0.4244 0.0001 0.0000 0.0000 -0.0000 0.0000 0.0000 -0.0008 -0.0013 -0.0000 0.0001 -0.0004 0.0000 -0.0000 0.0000 0.0000 -0.0000 0.0000 0.0000 -0.0001 0.0003 0.0000 0.0003 -0.0007 0.0000 -0.0006 0.0004 0.0000 0.0001 0.0000 0.0000 -0.0000 0.0000 0.0000 -0.0002 -0.0010 -0.0000 30.0001 0.0003 -0.0002 -29.9998 0.0005 0.0002 -0.0000 0.0000 0.0000 1.3126 1.3999 -0.5167 1.3126 1.3999 -0.5167 89.2357 -15.2870 -85.8497 -128.8714 65.1741 100.2204 -19.4610 8.5095 -15.9510 1.4247 0.7284 0.1489 0.0001 -0.0001 0.0000 -0.0000 0.0000 0.0000 0.0003 -0.0006 0.0000 0.0001 -0.0001 0.0000 -0.0000 0.0000 0.0000 -0.0000 0.0000 0.0000 0.0001 0.0007 -0.0000 0.0001 -0.0011 0.0000 0.0003 -0.0008 0.0000 -0.0000 0.0001 0.0000 -0.0000 0.0000 0.0000 -0.0000 -0.0009 0.0000 -29.9996 0.0002 0.0001 29.9996 -0.0002 0.0000 -0.0000 0.0000 0.0000 178.9511 -2.2050 -1.2974 -1.3230 -7.1973 -6.4363 32.2564 71.4000 -31.4668 -0.0000 25.3510 0.0000 179.3388 10.4028 -3.6212 -0.0939 -11.0951 -0.1144 -3.4362 66.0945 8.3487 -0.0001 25.3508 0.0000
11.5349 95.7816 -11.7217 -1.4858 -0.4262 3.8542 0.2408 0.7256 -0.2692 0.2408 0.7257 -0.2692 0.2415 0.7279 -0.2700 -87.5675 -10.7509 85.3983 126.2452 57.8479 -93.2108 35.9923 11.3527 12.9309 -2.4486 1.3258 -0.4253 0.0001 0.0000 0.0000 -0.0000 0.0000 0.0000 -0.0008 -0.0013 -0.0000 0.0001 -0.0004 0.0000 -0.0000 0.0000 0.0000 -0.0000 0.0000 0.0000 -0.0001 0.0003 0.0000 0.0003 -0.0006 0.0000 -0.0006 0.0004 0.0000 0.0001 0.0000 0.0000 -0.0000 0.0000 0.0000 -0.0002 -0.0010 -0.0000 30.0001 0.0002 -0.0001 -29.9998 0.0005 0.0002 -0.0000 0.0000 0.0000 1.3439 1.3097 -0.4550 1.3439 1.3097 -0.4550 89.1745 -15.2850 -85.8105 -129.1391 64.7542 100.2890 -20.0728 8.9461 -16.0364 1.4677 0.7434 0.1587 0.0001 -0.0001 0.0000 -0.0000 0.0000 0.0000 0.0003 -0.0006 0.0000 0.0001 -0.0001 0.0000 -0.0000 0.0000 0.0000 -0.0000 0.0000 0.0000 0.0001 0.0007 -0.0000 0.0001 -0.0012 0.0000 0.0003 -0.0008 0.0000 -0.0000 0.0001 0.0000 -0.0000 0.0000 0.0000 -0.0000 -0.0009 0.0000 -29.9996 0.0002 0.0001 29.9996 -0.0003 0.0001 -0.0000 0.0000 0.0000 179.0560 -2.1745 -1.6458 -1.2831 -7.2724 -6.3603 31.8338 71.6050 -31.1582 -0.0000 25.3510 0.0000 179.4764 10.4215 -3.9630 -0.0937 -10.9961 -0.1141 -3.9472 66.0769 9.0334 -0.0001 25.3508 0.0000
11.4219 95.7746 -11.4792 -1.5060 -0.2772 3.7759 0.3061 0.7218 -0.3200 0.3062 0.7219 -0.3200 0.3071 0.7240 -0.3210 -87.4918 -10.5304 85.3564 126.5280 57.5798 -93.2074 36.0397 11.1454 13.4120 -2.4354 1.3601 -0.4252 0.0001 0.0000 0.0000 -0.0000 0.0000 0.0000 -0.0008 -0.0013 -0.0000 0.0001 -0.0004 0.0000 -0.0000 0.0000 0.0000 -0.0000 0.0000 0.0000 -0.0000 0.0002 0.0000 0.0003 -0.0006 0.0000 -0.0006 0.0004 0.0000 0.0001 0.0000 0.0000 -0.0000 0.0000 0.0000 -0.0002 -0.0010 -0.0000 30.0001 0.0002 -0.0001 -29.9998 0.0005 0.0001 -0.0000 0.0000 0.0000 1.3710 1.2240 -0.3906 1.3710 1.2240 -0.3906 89.1177 -15.3026 -85.7532 -129.3780 64.4226 100.3759 -20.6803 9.4323 -16.0838 1.5074 0.7558 0.1691 0.0001 -0.0001 0.0000 -0.0000 0.0000 0.0000 0.0003 -0.0006 0.0000 0.0001 -0.0001 0.0000 -0.0000 0.0000 0.0000 -0.0000 0.0000 0.0000 0.0001 0.0007 -0.0000 0.0001 -0.0012 0.0000 0.0003 -0.0008 0.0000 -0.0000 0.0001 0.0000 -0.0000 0.0000 0.0000 -0.0000 -0.0009 0.0000 -29.9996 0.0002 0.0001 29.9996 -0.0003 0.0001 -0.0000 0.0000 0.0000 179.1739 -2.0986 -2.0279 -1.2850 -7.4423 -6.2545 31.5144 71.8047 -30.9350 -0.0000 25.3510 0.0000 179.6334 10.4316 -4.2525 -0.0935 -10.9578 -0.1120 -4.4484 66.0938 9.5733 -0.0001 25.3508 0.0000
11.2695 95.7808 -11.2817 -1.5121 -0.1529 3.6767 0.3655 0.7381 -0.3611 0.3655 0.7382 -0.3611 0.3667 0.7404 -0.3622 -87.4572 -10.3386 85.3148 126.7429 57.4999 -93.2542 35.9756 11.0288 13.8529 -2.4109 1.3803 -0.4228 0.0001 0.0000 0.0000 -0.0000 0.0000 0.0000 -0.0008 -0.0013 -0.0000 0.0001 -0.0004 0.0000 -0.0000 0.0000 0.0000 -0.0000 0.0000 0.0000 -0.0000 0.0002 0.0000 0.0003 -0.0006 0.0000 -0.0006 0.0004 0.0000 0.0001 0.0000 0.0000 -0.0000 0.0000 0.0000 -0.0002 -0.0010 -0.0000 30.0001 0.0002 -0.0001 -29.9998 0.0005 0.0002 -0.0000 0.0000 0.0000 1.3875 1.1437 -0.3232 1.3875 1.1437 -0.3232 89.0654 -15.3483 -85.6770 -129.5629 64.2317 100.4699 -21.2632 9.9860 -16.0871 1.5404 0.7640 0.1799 0.0001 -0.0001 0.0000 -0.0000 0.0000 0.0000 0.0003 -0.0006 0.0000 0.0001 -0.0001 0.0000 -0.0000 0.0000 0.0000 -0.0000 0.0000 0.0000 0.0001 0.0007 -0.0000 0.0001 -0.0011 0.0000 0.0003 -0.0008 0.0000 -0.0000 0.0001 0.0000 -0.0000 0.0000 0.0000 -0.0000 -0.0008 0.0000 -29.9997 0.0002 0.0001 29.9996 -0.0003 0.0001 -0.0000 0.0000 0.0000 179.3211 -1.9489 -2.4019 -1.3603 -7.7709 -6.1585 31.4029 71.9898 -30.8946 -0.0000 25.3510 0.0000 179.8434 10.4332 -4.4525 -0.0927 -11.0048 -0.1041 -4.8999 66.1646 9.8752 -0.0001 25.3508 0.0000
11.1008 95.7891 -11.1110 -1.5219 -0.0543 3.5687 0.4232 0.7681 -0.3932 0.4233 0.7682 -0.3933 0.4246 0.7705 -0.3944 -87.4450 -10.1631 85.2866 126.9403 57.5736 -93.3561 35.8290 10.9587 14.2676 -2.3759 1.3890 -0.4180 0.0001 0.0000 0.0000 -0.0000 0.0000 0.0000 -0.0008 -0.0013 -0.0000 0.0001 -0.0004 0.0000 -0.0000 0.0000 0.0000 -0.0000 0.0000 0.0000 -0.0000 0.0003 0.0000 0.0003 -0.0006 0.0000 -0.0006 0.0004 0.0000 0.0001 0.0000 0.0000 -0.0000 0.0000 0.0000 -0.0002 -0.0010 -0.0000 30.0001 0.0002 -0.0001 -29.9998 0.0005 0.0002 -0.0000 0.0000 0.0000 1.3989 1.0701 -0.2607 1.3989 1.0701 -0.2607 89.0210 -15.4224 -85.6060 -129.6859 64.1770 100.5326 -21.8375 10.5961 -16.0302 1.5656 0.7677 0.1910 0.0001 -0.0001 0.0000 -0.0000 0.0000 0.0000 0.0003 -0.0006 0.0000 0.0001 -0.0001 0.0000 -0.0000 0.0000 0.0000 -0.0000 0.0000 0.0000 0.0001 0.0007 -0.0000 0.0001 -0.0011 0.0000 0.0003 -0.0008 0.0000 -0.0000 0.0001 0.0000 -0.0000 0.0000 0.0000 -0.0000 -0.0008 0.0000 -29.9996 0.0002 0.0001 29.9996 -0.0003 0.0001 -0.0000 0.0000 0.0000 179.5108 -1.7451 -2.7409 -1.5004 -8.2367 -6.0979 31.4558 72.1657 -31.0050 -0.0000 25.3510 0.0000 -179.9299 10.4205 -4.5983 -0.0921 -11.0955 -0.0965 -5.2891 66.2652 10.0469 -0.0001 25.3508 0.0000
10.9339 95.7989 -10.9398 -1.5373 0.0160 3.4608 0.4814 0.8107 -0.4209 0.4814 0.8108 -0.4210 0.4829 0.8132 -0.4222 -87.4469 -10.0052 85.2755 127.1321 57.7870 -93.5253 35.6115 10.9508 14.6803 -2.3311 1.3871 -0.4114 0.0001 0.0000 0.0000 -0.0000 0.0000 0.0000 -0.0008 -0.0013 -0.0000 0.0001 -0.0004 0.0000 -0.0000 0.0000 0.0000 -0.0000 0.0000 0.0000 -0.0000 0.0002 0.0000 0.0003 -0.0006 0.0000 -0.0006 0.0004 0.0000 0.0001 0.0000 0.0000 -0.0000 0.0000 0.0000 -0.0002 -0.0010 -0.0000 30.0001 0.0003 -0.0002 -29.9998 0.0005 0.0002 -0.0000 0.0000 0.0000 1.4055 1.0036 -0.2036 1.4055 1.0036 -0.2036 88.9814 -15.5097 -85.5466 -129.7449 64.2573 100.5550 -22.4159 11.2525 -15.9121 1.5834 0.7672 0.2023 0.0001 -0.0001 0.0000 -0.0000 0.0000 0.0000 0.0003 -0.0006 0.0000 0.0001 -0.0001 0.0000 -0.0000 0.0000 0.0000 -0.0000 0.0000 0.0000 0.0001 0.0007 -0.0000 0.0001 -0.0012 0.0000 0.0003 -0.0008 0.0000 -0.0000 0.0001 0.0000 -0.0000 0.0000 0.0000 -0.0000 -0.0009 0.0000 -29.9996 0.0002 0.0001 29.9996 -0.0002 0.0000 -0.0000 0.0000 0.0000 179.7340 -1.5229 -3.0538 -1.6834 -8.8008 -6.0672 31.6075 72.3392 -31.2102 -0.0000 25.3510 0.0000 -179.7225 10.3819 -4.7230 -0.0920 -11.2074 -0.0944 -5.6410 66.3877 10.1909 -0.0001 25.3508 0.0000
10.7805 95.8026 -10.7231 -1.5544 0.0438 3.3646 0.5383 0.8689 -0.4468 0.5384 0.8691 -0.4468 0.5400 0.8715 -0.4482 -87.4601 -9.8889 85.2990 127.3198 58.2102 -93.8153 35.2796 11.0328 15.0365 -2.2733 1.3672 -0.4017 0.0001 0.0000 0.0000 -0.0000 0.0000 0.0000 -0.0008 -0.0013 -0.0000 0.0001 -0.0004 0.0000 -0.0000 0.0000 0.0000 -0.0000 0.0000 0.0000 -0.0000 0.0002 0.0000 0.0003 -0.0006 0.0000 -0.0006 0.0004 0.0000 0.0001 0.0000 0.0000 -0.0000 0.0000 0.0000 -0.0002 -0.0010 -0.0000 30.0001 0.0002 -0.0001 -29.9998 0.0005 0.0002 -0.0000 0.0000 0.0000 1.4066 0.9485 -0.1575 1.4066 0.9485 -0.1575 88.9424 -15.5985 -85.5099 -129.7250 64.5244 100.5416 -22.9891 11.9677 -15.7254 1.5890 0.7604 0.2132 0.0001 -0.0001 0.0000 -0.0000 0.0000 0.0000 0.0003 -0.0006 0.0000 0.0001 -0.0001 0.0000 -0.0000 0.0000 0.0000 -0.0000 0.0000 0.0000 0.0001 0.0007 -0.0000 0.0001 -0.0012 0.0000 0.0003 -0.0008 0.0000 -0.0000 0.0001 0.0000 -0.0000 0.0000 0.0000 -0.0000 -0.0009 0.0000 -29.9996 0.0002 0.0001 29.9996 -0.0003 0.0001 -0.0000 0.0000 0.0000 179.9753 -1.3219 -3.3259 -1.8999 -9.4539 -6.0722 31.8409 72.5146 -31.5027 -0.0000 25.3510 0.0000 -179.5609 10.2882 -4.8616 -0.0923 -11.3233 -0.0973 -5.9959 66.5368 10.4064 -0.0001 25.3508 0.0000
10.6411 95.8052 -10.4412 -1.5654 0.0469 3.2768 0.5909 0.9346 -0.4702 0.5909 0.9348 -0.4703 0.5927 0.9375 -0.4717 -87.4814 -9.8131 85.3470 127.5209 58.8026 -94.1853 34.8952 11.1668 15.3168 -2.2074 1.3339 -0.3900 0.0001 0.0000 0.0000 -0.0000 0.0000 0.0000 -0.0008 -0.0013 -0.0000 0.0001 -0.0004 0.0000 -0.0000 0.0000 0.0000 -0.0000 0.0000 0.0000 -0.0000 0.0003 0.0000 0.0003 -0.0006 0.0000 -0.0006 0.0004 0.0000 0.0001 0.0000 0.0000 -0.0000 0.0000 0.0000 -0.0002 -0.0010 -0.0000 30.0001 0.0002 -0.0001 -29.9998 0.0005 0.0002 -0.0000 0.0000 0.0000 1.4073 0.8995 -0.1247 1.4073 0.8995 -0.1247 88.8999 -15.6939 -85.5153 -129.6592 64.8760 100.5041 -23.4299 12.7249 -15.5520 1.5820 0.7490 0.2230 0.0001 -0.0001 0.0000 -0.0000 0.0000 0.0000 0.0003 -0.0006 0.0000 0.0001 -0.0001 0.0000 -0.0000 0.0000 0.0000 -0.0000 0.0000 0.0000 0.0001 0.0007 -0.0000 0.0001 -0.0012 0.0000 0.0003 -0.0008 0.0000 -0.0000 0.0001 0.0000 -0.0000 0.0000 0.0000 -0.0000 -0.0009 0.0000 -29.9996 0.0002 0.0001 29.9996 -0.0003 0.0001 -0.0000 0.0000 0.0000 -179.7972 -1.1583 -3.5643 -2.1191 -10.1309 -6.0957 32.1029 72.6887 -31.8382 -0.0000 25.3510 0.0000 -179.4235 10.1688 -5.0337 -0.0925 -11.4580 -0.0977 -6.3805 66.7136 10.7072 -0.0001 25.3508 0.0000
10.5183 95.8102 -10.1210 -1.5630 0.0371 3.1944 0.6361 1.0033 -0.4922 0.6362 1.0035 -0.4923 0.6381 1.0064 -0.4938 -87.5046 -9.7715 85.4128 127.7287 59.5010 -94.6148 34.5606 11.3633 15.4829 -2.1412 1.2917 -0.3786 0.0001 0.0000 0.0000 -0.0000 0.0000 0.0000 -0.0008 -0.0013 -0.0000 0.0001 -0.0004 0.0000 -0.0000 0.0000 0.0000 -0.0000 0.0000 0.0000 -0.0000 0.0003 0.0000 0.0003 -0.0006 0.0000 -0.0006 0.0004 0.0000 0.0001 0.0000 0.0000 -0.0000 0.0000 0.0000 -0.0002 -0.0010 -0.0000 30.0001 0.0002 -0.0001 -29.9998 0.0005 0.0002 -0.0000 0.0000 0.0000 1.4082 0.8567 -0.1029 1.4082 0.8568 -0.1029 88.8533 -15.7836 -85.5559 -129.5724 65.2929 100.4478 -23.6596 13.4470 -15.4891 1.5590 0.7359 0.2300 0.0001 -0.0001 0.0000 -0.0000 0.0000 0.0000 0.0003 -0.0006 0.0000 0.0001 -0.0001 0.0000 -0.0000 0.0000 0.0000 -0.0000 0.0000 0.0000 0.0001 0.0007 -0.0000 0.0001 -0.0012 0.0000 0.0003 -0.0008 0.0000 -0.0000 0.0001 0.0000 -0.0000 0.0000 0.0000 -0.0000 -0.0009 0.0000 -29.9996 0.0002 0.0001 29.9996 -0.0002 0.0000 -0.0000 0.0000 0.0000 -179.5954 -1.0369 -3.7780 -2.3300 -10.7984 -6.1321 32.3364 72.8638 -32.1602 -0.0000 25.3510 0.0000 -179.3090 10.0389 -5.2147 -0.0924 -11.6151 -0.0962 -6.7583 66.9178 11.0324 -0.0001 25.3508 0.0000
10.4263 95.8159 -9.7727 -1.5326 0.0226 3.1165 0.6668 1.0710 -0.5102 0.6670 1.0712 -0.5103 0.6689 1.0742 -0.5118 -87.5072 -9.7800 85.5013 127.9520 60.2687 -95.1301 34.2740 11.6565 15.5884 -2.0755 1.2439 -0.3681 0.0001 0.0000 0.0000 -0.0000 0.0000 0.0000 -0.0008 -0.0013 -0.0000 0.0001 -0.0004 0.0000 -0.0000 0.0000 0.0000 -0.0000 0.0000 0.0000 -0.0000 0.0002 0.0000 0.0003 -0.0006 0.0000 -0.0006 0.0004 0.0000 0.0001 0.0000 0.0000 -0.0000 0.0000 0.0000 -0.0002 -0.0010 -0.0000 30.0001 0.0003 -0.0002 -29.9998 0.0005 0.0002 -0.0000 0.0000 0.0000 1.4112 0.8273 -0.0973 1.4112 0.8274 -0.0973 88.8120 -15.8459 -85.6176 -129.4960 65.8312 100.3424 -23.6909 14.0946 -15.4584 1.5175 0.7193 0.2337 0.0001 -0.0001 0.0000 -0.0000 0.0000 0.0000 0.0003 -0.0006 0.0000 0.0001 -0.0001 0.0000 -0.0000 0.0000 0.0000 -0.0000 0.0000 0.0000 0.0001 0.0007 -0.0000 0.0001 -0.0012 0.0000 0.0003 -0.0008 0.0000 -0.0000 0.0001 0.0000 -0.0000 0.0000 0.0000 -0.0000 -0.0009 0.0000 -29.9996 0.0002 0.0001 29.9996 -0.0003 0.0001 -0.0000 0.0000 0.0000 -179.4371 -0.9872 -3.9785 -2.5196 -11.4138 -6.1534 32.4788 73.0420 -32.4206 -0.0000 25.3510 0.0000 -179.2372 9.9275 -5.3711 -0.0929 -11.8397 -0.0978 -7.0805 67.1786 11.3211 -0.0001 25.3508 0.0000
10.3402 95.8230 -9.4208 -1.4726 0.0177 3.0443 0.6837 1.1306 -0.5239 0.6838 1.1308 -0.5240 0.6858 1.1339 -0.5256 -87.4969 -9.8337 85.5968 128.2187 61.0239 -95.6993 33.9711 12.0412 15.6417 -2.0096 1.1927 -0.3587 0.0001 0.0000 0.0000 -0.0000 0.0000 0.0000 -0.0008 -0.0013 -0.0000 0.0001 -0.0004 0.0000 -0.0000 0.0000 0.0000 -0.0000 0.0000 0.0000 -0.0000 0.0002 0.0000 0.0003 -0.0006 0.0000 -0.0006 0.0004 0.0000 0.0001 0.0000 0.0000 -0.0000 0.0000 0.0000 -0.0002 -0.0010 -0.0000 30.0001 0.0002 -0.0001 -29.9998 0.0005 0.0002 -0.0000 0.0000 0.0000 1.4163 0.8142 -0.1027 1.4163 0.8142 -0.1027 88.7736 -15.8833 -85.6794 -129.4842 66.4505 100.2107 -23.6563 14.6030 -15.3766 1.4680 0.7014 0.2345 0.0001 -0.0001 0.0000 -0.0000 0.0000 0.0000 0.0003 -0.0006 0.0000 0.0001 -0.0001 0.0000 -0.0000 0.0000 0.0000 -0.0000 0.0000 0.0000 0.0001 0.0007 -0.0000 0.0001 -0.0012 0.0000 0.0003 -0.0008 0.0000 -0.0000 0.0001 0.0000 -0.0000 0.0000 0.0000 -0.0000 -0.0009 0.0000 -29.9996 0.0002 0.0001 29.9996 -0.0003 0.0001 -0.0000 0.0000 0.0000 -179.3177 -0.9724 -4.1591 -2.6974 -11.9771 -6.1647 32.5268 73.2165 -32.6045 -0.0000 25.3510 0.0000 -179.2027 9.8430 -5.4774 -0.0936 -12.1234 -0.1031 -7.3417 67.4887 11.5357 -0.0001 25.3508 0.0000
10.2483 95.8280 -9.0647 -1.3928 0.0253 2.9776 0.6905 1.1799 -0.5331 0.6906 1.1802 -0.5332 0.6925 1.1836 -0.5347 -87.4773 -9.9225 85.6911 128.5316 61.7366 -96.2936 33.6731 12.4958 15.6312 -1.9462 1.1408 -0.3505 0.0001 0.0000 0.0000 -0.0000 0.0000 0.0000 -0.0008 -0.0013 -0.0000 0.0001 -0.0004 0.0000 -0.0000 0.0000 0.0000 -0.0000 0.0000 0.0000 -0.0000 0.0002 0.0000 0.0003 -0.0006 0.0000 -0.0006 0.0004 0.0000 0.0001 0.0000 0.0000 -0.0000 0.0000 0.0000 -0.0002 -0.0010 -0.0000 30.0001 0.0002 -0.0001 -29.9998 0.0005 0.0002 -0.0000 0.0000 0.0000 1.4220 0.8170 -0.1159 1.4220 0.8170 -0.1159 88.7358 -15.9131 -85.7647 -129.5166 67.0977 100.0388 -23.5896 14.9732 -15.2490 1.4152 0.6832 0.2330 0.0001 -0.0001 0.0000 -0.0000 0.0000 0.0000 0.0003 -0.0006 0.0000 0.0001 -0.0001 0.0000 -0.0000 0.0000 0.0000 -0.0000 0.0000 0.0000 0.0001 0.0007 -0.0000 0.0001 -0.0012 0.0000 0.0003 -0.0008 0.0000 -0.0000 0.0001 0.0000 -0.0000 0.0000 0.0000 -0.0000 -0.0009 0.0000 -29.9996 0.0002 0.0001 29.9996 -0.0003 0.0001 -0.0000 0.0000 0.0000 -179.2235 -0.9760 -4.3123 -2.8704 -12.4942 -6.1783 32.4844 73.3839 -32.7097 -0.0000 25.3511 0.0000 -179.1857 9.7878 -5.5369 -0.0946 -12.4436 -0.1090 -7.5533 67.8222 11.6734 -0.0001 25.3508 0.0000
10.1317 95.8338 -8.7223 -1.2940 0.0563 2.9246 0.6889 1.2132 -0.5405 0.6890 1.2135 -0.5406 0.6910 1.2169 -0.5421 -87.4423 -10.0529 85.7709 128.8449 62.3079 -96.8497 33.4334 13.0134 15.6776 -1.8928 1.0987 -0.3455 0.0001 0.0000 0.0000 -0.0000 0.0000 0.0000 -0.0008 -0.0013 -0.0000 0.0001 -0.0004 0.0000 -0.0000 0.0000 0.0000 -0.0000 0.0000 0.0000 -0.0000 0.0002 0.0000 0.0003 -0.0006 0.0000 -0.0006 0.0004 0.0000 0.0001 0.0000 0.0000 -0.0000 0.0000 0.0000 -0.0002 -0.0010 -0.0000 30.0001 0.0002 -0.0001 -29.9998 0.0005 0.0002 -0.0000 0.0000 0.0000 1.4249 0.8539 -0.1312 1.4249 0.8539 -0.1312 88.6920 -15.9259 -85.8795 -129.6666 67.7356 99.9299 -23.4516 15.1748 -14.9908 1.3605 0.6615 0.2286 0.0001 -0.0001 0.0000 -0.0000 0.0000 0.0000 0.0003 -0.0006 0.0000 0.0001 -0.0001 0.0000 -0.0000 0.0000 0.0000 -0.0000 0.0000 0.0000 0.0001 0.0007 -0.0000 0.0001 -0.0011 0.0000 0.0003 -0.0008 0.0000 -0.0000 0.0001 0.0000 -0.0000 0.0000 0.0000 -0.0000 -0.0009 0.0000 -29.9997 0.0002 0.0001 29.9996 -0.0003 0.0001 -0.0000 0.0000 0.0000 -179.1555 -1.0004 -4.4285 -3.0350 -12.9349 -6.1986 32.2956 73.5382 -32.6785 -0.0000 25.3510 0.0000 -179.1786 9.7686 -5.5346 -0.0957 -12.7735 -0.1167 -7.7179 68.1558 11.7199 -0.0001 25.3508 0.0000
10.0026 95.8423 -8.3978 -1.1882 0.1064 2.8880 0.6865 1.2325 -0.5529 0.6866 1.2327 -0.5530 0.6885 1.2362 -0.5546 -87.3936 -10.2059 85.8393 129.1564 62.7299 -97.3460 33.1770 13.5062 15.8795 -1.8451 1.0688 -0.3417 0.0001 0.0000 0.0000 -0.0000 0.0000 0.0000 -0.0008 -0.0013 -0.0000 0.0001 -0.0004 0.0000 -0.0000 0.0000 0.0000 -0.0000 0.0000 0.0000 -0.0000 0.0002 0.0000 0.0003 -0.0006 0.0000 -0.0006 0.0004 0.0000 0.0001 0.0000 0.0000 -0.0000 0.0000 0.0000 -0.0002 -0.0010 -0.0000 30.0001 0.0003 -0.0002 -29.9998 0.0005 0.0002 -0.0000 0.0000 0.0000 1.4153 0.9108 -0.1320 1.4153 0.9108 -0.1320 88.6457 -15.9295 -86.0006 -129.9491 68.3342 99.9909 -23.3889 15.3238 -14.5775 1.3140 0.6369 0.2241 0.0001 -0.0001 0.0000 -0.0000 0.0000 0.0000 0.0003 -0.0006 0.0000 0.0001 -0.0001 0.0000 -0.0000 0.0000 0.0000 -0.0000 0.0000 0.0000 0.0001 0.0007 -0.0000 0.0001 -0.0012 0.0000 0.0003 -0.0008 0.0000 -0.0000 0.0001 0.0000 -0.0000 0.0000 0.0000 -0.0000 -0.0009 0.0000 -29.9997 0.0002 0.0001 29.9996 -0.0003 0.0001 -0.0000 0.0000 0.0000 -179.1021 -1.0333 -4.5209 -3.1864 -13.3206 -6.2142 32.0087 73.6801 -32.5573 -0.0000 25.3510 0.0000 -179.1769 9.7587 -5.5053 -0.0973 -13.0638 -0.1269 -7.8814 68.4607 11.7485 -0.0001 25.3508 0.0000
9.8646 95.8531 -8.0835 -1.0766 0.1730 2.8665 0.6831 1.2378 -0.5716 0.6833 1.2381 -0.5717 0.6852 1.2416 -0.5734 -87.3425 -10.3624 85.9004 129.4660 63.0274 -97.7627 32.9051 13.9360 16.1580 -1.8028 1.0474 -0.3385 0.0001 0.0000 0.0000 -0.0000 0.0000 0.0000 -0.0008 -0.0013 -0.0000 0.0001 -0.0004 0.0000 -0.0000 0.0000 0.0000 -0.0000 0.0000 0.0000 -0.0000 0.0002 0.0000 0.0003 -0.0006 0.0000 -0.0006 0.0004 0.0000 0.0001 0.0000 0.0000 -0.0000 0.0000 0.0000 -0.0002 -0.0010 -0.0000 30.0001 0.0002 -0.0001 -29.9998 0.0005 0.0002 -0.0000 0.0000 0.0000 1.3953 0.9838 -0.1167 1.3953 0.9838 -0.1167 88.5976 -15.9290 -86.1261 -130.3551 68.8512 100.2499 -23.3897 15.4560 -14.1215 1.2770 0.6120 0.2200 0.0001 -0.0001 0.0000 -0.0000 0.0000 0.0000 0.0003 -0.0006 0.0000 0.0001 -0.0001 0.0000 -0.0000 0.0000 0.0000 -0.0000 0.0000 0.0000 0.0001 0.0007 -0.0000 0.0001 -0.0012 0.0000 0.0003 -0.0008 0.0000 -0.0000 0.0001 0.0000 -0.0000 0.0000 0.0000 -0.0000 -0.0009 0.0000 -29.9996 0.0002 0.0001 29.9996 -0.0003 0.0001 -0.0000 0.0000 0.0000 -179.0598 -1.0615 -4.5849 -3.3335 -13.6671 -6.2327 31.6728 73.8053 -32.3895 -0.0000 25.3510 0.0000 -179.1805 9.7414 -5.4742 -0.0985 -13.2959 -0.1360 -8.0724 68.7317 11.8012 -0.0001 25.3508 0.0000
9.7234 95.8750 -7.7841 -0.9545 0.2625 2.8602 0.6738 1.2201 -0.5990 0.6739 1.2204 -0.5991 0.6758 1.2239 -0.6007 -87.2960 -10.4971 85.9475 129.7209 63.1541 -97.9983 32.7487 14.2407 16.4124 -1.7753 1.0378 -0.3374 0.0001 0.0000 0.0000 -0.0000 0.0000 0.0000 -0.0008 -0.0013 -0.0000 0.0001 -0.0004 0.0000 -0.0000 0.0000 0.0000 -0.0000 0.0000 0.0000 -0.0000 0.0002 0.0000 0.0003 -0.0006 0.0000 -0.0006 0.0004 0.0000 0.0001 0.0000 0.0000 -0.0000 0.0000 0.0000 -0.0002 -0.0010 -0.0000 30.0001 0.0002 -0.0001 -29.9998 0.0005 0.0002 -0.0000 0.0000 0.0000 1.3652 1.0849 -0.0759 1.3652 1.0849 -0.0759 88.5559 -15.9269 -86.2731 -130.8444 69.1692 100.7024 -23.4310 15.5680 -13.7747 1.2530 0.5903 0.2166 0.0001 -0.0001 0.0000 -0.0000 0.0000 0.0000 0.0003 -0.0006 0.0000 0.0001 -0.0001 0.0000 -0.0000 0.0000 0.0000 -0.0000 0.0000 0.0000 0.0001 0.0007 -0.0000 0.0001 -0.0012 0.0000 0.0003 -0.0008 0.0000 -0.0000 0.0001 0.0000 -0.0000 0.0000 0.0000 -0.0000 -0.0009 0.0000 -29.9996 0.0002 0.0001 29.9996 -0.0003 0.0001 -0.0000 0.0000 0.0000 -179.0342 -1.0812 -4.6109 -3.4780 -13.9612 -6.2721 31.2729 73.9124 -32.1569 -0.0000 25.3510 0.0000 -179.1969 9.7162 -5.4692 -0.0992 -13.4519 -0.1400 -8.3138 68.9578 11.9186 -0.0001 25.3508 0.0000
9.5956 95.8957 -7.5057 -0.8229 0.3660 2.8546 0.6573 1.1861 -0.6312 0.6574 1.1864 -0.6313 0.6592 1.1898 -0.6332 -87.2530 -10.6056 85.9906 129.8674 63.1186 -98.0438 32.7623 14.3970 16.7139 -1.7652 1.0437 -0.3387 0.0001 0.0000 0.0000 -0.0000 0.0000 0.0000 -0.0008 -0.0013 -0.0000 0.0001 -0.0004 0.0000 -0.0000 0.0000 0.0000 -0.0000 0.0000 0.0000 -0.0000 0.0002 0.0000 0.0003 -0.0006 0.0000 -0.0006 0.0004 0.0000 0.0001 0.0000 0.0000 -0.0000 0.0000 0.0000 -0.0002 -0.0010 -0.0000 30.0001 0.0003 -0.0002 -29.9998 0.0005 0.0002 -0.0000 0.0000 0.0000 1.3346 1.2159 -0.0177 1.3346 1.2159 -0.0177 88.5259 -15.9180 -86.4129 -131.3230 69.2948 101.2022 -23.4865 15.7537 -13.4333 1.2413 0.5705 0.2151 0.0001 -0.0001 0.0000 -0.0000 0.0000 0.0000 0.0003 -0.0006 0.0000 0.0001 -0.0001 0.0000 -0.0000 0.0000 0.0000 -0.0000 0.0000 0.0000 0.0001 0.0007 -0.0000 0.0001 -0.0012 0.0000 0.0003 -0.0008 0.0000 -0.0000 0.0001 0.0000 -0.0000 0.0000 0.0000 -0.0000 -0.0008 0.0000 -29.9996 0.0002 0.0001 29.9996 -0.0003 0.0001 -0.0000 0.0000 0.0000 -179.0182 -1.1000 -4.6332 -3.6196 -14.2160 -6.3254 30.8185 74.0148 -31.8688 -0.0000 25.3510 0.0000 -179.2315 9.7072 -5.4931 -0.0995 -13.5888 -0.1414 -8.5788 69.1628 12.0839 -0.0001 25.3508 0.0000
9.4808 95.9160 -7.2389 -0.6848 0.4752 2.8440 0.6339 1.1410 -0.6639 0.6340 1.1412 -0.6641 0.6358 1.1445 -0.6660 -87.2145 -10.6883 86.0377 129.9118 62.9239 -97.9351 32.9204 14.4419 16.9949 -1.7711 1.0607 -0.3423 0.0001 0.0000 0.0000 -0.0000 0.0000 0.0000 -0.0008 -0.0013 -0.0000 0.0001 -0.0004 0.0000 -0.0000 0.0000 0.0000 -0.0000 0.0000 0.0000 -0.0000 0.0002 0.0000 0.0003 -0.0006 0.0000 -0.0006 0.0004 0.0000 0.0001 0.0000 0.0000 -0.0000 0.0000 0.0000 -0.0002 -0.0010 -0.0000 30.0001 0.0002 -0.0001 -29.9998 0.0005 0.0002 -0.0000 0.0000 0.0000 1.3083 1.3692 0.0494 1.3083 1.3692 0.0494 88.5061 -15.9040 -86.5186 -131.7409 69.2689 101.6605 -23.6110 15.9961 -13.0753 1.2422 0.5538 0.2158 0.0001 -0.0001 0.0000 -0.0000 0.0000 0.0000 0.0003 -0.0006 0.0000 0.0001 -0.0001 0.0000 -0.0000 0.0000 0.0000 -0.0000 0.0000 0.0000 0.0001 0.0007 -0.0000 0.0001 -0.0012 0.0000 0.0003 -0.0008 0.0000 -0.0000 0.0001 0.0000 -0.0000 0.0000 0.0000 -0.0000 -0.0009 0.0000 -29.9996 0.0002 0.0001 29.9996 -0.0003 0.0001 -0.0000 0.0000 0.0000 -179.0066 -1.1193 -4.6594 -3.7627 -14.4400 -6.3912 30.3203 74.1116 -31.5312 -0.0000 25.3510 0.0000 -179.2782 9.7251 -5.5374 -0.0998 -13.7553 -0.1416 -8.8525 69.3784 12.2768 -0.0001 25.3508 0.0000
9.3727 95.9287 -6.9758 -0.5415 0.5781 2.8217 0.6012 1.0878 -0.6903 0.6013 1.0880 -0.6904 0.6030 1.0911 -0.6924 -87.1863 -10.7315 86.0840 129.8369 62.5046 -97.6602 33.2901 14.3604 17.1297 -1.8026 1.0895 -0.3495 0.0001 0.0000 0.0000 -0.0000 0.0000 0.0000 -0.0008 -0.0013 -0.0000 0.0001 -0.0004 0.0000 -0.0000 0.0000 0.0000 -0.0000 0.0000 0.0000 -0.0000 0.0002 0.0000 0.0003 -0.0006 0.0000 -0.0006 0.0004 0.0000 0.0001 0.0000 0.0000 -0.0000 0.0000 0.0000 -0.0002 -0.0010 -0.0000 30.0001 0.0002 -0.0001 -29.9998 0.0005 0.0002 -0.0000 0.0000 0.0000 1.2955 1.5434 0.1152 1.2955 1.5434 0.1152 88.5021 -15.8803 -86.5543 -131.9900 69.0602 101.9113 -23.9681 16.2804 -12.6604 1.2649 0.5443 0.2209 0.0001 -0.0001 0.0000 -0.0000 0.0000 0.0000 0.0003 -0.0006 0.0000 0.0001 -0.0001 0.0000 -0.0000 0.0000 0.0000 -0.0000 0.0000 0.0000 0.0001 0.0007 -0.0000 0.0001 -0.0012 0.0000 0.0003 -0.0008 0.0000 -0.0000 0.0001 0.0000 -0.0000 0.0000 0.0000 -0.0000 -0.0009 0.0000 -29.9996 0.0002 0.0001 29.9996 -0.0003 0.0001 -0.0000 0.0000 0.0000 -178.9991 -1.1470 -4.6765 -3.9121 -14.6247 -6.4811 29.8101 74.1927 -31.1688 -0.0000 25.3510 0.0000 -179.3316 9.7535 -5.5891 -0.0996 -13.9510 -0.1381 -9.0965 69.6119 12.4454 -0.0001 25.3508 0.0000
9.2603 95.9460 -6.7152 -0.3975 0.6654 2.7882 0.5637 1.0347 -0.7059 0.5637 1.0349 -0.7060 0.5654 1.0378 -0.7081 -87.1713 -10.7468 86.1138 129.6805 61.9644 -97.3027 33.8839 14.2062 17.1760 -1.8546 1.1280 -0.3600 0.0001 0.0000 0.0000 -0.0000 0.0000 0.0000 -0.0008 -0.0013 -0.0000 0.0001 -0.0004 0.0000 -0.0000 0.0000 0.0000 -0.0000 0.0000 0.0000 -0.0000 0.0002 0.0000 0.0003 -0.0006 0.0000 -0.0006 0.0004 0.0000 0.0001 0.0000 0.0000 -0.0000 0.0000 0.0000 -0.0002 -0.0010 -0.0000 30.0001 0.0002 -0.0001 -29.9998 0.0005 0.0002 -0.0000 0.0000 0.0000 1.2939 1.7307 0.1670 1.2939 1.7307 0.1670 88.5048 -15.8540 -86.5312 -132.0577 68.7283 101.9070 -24.5724 16.5787 -12.1062 1.3060 0.5399 0.2297 0.0001 -0.0001 0.0000 -0.0000 0.0000 0.0000 0.0003 -0.0006 0.0000 0.0001 -0.0001 0.0000 -0.0000 0.0000 0.0000 -0.0000 0.0000 0.0000 0.0001 0.0007 -0.0000 0.0001 -0.0012 0.0000 0.0003 -0.0008 0.0000 -0.0000 0.0001 0.0000 -0.0000 0.0000 0.0000 -0.0000 -0.0009 0.0000 -29.9996 0.0002 0.0001 29.9996 -0.0003 0.0001 -0.0000 0.0000 0.0000 -179.0003 -1.1914 -4.6726 -4.0513 -14.7829 -6.6056 29.2746 74.2693 -30.7795 -0.0000 25.3510 0.0000 -179.3867 9.7435 -5.6181 -0.0990 -14.0949 -0.1321 -9.2452 69.8252 12.5045 -0.0001 25.3508 0.0000
9.1449 95.9718 -6.4622 -0.2555 0.7398 2.7434 0.5248 0.9858 -0.7109 0.5249 0.9860 -0.7110 0.5264 0.9889 -0.7130 -87.1663 -10.7475 86.1206 129.4428 61.2972 -96.8600 34.6410 14.0023 17.1601 -1.9254 1.1771 -0.3741 0.0001 0.0000 0.0000 -0.0000 0.0000 0.0000 -0.0008 -0.0013 -0.0000 0.0001 -0.0004 0.0000 -0.0000 0.0000 0.0000 -0.0000 0.0000 0.0000 -0.0000 0.0002 0.0000 0.0003 -0.0006 0.0000 -0.0006 0.0004 0.0000 0.0001 0.0000 0.0000 -0.0000 0.0000 0.0000 -0.0002 -0.0010 -0.0000 30.0001 0.0003 -0.0002 -29.9998 0.0005 0.0002 -0.0000 0.0000 0.0000 1.2958 1.9188 0.2056 1.2958 1.9188 0.2056 88.5076 -15.8301 -86.4492 -131.9867 68.2958 101.7259 -25.3806 16.8815 -11.4377 1.3648 0.5398 0.2422 0.0001 -0.0001 0.0000 -0.0000 0.0000 0.0000 0.0003 -0.0006 0.0000 0.0001 -0.0001 0.0000 -0.0000 0.0000 0.0000 -0.0000 0.0000 0.0000 0.0001 0.0007 -0.0000 0.0001 -0.0012 0.0000 0.0003 -0.0008 0.0000 -0.0000 0.0001 0.0000 -0.0000 0.0000 0.0000 -0.0000 -0.0009 0.0000 -29.9997 0.0002 0.0001 29.9996 -0.0002 0.0000 -0.0000 0.0000 0.0000 -179.0126 -1.2485 -4.6499 -4.1725 -14.9083 -6.7607 28.6876 74.3345 -30.3390 -0.0000 25.3510 0.0000 -179.4453 9.6781 -5.6182 -0.0982 -14.1407 -0.1252 -9.2766 69.9924 12.4310 -0.0001 25.3508 0.0000
9.0336 96.0087 -6.2367 -0.1205 0.8003 2.6862 0.4875 0.9438 -0.7011 0.4875 0.9440 -0.7012 0.4890 0.9467 -0.7031 -87.1626 -10.7313 86.0893 129.1068 60.4843 -96.3306 35.6073 13.7680 17.0918 -2.0188 1.2402 -0.3931 0.0001 0.0000 0.0000 -0.0000 0.0000 0.0000 -0.0008 -0.0013 -0.0000 0.0001 -0.0004 0.0000 -0.0000 0.0000 0.0000 -0.0000 0.0000 0.0000 -0.0001 0.0002 0.0000 0.0003 -0.0006 0.0000 -0.0006 0.0004 0.0000 0.0001 0.0000 0.0000 -0.0000 0.0000 0.0000 -0.0002 -0.0010 -0.0000 30.0001 0.0002 -0.0001 -29.9998 0.0005 0.0002 -0.0000 0.0000 0.0000 1.2938 2.0935 0.2272 1.2938 2.0935 0.2272 88.5015 -15.8097 -86.2932 -131.7712 67.7258 101.4299 -26.4197 17.1778 -10.7447 1.4469 0.5468 0.2592 0.0001 -0.0001 0.0000 -0.0000 0.0000 0.0000 0.0003 -0.0006 0.0000 0.0001 -0.0001 0.0000 -0.0000 0.0000 0.0000 -0.0000 0.0000 0.0000 0.0001 0.0007 -0.0000 0.0001 -0.0012 0.0000 0.0003 -0.0008 0.0000 -0.0000 0.0001 0.0000 -0.0000 0.0000 0.0000 -0.0000 -0.0009 0.0000 -29.9997 0.0002 0.0001 29.9996 -0.0003 0.0001 -0.0000 0.0000 0.0000 -179.0427 -1.3144 -4.5966 -4.2646 -14.9845 -6.9348 28.0843 74.3636 -29.8825 -0.0000 25.3510 0.0000 -179.5118 9.5386 -5.5779 -0.0976 -14.0261 -0.1213 -9.1415 70.0716 12.1763 -0.0001 25.3508 0.0000
8.9281 96.0534 -6.0308 0.0108 0.8574 2.6262 0.4508 0.9047 -0.6805 0.4509 0.9049 -0.6805 0.4522 0.9075 -0.6825 -87.1534 -10.6991 86.0349 128.7036 59.6060 -95.7403 36.7220 13.5324 16.9876 -2.1255 1.3135 -0.4161 0.0001 0.0000 0.0000 -0.0000 0.0000 0.0000 -0.0008 -0.0013 -0.0000 0.0001 -0.0004 0.0000 -0.0000 0.0000 0.0000 -0.0000 0.0000 0.0000 -0.0000 0.0002 0.0000 0.0003 -0.0006 0.0000 -0.0006 0.0004 0.0000 0.0001 0.0000 0.0000 -0.0000 0.0000 0.0000 -0.0002 -0.0010 -0.0000 30.0001 0.0002 -0.0001 -29.9998 0.0005 0.0002 -0.0000 0.0000 0.0000 1.2800 2.2453 0.2395 1.2800 2.2453 0.2395 88.4906 -15.7948 -86.1054 -131.4912 67.0525 101.1492 -27.5799 17.4372 -10.1816 1.5457 0.5608 0.2790 0.0001 -0.0001 0.0000 -0.0000 0.0000 0.0000 0.0003 -0.0006 0.0000 0.0001 -0.0001 0.0000 -0.0000 0.0000 0.0000 -0.0000 0.0000 0.0000 0.0001 0.0007 -0.0000 0.0001 -0.0012 0.0000 0.0003 -0.0008 0.0000 -0.0000 0.0001 0.0000 -0.0000 0.0000 0.0000 -0.0000 -0.0009 0.0000 -29.9996 0.0002 0.0001 29.9996 -0.0003 0.0001 -0.0000 0.0000 0.0000 -179.0879 -1.3863 -4.5000 -4.3385 -15.0163 -7.1124 27.5262 74.3503 -29.4744 -0.0000 25.3510 0.0000 -179.5849 9.3661 -5.5208 -0.0971 -13.8254 -0.1187 -8.9324 70.0994 11.8430 -0.0001 25.3508 0.0000
8.8266 96.1000 -5.8402 0.1424 0.9182 2.5677 0.4134 0.8657 -0.6518 0.4134 0.8659 -0.6518 0.4147 0.8683 -0.6537 -87.1366 -10.6493 85.9681 128.2498 58.7013 -95.1023 37.9514 13.3021 16.8314 -2.2410 1.3933 -0.4426 0.0001 0.0000 0.0000 -0.0000 0.0000 0.0000 -0.0008 -0.0013 -0.0000 0.0001 -0.0004 0.0000 -0.0000 0.0000 0.0000 -0.0000 0.0000 0.0000 -0.0000 0.0002 0.0000 0.0003 -0.0006 0.0000 -0.0006 0.0004 0.0000 0.0001 0.0000 0.0000 -0.0000 0.0000 0.0000 -0.0002 -0.0010 -0.0000 30.0001 0.0003 -0.0002 -29.9998 0.0005 0.0002 -0.0000 0.0000 0.0000 1.2543 2.3791 0.2455 1.2543 2.3791 0.2455 88.4746 -15.7825 -85.9033 -131.1558 66.3019 100.8878 -28.8212 17.6652 -9.7562 1.6584 0.5816 0.3013 0.0001 -0.0001 0.0000 -0.0000 0.0000 0.0000 0.0003 -0.0006 0.0000 0.0001 -0.0001 0.0000 -0.0000 0.0000 0.0000 -0.0000 0.0000 0.0000 0.0001 0.0007 -0.0000 0.0001 -0.0011 0.0000 0.0003 -0.0008 0.0000 -0.0000 0.0001 0.0000 -0.0000 0.0000 0.0000 -0.0000 -0.0009 0.0000 -29.9997 0.0002 0.0001 29.9996 -0.0003 0.0001 -0.0000 0.0000 0.0000 -179.1445 -1.4575 -4.3791 -4.3936 -15.0172 -7.2839 26.9760 74.3081 -29.0822 -0.0000 25.3510 0.0000 -179.6638 9.1852 -5.4581 -0.0965 -13.5812 -0.1160 -8.6911 70.0971 11.4756 -0.0001 25.3508 0.0000
8.7324 96.1490 -5.6674 0.2818 0.9954 2.5147 0.3724 0.8263 -0.6155 0.3725 0.8265 -0.6156 0.3735 0.8288 -0.6174 -87.1034 -10.5776 85.8945 127.7070 57.7359 -94.3914 39.2922 13.0860 16.5589 -2.3692 1.4794 -0.4739 0.0001 0.0000 0.0000 -0.0000 0.0000 0.0000 -0.0008 -0.0013 -0.0000 0.0001 -0.0004 0.0000 -0.0000 0.0000 0.0000 -0.0000 0.0000 0.0000 -0.0000 0.0002 0.0000 0.0003 -0.0006 0.0000 -0.0006 0.0004 0.0000 0.0001 0.0000 0.0000 -0.0000 0.0000 0.0000 -0.0002 -0.0010 -0.0000 30.0001 0.0002 -0.0001 -29.9998 0.0005 0.0002 -0.0000 0.0000 0.0000 1.2111 2.4844 0.2505 1.2111 2.4844 0.2505 88.4504 -15.7691 -85.6947 -130.7610 65.5055 100.6561 -30.1527 17.8659 -9.5087 1.7842 0.6109 0.3261 0.0001 -0.0001 0.0000 -0.0000 0.0000 0.0000 0.0003 -0.0006 0.0000 0.0001 -0.0001 0.0000 -0.0000 0.0000 0.0000 -0.0000 0.0000 0.0000 0.0001 0.0007 -0.0000 0.0001 -0.0012 0.0000 0.0003 -0.0008 0.0000 -0.0000 0.0001 0.0000 -0.0000 0.0000 0.0000 -0.0000 -0.0009 0.0000 -29.9996 0.0002 0.0001 29.9996 -0.0003 0.0001 -0.0000 0.0000 0.0000 -179.2082 -1.5190 -4.2535 -4.4307 -14.9769 -7.4374 26.3540 74.2345 -28.6285 -0.0000 25.3510 0.0000 -179.7568 9.0176 -5.3976 -0.0958 -13.3104 -0.1128 -8.4448 70.0707 11.1039 -0.0001 25.3508 0.0000
8.6405 96.1984 -5.5091 0.4302 1.0889 2.4654 0.3292 0.7884 -0.5775 0.3292 0.7885 -0.5775 0.3302 0.7908 -0.5792 -87.0569 -10.4982 85.8251 127.1275 56.7570 -93.6704 40.6803 12.8682 16.2020 -2.5043 1.5673 -0.5080 0.0001 0.0000 0.0000 -0.0000 0.0000 0.0000 -0.0008 -0.0013 -0.0000 0.0001 -0.0004 0.0000 -0.0000 0.0000 0.0000 -0.0000 0.0000 0.0000 -0.0000 0.0003 0.0000 0.0003 -0.0006 0.0000 -0.0006 0.0004 0.0000 0.0001 0.0000 0.0000 -0.0000 0.0000 0.0000 -0.0002 -0.0010 -0.0000 30.0001 0.0003 -0.0002 -29.9998 0.0005 0.0002 -0.0000 0.0000 0.0000 1.1552 2.5606 0.2622 1.1552 2.5606 0.2622 88.4144 -15.7491 -85.4957 -130.3189 64.6747 100.4235 -31.4943 18.0604 -9.3618 1.9180 0.6464 0.3528 0.0001 -0.0001 0.0000 -0.0000 0.0000 0.0000 0.0003 -0.0006 0.0000 0.0001 -0.0001 0.0000 -0.0000 0.0000 0.0000 -0.0000 0.0000 0.0000 0.0001 0.0007 -0.0000 0.0001 -0.0012 0.0000 0.0003 -0.0008 0.0000 -0.0000 0.0001 0.0000 -0.0000 0.0000 0.0000 -0.0000 -0.0009 0.0000 -29.9996 0.0002 0.0001 29.9996 -0.0003 0.0001 -0.0000 0.0000 0.0000 -179.2744 -1.5715 -4.1416 -4.4635 -14.9148 -7.5719 25.6614 74.1487 -28.1063 -0.0000 25.3510 0.0000 -179.8609 8.8718 -5.3393 -0.0951 -13.0332 -0.1086 -8.1987 70.0313 10.7331 -0.0001 25.3508 0.0000
8.5540 96.2472 -5.3679 0.5870 1.1954 2.4180 0.2849 0.7538 -0.5387 0.2849 0.7539 -0.5387 0.2858 0.7560 -0.5403 -87.0006 -10.4074 85.7676 126.5530 55.7854 -92.9845 42.0811 12.6280 15.8069 -2.6428 1.6551 -0.5435 0.0001 0.0000 0.0000 -0.0000 0.0000 0.0000 -0.0008 -0.0013 -0.0000 0.0001 -0.0004 0.0000 -0.0000 0.0000 0.0000 -0.0000 0.0000 0.0000 -0.0000 0.0002 0.0000 0.0003 -0.0006 0.0000 -0.0006 0.0004 0.0000 0.0001 0.0000 0.0000 -0.0000 0.0000 0.0000 -0.0002 -0.0010 -0.0000 30.0001 0.0002 -0.0001 -29.9998 0.0005 0.0002 -0.0000 0.0000 0.0000 1.0916 2.6061 0.2800 1.0916 2.6061 0.2800 88.3674 -15.7246 -85.3078 -129.8339 63.8182 100.1606 -32.8117 18.2432 -9.2796 2.0627 0.6920 0.3830 0.0001 -0.0001 0.0000 -0.0000 0.0000 0.0000 0.0003 -0.0006 0.0000 0.0001 -0.0001 0.0000 -0.0000 0.0000 0.0000 -0.0000 0.0000 0.0000 0.0001 0.0007 -0.0000 0.0001 -0.0012 0.0000 0.0003 -0.0008 0.0000 -0.0000 0.0001 0.0000 -0.0000 0.0000 0.0000 -0.0000 -0.0009 0.0000 -29.9997 0.0002 0.0001 29.9996 -0.0003 0.0001 -0.0000 0.0000 0.0000 -179.3434 -1.6218 -4.0341 -4.4964 -14.8340 -7.6984 24.9071 74.0550 -27.5252 -0.0000 25.3510 0.0000 -179.9786 8.7444 -5.2761 -0.0943 -12.7456 -0.1044 -7.9302 69.9771 10.3428 -0.0001 25.3508 0.0000
8.4805 96.3001 -5.2439 0.7524 1.3196 2.3698 0.2398 0.7280 -0.4996 0.2398 0.7281 -0.4996 0.2406 0.7302 -0.5011 -86.9377 -10.2938 85.7338 126.1404 54.9197 -92.4473 43.4324 12.3493 15.4382 -2.7308 1.6471 -0.5458 0.0001 0.0000 0.0000 -0.0000 0.0000 0.0000 -0.0008 -0.0013 -0.0000 0.0001 -0.0004 0.0000 -0.0000 0.0000 0.0000 -0.0000 0.0000 0.0000 -0.0000 0.0003 0.0000 0.0003 -0.0006 0.0000 -0.0006 0.0004 0.0000 0.0001 0.0000 0.0000 -0.0000 0.0000 0.0000 -0.0002 -0.0010 -0.0000 30.0001 0.0002 -0.0001 -29.9998 0.0005 0.0002 -0.0000 0.0000 0.0000 1.0258 2.5998 0.3055 1.0258 2.5998 0.3055 88.3078 -15.6949 -85.1320 -129.3055 62.9528 99.7819 -34.0524 18.3711 -9.2271 2.2051 0.7439 0.4139 0.0001 -0.0001 0.0000 -0.0000 0.0000 0.0000 0.0003 -0.0006 0.0000 0.0001 -0.0001 0.0000 -0.0000 0.0000 0.0000 -0.0000 0.0000 0.0000 0.0001 0.0007 -0.0000 0.0001 -0.0011 0.0000 0.0003 -0.0008 0.0000 -0.0000 0.0001 0.0000 -0.0000 0.0000 0.0000 -0.0000 -0.0009 0.0000 -29.9996 0.0002 0.0001 29.9996 -0.0003 0.0001 -0.0000 0.0000 0.0000 -179.4217 -1.6613 -3.9467 -4.5202 -14.7403 -7.8080 24.0271 73.9525 -26.8254 -0.0000 25.3511 0.0000 179.8832 8.6402 -5.1982 -0.0937 -12.4473 -0.1009 -7.6007 69.9107 9.8986 -0.0001 25.3508 0.0000
8.4201 96.3532 -5.1302 0.9207 1.4566 2.3184 0.1942 0.7107 -0.4613 0.1942 0.7108 -0.4613 0.1947 0.7129 -0.4627 -86.8739 -10.1645 85.7057 125.8584 54.1408 -92.0459 44.6790 12.0340 15.1935 -2.7838 1.5887 -0.5266 0.0001 0.0000 0.0000 -0.0000 0.0000 0.0000 -0.0008 -0.0013 -0.0000 0.0001 -0.0004 0.0000 -0.0000 0.0000 0.0000 -0.0000 0.0000 0.0000 -0.0000 0.0002 0.0000 0.0003 -0.0006 0.0000 -0.0006 0.0004 0.0000 0.0001 0.0000 0.0000 -0.0000 0.0000 0.0000 -0.0002 -0.0010 -0.0000 30.0001 0.0002 -0.0001 -29.9998 0.0005 0.0002 -0.0000 0.0000 0.0000 0.9670 2.5515 0.3348 0.9670 2.5515 0.3348 88.2413 -15.6613 -84.9661 -128.7975 62.1360 99.3361 -35.2136 18.4310 -9.1736 2.3402 0.7992 0.4444 0.0001 -0.0001 0.0000 -0.0000 0.0000 0.0000 0.0003 -0.0006 0.0000 0.0001 -0.0001 0.0000 -0.0000 0.0000 0.0000 -0.0000 0.0000 0.0000 0.0001 0.0007 -0.0000 0.0001 -0.0012 0.0000 0.0003 -0.0008 0.0000 -0.0000 0.0001 0.0000 -0.0000 0.0000 0.0000 -0.0000 -0.0009 0.0000 -29.9997 0.0002 0.0001 29.9996 -0.0003 0.0001 -0.0000 0.0000 0.0000 -179.5065 -1.6878 -3.8768 -4.5351 -14.6441 -7.9069 23.1010 73.8529 -26.0804 -0.0000 25.3510 0.0000 179.7310 8.5525 -5.1072 -0.0933 -12.1428 -0.0998 -7.2203 69.8388 9.4122 -0.0001 25.3508 0.0000
8.3619 96.4061 -5.0271 1.0890 1.6022 2.2639 0.1483 0.7005 -0.4246 0.1483 0.7006 -0.4247 0.1487 0.7026 -0.4259 -86.8117 -10.0257 85.6816 125.6201 53.4137 -91.7127 45.7886 11.6919 15.0970 -2.8300 1.5421 -0.5069 0.0001 0.0000 0.0000 -0.0000 0.0000 0.0000 -0.0008 -0.0013 -0.0000 0.0001 -0.0004 0.0000 -0.0000 0.0000 0.0000 -0.0000 0.0000 0.0000 -0.0000 0.0002 0.0000 0.0003 -0.0006 0.0000 -0.0006 0.0004 0.0000 0.0001 0.0000 0.0000 -0.0000 0.0000 0.0000 -0.0002 -0.0010 -0.0000 30.0001 0.0002 -0.0001 -29.9998 0.0005 0.0002 -0.0000 0.0000 0.0000 0.9168 2.4737 0.3648 0.9168 2.4737 0.3648 88.1709 -15.6288 -84.8116 -128.3337 61.3679 98.8585 -36.2606 18.4256 -9.1309 2.4646 0.8563 0.4734 0.0001 -0.0001 0.0000 -0.0000 0.0000 0.0000 0.0003 -0.0006 0.0000 0.0001 -0.0001 0.0000 -0.0000 0.0000 0.0000 -0.0000 0.0000 0.0000 0.0001 0.0007 -0.0000 0.0001 -0.0011 0.0000 0.0003 -0.0008 0.0000 -0.0000 0.0001 0.0000 -0.0000 0.0000 0.0000 -0.0000 -0.0009 0.0000 -29.9996 0.0002 0.0001 29.9996 -0.0003 0.0001 -0.0000 0.0000 0.0000 -179.5958 -1.7030 -3.8222 -4.5423 -14.5497 -7.9904 22.1639 73.7534 -25.3236 -0.0000 25.3510 0.0000 179.5781 8.4865 -5.0183 -0.0930 -11.8511 -0.0998 -6.8343 69.7660 8.9242 -0.0001 25.3508 0.0000
8.2852 96.4516 -4.9440 1.2523 1.7532 2.2073 0.1034 0.7003 -0.3925 0.1034 0.7004 -0.3925 0.1037 0.7024 -0.3937 -86.7551 -9.8785 85.6633 125.4257 52.7933 -91.4570 46.6274 11.3536 15.1843 -2.8633 1.5135 -0.4887 0.0001 0.0000 0.0000 -0.0000 0.0000 0.0000 -0.0008 -0.0013 -0.0000 0.0001 -0.0004 0.0000 -0.0000 0.0000 0.0000 -0.0000 0.0000 0.0000 -0.0000 0.0002 0.0000 0.0003 -0.0006 0.0000 -0.0006 0.0004 0.0000 0.0001 0.0000 0.0000 -0.0000 0.0000 0.0000 -0.0002 -0.0010 -0.0000 30.0001 0.0002 -0.0001 -29.9998 0.0005 0.0002 -0.0000 0.0000 0.0000 0.8792 2.3717 0.3923 0.8792 2.3717 0.3923 88.1018 -15.6042 -84.6717 -127.9268 60.6483 98.3299 -37.0183 18.3188 -9.1281 2.5683 0.9127 0.4978 0.0001 -0.0001 0.0000 -0.0000 0.0000 0.0000 0.0003 -0.0006 0.0000 0.0001 -0.0001 0.0000 -0.0000 0.0000 0.0000 -0.0000 0.0000 0.0000 0.0001 0.0007 -0.0000 0.0001 -0.0011 0.0000 0.0003 -0.0008 0.0000 -0.0000 0.0001 0.0000 -0.0000 0.0000 0.0000 -0.0000 -0.0009 0.0000 -29.9996 0.0002 0.0001 29.9996 -0.0003 0.0001 -0.0000 0.0000 0.0000 -179.6912 -1.7047 -3.7859 -4.5378 -14.4634 -8.0402 21.2801 73.6509 -24.6148 -0.0000 25.3510 0.0000 179.4462 8.4557 -4.9544 -0.0928 -11.5914 -0.0990 -6.5161 69.6867 8.4960 -0.0001 25.3508 0.0000
8.1861 96.4912 -4.8770 1.4055 1.9014 2.1502 0.0622 0.7070 -0.3670 0.0622 0.7071 -0.3670 0.0625 0.7092 -0.3681 -86.7071 -9.7314 85.6480 125.2280 52.2824 -91.2247 47.2283 11.0317 15.3724 -2.8882 1.5005 -0.4737 0.0001 0.0000 0.0000 -0.0000 0.0000 0.0000 -0.0008 -0.0013 -0.0000 0.0001 -0.0004 0.0000 -0.0000 0.0000 0.0000 -0.0000 0.0000 0.0000 -0.0000 0.0002 0.0000 0.0003 -0.0006 0.0000 -0.0006 0.0004 0.0000 0.0001 0.0000 0.0000 -0.0000 0.0000 0.0000 -0.0002 -0.0010 -0.0000 30.0001 0.0003 -0.0002 -29.9998 0.0005 0.0002 -0.0000 0.0000 0.0000 0.8498 2.2695 0.4177 0.8498 2.2695 0.4177 88.0349 -15.5826 -84.5495 -127.6366 60.0361 97.8544 -37.5174 18.1307 -9.1794 2.6469 0.9642 0.5161 0.0001 -0.0001 0.0000 -0.0000 0.0000 0.0000 0.0003 -0.0006 0.0000 0.0001 -0.0001 0.0000 -0.0000 0.0000 0.0000 -0.0000 0.0000 0.0000 0.0001 0.0007 -0.0000 0.0001 -0.0011 0.0000 0.0003 -0.0008 0.0000 -0.0000 0.0001 0.0000 -0.0000 0.0000 0.0000 -0.0000 -0.0008 0.0000 -29.9996 0.0002 0.0001 29.9996 -0.0003 0.0001 -0.0000 0.0000 0.0000 -179.7847 -1.6964 -3.7560 -4.5279 -14.3924 -8.0644 20.5002 73.5452 -24.0010 -0.0000 25.3510 0.0000 179.3450 8.4507 -4.9273 -0.0923 -11.3653 -0.0965 -6.3071 69.6020 8.1664 -0.0001 25.3508 0.0000
8.0762 96.5265 -4.8186 1.5458 2.0432 2.0935 0.0259 0.7193 -0.3475 0.0259 0.7194 -0.3475 0.0259 0.7216 -0.3485 -86.6656 -9.5918 85.6318 125.0097 51.8805 -90.9891 47.6057 10.7277 15.6007 -2.9067 1.5008 -0.4626 0.0001 0.0000 0.0000 -0.0000 0.0000 0.0000 -0.0008 -0.0013 -0.0000 0.0001 -0.0004 0.0000 -0.0000 0.0000 0.0000 -0.0000 0.0000 0.0000 -0.0000 0.0002 0.0000 0.0003 -0.0006 0.0000 -0.0006 0.0004 0.0000 0.0001 0.0000 0.0000 -0.0000 0.0000 0.0000 -0.0002 -0.0010 -0.0000 30.0001 0.0002 -0.0001 -29.9998 0.0005 0.0002 -0.0000 0.0000 0.0000 0.8255 2.1777 0.4404 0.8255 2.1777 0.4404 87.9707 -15.5631 -84.4466 -127.4560 59.5306 97.4611 -37.7699 17.8920 -9.2828 2.7018 1.0089 0.5280 0.0001 -0.0001 0.0000 -0.0000 0.0000 0.0000 0.0003 -0.0006 0.0000 0.0001 -0.0001 0.0000 -0.0000 0.0000 0.0000 -0.0000 0.0000 0.0000 0.0001 0.0007 -0.0000 0.0001 -0.0011 0.0000 0.0003 -0.0008 0.0000 -0.0000 0.0001 0.0000 -0.0000 0.0000 0.0000 -0.0000 -0.0008 0.0000 -29.9996 0.0002 0.0001 29.9996 -0.0003 0.0001 -0.0000 0.0000 0.0000 -179.8691 -1.6794 -3.7271 -4.5189 -14.3405 -8.0729 19.8599 73.4433 -23.5130 -0.0000 25.3510 0.0000 179.2695 8.4600 -4.9330 -0.0919 -11.1664 -0.0940 -6.1975 69.5166 7.9335 -0.0001 25.3508 0.0000
7.9641 96.5542 -4.7650 1.6619 2.1712 2.0394 -0.0014 0.7391 -0.3363 -0.0014 0.7392 -0.3363 -0.0014 0.7414 -0.3373 -86.6336 -9.4822 85.6085 124.7928 51.6444 -90.7654 47.6285 10.4462 15.8339 -2.9167 1.5181 -0.4576 0.0001 0.0000 0.0000 -0.0000 0.0000 0.0000 -0.0008 -0.0013 -0.0000 0.0001 -0.0004 0.0000 -0.0000 0.0000 0.0000 -0.0000 0.0000 0.0000 -0.0000 0.0002 0.0000 0.0003 -0.0006 0.0000 -0.0006 0.0004 0.0000 0.0001 0.0000 0.0000 -0.0000 0.0000 0.0000 -0.0002 -0.0010 -0.0000 30.0001 0.0002 -0.0001 -29.9998 0.0005 0.0002 -0.0000 0.0000 0.0000 0.8045 2.1130 0.4577 0.8045 2.1130 0.4577 87.9147 -15.5483 -84.3718 -127.4412 59.2240 97.2458 -37.6776 17.6208 -9.4875 2.7200 1.0398 0.5300 0.0001 -0.0001 0.0000 -0.0000 0.0000 0.0000 0.0003 -0.0006 0.0000 0.0001 -0.0001 0.0000 -0.0000 0.0000 0.0000 -0.0000 0.0000 0.0000 0.0001 0.0007 -0.0000 0.0001 -0.0012 0.0000 0.0003 -0.0008 0.0000 -0.0000 0.0001 0.0000 -0.0000 0.0000 0.0000 -0.0000 -0.0009 0.0000 -29.9996 0.0002 0.0001 29.9996 -0.0003 0.0001 -0.0000 0.0000 0.0000 -179.9281 -1.6551 -3.6956 -4.5205 -14.3201 -8.0615 19.4209 73.3436 -23.2069 -0.0000 25.3510 0.0000 179.2255 8.4761 -4.9710 -0.0916 -11.0002 -0.0926 -6.1936 69.4357 7.8133 -0.0001 25.3508 0.0000
7.8502 96.5768 -4.6993 1.7545 2.2876 1.9904 -0.0196 0.7640 -0.3306 -0.0196 0.7641 -0.3306 -0.0197 0.7663 -0.3316 -86.6110 -9.4064 85.5791 124.5956 51.5517 -90.5822 47.3647 10.2241 16.0294 -2.9192 1.5451 -0.4578 0.0001 0.0000 0.0000 -0.0000 0.0000 0.0000 -0.0008 -0.0013 -0.0000 0.0001 -0.0004 0.0000 -0.0000 0.0000 0.0000 -0.0000 0.0000 0.0000 -0.0000 0.0002 0.0000 0.0003 -0.0006 0.0000 -0.0006 0.0004 0.0000 0.0001 0.0000 0.0000 -0.0000 0.0000 0.0000 -0.0002 -0.0010 -0.0000 30.0001 0.0002 -0.0001 -29.9998 0.0005 0.0001 -0.0000 0.0000 0.0000 0.7826 2.0703 0.4698 0.7826 2.0703 0.4698 87.8726 -15.5359 -84.3260 -127.5031 59.0476 97.1285 -37.2909 17.3522 -9.7534 2.7100 1.0585 0.5248 0.0001 -0.0001 0.0000 -0.0000 0.0000 0.0000 0.0003 -0.0006 0.0000 0.0001 -0.0001 0.0000 -0.0000 0.0000 0.0000 -0.0000 0.0000 0.0000 0.0001 0.0007 -0.0000 0.0001 -0.0012 0.0000 0.0003 -0.0008 0.0000 -0.0000 0.0001 0.0000 -0.0000 0.0000 0.0000 -0.0000 -0.0008 0.0000 -29.9997 0.0002 0.0001 29.9996 -0.0003 0.0001 -0.0000 0.0000 0.0000 -179.9630 -1.6286 -3.6662 -4.5286 -14.3264 -8.0362 19.1321 73.2475 -23.0378 -0.0000 25.3510 0.0000 179.2079 8.4859 -5.0201 -0.0914 -10.8600 -0.0914 -6.2433 69.3731 7.7545 -0.0001 25.3508 0.0000
7.7304 96.5943 -4.6129 1.8278 2.3949 1.9462 -0.0302 0.7922 -0.3283 -0.0302 0.7923 -0.3283 -0.0302 0.7946 -0.3292 -86.5978 -9.3579 85.5463 124.4158 51.5934 -90.4561 46.8822 10.0927 16.1875 -2.9152 1.5785 -0.4627 0.0001 0.0000 0.0000 -0.0000 0.0000 0.0000 -0.0008 -0.0013 -0.0000 0.0001 -0.0004 0.0000 -0.0000 0.0000 0.0000 -0.0000 0.0000 0.0000 -0.0000 0.0002 0.0000 0.0003 -0.0006 0.0000 -0.0006 0.0004 0.0000 0.0001 0.0000 0.0000 -0.0000 0.0000 0.0000 -0.0002 -0.0010 -0.0000 30.0001 0.0002 -0.0001 -29.9998 0.0005 0.0002 -0.0000 0.0000 0.0000 0.7585 2.0436 0.4772 0.7585 2.0436 0.4772 87.8458 -15.5229 -84.3094 -127.6166 59.0222 97.1170 -36.7038 17.1242 -10.0815 2.6764 1.0660 0.5141 0.0001 -0.0001 0.0000 -0.0000 0.0000 0.0000 0.0003 -0.0006 0.0000 0.0001 -0.0001 0.0000 -0.0000 0.0000 0.0000 -0.0000 0.0000 0.0000 0.0001 0.0007 -0.0000 0.0001 -0.0012 0.0000 0.0003 -0.0008 0.0000 -0.0000 0.0001 0.0000 -0.0000 0.0000 0.0000 -0.0000 -0.0009 0.0000 -29.9996 0.0002 0.0001 29.9996 -0.0003 0.0001 -0.0000 0.0000 0.0000 -179.9781 -1.6027 -3.6425 -4.5391 -14.3559 -8.0099 18.9253 73.1607 -22.9405 -0.0000 25.3511 0.0000 179.2140 8.4806 -5.0746 -0.0912 -10.7348 -0.0901 -6.3342 69.3325 7.7416 -0.0001 25.3508 0.0000
7.5924 96.6061 -4.4887 1.8799 2.4916 1.9067 -0.0319 0.8241 -0.3269 -0.0319 0.8242 -0.3269 -0.0320 0.8266 -0.3279 -86.5981 -9.3464 85.5125 124.2747 51.8327 -90.4579 46.1496 10.1351 16.3584 -2.9002 1.6203 -0.4737 0.0001 0.0000 0.0000 -0.0000 0.0000 0.0000 -0.0008 -0.0013 -0.0000 0.0001 -0.0004 0.0000 -0.0000 0.0000 0.0000 -0.0000 0.0000 0.0000 -0.0000 0.0002 0.0000 0.0003 -0.0007 0.0000 -0.0006 0.0004 0.0000 0.0001 0.0000 0.0000 -0.0000 0.0000 0.0000 -0.0002 -0.0010 -0.0000 30.0001 0.0002 -0.0001 -29.9998 0.0005 0.0002 -0.0000 0.0000 0.0000 0.7293 2.0314 0.4777 0.7293 2.0314 0.4777 87.8383 -15.5116 -84.3306 -127.7674 59.2286 97.2419 -35.9056 17.0016 -10.4907 2.6123 1.0581 0.4977 0.0001 -0.0001 0.0000 -0.0000 0.0000 0.0000 0.0003 -0.0006 0.0000 0.0001 -0.0001 0.0000 -0.0000 0.0000 0.0000 -0.0000 0.0000 0.0000 0.0001 0.0007 -0.0000 0.0001 -0.0012 0.0000 0.0003 -0.0008 0.0000 -0.0000 0.0001 0.0000 -0.0000 0.0000 0.0000 -0.0000 -0.0008 0.0000 -29.9997 0.0002 0.0001 29.9996 -0.0003 0.0001 -0.0000 0.0000 0.0000 -179.9659 -1.5873 -3.6404 -4.5533 -14.4101 -7.9974 18.7341 73.0974 -22.8456 -0.0000 25.3510 0.0000 179.2537 8.4548 -5.1294 -0.0909 -10.6383 -0.0882 -6.4744 69.3325 7.7753 -0.0001 25.3508 0.0000
7.4367 96.6131 -4.3461 1.9279 2.5828 1.8682 -0.0310 0.8599 -0.3237 -0.0310 0.8600 -0.3237 -0.0311 0.8625 -0.3246 -86.6114 -9.3686 85.4837 124.1775 52.2146 -90.5826 45.2515 10.3468 16.5827 -2.8750 1.6674 -0.4886 0.0001 0.0000 0.0000 -0.0000 0.0000 0.0000 -0.0008 -0.0013 -0.0000 0.0001 -0.0004 0.0000 -0.0000 0.0000 0.0000 -0.0000 0.0000 0.0000 -0.0000 0.0002 0.0000 0.0003 -0.0006 0.0000 -0.0006 0.0004 0.0000 0.0001 0.0000 0.0000 -0.0000 0.0000 0.0000 -0.0002 -0.0010 -0.0000 30.0001 0.0002 -0.0001 -29.9998 0.0005 0.0002 -0.0000 0.0000 0.0000 0.6962 2.0194 0.4738 0.6962 2.0194 0.4738 87.8405 -15.5105 -84.3767 -127.9224 59.6240 97.4569 -35.0112 16.9897 -10.9628 2.5285 1.0404 0.4789 0.0001 -0.0001 0.0000 -0.0000 0.0000 0.0000 0.0003 -0.0006 0.0000 0.0001 -0.0001 0.0000 -0.0000 0.0000 0.0000 -0.0000 0.0000 0.0000 0.0001 0.0007 -0.0000 0.0001 -0.0012 0.0000 0.0003 -0.0008 0.0000 -0.0000 0.0002 0.0000 -0.0000 0.0000 0.0000 -0.0000 -0.0008 0.0000 -29.9996 0.0002 0.0001 29.9996 -0.0003 0.0001 -0.0000 0.0000 0.0000 -179.9411 -1.5887 -3.6679 -4.5711 -14.4732 -7.9922 18.5025 73.0551 -22.6996 -0.0000 25.3510 0.0000 179.3097 8.4344 -5.1665 -0.0907 -10.5859 -0.0863 -6.6140 69.3661 7.7959 -0.0001 25.3508 0.0000
7.2672 96.6159 -4.1950 1.9780 2.6711 1.8297 -0.0303 0.9001 -0.3178 -0.0303 0.9002 -0.3179 -0.0304 0.9029 -0.3188 -86.6374 -9.4099 85.4632 124.0958 52.6758 -90.7667 44.2185 10.6916 16.8405 -2.8407 1.7174 -0.5062 0.0001 0.0000 0.0000 -0.0000 0.0000 0.0000 -0.0008 -0.0013 -0.0000 0.0001 -0.0004 0.0000 -0.0000 0.0000 0.0000 -0.0000 0.0000 0.0000 -0.0000 0.0002 0.0000 0.0003 -0.0006 0.0000 -0.0006 0.0004 0.0000 0.0001 0.0000 0.0000 -0.0000 0.0000 0.0000 -0.0002 -0.0010 -0.0000 30.0001 0.0002 -0.0001 -29.9998 0.0005 0.0002 -0.0000 0.0000 0.0000 0.6619 1.9938 0.4671 0.6619 1.9938 0.4671 87.8442 -15.5208 -84.4453 -128.0747 60.1775 97.7332 -34.0670 17.0707 -11.4721 2.4300 1.0149 0.4589 0.0001 -0.0001 0.0000 -0.0000 0.0000 0.0000 0.0003 -0.0006 0.0000 0.0001 -0.0001 0.0000 -0.0000 0.0000 0.0000 -0.0000 0.0000 0.0000 0.0001 0.0007 -0.0000 0.0001 -0.0012 0.0000 0.0003 -0.0008 0.0000 -0.0000 0.0001 0.0000 -0.0000 0.0000 0.0000 -0.0000 -0.0008 0.0000 -29.9996 0.0002 0.0001 29.9996 -0.0003 0.0001 -0.0000 0.0000 0.0000 -179.9134 -1.6033 -3.7208 -4.5909 -14.5416 -7.9878 18.2337 73.0268 -22.5062 -0.0000 25.3510 0.0000 179.3737 8.4329 -5.1819 -0.0905 -10.5871 -0.0845 -6.7383 69.4322 7.7866 -0.0001 25.3508 0.0000
7.0910 96.6160 -4.0309 2.0366 2.7600 1.7914 -0.0312 0.9475 -0.3093 -0.0312 0.9476 -0.3093 -0.0312 0.9504 -0.3102 -86.6788 -9.4670 85.4546 124.0367 53.2913 -91.0310 43.1044 11.2325 17.1145 -2.7950 1.7688 -0.5278 0.0001 0.0000 0.0000 -0.0000 0.0000 0.0000 -0.0008 -0.0013 -0.0000 0.0001 -0.0004 0.0000 -0.0000 0.0000 0.0000 -0.0000 0.0000 0.0000 -0.0001 0.0002 0.0000 0.0003 -0.0006 0.0000 -0.0006 0.0004 0.0000 0.0001 0.0000 0.0000 -0.0000 0.0000 0.0000 -0.0002 -0.0010 -0.0000 30.0001 0.0002 -0.0001 -29.9998 0.0005 0.0002 -0.0000 0.0000 0.0000 0.6292 1.9345 0.4615 0.6292 1.9345 0.4615 87.8388 -15.5469 -84.5341 -128.2658 60.9374 98.1030 -33.0786 17.2609 -11.9713 2.3142 0.9786 0.4374 0.0001 -0.0001 0.0000 -0.0000 0.0000 0.0000 0.0003 -0.0006 0.0000 0.0001 -0.0001 0.0000 -0.0000 0.0000 0.0000 -0.0000 0.0000 0.0000 0.0001 0.0007 -0.0000 0.0001 -0.0012 0.0000 0.0003 -0.0008 0.0000 -0.0000 0.0001 0.0000 -0.0000 0.0000 0.0000 -0.0000 -0.0009 0.0000 -29.9997 0.0002 0.0001 29.9996 -0.0003 0.0001 -0.0000 0.0000 0.0000 -179.8898 -1.6249 -3.8010 -4.6130 -14.6212 -7.9752 17.9312 73.0143 -22.2654 -0.0000 25.3510 0.0000 179.4347 8.4620 -5.1583 -0.0907 -10.6638 -0.0847 -6.8211 69.5465 7.7158 -0.0001 25.3508 0.0000
6.9170 96.6164 -3.8465 2.1029 2.8567 1.7534 -0.0338 0.9955 -0.2988 -0.0338 0.9957 -0.2988 -0.0339 0.9986 -0.2997 -86.7207 -9.5305 85.4676 124.0309 54.0010 -91.3381 41.9830 11.8567 17.4105 -2.7404 1.8210 -0.5509 0.0001 0.0000 0.0000 -0.0000 0.0000 0.0000 -0.0008 -0.0013 -0.0000 0.0001 -0.0004 0.0000 -0.0000 0.0000 0.0000 -0.0000 0.0000 0.0000 -0.0000 0.0002 0.0000 0.0003 -0.0007 0.0000 -0.0006 0.0004 0.0000 0.0001 0.0000 0.0000 -0.0000 0.0000 0.0000 -0.0002 -0.0010 -0.0000 30.0001 0.0002 -0.0001 -29.9998 0.0005 0.0002 -0.0000 0.0000 0.0000 0.6009 1.8489 0.4578 0.6009 1.8489 0.4578 87.8145 -15.5912 -84.6403 -128.5370 61.8189 98.5375 -32.0829 17.4820 -12.4194 2.1887 0.9354 0.4149 0.0001 -0.0001 0.0000 -0.0000 0.0000 0.0000 0.0003 -0.0006 0.0000 0.0001 -0.0001 0.0000 -0.0000 0.0000 0.0000 -0.0000 0.0000 0.0000 0.0001 0.0007 -0.0000 0.0001 -0.0012 0.0000 0.0003 -0.0008 0.0000 -0.0000 0.0001 0.0000 -0.0000 0.0000 0.0000 -0.0000 -0.0009 0.0000 -29.9997 0.0002 0.0001 29.9996 -0.0003 0.0001 -0.0000 0.0000 0.0000 -179.8710 -1.6355 -3.8889 -4.6396 -14.7144 -7.9457 17.6505 73.0064 -22.0404 -0.0000 25.3510 0.0000 179.4849 8.4938 -5.1032 -0.0910 -10.7570 -0.0873 -6.8698 69.6863 7.5960 -0.0001 25.3508 0.0000
6.7389 96.6177 -3.6449 2.1734 2.9591 1.7192 -0.0372 1.0428 -0.2874 -0.0372 1.0429 -0.2874 -0.0372 1.0460 -0.2882 -86.7583 -9.6006 85.5039 124.1367 54.7867 -91.6840 40.8793 12.4855 17.7482 -2.6634 1.8429 -0.5632 0.0001 0.0000 0.0000 -0.0000 0.0000 0.0000 -0.0008 -0.0013 -0.0000 0.0001 -0.0004 0.0000 -0.0000 0.0000 0.0000 -0.0000 0.0000 0.0000 -0.0001 0.0002 0.0000 0.0003 -0.0006 0.0000 -0.0006 0.0004 0.0000 0.0001 0.0000 0.0000 -0.0000 0.0000 0.0000 -0.0002 -0.0010 -0.0000 30.0001 0.0002 -0.0001 -29.9998 0.0005 0.0002 -0.0000 0.0000 0.0000 0.5781 1.7482 0.4542 0.5781 1.7482 0.4542 87.7702 -15.6476 -84.7705 -128.8700 62.7733 98.9964 -31.1100 17.7045 -12.8228 2.0588 0.8892 0.3923 0.0001 -0.0001 0.0000 -0.0000 0.0000 0.0000 0.0003 -0.0006 0.0000 0.0001 -0.0001 0.0000 -0.0000 0.0000 0.0000 -0.0000 0.0000 0.0000 0.0001 0.0007 -0.0000 0.0001 -0.0012 0.0000 0.0003 -0.0008 0.0000 -0.0000 0.0001 0.0000 -0.0000 0.0000 0.0000 -0.0000 -0.0009 0.0000 -29.9997 0.0002 0.0001 29.9996 -0.0003 0.0001 -0.0000 0.0000 0.0000 -179.8538 -1.6322 -3.9731 -4.6720 -14.8225 -7.8947 17.4227 72.9963 -21.8671 -0.0000 25.3510 0.0000 179.5313 8.5149 -5.0240 -0.0913 -10.8412 -0.0908 -6.8987 69.8370 7.4423 -0.0001 25.3508 0.0000
6.5436 96.6180 -3.4294 2.2473 3.0705 1.6959 -0.0426 1.0869 -0.2757 -0.0426 1.0871 -0.2757 -0.0426 1.0902 -0.2765 -86.7880 -9.6801 85.5664 124.5149 55.6794 -92.0988 39.8237 13.0509 18.0839 -2.5304 1.7591 -0.5406 0.0001 0.0000 0.0000 -0.0000 0.0000 0.0000 -0.0008 -0.0013 -0.0000 0.0001 -0.0004 0.0000 -0.0000 0.0000 0.0000 -0.0000 0.0000 0.0000 -0.0000 0.0002 0.0000 0.0003 -0.0006 0.0000 -0.0006 0.0004 0.0000 0.0001 0.0000 0.0000 -0.0000 0.0000 0.0000 -0.0002 -0.0010 -0.0000 30.0001 0.0002 -0.0001 -29.9998 0.0005 0.0002 -0.0000 0.0000 0.0000 0.5658 1.6400 0.4473 0.5658 1.6400 0.4473 87.7088 -15.7144 -84.9312 -129.2620 63.7818 99.4433 -30.2027 17.9144 -13.1299 1.9275 0.8408 0.3698 0.0001 -0.0001 0.0000 -0.0000 0.0000 0.0000 0.0003 -0.0006 0.0000 0.0001 -0.0001 0.0000 -0.0000 0.0000 0.0000 -0.0000 0.0000 0.0000 0.0001 0.0007 -0.0000 0.0001 -0.0012 0.0000 0.0003 -0.0008 0.0000 -0.0000 0.0001 0.0000 -0.0000 0.0000 0.0000 -0.0000 -0.0009 0.0000 -29.9997 0.0002 0.0001 29.9996 -0.0003 0.0001 -0.0000 0.0000 0.0000 -179.8351 -1.6044 -4.0381 -4.7141 -14.9531 -7.8205 17.2601 72.9786 -21.7636 -0.0000 25.3510 0.0000 179.5828 8.5181 -4.9388 -0.0914 -10.8925 -0.0920 -6.9654 69.9829 7.3103 -0.0001 25.3508 0.0000
6.3424 96.6166 -3.2133 2.3249 3.1883 1.6890 -0.0510 1.1269 -0.2678 -0.0510 1.1271 -0.2678 -0.0512 1.1303 -0.2686 -86.8129 -9.7739 85.6407 125.0296 56.5780 -92.5488 38.8513 13.5343 18.3850 -2.4002 1.6751 -0.5173 0.0001 0.0000 0.0000 -0.0000 0.0000 0.0000 -0.0008 -0.0013 -0.0000 0.0001 -0.0004 0.0000 -0.0000 0.0000 0.0000 -0.0000 0.0000 0.0000 -0.0000 0.0002 0.0000 0.0003 -0.0006 0.0000 -0.0006 0.0004 0.0000 0.0001 0.0000 0.0000 -0.0000 0.0000 0.0000 -0.0002 -0.0010 -0.0000 30.0001 0.0002 -0.0001 -29.9998 0.0005 0.0002 -0.0000 0.0000 0.0000 0.5620 1.5437 0.4375 0.5620 1.5437 0.4375 87.6463 -15.7833 -85.0997 -129.7349 64.7803 99.9252 -29.3630 18.0927 -13.3559 1.8028 0.7936 0.3483 0.0001 -0.0001 0.0000 -0.0000 0.0000 0.0000 0.0003 -0.0006 0.0000 0.0001 -0.0001 0.0000 -0.0000 0.0000 0.0000 -0.0000 0.0000 0.0000 0.0001 0.0007 -0.0000 0.0001 -0.0012 0.0000 0.0003 -0.0008 0.0000 -0.0000 0.0001 0.0000 -0.0000 0.0000 0.0000 -0.0000 -0.0009 0.0000 -29.9996 0.0002 0.0001 29.9996 -0.0003 0.0001 -0.0000 0.0000 0.0000 -179.8191 -1.5606 -4.0807 -4.7560 -15.0981 -7.7483 17.0707 72.9584 -21.6415 -0.0000 25.3510 0.0000 179.6360 8.5251 -4.8760 -0.0914 -10.9437 -0.0906 -7.1395 70.1269 7.2879 -0.0001 25.3508 0.0000
6.1563 96.6141 -2.9994 2.4096 3.3109 1.6999 -0.0631 1.1618 -0.2667 -0.0631 1.1620 -0.2667 -0.0632 1.1653 -0.2675 -86.8337 -9.8866 85.7221 125.6508 57.4542 -93.0474 37.9641 13.9408 18.6531 -2.2775 1.5935 -0.4939 0.0001 0.0000 0.0000 -0.0000 0.0000 0.0000 -0.0008 -0.0013 -0.0000 0.0001 -0.0004 0.0000 -0.0000 0.0000 0.0000 -0.0000 0.0000 0.0000 -0.0000 0.0002 0.0000 0.0003 -0.0006 0.0000 -0.0006 0.0004 0.0000 0.0001 0.0000 0.0000 -0.0000 0.0000 0.0000 -0.0002 -0.0010 -0.0000 30.0001 0.0002 -0.0001 -29.9998 0.0005 0.0002 -0.0000 0.0000 0.0000 0.5625 1.4688 0.4270 0.5625 1.4688 0.4270 87.5866 -15.8462 -85.2758 -130.2664 65.7206 100.4366 -28.5976 18.2341 -13.5284 1.6932 0.7524 0.3294 0.0001 -0.0001 0.0000 -0.0000 0.0000 0.0000 0.0003 -0.0006 0.0000 0.0001 -0.0001 0.0000 -0.0000 0.0000 0.0000 -0.0000 0.0000 0.0000 0.0001 0.0007 -0.0000 0.0001 -0.0012 0.0000 0.0003 -0.0008 0.0000 -0.0000 0.0001 0.0000 -0.0000 0.0000 0.0000 -0.0000 -0.0008 0.0000 -29.9997 0.0002 0.0001 29.9996 -0.0003 0.0001 -0.0000 0.0000 0.0000 -179.8091 -1.5139 -4.1016 -4.7962 -15.2435 -7.6896 16.8052 72.9383 -21.4491 -0.0000 25.3510 0.0000 179.6739 8.5434 -4.8351 -0.0913 -11.0097 -0.0892 -7.4211 70.2748 7.3883 -0.0001 25.3508 0.0000
6.0118 96.6132 -2.7897 2.5153 3.4429 1.7400 -0.0830 1.1875 -0.2796 -0.0831 1.1877 -0.2796 -0.0833 1.1911 -0.2804 -86.8488 -10.0357 85.8274 126.3436 58.2018 -93.5729 37.2099 14.2328 18.8748 -2.1728 1.5203 -0.4719 0.0001 0.0000 0.0000 -0.0000 0.0000 0.0000 -0.0008 -0.0013 -0.0000 0.0001 -0.0004 0.0000 -0.0000 0.0000 0.0000 -0.0000 0.0000 0.0000 -0.0000 0.0002 0.0000 0.0003 -0.0007 0.0000 -0.0006 0.0004 0.0000 0.0001 0.0000 0.0000 -0.0000 0.0000 0.0000 -0.0002 -0.0010 -0.0000 30.0001 0.0003 -0.0002 -29.9998 0.0005 0.0002 -0.0000 0.0000 0.0000 0.5639 1.4323 0.4188 0.5639 1.4323 0.4188 87.5351 -15.8855 -85.4661 -130.8039 66.5329 100.9287 -27.9957 18.3123 -13.6779 1.6004 0.7178 0.3129 0.0001 -0.0001 0.0000 -0.0000 0.0000 0.0000 0.0003 -0.0006 0.0000 0.0001 -0.0001 0.0000 -0.0000 0.0000 0.0000 -0.0000 0.0000 0.0000 0.0001 0.0007 -0.0000 0.0001 -0.0012 0.0000 0.0003 -0.0008 0.0000 -0.0000 0.0001 0.0000 -0.0000 0.0000 0.0000 -0.0000 -0.0009 0.0000 -29.9997 0.0002 0.0001 29.9996 -0.0002 0.0000 -0.0000 0.0000 0.0000 -179.8172 -1.4829 -4.0925 -4.8356 -15.3598 -7.6454 16.4112 72.9165 -21.1343 -0.0000 25.3510 0.0000 179.6655 8.5808 -4.8148 -0.0916 -11.0989 -0.0907 -7.8376 70.4275 7.6585 -0.0001 25.3508 0.0000
5.8845 96.6173 -2.5826 2.6460 3.5875 1.7971 -0.1118 1.2065 -0.3030 -0.1118 1.2067 -0.3030 -0.1121 1.2102 -0.3039 -86.8656 -10.1948 85.9398 127.0149 58.8050 -94.0971 36.5818 14.4549 19.0635 -2.0880 1.4580 -0.4528 0.0001 0.0000 0.0000 -0.0000 0.0000 0.0000 -0.0008 -0.0013 -0.0000 0.0001 -0.0004 0.0000 -0.0000 0.0000 0.0000 -0.0000 0.0000 0.0000 -0.0000 0.0002 0.0000 0.0003 -0.0006 0.0000 -0.0006 0.0004 0.0000 0.0001 0.0000 0.0000 -0.0000 0.0000 0.0000 -0.0002 -0.0010 -0.0000 30.0001 0.0002 -0.0001 -29.9998 0.0005 0.0002 -0.0000 0.0000 0.0000 0.5630 1.4198 0.4144 0.5630 1.4198 0.4144 87.4932 -15.9064 -85.6473 -131.3360 67.1890 101.4133 -27.5197 18.3294 -13.8065 1.5262 0.6901 0.2990 0.0001 -0.0001 0.0000 -0.0000 0.0000 0.0000 0.0003 -0.0006 0.0000 0.0001 -0.0001 0.0000 -0.0000 0.0000 0.0000 -0.0000 0.0000 0.0000 0.0001 0.0007 -0.0000 0.0001 -0.0012 0.0000 0.0003 -0.0008 0.0000 -0.0000 0.0001 0.0000 -0.0000 0.0000 0.0000 -0.0000 -0.0009 0.0000 -29.9996 0.0002 0.0001 29.9996 -0.0003 0.0001 -0.0000 0.0000 0.0000 -179.8503 -1.4658 -4.0703 -4.8715 -15.4404 -7.5962 15.9366 72.8914 -20.7434 -0.0000 25.3510 0.0000 179.6210 8.6282 -4.8051 -0.0918 -11.1856 -0.0924 -8.3341 70.5718 8.0237 -0.0001 25.3508 0.0000
5.7559 96.6263 -2.3744 2.7975 3.7429 1.8626 -0.1480 1.2190 -0.3320 -0.1480 1.2193 -0.3320 -0.1484 1.2228 -0.3330 -86.8827 -10.3434 86.0532 127.6211 59.2670 -94.5978 36.0930 14.6248 19.2230 -2.0224 1.4075 -0.4372 0.0001 0.0000 0.0000 -0.0000 0.0000 0.0000 -0.0008 -0.0013 -0.0000 0.0001 -0.0004 0.0000 -0.0000 0.0000 0.0000 -0.0000 0.0000 0.0000 -0.0000 0.0002 0.0000 0.0003 -0.0006 0.0000 -0.0006 0.0004 0.0000 0.0001 0.0000 0.0000 -0.0000 0.0000 0.0000 -0.0002 -0.0010 -0.0000 30.0001 0.0002 -0.0001 -29.9998 0.0005 0.0002 -0.0000 0.0000 0.0000 0.5598 1.4251 0.4120 0.5598 1.4251 0.4120 87.4587 -15.9193 -85.8123 -131.8558 67.6850 101.8810 -27.1582 18.2942 -13.8961 1.4692 0.6678 0.2877 0.0001 -0.0001 0.0000 -0.0000 0.0000 0.0000 0.0003 -0.0007 0.0000 0.0001 -0.0001 0.0000 -0.0000 0.0000 0.0000 -0.0000 0.0000 0.0000 0.0001 0.0007 -0.0000 0.0001 -0.0012 0.0000 0.0003 -0.0008 0.0000 -0.0000 0.0001 0.0000 -0.0000 0.0000 0.0000 -0.0000 -0.0008 0.0000 -29.9997 0.0002 0.0001 29.9996 -0.0003 0.0001 -0.0000 0.0000 0.0000 -179.9096 -1.4518 -4.0430 -4.8990 -15.4964 -7.5348 15.4162 72.8630 -20.3124 -0.0000 25.3511 0.0000 179.5554 8.6767 -4.7964 -0.0917 -11.2568 -0.0922 -8.8618 70.7053 8.4192 -0.0001 25.3508 0.0000
5.6221 96.6413 -2.1603 2.9681 3.9080 1.9272 -0.1897 1.2234 -0.3634 -0.1898 1.2236 -0.3634 -0.1903 1.2271 -0.3644 -86.8967 -10.4615 86.1542 128.0648 59.5116 -95.0055 35.8537 14.7316 19.3269 -1.9871 1.3759 -0.4276 0.0001 0.0000 0.0000 -0.0000 0.0000 0.0000 -0.0008 -0.0013 -0.0000 0.0001 -0.0004 0.0000 -0.0000 0.0000 0.0000 -0.0000 0.0000 0.0000 -0.0000 0.0002 0.0000 0.0003 -0.0006 0.0000 -0.0006 0.0004 0.0000 0.0001 0.0000 0.0000 -0.0000 0.0000 0.0000 -0.0002 -0.0010 -0.0000 30.0001 0.0002 -0.0001 -29.9998 0.0005 0.0002 -0.0000 0.0000 0.0000 0.5486 1.4551 0.4122 0.5486 1.4551 0.4122 87.4286 -15.9207 -85.9402 -132.2661 67.9294 102.2279 -26.9789 18.2015 -13.9036 1.4385 0.6544 0.2804 0.0001 -0.0001 0.0000 -0.0000 0.0000 0.0000 0.0003 -0.0006 0.0000 0.0001 -0.0001 0.0000 -0.0000 0.0000 0.0000 -0.0000 0.0000 0.0000 0.0001 0.0007 -0.0000 0.0001 -0.0011 0.0000 0.0003 -0.0008 0.0000 -0.0000 0.0001 0.0000 -0.0000 0.0000 0.0000 -0.0000 -0.0009 0.0000 -29.9996 0.0002 0.0001 29.9996 -0.0003 0.0001 -0.0000 0.0000 0.0000 -179.9939 -1.4373 -4.0072 -4.9196 -15.5242 -7.4597 14.8770 72.8306 -19.8736 -0.0000 25.3510 0.0000 179.4715 8.7188 -4.7765 -0.0918 -11.3047 -0.0914 -9.3611 70.8299 8.7776 -0.0001 25.3508 0.0000
5.4906 96.6579 -1.9473 3.1425 4.0737 1.9808 -0.2311 1.2220 -0.3898 -0.2312 1.2222 -0.3899 -0.2319 1.2257 -0.3910 -86.9066 -10.5414 86.2351 128.3399 59.5688 -95.2785 35.8385 14.7823 19.3761 -1.9769 1.3617 -0.4237 0.0001 0.0000 0.0000 -0.0000 0.0000 0.0000 -0.0008 -0.0013 -0.0000 0.0001 -0.0004 0.0000 -0.0000 0.0000 0.0000 -0.0000 0.0000 0.0000 -0.0000 0.0002 0.0000 0.0003 -0.0006 0.0000 -0.0006 0.0004 0.0000 0.0001 0.0000 0.0000 -0.0000 0.0000 0.0000 -0.0002 -0.0010 -0.0000 30.0001 0.0002 -0.0001 -29.9998 0.0005 0.0002 -0.0000 0.0000 0.0000 0.5290 1.5078 0.4110 0.5290 1.5078 0.4110 87.4013 -15.9182 -86.0177 -132.5207 67.9781 102.4091 -26.9612 18.0858 -13.8405 1.4291 0.6485 0.2772 0.0001 -0.0001 0.0000 -0.0000 0.0000 0.0000 0.0003 -0.0006 0.0000 0.0001 -0.0001 0.0000 -0.0000 0.0000 0.0000 -0.0000 0.0000 0.0000 0.0001 0.0007 -0.0000 0.0001 -0.0012 0.0000 0.0003 -0.0008 0.0000 -0.0000 0.0001 0.0000 -0.0000 0.0000 0.0000 -0.0000 -0.0008 0.0000 -29.9996 0.0002 0.0001 29.9996 -0.0003 0.0001 -0.0000 0.0000 0.0000 179.9167 -1.4270 -3.9606 -4.9426 -15.5275 -7.3839 14.3607 72.7935 -19.4678 -0.0000 25.3510 0.0000 179.3809 8.7512 -4.7489 -0.0919 -11.3286 -0.0925 -9.8040 70.9421 9.0791 -0.0001 25.3508 0.0000
5.3587 96.6740 -1.7434 3.3123 4.2328 2.0197 -0.2704 1.2178 -0.4078 -0.2705 1.2180 -0.4078 -0.2712 1.2215 -0.4089 -86.9165 -10.5817 86.2899 128.4476 59.4634 -95.3923 36.0170 14.7766 19.3643 -1.9885 1.3633 -0.4246 0.0001 0.0000 0.0000 -0.0000 0.0000 0.0000 -0.0008 -0.0013 -0.0000 0.0001 -0.0004 0.0000 -0.0000 0.0000 0.0000 -0.0000 0.0000 0.0000 -0.0000 0.0003 0.0000 0.0003 -0.0006 0.0000 -0.0006 0.0004 0.0000 0.0001 0.0000 0.0000 -0.0000 0.0000 0.0000 -0.0002 -0.0010 -0.0000 30.0001 0.0002 -0.0001 -29.9998 0.0005 0.0002 -0.0000 0.0000 0.0000 0.5049 1.5852 0.4045 0.5049 1.5852 0.4045 87.3768 -15.9201 -86.0383 -132.6330 67.8734 102.4417 -27.0877 17.9708 -13.7083 1.4387 0.6493 0.2776 0.0001 -0.0001 0.0000 -0.0000 0.0000 0.0000 0.0003 -0.0006 0.0000 0.0001 -0.0001 0.0000 -0.0000 0.0000 0.0000 -0.0000 0.0000 0.0000 0.0001 0.0007 -0.0000 0.0001 -0.0011 0.0000 0.0003 -0.0008 0.0000 -0.0000 0.0001 0.0000 -0.0000 0.0000 0.0000 -0.0000 -0.0009 0.0000 -29.9997 0.0002 0.0001 29.9996 -0.0003 0.0001 -0.0000 0.0000 0.0000 179.8257 -1.4197 -3.9025 -4.9647 -15.5136 -7.3196 13.8706 72.7498 -19.0961 -0.0000 25.3510 0.0000 179.2950 8.7731 -4.7274 -0.0919 -11.3297 -0.0931 -10.2013 71.0355 9.3358 -0.0001 25.3508 0.0000
5.2296 96.6881 -1.5633 3.4647 4.3707 2.0363 -0.3041 1.2136 -0.4106 -0.3041 1.2138 -0.4106 -0.3050 1.2173 -0.4117 -86.9322 -10.5643 86.2782 128.3227 59.1608 -95.2674 36.4457 14.6981 19.2166 -2.0297 1.3850 -0.4329 0.0001 0.0000 0.0000 -0.0000 0.0000 0.0000 -0.0008 -0.0013 -0.0000 0.0001 -0.0004 0.0000 -0.0000 0.0000 0.0000 -0.0000 0.0000 0.0000 -0.0000 0.0002 0.0000 0.0003 -0.0006 0.0000 -0.0006 0.0004 0.0000 0.0001 0.0000 0.0000 -0.0000 0.0000 0.0000 -0.0002 -0.0010 -0.0000 30.0001 0.0002 -0.0001 -29.9998 0.0005 0.0002 -0.0000 0.0000 0.0000 0.4787 1.6930 0.3875 0.4787 1.6930 0.3875 87.3578 -15.9314 -85.9707 -132.5537 67.5816 102.2796 -27.4241 17.8858 -13.4625 1.4738 0.6582 0.2832 0.0001 -0.0001 0.0000 -0.0000 0.0000 0.0000 0.0003 -0.0006 0.0000 0.0001 -0.0001 0.0000 -0.0000 0.0000 0.0000 -0.0000 0.0000 0.0000 0.0001 0.0007 -0.0000 0.0001 -0.0012 0.0000 0.0003 -0.0008 0.0000 -0.0000 0.0001 0.0000 -0.0000 0.0000 0.0000 -0.0000 -0.0009 0.0000 -29.9996 0.0002 0.0001 29.9996 -0.0003 0.0001 -0.0000 0.0000 0.0000 179.7414 -1.4212 -3.8216 -4.9863 -15.4784 -7.2965 13.4062 72.6936 -18.7546 -0.0000 25.3510 0.0000 179.2260 8.7756 -4.7236 -0.0917 -11.2975 -0.0907 -10.5268 71.0956 9.5280 -0.0001 25.3508 0.0000
5.1257 96.7008 -1.4064 3.6009 4.4885 2.0431 -0.3326 1.2118 -0.4056 -0.3326 1.2120 -0.4057 -0.3335 1.2155 -0.4068 -86.9508 -10.5299 86.2185 128.0631 58.7228 -94.9965 37.0341 14.5818 18.9371 -2.0922 1.4189 -0.4462 0.0001 0.0000 0.0000 -0.0000 0.0000 0.0000 -0.0008 -0.0013 -0.0000 0.0001 -0.0004 0.0000 -0.0000 0.0000 0.0000 -0.0000 0.0000 0.0000 -0.0000 0.0002 0.0000 0.0003 -0.0007 0.0000 -0.0006 0.0004 0.0000 0.0001 0.0000 0.0000 -0.0000 0.0000 0.0000 -0.0002 -0.0010 -0.0000 30.0001 0.0002 -0.0001 -29.9998 0.0005 0.0002 -0.0000 0.0000 0.0000 0.4515 1.8195 0.3676 0.4515 1.8195 0.3676 87.3456 -15.9444 -85.8380 -132.3438 67.1751 101.9863 -27.9246 17.8291 -13.1349 1.5277 0.6729 0.2929 0.0001 -0.0001 0.0000 -0.0000 0.0000 0.0000 0.0003 -0.0006 0.0000 0.0001 -0.0001 0.0000 -0.0000 0.0000 0.0000 -0.0000 0.0000 0.0000 0.0001 0.0007 -0.0000 0.0001 -0.0012 0.0000 0.0003 -0.0008 0.0000 -0.0000 0.0001 0.0000 -0.0000 0.0000 0.0000 -0.0000 -0.0009 0.0000 -29.9996 0.0002 0.0001 29.9996 -0.0003 0.0001 -0.0000 0.0000 0.0000 179.6661 -1.4381 -3.7178 -5.0071 -15.4211 -7.3169 12.9526 72.6249 -18.4177 -0.0000 25.3510 0.0000 179.1568 8.7638 -4.7243 -0.0915 -11.2440 -0.0896 -10.7840 71.1323 9.6755 -0.0001 25.3508 0.0000
5.0502 96.7132 -1.2687 3.7252 4.5930 2.0451 -0.3571 1.2115 -0.3964 -0.3571 1.2117 -0.3965 -0.3582 1.2152 -0.3976 -86.9719 -10.4865 86.1243 127.7231 58.1834 -94.6475 37.7372 14.4377 18.5665 -2.1714 1.4611 -0.4632 0.0001 0.0000 0.0000 -0.0000 0.0000 0.0000 -0.0008 -0.0013 -0.0000 0.0001 -0.0004 0.0000 -0.0000 0.0000 0.0000 -0.0000 0.0000 0.0000 -0.0000 0.0002 0.0000 0.0003 -0.0006 0.0000 -0.0006 0.0004 0.0000 0.0001 0.0000 0.0000 -0.0000 0.0000 0.0000 -0.0002 -0.0010 -0.0000 30.0001 0.0002 -0.0001 -29.9998 0.0005 0.0002 -0.0000 0.0000 0.0000 0.4241 1.9521 0.3486 0.4241 1.9521 0.3486 87.3409 -15.9584 -85.6604 -132.0508 66.6816 101.6060 -28.5549 17.7855 -12.7548 1.5968 0.6925 0.3058 0.0001 -0.0001 0.0000 -0.0000 0.0000 0.0000 0.0003 -0.0006 0.0000 0.0001 -0.0001 0.0000 -0.0000 0.0000 0.0000 -0.0000 0.0000 0.0000 0.0001 0.0007 -0.0000 0.0001 -0.0011 0.0000 0.0003 -0.0008 0.0000 -0.0000 0.0001 0.0000 -0.0000 0.0000 0.0000 -0.0000 -0.0009 0.0000 -29.9997 0.0002 0.0001 29.9996 -0.0003 0.0001 -0.0000 0.0000 0.0000 179.5971 -1.4702 -3.6039 -5.0241 -15.3387 -7.3648 12.5071 72.5434 -18.0804 -0.0000 25.3510 0.0000 179.0808 8.7489 -4.7247 -0.0917 -11.1854 -0.0915 -10.9852 71.1566 9.7942 -0.0001 25.3508 0.0000
4.9913 96.7265 -1.1523 3.8364 4.6887 2.0446 -0.3785 1.2117 -0.3831 -0.3786 1.2119 -0.3832 -0.3797 1.2154 -0.3843 -86.9914 -10.4257 86.0029 127.3072 57.5308 -94.2320 38.5805 14.2634 18.1049 -2.2690 1.5125 -0.4846 0.0001 0.0000 0.0000 -0.0000 0.0000 0.0000 -0.0008 -0.0013 -0.0000 0.0001 -0.0004 0.0000 -0.0000 0.0000 0.0000 -0.0000 0.0000 0.0000 -0.0000 0.0002 0.0000 0.0003 -0.0006 0.0000 -0.0006 0.0004 0.0000 0.0001 0.0000 0.0000 -0.0000 0.0000 0.0000 -0.0002 -0.0010 -0.0000 30.0001 0.0002 -0.0001 -29.9998 0.0005 0.0002 -0.0000 0.0000 0.0000 0.3996 2.0711 0.3331 0.3996 2.0711 0.3331 87.3475 -15.9740 -85.4456 -131.6773 66.0861 101.1319 -29.3406 17.7556 -12.3216 1.6834 0.7176 0.3225 0.0001 -0.0001 0.0000 -0.0000 0.0000 0.0000 0.0003 -0.0006 0.0000 0.0001 -0.0001 0.0000 -0.0000 0.0000 0.0000 -0.0000 0.0000 0.0000 0.0001 0.0007 -0.0000 0.0001 -0.0012 0.0000 0.0003 -0.0008 0.0000 -0.0000 0.0001 0.0000 -0.0000 0.0000 0.0000 -0.0000 -0.0009 0.0000 -29.9996 0.0002 0.0001 29.9996 -0.0003 0.0001 -0.0000 0.0000 0.0000 179.5279 -1.5175 -3.4947 -5.0258 -15.2198 -7.4220 12.1037 72.4419 -17.7700 -0.0000 25.3510 0.0000 179.0064 8.7415 -4.7326 -0.0918 -11.1312 -0.0935 -11.1444 71.1695 9.8963 -0.0001 25.3508 0.0000
4.9197 96.7421 -1.0437 3.9394 4.7844 2.0470 -0.3988 1.2117 -0.3693 -0.3989 1.2119 -0.3693 -0.4000 1.2154 -0.3703 -87.0020 -10.3521 85.8789 126.8773 56.8259 -93.8085 39.5094 14.0714 17.6006 -2.3760 1.5679 -0.5084 0.0001 0.0000 0.0000 -0.0000 0.0000 0.0000 -0.0008 -0.0013 -0.0000 0.0001 -0.0004 0.0000 -0.0000 0.0000 0.0000 -0.0000 0.0000 0.0000 -0.0001 0.0002 0.0000 0.0003 -0.0006 0.0000 -0.0006 0.0004 0.0000 0.0001 0.0000 0.0000 -0.0000 0.0000 0.0000 -0.0002 -0.0010 -0.0000 30.0001 0.0002 -0.0001 -29.9998 0.0005 0.0002 -0.0000 0.0000 0.0000 0.3797 2.1673 0.3211 0.3797 2.1673 0.3211 87.3611 -15.9949 -85.2285 -131.2741 65.4358 100.6170 -30.1969 17.7331 -11.8599 1.7796 0.7455 0.3414 0.0001 -0.0001 0.0000 -0.0000 0.0000 0.0000 0.0003 -0.0006 0.0000 0.0001 -0.0001 0.0000 -0.0000 0.0000 0.0000 -0.0000 0.0000 0.0000 0.0001 0.0007 -0.0000 0.0001 -0.0012 0.0000 0.0003 -0.0008 0.0000 -0.0000 0.0001 0.0000 -0.0000 0.0000 0.0000 -0.0000 -0.0009 0.0000 -29.9996 0.0002 0.0001 29.9996 -0.0003 0.0001 -0.0000 0.0000 0.0000 179.4588 -1.5634 -3.4036 -5.0133 -15.0852 -7.4630 11.7530 72.3270 -17.5000 -0.0000 25.3510 0.0000 178.9485 8.7442 -4.7577 -0.0917 -11.0872 -0.0932 -11.3300 71.1790 10.0311 -0.0001 25.3508 0.0000
4.8381 96.7591 -0.9414 4.0393 4.8808 2.0538 -0.4192 1.2125 -0.3572 -0.4193 1.2128 -0.3573 -0.4204 1.2162 -0.3583 -87.0020 -10.2699 85.7595 126.4597 56.1082 -93.4058 40.5162 13.8586 17.0899 -2.4890 1.6259 -0.5338 0.0001 0.0000 0.0000 -0.0000 0.0000 0.0000 -0.0008 -0.0013 -0.0000 0.0001 -0.0004 0.0000 -0.0000 0.0000 0.0000 -0.0000 0.0000 0.0000 -0.0000 0.0002 0.0000 0.0003 -0.0006 0.0000 -0.0006 0.0004 0.0000 0.0001 0.0000 0.0000 -0.0000 0.0000 0.0000 -0.0002 -0.0010 -0.0000 30.0001 0.0003 -0.0002 -29.9998 0.0005 0.0002 -0.0000 0.0000 0.0000 0.3621 2.2389 0.3140 0.3621 2.2389 0.3140 87.3790 -16.0168 -85.0162 -130.8685 64.7558 100.0944 -31.0821 17.7084 -11.3850 1.8817 0.7746 0.3617 0.0001 -0.0001 0.0000 -0.0000 0.0000 0.0000 0.0003 -0.0006 0.0000 0.0001 -0.0001 0.0000 -0.0000 0.0000 0.0000 -0.0000 0.0000 0.0000 0.0001 0.0007 -0.0000 0.0001 -0.0012 0.0000 0.0003 -0.0008 0.0000 -0.0000 0.0001 0.0000 -0.0000 0.0000 0.0000 -0.0000 -0.0009 0.0000 -29.9996 0.0002 0.0001 29.9996 -0.0003 0.0001 -0.0000 0.0000 0.0000 179.3906 -1.6019 -3.3308 -4.9904 -14.9485 -7.4876 11.4379 72.2058 -17.2582 -0.0000 25.3510 0.0000 178.8997 8.7524 -4.7983 -0.0916 -11.0454 -0.0922 -11.5491 71.1817 10.2056 -0.0001 25.3508 0.0000
4.7514 96.7759 -0.8587 4.1352 4.9797 2.0668 -0.4395 1.2157 -0.3508 -0.4395 1.2160 -0.3509 -0.4407 1.2195 -0.3518 -86.9881 -10.1825 85.6516 126.0363 55.3600 -92.9951 41.5510 13.6275 16.5758 -2.6061 1.6861 -0.5607 0.0001 0.0000 0.0000 -0.0000 0.0000 0.0000 -0.0008 -0.0013 -0.0000 0.0001 -0.0004 0.0000 -0.0000 0.0000 0.0000 -0.0000 0.0000 0.0000 -0.0000 0.0002 0.0000 0.0003 -0.0006 0.0000 -0.0006 0.0004 0.0000 0.0001 0.0000 0.0000 -0.0000 0.0000 0.0000 -0.0002 -0.0010 -0.0000 30.0001 0.0002 -0.0001 -29.9998 0.0005 0.0002 -0.0000 0.0000 0.0000 0.3463 2.2815 0.3157 0.3463 2.2815 0.3157 87.3977 -16.0305 -84.8195 -130.4730 64.0619 99.5836 -32.0077 17.6797 -10.9506 1.9922 0.8099 0.3844 0.0001 -0.0001 0.0000 -0.0000 0.0000 0.0000 0.0003 -0.0006 0.0000 0.0001 -0.0001 0.0000 -0.0000 0.0000 0.0000 -0.0000 0.0000 0.0000 0.0001 0.0007 -0.0000 0.0001 -0.0012 0.0000 0.0003 -0.0008 0.0000 -0.0000 0.0002 0.0000 -0.0000 0.0000 0.0000 -0.0000 -0.0009 0.0000 -29.9996 0.0002 0.0001 29.9996 -0.0002 0.0000 -0.0000 0.0000 0.0000 179.3285 -1.6213 -3.2835 -4.9574 -14.8253 -7.5006 11.1295 72.0856 -17.0158 -0.0000 25.3510 0.0000 178.8589 8.7815 -4.8617 -0.0916 -11.0171 -0.0921 -11.8181 71.1706 10.4411 -0.0001 25.3508 0.0000
4.6654 96.7914 -0.8014 4.2272 5.0796 2.0841 -0.4595 1.2226 -0.3500 -0.4596 1.2228 -0.3500 -0.4610 1.2263 -0.3511 -86.9661 -10.0954 85.5504 125.7576 54.7238 -92.6757 42.5898 13.3785 16.1009 -2.6807 1.6644 -0.5593 0.0001 0.0000 0.0000 -0.0000 0.0000 0.0000 -0.0008 -0.0013 -0.0000 0.0001 -0.0004 0.0000 -0.0000 0.0000 0.0000 -0.0000 0.0000 0.0000 -0.0000 0.0002 0.0000 0.0003 -0.0006 0.0000 -0.0006 0.0004 0.0000 0.0001 0.0000 0.0000 -0.0000 0.0000 0.0000 -0.0002 -0.0010 -0.0000 30.0001 0.0002 -0.0001 -29.9998 0.0005 0.0002 -0.0000 0.0000 0.0000 0.3332 2.2943 0.3212 0.3332 2.2943 0.3212 87.4135 -16.0327 -84.6376 -130.1131 63.3996 99.1161 -32.9300 17.6428 -10.5653 2.1003 0.8460 0.4072 0.0001 -0.0001 0.0000 -0.0000 0.0000 0.0000 0.0003 -0.0006 0.0000 0.0001 -0.0001 0.0000 -0.0000 0.0000 0.0000 -0.0000 0.0000 0.0000 0.0001 0.0007 -0.0000 0.0001 -0.0012 0.0000 0.0003 -0.0008 0.0000 -0.0000 0.0001 0.0000 -0.0000 0.0000 0.0000 -0.0000 -0.0009 0.0000 -29.9997 0.0002 0.0001 29.9996 -0.0003 0.0001 -0.0000 0.0000 0.0000 179.2761 -1.6273 -3.2413 -4.9274 -14.7167 -7.5235 10.8081 71.9729 -16.7545 -0.0000 25.3510 0.0000 178.8226 8.8409 -4.9393 -0.0916 -11.0149 -0.0919 -12.1258 71.1486 10.7233 -0.0001 25.3508 0.0000
4.5814 96.8058 -0.7613 4.3175 5.1793 2.1026 -0.4800 1.2339 -0.3536 -0.4801 1.2342 -0.3536 -0.4814 1.2377 -0.3546 -86.9405 -10.0124 85.4498 125.5413 54.1518 -92.3800 43.5861 13.1133 15.6571 -2.7333 1.6083 -0.5448 0.0001 0.0000 0.0000 -0.0000 0.0000 0.0000 -0.0008 -0.0013 -0.0000 0.0001 -0.0004 0.0000 -0.0000 0.0000 0.0000 -0.0000 0.0000 0.0000 -0.0000 0.0002 0.0000 0.0003 -0.0006 0.0000 -0.0006 0.0004 0.0000 0.0001 0.0000 0.0000 -0.0000 0.0000 0.0000 -0.0002 -0.0010 -0.0000 30.0001 0.0002 -0.0001 -29.9998 0.0005 0.0002 -0.0000 0.0000 0.0000 0.3231 2.2891 0.3279 0.3231 2.2891 0.3279 87.4257 -16.0234 -84.4666 -129.7786 62.7729 98.6786 -33.8210 17.5965 -10.2168 2.2041 0.8821 0.4296 0.0001 -0.0001 0.0000 -0.0000 0.0000 0.0000 0.0003 -0.0006 0.0000 0.0001 -0.0001 0.0000 -0.0000 0.0000 0.0000 -0.0000 0.0000 0.0000 0.0001 0.0007 -0.0000 0.0001 -0.0012 0.0000 0.0003 -0.0008 0.0000 -0.0000 0.0001 0.0000 -0.0000 0.0000 0.0000 -0.0000 -0.0008 0.0000 -29.9996 0.0002 0.0001 29.9996 -0.0003 0.0001 -0.0000 0.0000 0.0000 179.2304 -1.6163 -3.2026 -4.9012 -14.6291 -7.5555 10.4756 71.8670 -16.4759 -0.0000 25.3510 0.0000 178.7884 8.9247 -5.0194 -0.0916 -11.0392 -0.0916 -12.4452 71.1246 11.0205 -0.0001 25.3508 0.0000
4.5041 96.8202 -0.7193 4.4082 5.2786 2.1182 -0.5012 1.2498 -0.3617 -0.5012 1.2500 -0.3617 -0.5027 1.2537 -0.3627 -86.9167 -9.9364 85.3526 125.3323 53.6499 -92.0748 44.4812 12.8385 15.2788 -2.7798 1.5615 -0.5315 0.0001 0.0000 0.0000 -0.0000 0.0000 0.0000 -0.0008 -0.0013 -0.0000 0.0001 -0.0004 0.0000 -0.0000 0.0000 0.0000 -0.0000 0.0000 0.0000 -0.0000 0.0002 0.0000 0.0003 -0.0006 0.0000 -0.0006 0.0004 0.0000 0.0001 0.0000 0.0000 -0.0000 0.0000 0.0000 -0.0002 -0.0010 -0.0000 30.0001 0.0002 -0.0001 -29.9998 0.0005 0.0002 -0.0000 0.0000 0.0000 0.3152 2.2661 0.3328 0.3152 2.2661 0.3328 87.4288 -15.9980 -84.3193 -129.4653 62.2141 98.2657 -34.6374 17.5413 -9.9219 2.2979 0.9172 0.4505 0.0001 -0.0001 0.0000 -0.0000 0.0000 0.0000 0.0003 -0.0006 0.0000 0.0001 -0.0001 0.0000 -0.0000 0.0000 0.0000 -0.0000 0.0000 0.0000 0.0001 0.0007 -0.0000 0.0001 -0.0012 0.0000 0.0003 -0.0008 0.0000 -0.0000 0.0001 0.0000 -0.0000 0.0000 0.0000 -0.0000 -0.0009 0.0000 -29.9996 0.0002 0.0001 29.9996 -0.0003 0.0001 -0.0000 0.0000 0.0000 179.1931 -1.5838 -3.1692 -4.8850 -14.5733 -7.5948 10.1372 71.7754 -16.1827 -0.0000 25.3510 0.0000 178.7502 9.0183 -5.0780 -0.0916 -11.0843 -0.0922 -12.7234 71.1144 11.2740 -0.0001 25.3508 0.0000
4.4272 96.8341 -0.6503 4.4976 5.3797 2.1286 -0.5218 1.2669 -0.3701 -0.5219 1.2671 -0.3701 -0.5234 1.2707 -0.3711 -86.9009 -9.8566 85.2615 125.1134 53.2101 -91.7580 45.2225 12.5781 14.9563 -2.8193 1.5239 -0.5201 0.0001 0.0000 0.0000 -0.0000 0.0000 0.0000 -0.0008 -0.0013 -0.0000 0.0001 -0.0004 0.0000 -0.0000 0.0000 0.0000 -0.0000 0.0000 0.0000 -0.0000 0.0002 0.0000 0.0003 -0.0006 0.0000 -0.0006 0.0004 0.0000 0.0001 0.0000 0.0000 -0.0000 0.0000 0.0000 -0.0002 -0.0010 -0.0000 30.0001 0.0002 -0.0001 -29.9998 0.0005 0.0002 -0.0000 0.0000 0.0000 0.3063 2.2360 0.3320 0.3063 2.2360 0.3320 87.4237 -15.9645 -84.1952 -129.1748 61.7270 97.8913 -35.3821 17.4880 -9.7065 2.3811 0.9516 0.4697 0.0001 -0.0001 0.0000 -0.0000 0.0000 0.0000 0.0003 -0.0006 0.0000 0.0001 -0.0001 0.0000 -0.0000 0.0000 0.0000 -0.0000 0.0000 0.0000 0.0001 0.0007 -0.0000 0.0001 -0.0012 0.0000 0.0003 -0.0008 0.0000 -0.0000 0.0001 0.0000 -0.0000 0.0000 0.0000 -0.0000 -0.0008 0.0000 -29.9996 0.0002 0.0001 29.9996 -0.0003 0.0001 -0.0000 0.0000 0.0000 179.1602 -1.5370 -3.1461 -4.8740 -14.5421 -7.6288 9.8148 71.6985 -15.8958 -0.0000 25.3510 0.0000 178.7126 9.0954 -5.1085 -0.0918 -11.1257 -0.0933 -12.9443 71.1255 11.4581 -0.0001 25.3508 0.0000
4.3411 96.8462 -0.5638 4.5828 5.4824 2.1337 -0.5404 1.2834 -0.3770 -0.5405 1.2837 -0.3770 -0.5420 1.2874 -0.3781 -86.8933 -9.7666 85.1828 124.8952 52.8544 -91.4584 45.8540 12.3424 14.6951 -2.8520 1.4943 -0.5105 0.0001 0.0000 0.0000 -0.0000 0.0000 0.0000 -0.0008 -0.0013 -0.0000 0.0001 -0.0004 0.0000 -0.0000 0.0000 0.0000 -0.0000 0.0000 0.0000 -0.0000 0.0003 0.0000 0.0003 -0.0007 0.0000 -0.0006 0.0004 0.0000 0.0001 0.0000 0.0000 -0.0000 0.0000 0.0000 -0.0002 -0.0010 -0.0000 30.0001 0.0002 -0.0001 -29.9998 0.0005 0.0002 -0.0000 0.0000 0.0000 0.2952 2.2042 0.3249 0.2952 2.2042 0.3249 87.4096 -15.9324 -84.1008 -128.9025 61.3075 97.5520 -36.0225 17.4454 -9.5551 2.4522 0.9836 0.4869 0.0001 -0.0001 0.0000 -0.0000 0.0000 0.0000 0.0003 -0.0006 0.0000 0.0001 -0.0001 0.0000 -0.0000 0.0000 0.0000 -0.0000 0.0000 0.0000 0.0001 0.0007 -0.0000 0.0001 -0.0012 0.0000 0.0003 -0.0008 0.0000 -0.0000 0.0001 0.0000 -0.0000 0.0000 0.0000 -0.0000 -0.0009 0.0000 -29.9996 0.0002 0.0001 29.9996 -0.0003 0.0001 -0.0000 0.0000 0.0000 179.1303 -1.4792 -3.1338 -4.8669 -14.5298 -7.6485 9.5386 71.6338 -15.6456 -0.0000 25.3510 0.0000 178.6842 9.1603 -5.1147 -0.0919 -11.1603 -0.0939 -13.1141 71.1522 11.5752 -0.0001 25.3508 0.0000
4.2365 96.8529 -0.4699 4.6555 5.5846 2.1288 -0.5527 1.2986 -0.3805 -0.5528 1.2989 -0.3805 -0.5544 1.3026 -0.3816 -86.9007 -9.6617 85.1295 124.6540 52.6113 -91.1742 46.2852 12.1684 14.5174 -2.8747 1.4769 -0.5046 0.0001 0.0000 0.0000 -0.0000 0.0000 0.0000 -0.0008 -0.0013 -0.0000 0.0001 -0.0004 0.0000 -0.0000 0.0000 0.0000 -0.0000 0.0000 0.0000 -0.0000 0.0002 0.0000 0.0003 -0.0006 0.0000 -0.0006 0.0004 0.0000 0.0001 0.0000 0.0000 -0.0000 0.0000 0.0000 -0.0002 -0.0010 -0.0000 30.0001 0.0002 -0.0001 -29.9998 0.0005 0.0002 -0.0000 0.0000 0.0000 0.2783 2.1747 0.3109 0.2783 2.1747 0.3109 87.3821 -15.9055 -84.0505 -128.6526 60.9987 97.2624 -36.4601 17.4300 -9.4888 2.5017 1.0095 0.4998 0.0001 -0.0001 0.0000 -0.0000 0.0000 0.0000 0.0003 -0.0006 0.0000 0.0001 -0.0001 0.0000 -0.0000 0.0000 0.0000 -0.0000 0.0000 0.0000 0.0001 0.0007 -0.0000 0.0001 -0.0012 0.0000 0.0003 -0.0008 0.0000 -0.0000 0.0001 0.0000 -0.0000 0.0000 0.0000 -0.0000 -0.0008 0.0000 -29.9996 0.0002 0.0001 29.9996 -0.0003 0.0001 -0.0000 0.0000 0.0000 179.1106 -1.4090 -3.1452 -4.8669 -14.5414 -7.6256 9.3934 71.5841 -15.5151 -0.0000 25.3510 0.0000 178.6791 9.2211 -5.0968 -0.0919 -11.1937 -0.0934 -13.2057 71.1975 11.5920 -0.0001 25.3508 0.0000
4.1287 96.8535 -0.3837 4.7116 5.6805 2.1177 -0.5575 1.3124 -0.3818 -0.5576 1.3127 -0.3819 -0.5592 1.3164 -0.3830 -86.9182 -9.5514 85.1018 124.4045 52.4751 -90.9346 46.5312 12.0657 14.4203 -2.8886 1.4701 -0.5023 0.0001 0.0000 0.0000 -0.0000 0.0000 0.0000 -0.0008 -0.0013 -0.0000 0.0001 -0.0004 0.0000 -0.0000 0.0000 0.0000 -0.0000 0.0000 0.0000 -0.0000 0.0002 0.0000 0.0003 -0.0006 0.0000 -0.0006 0.0004 0.0000 0.0001 0.0000 0.0000 -0.0000 0.0000 0.0000 -0.0002 -0.0010 -0.0000 30.0001 0.0002 -0.0001 -29.9998 0.0005 0.0002 -0.0000 0.0000 0.0000 0.2551 2.1526 0.2950 0.2551 2.1526 0.2950 87.3483 -15.8841 -84.0351 -128.4281 60.8043 97.0263 -36.7081 17.4464 -9.5049 2.5302 1.0292 0.5085 0.0001 -0.0001 0.0000 -0.0000 0.0000 0.0000 0.0003 -0.0006 0.0000 0.0001 -0.0001 0.0000 -0.0000 0.0000 0.0000 -0.0000 0.0000 0.0000 0.0001 0.0007 -0.0000 0.0001 -0.0012 0.0000 0.0003 -0.0008 0.0000 -0.0000 0.0001 0.0000 -0.0000 0.0000 0.0000 -0.0000 -0.0009 0.0000 -29.9997 0.0002 0.0001 29.9996 -0.0003 0.0001 -0.0000 0.0000 0.0000 179.1061 -1.3343 -3.1736 -4.8730 -14.5750 -7.5757 9.3484 71.5498 -15.4799 -0.0000 25.3510 0.0000 178.6918 9.2827 -5.0733 -0.0919 -11.2307 -0.0929 -13.2477 71.2520 11.5559 -0.0001 25.3508 0.0000
4.0296 96.8496 -0.2985 4.7512 5.7674 2.1031 -0.5548 1.3265 -0.3821 -0.5549 1.3268 -0.3822 -0.5565 1.3305 -0.3832 -86.9440 -9.4417 85.0939 124.1541 52.4405 -90.7516 46.6056 12.0378 14.3926 -2.8950 1.4727 -0.5032 0.0001 0.0000 0.0000 -0.0000 0.0000 0.0000 -0.0008 -0.0013 -0.0000 0.0001 -0.0004 0.0000 -0.0000 0.0000 0.0000 -0.0000 0.0000 0.0000 -0.0000 0.0003 0.0000 0.0003 -0.0006 0.0000 -0.0006 0.0004 0.0000 0.0001 0.0000 0.0000 -0.0000 0.0000 0.0000 -0.0002 -0.0010 -0.0000 30.0001 0.0002 -0.0001 -29.9998 0.0005 0.0002 -0.0000 0.0000 0.0000 0.2261 2.1366 0.2800 0.2261 2.1366 0.2800 87.3118 -15.8712 -84.0449 -128.2330 60.7293 96.8453 -36.7838 17.4973 -9.6007 2.5386 1.0427 0.5132 0.0001 -0.0001 0.0000 -0.0000 0.0000 0.0000 0.0003 -0.0006 0.0000 0.0001 -0.0001 0.0000 -0.0000 0.0000 0.0000 -0.0000 0.0000 0.0000 0.0001 0.0007 -0.0000 0.0001 -0.0012 0.0000 0.0003 -0.0008 0.0000 -0.0000 0.0001 0.0000 -0.0000 0.0000 0.0000 -0.0000 -0.0009 0.0000 -29.9996 0.0002 0.0001 29.9996 -0.0003 0.0001 -0.0000 0.0000 0.0000 179.1171 -1.2586 -3.2116 -4.8841 -14.6295 -7.5200 9.3538 71.5313 -15.4923 -0.0000 25.3510 0.0000 178.7145 9.3365 -5.0511 -0.0919 -11.2687 -0.0934 -13.2634 71.3164 11.5014 -0.0001 25.3508 0.0000
3.9528 96.8417 -0.2110 4.7687 5.8363 2.0839 -0.5424 1.3451 -0.3812 -0.5425 1.3454 -0.3812 -0.5441 1.3492 -0.3823 -86.9795 -9.3408 85.1065 123.9098 52.5551 -90.6659 46.4452 12.1264 14.4491 -2.8915 1.4869 -0.5090 0.0001 0.0000 0.0000 -0.0000 0.0000 0.0000 -0.0008 -0.0013 -0.0000 0.0001 -0.0004 0.0000 -0.0000 0.0000 0.0000 -0.0000 0.0000 0.0000 -0.0000 0.0002 0.0000 0.0003 -0.0006 0.0000 -0.0006 0.0004 0.0000 0.0001 0.0000 0.0000 -0.0000 0.0000 0.0000 -0.0002 -0.0010 -0.0000 30.0001 0.0002 -0.0001 -29.9998 0.0005 0.0002 -0.0000 0.0000 0.0000 0.1904 2.1214 0.2716 0.1904 2.1214 0.2716 87.2746 -15.8727 -84.0829 -128.0791 60.8068 96.7288 -36.5686 17.5934 -9.8044 2.5175 1.0466 0.5117 0.0001 -0.0001 0.0000 -0.0000 0.0000 0.0000 0.0003 -0.0006 0.0000 0.0001 -0.0001 0.0000 -0.0000 0.0000 0.0000 -0.0000 0.0000 0.0000 0.0001 0.0007 -0.0000 0.0001 -0.0012 0.0000 0.0003 -0.0008 0.0000 -0.0000 0.0001 0.0000 -0.0000 0.0000 0.0000 -0.0000 -0.0009 0.0000 -29.9996 0.0002 0.0001 29.9996 -0.0003 0.0001 -0.0000 0.0000 0.0000 179.1515 -1.1909 -3.2585 -4.9053 -14.7060 -7.4818 9.3711 71.5332 -15.5109 -0.0000 25.3510 0.0000 178.7437 9.3630 -5.0328 -0.0921 -11.2918 -0.0952 -13.2437 71.3879 11.4303 -0.0001 25.3508 0.0000
3.8872 96.8327 -0.1251 4.7736 5.8893 2.0606 -0.5258 1.3684 -0.3796 -0.5259 1.3687 -0.3797 -0.5273 1.3726 -0.3808 -87.0148 -9.2574 85.1296 123.6881 52.7957 -90.6685 46.0735 12.3114 14.5597 -2.8798 1.5106 -0.5188 0.0001 0.0000 0.0000 -0.0000 0.0000 0.0000 -0.0008 -0.0013 -0.0000 0.0001 -0.0004 0.0000 -0.0000 0.0000 0.0000 -0.0000 0.0000 0.0000 -0.0000 0.0002 0.0000 0.0003 -0.0006 0.0000 -0.0006 0.0004 0.0000 0.0001 0.0000 0.0000 -0.0000 0.0000 0.0000 -0.0002 -0.0010 -0.0000 30.0001 0.0002 -0.0001 -29.9998 0.0005 0.0002 -0.0000 0.0000 0.0000 0.1560 2.0997 0.2720 0.1560 2.0997 0.2720 87.2396 -15.8832 -84.1409 -127.9818 61.0344 96.6863 -36.1441 17.7189 -10.0981 2.4722 1.0423 0.5050 0.0001 -0.0001 0.0000 -0.0000 0.0000 0.0000 0.0003 -0.0006 0.0000 0.0001 -0.0001 0.0000 -0.0000 0.0000 0.0000 -0.0000 0.0000 0.0000 0.0001 0.0007 -0.0000 0.0001 -0.0012 0.0000 0.0003 -0.0008 0.0000 -0.0000 0.0001 0.0000 -0.0000 0.0000 0.0000 -0.0000 -0.0009 0.0000 -29.9996 0.0002 0.0001 29.9996 -0.0003 0.0001 -0.0000 0.0000 0.0000 179.1989 -1.1403 -3.3119 -4.9332 -14.7882 -7.4658 9.3627 71.5475 -15.4990 -0.0000 25.3510 0.0000 178.7782 9.3653 -5.0138 -0.0923 -11.2951 -0.0966 -13.1969 71.4558 11.3381 -0.0001 25.3508 0.0000
3.8239 96.8235 -0.0438 4.7711 5.9303 2.0370 -0.5075 1.3951 -0.3786 -0.5076 1.3954 -0.3787 -0.5091 1.3994 -0.3798 -87.0432 -9.1948 85.1625 123.5117 53.1592 -90.7518 45.5312 12.5619 14.7148 -2.8605 1.5428 -0.5317 0.0001 0.0000 0.0000 -0.0000 0.0000 0.0000 -0.0008 -0.0013 -0.0000 0.0001 -0.0004 0.0000 -0.0000 0.0000 0.0000 -0.0000 0.0000 0.0000 -0.0000 0.0002 0.0000 0.0003 -0.0006 0.0000 -0.0006 0.0004 0.0000 0.0001 0.0000 0.0000 -0.0000 0.0000 0.0000 -0.0002 -0.0010 -0.0000 30.0001 0.0002 -0.0001 -29.9998 0.0005 0.0002 -0.0000 0.0000 0.0000 0.1274 2.0714 0.2794 0.1274 2.0714 0.2794 87.2061 -15.8993 -84.2140 -127.9469 61.3952 96.7193 -35.5518 17.8605 -10.4737 2.4063 1.0307 0.4937 0.0001 -0.0001 0.0000 -0.0000 0.0000 0.0000 0.0003 -0.0006 0.0000 0.0001 -0.0001 0.0000 -0.0000 0.0000 0.0000 -0.0000 0.0000 0.0000 0.0001 0.0007 -0.0000 0.0001 -0.0012 0.0000 0.0003 -0.0008 0.0000 -0.0000 0.0001 0.0000 -0.0000 0.0000 0.0000 -0.0000 -0.0008 0.0000 -29.9996 0.0002 0.0001 29.9996 -0.0003 0.0001 -0.0000 0.0000 0.0000 179.2510 -1.1065 -3.3706 -4.9615 -14.8708 -7.4686 9.3123 71.5714 -15.4396 -0.0000 25.3510 0.0000 178.8190 9.3514 -4.9900 -0.0923 -11.2840 -0.0974 -13.1391 71.5169 11.2316 -0.0001 25.3508 0.0000
3.7528 96.8143 0.0237 4.7618 5.9607 2.0191 -0.4898 1.4238 -0.3771 -0.4899 1.4241 -0.3772 -0.4912 1.4281 -0.3783 -87.0583 -9.1579 85.2233 123.4230 53.6836 -90.9299 44.7714 12.8668 14.9252 -2.8292 1.5862 -0.5481 0.0001 0.0000 0.0000 -0.0000 0.0000 0.0000 -0.0008 -0.0013 -0.0000 0.0001 -0.0004 0.0000 -0.0000 0.0000 0.0000 -0.0000 0.0000 0.0000 -0.0000 0.0002 0.0000 0.0003 -0.0006 0.0000 -0.0006 0.0004 0.0000 0.0001 0.0000 0.0000 -0.0000 0.0000 0.0000 -0.0002 -0.0010 -0.0000 30.0001 0.0002 -0.0001 -29.9998 0.0005 0.0002 -0.0000 0.0000 0.0000 0.1128 2.0359 0.2895 0.1128 2.0359 0.2895 87.1700 -15.9275 -84.3141 -128.0051 61.9265 96.8467 -34.7515 18.0113 -10.9527 2.3144 1.0100 0.4764 0.0001 -0.0001 0.0000 -0.0000 0.0000 0.0000 0.0003 -0.0006 0.0000 0.0001 -0.0001 0.0000 -0.0000 0.0000 0.0000 -0.0000 0.0000 0.0000 0.0001 0.0007 -0.0000 0.0001 -0.0012 0.0000 0.0003 -0.0008 0.0000 -0.0000 0.0001 0.0000 -0.0000 0.0000 0.0000 -0.0000 -0.0008 0.0000 -29.9996 0.0002 0.0001 29.9996 -0.0003 0.0001 -0.0000 0.0000 0.0000 179.3036 -1.0896 -3.4362 -4.9860 -14.9513 -7.4842 9.2115 71.6032 -15.3213 -0.0000 25.3510 0.0000 178.8735 9.3312 -4.9590 -0.0922 -11.2625 -0.0965 -13.0998 71.5624 11.1284 -0.0001 25.3508 0.0000
3.6763 96.8051 0.0771 4.7499 5.9889 2.0103 -0.4734 1.4508 -0.3752 -0.4735 1.4511 -0.3753 -0.4748 1.4552 -0.3763 -87.0709 -9.1293 85.2999 123.4080 54.3232 -91.1581 43.8696 13.1820 15.1717 -2.7883 1.6370 -0.5659 0.0001 0.0000 0.0000 -0.0000 0.0000 0.0000 -0.0008 -0.0013 -0.0000 0.0001 -0.0004 0.0000 -0.0000 0.0000 0.0000 -0.0000 0.0000 0.0000 -0.0000 0.0002 0.0000 0.0003 -0.0006 0.0000 -0.0006 0.0004 0.0000 0.0001 0.0000 0.0000 -0.0000 0.0000 0.0000 -0.0002 -0.0010 -0.0000 30.0001 0.0002 -0.0001 -29.9998 0.0005 0.0002 -0.0000 0.0000 0.0000 0.1099 1.9997 0.2963 0.1099 1.9997 0.2963 87.1278 -15.9693 -84.4346 -128.1345 62.5806 97.0244 -33.8085 18.1621 -11.4667 2.2050 0.9818 0.4556 0.0001 -0.0001 0.0000 -0.0000 0.0000 0.0000 0.0003 -0.0006 0.0000 0.0001 -0.0001 0.0000 -0.0000 0.0000 0.0000 -0.0000 0.0000 0.0000 0.0001 0.0007 -0.0000 0.0001 -0.0012 0.0000 0.0003 -0.0008 0.0000 -0.0000 0.0001 0.0000 -0.0000 0.0000 0.0000 -0.0000 -0.0008 0.0000 -29.9996 0.0002 0.0001 29.9996 -0.0003 0.0001 -0.0000 0.0000 0.0000 179.3549 -1.0751 -3.5096 -5.0079 -15.0315 -7.4828 9.1237 71.6340 -15.2088 -0.0000 25.3510 0.0000 178.9353 9.3155 -4.9271 -0.0919 -11.2367 -0.0943 -13.1020 71.5909 11.0571 -0.0001 25.3508 0.0000
3.6023 96.7968 0.1246 4.7362 6.0170 2.0101 -0.4574 1.4748 -0.3739 -0.4575 1.4751 -0.3740 -0.4588 1.4793 -0.3750 -87.0837 -9.1049 85.3905 123.4477 55.0465 -91.4129 42.8569 13.4974 15.4402 -2.7395 1.6938 -0.5843 0.0001 0.0000 0.0000 -0.0000 0.0000 0.0000 -0.0008 -0.0013 -0.0000 0.0001 -0.0004 0.0000 -0.0000 0.0000 0.0000 -0.0000 0.0000 0.0000 -0.0000 0.0002 0.0000 0.0003 -0.0006 0.0000 -0.0006 0.0004 0.0000 0.0001 0.0000 0.0000 -0.0000 0.0000 0.0000 -0.0002 -0.0010 -0.0000 30.0001 0.0002 -0.0001 -29.9998 0.0005 0.0002 -0.0000 0.0000 0.0000 0.1139 1.9669 0.2996 0.1139 1.9669 0.2996 87.0801 -16.0173 -84.5728 -128.3161 63.3394 97.2299 -32.7506 18.3179 -11.9684 2.0818 0.9461 0.4321 0.0001 -0.0001 0.0000 -0.0000 0.0000 0.0000 0.0003 -0.0006 0.0000 0.0001 -0.0001 0.0000 -0.0000 0.0000 0.0000 -0.0000 0.0000 0.0000 0.0001 0.0007 -0.0000 0.0001 -0.0012 0.0000 0.0003 -0.0008 0.0000 -0.0000 0.0001 0.0000 -0.0000 0.0000 0.0000 -0.0000 -0.0009 0.0000 -29.9996 0.0002 0.0001 29.9996 -0.0003 0.0001 -0.0000 0.0000 0.0000 179.4053 -1.0575 -3.5856 -5.0293 -15.1159 -7.4626 9.0728 71.6632 -15.1272 -0.0000 25.3510 0.0000 178.9975 9.3002 -4.8943 -0.0917 -11.2054 -0.0920 -13.1339 71.6077 11.0124 -0.0001 25.3508 0.0000
3.5457 96.7902 0.1775 4.7189 6.0453 2.0215 -0.4405 1.4934 -0.3750 -0.4406 1.4938 -0.3751 -0.4418 1.4980 -0.3761 -87.1002 -9.0902 85.4983 123.6364 55.9410 -91.7185 41.7071 13.8299 15.6992 -2.6445 1.6859 -0.5801 0.0001 0.0000 0.0000 -0.0000 0.0000 0.0000 -0.0008 -0.0013 -0.0000 0.0001 -0.0004 0.0000 -0.0000 0.0000 0.0000 -0.0000 0.0000 0.0000 -0.0000 0.0002 0.0000 0.0003 -0.0006 0.0000 -0.0006 0.0004 0.0000 0.0001 0.0000 0.0000 -0.0000 0.0000 0.0000 -0.0002 -0.0010 -0.0000 30.0001 0.0002 -0.0001 -29.9998 0.0005 0.0002 -0.0000 0.0000 0.0000 0.1220 1.9441 0.2987 0.1220 1.9441 0.2987 87.0290 -16.0651 -84.7329 -128.5356 64.2327 97.4395 -31.6188 18.5120 -12.4601 1.9446 0.9038 0.4066 0.0001 -0.0001 0.0000 -0.0000 0.0000 0.0000 0.0003 -0.0006 0.0000 0.0001 -0.0001 0.0000 -0.0000 0.0000 0.0000 -0.0000 0.0000 0.0000 0.0001 0.0007 -0.0000 0.0001 -0.0012 0.0000 0.0003 -0.0008 0.0000 -0.0000 0.0001 0.0000 -0.0000 0.0000 0.0000 -0.0000 -0.0008 0.0000 -29.9996 0.0002 0.0001 29.9996 -0.0003 0.0001 -0.0000 0.0000 0.0000 179.4584 -1.0311 -3.6582 -5.0535 -15.2169 -7.4240 9.0733 71.6997 -15.0912 -0.0000 25.3510 0.0000 179.0499 9.2745 -4.8549 -0.0917 -11.1622 -0.0913 -13.1843 71.6175 10.9915 -0.0001 25.3508 0.0000
3.5009 96.7841 0.2375 4.6983 6.0731 2.0393 -0.4218 1.5101 -0.3777 -0.4218 1.5105 -0.3778 -0.4230 1.5147 -0.3788 -87.1248 -9.0874 85.6119 123.9607 56.9660 -92.0546 40.5549 14.1583 15.9169 -2.5057 1.5979 -0.5491 0.0001 0.0000 0.0000 -0.0000 0.0000 0.0000 -0.0008 -0.0013 -0.0000 0.0001 -0.0004 0.0000 -0.0000 0.0000 0.0000 -0.0000 0.0000 0.0000 -0.0000 0.0002 0.0000 0.0003 -0.0006 0.0000 -0.0006 0.0004 0.0000 0.0001 0.0000 0.0000 -0.0000 0.0000 0.0000 -0.0002 -0.0010 -0.0000 30.0001 0.0002 -0.0001 -29.9998 0.0005 0.0002 -0.0000 0.0000 0.0000 0.1302 1.9280 0.2951 0.1302 1.9280 0.2951 86.9790 -16.1129 -84.9000 -128.7465 65.1590 97.6080 -30.4555 18.7314 -12.9403 1.8070 0.8618 0.3821 0.0001 -0.0001 0.0000 -0.0000 0.0000 0.0000 0.0003 -0.0006 0.0000 0.0001 -0.0001 0.0000 -0.0000 0.0000 0.0000 -0.0000 0.0000 0.0000 0.0001 0.0007 -0.0000 0.0001 -0.0012 0.0000 0.0003 -0.0008 0.0000 -0.0000 0.0001 0.0000 -0.0000 0.0000 0.0000 -0.0000 -0.0009 0.0000 -29.9996 0.0002 0.0001 29.9996 -0.0003 0.0001 -0.0000 0.0000 0.0000 179.5150 -1.0018 -3.7239 -5.0822 -15.3261 -7.3763 9.1174 71.7422 -15.0979 -0.0000 25.3510 0.0000 179.0977 9.2441 -4.8173 -0.0917 -11.1216 -0.0917 -13.2626 71.6303 11.0050 -0.0001 25.3508 0.0000
3.4572 96.7769 0.2967 4.6765 6.1006 2.0603 -0.4026 1.5261 -0.3822 -0.4027 1.5264 -0.3823 -0.4037 1.5307 -0.3834 -87.1580 -9.0976 85.7218 124.3025 58.0076 -92.3756 39.4015 14.4986 16.0951 -2.3669 1.5092 -0.5192 0.0001 0.0000 0.0000 -0.0000 0.0000 0.0000 -0.0008 -0.0013 -0.0000 0.0001 -0.0004 0.0000 -0.0000 0.0000 0.0000 -0.0000 0.0000 0.0000 -0.0000 0.0002 0.0000 0.0003 -0.0006 0.0000 -0.0006 0.0004 0.0000 0.0001 0.0000 0.0000 -0.0000 0.0000 0.0000 -0.0002 -0.0010 -0.0000 30.0001 0.0002 -0.0001 -29.9998 0.0005 0.0002 -0.0000 0.0000 0.0000 0.1386 1.9117 0.2918 0.1386 1.9117 0.2918 86.9322 -16.1625 -85.0632 -128.9717 66.1012 97.7533 -29.2945 18.9552 -13.3905 1.6768 0.8229 0.3593 0.0001 -0.0001 0.0000 -0.0000 0.0000 0.0000 0.0003 -0.0006 0.0000 0.0001 -0.0001 0.0000 -0.0000 0.0000 0.0000 -0.0000 0.0000 0.0000 0.0001 0.0007 -0.0000 0.0001 -0.0012 0.0000 0.0003 -0.0008 0.0000 -0.0000 0.0001 0.0000 -0.0000 0.0000 0.0000 -0.0000 -0.0009 0.0000 -29.9997 0.0002 0.0001 29.9996 -0.0003 0.0001 -0.0000 0.0000 0.0000 179.5713 -0.9746 -3.7809 -5.1141 -15.4358 -7.3260 9.1972 71.7902 -15.1419 -0.0000 25.3510 0.0000 179.1474 9.2176 -4.7871 -0.0915 -11.0892 -0.0912 -13.3762 71.6443 11.0548 -0.0001 25.3508 0.0000
3.4097 96.7666 0.3460 4.6535 6.1297 2.0832 -0.3836 1.5412 -0.3902 -0.3836 1.5416 -0.3903 -0.3847 1.5459 -0.3915 -87.1953 -9.1358 85.8323 124.6313 59.0210 -92.6602 38.2925 14.8849 16.2197 -2.2339 1.4230 -0.4920 0.0001 0.0000 0.0000 -0.0000 0.0000 0.0000 -0.0008 -0.0013 -0.0000 0.0001 -0.0004 0.0000 -0.0000 0.0000 0.0000 -0.0000 0.0000 0.0000 -0.0000 0.0002 0.0000 0.0003 -0.0006 0.0000 -0.0006 0.0004 0.0000 0.0001 0.0000 0.0000 -0.0000 0.0000 0.0000 -0.0002 -0.0010 -0.0000 30.0001 0.0002 -0.0001 -29.9998 0.0005 0.0002 -0.0000 0.0000 0.0000 0.1473 1.8858 0.2932 0.1473 1.8858 0.2932 86.8880 -16.2145 -85.2170 -129.2532 67.0367 97.8864 -28.1902 19.1587 -13.7573 1.5544 0.7846 0.3379 0.0001 -0.0001 0.0000 -0.0000 0.0000 0.0000 0.0003 -0.0006 0.0000 0.0001 -0.0001 0.0000 -0.0000 0.0000 0.0000 -0.0000 0.0000 0.0000 0.0001 0.0007 -0.0000 0.0001 -0.0012 0.0000 0.0003 -0.0008 0.0000 -0.0000 0.0001 0.0000 -0.0000 0.0000 0.0000 -0.0000 -0.0009 0.0000 -29.9997 0.0002 0.0001 29.9996 -0.0003 0.0001 -0.0000 0.0000 0.0000 179.6230 -0.9544 -3.8260 -5.1485 -15.5374 -7.2874 9.2878 71.8514 -15.1993 -0.0000 25.3510 0.0000 179.2044 9.2103 -4.7730 -0.0913 -11.0793 -0.0890 -13.5486 71.6601 11.1609 -0.0001 25.3508 0.0000
3.3685 96.7551 0.3867 4.6332 6.1628 2.1083 -0.3660 1.5552 -0.4027 -0.3661 1.5556 -0.4028 -0.3672 1.5600 -0.4039 -87.2285 -9.2009 85.9397 124.9301 59.9714 -92.9116 37.2683 15.3039 16.3222 -2.1112 1.3436 -0.4682 0.0001 0.0000 0.0000 -0.0000 0.0000 0.0000 -0.0008 -0.0013 -0.0000 0.0001 -0.0004 0.0000 -0.0000 0.0000 0.0000 -0.0000 0.0000 0.0000 -0.0000 0.0002 0.0000 0.0003 -0.0006 0.0000 -0.0006 0.0004 0.0000 0.0001 0.0000 0.0000 -0.0000 0.0000 0.0000 -0.0002 -0.0010 -0.0000 30.0001 0.0002 -0.0001 -29.9998 0.0005 0.0002 -0.0000 0.0000 0.0000 0.1567 1.8484 0.3015 0.1567 1.8484 0.3015 86.8451 -16.2594 -85.3731 -129.5905 67.9118 98.0349 -27.1998 19.3094 -14.0650 1.4449 0.7497 0.3183 0.0001 -0.0001 0.0000 -0.0000 0.0000 0.0000 0.0003 -0.0006 0.0000 0.0001 -0.0001 0.0000 -0.0000 0.0000 0.0000 -0.0000 0.0000 0.0000 0.0001 0.0007 -0.0000 0.0001 -0.0012 0.0000 0.0003 -0.0008 0.0000 -0.0000 0.0001 0.0000 -0.0000 0.0000 0.0000 -0.0000 -0.0009 0.0000 -29.9996 0.0002 0.0001 29.9996 -0.0003 0.0001 -0.0000 0.0000 0.0000 179.6663 -0.9426 -3.8644 -5.1810 -15.6223 -7.2584 9.3635 71.9222 -15.2454 -0.0000 25.3510 0.0000 179.2565 9.2157 -4.7719 -0.0911 -11.0777 -0.0867 -13.7653 71.6725 11.3151 -0.0001 25.3508 0.0000
3.3412 96.7443 0.4252 4.6163 6.2005 2.1370 -0.3501 1.5691 -0.4198 -0.3502 1.5695 -0.4199 -0.3511 1.5739 -0.4210 -87.2577 -9.2900 86.0343 125.2050 60.8395 -93.1324 36.3708 15.7213 16.4162 -2.0024 1.2739 -0.4478 0.0001 0.0000 0.0000 -0.0000 0.0000 0.0000 -0.0008 -0.0013 -0.0000 0.0001 -0.0004 0.0000 -0.0000 0.0000 0.0000 -0.0000 0.0000 0.0000 -0.0000 0.0003 0.0000 0.0003 -0.0006 0.0000 -0.0006 0.0004 0.0000 0.0001 0.0000 0.0000 -0.0000 0.0000 0.0000 -0.0002 -0.0010 -0.0000 30.0001 0.0002 -0.0001 -29.9998 0.0005 0.0002 -0.0000 0.0000 0.0000 0.1675 1.8021 0.3159 0.1675 1.8021 0.3159 86.8055 -16.2950 -85.5208 -129.9700 68.7125 98.2012 -26.3233 19.4043 -14.3014 1.3493 0.7182 0.3005 0.0001 -0.0001 0.0000 -0.0000 0.0000 0.0000 0.0003 -0.0006 0.0000 0.0001 -0.0001 0.0000 -0.0000 0.0000 0.0000 -0.0000 0.0000 0.0000 0.0001 0.0007 -0.0000 0.0001 -0.0012 0.0000 0.0003 -0.0008 0.0000 -0.0000 0.0001 0.0000 -0.0000 0.0000 0.0000 -0.0000 -0.0009 0.0000 -29.9997 0.0002 0.0001 29.9995 -0.0003 0.0001 -0.0000 0.0000 0.0000 179.6988 -0.9370 -3.8987 -5.2078 -15.6870 -7.2306 9.4301 71.9976 -15.2861 -0.0000 25.3510 0.0000 179.2967 9.2266 -4.7813 -0.0910 -11.0768 -0.0852 -14.0140 71.6826 11.5118 -0.0001 25.3508 0.0000
3.3381 96.7373 0.4641 4.6045 6.2447 2.1715 -0.3366 1.5807 -0.4451 -0.3367 1.5811 -0.4451 -0.3375 1.5855 -0.4464 -87.2763 -9.4134 86.1071 125.4598 61.5160 -93.3260 35.6437 16.1074 16.5063 -1.9171 1.2196 -0.4325 0.0001 0.0000 0.0000 -0.0000 0.0000 0.0000 -0.0008 -0.0013 -0.0000 0.0001 -0.0004 0.0000 -0.0000 0.0000 0.0000 -0.0000 0.0000 0.0000 -0.0000 0.0002 0.0000 0.0003 -0.0006 0.0000 -0.0006 0.0004 0.0000 0.0001 0.0000 0.0000 -0.0000 0.0000 0.0000 -0.0002 -0.0010 -0.0000 30.0001 0.0002 -0.0001 -29.9998 0.0005 0.0002 -0.0000 0.0000 0.0000 0.1790 1.7485 0.3402 0.1790 1.7485 0.3402 86.7762 -16.3124 -85.6455 -130.4108 69.3764 98.4162 -25.6018 19.4268 -14.4066 1.2731 0.6908 0.2856 0.0001 -0.0001 0.0000 -0.0000 0.0000 0.0000 0.0003 -0.0006 0.0000 0.0001 -0.0001 0.0000 -0.0000 0.0000 0.0000 -0.0000 0.0000 0.0000 0.0001 0.0007 -0.0000 0.0001 -0.0012 0.0000 0.0003 -0.0008 0.0000 -0.0000 0.0001 0.0000 -0.0000 0.0000 0.0000 -0.0000 -0.0009 0.0000 -29.9996 0.0002 0.0001 29.9996 -0.0003 0.0001 -0.0000 0.0000 0.0000 179.7124 -0.9331 -3.9189 -5.2229 -15.7196 -7.2053 9.4933 72.0708 -15.3273 -0.0000 25.3510 0.0000 179.3144 9.2385 -4.7973 -0.0909 -11.0696 -0.0846 -14.2659 71.6915 11.7334 -0.0001 25.3508 0.0000
3.3516 96.7340 0.5035 4.5960 6.2936 2.2052 -0.3235 1.5887 -0.4739 -0.3236 1.5891 -0.4739 -0.3246 1.5935 -0.4753 -87.2854 -9.5470 86.1597 125.7036 62.0311 -93.5199 35.0686 16.4470 16.6080 -1.8515 1.1783 -0.4210 0.0001 0.0000 0.0000 -0.0000 0.0000 0.0000 -0.0008 -0.0013 -0.0000 0.0001 -0.0004 0.0000 -0.0000 0.0000 0.0000 -0.0000 0.0000 0.0000 -0.0000 0.0003 0.0000 0.0003 -0.0006 0.0000 -0.0006 0.0004 0.0000 0.0001 0.0000 0.0000 -0.0000 0.0000 0.0000 -0.0002 -0.0010 -0.0000 30.0001 0.0002 -0.0001 -29.9998 0.0005 0.0002 -0.0000 0.0000 0.0000 0.1900 1.6998 0.3684 0.1900 1.6998 0.3684 86.7552 -16.3126 -85.7468 -130.8639 69.8972 98.6743 -25.0209 19.4133 -14.4412 1.2141 0.6680 0.2735 0.0001 -0.0001 0.0000 -0.0000 0.0000 0.0000 0.0003 -0.0006 0.0000 0.0001 -0.0001 0.0000 -0.0000 0.0000 0.0000 -0.0000 0.0000 0.0000 0.0001 0.0007 -0.0000 0.0001 -0.0012 0.0000 0.0003 -0.0008 0.0000 -0.0000 0.0001 0.0000 -0.0000 0.0000 0.0000 -0.0000 -0.0009 0.0000 -29.9996 0.0002 0.0001 29.9996 -0.0003 0.0001 -0.0000 0.0000 0.0000 179.7144 -0.9208 -3.9234 -5.2337 -15.7374 -7.1891 9.5669 72.1433 -15.3816 -0.0000 25.3510 0.0000 179.3147 9.2496 -4.8060 -0.0908 -11.0533 -0.0839 -14.4597 71.7017 11.9125 -0.0001 25.3508 0.0000
3.3779 96.7340 0.5411 4.5894 6.3445 2.2328 -0.3109 1.5929 -0.5015 -0.3109 1.5933 -0.5017 -0.3119 1.5977 -0.5030 -87.2843 -9.6756 86.1952 125.9161 62.3923 -93.6932 34.6457 16.7253 16.7090 -1.8043 1.1490 -0.4130 0.0001 0.0000 0.0000 -0.0000 0.0000 0.0000 -0.0008 -0.0013 -0.0000 0.0001 -0.0004 0.0000 -0.0000 0.0000 0.0000 -0.0000 0.0000 0.0000 -0.0000 0.0002 0.0000 0.0003 -0.0006 0.0000 -0.0006 0.0004 0.0000 0.0001 0.0000 0.0000 -0.0000 0.0000 0.0000 -0.0002 -0.0010 -0.0000 30.0001 0.0002 -0.0001 -29.9998 0.0005 0.0002 -0.0000 0.0000 0.0000 0.1996 1.6627 0.3956 0.1996 1.6627 0.3956 86.7428 -16.3005 -85.8307 -131.2784 70.2743 98.9444 -24.5723 19.3875 -14.4397 1.1710 0.6500 0.2643 0.0001 -0.0001 0.0000 -0.0000 0.0000 0.0000 0.0003 -0.0006 0.0000 0.0001 -0.0001 0.0000 -0.0000 0.0000 0.0000 -0.0000 0.0000 0.0000 0.0001 0.0007 -0.0000 0.0001 -0.0012 0.0000 0.0003 -0.0008 0.0000 -0.0000 0.0001 0.0000 -0.0000 0.0000 0.0000 -0.0000 -0.0009 0.0000 -29.9996 0.0002 0.0001 29.9996 -0.0003 0.0001 -0.0000 0.0000 0.0000 179.7089 -0.9002 -3.9138 -5.2433 -15.7422 -7.1811 9.6653 72.2111 -15.4673 -0.0000 25.3510 0.0000 179.3018 9.2582 -4.8028 -0.0908 -11.0247 -0.0837 -14.5700 71.7108 12.0189 -0.0001 25.3508 0.0000
3.4150 96.7375 0.5731 4.5845 6.3910 2.2443 -0.3004 1.5916 -0.5222 -0.3005 1.5920 -0.5224 -0.3013 1.5964 -0.5238 -87.2664 -9.7782 86.2045 126.0661 62.5159 -93.8207 34.4498 16.8904 16.7977 -1.7849 1.1380 -0.4103 0.0001 0.0000 0.0000 -0.0000 0.0000 0.0000 -0.0008 -0.0013 -0.0000 0.0001 -0.0004 0.0000 -0.0000 0.0000 0.0000 -0.0000 0.0000 0.0000 -0.0000 0.0002 0.0000 0.0003 -0.0006 0.0000 -0.0006 0.0004 0.0000 0.0001 0.0000 0.0000 -0.0000 0.0000 0.0000 -0.0002 -0.0010 -0.0000 30.0001 0.0002 -0.0001 -29.9998 0.0005 0.0002 -0.0000 0.0000 0.0000 0.2111 1.6531 0.4168 0.2111 1.6531 0.4168 86.7481 -16.2746 -85.8826 -131.5630 70.4238 99.1628 -24.3244 19.3547 -14.4215 1.1508 0.6399 0.2593 0.0001 -0.0001 0.0000 -0.0000 0.0000 0.0000 0.0003 -0.0006 0.0000 0.0001 -0.0001 0.0000 -0.0000 0.0000 0.0000 -0.0000 0.0000 0.0000 0.0001 0.0007 -0.0000 0.0001 -0.0012 0.0000 0.0003 -0.0008 0.0000 -0.0000 0.0001 0.0000 -0.0000 0.0000 0.0000 -0.0000 -0.0009 0.0000 -29.9996 0.0002 0.0001 29.9995 -0.0003 0.0001 -0.0000 0.0000 0.0000 179.6969 -0.8773 -3.8937 -5.2503 -15.7260 -7.1818 9.7935 72.2708 -15.5992 -0.0000 25.3510 0.0000 179.2769 9.2529 -4.7830 -0.0907 -10.9672 -0.0836 -14.5444 71.7118 11.9988 -0.0001 25.3508 0.0000
3.4524 96.7428 0.5938 4.5805 6.4267 2.2420 -0.2941 1.5847 -0.5350 -0.2942 1.5851 -0.5352 -0.2950 1.5896 -0.5366 -87.2343 -9.8554 86.1995 126.1539 62.4426 -93.9079 34.4293 16.9550 16.8833 -1.7872 1.1412 -0.4115 0.0001 0.0000 0.0000 -0.0000 0.0000 0.0000 -0.0008 -0.0013 -0.0000 0.0001 -0.0004 0.0000 -0.0000 0.0000 0.0000 -0.0000 0.0000 0.0000 -0.0000 0.0003 0.0000 0.0003 -0.0006 0.0000 -0.0006 0.0004 0.0000 0.0001 0.0000 0.0000 -0.0000 0.0000 0.0000 -0.0002 -0.0010 -0.0000 30.0001 0.0003 -0.0002 -29.9998 0.0005 0.0002 -0.0000 0.0000 0.0000 0.2288 1.6763 0.4309 0.2288 1.6763 0.4309 86.7661 -16.2485 -85.9025 -131.7417 70.3822 99.3202 -24.2431 19.3037 -14.4140 1.1482 0.6368 0.2577 0.0001 -0.0001 0.0000 -0.0000 0.0000 0.0000 0.0003 -0.0006 0.0000 0.0001 -0.0001 0.0000 -0.0000 0.0000 0.0000 -0.0000 0.0000 0.0000 0.0001 0.0007 -0.0000 0.0001 -0.0012 0.0000 0.0003 -0.0008 0.0000 -0.0000 0.0001 0.0000 -0.0000 0.0000 0.0000 -0.0000 -0.0009 0.0000 -29.9996 0.0002 0.0001 29.9996 -0.0003 0.0001 -0.0000 0.0000 0.0000 179.6809 -0.8651 -3.8658 -5.2542 -15.6873 -7.2053 9.8904 72.3260 -15.7139 -0.0000 25.3510 0.0000 179.2497 9.2340 -4.7520 -0.0906 -10.8854 -0.0824 -14.4216 71.6995 11.8835 -0.0001 25.3508 0.0000
3.4904 96.7500 0.5948 4.5798 6.4505 2.2299 -0.2933 1.5722 -0.5404 -0.2934 1.5726 -0.5406 -0.2942 1.5770 -0.5420 -87.1938 -9.9073 86.1892 126.1674 62.2115 -93.9480 34.5611 16.9351 16.9685 -1.8077 1.1566 -0.4160 0.0001 0.0000 0.0000 -0.0000 0.0000 0.0000 -0.0008 -0.0013 -0.0000 0.0001 -0.0004 0.0000 -0.0000 0.0000 0.0000 -0.0000 0.0000 0.0000 -0.0001 0.0002 0.0000 0.0003 -0.0006 0.0000 -0.0006 0.0004 0.0000 0.0001 0.0000 0.0000 -0.0000 0.0000 0.0000 -0.0002 -0.0010 -0.0000 30.0001 0.0002 -0.0001 -29.9998 0.0005 0.0002 -0.0000 0.0000 0.0000 0.2541 1.7320 0.4371 0.2541 1.7320 0.4371 86.7907 -16.2265 -85.8960 -131.8235 70.1778 99.3998 -24.3112 19.2298 -14.4003 1.1607 0.6399 0.2589 0.0001 -0.0001 0.0000 -0.0000 0.0000 0.0000 0.0003 -0.0006 0.0000 0.0001 -0.0001 0.0000 -0.0000 0.0000 0.0000 -0.0000 0.0000 0.0000 0.0001 0.0007 -0.0000 0.0001 -0.0011 0.0000 0.0003 -0.0008 0.0000 -0.0000 0.0001 0.0000 -0.0000 0.0000 0.0000 -0.0000 -0.0009 0.0000 -29.9996 0.0002 0.0001 29.9996 -0.0003 0.0001 -0.0000 0.0000 0.0000 179.6614 -0.8686 -3.8277 -5.2574 -15.6242 -7.2550 9.9382 72.3762 -15.7916 -0.0000 25.3510 0.0000 179.2178 9.2095 -4.7112 -0.0903 -10.7886 -0.0806 -14.2213 71.6720 11.6920 -0.0001 25.3508 0.0000
3.5373 96.7612 0.5471 4.5871 6.4527 2.2112 -0.3023 1.5529 -0.5373 -0.3023 1.5533 -0.5374 -0.3031 1.5576 -0.5390 -87.1504 -9.9248 86.1671 126.0388 61.7440 -93.8698 34.8641 16.8053 17.0139 -1.8537 1.1885 -0.4253 0.0001 0.0000 0.0000 -0.0000 0.0000 0.0000 -0.0008 -0.0013 -0.0000 0.0001 -0.0004 0.0000 -0.0000 0.0000 0.0000 -0.0000 0.0000 0.0000 -0.0000 0.0002 0.0000 0.0003 -0.0006 0.0000 -0.0006 0.0004 0.0000 0.0001 0.0000 0.0000 -0.0000 0.0000 0.0000 -0.0002 -0.0010 -0.0000 30.0001 0.0002 -0.0001 -29.9998 0.0005 0.0002 -0.0000 0.0000 0.0000 0.2908 1.8370 0.4329 0.2908 1.8370 0.4329 86.8196 -16.2121 -85.8465 -131.7590 69.7643 99.3256 -24.5922 19.1260 -14.3157 1.1945 0.6512 0.2644 0.0001 -0.0001 0.0000 -0.0000 0.0000 0.0000 0.0003 -0.0006 0.0000 0.0001 -0.0001 0.0000 -0.0000 0.0000 0.0000 -0.0000 0.0000 0.0000 0.0001 0.0007 -0.0000 0.0001 -0.0012 0.0000 0.0003 -0.0008 0.0000 -0.0000 0.0001 0.0000 -0.0000 0.0000 0.0000 -0.0000 -0.0009 0.0000 -29.9996 0.0002 0.0001 29.9996 -0.0003 0.0001 -0.0000 0.0000 0.0000 179.6357 -0.8990 -3.7791 -5.2605 -15.5221 -7.3333 9.9071 72.4150 -15.8051 -0.0000 25.3510 0.0000 179.1713 9.1931 -4.6607 -0.0902 -10.6870 -0.0798 -13.9365 71.6165 11.4239 -0.0001 25.3508 0.0000
3.5920 96.7765 0.4576 4.6002 6.4352 2.1975 -0.3184 1.5307 -0.5318 -0.3185 1.5311 -0.5320 -0.3194 1.5355 -0.5335 -87.1093 -9.9272 86.1259 125.8126 61.1244 -93.6985 35.3002 16.6068 16.9873 -1.9194 1.2316 -0.4384 0.0001 0.0000 0.0000 -0.0000 0.0000 0.0000 -0.0008 -0.0013 -0.0000 0.0001 -0.0004 0.0000 -0.0000 0.0000 0.0000 -0.0000 0.0000 0.0000 -0.0000 0.0002 0.0000 0.0003 -0.0006 0.0000 -0.0006 0.0004 0.0000 0.0001 0.0000 0.0000 -0.0000 0.0000 0.0000 -0.0002 -0.0010 -0.0000 30.0001 0.0002 -0.0001 -29.9998 0.0005 0.0002 -0.0000 0.0000 0.0000 0.3297 1.9654 0.4291 0.3297 1.9654 0.4291 86.8521 -16.2017 -85.7596 -131.5945 69.2102 99.1331 -25.0243 18.9978 -14.1558 1.2440 0.6682 0.2727 0.0001 -0.0001 0.0000 -0.0000 0.0000 0.0000 0.0003 -0.0006 0.0000 0.0001 -0.0001 0.0000 -0.0000 0.0000 0.0000 -0.0000 0.0000 0.0000 0.0001 0.0007 -0.0000 0.0001 -0.0012 0.0000 0.0003 -0.0008 0.0000 -0.0000 0.0001 0.0000 -0.0000 0.0000 0.0000 -0.0000 -0.0009 0.0000 -29.9997 0.0002 0.0001 29.9996 -0.0003 0.0001 -0.0000 0.0000 0.0000 179.6041 -0.9529 -3.7252 -5.2600 -15.3902 -7.4186 9.8246 72.4460 -15.7733 -0.0000 25.3510 0.0000 179.1135 9.1863 -4.6181 -0.0901 -10.5922 -0.0801 -13.6498 71.5381 11.1673 -0.0001 25.3508 0.0000
3.6511 96.7948 0.3415 4.6165 6.4026 2.1905 -0.3381 1.5069 -0.5267 -0.3381 1.5073 -0.5269 -0.3391 1.5115 -0.5284 -87.0718 -9.9266 86.0662 125.5366 60.3947 -93.4811 35.8469 16.3571 16.8910 -2.0012 1.2829 -0.4545 0.0001 0.0000 0.0000 -0.0000 0.0000 0.0000 -0.0008 -0.0013 -0.0000 0.0001 -0.0004 0.0000 -0.0000 0.0000 0.0000 -0.0000 0.0000 0.0000 -0.0000 0.0003 0.0000 0.0003 -0.0006 0.0000 -0.0006 0.0004 0.0000 0.0001 0.0000 0.0000 -0.0000 0.0000 0.0000 -0.0002 -0.0010 -0.0000 30.0001 0.0002 -0.0001 -29.9998 0.0005 0.0002 -0.0000 0.0000 0.0000 0.3657 2.1009 0.4318 0.3657 2.1009 0.4318 86.8859 -16.1894 -85.6382 -131.3691 68.5494 98.8763 -25.5722 18.8505 -13.9553 1.3071 0.6907 0.2839 0.0001 -0.0001 0.0000 -0.0000 0.0000 0.0000 0.0003 -0.0006 0.0000 0.0001 -0.0001 0.0000 -0.0000 0.0000 0.0000 -0.0000 0.0000 0.0000 0.0001 0.0007 -0.0000 0.0001 -0.0012 0.0000 0.0003 -0.0008 0.0000 -0.0000 0.0001 0.0000 -0.0000 0.0000 0.0000 -0.0000 -0.0009 0.0000 -29.9996 0.0002 0.0001 29.9996 -0.0003 0.0001 -0.0000 0.0000 0.0000 179.5661 -1.0185 -3.6637 -5.2535 -15.2414 -7.5084 9.7107 72.4725 -15.7104 -0.0000 25.3510 0.0000 179.0489 9.1797 -4.5910 -0.0900 -10.4974 -0.0802 -13.3878 71.4423 10.9477 -0.0001 25.3508 0.0000
3.7196 96.8152 0.2057 4.6291 6.3548 2.1930 -0.3579 1.4823 -0.5211 -0.3580 1.4826 -0.5212 -0.3590 1.4869 -0.5226 -87.0412 -9.9206 85.9878 125.2255 59.5419 -93.2236 36.5380 16.0424 16.6801 -2.1028 1.3423 -0.4738 0.0001 0.0000 0.0000 -0.0000 0.0000 0.0000 -0.0008 -0.0013 -0.0000 0.0001 -0.0004 0.0000 -0.0000 0.0000 0.0000 -0.0000 0.0000 0.0000 -0.0000 0.0002 0.0000 0.0003 -0.0006 0.0000 -0.0006 0.0004 0.0000 0.0001 0.0000 0.0000 -0.0000 0.0000 0.0000 -0.0002 -0.0010 -0.0000 30.0001 0.0002 -0.0001 -29.9998 0.0005 0.0002 -0.0000 0.0000 0.0000 0.3910 2.2252 0.4458 0.3910 2.2252 0.4458 86.9203 -16.1790 -85.4702 -131.0698 67.7754 98.5544 -26.2669 18.6970 -13.7080 1.3872 0.7198 0.2983 0.0001 -0.0001 0.0000 -0.0000 0.0000 0.0000 0.0003 -0.0006 0.0000 0.0001 -0.0001 0.0000 -0.0000 0.0000 0.0000 -0.0000 0.0000 0.0000 0.0001 0.0007 -0.0000 0.0001 -0.0012 0.0000 0.0003 -0.0008 0.0000 -0.0000 0.0001 0.0000 -0.0000 0.0000 0.0000 -0.0000 -0.0009 0.0000 -29.9997 0.0002 0.0001 29.9996 -0.0003 0.0001 -0.0000 0.0000 0.0000 179.5250 -1.0767 -3.5912 -5.2415 -15.0922 -7.5964 9.6085 72.4991 -15.6523 -0.0000 25.3510 0.0000 178.9808 9.1633 -4.5936 -0.0899 -10.3929 -0.0797 -13.1746 71.3295 10.7977 -0.0001 25.3508 0.0000
3.8070 96.8341 0.0564 4.6282 6.3005 2.1999 -0.3727 1.4599 -0.5124 -0.3728 1.4602 -0.5125 -0.3739 1.4643 -0.5140 -87.0146 -9.8983 85.8990 124.9144 58.6328 -92.9450 37.2616 15.6943 16.3776 -2.2129 1.4035 -0.4944 0.0001 0.0000 0.0000 -0.0000 0.0000 0.0000 -0.0008 -0.0013 -0.0000 0.0001 -0.0004 0.0000 -0.0000 0.0000 0.0000 -0.0000 0.0000 0.0000 -0.0000 0.0002 0.0000 0.0003 -0.0006 0.0000 -0.0006 0.0004 0.0000 0.0001 0.0000 0.0000 -0.0000 0.0000 0.0000 -0.0002 -0.0010 -0.0000 30.0001 0.0002 -0.0001 -29.9998 0.0005 0.0002 -0.0000 0.0000 0.0000 0.4036 2.3173 0.4705 0.4036 2.3173 0.4705 86.9549 -16.1726 -85.2716 -130.7318 66.9490 98.2074 -27.0421 18.5483 -13.4129 1.4795 0.7532 0.3154 0.0001 -0.0001 0.0000 -0.0000 0.0000 0.0000 0.0003 -0.0006 0.0000 0.0001 -0.0001 0.0000 -0.0000 0.0000 0.0000 -0.0000 0.0000 0.0000 0.0001 0.0007 -0.0000 0.0001 -0.0012 0.0000 0.0003 -0.0008 0.0000 -0.0000 0.0001 0.0000 -0.0000 0.0000 0.0000 -0.0000 -0.0009 0.0000 -29.9997 0.0002 0.0001 29.9996 -0.0003 0.0001 -0.0000 0.0000 0.0000 179.4958 -1.1075 -3.5285 -5.2312 -14.9653 -7.6540 9.5965 72.5282 -15.6746 -0.0000 25.3510 0.0000 178.9137 9.1431 -4.6293 -0.0898 -10.2791 -0.0792 -13.0138 71.2038 10.7272 -0.0001 25.3508 0.0000
3.9154 96.8504 -0.1110 4.6104 6.2420 2.2071 -0.3811 1.4410 -0.4998 -0.3812 1.4413 -0.4999 -0.3822 1.4454 -0.5013 -86.9884 -9.8570 85.8053 124.6153 57.6951 -92.6593 38.0125 15.3244 16.0021 -2.3288 1.4649 -0.5159 0.0001 0.0000 0.0000 -0.0000 0.0000 0.0000 -0.0008 -0.0013 -0.0000 0.0001 -0.0004 0.0000 -0.0000 0.0000 0.0000 -0.0000 0.0000 0.0000 -0.0001 0.0002 0.0000 0.0003 -0.0006 0.0000 -0.0006 0.0004 0.0000 0.0001 0.0000 0.0000 -0.0000 0.0000 0.0000 -0.0002 -0.0010 -0.0000 30.0001 0.0002 -0.0001 -29.9998 0.0005 0.0002 -0.0000 0.0000 0.0000 0.4022 2.3700 0.5066 0.4022 2.3700 0.5066 86.9912 -16.1715 -85.0573 -130.3708 66.0966 97.8511 -27.8495 18.3982 -13.0744 1.5801 0.7886 0.3340 0.0001 -0.0001 0.0000 -0.0000 0.0000 0.0000 0.0003 -0.0006 0.0000 0.0001 -0.0001 0.0000 -0.0000 0.0000 0.0000 -0.0000 0.0000 0.0000 0.0001 0.0007 -0.0000 0.0001 -0.0012 0.0000 0.0003 -0.0008 0.0000 -0.0000 0.0001 0.0000 -0.0000 0.0000 0.0000 -0.0000 -0.0008 0.0000 -29.9996 0.0002 0.0001 29.9996 -0.0003 0.0001 -0.0000 0.0000 0.0000 179.4818 -1.1079 -3.4825 -5.2251 -14.8704 -7.6828 9.6813 72.5648 -15.7814 -0.0000 25.3510 0.0000 178.8508 9.1285 -4.6932 -0.0897 -10.1630 -0.0787 -12.8912 71.0664 10.7207 -0.0001 25.3508 0.0000
4.0525 96.8617 -0.3071 4.5654 6.1789 2.2068 -0.3789 1.4285 -0.4793 -0.3790 1.4288 -0.4794 -0.3801 1.4328 -0.4808 -86.9574 -9.7849 85.7121 124.3343 56.7369 -92.3612 38.9362 14.8820 15.5497 -2.4561 1.5302 -0.5392 0.0001 0.0000 0.0000 -0.0000 0.0000 0.0000 -0.0008 -0.0013 -0.0000 0.0001 -0.0004 0.0000 -0.0000 0.0000 0.0000 -0.0000 0.0000 0.0000 -0.0000 0.0002 0.0000 0.0003 -0.0006 0.0000 -0.0006 0.0004 0.0000 0.0001 0.0000 0.0000 -0.0000 0.0000 0.0000 -0.0002 -0.0010 -0.0000 30.0001 0.0003 -0.0002 -29.9998 0.0005 0.0002 -0.0000 0.0000 0.0000 0.3802 2.3626 0.5603 0.3802 2.3626 0.5603 87.0306 -16.1781 -84.8375 -129.9806 65.2426 97.4817 -28.6897 18.2454 -12.7021 1.6881 0.8259 0.3541 0.0001 -0.0001 0.0000 -0.0000 0.0000 0.0000 0.0003 -0.0006 0.0000 0.0001 -0.0001 0.0000 -0.0000 0.0000 0.0000 -0.0000 0.0000 0.0000 0.0001 0.0007 -0.0000 0.0001 -0.0012 0.0000 0.0003 -0.0008 0.0000 -0.0000 0.0001 0.0000 -0.0000 0.0000 0.0000 -0.0000 -0.0009 0.0000 -29.9996 0.0002 0.0001 29.9996 -0.0003 0.0001 -0.0000 0.0000 0.0000 179.4894 -1.0654 -3.4597 -5.2251 -14.8284 -7.6917 9.8982 72.6192 -15.9990 -0.0000 25.3510 0.0000 178.7990 9.1310 -4.7825 -0.0896 -10.0515 -0.0783 -12.7792 70.9148 10.7515 -0.0001 25.3508 0.0000
4.1998 96.8693 -0.5171 4.5032 6.1112 2.1950 -0.3698 1.4223 -0.4549 -0.3698 1.4226 -0.4550 -0.3708 1.4266 -0.4562 -86.9248 -9.6947 85.6231 124.0699 55.8035 -92.0459 39.8275 14.4121 15.0850 -2.5807 1.5935 -0.5617 0.0001 0.0000 0.0000 -0.0000 0.0000 0.0000 -0.0008 -0.0013 -0.0000 0.0001 -0.0004 0.0000 -0.0000 0.0000 0.0000 -0.0000 0.0000 0.0000 -0.0000 0.0002 0.0000 0.0003 -0.0006 0.0000 -0.0006 0.0004 0.0000 0.0001 0.0000 0.0000 -0.0000 0.0000 0.0000 -0.0002 -0.0010 -0.0000 30.0001 0.0002 -0.0001 -29.9998 0.0005 0.0002 -0.0000 0.0000 0.0000 0.3485 2.3244 0.6249 0.3485 2.3244 0.6249 87.0717 -16.1847 -84.6212 -129.5932 64.4224 97.1127 -29.5689 18.0853 -12.3298 1.8000 0.8647 0.3750 0.0001 -0.0001 0.0000 -0.0000 0.0000 0.0000 0.0003 -0.0006 0.0000 0.0001 -0.0001 0.0000 -0.0000 0.0000 0.0000 -0.0000 0.0000 0.0000 0.0001 0.0007 -0.0000 0.0001 -0.0012 0.0000 0.0003 -0.0008 0.0000 -0.0000 0.0001 0.0000 -0.0000 0.0000 0.0000 -0.0000 -0.0009 0.0000 -29.9996 0.0002 0.0001 29.9996 -0.0003 0.0001 -0.0000 0.0000 0.0000 179.5117 -0.9972 -3.4541 -5.2346 -14.8252 -7.7033 10.2035 72.6888 -16.2844 -0.0000 25.3510 0.0000 178.7610 9.1423 -4.8758 -0.0896 -9.9450 -0.0783 -12.6568 70.7568 10.7748 -0.0001 25.3508 0.0000
4.3393 96.8737 -0.7318 4.4321 6.0379 2.1720 -0.3571 1.4222 -0.4292 -0.3571 1.4225 -0.4293 -0.3582 1.4266 -0.4306 -86.8930 -9.5915 85.5313 123.8241 54.9216 -91.7219 40.6934 13.9203 14.6185 -2.7015 1.6542 -0.5831 0.0001 0.0000 0.0000 -0.0000 0.0000 0.0000 -0.0008 -0.0013 -0.0000 0.0001 -0.0004 0.0000 -0.0000 0.0000 0.0000 -0.0000 0.0000 0.0000 -0.0001 0.0003 0.0000 0.0003 -0.0006 0.0000 -0.0006 0.0004 0.0000 0.0001 0.0000 0.0000 -0.0000 0.0000 0.0000 -0.0002 -0.0010 -0.0000 30.0001 0.0002 -0.0001 -29.9998 0.0005 0.0002 -0.0000 0.0000 0.0000 0.3116 2.2650 0.7008 0.3116 2.2650 0.7008 87.1130 -16.1879 -84.4131 -129.2209 63.6373 96.7495 -30.4585 17.9113 -11.9504 1.9177 0.9075 0.3974 0.0001 -0.0001 0.0000 -0.0000 0.0000 0.0000 0.0003 -0.0006 0.0000 0.0001 -0.0001 0.0000 -0.0000 0.0000 0.0000 -0.0000 0.0000 0.0000 0.0001 0.0007 -0.0000 0.0001 -0.0012 0.0000 0.0003 -0.0008 0.0000 -0.0000 0.0002 0.0000 -0.0000 0.0000 0.0000 -0.0000 -0.0009 0.0000 -29.9996 0.0002 0.0001 29.9996 -0.0003 0.0001 -0.0000 0.0000 0.0000 179.5434 -0.9203 -3.4666 -5.2537 -14.8443 -7.7185 10.5729 72.7694 -16.6161 -0.0000 25.3510 0.0000 178.7402 9.1578 -4.9673 -0.0894 -9.8462 -0.0782 -12.5337 70.5973 10.7848 -0.0001 25.3508 0.0000
4.4399 96.8736 -0.9468 4.3594 5.9543 2.1324 -0.3434 1.4312 -0.4055 -0.3434 1.4315 -0.4056 -0.3443 1.4355 -0.4067 -86.8680 -9.4910 85.4415 123.6989 54.1963 -91.4477 41.5638 13.4106 14.1679 -2.7793 1.6426 -0.5798 0.0001 0.0000 0.0000 -0.0000 0.0000 0.0000 -0.0008 -0.0013 -0.0000 0.0001 -0.0004 0.0000 -0.0000 0.0000 0.0000 -0.0000 0.0000 0.0000 -0.0000 0.0003 0.0000 0.0003 -0.0006 0.0000 -0.0006 0.0004 0.0000 0.0001 0.0000 0.0000 -0.0000 0.0000 0.0000 -0.0002 -0.0010 -0.0000 30.0001 0.0002 -0.0001 -29.9998 0.0005 0.0002 -0.0000 0.0000 0.0000 0.2707 2.1826 0.7975 0.2707 2.1826 0.7975 87.1509 -16.1811 -84.2265 -128.8993 62.9234 96.4205 -31.3185 17.7209 -11.5754 2.0302 0.9482 0.4188 0.0001 -0.0001 0.0000 -0.0000 0.0000 0.0000 0.0003 -0.0006 0.0000 0.0001 -0.0001 0.0000 -0.0000 0.0000 0.0000 -0.0000 0.0000 0.0000 0.0001 0.0007 -0.0000 0.0001 -0.0012 0.0000 0.0003 -0.0008 0.0000 -0.0000 0.0001 0.0000 -0.0000 0.0000 0.0000 -0.0000 -0.0009 0.0000 -29.9996 0.0002 0.0001 29.9996 -0.0003 0.0001 -0.0000 0.0000 0.0000 179.5728 -0.8397 -3.4980 -5.2803 -14.8886 -7.7524 10.9973 72.8622 -16.9798 -0.0000 25.3511 0.0000 178.7516 9.1816 -5.0470 -0.0892 -9.7763 -0.0759 -12.4097 70.4470 10.7505 -0.0001 25.3508 0.0000
4.5096 96.8700 -1.1662 4.2920 5.8617 2.0792 -0.3312 1.4467 -0.3846 -0.3313 1.4470 -0.3847 -0.3322 1.4511 -0.3858 -86.8495 -9.3968 85.3571 123.6568 53.6020 -91.2432 42.4780 12.8839 13.7752 -2.8311 1.5889 -0.5606 0.0001 0.0000 0.0000 -0.0000 0.0000 0.0000 -0.0008 -0.0013 -0.0000 0.0001 -0.0004 0.0000 -0.0000 0.0000 0.0000 -0.0000 0.0000 0.0000 -0.0000 0.0002 0.0000 0.0003 -0.0006 0.0000 -0.0006 0.0004 0.0000 0.0001 0.0000 0.0000 -0.0000 0.0000 0.0000 -0.0002 -0.0010 -0.0000 30.0001 0.0003 -0.0002 -29.9998 0.0005 0.0002 -0.0000 0.0000 0.0000 0.2346 2.0925 0.9051 0.2346 2.0925 0.9051 87.1841 -16.1667 -84.0646 -128.6449 62.2803 96.1547 -32.1484 17.5203 -11.2544 2.1353 0.9869 0.4386 0.0001 -0.0001 0.0000 -0.0000 0.0000 0.0000 0.0003 -0.0006 0.0000 0.0001 -0.0001 0.0000 -0.0000 0.0000 0.0000 -0.0000 0.0000 0.0000 0.0001 0.0007 -0.0000 0.0001 -0.0012 0.0000 0.0003 -0.0008 0.0000 -0.0000 0.0001 0.0000 -0.0000 0.0000 0.0000 -0.0000 -0.0009 0.0000 -29.9997 0.0002 0.0001 29.9996 -0.0003 0.0001 -0.0000 0.0000 0.0000 179.5936 -0.7720 -3.5357 -5.3104 -14.9361 -7.8079 11.4396 72.9616 -17.3509 -0.0000 25.3510 0.0000 178.7830 9.2240 -5.1180 -0.0890 -9.7500 -0.0739 -12.2845 70.3073 10.6802 -0.0001 25.3508 0.0000
4.5617 96.8644 -1.3928 4.2298 5.7629 2.0179 -0.3210 1.4665 -0.3672 -0.3211 1.4668 -0.3673 -0.3219 1.4709 -0.3682 -86.8404 -9.3069 85.2814 123.6205 53.1028 -91.0783 43.2577 12.4054 13.4555 -2.8755 1.5435 -0.5429 0.0001 0.0000 0.0000 -0.0000 0.0000 0.0000 -0.0008 -0.0013 -0.0000 0.0001 -0.0004 0.0000 -0.0000 0.0000 0.0000 -0.0000 0.0000 0.0000 -0.0000 0.0002 0.0000 0.0003 -0.0006 0.0000 -0.0006 0.0004 0.0000 0.0001 0.0000 0.0000 -0.0000 0.0000 0.0000 -0.0002 -0.0010 -0.0000 30.0001 0.0003 -0.0002 -29.9998 0.0005 0.0002 -0.0000 0.0000 0.0000 0.2061 1.9998 1.0173 0.2061 1.9997 1.0173 87.2138 -16.1475 -83.9265 -128.4569 61.7079 95.9588 -32.9324 17.3186 -11.0000 2.2315 1.0230 0.4563 0.0001 -0.0001 0.0000 -0.0000 0.0000 0.0000 0.0003 -0.0006 0.0000 0.0001 -0.0001 0.0000 -0.0000 0.0000 0.0000 -0.0000 0.0000 0.0000 0.0001 0.0007 -0.0000 0.0001 -0.0012 0.0000 0.0003 -0.0008 0.0000 -0.0000 0.0001 0.0000 -0.0000 0.0000 0.0000 -0.0000 -0.0009 0.0000 -29.9997 0.0002 0.0001 29.9996 -0.0003 0.0001 -0.0000 0.0000 0.0000 179.6066 -0.7174 -3.5736 -5.3412 -14.9806 -7.8779 11.8882 73.0626 -17.7270 -0.0000 25.3511 0.0000 178.8247 9.2862 -5.1964 -0.0889 -9.7636 -0.0728 -12.1930 70.1709 10.6277 -0.0001 25.3508 0.0000
4.6066 96.8595 -1.6271 4.1766 5.6579 1.9543 -0.3151 1.4889 -0.3557 -0.3151 1.4892 -0.3558 -0.3159 1.4934 -0.3567 -86.8480 -9.2171 85.2242 123.5874 52.7631 -90.9834 43.9064 12.0140 13.2231 -2.9113 1.5082 -0.5285 0.0001 0.0000 0.0000 -0.0000 0.0000 0.0000 -0.0008 -0.0013 -0.0000 0.0001 -0.0004 0.0000 -0.0000 0.0000 0.0000 -0.0000 0.0000 0.0000 -0.0000 0.0002 0.0000 0.0003 -0.0006 0.0000 -0.0006 0.0004 0.0000 0.0001 0.0000 0.0000 -0.0000 0.0000 0.0000 -0.0002 -0.0010 -0.0000 30.0001 0.0002 -0.0001 -29.9998 0.0005 0.0002 -0.0000 0.0000 0.0000 0.1907 1.9107 1.1281 0.1907 1.9107 1.1280 87.2377 -16.1265 -83.8295 -128.3727 61.2551 95.8872 -33.5664 17.1368 -10.8254 2.3085 1.0509 0.4696 0.0001 -0.0001 0.0000 -0.0000 0.0000 0.0000 0.0003 -0.0006 0.0000 0.0001 -0.0001 0.0000 -0.0000 0.0000 0.0000 -0.0000 0.0000 0.0000 0.0001 0.0007 -0.0000 0.0001 -0.0012 0.0000 0.0003 -0.0008 0.0000 -0.0000 0.0001 0.0000 -0.0000 0.0000 0.0000 -0.0000 -0.0009 0.0000 -29.9996 0.0002 0.0001 29.9996 -0.0003 0.0001 -0.0000 0.0000 0.0000 179.6073 -0.6854 -3.6096 -5.3658 -15.0109 -7.9556 12.3021 73.1599 -18.0751 -0.0000 25.3511 0.0000 178.8655 9.3619 -5.2962 -0.0889 -9.8049 -0.0724 -12.1658 70.0250 10.6438 -0.0001 25.3508 0.0000
4.6655 96.8600 -1.8605 4.1295 5.5442 1.8949 -0.3127 1.5120 -0.3486 -0.3128 1.5124 -0.3487 -0.3136 1.5166 -0.3497 -86.8690 -9.1321 85.1883 123.5522 52.5546 -90.9444 44.4798 11.6959 13.0594 -2.9413 1.4802 -0.5164 0.0001 0.0000 0.0000 -0.0000 0.0000 0.0000 -0.0008 -0.0013 -0.0000 0.0001 -0.0004 0.0000 -0.0000 0.0000 0.0000 -0.0000 0.0000 0.0000 -0.0000 0.0002 0.0000 0.0003 -0.0006 0.0000 -0.0006 0.0004 0.0000 0.0001 0.0000 0.0000 -0.0000 0.0000 0.0000 -0.0002 -0.0010 -0.0000 30.0001 0.0002 -0.0001 -29.9998 0.0005 0.0002 -0.0000 0.0000 0.0000 0.1829 1.8278 1.2348 0.1829 1.8278 1.2348 87.2584 -16.1111 -83.7694 -128.3788 60.9241 95.9419 -34.0237 16.9930 -10.7212 2.3648 1.0689 0.4781 0.0001 -0.0001 0.0000 -0.0000 0.0000 0.0000 0.0003 -0.0006 0.0000 0.0001 -0.0001 0.0000 -0.0000 0.0000 0.0000 -0.0000 0.0000 0.0000 0.0001 0.0007 -0.0000 0.0001 -0.0012 0.0000 0.0003 -0.0008 0.0000 -0.0000 0.0001 0.0000 -0.0000 0.0000 0.0000 -0.0000 -0.0009 0.0000 -29.9996 0.0002 0.0001 29.9996 -0.0003 0.0001 -0.0000 0.0000 0.0000 179.5997 -0.6811 -3.6392 -5.3800 -15.0219 -8.0318 12.6513 73.2511 -18.3700 -0.0000 25.3511 0.0000 178.8906 9.4235 -5.4030 -0.0889 -9.8360 -0.0721 -12.1442 69.8671 10.6911 -0.0001 25.3508 0.0000
4.7490 96.8661 -2.0904 4.0866 5.4255 1.8425 -0.3132 1.5335 -0.3449 -0.3133 1.5339 -0.3450 -0.3141 1.5382 -0.3459 -86.8977 -9.0536 85.1747 123.5122 52.4588 -90.9564 44.8939 11.4695 12.9615 -2.9636 1.4616 -0.5078 0.0001 0.0000 0.0000 -0.0000 0.0000 0.0000 -0.0008 -0.0013 -0.0000 0.0001 -0.0004 0.0000 -0.0000 0.0000 0.0000 -0.0000 0.0000 0.0000 -0.0000 0.0002 0.0000 0.0003 -0.0006 0.0000 -0.0006 0.0004 0.0000 0.0001 0.0000 0.0000 -0.0000 0.0000 0.0000 -0.0002 -0.0010 -0.0000 30.0001 0.0002 -0.0001 -29.9998 0.0005 0.0002 -0.0000 0.0000 0.0000 0.1822 1.7587 1.3293 0.1822 1.7587 1.3293 87.2779 -16.1039 -83.7413 -128.4651 60.7246 96.1158 -34.3254 16.8949 -10.6887 2.4009 1.0774 0.4822 0.0001 -0.0001 0.0000 -0.0000 0.0000 0.0000 0.0003 -0.0006 0.0000 0.0001 -0.0001 0.0000 -0.0000 0.0000 0.0000 -0.0000 0.0000 0.0000 0.0001 0.0007 -0.0000 0.0001 -0.0011 0.0000 0.0003 -0.0008 0.0000 -0.0000 0.0001 0.0000 -0.0000 0.0000 0.0000 -0.0000 -0.0008 0.0000 -29.9996 0.0002 0.0001 29.9996 -0.0003 0.0001 -0.0000 0.0000 0.0000 179.5868 -0.7012 -3.6585 -5.3863 -15.0108 -8.1055 12.9379 73.3340 -18.6092 -0.0000 25.3511 0.0000 178.8926 9.4695 -5.4994 -0.0890 -9.8520 -0.0731 -12.0837 69.7046 10.7311 -0.0001 25.3508 0.0000
4.8782 96.8768 -2.3117 4.0442 5.3021 1.8049 -0.3158 1.5502 -0.3465 -0.3159 1.5506 -0.3465 -0.3168 1.5549 -0.3476 -86.9322 -8.9867 85.1907 123.4672 52.5298 -91.0433 45.0530 11.3873 12.9433 -2.9742 1.4565 -0.5048 0.0001 0.0000 0.0000 -0.0000 0.0000 0.0000 -0.0008 -0.0013 -0.0000 0.0001 -0.0004 0.0000 -0.0000 0.0000 0.0000 -0.0000 0.0000 0.0000 -0.0000 0.0002 0.0000 0.0003 -0.0007 0.0000 -0.0006 0.0004 0.0000 0.0001 0.0000 0.0000 -0.0000 0.0000 0.0000 -0.0002 -0.0010 -0.0000 30.0001 0.0002 -0.0001 -29.9998 0.0005 0.0002 -0.0000 0.0000 0.0000 0.1853 1.7107 1.4057 0.1853 1.7107 1.4057 87.2942 -16.1048 -83.7572 -128.6580 60.7362 96.4498 -34.4012 16.8749 -10.7484 2.4056 1.0713 0.4798 0.0001 -0.0001 0.0000 -0.0000 0.0000 0.0000 0.0003 -0.0006 0.0000 0.0001 -0.0001 0.0000 -0.0000 0.0000 0.0000 -0.0000 0.0000 0.0000 0.0001 0.0007 -0.0000 0.0001 -0.0012 0.0000 0.0003 -0.0008 0.0000 -0.0000 0.0001 0.0000 -0.0000 0.0000 0.0000 -0.0000 -0.0009 0.0000 -29.9997 0.0002 0.0001 29.9996 -0.0003 0.0001 -0.0000 0.0000 0.0000 179.5695 -0.7509 -3.6632 -5.3836 -14.9643 -8.1621 13.1581 73.3972 -18.7826 -0.0000 25.3511 0.0000 178.8591 9.5023 -5.5637 -0.0894 -9.8668 -0.0780 -11.9511 69.5589 10.7519 -0.0001 25.3508 0.0000
5.0126 96.8842 -2.5151 3.9975 5.1773 1.7800 -0.3168 1.5621 -0.3516 -0.3169 1.5625 -0.3516 -0.3177 1.5669 -0.3527 -86.9687 -8.9380 85.2269 123.4267 52.7362 -91.1838 44.9913 11.4274 12.9658 -2.9744 1.4617 -0.5070 0.0001 0.0000 0.0000 -0.0000 0.0000 0.0000 -0.0008 -0.0013 -0.0000 0.0001 -0.0004 0.0000 -0.0000 0.0000 0.0000 -0.0000 0.0000 0.0000 -0.0000 0.0002 0.0000 0.0003 -0.0006 0.0000 -0.0006 0.0004 0.0000 0.0001 0.0000 0.0000 -0.0000 0.0000 0.0000 -0.0002 -0.0010 -0.0000 30.0001 0.0002 -0.0001 -29.9998 0.0005 0.0002 -0.0000 0.0000 0.0000 0.1843 1.6748 1.4681 0.1843 1.6748 1.4681 87.3008 -16.1149 -83.8052 -128.9212 60.9235 96.8866 -34.2982 16.9286 -10.8626 2.3849 1.0540 0.4729 0.0001 -0.0001 0.0000 -0.0000 0.0000 0.0000 0.0003 -0.0006 0.0000 0.0001 -0.0001 0.0000 -0.0000 0.0000 0.0000 -0.0000 0.0000 0.0000 0.0001 0.0007 -0.0000 0.0001 -0.0012 0.0000 0.0003 -0.0008 0.0000 -0.0000 0.0001 0.0000 -0.0000 0.0000 0.0000 -0.0000 -0.0008 0.0000 -29.9997 0.0002 0.0001 29.9996 -0.0003 0.0001 -0.0000 0.0000 0.0000 179.5482 -0.8126 -3.6624 -5.3718 -14.8970 -8.1877 13.3865 73.4379 -18.9543 -0.0000 25.3510 0.0000 178.8221 9.5231 -5.5930 -0.0898 -9.8887 -0.0822 -11.7675 69.4456 10.7364 -0.0001 25.3508 0.0000
5.1376 96.8867 -2.6947 3.9429 5.0498 1.7626 -0.3145 1.5712 -0.3574 -0.3146 1.5715 -0.3574 -0.3154 1.5759 -0.3585 -87.0035 -8.9086 85.2769 123.4039 53.0649 -91.3784 44.7367 11.5771 13.0230 -2.9656 1.4761 -0.5135 0.0001 0.0000 0.0000 -0.0000 0.0000 0.0000 -0.0008 -0.0013 -0.0000 0.0001 -0.0004 0.0000 -0.0000 0.0000 0.0000 -0.0000 0.0000 0.0000 -0.0000 0.0002 0.0000 0.0003 -0.0006 0.0000 -0.0006 0.0004 0.0000 0.0001 0.0000 0.0000 -0.0000 0.0000 0.0000 -0.0002 -0.0010 -0.0000 30.0001 0.0002 -0.0001 -29.9998 0.0005 0.0002 -0.0000 0.0000 0.0000 0.1777 1.6444 1.5178 0.1777 1.6444 1.5178 87.2966 -16.1357 -83.8797 -129.2323 61.2599 97.3926 -34.0433 17.0474 -11.0216 2.3426 1.0280 0.4625 0.0001 -0.0001 0.0000 -0.0000 0.0000 0.0000 0.0003 -0.0006 0.0000 0.0001 -0.0001 0.0000 -0.0000 0.0000 0.0000 -0.0000 0.0000 0.0000 0.0001 0.0007 -0.0000 0.0001 -0.0012 0.0000 0.0003 -0.0008 0.0000 -0.0000 0.0001 0.0000 -0.0000 0.0000 0.0000 -0.0000 -0.0009 0.0000 -29.9997 0.0002 0.0001 29.9996 -0.0003 0.0001 -0.0000 0.0000 0.0000 179.5266 -0.8775 -3.6623 -5.3520 -14.8227 -8.1849 13.6514 73.4607 -19.1514 -0.0000 25.3510 0.0000 178.7958 9.5236 -5.5893 -0.0900 -9.9084 -0.0840 -11.5308 69.3627 10.6590 -0.0001 25.3508 0.0000
5.2547 96.8826 -2.8328 3.8673 4.9264 1.7524 -0.3042 1.5749 -0.3605 -0.3042 1.5753 -0.3606 -0.3050 1.5797 -0.3616 -87.0315 -8.9017 85.3447 123.4111 53.5658 -91.6384 44.2196 11.8737 13.1426 -2.9421 1.5041 -0.5262 0.0001 0.0000 0.0000 -0.0000 0.0000 0.0000 -0.0008 -0.0013 -0.0000 0.0001 -0.0004 0.0000 -0.0000 0.0000 0.0000 -0.0000 0.0000 0.0000 -0.0001 0.0002 0.0000 0.0003 -0.0006 0.0000 -0.0006 0.0004 0.0000 0.0001 0.0000 0.0000 -0.0000 0.0000 0.0000 -0.0002 -0.0010 -0.0000 30.0001 0.0002 -0.0001 -29.9998 0.0005 0.0002 -0.0000 0.0000 0.0000 0.1623 1.6120 1.5485 0.1623 1.6120 1.5485 87.2756 -16.1719 -83.9964 -129.5793 61.7910 97.9496 -33.5889 17.2436 -11.2396 2.2722 0.9919 0.4478 0.0001 -0.0001 0.0000 -0.0000 0.0000 0.0000 0.0003 -0.0006 0.0000 0.0001 -0.0001 0.0000 -0.0000 0.0000 0.0000 -0.0000 0.0000 0.0000 0.0001 0.0007 -0.0000 0.0001 -0.0012 0.0000 0.0003 -0.0008 0.0000 -0.0000 0.0001 0.0000 -0.0000 0.0000 0.0000 -0.0000 -0.0008 0.0000 -29.9996 0.0002 0.0001 29.9996 -0.0003 0.0001 -0.0000 0.0000 0.0000 179.5152 -0.9236 -3.6699 -5.3251 -14.7592 -8.1469 14.0101 73.4620 -19.4251 -0.0000 25.3511 0.0000 178.7908 9.4852 -5.5357 -0.0899 -9.8976 -0.0831 -11.2073 69.3184 10.4685 -0.0001 25.3508 0.0000
5.3861 96.8730 -2.9567 3.7653 4.8048 1.7469 -0.2839 1.5772 -0.3612 -0.2838 1.5776 -0.3613 -0.2847 1.5821 -0.3623 -87.0527 -8.9050 85.4212 123.4341 54.1835 -91.9221 43.5123 12.2693 13.3188 -2.9070 1.5432 -0.5431 0.0001 0.0000 0.0000 -0.0000 0.0000 0.0000 -0.0008 -0.0013 -0.0000 0.0001 -0.0004 0.0000 -0.0000 0.0000 0.0000 -0.0000 0.0000 0.0000 -0.0000 0.0002 0.0000 0.0003 -0.0006 0.0000 -0.0006 0.0004 0.0000 0.0001 0.0000 0.0000 -0.0000 0.0000 0.0000 -0.0002 -0.0010 -0.0000 30.0001 0.0002 -0.0001 -29.9998 0.0005 0.0002 -0.0000 0.0000 0.0000 0.1402 1.5695 1.5682 0.1402 1.5695 1.5682 87.2441 -16.2098 -84.1375 -129.9427 62.4562 98.5012 -32.9983 17.4691 -11.4911 2.1828 0.9507 0.4303 0.0001 -0.0001 0.0000 -0.0000 0.0000 0.0000 0.0003 -0.0006 0.0000 0.0001 -0.0001 0.0000 -0.0000 0.0000 0.0000 -0.0000 0.0000 0.0000 0.0001 0.0007 -0.0000 0.0001 -0.0011 0.0000 0.0003 -0.0008 0.0000 -0.0000 0.0001 0.0000 -0.0000 0.0000 0.0000 -0.0000 -0.0008 0.0000 -29.9996 0.0002 0.0001 29.9996 -0.0003 0.0001 -0.0000 0.0000 0.0000 179.5225 -0.9491 -3.6902 -5.2979 -14.7180 -8.0896 14.4700 73.4496 -19.7855 -0.0000 25.3510 0.0000 178.8001 9.4201 -5.4585 -0.0900 -9.8504 -0.0842 -10.8449 69.2779 10.2194 -0.0001 25.3508 0.0000
5.5236 96.8595 -3.0807 3.6415 4.6838 1.7460 -0.2552 1.5796 -0.3612 -0.2553 1.5799 -0.3612 -0.2560 1.5844 -0.3623 -87.0693 -8.9211 85.4977 123.4598 54.8997 -92.1895 42.6647 12.7338 13.5249 -2.8622 1.5915 -0.5633 0.0001 0.0000 0.0000 -0.0000 0.0000 0.0000 -0.0008 -0.0013 -0.0000 0.0001 -0.0004 0.0000 -0.0000 0.0000 0.0000 -0.0000 0.0000 0.0000 -0.0001 0.0002 0.0000 0.0003 -0.0006 0.0000 -0.0006 0.0004 0.0000 0.0001 0.0000 0.0000 -0.0000 0.0000 0.0000 -0.0002 -0.0010 -0.0000 30.0001 0.0002 -0.0001 -29.9998 0.0005 0.0002 -0.0000 0.0000 0.0000 0.1140 1.5173 1.5810 0.1140 1.5173 1.5810 87.2083 -16.2458 -84.2925 -130.3156 63.2218 99.0311 -32.2925 17.7106 -11.7667 2.0791 0.9067 0.4110 0.0001 -0.0001 0.0000 -0.0000 0.0000 0.0000 0.0003 -0.0006 0.0000 0.0001 -0.0001 0.0000 -0.0000 0.0000 0.0000 -0.0000 0.0000 0.0000 0.0001 0.0007 -0.0000 0.0001 -0.0011 0.0000 0.0003 -0.0008 0.0000 -0.0000 0.0001 0.0000 -0.0000 0.0000 0.0000 -0.0000 -0.0009 0.0000 -29.9997 0.0002 0.0001 29.9996 -0.0003 0.0001 -0.0000 0.0000 0.0000 179.5454 -0.9624 -3.7205 -5.2682 -14.6978 -8.0276 14.9926 73.4314 -20.2008 -0.0000 25.3510 0.0000 178.8268 9.3407 -5.3822 -0.0901 -9.7744 -0.0859 -10.5061 69.2212 9.9687 -0.0001 25.3508 0.0000
5.6370 96.8398 -3.2054 3.4991 4.5660 1.7517 -0.2201 1.5815 -0.3617 -0.2202 1.5819 -0.3618 -0.2208 1.5863 -0.3628 -87.0844 -8.9646 85.5625 123.5884 55.7947 -92.4572 41.6556 13.2732 13.7516 -2.7699 1.5899 -0.5664 0.0001 0.0000 0.0000 -0.0000 0.0000 0.0000 -0.0008 -0.0013 -0.0000 0.0001 -0.0004 0.0000 -0.0000 0.0000 0.0000 -0.0000 0.0000 0.0000 -0.0001 0.0003 0.0000 0.0003 -0.0006 0.0000 -0.0006 0.0004 0.0000 0.0001 0.0000 0.0000 -0.0000 0.0000 0.0000 -0.0002 -0.0010 -0.0000 30.0001 0.0002 -0.0001 -29.9998 0.0005 0.0002 -0.0000 0.0000 0.0000 0.0886 1.4559 1.5878 0.0886 1.4559 1.5878 87.1757 -16.2744 -84.4553 -130.6572 64.0626 99.4735 -31.3892 17.9679 -12.0501 1.9601 0.8600 0.3897 0.0001 -0.0001 0.0000 -0.0000 0.0000 0.0000 0.0003 -0.0006 0.0000 0.0001 -0.0001 0.0000 -0.0000 0.0000 0.0000 -0.0000 0.0000 0.0000 0.0001 0.0007 -0.0000 0.0001 -0.0012 0.0000 0.0003 -0.0008 0.0000 -0.0000 0.0001 0.0000 -0.0000 0.0000 0.0000 -0.0000 -0.0009 0.0000 -29.9997 0.0002 0.0001 29.9996 -0.0003 0.0001 -0.0000 0.0000 0.0000 179.5840 -0.9710 -3.7626 -5.2304 -14.7041 -7.9854 15.5080 73.4216 -20.6078 -0.0000 25.3510 0.0000 178.8910 9.2532 -5.3267 -0.0898 -9.6750 -0.0840 -10.2734 69.1368 9.7640 -0.0001 25.3508 0.0000
5.7277 96.8189 -3.3182 3.3562 4.4550 1.7632 -0.1865 1.5800 -0.3657 -0.1865 1.5804 -0.3658 -0.1871 1.5848 -0.3669 -87.1006 -9.0362 85.6218 123.8639 56.8125 -92.7515 40.5607 13.8202 14.0224 -2.6250 1.5142 -0.5430 0.0001 0.0000 0.0000 -0.0000 0.0000 0.0000 -0.0008 -0.0013 -0.0000 0.0001 -0.0004 0.0000 -0.0000 0.0000 0.0000 -0.0000 0.0000 0.0000 -0.0000 0.0002 0.0000 0.0003 -0.0006 0.0000 -0.0006 0.0004 0.0000 0.0001 0.0000 0.0000 -0.0000 0.0000 0.0000 -0.0002 -0.0010 -0.0000 30.0001 0.0002 -0.0001 -29.9998 0.0005 0.0002 -0.0000 0.0000 0.0000 0.0718 1.3975 1.5949 0.0718 1.3975 1.5949 87.1543 -16.2881 -84.6253 -130.9635 64.9465 99.8176 -30.3987 18.2185 -12.3277 1.8354 0.8141 0.3680 0.0001 -0.0001 0.0000 -0.0000 0.0000 0.0000 0.0003 -0.0006 0.0000 0.0001 -0.0001 0.0000 -0.0000 0.0000 0.0000 -0.0000 0.0000 0.0000 0.0001 0.0007 -0.0000 0.0001 -0.0012 0.0000 0.0003 -0.0008 0.0000 -0.0000 0.0001 0.0000 -0.0000 0.0000 0.0000 -0.0000 -0.0009 0.0000 -29.9997 0.0002 0.0001 29.9996 -0.0003 0.0001 -0.0000 0.0000 0.0000 179.6292 -0.9847 -3.8098 -5.1905 -14.7219 -7.9697 15.9508 73.4271 -20.9448 -0.0000 25.3510 0.0000 178.9746 9.1718 -5.2736 -0.0894 -9.5873 -0.0797 -10.1142 69.0551 9.5847 -0.0001 25.3508 0.0000
5.8181 96.7988 -3.4138 3.2178 4.3525 1.7799 -0.1555 1.5741 -0.3755 -0.1556 1.5745 -0.3755 -0.1560 1.5789 -0.3766 -87.1197 -9.1348 85.6798 124.1781 57.8351 -93.0347 39.4009 14.3615 14.3420 -2.4768 1.4396 -0.5187 0.0001 0.0000 0.0000 -0.0000 0.0000 0.0000 -0.0008 -0.0013 -0.0000 0.0001 -0.0004 0.0000 -0.0000 0.0000 0.0000 -0.0000 0.0000 0.0000 -0.0000 0.0002 0.0000 0.0003 -0.0006 0.0000 -0.0006 0.0004 0.0000 0.0001 0.0000 0.0000 -0.0000 0.0000 0.0000 -0.0002 -0.0010 -0.0000 30.0001 0.0002 -0.0001 -29.9998 0.0005 0.0002 -0.0000 0.0000 0.0000 0.0647 1.3454 1.6057 0.0647 1.3454 1.6057 87.1429 -16.2843 -84.7983 -131.2664 65.8819 100.0868 -29.4089 18.4424 -12.5971 1.7137 0.7736 0.3476 0.0001 -0.0001 0.0000 -0.0000 0.0000 0.0000 0.0003 -0.0006 0.0000 0.0001 -0.0001 0.0000 -0.0000 0.0000 0.0000 -0.0000 0.0000 0.0000 0.0001 0.0007 -0.0000 0.0001 -0.0012 0.0000 0.0003 -0.0008 0.0000 -0.0000 0.0001 0.0000 -0.0000 0.0000 0.0000 -0.0000 -0.0009 0.0000 -29.9996 0.0002 0.0001 29.9996 -0.0003 0.0001 -0.0000 0.0000 0.0000 179.6777 -1.0012 -3.8633 -5.1519 -14.7477 -7.9624 16.3442 73.4450 -21.2334 -0.0000 25.3510 0.0000 179.0560 9.0965 -5.2106 -0.0890 -9.5163 -0.0761 -9.9832 68.9871 9.4099 -0.0001 25.3508 0.0000
5.9265 96.7849 -3.4843 3.0906 4.2675 1.8023 -0.1291 1.5598 -0.3951 -0.1292 1.5601 -0.3951 -0.1295 1.5645 -0.3963 -87.1437 -9.2735 85.7408 124.5348 58.8256 -93.3073 38.2217 14.8833 14.7096 -2.3309 1.3684 -0.4943 0.0001 0.0000 0.0000 -0.0000 0.0000 0.0000 -0.0008 -0.0013 -0.0000 0.0001 -0.0004 0.0000 -0.0000 0.0000 0.0000 -0.0000 0.0000 0.0000 -0.0001 0.0002 0.0000 0.0003 -0.0006 0.0000 -0.0006 0.0004 0.0000 0.0001 0.0000 0.0000 -0.0000 0.0000 0.0000 -0.0002 -0.0010 -0.0000 30.0001 0.0003 -0.0002 -29.9998 0.0005 0.0002 -0.0000 0.0000 0.0000 0.0720 1.3015 1.6241 0.0720 1.3015 1.6241 87.1367 -16.2647 -84.9721 -131.5925 66.8019 100.2855 -28.4032 18.6147 -12.8677 1.5944 0.7364 0.3273 0.0001 -0.0001 0.0000 -0.0000 0.0000 0.0000 0.0003 -0.0006 0.0000 0.0001 -0.0001 0.0000 -0.0000 0.0000 0.0000 -0.0000 0.0000 0.0000 0.0001 0.0007 -0.0000 0.0001 -0.0012 0.0000 0.0003 -0.0008 0.0000 -0.0000 0.0001 0.0000 -0.0000 0.0000 0.0000 -0.0000 -0.0009 0.0000 -29.9996 0.0002 0.0001 29.9996 -0.0003 0.0001 -0.0000 0.0000 0.0000 179.7267 -1.0118 -3.9232 -5.1165 -14.7865 -7.9416 16.7106 73.4781 -21.4998 -0.0000 25.3510 0.0000 179.1129 9.0239 -5.1214 -0.0889 -9.4499 -0.0755 -9.8315 68.9329 9.2093 -0.0001 25.3508 0.0000
6.0354 96.7773 -3.5348 2.9728 4.2001 1.8192 -0.1063 1.5387 -0.4188 -0.1063 1.5390 -0.4189 -0.1065 1.5433 -0.4201 -87.1717 -9.4309 85.8072 124.9105 59.7536 -93.5756 37.1033 15.3587 15.1015 -2.1954 1.3030 -0.4711 0.0001 0.0000 0.0000 -0.0000 0.0000 0.0000 -0.0008 -0.0013 -0.0000 0.0001 -0.0004 0.0000 -0.0000 0.0000 0.0000 -0.0000 0.0000 0.0000 -0.0000 0.0002 0.0000 0.0003 -0.0006 0.0000 -0.0006 0.0004 0.0000 0.0001 0.0000 0.0000 -0.0000 0.0000 0.0000 -0.0002 -0.0010 -0.0000 30.0001 0.0002 -0.0001 -29.9998 0.0005 0.0002 -0.0000 0.0000 0.0000 0.0871 1.2570 1.6459 0.0871 1.2570 1.6459 87.1296 -16.2443 -85.1447 -131.9516 67.6264 100.4633 -27.3835 18.7286 -13.1424 1.4844 0.7035 0.3081 0.0001 -0.0001 0.0000 -0.0000 0.0000 0.0000 0.0003 -0.0006 0.0000 0.0001 -0.0001 0.0000 -0.0000 0.0000 0.0000 -0.0000 0.0000 0.0000 0.0001 0.0007 -0.0000 0.0001 -0.0012 0.0000 0.0003 -0.0008 0.0000 -0.0000 0.0001 0.0000 -0.0000 0.0000 0.0000 -0.0000 -0.0009 0.0000 -29.9996 0.0002 0.0001 29.9996 -0.0003 0.0001 -0.0000 0.0000 0.0000 179.7748 -1.0044 -3.9799 -5.0853 -14.8418 -7.9050 17.0952 73.5232 -21.7974 -0.0000 25.3511 0.0000 179.1555 8.9356 -5.0227 -0.0888 -9.3435 -0.0742 -9.6364 68.8726 8.9728 -0.0001 25.3508 0.0000
6.1393 96.7731 -3.5717 2.8597 4.1460 1.8228 -0.0857 1.5125 -0.4426 -0.0857 1.5129 -0.4427 -0.0859 1.5171 -0.4439 -87.1989 -9.5935 85.8772 125.3037 60.5843 -93.8542 36.0667 15.7616 15.5127 -2.0737 1.2449 -0.4494 0.0001 0.0000 0.0000 -0.0000 0.0000 0.0000 -0.0008 -0.0013 -0.0000 0.0001 -0.0004 0.0000 -0.0000 0.0000 0.0000 -0.0000 0.0000 0.0000 -0.0000 0.0002 0.0000 0.0003 -0.0006 0.0000 -0.0006 0.0004 0.0000 0.0001 0.0000 0.0000 -0.0000 0.0000 0.0000 -0.0002 -0.0010 -0.0000 30.0001 0.0002 -0.0001 -29.9998 0.0005 0.0002 -0.0000 0.0000 0.0000 0.1048 1.2098 1.6687 0.1048 1.2098 1.6687 87.1246 -16.2246 -85.3133 -132.3560 68.3542 100.6431 -26.4078 18.7737 -13.4142 1.3862 0.6752 0.2901 0.0001 -0.0001 0.0000 -0.0000 0.0000 0.0000 0.0003 -0.0006 0.0000 0.0001 -0.0001 0.0000 -0.0000 0.0000 0.0000 -0.0000 0.0000 0.0000 0.0001 0.0007 -0.0000 0.0001 -0.0012 0.0000 0.0003 -0.0008 0.0000 -0.0000 0.0001 0.0000 -0.0000 0.0000 0.0000 -0.0000 -0.0009 0.0000 -29.9996 0.0002 0.0001 29.9996 -0.0003 0.0001 -0.0000 0.0000 0.0000 179.8241 -0.9777 -4.0284 -5.0610 -14.9119 -7.8633 17.5065 73.5756 -22.1335 -0.0000 25.3510 0.0000 179.1933 8.8311 -4.9231 -0.0884 -9.1921 -0.0710 -9.3823 68.8028 8.6879 -0.0001 25.3508 0.0000
6.2533 96.7704 -3.6103 2.7480 4.1034 1.7963 -0.0666 1.4830 -0.4616 -0.0666 1.4833 -0.4617 -0.0669 1.4875 -0.4630 -87.2206 -9.7492 85.9471 125.6910 61.2248 -94.1386 35.1955 16.0504 15.9116 -1.9766 1.1995 -0.4310 0.0001 0.0000 0.0000 -0.0000 0.0000 0.0000 -0.0008 -0.0013 -0.0000 0.0001 -0.0004 0.0000 -0.0000 0.0000 0.0000 -0.0000 0.0000 0.0000 -0.0001 0.0002 0.0000 0.0003 -0.0006 0.0000 -0.0006 0.0004 0.0000 0.0001 0.0000 0.0000 -0.0000 0.0000 0.0000 -0.0002 -0.0010 -0.0000 30.0001 0.0002 -0.0001 -29.9998 0.0005 0.0002 -0.0000 0.0000 0.0000 0.1191 1.1620 1.6892 0.1191 1.1620 1.6892 87.1300 -16.2041 -85.4583 -132.8486 68.9635 100.8777 -25.6031 18.7162 -13.6636 1.3050 0.6524 0.2744 0.0001 -0.0001 0.0000 -0.0000 0.0000 0.0000 0.0003 -0.0006 0.0000 0.0001 -0.0001 0.0000 -0.0000 0.0000 0.0000 -0.0000 0.0000 0.0000 0.0001 0.0007 -0.0000 0.0001 -0.0012 0.0000 0.0003 -0.0008 0.0000 -0.0000 0.0001 0.0000 -0.0000 0.0000 0.0000 -0.0000 -0.0009 0.0000 -29.9996 0.0002 0.0001 29.9996 -0.0003 0.0001 -0.0000 0.0000 0.0000 179.8789 -0.9295 -4.0627 -5.0519 -14.9988 -7.8267 17.9631 73.6333 -22.5306 -0.0000 25.3511 0.0000 179.2217 8.7219 -4.8403 -0.0880 -9.0001 -0.0669 -9.0377 68.7163 8.3466 -0.0001 25.3508 0.0000
6.3965 96.7669 -3.6705 2.6431 4.0626 1.7440 -0.0518 1.4547 -0.4732 -0.0518 1.4550 -0.4733 -0.0519 1.4591 -0.4746 -87.2353 -9.8837 86.0064 126.0244 61.6836 -94.3832 34.5018 16.2493 16.2644 -1.9035 1.1663 -0.4166 0.0001 0.0000 0.0000 -0.0000 0.0000 0.0000 -0.0008 -0.0013 -0.0000 0.0001 -0.0004 0.0000 -0.0000 0.0000 0.0000 -0.0000 0.0000 0.0000 -0.0000 0.0002 0.0000 0.0003 -0.0006 0.0000 -0.0006 0.0004 0.0000 0.0001 0.0000 0.0000 -0.0000 0.0000 0.0000 -0.0002 -0.0010 -0.0000 30.0001 0.0002 -0.0001 -29.9998 0.0005 0.0002 -0.0000 0.0000 0.0000 0.1301 1.1204 1.7046 0.1301 1.1204 1.7046 87.1477 -16.1857 -85.5661 -133.3514 69.3799 101.1462 -24.9011 18.6007 -13.8583 1.2442 0.6349 0.2617 0.0001 -0.0001 0.0000 -0.0000 0.0000 0.0000 0.0003 -0.0006 0.0000 0.0001 -0.0001 0.0000 -0.0000 0.0000 0.0000 -0.0000 0.0000 0.0000 0.0001 0.0007 -0.0000 0.0001 -0.0012 0.0000 0.0003 -0.0008 0.0000 -0.0000 0.0001 0.0000 -0.0000 0.0000 0.0000 -0.0000 -0.0009 0.0000 -29.9996 0.0002 0.0001 29.9996 -0.0003 0.0001 -0.0000 0.0000 0.0000 179.9307 -0.8787 -4.0776 -5.0562 -15.0840 -7.8142 18.4348 73.6904 -22.9523 -0.0000 25.3510 0.0000 179.2264 8.6310 -4.7809 -0.0877 -8.8086 -0.0650 -8.6348 68.6169 7.9899 -0.0001 25.3508 0.0000
6.5585 96.7645 -3.7561 2.5477 4.0193 1.6687 -0.0426 1.4285 -0.4766 -0.0426 1.4288 -0.4767 -0.0427 1.4328 -0.4780 -87.2431 -9.9899 86.0517 126.2838 61.9754 -94.5680 33.9890 16.3649 16.5757 -1.8525 1.1456 -0.4063 0.0001 0.0000 0.0000 -0.0000 0.0000 0.0000 -0.0008 -0.0013 -0.0000 0.0001 -0.0004 0.0000 -0.0000 0.0000 0.0000 -0.0000 0.0000 0.0000 -0.0000 0.0003 0.0000 0.0003 -0.0006 0.0000 -0.0006 0.0004 0.0000 0.0001 0.0000 0.0000 -0.0000 0.0000 0.0000 -0.0002 -0.0010 -0.0000 30.0001 0.0002 -0.0001 -29.9998 0.0005 0.0002 -0.0000 0.0000 0.0000 0.1403 1.0894 1.7130 0.1403 1.0894 1.7130 87.1794 -16.1702 -85.6360 -133.8323 69.6283 101.4337 -24.3204 18.4574 -13.9866 1.2014 0.6213 0.2516 0.0001 -0.0001 0.0000 -0.0000 0.0000 0.0000 0.0003 -0.0006 0.0000 0.0001 -0.0001 0.0000 -0.0000 0.0000 0.0000 -0.0000 0.0000 0.0000 0.0001 0.0007 -0.0000 0.0001 -0.0012 0.0000 0.0003 -0.0008 0.0000 -0.0000 0.0001 0.0000 -0.0000 0.0000 0.0000 -0.0000 -0.0009 0.0000 -29.9997 0.0002 0.0001 29.9996 -0.0003 0.0001 -0.0000 0.0000 0.0000 179.9749 -0.8365 -4.0738 -5.0712 -15.1581 -7.8328 18.9027 73.7463 -23.3761 -0.0000 25.3510 0.0000 179.2128 8.5697 -4.7469 -0.0876 -8.6459 -0.0642 -8.2065 68.5152 7.6391 -0.0001 25.3508 0.0000
6.7213 96.7645 -3.8725 2.4715 3.9673 1.5640 -0.0435 1.4029 -0.4697 -0.0435 1.4032 -0.4698 -0.0435 1.4072 -0.4711 -87.2396 -10.0599 86.0695 126.4335 62.0026 -94.6786 33.7291 16.3673 16.8482 -1.8336 1.1437 -0.4019 0.0001 0.0000 0.0000 -0.0000 0.0000 0.0000 -0.0008 -0.0013 -0.0000 0.0001 -0.0004 0.0000 -0.0000 0.0000 0.0000 -0.0000 0.0000 0.0000 -0.0000 0.0002 0.0000 0.0003 -0.0006 0.0000 -0.0006 0.0004 0.0000 0.0001 0.0000 0.0000 -0.0000 0.0000 0.0000 -0.0002 -0.0010 -0.0000 30.0001 0.0002 -0.0001 -29.9998 0.0005 0.0002 -0.0000 0.0000 0.0000 0.1501 1.0883 1.7125 0.1501 1.0883 1.7125 87.2262 -16.1549 -85.6539 -134.2510 69.6685 101.7308 -24.0014 18.2968 -14.0326 1.1836 0.6139 0.2460 0.0001 -0.0001 0.0000 -0.0000 0.0000 0.0000 0.0003 -0.0006 0.0000 0.0001 -0.0001 0.0000 -0.0000 0.0000 0.0000 -0.0000 0.0000 0.0000 0.0001 0.0007 -0.0000 0.0001 -0.0012 0.0000 0.0003 -0.0008 0.0000 -0.0000 0.0001 0.0000 -0.0000 0.0000 0.0000 -0.0000 -0.0009 0.0000 -29.9996 0.0002 0.0001 29.9996 -0.0003 0.0001 -0.0000 0.0000 0.0000 179.9998 -0.8154 -4.0490 -5.0964 -15.2075 -7.8957 19.3481 73.7987 -23.7804 -0.0000 25.3510 0.0000 179.1836 8.5393 -4.7394 -0.0873 -8.5182 -0.0629 -7.7466 68.4138 7.2756 -0.0001 25.3508 0.0000
6.8711 96.7675 -3.9970 2.4109 3.9045 1.4450 -0.0522 1.3758 -0.4579 -0.0522 1.3760 -0.4580 -0.0523 1.3800 -0.4593 -87.2263 -10.1078 86.0642 126.4793 61.8253 -94.7149 33.6772 16.2994 17.0783 -1.8404 1.1567 -0.4026 0.0001 0.0000 0.0000 -0.0000 0.0000 0.0000 -0.0008 -0.0013 -0.0000 0.0001 -0.0004 0.0000 -0.0000 0.0000 0.0000 -0.0000 0.0000 0.0000 -0.0000 0.0002 0.0000 0.0003 -0.0006 0.0000 -0.0006 0.0004 0.0000 0.0001 0.0000 0.0000 -0.0000 0.0000 0.0000 -0.0002 -0.0010 -0.0000 30.0001 0.0003 -0.0002 -29.9998 0.0005 0.0002 -0.0000 0.0000 0.0000 0.1623 1.1237 1.7086 0.1623 1.1237 1.7086 87.2781 -16.1414 -85.6342 -134.5933 69.5555 102.0076 -23.9408 18.1354 -14.0294 1.1858 0.6121 0.2439 0.0001 -0.0001 0.0000 -0.0000 0.0000 0.0000 0.0003 -0.0006 0.0000 0.0001 -0.0001 0.0000 -0.0000 0.0000 0.0000 -0.0000 0.0000 0.0000 0.0001 0.0007 -0.0000 0.0001 -0.0012 0.0000 0.0003 -0.0008 0.0000 -0.0000 0.0001 0.0000 -0.0000 0.0000 0.0000 -0.0000 -0.0009 0.0000 -29.9996 0.0002 0.0001 29.9996 -0.0003 0.0001 -0.0000 0.0000 0.0000 -179.9916 -0.8129 -4.0214 -5.1239 -15.2349 -7.9732 19.7936 73.8465 -24.1825 -0.0000 25.3510 0.0000 179.1484 8.5157 -4.7331 -0.0872 -8.4133 -0.0613 -7.2607 68.3211 6.8841 -0.0001 25.3508 0.0000
7.0084 96.7714 -4.1253 2.3625 3.8317 1.3199 -0.0663 1.3471 -0.4441 -0.0663 1.3473 -0.4442 -0.0666 1.3512 -0.4455 -87.2113 -10.1340 86.0284 126.4081 61.4920 -94.6626 33.8058 16.1894 17.2557 -1.8687 1.1825 -0.4077 0.0001 0.0000 0.0000 -0.0000 0.0000 0.0000 -0.0008 -0.0013 -0.0000 0.0001 -0.0004 0.0000 -0.0000 0.0000 0.0000 -0.0000 0.0000 0.0000 -0.0000 0.0002 0.0000 0.0003 -0.0006 0.0000 -0.0006 0.0004 0.0000 0.0001 0.0000 0.0000 -0.0000 0.0000 0.0000 -0.0002 -0.0010 -0.0000 30.0001 0.0002 -0.0001 -29.9998 0.0005 0.0002 -0.0000 0.0000 0.0000 0.1761 1.1907 1.7043 0.1761 1.1907 1.7043 87.3303 -16.1319 -85.5821 -134.8179 69.2918 102.2172 -24.1383 17.9836 -13.9750 1.2076 0.6160 0.2456 0.0001 -0.0001 0.0000 -0.0000 0.0000 0.0000 0.0003 -0.0006 0.0000 0.0001 -0.0001 0.0000 -0.0000 0.0000 0.0000 -0.0000 0.0000 0.0000 0.0001 0.0007 -0.0000 0.0001 -0.0012 0.0000 0.0003 -0.0008 0.0000 -0.0000 0.0001 0.0000 -0.0000 0.0000 0.0000 -0.0000 -0.0009 0.0000 -29.9996 0.0002 0.0001 29.9996 -0.0003 0.0001 -0.0000 0.0000 0.0000 -179.9934 -0.8273 -3.9989 -5.1534 -15.2412 -8.0488 20.2582 73.8889 -24.6002 -0.0000 25.3510 0.0000 179.1092 8.4856 -4.7215 -0.0870 -8.3095 -0.0599 -6.7584 68.2272 6.4701 -0.0001 25.3508 0.0000
7.1262 96.7737 -4.2706 2.3192 3.7385 1.1888 -0.0830 1.3179 -0.4285 -0.0830 1.3181 -0.4286 -0.0833 1.3219 -0.4298 -87.1936 -10.1362 85.9645 126.1870 60.9986 -94.4927 34.2235 16.0309 17.3350 -1.9249 1.2236 -0.4189 0.0001 0.0000 0.0000 -0.0000 0.0000 0.0000 -0.0008 -0.0013 -0.0000 0.0001 -0.0004 0.0000 -0.0000 0.0000 0.0000 -0.0000 0.0000 0.0000 -0.0001 0.0002 0.0000 0.0003 -0.0006 0.0000 -0.0006 0.0004 0.0000 0.0001 0.0000 0.0000 -0.0000 0.0000 0.0000 -0.0002 -0.0010 -0.0000 30.0001 0.0002 -0.0001 -29.9998 0.0005 0.0002 -0.0000 0.0000 0.0000 0.1894 1.2955 1.7013 0.1894 1.2955 1.7013 87.3777 -16.1292 -85.4864 -134.8626 68.8307 102.3061 -24.6059 17.8620 -13.8656 1.2542 0.6278 0.2520 0.0001 -0.0001 0.0000 -0.0000 0.0000 0.0000 0.0003 -0.0006 0.0000 0.0001 -0.0001 0.0000 -0.0000 0.0000 0.0000 -0.0000 0.0000 0.0000 0.0001 0.0007 -0.0000 0.0001 -0.0012 0.0000 0.0003 -0.0008 0.0000 -0.0000 0.0001 0.0000 -0.0000 0.0000 0.0000 -0.0000 -0.0009 0.0000 -29.9997 0.0002 0.0001 29.9996 -0.0003 0.0001 -0.0000 0.0000 0.0000 179.9983 -0.8643 -3.9756 -5.1843 -15.2221 -8.1311 20.7585 73.9249 -25.0497 -0.0000 25.3510 0.0000 179.0791 8.4536 -4.7161 -0.0871 -8.2189 -0.0600 -6.2781 68.1261 6.0670 -0.0001 25.3508 0.0000
7.2147 96.7711 -4.4490 2.2743 3.6256 1.0567 -0.0989 1.2904 -0.4126 -0.0989 1.2907 -0.4126 -0.0991 1.2945 -0.4138 -87.1746 -10.1273 85.8792 125.8694 60.3915 -94.2314 34.8274 15.8385 17.2961 -2.0016 1.2747 -0.4346 0.0001 0.0000 0.0000 -0.0000 0.0000 0.0000 -0.0008 -0.0013 -0.0000 0.0001 -0.0004 0.0000 -0.0000 0.0000 0.0000 -0.0000 0.0000 0.0000 -0.0000 0.0002 0.0000 0.0003 -0.0006 0.0000 -0.0006 0.0004 0.0000 0.0001 0.0000 0.0000 -0.0000 0.0000 0.0000 -0.0002 -0.0010 -0.0000 30.0001 0.0002 -0.0001 -29.9998 0.0005 0.0002 -0.0000 0.0000 0.0000 0.1963 1.4212 1.6996 0.1963 1.4212 1.6996 87.4236 -16.1281 -85.3542 -134.7606 68.2420 102.2735 -25.2445 17.7572 -13.7299 1.3172 0.6456 0.2617 0.0001 -0.0001 0.0000 -0.0000 0.0000 0.0000 0.0003 -0.0006 0.0000 0.0001 -0.0001 0.0000 -0.0000 0.0000 0.0000 -0.0000 0.0000 0.0000 0.0001 0.0007 -0.0000 0.0001 -0.0012 0.0000 0.0003 -0.0008 0.0000 -0.0000 0.0001 0.0000 -0.0000 0.0000 0.0000 -0.0000 -0.0009 0.0000 -29.9996 0.0002 0.0001 29.9996 -0.0003 0.0001 -0.0000 0.0000 0.0000 179.9898 -0.9193 -3.9469 -5.2130 -15.1848 -8.2308 21.2529 73.9589 -25.4927 -0.0000 25.3510 0.0000 179.0724 8.4339 -4.7291 -0.0868 -8.1480 -0.0579 -5.8588 68.0054 5.7075 -0.0001 25.3508 0.0000
7.2955 96.7646 -4.6551 2.2261 3.4954 0.9279 -0.1143 1.2660 -0.3957 -0.1143 1.2662 -0.3958 -0.1146 1.2698 -0.3969 -87.1527 -10.1066 85.7793 125.4831 59.6873 -93.8893 35.5561 15.6118 17.1430 -2.0943 1.3332 -0.4538 0.0001 0.0000 0.0000 -0.0000 0.0000 0.0000 -0.0008 -0.0013 -0.0000 0.0001 -0.0004 0.0000 -0.0000 0.0000 0.0000 -0.0000 0.0000 0.0000 -0.0000 0.0002 0.0000 0.0003 -0.0006 0.0000 -0.0006 0.0004 0.0000 0.0001 0.0000 0.0000 -0.0000 0.0000 0.0000 -0.0002 -0.0010 -0.0000 30.0001 0.0002 -0.0001 -29.9998 0.0005 0.0002 -0.0000 0.0000 0.0000 0.1991 1.5604 1.6996 0.1991 1.5604 1.6996 87.4758 -16.1291 -85.1904 -134.5370 67.5646 102.1259 -26.0120 17.6587 -13.5561 1.3949 0.6688 0.2743 0.0001 -0.0001 0.0000 -0.0000 0.0000 0.0000 0.0003 -0.0006 0.0000 0.0001 -0.0001 0.0000 -0.0000 0.0000 0.0000 -0.0000 0.0000 0.0000 0.0001 0.0007 -0.0000 0.0001 -0.0012 0.0000 0.0003 -0.0008 0.0000 -0.0000 0.0001 0.0000 -0.0000 0.0000 0.0000 -0.0000 -0.0009 0.0000 -29.9997 0.0002 0.0001 29.9996 -0.0003 0.0001 -0.0000 0.0000 0.0000 179.9836 -0.9900 -3.9095 -5.2379 -15.1323 -8.3536 21.7066 73.9938 -25.8954 -0.0000 25.3510 0.0000 179.0765 8.4254 -4.7578 -0.0866 -8.0977 -0.0554 -5.4967 67.8688 5.4021 -0.0001 25.3508 0.0000
7.3964 96.7545 -4.8839 2.1733 3.3447 0.8131 -0.1304 1.2460 -0.3770 -0.1304 1.2463 -0.3770 -0.1307 1.2498 -0.3781 -87.1277 -10.0601 85.6686 125.0426 58.8862 -93.4549 36.3288 15.3427 16.8471 -2.1990 1.3958 -0.4754 0.0001 0.0000 0.0000 -0.0000 0.0000 0.0000 -0.0008 -0.0013 -0.0000 0.0001 -0.0004 0.0000 -0.0000 0.0000 0.0000 -0.0000 0.0000 0.0000 -0.0000 0.0002 0.0000 0.0003 -0.0006 0.0000 -0.0006 0.0004 0.0000 0.0001 0.0000 0.0000 -0.0000 0.0000 0.0000 -0.0002 -0.0010 -0.0000 30.0001 0.0002 -0.0001 -29.9998 0.0005 0.0002 -0.0000 0.0000 0.0000 0.1991 1.7055 1.6976 0.1991 1.7055 1.6976 87.5415 -16.1329 -84.9885 -134.1687 66.8085 101.8261 -26.8386 17.5756 -13.3033 1.4856 0.6959 0.2894 0.0001 -0.0001 0.0000 -0.0000 0.0000 0.0000 0.0003 -0.0006 0.0000 0.0001 -0.0001 0.0000 -0.0000 0.0000 0.0000 -0.0000 0.0000 0.0000 0.0001 0.0007 -0.0000 0.0001 -0.0012 0.0000 0.0003 -0.0008 0.0000 -0.0000 0.0001 0.0000 -0.0000 0.0000 0.0000 -0.0000 -0.0009 0.0000 -29.9996 0.0002 0.0001 29.9996 -0.0003 0.0001 -0.0000 0.0000 0.0000 179.9813 -1.0804 -3.8492 -5.2587 -15.0552 -8.5131 22.0752 74.0286 -26.2112 -0.0000 25.3510 0.0000 179.0732 8.4151 -4.7972 -0.0865 -8.0577 -0.0543 -5.1990 67.7121 5.1773 -0.0001 25.3508 0.0000
7.5278 96.7449 -5.1176 2.1169 3.1864 0.7164 -0.1463 1.2300 -0.3570 -0.1464 1.2302 -0.3570 -0.1468 1.2337 -0.3581 -87.1010 -9.9903 85.5626 124.6005 58.0405 -92.9742 37.1840 15.0303 16.4541 -2.3117 1.4610 -0.4989 0.0001 0.0000 0.0000 -0.0000 0.0000 0.0000 -0.0008 -0.0013 -0.0000 0.0001 -0.0004 0.0000 -0.0000 0.0000 0.0000 -0.0000 0.0000 0.0000 -0.0000 0.0002 0.0000 0.0003 -0.0006 0.0000 -0.0006 0.0004 0.0000 0.0001 0.0000 0.0000 -0.0000 0.0000 0.0000 -0.0002 -0.0010 -0.0000 30.0001 0.0002 -0.0001 -29.9998 0.0005 0.0002 -0.0000 0.0000 0.0000 0.1987 1.8402 1.6922 0.1987 1.8402 1.6922 87.6105 -16.1395 -84.7664 -133.7333 66.0328 101.4500 -27.6406 17.4886 -12.9851 1.5822 0.7244 0.3058 0.0001 -0.0001 0.0000 -0.0000 0.0000 0.0000 0.0003 -0.0006 0.0000 0.0001 -0.0001 0.0000 -0.0000 0.0000 0.0000 -0.0000 0.0000 0.0000 0.0001 0.0007 -0.0000 0.0001 -0.0012 0.0000 0.0003 -0.0008 0.0000 -0.0000 0.0001 0.0000 -0.0000 0.0000 0.0000 -0.0000 -0.0008 0.0000 -29.9997 0.0002 0.0001 29.9996 -0.0003 0.0001 -0.0000 0.0000 0.0000 179.9778 -1.1727 -3.7712 -5.2728 -14.9648 -8.6819 22.3991 74.0571 -26.4770 -0.0000 25.3510 0.0000 179.0515 8.3943 -4.8345 -0.0866 -8.0083 -0.0553 -4.9326 67.5413 5.0104 -0.0001 25.3508 0.0000
7.6736 96.7361 -5.3552 2.0574 3.0289 0.6382 -0.1621 1.2155 -0.3368 -0.1622 1.2157 -0.3368 -0.1627 1.2192 -0.3378 -87.0690 -9.9013 85.4674 124.1737 57.1643 -92.4665 38.0973 14.6643 16.0074 -2.4299 1.5283 -0.5235 0.0001 0.0000 0.0000 -0.0000 0.0000 0.0000 -0.0008 -0.0013 -0.0000 0.0001 -0.0004 0.0000 -0.0000 0.0000 0.0000 -0.0000 0.0000 0.0000 -0.0000 0.0002 0.0000 0.0003 -0.0006 0.0000 -0.0006 0.0004 0.0000 0.0001 0.0000 0.0000 -0.0000 0.0000 0.0000 -0.0002 -0.0010 -0.0000 30.0001 0.0002 -0.0001 -29.9998 0.0005 0.0002 -0.0000 0.0000 0.0000 0.1988 1.9607 1.6843 0.1988 1.9607 1.6843 87.6763 -16.1470 -84.5384 -133.2701 65.2551 101.0369 -28.5054 17.3801 -12.6277 1.6867 0.7556 0.3235 0.0001 -0.0001 0.0000 -0.0000 0.0000 0.0000 0.0003 -0.0006 0.0000 0.0001 -0.0001 0.0000 -0.0000 0.0000 0.0000 -0.0000 0.0000 0.0000 0.0001 0.0007 -0.0000 0.0001 -0.0011 0.0000 0.0003 -0.0008 0.0000 -0.0000 0.0001 0.0000 -0.0000 0.0000 0.0000 -0.0000 -0.0008 0.0000 -29.9996 0.0002 0.0001 29.9996 -0.0003 0.0001 -0.0000 0.0000 0.0000 179.9742 -1.2522 -3.6902 -5.2791 -14.8740 -8.8348 22.7132 74.0774 -26.7266 -0.0000 25.3511 0.0000 179.0208 8.3679 -4.8689 -0.0866 -7.9435 -0.0563 -4.6986 67.3560 4.8985 -0.0001 25.3508 0.0000
7.8162 96.7266 -5.6072 1.9896 2.8834 0.5889 -0.1743 1.2023 -0.3183 -0.1743 1.2025 -0.3183 -0.1747 1.2060 -0.3192 -87.0340 -9.7874 85.3793 123.7730 56.2615 -91.9325 38.9114 14.2652 15.5174 -2.5443 1.5928 -0.5470 0.0001 0.0000 0.0000 -0.0000 0.0000 0.0000 -0.0008 -0.0013 -0.0000 0.0001 -0.0004 0.0000 -0.0000 0.0000 0.0000 -0.0000 0.0000 0.0000 -0.0001 0.0002 0.0000 0.0003 -0.0006 0.0000 -0.0006 0.0004 0.0000 0.0001 0.0000 0.0000 -0.0000 0.0000 0.0000 -0.0002 -0.0010 -0.0000 30.0001 0.0002 -0.0001 -29.9998 0.0005 0.0002 -0.0000 0.0000 0.0000 0.1956 2.0509 1.6770 0.1956 2.0509 1.6770 87.7272 -16.1563 -84.3150 -132.8102 64.4996 100.6107 -29.4133 17.2541 -12.2660 1.7955 0.7890 0.3422 0.0001 -0.0001 0.0000 -0.0000 0.0000 0.0000 0.0003 -0.0006 0.0000 0.0001 -0.0001 0.0000 -0.0000 0.0000 0.0000 -0.0000 0.0000 0.0000 0.0001 0.0007 -0.0000 0.0001 -0.0012 0.0000 0.0003 -0.0008 0.0000 -0.0000 0.0001 0.0000 -0.0000 0.0000 0.0000 -0.0000 -0.0009 0.0000 -29.9996 0.0002 0.0001 29.9996 -0.0003 0.0001 -0.0000 0.0000 0.0000 179.9781 -1.2929 -3.6272 -5.2751 -14.8018 -8.9345 23.0656 74.0867 -27.0044 -0.0000 25.3510 0.0000 178.9949 8.3478 -4.9026 -0.0865 -7.8543 -0.0563 -4.5236 67.1454 4.8722 -0.0001 25.3508 0.0000
7.9517 96.7167 -5.8739 1.9110 2.7534 0.5596 -0.1808 1.1909 -0.3014 -0.1808 1.1911 -0.3014 -0.1813 1.1945 -0.3023 -86.9947 -9.6547 85.3018 123.4414 55.4257 -91.4532 39.7660 13.8432 15.0290 -2.6548 1.6540 -0.5697 0.0001 0.0000 0.0000 -0.0000 0.0000 0.0000 -0.0008 -0.0013 -0.0000 0.0001 -0.0004 0.0000 -0.0000 0.0000 0.0000 -0.0000 0.0000 0.0000 -0.0000 0.0002 0.0000 0.0003 -0.0007 0.0000 -0.0006 0.0004 0.0000 0.0001 0.0000 0.0000 -0.0000 0.0000 0.0000 -0.0002 -0.0010 -0.0000 30.0001 0.0002 -0.0001 -29.9998 0.0005 0.0002 -0.0000 0.0000 0.0000 0.1872 2.1102 1.6737 0.1872 2.1102 1.6737 87.7605 -16.1655 -84.1082 -132.3602 63.7776 100.1924 -30.3097 17.1273 -11.9234 1.9079 0.8266 0.3623 0.0001 -0.0001 0.0000 -0.0000 0.0000 0.0000 0.0003 -0.0006 0.0000 0.0001 -0.0001 0.0000 -0.0000 0.0000 0.0000 -0.0000 0.0000 0.0000 0.0001 0.0007 -0.0000 0.0001 -0.0012 0.0000 0.0003 -0.0008 0.0000 -0.0000 0.0001 0.0000 -0.0000 0.0000 0.0000 -0.0000 -0.0009 0.0000 -29.9997 0.0002 0.0001 29.9996 -0.0003 0.0001 -0.0000 0.0000 0.0000 179.9915 -1.2928 -3.5877 -5.2661 -14.7547 -8.9877 23.4821 74.0882 -27.3363 -0.0000 25.3510 0.0000 178.9799 8.3446 -4.9427 -0.0865 -7.7523 -0.0562 -4.4009 66.9205 4.9242 -0.0001 25.3508 0.0000
8.0846 96.7048 -6.1425 1.8220 2.6368 0.5433 -0.1810 1.1836 -0.2864 -0.1810 1.1838 -0.2864 -0.1816 1.1872 -0.2873 -86.9546 -9.5122 85.2323 123.1620 54.6570 -91.0258 40.6393 13.4187 14.5591 -2.7608 1.7115 -0.5915 0.0001 0.0000 0.0000 -0.0000 0.0000 0.0000 -0.0008 -0.0013 -0.0000 0.0001 -0.0004 0.0000 -0.0000 0.0000 0.0000 -0.0000 0.0000 0.0000 -0.0000 0.0002 0.0000 0.0003 -0.0006 0.0000 -0.0006 0.0004 0.0000 0.0001 0.0000 0.0000 -0.0000 0.0000 0.0000 -0.0002 -0.0010 -0.0000 30.0001 0.0002 -0.0001 -29.9998 0.0005 0.0002 -0.0000 0.0000 0.0000 0.1732 2.1398 1.6758 0.1732 2.1398 1.6758 87.7794 -16.1705 -83.9180 -131.9098 63.0989 99.7760 -31.1983 17.0055 -11.6032 2.0199 0.8661 0.3830 0.0001 -0.0001 0.0000 -0.0000 0.0000 0.0000 0.0003 -0.0006 0.0000 0.0001 -0.0001 0.0000 -0.0000 0.0000 0.0000 -0.0000 0.0000 0.0000 0.0001 0.0007 -0.0000 0.0001 -0.0012 0.0000 0.0003 -0.0008 0.0000 -0.0000 0.0001 0.0000 -0.0000 0.0000 0.0000 -0.0000 -0.0009 0.0000 -29.9996 0.0002 0.0001 29.9996 -0.0003 0.0001 -0.0000 0.0000 0.0000 -179.9858 -1.2627 -3.5727 -5.2555 -14.7258 -9.0075 23.9509 74.0828 -27.7094 -0.0000 25.3510 0.0000 178.9741 8.3495 -4.9924 -0.0864 -7.6410 -0.0557 -4.3181 66.6936 5.0390 -0.0001 25.3508 0.0000
8.2283 96.6899 -6.4004 1.7204 2.5348 0.5395 -0.1736 1.1838 -0.2744 -0.1736 1.1839 -0.2744 -0.1741 1.1874 -0.2751 -86.9114 -9.3660 85.1804 123.0696 54.0738 -90.7526 41.5636 13.0083 14.1736 -2.8089 1.6728 -0.5807 0.0001 0.0000 0.0000 -0.0000 0.0000 0.0000 -0.0008 -0.0013 -0.0000 0.0001 -0.0004 0.0000 -0.0000 0.0000 0.0000 -0.0000 0.0000 0.0000 -0.0000 0.0002 0.0000 0.0003 -0.0006 0.0000 -0.0006 0.0004 0.0000 0.0001 0.0000 0.0000 -0.0000 0.0000 0.0000 -0.0002 -0.0010 -0.0000 30.0001 0.0002 -0.0001 -29.9998 0.0005 0.0002 -0.0000 0.0000 0.0000 0.1549 2.1333 1.6866 0.1549 2.1333 1.6866 87.7846 -16.1640 -83.7585 -131.4570 62.5038 99.3711 -32.1264 16.8986 -11.3460 2.1275 0.9065 0.4037 0.0001 -0.0001 0.0000 -0.0000 0.0000 0.0000 0.0003 -0.0006 0.0000 0.0001 -0.0001 0.0000 -0.0000 0.0000 0.0000 -0.0000 0.0000 0.0000 0.0001 0.0007 -0.0000 0.0001 -0.0012 0.0000 0.0003 -0.0008 0.0000 -0.0000 0.0001 0.0000 -0.0000 0.0000 0.0000 -0.0000 -0.0009 0.0000 -29.9996 0.0002 0.0001 29.9996 -0.0003 0.0001 -0.0000 0.0000 0.0000 -179.9479 -1.2079 -3.5938 -5.2474 -14.7101 -9.0106 24.4170 74.0745 -28.0643 -0.0000 25.3510 0.0000 178.9716 8.3665 -5.0498 -0.0864 -7.5433 -0.0564 -4.2664 66.4896 5.2167 -0.0001 25.3508 0.0000
8.3824 96.6715 -6.6488 1.6178 2.4391 0.5427 -0.1637 1.1887 -0.2647 -0.1637 1.1889 -0.2647 -0.1641 1.1923 -0.2655 -86.8701 -9.2234 85.1460 123.0324 53.6035 -90.5733 42.3103 12.6633 13.9194 -2.8391 1.6322 -0.5671 0.0001 0.0000 0.0000 -0.0000 0.0000 0.0000 -0.0008 -0.0013 -0.0000 0.0001 -0.0004 0.0000 -0.0000 0.0000 0.0000 -0.0000 0.0000 0.0000 -0.0000 0.0002 0.0000 0.0003 -0.0006 0.0000 -0.0006 0.0004 0.0000 0.0001 0.0000 0.0000 -0.0000 0.0000 0.0000 -0.0002 -0.0010 -0.0000 30.0001 0.0002 -0.0001 -29.9998 0.0005 0.0002 -0.0000 0.0000 0.0000 0.1388 2.1103 1.7015 0.1388 2.1103 1.7015 87.7845 -16.1513 -83.6266 -131.0402 62.0029 99.0082 -32.8998 16.8278 -11.1828 2.2187 0.9441 0.4220 0.0001 -0.0001 0.0000 -0.0000 0.0000 0.0000 0.0003 -0.0006 0.0000 0.0001 -0.0001 0.0000 -0.0000 0.0000 0.0000 -0.0000 0.0000 0.0000 0.0001 0.0007 -0.0000 0.0001 -0.0012 0.0000 0.0003 -0.0008 0.0000 -0.0000 0.0001 0.0000 -0.0000 0.0000 0.0000 -0.0000 -0.0009 0.0000 -29.9997 0.0002 0.0001 29.9996 -0.0003 0.0001 -0.0000 0.0000 0.0000 -179.9058 -1.1560 -3.6346 -5.2346 -14.6969 -9.0273 24.8104 74.0792 -28.3451 -0.0000 25.3510 0.0000 178.9644 8.4014 -5.1013 -0.0865 -7.4838 -0.0593 -4.2258 66.3182 5.4189 -0.0001 25.3508 0.0000
8.5257 96.6501 -6.8927 1.5190 2.3474 0.5516 -0.1542 1.1953 -0.2564 -0.1542 1.1955 -0.2564 -0.1547 1.1989 -0.2572 -86.8311 -9.0850 85.1287 123.0450 53.2363 -90.4786 43.0210 12.3548 13.7787 -2.8624 1.5986 -0.5543 0.0001 0.0000 0.0000 -0.0000 0.0000 0.0000 -0.0008 -0.0013 -0.0000 0.0001 -0.0004 0.0000 -0.0000 0.0000 0.0000 -0.0000 0.0000 0.0000 -0.0000 0.0002 0.0000 0.0003 -0.0006 0.0000 -0.0006 0.0004 0.0000 0.0001 0.0000 0.0000 -0.0000 0.0000 0.0000 -0.0002 -0.0010 -0.0000 30.0001 0.0002 -0.0001 -29.9998 0.0005 0.0002 -0.0000 0.0000 0.0000 0.1289 2.0835 1.7160 0.1289 2.0835 1.7160 87.7831 -16.1391 -83.5246 -130.6704 61.5989 98.6945 -33.4998 16.7793 -11.0932 2.2921 0.9767 0.4372 0.0001 -0.0001 0.0000 -0.0000 0.0000 0.0000 0.0003 -0.0006 0.0000 0.0001 -0.0001 0.0000 -0.0000 0.0000 0.0000 -0.0000 0.0000 0.0000 0.0001 0.0007 -0.0000 0.0001 -0.0012 0.0000 0.0003 -0.0008 0.0000 -0.0000 0.0001 0.0000 -0.0000 0.0000 0.0000 -0.0000 -0.0009 0.0000 -29.9997 0.0002 0.0001 29.9996 -0.0003 0.0001 -0.0000 0.0000 0.0000 -179.8683 -1.1154 -3.6867 -5.2133 -14.6745 -9.0624 25.1081 74.0959 -28.5299 -0.0000 25.3510 0.0000 178.9616 8.4602 -5.1378 -0.0868 -7.4713 -0.0629 -4.1852 66.1793 5.6121 -0.0001 25.3508 0.0000
8.6208 96.6297 -7.1236 1.4302 2.2594 0.5667 -0.1481 1.1998 -0.2489 -0.1481 1.2000 -0.2490 -0.1485 1.2034 -0.2497 -86.7973 -8.9603 85.1395 123.1069 53.0343 -90.4902 43.5315 12.1423 13.7935 -2.8723 1.5792 -0.5448 0.0001 0.0000 0.0000 -0.0000 0.0000 0.0000 -0.0008 -0.0013 -0.0000 0.0001 -0.0004 0.0000 -0.0000 0.0000 0.0000 -0.0000 0.0000 0.0000 -0.0001 0.0002 0.0000 0.0003 -0.0006 0.0000 -0.0006 0.0004 0.0000 0.0001 0.0000 0.0000 -0.0000 0.0000 0.0000 -0.0002 -0.0010 -0.0000 30.0001 0.0002 -0.0001 -29.9998 0.0005 0.0002 -0.0000 0.0000 0.0000 0.1321 2.0676 1.7238 0.1321 2.0676 1.7238 87.7832 -16.1383 -83.4746 -130.3802 61.3587 98.4648 -33.8615 16.7723 -11.0979 2.3366 0.9993 0.4472 0.0001 -0.0001 0.0000 -0.0000 0.0000 0.0000 0.0003 -0.0006 0.0000 0.0001 -0.0001 0.0000 -0.0000 0.0000 0.0000 -0.0000 0.0000 0.0000 0.0001 0.0007 -0.0000 0.0001 -0.0012 0.0000 0.0003 -0.0008 0.0000 -0.0000 0.0001 0.0000 -0.0000 0.0000 0.0000 -0.0000 -0.0008 0.0000 -29.9997 0.0002 0.0001 29.9996 -0.0003 0.0001 -0.0000 0.0000 0.0000 -179.8444 -1.0958 -3.7426 -5.1802 -14.6311 -9.1151 25.3132 74.1288 -28.6202 -0.0000 25.3510 0.0000 178.9816 8.5466 -5.1465 -0.0870 -7.5248 -0.0648 -4.1483 66.0872 5.7706 -0.0001 25.3508 0.0000
8.6820 96.6118 -7.3305 1.3487 2.1739 0.5855 -0.1433 1.2017 -0.2431 -0.1433 1.2019 -0.2431 -0.1436 1.2053 -0.2438 -86.7743 -8.8598 85.1631 123.1852 52.9780 -90.5731 43.8256 12.0336 13.8993 -2.8723 1.5720 -0.5392 0.0001 0.0000 0.0000 -0.0000 0.0000 0.0000 -0.0008 -0.0013 -0.0000 0.0001 -0.0004 0.0000 -0.0000 0.0000 0.0000 -0.0000 0.0000 0.0000 -0.0001 0.0002 0.0000 0.0003 -0.0007 0.0000 -0.0006 0.0004 0.0000 0.0001 0.0000 0.0000 -0.0000 0.0000 0.0000 -0.0002 -0.0010 -0.0000 30.0001 0.0002 -0.0001 -29.9998 0.0005 0.0002 -0.0000 0.0000 0.0000 0.1435 2.0618 1.7256 0.1435 2.0618 1.7256 87.7806 -16.1485 -83.4612 -130.1770 61.2675 98.3352 -33.9941 16.8220 -11.1747 2.3545 1.0115 0.4521 0.0001 -0.0001 0.0000 -0.0000 0.0000 0.0000 0.0003 -0.0006 0.0000 0.0001 -0.0001 0.0000 -0.0000 0.0000 0.0000 -0.0000 0.0000 0.0000 0.0001 0.0007 -0.0000 0.0001 -0.0012 0.0000 0.0003 -0.0008 0.0000 -0.0000 0.0001 0.0000 -0.0000 0.0000 0.0000 -0.0000 -0.0009 0.0000 -29.9997 0.0002 0.0001 29.9996 -0.0003 0.0001 -0.0000 0.0000 0.0000 -179.8309 -1.0875 -3.7922 -5.1386 -14.5723 -9.1606 25.5027 74.1626 -28.6978 -0.0000 25.3510 0.0000 179.0152 8.6281 -5.1306 -0.0871 -7.5948 -0.0655 -4.1061 66.0212 5.8904 -0.0001 25.3508 0.0000
8.7375 96.5964 -7.5206 1.2696 2.0913 0.6060 -0.1383 1.2012 -0.2385 -0.1383 1.2014 -0.2385 -0.1387 1.2048 -0.2392 -86.7598 -8.7859 85.1960 123.2786 53.0529 -90.7213 43.9160 12.0223 14.0646 -2.8640 1.5750 -0.5375 0.0001 0.0000 0.0000 -0.0000 0.0000 0.0000 -0.0008 -0.0013 -0.0000 0.0001 -0.0004 0.0000 -0.0000 0.0000 0.0000 -0.0000 0.0000 0.0000 -0.0001 0.0002 0.0000 0.0003 -0.0006 0.0000 -0.0006 0.0004 0.0000 0.0001 0.0000 0.0000 -0.0000 0.0000 0.0000 -0.0002 -0.0010 -0.0000 30.0001 0.0002 -0.0001 -29.9998 0.0005 0.0002 -0.0000 0.0000 0.0000 0.1608 2.0584 1.7219 0.1608 2.0584 1.7219 87.7710 -16.1712 -83.4784 -130.0671 61.3106 98.3150 -33.9196 16.9277 -11.3251 2.3478 1.0139 0.4526 0.0001 -0.0001 0.0000 -0.0000 0.0000 0.0000 0.0003 -0.0006 0.0000 0.0001 -0.0001 0.0000 -0.0000 0.0000 0.0000 -0.0000 0.0000 0.0000 0.0001 0.0007 -0.0000 0.0001 -0.0012 0.0000 0.0003 -0.0008 0.0000 -0.0000 0.0001 0.0000 -0.0000 0.0000 0.0000 -0.0000 -0.0009 0.0000 -29.9996 0.0002 0.0001 29.9996 -0.0003 0.0001 -0.0000 0.0000 0.0000 -179.8237 -1.0805 -3.8369 -5.0860 -14.5128 -9.1854 25.7207 74.1944 -28.8127 -0.0000 25.3510 0.0000 179.0486 8.6997 -5.1010 -0.0871 -7.6621 -0.0661 -4.0533 65.9673 5.9915 -0.0001 25.3508 0.0000
8.8220 96.5791 -7.7015 1.1846 2.0118 0.6277 -0.1297 1.1993 -0.2363 -0.1297 1.1995 -0.2363 -0.1301 1.2031 -0.2370 -86.7585 -8.7502 85.2373 123.3843 53.3188 -90.9480 43.7073 12.1536 14.2770 -2.8443 1.5916 -0.5417 0.0001 0.0000 0.0000 -0.0000 0.0000 0.0000 -0.0008 -0.0013 -0.0000 0.0001 -0.0004 0.0000 -0.0000 0.0000 0.0000 -0.0000 0.0000 0.0000 -0.0000 0.0002 0.0000 0.0003 -0.0006 0.0000 -0.0006 0.0004 0.0000 0.0001 0.0000 0.0000 -0.0000 0.0000 0.0000 -0.0002 -0.0010 -0.0000 30.0001 0.0002 -0.0001 -29.9998 0.0005 0.0002 -0.0000 0.0000 0.0000 0.1831 2.0504 1.7125 0.1831 2.0504 1.7125 87.7513 -16.2065 -83.5380 -130.0778 61.5425 98.4385 -33.5572 17.1117 -11.5905 2.3071 1.0036 0.4468 0.0001 -0.0001 0.0000 -0.0000 0.0000 0.0000 0.0003 -0.0006 0.0000 0.0001 -0.0001 0.0000 -0.0000 0.0000 0.0000 -0.0000 0.0000 0.0000 0.0001 0.0007 -0.0000 0.0001 -0.0012 0.0000 0.0003 -0.0008 0.0000 -0.0000 0.0001 0.0000 -0.0000 0.0000 0.0000 -0.0000 -0.0009 0.0000 -29.9997 0.0002 0.0001 29.9996 -0.0003 0.0001 -0.0000 0.0000 0.0000 -179.8186 -1.0664 -3.8746 -5.0229 -14.4558 -9.1806 25.9985 74.2155 -28.9923 -0.0000 25.3510 0.0000 179.0674 8.7578 -5.0662 -0.0873 -7.7083 -0.0686 -3.9779 65.9127 6.0883 -0.0001 25.3508 0.0000
8.9353 96.5577 -7.8820 1.0917 1.9341 0.6540 -0.1163 1.2007 -0.2382 -0.1163 1.2009 -0.2382 -0.1167 1.2043 -0.2389 -86.7681 -8.7387 85.2795 123.4669 53.7345 -91.2100 43.2742 12.4144 14.4917 -2.8167 1.6178 -0.5513 0.0001 0.0000 0.0000 -0.0000 0.0000 0.0000 -0.0008 -0.0013 -0.0000 0.0001 -0.0004 0.0000 -0.0000 0.0000 0.0000 -0.0000 0.0000 0.0000 -0.0000 0.0002 0.0000 0.0003 -0.0006 0.0000 -0.0006 0.0004 0.0000 0.0001 0.0000 0.0000 -0.0000 0.0000 0.0000 -0.0002 -0.0010 -0.0000 30.0001 0.0002 -0.0001 -29.9998 0.0005 0.0002 -0.0000 0.0000 0.0000 0.2045 2.0234 1.7016 0.2045 2.0234 1.7016 87.7271 -16.2405 -83.6183 -130.1540 61.9235 98.6343 -32.9961 17.3483 -11.9390 2.2420 0.9851 0.4368 0.0001 -0.0001 0.0000 -0.0000 0.0000 0.0000 0.0003 -0.0006 0.0000 0.0001 -0.0001 0.0000 -0.0000 0.0000 0.0000 -0.0000 0.0000 0.0000 0.0001 0.0007 -0.0000 0.0001 -0.0011 0.0000 0.0003 -0.0008 0.0000 -0.0000 0.0001 0.0000 -0.0000 0.0000 0.0000 -0.0000 -0.0009 0.0000 -29.9997 0.0002 0.0001 29.9996 -0.0003 0.0001 -0.0000 0.0000 0.0000 -179.8080 -1.0513 -3.9078 -4.9577 -14.4000 -9.1608 26.3127 74.2301 -29.2092 -0.0000 25.3510 0.0000 179.0754 8.8145 -5.0364 -0.0877 -7.7500 -0.0725 -3.8985 65.8591 6.1996 -0.0001 25.3508 0.0000
9.0566 96.5339 -8.0613 0.9932 1.8576 0.6873 -0.0989 1.2061 -0.2456 -0.0989 1.2063 -0.2456 -0.0992 1.2098 -0.2463 -86.7866 -8.7474 85.3229 123.5118 54.2624 -91.4803 42.6546 12.7856 14.7049 -2.7827 1.6521 -0.5653 0.0001 0.0000 0.0000 -0.0000 0.0000 0.0000 -0.0008 -0.0013 -0.0000 0.0001 -0.0004 0.0000 -0.0000 0.0000 0.0000 -0.0000 0.0000 0.0000 -0.0000 0.0002 0.0000 0.0003 -0.0006 0.0000 -0.0006 0.0004 0.0000 0.0001 0.0000 0.0000 -0.0000 0.0000 0.0000 -0.0002 -0.0010 -0.0000 30.0001 0.0002 -0.0001 -29.9998 0.0005 0.0002 -0.0000 0.0000 0.0000 0.2235 1.9722 1.6913 0.2235 1.9722 1.6913 87.7009 -16.2689 -83.7085 -130.2758 62.4343 98.8661 -32.2908 17.6178 -12.3476 2.1581 0.9605 0.4238 0.0001 -0.0001 0.0000 -0.0000 0.0000 0.0000 0.0003 -0.0006 0.0000 0.0001 -0.0001 0.0000 -0.0000 0.0000 0.0000 -0.0000 0.0000 0.0000 0.0001 0.0007 -0.0000 0.0001 -0.0012 0.0000 0.0003 -0.0008 0.0000 -0.0000 0.0001 0.0000 -0.0000 0.0000 0.0000 -0.0000 -0.0009 0.0000 -29.9997 0.0002 0.0001 29.9996 -0.0003 0.0001 -0.0000 0.0000 0.0000 -179.7917 -1.0446 -3.9399 -4.8901 -14.3398 -9.1399 26.6086 74.2468 -29.4094 -0.0000 25.3510 0.0000 179.0849 8.8830 -5.0128 -0.0879 -7.8171 -0.0766 -3.8375 65.8201 6.3326 -0.0001 25.3508 0.0000
9.1548 96.5039 -8.2339 0.8884 1.7845 0.7332 -0.0770 1.2165 -0.2605 -0.0770 1.2167 -0.2605 -0.0772 1.2202 -0.2613 -86.8123 -8.7847 85.3690 123.5116 54.9040 -91.7172 41.7909 13.2703 14.9163 -2.7398 1.6974 -0.5842 0.0001 0.0000 0.0000 -0.0000 0.0000 0.0000 -0.0008 -0.0013 -0.0000 0.0001 -0.0004 0.0000 -0.0000 0.0000 0.0000 -0.0000 0.0000 0.0000 -0.0000 0.0002 0.0000 0.0003 -0.0006 0.0000 -0.0006 0.0004 0.0000 0.0001 0.0000 0.0000 -0.0000 0.0000 0.0000 -0.0002 -0.0010 -0.0000 30.0001 0.0002 -0.0001 -29.9998 0.0005 0.0002 -0.0000 0.0000 0.0000 0.2423 1.8866 1.6821 0.2423 1.8866 1.6821 87.6741 -16.2844 -83.8129 -130.4462 63.1142 99.1116 -31.4391 17.9177 -12.8019 2.0525 0.9288 0.4073 0.0001 -0.0001 0.0000 -0.0000 0.0000 0.0000 0.0003 -0.0006 0.0000 0.0001 -0.0001 0.0000 -0.0000 0.0000 0.0000 -0.0000 0.0000 0.0000 0.0001 0.0007 -0.0000 0.0001 -0.0012 0.0000 0.0003 -0.0008 0.0000 -0.0000 0.0001 0.0000 -0.0000 0.0000 0.0000 -0.0000 -0.0009 0.0000 -29.9996 0.0002 0.0001 29.9996 -0.0003 0.0001 -0.0000 0.0000 0.0000 -179.7703 -1.0594 -3.9785 -4.8151 -14.2638 -9.1290 26.8109 74.2716 -29.5168 -0.0000 25.3510 0.0000 179.1190 8.9783 -5.0021 -0.0882 -7.9425 -0.0794 -3.8351 65.8111 6.5036 -0.0001 25.3508 0.0000
9.2265 96.4755 -8.3893 0.7822 1.7197 0.7921 -0.0546 1.2264 -0.2798 -0.0546 1.2266 -0.2799 -0.0548 1.2301 -0.2807 -86.8384 -8.8370 85.4206 123.6419 55.7369 -91.9961 40.8137 13.8202 15.1278 -2.6368 1.6504 -0.5724 0.0001 0.0000 0.0000 -0.0000 0.0000 0.0000 -0.0008 -0.0013 -0.0000 0.0001 -0.0004 0.0000 -0.0000 0.0000 0.0000 -0.0000 0.0000 0.0000 -0.0000 0.0002 0.0000 0.0003 -0.0006 0.0000 -0.0006 0.0004 0.0000 0.0001 0.0000 0.0000 -0.0000 0.0000 0.0000 -0.0002 -0.0010 -0.0000 30.0001 0.0002 -0.0001 -29.9998 0.0005 0.0002 -0.0000 0.0000 0.0000 0.2662 1.7863 1.6699 0.2662 1.7863 1.6699 87.6538 -16.2895 -83.9319 -130.6277 63.9178 99.3258 -30.5319 18.2332 -13.2210 1.9354 0.8913 0.3890 0.0001 -0.0001 0.0000 -0.0000 0.0000 0.0000 0.0003 -0.0006 0.0000 0.0001 -0.0001 0.0000 -0.0000 0.0000 0.0000 -0.0000 0.0000 0.0000 0.0001 0.0007 -0.0000 0.0001 -0.0011 0.0000 0.0003 -0.0008 0.0000 -0.0000 0.0001 0.0000 -0.0000 0.0000 0.0000 -0.0000 -0.0009 0.0000 -29.9996 0.0002 0.0001 29.9996 -0.0003 0.0001 -0.0000 0.0000 0.0000 -179.7493 -1.0868 -4.0244 -4.7362 -14.1711 -9.1186 26.9873 74.3075 -29.5906 -0.0000 25.3510 0.0000 179.1741 9.0875 -4.9981 -0.0884 -8.1044 -0.0807 -3.8915 65.8272 6.7073 -0.0001 25.3508 0.0000
9.2864 96.4475 -8.5248 0.6752 1.6668 0.8655 -0.0326 1.2332 -0.3010 -0.0326 1.2334 -0.3010 -0.0327 1.2370 -0.3019 -86.8638 -8.8990 85.4780 123.8391 56.6633 -92.2787 39.7610 14.4049 15.3441 -2.5101 1.5733 -0.5508 0.0001 0.0000 0.0000 -0.0000 0.0000 0.0000 -0.0008 -0.0013 -0.0000 0.0001 -0.0004 0.0000 -0.0000 0.0000 0.0000 -0.0000 0.0000 0.0000 -0.0000 0.0002 0.0000 0.0003 -0.0006 0.0000 -0.0006 0.0004 0.0000 0.0001 0.0000 0.0000 -0.0000 0.0000 0.0000 -0.0002 -0.0010 -0.0000 30.0001 0.0002 -0.0001 -29.9998 0.0005 0.0002 -0.0000 0.0000 0.0000 0.2967 1.6798 1.6519 0.2967 1.6798 1.6519 87.6411 -16.2919 -84.0612 -130.8050 64.8235 99.5091 -29.5998 18.5783 -13.5787 1.8125 0.8492 0.3700 0.0001 -0.0001 0.0000 -0.0000 0.0000 0.0000 0.0003 -0.0006 0.0000 0.0001 -0.0001 0.0000 -0.0000 0.0000 0.0000 -0.0000 0.0000 0.0000 0.0001 0.0007 -0.0000 0.0001 -0.0011 0.0000 0.0003 -0.0008 0.0000 -0.0000 0.0001 0.0000 -0.0000 0.0000 0.0000 -0.0000 -0.0008 0.0000 -29.9996 0.0002 0.0001 29.9996 -0.0003 0.0001 -0.0000 0.0000 0.0000 -179.7267 -1.1171 -4.0769 -4.6566 -14.0653 -9.0967 27.1778 74.3489 -29.6710 -0.0000 25.3510 0.0000 179.2363 9.1889 -4.9901 -0.0886 -8.2551 -0.0815 -3.9758 65.8480 6.9209 -0.0001 25.3508 0.0000
9.3495 96.4238 -8.6364 0.5621 1.6366 0.9621 -0.0101 1.2324 -0.3227 -0.0101 1.2326 -0.3227 -0.0101 1.2361 -0.3237 -86.8858 -8.9733 85.5392 124.0842 57.6428 -92.5347 38.6548 15.0181 15.5808 -2.3741 1.4938 -0.5282 0.0001 0.0000 0.0000 -0.0000 0.0000 0.0000 -0.0008 -0.0013 -0.0000 0.0001 -0.0004 0.0000 -0.0000 0.0000 0.0000 -0.0000 0.0000 0.0000 -0.0000 0.0002 0.0000 0.0003 -0.0006 0.0000 -0.0006 0.0004 0.0000 0.0001 0.0000 0.0000 -0.0000 0.0000 0.0000 -0.0002 -0.0010 -0.0000 30.0001 0.0002 -0.0001 -29.9998 0.0005 0.0002 -0.0000 0.0000 0.0000 0.3372 1.5675 1.6230 0.3372 1.5675 1.6230 87.6346 -16.2998 -84.2032 -130.9753 65.8378 99.6648 -28.7004 18.9866 -13.8410 1.6927 0.8070 0.3525 0.0001 -0.0001 0.0000 -0.0000 0.0000 0.0000 0.0003 -0.0006 0.0000 0.0001 -0.0001 0.0000 -0.0000 0.0000 0.0000 -0.0000 0.0000 0.0000 0.0001 0.0007 -0.0000 0.0001 -0.0012 0.0000 0.0003 -0.0008 0.0000 -0.0000 0.0001 0.0000 -0.0000 0.0000 0.0000 -0.0000 -0.0009 0.0000 -29.9996 0.0002 0.0001 29.9996 -0.0003 0.0001 -0.0000 0.0000 0.0000 -179.6947 -1.1364 -4.1393 -4.5742 -13.9507 -9.0512 27.4246 74.3996 -29.8019 -0.0000 25.3510 0.0000 179.2982 9.2750 -4.9578 -0.0887 -8.3645 -0.0828 -4.0519 65.8621 7.1108 -0.0001 25.3508 0.0000
9.4201 96.3978 -8.7421 0.4344 1.6243 1.0747 0.0155 1.2246 -0.3438 0.0155 1.2248 -0.3439 0.0156 1.2284 -0.3448 -86.9054 -9.0637 85.6041 124.3819 58.6154 -92.7734 37.5564 15.6249 15.8400 -2.2378 1.4165 -0.5056 0.0001 0.0000 0.0000 -0.0000 0.0000 0.0000 -0.0008 -0.0013 -0.0000 0.0001 -0.0004 0.0000 -0.0000 0.0000 0.0000 -0.0000 0.0000 0.0000 -0.0000 0.0002 0.0000 0.0003 -0.0006 0.0000 -0.0006 0.0004 0.0000 0.0001 0.0000 0.0000 -0.0000 0.0000 0.0000 -0.0002 -0.0010 -0.0000 30.0001 0.0002 -0.0001 -29.9998 0.0005 0.0002 -0.0000 0.0000 0.0000 0.3856 1.4580 1.5886 0.3856 1.4580 1.5886 87.6308 -16.3183 -84.3578 -131.2006 66.8930 99.8610 -27.8670 19.4261 -14.0218 1.5777 0.7629 0.3356 0.0001 -0.0001 0.0000 -0.0000 0.0000 0.0000 0.0003 -0.0006 0.0000 0.0001 -0.0001 0.0000 -0.0000 0.0000 0.0000 -0.0000 0.0000 0.0000 0.0001 0.0007 -0.0000 0.0001 -0.0012 0.0000 0.0003 -0.0008 0.0000 -0.0000 0.0001 0.0000 -0.0000 0.0000 0.0000 -0.0000 -0.0009 0.0000 -29.9996 0.0002 0.0001 29.9996 -0.0003 0.0001 -0.0000 0.0000 0.0000 -179.6516 -1.1424 -4.2083 -4.4857 -13.8303 -8.9974 27.7153 74.4589 -29.9717 -0.0000 25.3510 0.0000 179.3672 9.3723 -4.9092 -0.0889 -8.4707 -0.0837 -4.1179 65.8758 7.2854 -0.0001 25.3508 0.0000
9.4978 96.3656 -8.8479 0.2937 1.6256 1.2022 0.0438 1.2120 -0.3682 0.0438 1.2122 -0.3682 0.0439 1.2157 -0.3693 -86.9227 -9.1732 85.6708 124.7383 59.5925 -93.0225 36.5371 16.2177 16.1196 -2.1057 1.3425 -0.4838 0.0001 0.0000 0.0000 -0.0000 0.0000 0.0000 -0.0008 -0.0013 -0.0000 0.0001 -0.0004 0.0000 -0.0000 0.0000 0.0000 -0.0000 0.0000 0.0000 -0.0000 0.0003 0.0000 0.0003 -0.0006 0.0000 -0.0006 0.0004 0.0000 0.0001 0.0000 0.0000 -0.0000 0.0000 0.0000 -0.0002 -0.0010 -0.0000 30.0001 0.0002 -0.0001 -29.9998 0.0005 0.0002 -0.0000 0.0000 0.0000 0.4393 1.3492 1.5559 0.4393 1.3492 1.5559 87.6286 -16.3380 -84.5214 -131.4877 67.9493 100.1114 -27.1110 19.8845 -14.1302 1.4703 0.7189 0.3195 0.0001 -0.0001 0.0000 -0.0000 0.0000 0.0000 0.0003 -0.0006 0.0000 0.0001 -0.0001 0.0000 -0.0000 0.0000 0.0000 -0.0000 0.0000 0.0000 0.0001 0.0007 -0.0000 0.0001 -0.0012 0.0000 0.0003 -0.0008 0.0000 -0.0000 0.0001 0.0000 -0.0000 0.0000 0.0000 -0.0000 -0.0008 0.0000 -29.9996 0.0002 0.0001 29.9996 -0.0003 0.0001 -0.0000 0.0000 0.0000 -179.5999 -1.1384 -4.2805 -4.3930 -13.6997 -8.9392 28.0435 74.5201 -30.1728 -0.0000 25.3510 0.0000 179.4435 9.4909 -4.8550 -0.0890 -8.5940 -0.0841 -4.1929 65.8969 7.4713 -0.0001 25.3508 0.0000
9.5897 96.3277 -8.9554 0.1440 1.6405 1.3555 0.0743 1.1975 -0.4029 0.0743 1.1977 -0.4030 0.0746 1.2011 -0.4041 -86.9396 -9.3072 85.7285 125.1558 60.4932 -93.2882 35.6704 16.7664 16.4098 -1.9874 1.2772 -0.4641 0.0001 0.0000 0.0000 -0.0000 0.0000 0.0000 -0.0008 -0.0013 -0.0000 0.0001 -0.0004 0.0000 -0.0000 0.0000 0.0000 -0.0000 0.0000 0.0000 -0.0000 0.0002 0.0000 0.0003 -0.0006 0.0000 -0.0006 0.0004 0.0000 0.0001 0.0000 0.0000 -0.0000 0.0000 0.0000 -0.0002 -0.0010 -0.0000 30.0001 0.0002 -0.0001 -29.9998 0.0005 0.0002 -0.0000 0.0000 0.0000 0.4929 1.2347 1.5338 0.4929 1.2347 1.5338 87.6280 -16.3623 -84.6814 -131.8689 68.9368 100.4515 -26.4675 20.3483 -14.1501 1.3766 0.6771 0.3053 0.0001 -0.0001 0.0000 -0.0000 0.0000 0.0000 0.0003 -0.0006 0.0000 0.0001 -0.0001 0.0000 -0.0000 0.0000 0.0000 -0.0000 0.0000 0.0000 0.0001 0.0007 -0.0000 0.0001 -0.0011 0.0000 0.0003 -0.0008 0.0000 -0.0000 0.0001 0.0000 -0.0000 0.0000 0.0000 -0.0000 -0.0009 0.0000 -29.9997 0.0002 0.0001 29.9996 -0.0003 0.0001 -0.0000 0.0000 0.0000 -179.5423 -1.1238 -4.3414 -4.2973 -13.5512 -8.8947 28.3812 74.5795 -30.3749 -0.0000 25.3510 0.0000 179.5181 9.6368 -4.7997 -0.0892 -8.7475 -0.0849 -4.3036 65.9331 7.7052 -0.0001 25.3508 0.0000
9.6876 96.2878 -9.0703 -0.0024 1.6588 1.5260 0.1058 1.1838 -0.4488 0.1058 1.1840 -0.4488 0.1061 1.1874 -0.4501 -86.9562 -9.4590 85.7773 125.5784 61.2895 -93.5683 34.9780 17.2540 16.7094 -1.8881 1.2229 -0.4475 0.0001 0.0000 0.0000 -0.0000 0.0000 0.0000 -0.0008 -0.0013 -0.0000 0.0001 -0.0004 0.0000 -0.0000 0.0000 0.0000 -0.0000 0.0000 0.0000 -0.0001 0.0002 0.0000 0.0003 -0.0006 0.0000 -0.0006 0.0004 0.0000 0.0001 0.0000 0.0000 -0.0000 0.0000 0.0000 -0.0002 -0.0010 -0.0000 30.0001 0.0002 -0.0001 -29.9998 0.0005 0.0002 -0.0000 0.0000 0.0000 0.5363 1.1141 1.5271 0.5363 1.1141 1.5271 87.6271 -16.3888 -84.8338 -132.3201 69.7860 100.8671 -25.9149 20.7808 -14.1716 1.2983 0.6411 0.2930 0.0001 -0.0001 0.0000 -0.0000 0.0000 0.0000 0.0003 -0.0006 0.0000 0.0001 -0.0001 0.0000 -0.0000 0.0000 0.0000 -0.0000 0.0000 0.0000 0.0001 0.0007 -0.0000 0.0001 -0.0012 0.0000 0.0003 -0.0008 0.0000 -0.0000 0.0001 0.0000 -0.0000 0.0000 0.0000 -0.0000 -0.0009 0.0000 -29.9997 0.0002 0.0001 29.9996 -0.0003 0.0001 -0.0000 0.0000 0.0000 -179.4917 -1.1176 -4.3764 -4.1944 -13.3759 -8.8859 28.6661 74.6409 -30.5227 -0.0000 25.3510 0.0000 179.5831 9.7911 -4.7476 -0.0895 -8.9045 -0.0869 -4.4511 65.9665 7.9842 -0.0001 25.3508 0.0000
9.7777 96.2516 -9.1954 -0.1389 1.6790 1.7048 0.1356 1.1705 -0.5023 0.1356 1.1707 -0.5024 0.1360 1.1741 -0.5038 -86.9657 -9.6159 85.8216 125.9990 61.9738 -93.8664 34.4465 17.6847 16.9761 -1.8071 1.1774 -0.4339 0.0001 0.0000 0.0000 -0.0000 0.0000 0.0000 -0.0008 -0.0013 -0.0000 0.0001 -0.0004 0.0000 -0.0000 0.0000 0.0000 -0.0000 0.0000 0.0000 -0.0000 0.0002 0.0000 0.0003 -0.0006 0.0000 -0.0006 0.0004 0.0000 0.0001 0.0000 0.0000 -0.0000 0.0000 0.0000 -0.0002 -0.0010 -0.0000 30.0001 0.0002 -0.0001 -29.9998 0.0005 0.0002 -0.0000 0.0000 0.0000 0.5701 0.9923 1.5323 0.5701 0.9923 1.5323 87.6282 -16.4176 -84.9751 -132.8138 70.4835 101.3286 -25.4438 21.1631 -14.1989 1.2344 0.6109 0.2827 0.0001 -0.0001 0.0000 -0.0000 0.0000 0.0000 0.0003 -0.0006 0.0000 0.0001 -0.0001 0.0000 -0.0000 0.0000 0.0000 -0.0000 0.0000 0.0000 0.0001 0.0007 -0.0000 0.0001 -0.0012 0.0000 0.0003 -0.0008 0.0000 -0.0000 0.0001 0.0000 -0.0000 0.0000 0.0000 -0.0000 -0.0008 0.0000 -29.9997 0.0002 0.0001 29.9996 -0.0003 0.0001 -0.0000 0.0000 0.0000 -179.4573 -1.1268 -4.3846 -4.0820 -13.1670 -8.9131 28.8839 74.7031 -30.6034 -0.0000 25.3511 0.0000 179.6418 9.9497 -4.7030 -0.0897 -9.0550 -0.0887 -4.6357 65.9889 8.2985 -0.0001 25.3508 0.0000
9.8380 96.2222 -9.3274 -0.2535 1.7008 1.8849 0.1593 1.1578 -0.5612 0.1593 1.1580 -0.5613 0.1599 1.1613 -0.5629 -86.9603 -9.7639 85.8601 126.3942 62.4649 -94.1740 34.1747 18.0110 17.1684 -1.7538 1.1458 -0.4251 0.0001 0.0000 0.0000 -0.0000 0.0000 0.0000 -0.0008 -0.0013 -0.0000 0.0001 -0.0004 0.0000 -0.0000 0.0000 0.0000 -0.0000 0.0000 0.0000 -0.0000 0.0002 0.0000 0.0003 -0.0006 0.0000 -0.0006 0.0004 0.0000 0.0001 0.0000 0.0000 -0.0000 0.0000 0.0000 -0.0002 -0.0010 -0.0000 30.0001 0.0003 -0.0002 -29.9998 0.0005 0.0002 -0.0000 0.0000 0.0000 0.5923 0.8769 1.5487 0.5923 0.8769 1.5487 87.6331 -16.4483 -85.0849 -133.2719 70.9388 101.7730 -25.1135 21.4691 -14.2033 1.1927 0.5889 0.2758 0.0001 -0.0001 0.0000 -0.0000 0.0000 0.0000 0.0003 -0.0006 0.0000 0.0001 -0.0001 0.0000 -0.0000 0.0000 0.0000 -0.0000 0.0000 0.0000 0.0001 0.0007 -0.0000 0.0001 -0.0012 0.0000 0.0003 -0.0008 0.0000 -0.0000 0.0001 0.0000 -0.0000 0.0000 0.0000 -0.0000 -0.0008 0.0000 -29.9996 0.0002 0.0001 29.9996 -0.0003 0.0001 -0.0000 0.0000 0.0000 -179.4547 -1.1524 -4.3544 -3.9548 -12.9091 -8.9701 29.0432 74.7513 -30.6279 -0.0000 25.3510 0.0000 179.6961 10.0894 -4.6685 -0.0897 -9.1557 -0.0881 -4.8532 65.9790 8.6287 -0.0001 25.3508 0.0000
9.8768 96.2008 -9.4557 -0.3507 1.7228 2.0575 0.1763 1.1451 -0.6156 0.1764 1.1453 -0.6157 0.1769 1.1486 -0.6174 -86.9373 -9.8760 85.8871 126.7170 62.7692 -94.4622 34.1098 18.2499 17.3090 -1.7243 1.1275 -0.4208 0.0001 0.0000 0.0000 -0.0000 0.0000 0.0000 -0.0008 -0.0013 -0.0000 0.0001 -0.0004 0.0000 -0.0000 0.0000 0.0000 -0.0000 0.0000 0.0000 -0.0000 0.0002 0.0000 0.0003 -0.0006 0.0000 -0.0006 0.0004 0.0000 0.0001 0.0000 0.0000 -0.0000 0.0000 0.0000 -0.0002 -0.0010 -0.0000 30.0001 0.0002 -0.0001 -29.9998 0.0005 0.0002 -0.0000 0.0000 0.0000 0.6093 0.7802 1.5637 0.6093 0.7802 1.5637 87.6413 -16.4854 -85.1560 -133.6333 71.1850 102.1309 -24.9281 21.7013 -14.1537 1.1700 0.5737 0.2721 0.0001 -0.0001 0.0000 -0.0000 0.0000 0.0000 0.0003 -0.0006 0.0000 0.0001 -0.0001 0.0000 -0.0000 0.0000 0.0000 -0.0000 0.0000 0.0000 0.0001 0.0007 -0.0000 0.0001 -0.0012 0.0000 0.0003 -0.0008 0.0000 -0.0000 0.0001 0.0000 -0.0000 0.0000 0.0000 -0.0000 -0.0009 0.0000 -29.9996 0.0002 0.0001 29.9996 -0.0003 0.0001 -0.0000 0.0000 0.0000 -179.4757 -1.1780 -4.2898 -3.8195 -12.6222 -9.0302 29.2212 74.7745 -30.6763 -0.0000 25.3510 0.0000 179.7420 10.1835 -4.6329 -0.0895 -9.1660 -0.0854 -5.0539 65.9231 8.9266 -0.0001 25.3508 0.0000
9.9105 96.1850 -9.5881 -0.4396 1.7421 2.2202 0.1892 1.1310 -0.6617 0.1892 1.1313 -0.6618 0.1898 1.1345 -0.6636 -86.9042 -9.9529 85.9077 126.9352 62.8901 -94.6920 34.2030 18.4172 17.4083 -1.7155 1.1214 -0.4206 0.0001 0.0000 0.0000 -0.0000 0.0000 0.0000 -0.0008 -0.0013 -0.0000 0.0001 -0.0004 0.0000 -0.0000 0.0000 0.0000 -0.0000 0.0000 0.0000 -0.0000 0.0002 0.0000 0.0003 -0.0006 0.0000 -0.0006 0.0004 0.0000 0.0001 0.0000 0.0000 -0.0000 0.0000 0.0000 -0.0002 -0.0010 -0.0000 30.0001 0.0002 -0.0001 -29.9998 0.0005 0.0002 -0.0000 0.0000 0.0000 0.6239 0.7102 1.5719 0.6239 0.7102 1.5719 87.6515 -16.5295 -85.1931 -133.8794 71.2539 102.3827 -24.8934 21.8618 -14.0559 1.1639 0.5645 0.2713 0.0001 -0.0001 0.0000 -0.0000 0.0000 0.0000 0.0003 -0.0006 0.0000 0.0001 -0.0001 0.0000 -0.0000 0.0000 0.0000 -0.0000 0.0000 0.0000 0.0001 0.0007 -0.0000 0.0001 -0.0012 0.0000 0.0003 -0.0008 0.0000 -0.0000 0.0001 0.0000 -0.0000 0.0000 0.0000 -0.0000 -0.0009 0.0000 -29.9996 0.0002 0.0001 29.9996 -0.0003 0.0001 -0.0000 0.0000 0.0000 -179.5081 -1.2033 -4.1941 -3.6780 -12.3161 -9.0960 29.4029 74.7799 -30.7369 -0.0000 25.3510 0.0000 179.7763 10.2251 -4.5902 -0.0893 -9.0749 -0.0819 -5.2094 65.8151 9.1718 -0.0001 25.3508 0.0000
9.9516 96.1656 -9.7464 -0.5147 1.7499 2.3642 0.1931 1.1154 -0.6912 0.1931 1.1156 -0.6913 0.1937 1.1187 -0.6934 -86.8595 -9.9750 85.9196 126.9570 62.7438 -94.7678 34.4977 18.4795 17.4283 -1.7344 1.1326 -0.4263 0.0001 0.0000 0.0000 -0.0000 0.0000 0.0000 -0.0008 -0.0013 -0.0000 0.0001 -0.0004 0.0000 -0.0000 0.0000 0.0000 -0.0000 0.0000 0.0000 -0.0000 0.0003 0.0000 0.0003 -0.0006 0.0000 -0.0006 0.0004 0.0000 0.0001 0.0000 0.0000 -0.0000 0.0000 0.0000 -0.0002 -0.0010 -0.0000 30.0001 0.0002 -0.0001 -29.9998 0.0005 0.0002 -0.0000 0.0000 0.0000 0.6426 0.6964 1.5661 0.6426 0.6964 1.5661 87.6656 -16.5778 -85.1772 -133.9368 71.0979 102.4553 -25.1151 21.9162 -13.8697 1.1815 0.5640 0.2746 0.0001 -0.0001 0.0000 -0.0000 0.0000 0.0000 0.0003 -0.0006 0.0000 0.0001 -0.0001 0.0000 -0.0000 0.0000 0.0000 -0.0000 0.0000 0.0000 0.0001 0.0007 -0.0000 0.0001 -0.0012 0.0000 0.0003 -0.0008 0.0000 -0.0000 0.0001 0.0000 -0.0000 0.0000 0.0000 -0.0000 -0.0008 0.0000 -29.9996 0.0002 0.0001 29.9996 -0.0003 0.0001 -0.0000 0.0000 0.0000 -179.5555 -1.2288 -4.0682 -3.5300 -11.9938 -9.1737 29.5389 74.7687 -30.7663 -0.0000 25.3510 0.0000 179.7804 10.2019 -4.5399 -0.0888 -8.8527 -0.0781 -5.2804 65.6304 9.3372 -0.0001 25.3508 0.0000
10.0006 96.1457 -9.9428 -0.5786 1.7408 2.5016 0.1886 1.1007 -0.7101 0.1886 1.1009 -0.7102 0.1892 1.1039 -0.7122 -86.8167 -9.9666 85.9161 126.8099 62.3978 -94.6737 34.9269 18.4507 17.3844 -1.7742 1.1578 -0.4368 0.0001 0.0000 0.0000 -0.0000 0.0000 0.0000 -0.0008 -0.0013 -0.0000 0.0001 -0.0004 0.0000 -0.0000 0.0000 0.0000 -0.0000 0.0000 0.0000 -0.0000 0.0002 0.0000 0.0003 -0.0006 0.0000 -0.0006 0.0004 0.0000 0.0001 0.0000 0.0000 -0.0000 0.0000 0.0000 -0.0002 -0.0010 -0.0000 30.0001 0.0002 -0.0001 -29.9998 0.0005 0.0002 -0.0000 0.0000 0.0000 0.6699 0.7336 1.5508 0.6699 0.7336 1.5508 87.6814 -16.6226 -85.1128 -133.8779 70.7924 102.4141 -25.5406 21.8848 -13.5822 1.2174 0.5693 0.2814 0.0001 -0.0001 0.0000 -0.0000 0.0000 0.0000 0.0003 -0.0006 0.0000 0.0001 -0.0001 0.0000 -0.0000 0.0000 0.0000 -0.0000 0.0000 0.0000 0.0001 0.0007 -0.0000 0.0001 -0.0012 0.0000 0.0003 -0.0008 0.0000 -0.0000 0.0001 0.0000 -0.0000 0.0000 0.0000 -0.0000 -0.0009 0.0000 -29.9996 0.0002 0.0001 29.9996 -0.0003 0.0001 -0.0000 0.0000 0.0000 -179.6077 -1.2497 -3.9250 -3.3889 -11.6730 -9.2625 29.5894 74.7491 -30.7214 -0.0000 25.3511 0.0000 179.7559 10.1585 -4.4819 -0.0883 -8.5883 -0.0748 -5.2995 65.4083 9.4629 -0.0001 25.3508 0.0000
10.0530 96.1257 -10.1696 -0.6323 1.7139 2.6402 0.1773 1.0872 -0.7228 0.1773 1.0874 -0.7229 0.1778 1.0904 -0.7250 -86.7801 -9.9410 85.8949 126.5392 61.8975 -94.4456 35.4563 18.3403 17.2893 -1.8306 1.1946 -0.4509 0.0001 0.0000 0.0000 -0.0000 0.0000 0.0000 -0.0008 -0.0013 -0.0000 0.0001 -0.0004 0.0000 -0.0000 0.0000 0.0000 -0.0000 0.0000 0.0000 -0.0000 0.0002 0.0000 0.0003 -0.0006 0.0000 -0.0006 0.0004 0.0000 0.0001 0.0000 0.0000 -0.0000 0.0000 0.0000 -0.0002 -0.0010 -0.0000 30.0001 0.0002 -0.0001 -29.9998 0.0005 0.0002 -0.0000 0.0000 0.0000 0.7045 0.8128 1.5306 0.7045 0.8128 1.5306 87.6980 -16.6602 -85.0131 -133.7482 70.3774 102.3038 -26.1249 21.7762 -13.2163 1.2678 0.5788 0.2905 0.0001 -0.0001 0.0000 -0.0000 0.0000 0.0000 0.0003 -0.0006 0.0000 0.0001 -0.0001 0.0000 -0.0000 0.0000 0.0000 -0.0000 0.0000 0.0000 0.0001 0.0007 -0.0000 0.0001 -0.0012 0.0000 0.0003 -0.0008 0.0000 -0.0000 0.0001 0.0000 -0.0000 0.0000 0.0000 -0.0000 -0.0008 0.0000 -29.9997 0.0002 0.0001 29.9996 -0.0003 0.0001 -0.0000 0.0000 0.0000 -179.6588 -1.2733 -3.7641 -3.2623 -11.3503 -9.3575 29.5605 74.7184 -30.6060 -0.0000 25.3511 0.0000 179.7108 10.1115 -4.4192 -0.0880 -8.3198 -0.0725 -5.3012 65.1683 9.5797 -0.0001 25.3508 0.0000
10.0958 96.1146 -10.4268 -0.6681 1.6610 2.7881 0.1573 1.0759 -0.7309 0.1573 1.0761 -0.7310 0.1578 1.0792 -0.7331 -86.7579 -9.9051 85.8503 126.1688 61.2192 -94.0931 36.0769 18.1158 17.1048 -1.9067 1.2430 -0.4686 0.0001 0.0000 0.0000 -0.0000 0.0000 0.0000 -0.0008 -0.0013 -0.0000 0.0001 -0.0004 0.0000 -0.0000 0.0000 0.0000 -0.0000 0.0000 0.0000 -0.0000 0.0003 0.0000 0.0003 -0.0006 0.0000 -0.0006 0.0004 0.0000 0.0001 0.0000 0.0000 -0.0000 0.0000 0.0000 -0.0002 -0.0010 -0.0000 30.0001 0.0003 -0.0002 -29.9998 0.0005 0.0002 -0.0000 0.0000 0.0000 0.7460 0.9406 1.5081 0.7460 0.9406 1.5081 87.7154 -16.6839 -84.8767 -133.5550 69.8563 102.1459 -26.9026 21.5740 -12.7862 1.3354 0.5936 0.3022 0.0001 -0.0001 0.0000 -0.0000 0.0000 0.0000 0.0003 -0.0006 0.0000 0.0001 -0.0001 0.0000 -0.0000 0.0000 0.0000 -0.0000 0.0000 0.0000 0.0001 0.0007 -0.0000 0.0001 -0.0012 0.0000 0.0003 -0.0008 0.0000 -0.0000 0.0001 0.0000 -0.0000 0.0000 0.0000 -0.0000 -0.0009 0.0000 -29.9996 0.0002 0.0001 29.9996 -0.0003 0.0001 -0.0000 0.0000 0.0000 -179.7142 -1.3039 -3.5755 -3.1510 -11.0249 -9.4542 29.4222 74.6698 -30.3942 -0.0000 25.3510 0.0000 179.6480 10.0705 -4.3482 -0.0878 -8.0745 -0.0715 -5.3120 64.9200 9.7026 -0.0001 25.3508 0.0000
10.1305 96.1056 -10.6981 -0.6847 1.5901 2.9439 0.1309 1.0686 -0.7364 0.1309 1.0688 -0.7365 0.1313 1.0719 -0.7386 -86.7475 -9.8621 85.7899 125.8112 60.4542 -93.7301 36.6664 17.8249 16.8600 -1.9900 1.2941 -0.4868 0.0001 0.0000 0.0000 -0.0000 0.0000 0.0000 -0.0008 -0.0013 -0.0000 0.0001 -0.0004 0.0000 -0.0000 0.0000 0.0000 -0.0000 0.0000 0.0000 -0.0000 0.0002 0.0000 0.0003 -0.0006 0.0000 -0.0006 0.0004 0.0000 0.0001 0.0000 0.0000 -0.0000 0.0000 0.0000 -0.0002 -0.0010 -0.0000 30.0001 0.0002 -0.0001 -29.9998 0.0005 0.0002 -0.0000 0.0000 0.0000 0.7884 1.0818 1.4858 0.7884 1.0818 1.4858 87.7344 -16.6963 -84.7163 -133.2767 69.2327 101.9253 -27.7263 21.3246 -12.3347 1.4154 0.6121 0.3160 0.0001 -0.0001 0.0000 -0.0000 0.0000 0.0000 0.0003 -0.0006 0.0000 0.0001 -0.0001 0.0000 -0.0000 0.0000 0.0000 -0.0000 0.0000 0.0000 0.0001 0.0007 -0.0000 0.0001 -0.0012 0.0000 0.0003 -0.0008 0.0000 -0.0000 0.0001 0.0000 -0.0000 0.0000 0.0000 -0.0000 -0.0009 0.0000 -29.9996 0.0002 0.0001 29.9996 -0.0003 0.0001 -0.0000 0.0000 0.0000 -179.7830 -1.3410 -3.3836 -3.0424 -10.6948 -9.5195 29.2425 74.5967 -30.1511 -0.0000 25.3510 0.0000 179.5813 10.0218 -4.2711 -0.0874 -7.8342 -0.0696 -5.3398 64.6671 9.8242 -0.0001 25.3508 0.0000
10.1586 96.0969 -10.9779 -0.6871 1.5070 3.1030 0.1009 1.0668 -0.7389 0.1011 1.0670 -0.7389 0.1013 1.0701 -0.7411 -86.7475 -9.8120 85.7167 125.4996 59.6392 -93.3981 37.2916 17.4618 16.5445 -2.0817 1.3469 -0.5054 0.0001 0.0000 0.0000 -0.0000 0.0000 0.0000 -0.0008 -0.0013 -0.0000 0.0001 -0.0004 0.0000 -0.0000 0.0000 0.0000 -0.0000 0.0000 0.0000 -0.0000 0.0002 0.0000 0.0003 -0.0006 0.0000 -0.0006 0.0004 0.0000 0.0001 0.0000 0.0000 -0.0000 0.0000 0.0000 -0.0002 -0.0010 -0.0000 30.0001 0.0002 -0.0001 -29.9998 0.0005 0.0002 -0.0000 0.0000 0.0000 0.8284 1.2164 1.4631 0.8284 1.2164 1.4631 87.7531 -16.6982 -84.5350 -132.9504 68.5534 101.6823 -28.5608 21.0482 -11.8730 1.5046 0.6330 0.3311 0.0001 -0.0001 0.0000 -0.0000 0.0000 0.0000 0.0003 -0.0006 0.0000 0.0001 -0.0001 0.0000 -0.0000 0.0000 0.0000 -0.0000 0.0000 0.0000 0.0001 0.0007 -0.0000 0.0001 -0.0012 0.0000 0.0003 -0.0008 0.0000 -0.0000 0.0001 0.0000 -0.0000 0.0000 0.0000 -0.0000 -0.0008 0.0000 -29.9997 0.0002 0.0001 29.9996 -0.0003 0.0001 -0.0000 0.0000 0.0000 -179.8684 -1.3785 -3.1935 -2.9296 -10.3625 -9.5436 29.0791 74.4934 -29.9309 -0.0000 25.3510 0.0000 179.5128 9.9639 -4.1862 -0.0871 -7.5930 -0.0668 -5.3697 64.4120 9.9309 -0.0001 25.3508 0.0000
10.1981 96.0897 -11.2827 -0.6771 1.4105 3.2581 0.0697 1.0760 -0.7334 0.0697 1.0761 -0.7335 0.0698 1.0792 -0.7356 -86.7598 -9.7451 85.6271 125.2785 58.8045 -93.1457 37.9454 17.0140 16.1725 -2.1798 1.3989 -0.5230 0.0001 0.0000 0.0000 -0.0000 0.0000 0.0000 -0.0008 -0.0013 -0.0000 0.0001 -0.0004 0.0000 -0.0000 0.0000 0.0000 -0.0000 0.0000 0.0000 -0.0000 0.0002 0.0000 0.0003 -0.0006 0.0000 -0.0006 0.0004 0.0000 0.0001 0.0000 0.0000 -0.0000 0.0000 0.0000 -0.0002 -0.0010 -0.0000 30.0001 0.0002 -0.0001 -29.9998 0.0005 0.0002 -0.0000 0.0000 0.0000 0.8608 1.3164 1.4371 0.8608 1.3164 1.4371 87.7711 -16.6931 -84.3324 -132.5887 67.8379 101.4345 -29.3927 20.7578 -11.4230 1.6018 0.6563 0.3472 0.0001 -0.0001 0.0000 -0.0000 0.0000 0.0000 0.0003 -0.0006 0.0000 0.0001 -0.0001 0.0000 -0.0000 0.0000 0.0000 -0.0000 0.0000 0.0000 0.0001 0.0007 -0.0000 0.0001 -0.0012 0.0000 0.0003 -0.0008 0.0000 -0.0000 0.0001 0.0000 -0.0000 0.0000 0.0000 -0.0000 -0.0008 0.0000 -29.9996 0.0002 0.0001 29.9996 -0.0003 0.0001 -0.0000 0.0000 0.0000 -179.9704 -1.4174 -3.0097 -2.8091 -10.0217 -9.5041 28.9670 74.3306 -29.7701 -0.0000 25.3510 0.0000 179.4359 9.8991 -4.0905 -0.0869 -7.3510 -0.0644 -5.3772 64.1519 10.0008 -0.0001 25.3508 0.0000
10.2505 96.0830 -11.6120 -0.6598 1.3032 3.3985 0.0383 1.0978 -0.7200 0.0383 1.0980 -0.7201 0.0385 1.1011 -0.7222 -86.7776 -9.6651 85.5275 125.1368 58.0182 -92.9678 38.5953 16.5263 15.8187 -2.2761 1.4486 -0.5388 0.0001 0.0000 0.0000 -0.0000 0.0000 0.0000 -0.0008 -0.0013 -0.0000 0.0001 -0.0004 0.0000 -0.0000 0.0000 0.0000 -0.0000 0.0000 0.0000 -0.0000 0.0002 0.0000 0.0003 -0.0006 0.0000 -0.0006 0.0004 0.0000 0.0001 0.0000 0.0000 -0.0000 0.0000 0.0000 -0.0002 -0.0010 -0.0000 30.0001 0.0002 -0.0001 -29.9998 0.0005 0.0002 -0.0000 0.0000 0.0000 0.8800 1.3709 1.4169 0.8800 1.3709 1.4169 87.7930 -16.6877 -84.1264 -132.2056 67.1220 101.1576 -30.2064 20.4610 -10.9874 1.7031 0.6809 0.3639 0.0001 -0.0001 0.0000 -0.0000 0.0000 0.0000 0.0003 -0.0006 0.0000 0.0001 -0.0001 0.0000 -0.0000 0.0000 0.0000 -0.0000 0.0000 0.0000 0.0001 0.0007 -0.0000 0.0001 -0.0011 0.0000 0.0003 -0.0008 0.0000 -0.0000 0.0001 0.0000 -0.0000 0.0000 0.0000 -0.0000 -0.0009 0.0000 -29.9996 0.0002 0.0001 29.9996 -0.0003 0.0001 -0.0000 0.0000 0.0000 179.9042 -1.4524 -2.8220 -2.6698 -9.6788 -9.4426 28.8804 74.1152 -29.6399 -0.0000 25.3510 0.0000 179.3408 9.8372 -3.9929 -0.0867 -7.1112 -0.0627 -5.3407 63.8806 10.0264 -0.0001 25.3508 0.0000
10.3172 96.0797 -11.9624 -0.6335 1.1877 3.5232 0.0065 1.1305 -0.7008 0.0065 1.1307 -0.7009 0.0066 1.1339 -0.7029 -86.7986 -9.5773 85.4245 125.0508 57.2875 -92.8394 39.2525 16.0078 15.4919 -2.3702 1.4963 -0.5530 0.0001 0.0000 0.0000 -0.0000 0.0000 0.0000 -0.0008 -0.0013 -0.0000 0.0001 -0.0004 0.0000 -0.0000 0.0000 0.0000 -0.0000 0.0000 0.0000 -0.0001 0.0002 0.0000 0.0003 -0.0006 0.0000 -0.0006 0.0004 0.0000 0.0001 0.0000 0.0000 -0.0000 0.0000 0.0000 -0.0002 -0.0010 -0.0000 30.0001 0.0002 -0.0001 -29.9998 0.0005 0.0002 -0.0000 0.0000 0.0000 0.8860 1.3837 1.4049 0.8860 1.3837 1.4049 87.8173 -16.6797 -83.9221 -131.7912 66.4001 100.8267 -30.9633 20.1611 -10.5510 1.8061 0.7064 0.3809 0.0001 -0.0001 0.0000 -0.0000 0.0000 0.0000 0.0003 -0.0006 0.0000 0.0001 -0.0001 0.0000 -0.0000 0.0000 0.0000 -0.0000 0.0000 0.0000 0.0001 0.0007 -0.0000 0.0001 -0.0012 0.0000 0.0003 -0.0008 0.0000 -0.0000 0.0001 0.0000 -0.0000 0.0000 0.0000 -0.0000 -0.0009 0.0000 -29.9997 0.0002 0.0001 29.9996 -0.0003 0.0001 -0.0000 0.0000 0.0000 179.7621 -1.4883 -2.6222 -2.5233 -9.3322 -9.3819 28.8081 73.8615 -29.5298 -0.0000 25.3510 0.0000 179.2223 9.7787 -3.8883 -0.0864 -6.8715 -0.0614 -5.2465 63.5969 9.9921 -0.0001 25.3508 0.0000
10.3976 96.0771 -12.3224 -0.5859 1.0619 3.6290 -0.0287 1.1751 -0.6766 -0.0287 1.1753 -0.6766 -0.0288 1.1787 -0.6786 -86.8181 -9.4799 85.3294 125.0115 56.6373 -92.7417 39.9400 15.4462 15.2020 -2.4606 1.5424 -0.5651 0.0001 0.0000 0.0000 -0.0000 0.0000 0.0000 -0.0008 -0.0013 -0.0000 0.0001 -0.0004 0.0000 -0.0000 0.0000 0.0000 -0.0000 0.0000 0.0000 -0.0000 0.0002 0.0000 0.0003 -0.0006 0.0000 -0.0006 0.0004 0.0000 0.0001 0.0000 0.0000 -0.0000 0.0000 0.0000 -0.0002 -0.0010 -0.0000 30.0001 0.0002 -0.0001 -29.9998 0.0005 0.0002 -0.0000 0.0000 0.0000 0.8720 1.3495 1.4068 0.8720 1.3495 1.4068 87.8401 -16.6629 -83.7264 -131.4132 65.7645 100.5036 -31.6618 19.8609 -10.1378 1.9033 0.7306 0.3966 0.0001 -0.0001 0.0000 -0.0000 0.0000 0.0000 0.0003 -0.0006 0.0000 0.0001 -0.0001 0.0000 -0.0000 0.0000 0.0000 -0.0000 0.0000 0.0000 0.0001 0.0007 -0.0000 0.0001 -0.0012 0.0000 0.0003 -0.0008 0.0000 -0.0000 0.0001 0.0000 -0.0000 0.0000 0.0000 -0.0000 -0.0008 0.0000 -29.9996 0.0002 0.0001 29.9996 -0.0003 0.0001 -0.0000 0.0000 0.0000 179.5965 -1.5143 -2.3862 -2.3759 -9.0062 -9.3569 28.7250 73.5714 -29.4186 -0.0000 25.3510 0.0000 179.0605 9.7185 -3.7540 -0.0862 -6.6297 -0.0610 -5.0502 63.3000 9.8444 -0.0001 25.3508 0.0000
10.4775 96.0729 -12.6764 -0.5139 0.9315 3.7244 -0.0698 1.2219 -0.6514 -0.0698 1.2221 -0.6515 -0.0699 1.2256 -0.6534 -86.8363 -9.3842 85.2475 124.9978 56.0777 -92.6517 40.5741 14.8818 14.9707 -2.5419 1.5847 -0.5747 0.0001 0.0000 0.0000 -0.0000 0.0000 0.0000 -0.0008 -0.0013 -0.0000 0.0001 -0.0004 0.0000 -0.0000 0.0000 0.0000 -0.0000 0.0000 0.0000 -0.0000 0.0002 0.0000 0.0003 -0.0006 0.0000 -0.0006 0.0004 0.0000 0.0001 0.0000 0.0000 -0.0000 0.0000 0.0000 -0.0002 -0.0010 -0.0000 30.0001 0.0002 -0.0001 -29.9998 0.0005 0.0002 -0.0000 0.0000 0.0000 0.8430 1.3033 1.4218 0.8430 1.3033 1.4218 87.8579 -16.6472 -83.5566 -131.1113 65.2072 100.2261 -32.2821 19.5492 -9.7864 1.9937 0.7552 0.4110 0.0001 -0.0001 0.0000 -0.0000 0.0000 0.0000 0.0003 -0.0006 0.0000 0.0001 -0.0001 0.0000 -0.0000 0.0000 0.0000 -0.0000 0.0000 0.0000 0.0001 0.0007 -0.0000 0.0001 -0.0012 0.0000 0.0003 -0.0008 0.0000 -0.0000 0.0001 0.0000 -0.0000 0.0000 0.0000 -0.0000 -0.0008 0.0000 -29.9997 0.0002 0.0001 29.9996 -0.0003 0.0001 -0.0000 0.0000 0.0000 179.4220 -1.5257 -2.1129 -2.2541 -8.7174 -9.3785 28.6403 73.2712 -29.3054 -0.0000 25.3510 0.0000 178.8668 9.6515 -3.5819 -0.0861 -6.3894 -0.0614 -4.7747 63.0058 9.5947 -0.0001 25.3508 0.0000
10.5491 96.0666 -13.0184 -0.4221 0.8010 3.8098 -0.1152 1.2661 -0.6262 -0.1153 1.2663 -0.6263 -0.1157 1.2699 -0.6281 -86.8508 -9.2937 85.1799 125.0107 55.6080 -92.5759 41.0834 14.3547 14.8112 -2.6086 1.6213 -0.5811 0.0001 0.0000 0.0000 -0.0000 0.0000 0.0000 -0.0008 -0.0013 -0.0000 0.0001 -0.0004 0.0000 -0.0000 0.0000 0.0000 -0.0000 0.0000 0.0000 -0.0001 0.0002 0.0000 0.0003 -0.0006 0.0000 -0.0006 0.0004 0.0000 0.0001 0.0000 0.0000 -0.0000 0.0000 0.0000 -0.0002 -0.0010 -0.0000 30.0001 0.0002 -0.0001 -29.9998 0.0005 0.0002 -0.0000 0.0000 0.0000 0.8009 1.2584 1.4512 0.8009 1.2584 1.4512 87.8689 -16.6355 -83.4192 -130.8924 64.7235 100.0022 -32.8112 19.2330 -9.5076 2.0736 0.7785 0.4232 0.0001 -0.0001 0.0000 -0.0000 0.0000 0.0000 0.0003 -0.0006 0.0000 0.0001 -0.0001 0.0000 -0.0000 0.0000 0.0000 -0.0000 0.0000 0.0000 0.0001 0.0007 -0.0000 0.0001 -0.0011 0.0000 0.0003 -0.0008 0.0000 -0.0000 0.0001 0.0000 -0.0000 0.0000 0.0000 -0.0000 -0.0009 0.0000 -29.9997 0.0002 0.0001 29.9996 -0.0003 0.0001 -0.0000 0.0000 0.0000 179.2420 -1.5222 -1.8078 -2.1604 -8.4617 -9.4485 28.5621 72.9705 -29.1944 -0.0000 25.3510 0.0000 178.6585 9.5826 -3.3811 -0.0861 -6.1599 -0.0616 -4.4461 62.7236 9.2657 -0.0001 25.3508 0.0000
10.6015 96.0583 -13.3436 -0.3091 0.6751 3.8789 -0.1642 1.3018 -0.6018 -0.1642 1.3021 -0.6019 -0.1646 1.3058 -0.6036 -86.8609 -9.2142 85.1356 125.0481 55.2727 -92.5322 41.4944 13.8877 14.7095 -2.6599 1.6498 -0.5843 0.0001 0.0000 0.0000 -0.0000 0.0000 0.0000 -0.0008 -0.0013 -0.0000 0.0001 -0.0004 0.0000 -0.0000 0.0000 0.0000 -0.0000 0.0000 0.0000 -0.0000 0.0002 0.0000 0.0003 -0.0006 0.0000 -0.0006 0.0004 0.0000 0.0001 0.0000 0.0000 -0.0000 0.0000 0.0000 -0.0002 -0.0010 -0.0000 30.0001 0.0002 -0.0001 -29.9998 0.0005 0.0002 -0.0000 0.0000 0.0000 0.7441 1.2280 1.4956 0.7441 1.2280 1.4956 87.8662 -16.6339 -83.3323 -130.8176 64.3576 99.8940 -33.1473 18.9368 -9.3360 2.1297 0.7956 0.4302 0.0001 -0.0001 0.0000 -0.0000 0.0000 0.0000 0.0003 -0.0006 0.0000 0.0001 -0.0001 0.0000 -0.0000 0.0000 0.0000 -0.0000 0.0000 0.0000 0.0001 0.0007 -0.0000 0.0001 -0.0012 0.0000 0.0003 -0.0008 0.0000 -0.0000 0.0001 0.0000 -0.0000 0.0000 0.0000 -0.0000 -0.0009 0.0000 -29.9997 0.0002 0.0001 29.9996 -0.0003 0.0001 -0.0000 0.0000 0.0000 179.0585 -1.4920 -1.4920 -2.1023 -8.2640 -9.5647 28.5204 72.6882 -29.1141 -0.0000 25.3510 0.0000 178.4496 9.5120 -3.1481 -0.0860 -5.9492 -0.0616 -4.0613 62.4678 8.8386 -0.0001 25.3508 0.0000
10.6483 96.0502 -13.6556 -0.1897 0.5522 3.9324 -0.2110 1.3313 -0.5799 -0.2110 1.3315 -0.5800 -0.2116 1.3353 -0.5817 -86.8722 -9.1491 85.1047 125.1261 55.0671 -92.5447 41.7175 13.5372 14.6794 -2.6777 1.6394 -0.5747 0.0001 0.0000 0.0000 -0.0000 0.0000 0.0000 -0.0008 -0.0013 -0.0000 0.0001 -0.0004 0.0000 -0.0000 0.0000 0.0000 -0.0000 0.0000 0.0000 -0.0000 0.0002 0.0000 0.0003 -0.0006 0.0000 -0.0006 0.0004 0.0000 0.0001 0.0000 0.0000 -0.0000 0.0000 0.0000 -0.0002 -0.0010 -0.0000 30.0001 0.0002 -0.0001 -29.9998 0.0005 0.0002 -0.0000 0.0000 0.0000 0.6765 1.2124 1.5514 0.6765 1.2124 1.5514 87.8493 -16.6308 -83.2768 -130.8649 64.0884 99.9187 -33.2917 18.6844 -9.2840 2.1643 0.8073 0.4329 0.0001 -0.0001 0.0000 -0.0000 0.0000 0.0000 0.0003 -0.0006 0.0000 0.0001 -0.0001 0.0000 -0.0000 0.0000 0.0000 -0.0000 0.0000 0.0000 0.0001 0.0007 -0.0000 0.0001 -0.0011 0.0000 0.0003 -0.0008 0.0000 -0.0000 0.0001 0.0000 -0.0000 0.0000 0.0000 -0.0000 -0.0009 0.0000 -29.9997 0.0002 0.0001 29.9996 -0.0003 0.0001 -0.0000 0.0000 0.0000 178.8902 -1.4378 -1.2003 -2.0797 -8.1296 -9.6981 28.5198 72.4370 -29.0690 -0.0000 25.3510 0.0000 178.2508 9.4336 -2.8998 -0.0858 -5.7404 -0.0616 -3.6448 62.2271 8.3604 -0.0001 25.3508 0.0000
10.6896 96.0418 -13.9524 -0.0734 0.4283 3.9681 -0.2524 1.3584 -0.5613 -0.2524 1.3587 -0.5613 -0.2532 1.3625 -0.5629 -86.8901 -9.1049 85.0786 125.1740 54.9758 -92.5778 41.8079 13.3005 14.7137 -2.6873 1.6356 -0.5679 0.0001 0.0000 0.0000 -0.0000 0.0000 0.0000 -0.0008 -0.0013 -0.0000 0.0001 -0.0004 0.0000 -0.0000 0.0000 0.0000 -0.0000 0.0000 0.0000 -0.0000 0.0002 0.0000 0.0003 -0.0006 0.0000 -0.0006 0.0004 0.0000 0.0001 0.0000 0.0000 -0.0000 0.0000 0.0000 -0.0002 -0.0010 -0.0000 30.0001 0.0002 -0.0001 -29.9998 0.0005 0.0002 -0.0000 0.0000 0.0000 0.6008 1.2062 1.6178 0.6008 1.2062 1.6178 87.8261 -16.6286 -83.2508 -130.9931 63.9002 100.0312 -33.2614 18.4869 -9.3449 2.1793 0.8149 0.4322 0.0001 -0.0001 0.0000 -0.0000 0.0000 0.0000 0.0003 -0.0006 0.0000 0.0001 -0.0001 0.0000 -0.0000 0.0000 0.0000 -0.0000 0.0000 0.0000 0.0001 0.0007 -0.0000 0.0001 -0.0011 0.0000 0.0003 -0.0008 0.0000 -0.0000 0.0001 0.0000 -0.0000 0.0000 0.0000 -0.0000 -0.0009 0.0000 -29.9996 0.0002 0.0001 29.9996 -0.0003 0.0001 -0.0000 0.0000 0.0000 178.7431 -1.3684 -0.9409 -2.0912 -8.0506 -9.8365 28.5702 72.2140 -29.0654 -0.0000 25.3510 0.0000 178.0646 9.3456 -2.6528 -0.0857 -5.5271 -0.0616 -3.2092 61.9921 7.8563 -0.0001 25.3508 0.0000
10.7278 96.0331 -14.2230 0.0274 0.3018 3.9690 -0.2832 1.3851 -0.5436 -0.2833 1.3854 -0.5437 -0.2841 1.3893 -0.5453 -86.9166 -9.0925 85.0578 125.1708 55.0395 -92.6352 41.6998 13.2285 14.8360 -2.6873 1.6456 -0.5671 0.0001 0.0000 0.0000 -0.0000 0.0000 0.0000 -0.0008 -0.0013 -0.0000 0.0001 -0.0004 0.0000 -0.0000 0.0000 0.0000 -0.0000 0.0000 0.0000 -0.0000 0.0002 0.0000 0.0003 -0.0006 0.0000 -0.0006 0.0004 0.0000 0.0001 0.0000 0.0000 -0.0000 0.0000 0.0000 -0.0002 -0.0010 -0.0000 30.0001 0.0002 -0.0001 -29.9998 0.0005 0.0001 -0.0000 0.0000 0.0000 0.5207 1.2037 1.6945 0.5207 1.2037 1.6945 87.8006 -16.6209 -83.2617 -131.1954 63.8502 100.2402 -32.9975 18.3914 -9.5564 2.1659 0.8159 0.4270 0.0001 -0.0001 0.0000 -0.0000 0.0000 0.0000 0.0003 -0.0006 0.0000 0.0001 -0.0001 0.0000 -0.0000 0.0000 0.0000 -0.0000 0.0000 0.0000 0.0001 0.0007 -0.0000 0.0001 -0.0012 0.0000 0.0003 -0.0008 0.0000 -0.0000 0.0001 0.0000 -0.0000 0.0000 0.0000 -0.0000 -0.0009 0.0000 -29.9996 0.0002 0.0001 29.9996 -0.0003 0.0001 -0.0000 0.0000 0.0000 178.6282 -1.2820 -0.7300 -2.1417 -8.0391 -9.9827 28.6903 72.0321 -29.1226 -0.0000 25.3510 0.0000 177.8985 9.2434 -2.4333 -0.0855 -5.2882 -0.0606 -2.7570 61.7424 7.3356 -0.0001 25.3508 0.0000
10.7720 96.0217 -14.4760 0.1090 0.1665 3.9404 -0.3049 1.4149 -0.5239 -0.3049 1.4152 -0.5240 -0.3058 1.4192 -0.5255 -86.9477 -9.1023 85.0475 125.1172 55.2264 -92.6955 41.4350 13.2866 15.0078 -2.6800 1.6663 -0.5713 0.0001 0.0000 0.0000 -0.0000 0.0000 0.0000 -0.0008 -0.0013 -0.0000 0.0001 -0.0004 0.0000 -0.0000 0.0000 0.0000 -0.0000 0.0000 0.0000 -0.0000 0.0002 0.0000 0.0003 -0.0006 0.0000 -0.0006 0.0004 0.0000 0.0001 0.0000 0.0000 -0.0000 0.0000 0.0000 -0.0002 -0.0010 -0.0000 30.0001 0.0003 -0.0002 -29.9998 0.0005 0.0002 -0.0000 0.0000 0.0000 0.4463 1.1988 1.7704 0.4463 1.1988 1.7704 87.7789 -16.6071 -83.2967 -131.4293 63.9309 100.4992 -32.5723 18.3813 -9.8569 2.1305 0.8112 0.4188 0.0001 -0.0001 0.0000 -0.0000 0.0000 0.0000 0.0002 -0.0006 0.0000 0.0001 -0.0001 0.0000 -0.0000 0.0000 0.0000 -0.0000 0.0000 0.0000 0.0001 0.0007 -0.0000 0.0001 -0.0012 0.0000 0.0003 -0.0008 0.0000 -0.0000 0.0001 0.0000 -0.0000 0.0000 0.0000 -0.0000 -0.0009 0.0000 -29.9997 0.0002 0.0001 29.9996 -0.0003 0.0001 -0.0000 0.0000 0.0000 178.5374 -1.1853 -0.5648 -2.2092 -8.0830 -10.1155 28.8877 71.8820 -29.2605 -0.0000 25.3510 0.0000 177.7424 9.1221 -2.2486 -0.0853 -5.0098 -0.0585 -2.3069 61.4586 6.8256 -0.0001 25.3508 0.0000
10.8316 96.0087 -14.7212 0.1742 0.0196 3.8886 -0.3186 1.4490 -0.5030 -0.3187 1.4493 -0.5031 -0.3195 1.4534 -0.5044 -86.9835 -9.1318 85.0478 125.0767 55.5531 -92.7860 41.0310 13.4557 15.2101 -2.6440 1.6520 -0.5647 0.0001 0.0000 0.0000 -0.0000 0.0000 0.0000 -0.0008 -0.0013 -0.0000 0.0001 -0.0004 0.0000 -0.0000 0.0000 0.0000 -0.0000 0.0000 0.0000 -0.0001 0.0002 0.0000 0.0003 -0.0006 0.0000 -0.0006 0.0004 0.0000 0.0001 0.0000 0.0000 -0.0000 0.0000 0.0000 -0.0002 -0.0010 -0.0000 30.0001 0.0002 -0.0001 -29.9998 0.0005 0.0002 -0.0000 0.0000 0.0000 0.3802 1.1891 1.8425 0.3802 1.1891 1.8425 87.7586 -16.5861 -83.3509 -131.6871 64.1266 100.7883 -32.0239 18.4318 -10.2162 2.0782 0.8017 0.4083 0.0001 -0.0001 0.0000 -0.0000 0.0000 0.0000 0.0003 -0.0006 0.0000 0.0001 -0.0001 0.0000 -0.0000 0.0000 0.0000 -0.0000 0.0000 0.0000 0.0001 0.0007 -0.0000 0.0001 -0.0012 0.0000 0.0003 -0.0008 0.0000 -0.0000 0.0001 0.0000 -0.0000 0.0000 0.0000 -0.0000 -0.0009 0.0000 -29.9996 0.0002 0.0001 29.9996 -0.0003 0.0001 -0.0000 0.0000 0.0000 178.4738 -1.0946 -0.4240 -2.2989 -8.1618 -10.2427 29.1536 71.7592 -29.4702 -0.0000 25.3510 0.0000 177.5877 8.9702 -2.0867 -0.0850 -4.6770 -0.0560 -1.8537 61.1348 6.3231 -0.0001 25.3508 0.0000
10.9099 95.9926 -14.9490 0.2206 -0.1435 3.8064 -0.3221 1.4887 -0.4797 -0.3222 1.4890 -0.4798 -0.3232 1.4932 -0.4811 -87.0250 -9.1905 85.0623 125.0268 56.0429 -92.8987 40.4273 13.7646 15.4353 -2.5851 1.6195 -0.5542 0.0001 0.0000 0.0000 -0.0000 0.0000 0.0000 -0.0008 -0.0013 -0.0000 0.0001 -0.0004 0.0000 -0.0000 0.0000 0.0000 -0.0000 0.0000 0.0000 -0.0000 0.0003 0.0000 0.0003 -0.0006 0.0000 -0.0006 0.0004 0.0000 0.0001 0.0000 0.0000 -0.0000 0.0000 0.0000 -0.0002 -0.0010 -0.0000 30.0001 0.0002 -0.0001 -29.9998 0.0005 0.0002 -0.0000 0.0000 0.0000 0.3287 1.1699 1.9029 0.3287 1.1700 1.9029 87.7348 -16.5534 -83.4285 -131.9753 64.4910 101.0969 -31.3351 18.5437 -10.6261 2.0036 0.7859 0.3946 0.0001 -0.0001 0.0000 -0.0000 0.0000 0.0000 0.0003 -0.0006 0.0000 0.0001 -0.0001 0.0000 -0.0000 0.0000 0.0000 -0.0000 0.0000 0.0000 0.0001 0.0007 -0.0000 0.0001 -0.0012 0.0000 0.0003 -0.0008 0.0000 -0.0000 0.0001 0.0000 -0.0000 0.0000 0.0000 -0.0000 -0.0009 0.0000 -29.9996 0.0002 0.0001 29.9996 -0.0002 0.0000 -0.0000 0.0000 0.0000 178.4352 -1.0270 -0.2943 -2.4093 -8.2699 -10.3836 29.4856 71.6769 -29.7489 -0.0000 25.3510 0.0000 177.4329 8.7429 -1.9484 -0.0846 -4.2231 -0.0525 -1.3873 60.7468 5.8157 -0.0001 25.3508 0.0000
10.9900 95.9762 -15.1468 0.2560 -0.3130 3.6983 -0.3198 1.5276 -0.4500 -0.3198 1.5280 -0.4501 -0.3207 1.5323 -0.4514 -87.0664 -9.2679 85.0889 125.0147 56.6435 -93.0489 39.6719 14.1476 15.6732 -2.5098 1.5760 -0.5407 0.0001 0.0000 0.0000 -0.0000 0.0000 0.0000 -0.0008 -0.0013 -0.0000 0.0001 -0.0004 0.0000 -0.0000 0.0000 0.0000 -0.0000 0.0000 0.0000 -0.0000 0.0003 0.0000 0.0003 -0.0006 0.0000 -0.0006 0.0004 0.0000 0.0001 0.0000 0.0000 -0.0000 0.0000 0.0000 -0.0002 -0.0010 -0.0000 30.0001 0.0003 -0.0002 -29.9998 0.0005 0.0002 -0.0000 0.0000 0.0000 0.2891 1.1452 1.9466 0.2891 1.1452 1.9466 87.7049 -16.5200 -83.5268 -132.3184 64.9798 101.4408 -30.5530 18.6775 -11.0498 1.9146 0.7649 0.3788 0.0001 -0.0001 0.0000 -0.0000 0.0000 0.0000 0.0003 -0.0006 0.0000 0.0001 -0.0001 0.0000 -0.0000 0.0000 0.0000 -0.0000 0.0000 0.0000 0.0001 0.0007 -0.0000 0.0001 -0.0012 0.0000 0.0003 -0.0008 0.0000 -0.0000 0.0001 0.0000 -0.0000 0.0000 0.0000 -0.0000 -0.0009 0.0000 -29.9997 0.0002 0.0001 29.9996 -0.0003 0.0001 -0.0000 0.0000 0.0000 178.3954 -0.9699 -0.1730 -2.5161 -8.3919 -10.5432 29.8255 71.6203 -30.0368 -0.0000 25.3510 0.0000 177.2930 8.4470 -1.8278 -0.0843 -3.6685 -0.0472 -0.9218 60.3204 5.2964 -0.0001 25.3508 0.0000
11.0661 95.9598 -15.3148 0.2821 -0.4846 3.5671 -0.3125 1.5635 -0.4125 -0.3126 1.5639 -0.4126 -0.3135 1.5682 -0.4138 -87.1063 -9.3533 85.1269 125.0602 57.3257 -93.2432 38.7979 14.5730 15.9248 -2.4213 1.5236 -0.5247 0.0001 0.0000 0.0000 -0.0000 0.0000 0.0000 -0.0008 -0.0013 -0.0000 0.0001 -0.0004 0.0000 -0.0000 0.0000 0.0000 -0.0000 0.0000 0.0000 -0.0000 0.0002 0.0000 0.0003 -0.0006 0.0000 -0.0006 0.0004 0.0000 0.0001 0.0000 0.0000 -0.0000 0.0000 0.0000 -0.0002 -0.0010 -0.0000 30.0001 0.0002 -0.0001 -29.9998 0.0005 0.0002 -0.0000 0.0000 0.0000 0.2582 1.1166 1.9740 0.2582 1.1166 1.9740 87.6691 -16.4930 -83.6419 -132.7242 65.5615 101.8300 -29.6989 18.8211 -11.4704 1.8187 0.7415 0.3620 0.0001 -0.0001 0.0000 -0.0000 0.0000 0.0000 0.0003 -0.0006 0.0000 0.0001 -0.0001 0.0000 -0.0000 0.0000 0.0000 -0.0000 0.0000 0.0000 0.0001 0.0007 -0.0000 0.0001 -0.0012 0.0000 0.0003 -0.0008 0.0000 -0.0000 0.0001 0.0000 -0.0000 0.0000 0.0000 -0.0000 -0.0009 0.0000 -29.9996 0.0002 0.0001 29.9996 -0.0003 0.0001 -0.0000 0.0000 0.0000 178.3548 -0.9188 -0.0628 -2.6212 -8.5201 -10.7135 30.1774 71.5748 -30.3355 -0.0000 25.3510 0.0000 177.1766 8.0876 -1.7193 -0.0838 -3.0154 -0.0397 -0.4632 59.8575 4.7646 -0.0001 25.3508 0.0000
11.1405 95.9453 -15.4601 0.2938 -0.6540 3.4049 -0.2978 1.5930 -0.3659 -0.2979 1.5934 -0.3660 -0.2987 1.5978 -0.3669 -87.1486 -9.4430 85.1769 125.1909 58.1010 -93.4919 37.8099 15.0448 16.1691 -2.3184 1.4607 -0.5059 0.0001 0.0000 0.0000 -0.0000 0.0000 0.0000 -0.0008 -0.0013 -0.0000 0.0001 -0.0004 0.0000 -0.0000 0.0000 0.0000 -0.0000 0.0000 0.0000 -0.0000 0.0002 0.0000 0.0003 -0.0006 0.0000 -0.0006 0.0004 0.0000 0.0001 0.0000 0.0000 -0.0000 0.0000 0.0000 -0.0002 -0.0010 -0.0000 30.0001 0.0002 -0.0001 -29.9998 0.0005 0.0002 -0.0000 0.0000 0.0000 0.2345 1.0862 1.9835 0.2345 1.0862 1.9835 87.6258 -16.4769 -83.7741 -133.2040 66.2554 102.2642 -28.7693 18.9808 -11.8649 1.7155 0.7148 0.3443 0.0001 -0.0001 0.0000 -0.0000 0.0000 0.0000 0.0003 -0.0006 0.0000 0.0001 -0.0001 0.0000 -0.0000 0.0000 0.0000 -0.0000 0.0000 0.0000 0.0001 0.0007 -0.0000 0.0001 -0.0012 0.0000 0.0003 -0.0008 0.0000 -0.0000 0.0001 0.0000 -0.0000 0.0000 0.0000 -0.0000 -0.0009 0.0000 -29.9997 0.0002 0.0001 29.9996 -0.0003 0.0001 -0.0000 0.0000 0.0000 178.3220 -0.8823 0.0305 -2.7267 -8.6428 -10.8936 30.5313 71.5319 -30.6303 -0.0000 25.3510 0.0000 177.0942 7.5223 -1.6120 -0.0831 -1.9655 -0.0260 0.0162 59.2080 4.1841 -0.0001 25.3508 0.0000
11.2191 95.9315 -15.5993 0.2944 -0.8133 3.2207 -0.2770 1.6146 -0.3153 -0.2771 1.6150 -0.3154 -0.2779 1.6195 -0.3162 -87.1926 -9.5271 85.2306 125.3623 58.9245 -93.7629 36.7942 15.5380 16.4244 -2.2098 1.3949 -0.4861 0.0001 0.0000 0.0000 -0.0000 0.0000 0.0000 -0.0008 -0.0013 -0.0000 0.0001 -0.0004 0.0000 -0.0000 0.0000 0.0000 -0.0000 0.0000 0.0000 -0.0000 0.0002 0.0000 0.0003 -0.0006 0.0000 -0.0006 0.0004 0.0000 0.0001 0.0000 0.0000 -0.0000 0.0000 0.0000 -0.0002 -0.0010 -0.0000 30.0001 0.0002 -0.0001 -29.9998 0.0005 0.0002 -0.0000 0.0000 0.0000 0.2123 1.0580 1.9874 0.2123 1.0580 1.9874 87.5790 -16.4644 -83.9135 -133.7345 67.0021 102.7172 -27.8162 19.1461 -12.2490 1.6105 0.6873 0.3264 0.0001 -0.0001 0.0000 -0.0000 0.0000 0.0000 0.0003 -0.0006 0.0000 0.0001 -0.0001 0.0000 -0.0000 0.0000 0.0000 -0.0000 0.0000 0.0000 0.0001 0.0007 -0.0000 0.0001 -0.0012 0.0000 0.0003 -0.0008 0.0000 -0.0000 0.0001 0.0000 -0.0000 0.0000 0.0000 -0.0000 -0.0008 0.0000 -29.9996 0.0002 0.0001 29.9996 -0.0003 0.0001 -0.0000 0.0000 0.0000 178.2906 -0.8527 0.1083 -2.8234 -8.7630 -11.0795 30.8721 71.4899 -30.9080 -0.0000 25.3511 0.0000 177.0406 6.9839 -1.5010 -0.0828 -0.9601 -0.0127 0.5110 58.5878 3.5802 -0.0001 25.3508 0.0000
11.3037 95.9180 -15.7302 0.2835 -0.9600 3.0179 -0.2513 1.6277 -0.2625 -0.2513 1.6281 -0.2625 -0.2521 1.6327 -0.2632 -87.2350 -9.6135 85.2876 125.5702 59.7763 -94.0491 35.7880 16.0412 16.6907 -2.0995 1.3287 -0.4664 0.0001 0.0000 0.0000 -0.0000 0.0000 0.0000 -0.0008 -0.0013 -0.0000 0.0001 -0.0004 0.0000 -0.0000 0.0000 0.0000 -0.0000 0.0000 0.0000 -0.0000 0.0002 0.0000 0.0003 -0.0006 0.0000 -0.0006 0.0004 0.0000 0.0001 0.0000 0.0000 -0.0000 0.0000 0.0000 -0.0002 -0.0010 -0.0000 30.0001 0.0002 -0.0001 -29.9998 0.0005 0.0002 -0.0000 0.0000 0.0000 0.1919 1.0340 1.9907 0.1919 1.0340 1.9907 87.5343 -16.4548 -84.0608 -134.3161 67.7727 103.2051 -26.8527 19.3179 -12.6318 1.5071 0.6596 0.3087 0.0001 -0.0001 0.0000 -0.0000 0.0000 0.0000 0.0003 -0.0006 0.0000 0.0001 -0.0001 0.0000 -0.0000 0.0000 0.0000 -0.0000 0.0000 0.0000 0.0001 0.0007 -0.0000 0.0001 -0.0011 0.0000 0.0003 -0.0008 0.0000 -0.0000 0.0001 0.0000 -0.0000 0.0000 0.0000 -0.0000 -0.0009 0.0000 -29.9997 0.0002 0.0001 29.9996 -0.0003 0.0001 -0.0000 0.0000 0.0000 178.2606 -0.8221 0.1756 -2.9134 -8.8824 -11.2653 31.2226 71.4433 -31.1894 -0.0000 25.3510 0.0000 177.0098 6.5579 -1.3945 -0.0827 -0.1681 -0.0022 1.0015 58.0820 2.9800 -0.0001 25.3508 0.0000
11.4020 95.9123 -15.8392 0.2550 -1.0880 2.7949 -0.2202 1.6297 -0.2099 -0.2202 1.6301 -0.2098 -0.2208 1.6347 -0.2104 -87.2733 -9.6970 85.3462 125.8301 60.6518 -94.3556 34.8585 16.5418 16.9579 -1.9904 1.2638 -0.4472 0.0001 0.0000 0.0000 -0.0000 0.0000 0.0000 -0.0008 -0.0013 -0.0000 0.0001 -0.0004 0.0000 -0.0000 0.0000 0.0000 -0.0000 0.0000 0.0000 -0.0001 0.0002 0.0000 0.0003 -0.0006 0.0000 -0.0006 0.0004 0.0000 0.0001 0.0000 0.0000 -0.0000 0.0000 0.0000 -0.0002 -0.0010 -0.0000 30.0001 0.0003 -0.0002 -29.9998 0.0005 0.0002 -0.0000 0.0000 0.0000 0.1786 1.0173 1.9984 0.1786 1.0173 1.9984 87.4974 -16.4453 -84.2093 -134.9328 68.5507 103.7204 -25.9139 19.5169 -12.9829 1.4083 0.6317 0.2920 0.0001 -0.0001 0.0000 -0.0000 0.0000 0.0000 0.0003 -0.0006 0.0000 0.0001 -0.0001 0.0000 -0.0000 0.0000 0.0000 -0.0000 0.0000 0.0000 0.0001 0.0007 -0.0000 0.0001 -0.0012 0.0000 0.0003 -0.0008 0.0000 -0.0000 0.0001 0.0000 -0.0000 0.0000 0.0000 -0.0000 -0.0009 0.0000 -29.9997 0.0002 0.0001 29.9996 -0.0003 0.0001 -0.0000 0.0000 0.0000 178.2384 -0.7928 0.2358 -3.0002 -8.9884 -11.4309 31.6387 71.3718 -31.5245 -0.0000 25.3510 0.0000 177.0067 6.4467 -1.3016 -0.0827 0.0001 0.0000 1.4852 57.9077 2.3977 -0.0001 25.3508 0.0000
11.5093 95.9080 -15.9334 0.2181 -1.2003 2.5680 -0.1888 1.6262 -0.1640 -0.1889 1.6266 -0.1640 -0.1893 1.6312 -0.1644 -87.3075 -9.7879 85.4000 126.1027 61.5203 -94.6462 34.0385 17.0299 17.1905 -1.8887 1.2031 -0.4297 0.0001 0.0000 0.0000 -0.0000 0.0000 0.0000 -0.0008 -0.0013 -0.0000 0.0001 -0.0004 0.0000 -0.0000 0.0000 0.0000 -0.0000 0.0000 0.0000 -0.0000 0.0002 0.0000 0.0003 -0.0006 0.0000 -0.0006 0.0004 0.0000 0.0001 0.0000 0.0000 -0.0000 0.0000 0.0000 -0.0002 -0.0010 -0.0000 30.0001 0.0002 -0.0001 -29.9998 0.0005 0.0002 -0.0000 0.0000 0.0000 0.1752 1.0061 2.0153 0.1752 1.0061 2.0153 87.4725 -16.4292 -84.3471 -135.5377 69.3084 104.2151 -25.0552 19.7348 -13.2627 1.3191 0.6050 0.2772 0.0001 -0.0001 0.0000 -0.0000 0.0000 0.0000 0.0003 -0.0006 0.0000 0.0001 -0.0001 0.0000 -0.0000 0.0000 0.0000 -0.0000 0.0000 0.0000 0.0001 0.0007 -0.0000 0.0001 -0.0012 0.0000 0.0003 -0.0008 0.0000 -0.0000 0.0001 0.0000 -0.0000 0.0000 0.0000 -0.0000 -0.0008 0.0000 -29.9997 0.0002 0.0001 29.9996 -0.0003 0.0001 -0.0000 0.0000 0.0000 178.2214 -0.7760 0.2965 -3.0828 -9.0706 -11.5752 32.1069 71.2822 -31.9069 -0.0000 25.3510 0.0000 177.0073 6.4253 -1.2254 -0.0827 0.0000 0.0000 1.9523 57.8317 1.8528 -0.0001 25.3508 0.0000
11.6209 95.9049 -16.0221 0.1774 -1.2985 2.3438 -0.1593 1.6181 -0.1262 -0.1593 1.6185 -0.1262 -0.1598 1.6230 -0.1265 -87.3331 -9.8933 85.4512 126.3765 62.3570 -94.9179 33.3193 17.4971 17.3992 -1.7956 1.1474 -0.4139 0.0001 0.0000 0.0000 -0.0000 0.0000 0.0000 -0.0008 -0.0013 -0.0000 0.0001 -0.0004 0.0000 -0.0000 0.0000 0.0000 -0.0000 0.0000 0.0000 -0.0000 0.0002 0.0000 0.0003 -0.0006 0.0000 -0.0006 0.0004 0.0000 0.0001 0.0000 0.0000 -0.0000 0.0000 0.0000 -0.0002 -0.0010 -0.0000 30.0001 0.0002 -0.0001 -29.9998 0.0005 0.0002 -0.0000 0.0000 0.0000 0.1845 0.9938 2.0375 0.1845 0.9938 2.0375 87.4579 -16.4082 -84.4788 -136.1505 70.0359 104.7060 -24.3040 19.9542 -13.4753 1.2398 0.5802 0.2641 0.0001 -0.0001 0.0000 -0.0000 0.0000 0.0000 0.0003 -0.0006 0.0000 0.0001 -0.0001 0.0000 -0.0000 0.0000 0.0000 -0.0000 0.0000 0.0000 0.0001 0.0007 -0.0000 0.0001 -0.0012 0.0000 0.0003 -0.0008 0.0000 -0.0000 0.0001 0.0000 -0.0000 0.0000 0.0000 -0.0000 -0.0008 0.0000 -29.9997 0.0002 0.0001 29.9996 -0.0003 0.0001 -0.0000 0.0000 0.0000 178.2051 -0.7757 0.3649 -3.1571 -9.1284 -11.7173 32.5813 71.1911 -32.2962 -0.0000 25.3510 0.0000 177.0071 6.4133 -1.1691 -0.0827 0.0001 0.0000 2.3898 57.7652 1.3580 -0.0001 25.3508 0.0000
11.7296 95.8943 -16.1073 0.1383 -1.3772 2.1318 -0.1352 1.6048 -0.1004 -0.1352 1.6052 -0.1005 -0.1356 1.6097 -0.1007 -87.3387 -10.0143 85.4983 126.6452 63.1018 -95.1702 32.7439 17.9203 17.5765 -1.7169 1.1003 -0.4007 0.0001 0.0000 0.0000 -0.0000 0.0000 0.0000 -0.0008 -0.0013 -0.0000 0.0001 -0.0004 0.0000 -0.0000 0.0000 0.0000 -0.0000 0.0000 0.0000 -0.0000 0.0002 0.0000 0.0003 -0.0006 0.0000 -0.0006 0.0004 0.0000 0.0001 0.0000 0.0000 -0.0000 0.0000 0.0000 -0.0002 -0.0010 -0.0000 30.0001 0.0002 -0.0001 -29.9998 0.0005 0.0002 -0.0000 0.0000 0.0000 0.2099 0.9727 2.0622 0.2099 0.9727 2.0622 87.4559 -16.3866 -84.6062 -136.7622 70.6746 105.1927 -23.7053 20.1565 -13.5880 1.1744 0.5574 0.2531 0.0001 -0.0001 0.0000 -0.0000 0.0000 0.0000 0.0003 -0.0006 0.0000 0.0001 -0.0001 0.0000 -0.0000 0.0000 0.0000 -0.0000 0.0000 0.0000 0.0001 0.0007 -0.0000 0.0001 -0.0012 0.0000 0.0003 -0.0008 0.0000 -0.0000 0.0001 0.0000 -0.0000 0.0000 0.0000 -0.0000 -0.0008 0.0000 -29.9997 0.0002 0.0001 29.9996 -0.0003 0.0001 -0.0000 0.0000 0.0000 178.1836 -0.7972 0.4549 -3.2169 -9.1472 -11.8827 33.0002 71.1143 -32.6327 -0.0000 25.3510 0.0000 177.0034 6.4166 -1.1449 -0.0827 0.0000 0.0000 2.7681 57.7099 0.9464 -0.0001 25.3508 0.0000
11.8343 95.8816 -16.1899 0.1051 -1.4437 1.9362 -0.1174 1.5893 -0.0854 -0.1174 1.5896 -0.0854 -0.1177 1.5941 -0.0857 -87.3298 -10.1340 85.5383 126.9083 63.7363 -95.4204 32.2906 18.2901 17.7235 -1.6525 1.0614 -0.3901 0.0001 0.0000 0.0000 -0.0000 0.0000 0.0000 -0.0008 -0.0013 -0.0000 0.0001 -0.0004 0.0000 -0.0000 0.0000 0.0000 -0.0000 0.0000 0.0000 -0.0000 0.0002 0.0000 0.0003 -0.0006 0.0000 -0.0006 0.0004 0.0000 0.0001 0.0000 0.0000 -0.0000 0.0000 0.0000 -0.0002 -0.0010 -0.0000 30.0001 0.0002 -0.0001 -29.9998 0.0005 0.0002 -0.0000 0.0000 0.0000 0.2432 0.9417 2.0854 0.2432 0.9417 2.0854 87.4642 -16.3650 -84.7259 -137.3281 71.2067 105.6564 -23.2295 20.3437 -13.6265 1.1224 0.5372 0.2442 0.0001 -0.0001 0.0000 -0.0000 0.0000 0.0000 0.0003 -0.0006 0.0000 0.0001 -0.0001 0.0000 -0.0000 0.0000 0.0000 -0.0000 0.0000 0.0000 0.0001 0.0007 -0.0000 0.0001 -0.0012 0.0000 0.0003 -0.0008 0.0000 -0.0000 0.0001 0.0000 -0.0000 0.0000 0.0000 -0.0000 -0.0009 0.0000 -29.9996 0.0002 0.0001 29.9996 -0.0003 0.0001 -0.0000 0.0000 0.0000 178.1604 -0.8256 0.5598 -3.2774 -9.1342 -12.0524 33.3877 71.0356 -32.9311 -0.0000 25.3510 0.0000 176.9933 6.4278 -1.1326 -0.0827 0.0001 0.0000 3.1177 57.6609 0.5766 -0.0001 25.3508 0.0000
11.9344 95.8707 -16.2731 0.0800 -1.5018 1.7571 -0.1058 1.5718 -0.0795 -0.1058 1.5721 -0.0795 -0.1061 1.5765 -0.0798 -87.3073 -10.2458 85.5712 127.1485 64.2483 -95.6618 31.9417 18.6094 17.8430 -1.6041 1.0331 -0.3827 0.0001 0.0000 0.0000 -0.0000 0.0000 0.0000 -0.0008 -0.0013 -0.0000 0.0001 -0.0004 0.0000 -0.0000 0.0000 0.0000 -0.0000 0.0000 0.0000 -0.0000 0.0002 0.0000 0.0003 -0.0006 0.0000 -0.0006 0.0004 0.0000 0.0001 0.0000 0.0000 -0.0000 0.0000 0.0000 -0.0002 -0.0010 -0.0000 30.0001 0.0002 -0.0001 -29.9998 0.0005 0.0002 -0.0000 0.0000 0.0000 0.2804 0.9059 2.1055 0.2804 0.9059 2.1055 87.4830 -16.3439 -84.8329 -137.8227 71.6282 106.0770 -22.8594 20.5128 -13.6216 1.0823 0.5200 0.2373 0.0001 -0.0001 0.0000 -0.0000 0.0000 0.0000 0.0003 -0.0006 0.0000 0.0001 -0.0001 0.0000 -0.0000 0.0000 0.0000 -0.0000 0.0000 0.0000 0.0001 0.0007 -0.0000 0.0001 -0.0012 0.0000 0.0003 -0.0008 0.0000 -0.0000 0.0001 0.0000 -0.0000 0.0000 0.0000 -0.0000 -0.0009 0.0000 -29.9996 0.0002 0.0001 29.9996 -0.0003 0.0001 -0.0000 0.0000 0.0000 178.1313 -0.8543 0.6688 -3.3390 -9.0976 -12.2000 33.7846 70.9406 -33.2287 -0.0000 25.3510 0.0000 176.9759 6.4454 -1.1175 -0.0827 0.0000 0.0000 3.4596 57.6123 0.2191 -0.0001 25.3508 0.0000
12.0341 95.8606 -16.3680 0.0662 -1.5529 1.5980 -0.1035 1.5496 -0.0804 -0.1036 1.5499 -0.0804 -0.1039 1.5544 -0.0807 -87.2644 -10.3304 85.5955 127.3346 64.5598 -95.8649 31.7467 18.8408 17.9360 -1.5754 1.0170 -0.3788 0.0001 0.0000 0.0000 -0.0000 0.0000 0.0000 -0.0008 -0.0013 -0.0000 0.0001 -0.0004 0.0000 -0.0000 0.0000 0.0000 -0.0000 0.0000 0.0000 -0.0000 0.0002 0.0000 0.0003 -0.0006 0.0000 -0.0006 0.0004 0.0000 0.0001 0.0000 0.0000 -0.0000 0.0000 0.0000 -0.0002 -0.0010 -0.0000 30.0001 0.0002 -0.0001 -29.9998 0.0005 0.0002 -0.0000 0.0000 0.0000 0.3213 0.8770 2.1119 0.3213 0.8770 2.1119 87.5117 -16.3322 -84.9208 -138.1991 71.8785 106.4451 -22.6480 20.6534 -13.6214 1.0587 0.5077 0.2330 0.0001 -0.0001 0.0000 -0.0000 0.0000 0.0000 0.0003 -0.0006 0.0000 0.0001 -0.0001 0.0000 -0.0000 0.0000 0.0000 -0.0000 0.0000 0.0000 0.0001 0.0007 -0.0000 0.0001 -0.0012 0.0000 0.0003 -0.0008 0.0000 -0.0000 0.0001 0.0000 -0.0000 0.0000 0.0000 -0.0000 -0.0008 0.0000 -29.9996 0.0002 0.0001 29.9996 -0.0003 0.0001 -0.0000 0.0000 0.0000 178.0923 -0.8819 0.7773 -3.3952 -9.0338 -12.3093 34.1912 70.8142 -33.5284 -0.0000 25.3510 0.0000 176.9452 6.4748 -1.0963 -0.0827 0.0000 0.0000 3.7904 57.5518 -0.1231 -0.0001 25.3508 0.0000
12.1351 95.8527 -16.4730 0.0591 -1.6056 1.4520 -0.1088 1.5235 -0.0817 -0.1088 1.5238 -0.0817 -0.1091 1.5281 -0.0820 -87.2059 -10.3769 85.6164 127.4496 64.6984 -96.0043 31.6885 18.9923 18.0150 -1.5624 1.0110 -0.3780 0.0001 0.0000 0.0000 -0.0000 0.0000 0.0000 -0.0008 -0.0013 -0.0000 0.0001 -0.0004 0.0000 -0.0000 0.0000 0.0000 -0.0000 0.0000 0.0000 -0.0000 0.0002 0.0000 0.0003 -0.0006 0.0000 -0.0006 0.0004 0.0000 0.0001 0.0000 0.0000 -0.0000 0.0000 0.0000 -0.0002 -0.0010 -0.0000 30.0001 0.0002 -0.0001 -29.9998 0.0005 0.0002 -0.0000 0.0000 0.0000 0.3624 0.8742 2.1046 0.3624 0.8742 2.1046 87.5434 -16.3366 -84.9899 -138.4264 71.9653 106.7149 -22.5526 20.7737 -13.6448 1.0489 0.5001 0.2313 0.0001 -0.0001 0.0000 -0.0000 0.0000 0.0000 0.0003 -0.0006 0.0000 0.0001 -0.0001 0.0000 -0.0000 0.0000 0.0000 -0.0000 0.0000 0.0000 0.0001 0.0007 -0.0000 0.0001 -0.0012 0.0000 0.0003 -0.0008 0.0000 -0.0000 0.0001 0.0000 -0.0000 0.0000 0.0000 -0.0000 -0.0008 0.0000 -29.9997 0.0002 0.0001 29.9996 -0.0003 0.0001 -0.0000 0.0000 0.0000 178.0435 -0.9144 0.8743 -3.4316 -8.9612 -12.3963 34.5600 70.6800 -33.7957 -0.0000 25.3510 0.0000 176.9066 6.5155 -1.0672 -0.0827 -0.0163 -0.0002 4.1113 57.4871 -0.4592 -0.0001 25.3508 0.0000
12.2357 95.8415 -16.5761 0.0567 -1.6636 1.3165 -0.1200 1.4942 -0.0843 -0.1201 1.4945 -0.0843 -0.1203 1.4988 -0.0845 -87.1379 -10.3965 85.6290 127.4903 64.6931 -96.0711 31.7559 19.0802 18.0617 -1.5629 1.0132 -0.3797 0.0001 0.0000 0.0000 -0.0000 0.0000 0.0000 -0.0008 -0.0013 -0.0000 0.0001 -0.0004 0.0000 -0.0000 0.0000 0.0000 -0.0000 0.0000 0.0000 -0.0000 0.0002 0.0000 0.0003 -0.0006 0.0000 -0.0006 0.0004 0.0000 0.0001 0.0000 0.0000 -0.0000 0.0000 0.0000 -0.0002 -0.0010 -0.0000 30.0001 0.0002 -0.0001 -29.9998 0.0005 0.0002 -0.0000 0.0000 0.0000 0.4027 0.8988 2.0906 0.4027 0.8988 2.0906 87.5762 -16.3416 -85.0446 -138.4777 71.9110 106.8527 -22.5651 20.8828 -13.6748 1.0504 0.4963 0.2315 0.0001 -0.0001 0.0000 -0.0000 0.0000 0.0000 0.0003 -0.0006 0.0000 0.0001 -0.0001 0.0000 -0.0000 0.0000 0.0000 -0.0000 0.0000 0.0000 0.0001 0.0007 -0.0000 0.0001 -0.0011 0.0000 0.0003 -0.0008 0.0000 -0.0000 0.0001 0.0000 -0.0000 0.0000 0.0000 -0.0000 -0.0008 0.0000 -29.9996 0.0002 0.0001 29.9996 -0.0003 0.0001 -0.0000 0.0000 0.0000 177.9913 -0.9530 0.9498 -3.4528 -8.8790 -12.4608 34.8755 70.5417 -34.0144 -0.0000 25.3511 0.0000 176.8627 6.5330 -1.0297 -0.0827 0.0001 0.0000 4.4211 57.4033 -0.7913 -0.0001 25.3508 0.0000
12.3261 95.8271 -16.6650 0.0603 -1.7319 1.1945 -0.1394 1.4580 -0.0885 -0.1394 1.4583 -0.0885 -0.1398 1.4625 -0.0888 -87.0593 -10.3938 85.6348 127.4304 64.4919 -96.0238 32.0013 19.0800 18.0371 -1.5827 1.0263 -0.3852 0.0001 0.0000 0.0000 -0.0000 0.0000 0.0000 -0.0008 -0.0013 -0.0000 0.0001 -0.0004 0.0000 -0.0000 0.0000 0.0000 -0.0000 0.0000 0.0000 -0.0000 0.0002 0.0000 0.0003 -0.0006 0.0000 -0.0006 0.0004 0.0000 0.0001 0.0000 0.0000 -0.0000 0.0000 0.0000 -0.0002 -0.0010 -0.0000 30.0001 0.0002 -0.0001 -29.9998 0.0005 0.0002 -0.0000 0.0000 0.0000 0.4443 0.9692 2.0724 0.4443 0.9692 2.0724 87.6075 -16.3488 -85.0673 -138.3123 71.6854 106.8136 -22.7502 20.9819 -13.6804 1.0682 0.4981 0.2350 0.0001 -0.0001 0.0000 -0.0000 0.0000 0.0000 0.0003 -0.0006 0.0000 0.0001 -0.0001 0.0000 -0.0000 0.0000 0.0000 -0.0000 0.0000 0.0000 0.0001 0.0007 -0.0000 0.0001 -0.0012 0.0000 0.0003 -0.0008 0.0000 -0.0000 0.0001 0.0000 -0.0000 0.0000 0.0000 -0.0000 -0.0009 0.0000 -29.9996 0.0002 0.0001 29.9996 -0.0003 0.0001 -0.0000 0.0000 0.0000 177.9393 -1.0060 0.9851 -3.4645 -8.7798 -12.4796 35.1497 70.3953 -34.1885 -0.0000 25.3510 0.0000 176.8194 6.5386 -0.9796 -0.0827 0.0001 0.0000 4.7143 57.3349 -1.1250 -0.0001 25.3508 0.0000
12.4093 95.8082 -16.7468 0.0723 -1.8081 1.0845 -0.1667 1.4167 -0.0912 -0.1667 1.4170 -0.0911 -0.1672 1.4211 -0.0914 -86.9802 -10.3797 85.6360 127.3037 64.1452 -95.8805 32.3769 19.0033 17.9491 -1.6166 1.0472 -0.3934 0.0001 0.0000 0.0000 -0.0000 0.0000 0.0000 -0.0008 -0.0013 -0.0000 0.0001 -0.0004 0.0000 -0.0000 0.0000 0.0000 -0.0000 0.0000 0.0000 -0.0000 0.0002 0.0000 0.0003 -0.0006 0.0000 -0.0006 0.0004 0.0000 0.0001 0.0000 0.0000 -0.0000 0.0000 0.0000 -0.0002 -0.0010 -0.0000 30.0001 0.0002 -0.0001 -29.9998 0.0005 0.0002 -0.0000 0.0000 0.0000 0.4905 1.0766 2.0492 0.4905 1.0766 2.0492 87.6350 -16.3655 -85.0611 -138.0103 71.3451 106.6451 -23.0833 21.0681 -13.6324 1.0983 0.5034 0.2410 0.0001 -0.0001 0.0000 -0.0000 0.0000 0.0000 0.0003 -0.0006 0.0000 0.0001 -0.0001 0.0000 -0.0000 0.0000 0.0000 -0.0000 0.0000 0.0000 0.0001 0.0007 -0.0000 0.0001 -0.0012 0.0000 0.0003 -0.0008 0.0000 -0.0000 0.0001 0.0000 -0.0000 0.0000 0.0000 -0.0000 -0.0009 0.0000 -29.9996 0.0002 0.0001 29.9996 -0.0003 0.0001 -0.0000 0.0000 0.0000 177.8832 -1.0761 1.0024 -3.4709 -8.6640 -12.4697 35.4133 70.2411 -34.3457 -0.0000 25.3510 0.0000 176.7715 6.5302 -0.9223 -0.0827 0.0001 0.0000 4.9899 57.2738 -1.4490 -0.0001 25.3508 0.0000
12.4966 95.7851 -16.8340 0.0938 -1.8919 0.9858 -0.2008 1.3721 -0.0935 -0.2008 1.3723 -0.0935 -0.2014 1.3762 -0.0937 -86.9037 -10.3613 85.6355 127.1237 63.6779 -95.6593 32.8567 18.8628 17.8005 -1.6631 1.0749 -0.4040 0.0001 0.0000 0.0000 -0.0000 0.0000 0.0000 -0.0008 -0.0013 -0.0000 0.0001 -0.0004 0.0000 -0.0000 0.0000 0.0000 -0.0000 0.0000 0.0000 -0.0000 0.0002 0.0000 0.0003 -0.0006 0.0000 -0.0006 0.0004 0.0000 0.0001 0.0000 0.0000 -0.0000 0.0000 0.0000 -0.0002 -0.0010 -0.0000 30.0001 0.0002 -0.0001 -29.9998 0.0005 0.0002 -0.0000 0.0000 0.0000 0.5396 1.2104 2.0256 0.5396 1.2104 2.0256 87.6581 -16.3892 -85.0334 -137.6180 70.9127 106.3719 -23.5409 21.1301 -13.5199 1.1387 0.5120 0.2490 0.0001 -0.0001 0.0000 -0.0000 0.0000 0.0000 0.0003 -0.0006 0.0000 0.0001 -0.0001 0.0000 -0.0000 0.0000 0.0000 -0.0000 0.0000 0.0000 0.0001 0.0007 -0.0000 0.0001 -0.0012 0.0000 0.0003 -0.0008 0.0000 -0.0000 0.0001 0.0000 -0.0000 0.0000 0.0000 -0.0000 -0.0009 0.0000 -29.9996 0.0002 0.0001 29.9996 -0.0003 0.0001 -0.0000 0.0000 0.0000 177.8210 -1.1603 1.0100 -3.4718 -8.5413 -12.4478 35.6608 70.0910 -34.4824 -0.0000 25.3510 0.0000 176.7104 6.5160 -0.8620 -0.0827 0.0001 0.0000 5.2547 57.2129 -1.7558 -0.0001 25.3508 0.0000
12.5997 95.7641 -16.9313 0.1246 -1.9814 0.9047 -0.2396 1.3236 -0.0989 -0.2396 1.3238 -0.0989 -0.2402 1.3276 -0.0992 -86.8354 -10.3445 85.6301 126.9019 63.0593 -95.3861 33.3834 18.6593 17.5782 -1.7253 1.1116 -0.4176 0.0001 0.0000 0.0000 -0.0000 0.0000 0.0000 -0.0008 -0.0013 -0.0000 0.0001 -0.0004 0.0000 -0.0000 0.0000 0.0000 -0.0000 0.0000 0.0000 -0.0000 0.0002 0.0000 0.0003 -0.0006 0.0000 -0.0006 0.0004 0.0000 0.0001 0.0000 0.0000 -0.0000 0.0000 0.0000 -0.0002 -0.0010 -0.0000 30.0001 0.0002 -0.0001 -29.9998 0.0005 0.0002 -0.0000 0.0000 0.0000 0.5857 1.3630 2.0075 0.5857 1.3630 2.0075 87.6738 -16.4120 -84.9784 -137.1291 70.3556 105.9685 -24.1383 21.1382 -13.3260 1.1922 0.5246 0.2593 0.0001 -0.0001 0.0000 -0.0000 0.0000 0.0000 0.0003 -0.0006 0.0000 0.0001 -0.0001 0.0000 -0.0000 0.0000 0.0000 -0.0000 0.0000 0.0000 0.0001 0.0007 -0.0000 0.0001 -0.0012 0.0000 0.0003 -0.0008 0.0000 -0.0000 0.0001 0.0000 -0.0000 0.0000 0.0000 -0.0000 -0.0009 0.0000 -29.9996 0.0002 0.0001 29.9996 -0.0003 0.0001 -0.0000 0.0000 0.0000 177.7584 -1.2510 1.0254 -3.4743 -8.4177 -12.4303 35.8871 69.9482 -34.5912 -0.0000 25.3510 0.0000 176.6269 6.4990 -0.7917 -0.0827 0.0000 0.0000 5.5262 57.1535 -2.0461 -0.0001 25.3508 0.0000
12.7158 95.7408 -17.0325 0.1602 -2.0716 0.8351 -0.2781 1.2742 -0.1056 -0.2781 1.2744 -0.1056 -0.2789 1.2780 -0.1060 -86.7795 -10.3280 85.6179 126.7030 62.3356 -95.1484 33.9426 18.4016 17.3317 -1.7985 1.1527 -0.4326 0.0001 0.0000 0.0000 -0.0000 0.0000 0.0000 -0.0008 -0.0013 -0.0000 0.0001 -0.0004 0.0000 -0.0000 0.0000 0.0000 -0.0000 0.0000 0.0000 -0.0000 0.0002 0.0000 0.0003 -0.0006 0.0000 -0.0006 0.0004 0.0000 0.0001 0.0000 0.0000 -0.0000 0.0000 0.0000 -0.0002 -0.0010 -0.0000 30.0001 0.0002 -0.0001 -29.9998 0.0005 0.0002 -0.0000 0.0000 0.0000 0.6232 1.5151 1.9934 0.6232 1.5151 1.9934 87.6856 -16.4359 -84.8954 -136.5735 69.7068 105.4772 -24.8054 21.1072 -13.0951 1.2560 0.5412 0.2716 0.0001 -0.0001 0.0000 -0.0000 0.0000 0.0000 0.0003 -0.0006 0.0000 0.0001 -0.0001 0.0000 -0.0000 0.0000 0.0000 -0.0000 0.0000 0.0000 0.0001 0.0007 -0.0000 0.0001 -0.0012 0.0000 0.0003 -0.0008 0.0000 -0.0000 0.0001 0.0000 -0.0000 0.0000 0.0000 -0.0000 -0.0009 0.0000 -29.9996 0.0002 0.0001 29.9996 -0.0003 0.0001 -0.0000 0.0000 0.0000 177.6966 -1.3351 1.0631 -3.4864 -8.2970 -12.4299 36.1030 69.8019 -34.6846 -0.0000 25.3510 0.0000 176.5272 6.4824 -0.7115 -0.0827 0.0000 0.0000 5.8189 57.0949 -2.3320 -0.0001 25.3508 0.0000
12.8387 95.7164 -17.1331 0.1988 -2.1606 0.7721 -0.3160 1.2260 -0.1106 -0.3161 1.2262 -0.1106 -0.3169 1.2297 -0.1109 -86.7348 -10.3045 85.5998 126.5268 61.5376 -94.9397 34.5474 18.0913 17.0674 -1.8802 1.1975 -0.4484 0.0001 0.0000 0.0000 -0.0000 0.0000 0.0000 -0.0008 -0.0013 -0.0000 0.0001 -0.0004 0.0000 -0.0000 0.0000 0.0000 -0.0000 0.0000 0.0000 -0.0000 0.0002 0.0000 0.0003 -0.0006 0.0000 -0.0006 0.0004 0.0000 0.0001 0.0000 0.0000 -0.0000 0.0000 0.0000 -0.0002 -0.0010 -0.0000 30.0001 0.0002 -0.0001 -29.9998 0.0005 0.0002 -0.0000 0.0000 0.0000 0.6524 1.6608 1.9792 0.6524 1.6608 1.9792 87.6990 -16.4635 -84.7859 -135.9709 68.9963 104.9222 -25.5278 21.0467 -12.8372 1.3288 0.5613 0.2855 0.0001 -0.0001 0.0000 -0.0000 0.0000 0.0000 0.0003 -0.0006 0.0000 0.0001 -0.0001 0.0000 -0.0000 0.0000 0.0000 -0.0000 0.0000 0.0000 0.0001 0.0007 -0.0000 0.0001 -0.0012 0.0000 0.0003 -0.0008 0.0000 -0.0000 0.0001 0.0000 -0.0000 0.0000 0.0000 -0.0000 -0.0009 0.0000 -29.9997 0.0002 0.0001 29.9996 -0.0003 0.0001 -0.0000 0.0000 0.0000 177.6291 -1.4117 1.1209 -3.4966 -8.1837 -12.4459 36.3077 69.6544 -34.7725 -0.0000 25.3510 0.0000 176.4175 6.4660 -0.6254 -0.0827 0.0001 0.0000 6.1284 57.0375 -2.6130 -0.0001 25.3508 0.0000
12.9701 95.6825 -17.2370 0.2366 -2.2456 0.7094 -0.3497 1.1834 -0.1106 -0.3498 1.1836 -0.1106 -0.3508 1.1870 -0.1108 -86.7066 -10.2662 85.5671 126.3779 60.6701 -94.7607 35.2108 17.7244 16.7591 -1.9719 1.2455 -0.4650 0.0001 0.0000 0.0000 -0.0000 0.0000 0.0000 -0.0008 -0.0013 -0.0000 0.0001 -0.0004 0.0000 -0.0000 0.0000 0.0000 -0.0000 0.0000 0.0000 -0.0001 0.0003 0.0000 0.0003 -0.0006 0.0000 -0.0006 0.0004 0.0000 0.0001 0.0000 0.0000 -0.0000 0.0000 0.0000 -0.0002 -0.0010 -0.0000 30.0001 0.0003 -0.0002 -29.9998 0.0005 0.0002 -0.0000 0.0000 0.0000 0.6642 1.7855 1.9667 0.6642 1.7855 1.9667 87.7153 -16.4916 -84.6490 -135.3507 68.2609 104.3247 -26.3419 20.9405 -12.5544 1.4107 0.5856 0.3013 0.0001 -0.0001 0.0000 -0.0000 0.0000 0.0000 0.0003 -0.0006 0.0000 0.0001 -0.0001 0.0000 -0.0000 0.0000 0.0000 -0.0000 0.0000 0.0000 0.0001 0.0007 -0.0000 0.0001 -0.0012 0.0000 0.0003 -0.0008 0.0000 -0.0000 0.0001 0.0000 -0.0000 0.0000 0.0000 -0.0000 -0.0008 0.0000 -29.9996 0.0002 0.0001 29.9996 -0.0003 0.0001 -0.0000 0.0000 0.0000 177.5590 -1.4748 1.1844 -3.4956 -8.0922 -12.4893 36.4506 69.5262 -34.8271 -0.0000 25.3510 0.0000 176.3005 6.4570 -0.5460 -0.0827 0.0001 0.0000 6.4489 56.9758 -2.8738 -0.0001 25.3508 0.0000
13.1059 95.6458 -17.3449 0.2652 -2.3248 0.6370 -0.3758 1.1467 -0.1048 -0.3758 1.1468 -0.1049 -0.3769 1.1502 -0.1051 -86.6886 -10.2089 85.5170 126.2435 59.7859 -94.5995 35.9088 17.3199 16.4276 -2.0691 1.2952 -0.4820 0.0001 0.0000 0.0000 -0.0000 0.0000 0.0000 -0.0008 -0.0013 -0.0000 0.0001 -0.0004 0.0000 -0.0000 0.0000 0.0000 -0.0000 0.0000 0.0000 -0.0000 0.0002 0.0000 0.0003 -0.0006 0.0000 -0.0006 0.0004 0.0000 0.0001 0.0000 0.0000 -0.0000 0.0000 0.0000 -0.0002 -0.0010 -0.0000 30.0001 0.0002 -0.0001 -29.9998 0.0005 0.0002 -0.0000 0.0000 0.0000 0.6570 1.8852 1.9600 0.6570 1.8852 1.9600 87.7340 -16.5172 -84.4992 -134.7039 67.5084 103.6822 -27.1853 20.8128 -12.2463 1.4988 0.6125 0.3183 0.0001 -0.0001 0.0000 -0.0000 0.0000 0.0000 0.0003 -0.0006 0.0000 0.0001 -0.0001 0.0000 -0.0000 0.0000 0.0000 -0.0000 0.0000 0.0000 0.0001 0.0007 -0.0000 0.0001 -0.0012 0.0000 0.0003 -0.0008 0.0000 -0.0000 0.0001 0.0000 -0.0000 0.0000 0.0000 -0.0000 -0.0009 0.0000 -29.9996 0.0002 0.0001 29.9996 -0.0003 0.0001 -0.0000 0.0000 0.0000 177.5043 -1.5227 1.2266 -3.4966 -8.0293 -12.5543 36.5198 69.4345 -34.8354 -0.0000 25.3510 0.0000 176.1896 6.4582 -0.4841 -0.0827 0.0000 0.0000 6.7661 56.9103 -3.1135 -0.0001 25.3508 0.0000
13.2404 95.6089 -17.4538 0.2835 -2.3998 0.5552 -0.3941 1.1181 -0.0944 -0.3941 1.1183 -0.0944 -0.3953 1.1215 -0.0946 -86.6760 -10.1388 85.4557 126.1098 58.8993 -94.4299 36.6544 16.8820 16.0764 -2.1707 1.3468 -0.4994 0.0001 0.0000 0.0000 -0.0000 0.0000 0.0000 -0.0008 -0.0013 -0.0000 0.0001 -0.0004 0.0000 -0.0000 0.0000 0.0000 -0.0000 0.0000 0.0000 -0.0000 0.0003 0.0000 0.0003 -0.0006 0.0000 -0.0006 0.0004 0.0000 0.0001 0.0000 0.0000 -0.0000 0.0000 0.0000 -0.0002 -0.0010 -0.0000 30.0001 0.0002 -0.0001 -29.9998 0.0005 0.0002 -0.0000 0.0000 0.0000 0.6341 1.9580 1.9613 0.6341 1.9580 1.9613 87.7571 -16.5376 -84.3344 -134.0214 66.7387 102.9939 -28.0299 20.6751 -11.9257 1.5928 0.6424 0.3366 0.0001 -0.0001 0.0000 -0.0000 0.0000 0.0000 0.0003 -0.0006 0.0000 0.0001 -0.0001 0.0000 -0.0000 0.0000 0.0000 -0.0000 0.0000 0.0000 0.0001 0.0007 -0.0000 0.0001 -0.0012 0.0000 0.0003 -0.0008 0.0000 -0.0000 0.0001 0.0000 -0.0000 0.0000 0.0000 -0.0000 -0.0009 0.0000 -29.9997 0.0002 0.0001 29.9996 -0.0003 0.0001 -0.0000 0.0000 0.0000 177.4679 -1.5551 1.2430 -3.5087 -7.9938 -12.6270 36.5477 69.3725 -34.8182 -0.0000 25.3510 0.0000 176.0903 6.4662 -0.4384 -0.0827 0.0001 0.0000 7.0745 56.8429 -3.3353 -0.0001 25.3508 0.0000
13.3650 95.5710 -17.5614 0.2861 -2.4725 0.4577 -0.4013 1.1058 -0.0785 -0.4013 1.1059 -0.0785 -0.4025 1.1091 -0.0788 -86.6680 -10.0517 85.3765 125.9576 58.0618 -94.2028 37.5499 16.3906 15.6717 -2.2787 1.4017 -0.5182 0.0001 0.0000 0.0000 -0.0000 0.0000 0.0000 -0.0008 -0.0013 -0.0000 0.0001 -0.0004 0.0000 -0.0000 0.0000 0.0000 -0.0000 0.0000 0.0000 -0.0000 0.0003 0.0000 0.0003 -0.0006 0.0000 -0.0006 0.0004 0.0000 0.0001 0.0000 0.0000 -0.0000 0.0000 0.0000 -0.0002 -0.0010 -0.0000 30.0001 0.0002 -0.0001 -29.9998 0.0005 0.0002 -0.0000 0.0000 0.0000 0.5939 1.9867 1.9797 0.5939 1.9867 1.9797 87.7872 -16.5491 -84.1458 -133.3156 65.9844 102.2682 -28.8642 20.5312 -11.5876 1.6904 0.6747 0.3559 0.0001 -0.0001 0.0000 -0.0000 0.0000 0.0000 0.0003 -0.0006 0.0000 0.0001 -0.0001 0.0000 -0.0000 0.0000 0.0000 -0.0000 0.0000 0.0000 0.0001 0.0007 -0.0000 0.0001 -0.0012 0.0000 0.0003 -0.0008 0.0000 -0.0000 0.0001 0.0000 -0.0000 0.0000 0.0000 -0.0000 -0.0009 0.0000 -29.9996 0.0002 0.0001 29.9996 -0.0003 0.0001 -0.0000 0.0000 0.0000 177.4516 -1.5649 1.2176 -3.5360 -8.0009 -12.6910 36.5803 69.3391 -34.8139 -0.0000 25.3510 0.0000 176.0149 6.4785 -0.4173 -0.0827 0.0000 0.0000 7.3604 56.7736 -3.5335 -0.0001 25.3508 0.0000
13.4783 95.5326 -17.6686 0.2755 -2.5450 0.3475 -0.4001 1.1079 -0.0610 -0.4002 1.1081 -0.0610 -0.4013 1.1113 -0.0612 -86.6612 -9.9614 85.2838 125.7994 57.2992 -93.9311 38.4554 15.8798 15.2465 -2.3844 1.4555 -0.5366 0.0001 0.0000 0.0000 -0.0000 0.0000 0.0000 -0.0008 -0.0013 -0.0000 0.0001 -0.0004 0.0000 -0.0000 0.0000 0.0000 -0.0000 0.0000 0.0000 -0.0000 0.0002 0.0000 0.0003 -0.0006 0.0000 -0.0006 0.0004 0.0000 0.0001 0.0000 0.0000 -0.0000 0.0000 0.0000 -0.0002 -0.0010 -0.0000 30.0001 0.0002 -0.0001 -29.9998 0.0005 0.0002 -0.0000 0.0000 0.0000 0.5461 1.9788 2.0170 0.5461 1.9788 2.0170 87.8184 -16.5479 -83.9461 -132.7274 65.3282 101.6544 -29.7240 20.3643 -11.2599 1.7865 0.7071 0.3750 0.0001 -0.0001 0.0000 -0.0000 0.0000 0.0000 0.0003 -0.0006 0.0000 0.0001 -0.0001 0.0000 -0.0000 0.0000 0.0000 -0.0000 0.0000 0.0000 0.0001 0.0007 -0.0000 0.0001 -0.0011 0.0000 0.0003 -0.0008 0.0000 -0.0000 0.0001 0.0000 -0.0000 0.0000 0.0000 -0.0000 -0.0009 0.0000 -29.9996 0.0002 0.0001 29.9996 -0.0003 0.0001 -0.0000 0.0000 0.0000 177.4439 -1.5560 1.1621 -3.5700 -8.0483 -12.7339 36.6755 69.3142 -34.8676 -0.0000 25.3510 0.0000 175.9611 6.4933 -0.4180 -0.0827 0.0001 0.0000 7.6176 56.7011 -3.7092 -0.0001 25.3508 0.0000
13.5814 95.4914 -17.7767 0.2533 -2.6186 0.2295 -0.3922 1.1224 -0.0442 -0.3922 1.1225 -0.0442 -0.3933 1.1258 -0.0443 -86.6539 -9.8751 85.1829 125.6466 56.6108 -93.6395 39.3501 15.3584 14.8308 -2.4866 1.5079 -0.5544 0.0001 0.0000 0.0000 -0.0000 0.0000 0.0000 -0.0008 -0.0013 -0.0000 0.0001 -0.0004 0.0000 -0.0000 0.0000 0.0000 -0.0000 0.0000 0.0000 -0.0000 0.0003 0.0000 0.0003 -0.0006 0.0000 -0.0006 0.0004 0.0000 0.0001 0.0000 0.0000 -0.0000 0.0000 0.0000 -0.0002 -0.0010 -0.0000 30.0001 0.0002 -0.0001 -29.9998 0.0005 0.0002 -0.0000 0.0000 0.0000 0.4956 1.9411 2.0709 0.4956 1.9411 2.0709 87.8487 -16.5333 -83.7462 -132.1991 64.7197 101.0965 -30.5480 20.1835 -10.9382 1.8807 0.7391 0.3936 0.0001 -0.0001 0.0000 -0.0000 0.0000 0.0000 0.0002 -0.0006 0.0000 0.0001 -0.0001 0.0000 -0.0000 0.0000 0.0000 -0.0000 0.0000 0.0000 0.0001 0.0007 -0.0000 0.0001 -0.0012 0.0000 0.0003 -0.0008 0.0000 -0.0000 0.0001 0.0000 -0.0000 0.0000 0.0000 -0.0000 -0.0008 0.0000 -29.9996 0.0002 0.0001 29.9996 -0.0003 0.0001 -0.0000 0.0000 0.0000 177.4455 -1.5344 1.0933 -3.6105 -8.1307 -12.7627 36.8359 69.2919 -34.9817 -0.0000 25.3510 0.0000 175.9264 6.5095 -0.4323 -0.0827 0.0001 0.0000 7.8501 56.6240 -3.8683 -0.0001 25.3508 0.0000
13.6644 95.4484 -17.8796 0.2136 -2.6947 0.1087 -0.3754 1.1506 -0.0311 -0.3754 1.1507 -0.0311 -0.3765 1.1541 -0.0311 -86.6416 -9.8036 85.0938 125.5054 56.0374 -93.3429 40.1869 14.8626 14.4450 -2.5786 1.5551 -0.5704 0.0001 0.0000 0.0000 -0.0000 0.0000 0.0000 -0.0008 -0.0013 -0.0000 0.0001 -0.0004 0.0000 -0.0000 0.0000 0.0000 -0.0000 0.0000 0.0000 -0.0000 0.0003 0.0000 0.0003 -0.0006 0.0000 -0.0006 0.0004 0.0000 0.0001 0.0000 0.0000 -0.0000 0.0000 0.0000 -0.0002 -0.0010 -0.0000 30.0001 0.0002 -0.0001 -29.9998 0.0005 0.0002 -0.0000 0.0000 0.0000 0.4497 1.8742 2.1411 0.4497 1.8742 2.1411 87.8761 -16.5026 -83.5627 -131.7272 64.1591 100.6041 -31.2559 19.9963 -10.6618 1.9702 0.7720 0.4115 0.0001 -0.0001 0.0000 -0.0000 0.0000 0.0000 0.0003 -0.0006 0.0000 0.0001 -0.0001 0.0000 -0.0000 0.0000 0.0000 -0.0000 0.0000 0.0000 0.0001 0.0007 -0.0000 0.0001 -0.0012 0.0000 0.0003 -0.0008 0.0000 -0.0000 0.0001 0.0000 -0.0000 0.0000 0.0000 -0.0000 -0.0008 0.0000 -29.9996 0.0002 0.0001 29.9996 -0.0003 0.0001 -0.0000 0.0000 0.0000 177.4586 -1.5069 1.0257 -3.6503 -8.2522 -12.7802 37.0786 69.2721 -35.1758 -0.0000 25.3510 0.0000 175.9229 6.5295 -0.4503 -0.0827 -0.0163 -0.0002 8.0591 56.5523 -4.0223 -0.0001 25.3508 0.0000
13.7303 95.4058 -17.9654 0.1633 -2.7692 -0.0109 -0.3540 1.1820 -0.0221 -0.3540 1.1822 -0.0221 -0.3550 1.1856 -0.0221 -86.6279 -9.7452 85.0279 125.3860 55.5761 -93.0883 40.9167 14.4250 14.1138 -2.6576 1.5946 -0.5838 0.0001 0.0000 0.0000 -0.0000 0.0000 0.0000 -0.0008 -0.0013 -0.0000 0.0001 -0.0004 0.0000 -0.0000 0.0000 0.0000 -0.0000 0.0000 0.0000 -0.0001 0.0002 0.0000 0.0003 -0.0006 0.0000 -0.0006 0.0004 0.0000 0.0001 0.0000 0.0000 -0.0000 0.0000 0.0000 -0.0002 -0.0010 -0.0000 30.0001 0.0003 -0.0002 -29.9998 0.0005 0.0002 -0.0000 0.0000 0.0000 0.4135 1.7972 2.2176 0.4135 1.7972 2.2176 87.8957 -16.4654 -83.4134 -131.3965 63.7064 100.2687 -31.8609 19.7969 -10.4510 2.0469 0.8008 0.4260 0.0001 -0.0001 0.0000 -0.0000 0.0000 0.0000 0.0003 -0.0006 0.0000 0.0001 -0.0001 0.0000 -0.0000 0.0000 0.0000 -0.0000 0.0000 0.0000 0.0001 0.0007 -0.0000 0.0001 -0.0012 0.0000 0.0003 -0.0008 0.0000 -0.0000 0.0001 0.0000 -0.0000 0.0000 0.0000 -0.0000 -0.0008 0.0000 -29.9996 0.0002 0.0001 29.9996 -0.0003 0.0001 -0.0000 0.0000 0.0000 177.4741 -1.4861 0.9688 -3.6801 -8.3860 -12.7953 37.3657 69.2561 -35.4182 -0.0000 25.3511 0.0000 175.9427 6.6947 -0.4625 -0.0827 -0.3419 -0.0043 8.2843 56.6402 -4.2150 -0.0001 25.3508 0.0000
13.7811 95.3643 -18.0292 0.1077 -2.8390 -0.1302 -0.3302 1.2112 -0.0158 -0.3303 1.2114 -0.0158 -0.3312 1.2148 -0.0159 -86.6153 -9.6966 84.9855 125.3032 55.2284 -92.9031 41.5196 14.0561 13.8578 -2.7173 1.6169 -0.5910 0.0001 0.0000 0.0000 -0.0000 0.0000 0.0000 -0.0008 -0.0013 -0.0000 0.0001 -0.0004 0.0000 -0.0000 0.0000 0.0000 -0.0000 0.0000 0.0000 -0.0000 0.0002 0.0000 0.0003 -0.0006 0.0000 -0.0006 0.0004 0.0000 0.0001 0.0000 0.0000 -0.0000 0.0000 0.0000 -0.0002 -0.0010 -0.0000 30.0001 0.0002 -0.0001 -29.9998 0.0005 0.0002 -0.0000 0.0000 0.0000 0.3862 1.7207 2.2939 0.3862 1.7207 2.2939 87.9062 -16.4254 -83.3051 -131.2118 63.3708 100.1032 -32.3599 19.5934 -10.3119 2.1074 0.8230 0.4364 0.0001 -0.0001 0.0000 -0.0000 0.0000 0.0000 0.0003 -0.0006 0.0000 0.0001 -0.0001 0.0000 -0.0000 0.0000 0.0000 -0.0000 0.0000 0.0000 0.0001 0.0007 -0.0000 0.0001 -0.0012 0.0000 0.0003 -0.0008 0.0000 -0.0000 0.0001 0.0000 -0.0000 0.0000 0.0000 -0.0000 -0.0009 0.0000 -29.9997 0.0002 0.0001 29.9996 -0.0003 0.0001 -0.0000 0.0000 0.0000 177.4892 -1.4763 0.9199 -3.7027 -8.5164 -12.8084 37.6771 69.2419 -35.6893 -0.0000 25.3510 0.0000 175.9796 7.0761 -0.4732 -0.0829 -1.1189 -0.0143 8.5422 56.9631 -4.4638 -0.0001 25.3508 0.0000
13.8112 95.3283 -18.0620 0.0495 -2.8976 -0.2456 -0.3058 1.2312 -0.0126 -0.3059 1.2314 -0.0127 -0.3067 1.2349 -0.0127 -86.6043 -9.6572 84.9785 125.2987 55.0684 -92.8506 41.9046 13.8063 13.7245 -2.7382 1.5994 -0.5836 0.0001 0.0000 0.0000 -0.0000 0.0000 0.0000 -0.0008 -0.0013 -0.0000 0.0001 -0.0004 0.0000 -0.0000 0.0000 0.0000 -0.0000 0.0000 0.0000 -0.0000 0.0002 0.0000 0.0003 -0.0006 0.0000 -0.0006 0.0004 0.0000 0.0001 0.0000 0.0000 -0.0000 0.0000 0.0000 -0.0002 -0.0010 -0.0000 30.0001 0.0003 -0.0002 -29.9998 0.0005 0.0002 -0.0000 0.0000 0.0000 0.3701 1.6658 2.3614 0.3701 1.6658 2.3614 87.9066 -16.3847 -83.2649 -131.1637 63.1432 100.1204 -32.6043 19.4093 -10.2771 2.1433 0.8352 0.4405 0.0001 -0.0001 0.0000 -0.0000 0.0000 0.0000 0.0002 -0.0006 0.0000 0.0001 -0.0001 0.0000 -0.0000 0.0000 0.0000 -0.0000 0.0000 0.0000 0.0001 0.0007 -0.0000 0.0001 -0.0012 0.0000 0.0003 -0.0008 0.0000 -0.0000 0.0001 0.0000 -0.0000 0.0000 0.0000 -0.0000 -0.0009 0.0000 -29.9997 0.0002 0.0001 29.9996 -0.0003 0.0001 -0.0000 0.0000 0.0000 177.5074 -1.4917 0.8848 -3.7213 -8.6209 -12.8208 37.9969 69.2311 -35.9784 -0.0000 25.3510 0.0000 176.0341 7.6358 -0.4914 -0.0833 -2.2732 -0.0296 8.8089 57.4911 -4.7448 -0.0001 25.3508 0.0000
13.8219 95.2954 -18.0798 -0.0096 -2.9440 -0.3541 -0.2817 1.2406 -0.0116 -0.2817 1.2408 -0.0116 -0.2826 1.2444 -0.0117 -86.5937 -9.6246 84.9973 125.2986 55.0242 -92.8721 42.0860 13.6547 13.6803 -2.7499 1.5931 -0.5798 0.0001 0.0000 0.0000 -0.0000 0.0000 0.0000 -0.0008 -0.0013 -0.0000 0.0001 -0.0004 0.0000 -0.0000 0.0000 0.0000 -0.0000 0.0000 0.0000 -0.0000 0.0002 0.0000 0.0003 -0.0006 0.0000 -0.0006 0.0004 0.0000 0.0001 0.0000 0.0000 -0.0000 0.0000 0.0000 -0.0002 -0.0010 -0.0000 30.0001 0.0002 -0.0001 -29.9998 0.0005 0.0002 -0.0000 0.0000 0.0000 0.3603 1.6417 2.4150 0.3603 1.6417 2.4150 87.9038 -16.3501 -83.2738 -131.2379 63.0324 100.2893 -32.6412 19.2522 -10.3303 2.1564 0.8380 0.4392 0.0001 -0.0001 0.0000 -0.0000 0.0000 0.0000 0.0003 -0.0006 0.0000 0.0001 -0.0001 0.0000 -0.0000 0.0000 0.0000 -0.0000 0.0000 0.0000 0.0001 0.0007 -0.0000 0.0001 -0.0012 0.0000 0.0003 -0.0008 0.0000 -0.0000 0.0001 0.0000 -0.0000 0.0000 0.0000 -0.0000 -0.0009 0.0000 -29.9997 0.0002 0.0001 29.9996 -0.0003 0.0001 -0.0000 0.0000 0.0000 177.5311 -1.5282 0.8626 -3.7359 -8.6956 -12.8462 38.2790 69.2323 -36.2400 -0.0000 25.3510 0.0000 176.1016 8.1423 -0.5244 -0.0840 -3.3184 -0.0437 9.0229 57.9758 -4.9785 -0.0001 25.3508 0.0000
13.8185 95.2654 -18.0876 -0.0687 -2.9773 -0.4557 -0.2578 1.2417 -0.0128 -0.2578 1.2419 -0.0128 -0.2586 1.2454 -0.0129 -86.5828 -9.6002 85.0345 125.3088 55.0910 -92.9608 42.0952 13.5892 13.7054 -2.7535 1.5966 -0.5791 0.0001 0.0000 0.0000 -0.0000 0.0000 0.0000 -0.0008 -0.0013 -0.0000 0.0001 -0.0004 0.0000 -0.0000 0.0000 0.0000 -0.0000 0.0000 0.0000 -0.0000 0.0002 0.0000 0.0003 -0.0006 0.0000 -0.0006 0.0004 0.0000 0.0001 0.0000 0.0000 -0.0000 0.0000 0.0000 -0.0002 -0.0010 -0.0000 30.0001 0.0002 -0.0001 -29.9998 0.0005 0.0002 -0.0000 0.0000 0.0000 0.3539 1.6427 2.4567 0.3539 1.6427 2.4567 87.9006 -16.3220 -83.3163 -131.4126 63.0396 100.5743 -32.5060 19.1309 -10.4445 2.1491 0.8328 0.4335 0.0001 -0.0001 0.0000 -0.0000 0.0000 0.0000 0.0003 -0.0006 0.0000 0.0001 -0.0001 0.0000 -0.0000 0.0000 0.0000 -0.0000 0.0000 0.0000 0.0001 0.0007 -0.0000 0.0001 -0.0011 0.0000 0.0003 -0.0008 0.0000 -0.0000 0.0001 0.0000 -0.0000 0.0000 0.0000 -0.0000 -0.0009 0.0000 -29.9996 0.0002 0.0001 29.9996 -0.0003 0.0001 -0.0000 0.0000 0.0000 177.5569 -1.5782 0.8504 -3.7452 -8.7437 -12.8884 38.5119 69.2453 -36.4591 -0.0000 25.3510 0.0000 176.1773 8.5288 -0.5737 -0.0847 -4.1125 -0.0543 9.1663 58.3454 -5.1374 -0.0001 25.3508 0.0000
13.8047 95.2385 -18.0782 -0.1267 -2.9906 -0.5440 -0.2336 1.2354 -0.0195 -0.2337 1.2356 -0.0195 -0.2343 1.2391 -0.0195 -86.5733 -9.5965 85.0900 125.3329 55.3114 -93.1292 41.8575 13.6506 13.8017 -2.7463 1.6128 -0.5833 0.0001 0.0000 0.0000 -0.0000 0.0000 0.0000 -0.0008 -0.0013 -0.0000 0.0001 -0.0004 0.0000 -0.0000 0.0000 0.0000 -0.0000 0.0000 0.0000 -0.0000 0.0002 0.0000 0.0003 -0.0006 0.0000 -0.0006 0.0004 0.0000 0.0001 0.0000 0.0000 -0.0000 0.0000 0.0000 -0.0002 -0.0010 -0.0000 30.0001 0.0003 -0.0002 -29.9998 0.0005 0.0002 -0.0000 0.0000 0.0000 0.3502 1.6669 2.4851 0.3502 1.6669 2.4851 87.8940 -16.2992 -83.3946 -131.6914 63.2191 100.9920 -32.1383 19.0945 -10.6357 2.1138 0.8169 0.4230 0.0001 -0.0001 0.0000 -0.0000 0.0000 0.0000 0.0003 -0.0006 0.0000 0.0001 -0.0001 0.0000 -0.0000 0.0000 0.0000 -0.0000 0.0000 0.0000 0.0001 0.0007 -0.0000 0.0001 -0.0012 0.0000 0.0003 -0.0008 0.0000 -0.0000 0.0001 0.0000 -0.0000 0.0000 0.0000 -0.0000 -0.0008 0.0000 -29.9997 0.0002 0.0001 29.9996 -0.0003 0.0001 -0.0000 0.0000 0.0000 177.5855 -1.6379 0.8579 -3.7487 -8.7563 -12.9564 38.6738 69.2692 -36.6131 -0.0000 25.3510 0.0000 176.2571 8.8333 -0.6432 -0.0853 -4.7295 -0.0627 9.2352 58.6441 -5.2087 -0.0001 25.3508 0.0000
13.7890 95.2168 -18.0517 -0.1855 -2.9891 -0.6165 -0.2106 1.2283 -0.0291 -0.2106 1.2285 -0.0291 -0.2112 1.2321 -0.0292 -86.5636 -9.6086 85.1516 125.4301 55.6792 -93.3717 41.4224 13.8144 13.9298 -2.7058 1.5944 -0.5760 0.0001 0.0000 0.0000 -0.0000 0.0000 0.0000 -0.0008 -0.0013 -0.0000 0.0001 -0.0004 0.0000 -0.0000 0.0000 0.0000 -0.0000 0.0000 0.0000 -0.0000 0.0003 0.0000 0.0003 -0.0006 0.0000 -0.0006 0.0004 0.0000 0.0001 0.0000 0.0000 -0.0000 0.0000 0.0000 -0.0002 -0.0010 -0.0000 30.0001 0.0002 -0.0001 -29.9998 0.0005 0.0002 -0.0000 0.0000 0.0000 0.3510 1.6978 2.4988 0.3510 1.6978 2.4988 87.8853 -16.2806 -83.4925 -132.0122 63.5377 101.4795 -31.6239 19.1405 -10.8865 2.0593 0.7946 0.4098 0.0001 -0.0001 0.0000 -0.0000 0.0000 0.0000 0.0003 -0.0006 0.0000 0.0001 -0.0001 0.0000 -0.0000 0.0000 0.0000 -0.0000 0.0000 0.0000 0.0001 0.0007 -0.0000 0.0001 -0.0012 0.0000 0.0003 -0.0008 0.0000 -0.0000 0.0001 0.0000 -0.0000 0.0000 0.0000 -0.0000 -0.0009 0.0000 -29.9997 0.0002 0.0001 29.9996 -0.0003 0.0001 -0.0000 0.0000 0.0000 177.6148 -1.6979 0.8705 -3.7426 -8.7495 -13.0198 38.8021 69.2933 -36.7371 -0.0000 25.3510 0.0000 176.3368 9.0824 -0.7235 -0.0860 -5.2339 -0.0700 9.2542 58.9034 -5.2129 -0.0001 25.3508 0.0000
13.7716 95.1994 -18.0128 -0.2459 -2.9745 -0.6714 -0.1897 1.2222 -0.0407 -0.1897 1.2224 -0.0407 -0.1903 1.2259 -0.0408 -86.5511 -9.6326 85.2169 125.5765 56.1572 -93.6521 40.8193 14.0646 14.0834 -2.6402 1.5534 -0.5618 0.0001 0.0000 0.0000 -0.0000 0.0000 0.0000 -0.0008 -0.0013 -0.0000 0.0001 -0.0004 0.0000 -0.0000 0.0000 0.0000 -0.0000 0.0000 0.0000 -0.0000 0.0002 0.0000 0.0003 -0.0006 0.0000 -0.0006 0.0004 0.0000 0.0001 0.0000 0.0000 -0.0000 0.0000 0.0000 -0.0002 -0.0010 -0.0000 30.0001 0.0002 -0.0001 -29.9998 0.0005 0.0002 -0.0000 0.0000 0.0000 0.3594 1.7195 2.4990 0.3594 1.7195 2.4990 87.8750 -16.2706 -83.5992 -132.3720 63.9770 102.0076 -31.0059 19.2452 -11.1738 1.9898 0.7680 0.3948 0.0001 -0.0001 0.0000 -0.0000 0.0000 0.0000 0.0003 -0.0006 0.0000 0.0001 -0.0001 0.0000 -0.0000 0.0000 0.0000 -0.0000 0.0000 0.0000 0.0001 0.0007 -0.0000 0.0001 -0.0012 0.0000 0.0003 -0.0008 0.0000 -0.0000 0.0001 0.0000 -0.0000 0.0000 0.0000 -0.0000 -0.0008 0.0000 -29.9996 0.0002 0.0001 29.9996 -0.0003 0.0001 -0.0000 0.0000 0.0000 177.6465 -1.7526 0.8824 -3.7282 -8.7346 -13.0652 38.9164 69.3149 -36.8498 -0.0000 25.3510 0.0000 176.4169 9.2845 -0.8114 -0.0865 -5.6411 -0.0762 9.2213 59.1292 -5.1445 -0.0001 25.3508 0.0000
13.7456 95.1877 -17.9647 -0.3108 -2.9412 -0.6974 -0.1711 1.2193 -0.0552 -0.1711 1.2195 -0.0552 -0.1716 1.2230 -0.0554 -86.5351 -9.6700 85.2843 125.7440 56.7632 -93.9289 40.0153 14.4330 14.2890 -2.5511 1.5032 -0.5453 0.0001 0.0000 0.0000 -0.0000 0.0000 0.0000 -0.0008 -0.0013 -0.0000 0.0001 -0.0004 0.0000 -0.0000 0.0000 0.0000 -0.0000 0.0000 0.0000 -0.0000 0.0003 0.0000 0.0003 -0.0006 0.0000 -0.0006 0.0004 0.0000 0.0001 0.0000 0.0000 -0.0000 0.0000 0.0000 -0.0002 -0.0010 -0.0000 30.0001 0.0003 -0.0002 -29.9998 0.0005 0.0002 -0.0000 0.0000 0.0000 0.3778 1.7088 2.4833 0.3778 1.7088 2.4833 87.8561 -16.2812 -83.7117 -132.8033 64.5658 102.5632 -30.2624 19.4033 -11.4846 1.9025 0.7368 0.3777 0.0001 -0.0001 0.0000 -0.0000 0.0000 0.0000 0.0003 -0.0006 0.0000 0.0001 -0.0001 0.0000 -0.0000 0.0000 0.0000 -0.0000 0.0000 0.0000 0.0001 0.0007 -0.0000 0.0001 -0.0012 0.0000 0.0003 -0.0008 0.0000 -0.0000 0.0001 0.0000 -0.0000 0.0000 0.0000 -0.0000 -0.0009 0.0000 -29.9996 0.0002 0.0001 29.9996 -0.0003 0.0001 -0.0000 0.0000 0.0000 177.6870 -1.7943 0.8923 -3.7075 -8.7198 -13.0783 39.0300 69.3345 -36.9635 -0.0000 25.3510 0.0000 176.5025 9.4489 -0.9067 -0.0869 -5.9571 -0.0814 9.1120 59.3288 -4.9664 -0.0001 25.3508 0.0000
13.7045 95.1794 -17.9147 -0.3809 -2.8939 -0.6992 -0.1520 1.2191 -0.0721 -0.1520 1.2193 -0.0721 -0.1524 1.2228 -0.0724 -86.5200 -9.7144 85.3481 125.9200 57.4518 -94.1746 39.0958 14.8791 14.5456 -2.4471 1.4491 -0.5278 0.0001 0.0000 0.0000 -0.0000 0.0000 0.0000 -0.0008 -0.0013 -0.0000 0.0001 -0.0004 0.0000 -0.0000 0.0000 0.0000 -0.0000 0.0000 0.0000 -0.0000 0.0002 0.0000 0.0003 -0.0006 0.0000 -0.0006 0.0004 0.0000 0.0001 0.0000 0.0000 -0.0000 0.0000 0.0000 -0.0002 -0.0010 -0.0000 30.0001 0.0002 -0.0001 -29.9998 0.0005 0.0002 -0.0000 0.0000 0.0000 0.3968 1.6663 2.4600 0.3968 1.6663 2.4600 87.8239 -16.3060 -83.8292 -133.2791 65.2397 103.1068 -29.4332 19.5783 -11.7785 1.8092 0.7064 0.3608 0.0001 -0.0001 0.0000 -0.0000 0.0000 0.0000 0.0003 -0.0006 0.0000 0.0001 -0.0001 0.0000 -0.0000 0.0000 0.0000 -0.0000 0.0000 0.0000 0.0001 0.0007 -0.0000 0.0001 -0.0012 0.0000 0.0003 -0.0008 0.0000 -0.0000 0.0001 0.0000 -0.0000 0.0000 0.0000 -0.0000 -0.0009 0.0000 -29.9997 0.0002 0.0001 29.9996 -0.0003 0.0001 -0.0000 0.0000 0.0000 177.7350 -1.8231 0.8941 -3.6826 -8.7163 -13.0617 39.1493 69.3606 -37.0839 -0.0000 25.3510 0.0000 176.5981 9.6006 -1.0034 -0.0874 -6.2303 -0.0861 8.9537 59.5166 -4.7220 -0.0001 25.3508 0.0000
13.6502 95.1740 -17.8597 -0.4537 -2.8356 -0.6816 -0.1334 1.2213 -0.0894 -0.1335 1.2215 -0.0894 -0.1338 1.2250 -0.0896 -86.5067 -9.7624 85.4029 126.1159 58.1950 -94.3910 38.1037 15.3658 14.8499 -2.3336 1.3938 -0.5096 0.0001 0.0000 0.0000 -0.0000 0.0000 0.0000 -0.0008 -0.0013 -0.0000 0.0001 -0.0004 0.0000 -0.0000 0.0000 0.0000 -0.0000 0.0000 0.0000 -0.0000 0.0002 0.0000 0.0003 -0.0006 0.0000 -0.0006 0.0004 0.0000 0.0001 0.0000 0.0000 -0.0000 0.0000 0.0000 -0.0002 -0.0010 -0.0000 30.0001 0.0002 -0.0001 -29.9998 0.0005 0.0002 -0.0000 0.0000 0.0000 0.4145 1.5977 2.4310 0.4145 1.5977 2.4310 87.7856 -16.3428 -83.9477 -133.7888 65.9744 103.6288 -28.5525 19.7626 -12.0369 1.7127 0.6759 0.3438 0.0001 -0.0001 0.0000 -0.0000 0.0000 0.0000 0.0003 -0.0006 0.0000 0.0001 -0.0001 0.0000 -0.0000 0.0000 0.0000 -0.0000 0.0000 0.0000 0.0001 0.0007 -0.0000 0.0001 -0.0012 0.0000 0.0003 -0.0008 0.0000 -0.0000 0.0001 0.0000 -0.0000 0.0000 0.0000 -0.0000 -0.0009 0.0000 -29.9996 0.0002 0.0001 29.9996 -0.0003 0.0001 -0.0000 0.0000 0.0000 177.7875 -1.8382 0.8844 -3.6537 -8.7287 -13.0216 39.2703 69.3981 -37.2070 -0.0000 25.3511 0.0000 176.7014 9.7431 -1.1007 -0.0878 -6.4755 -0.0905 8.7559 59.6969 -4.4294 -0.0001 25.3508 0.0000
13.5845 95.1716 -17.7887 -0.5267 -2.7627 -0.6391 -0.1172 1.2265 -0.1078 -0.1173 1.2266 -0.1078 -0.1176 1.2302 -0.1081 -86.4970 -9.8197 85.4407 126.3413 58.9794 -94.5656 37.0564 15.8789 15.2258 -2.2125 1.3394 -0.4910 0.0001 0.0000 0.0000 -0.0000 0.0000 0.0000 -0.0008 -0.0013 -0.0000 0.0001 -0.0004 0.0000 -0.0000 0.0000 0.0000 -0.0000 0.0000 0.0000 -0.0000 0.0002 0.0000 0.0003 -0.0006 0.0000 -0.0006 0.0004 0.0000 0.0001 0.0000 0.0000 -0.0000 0.0000 0.0000 -0.0002 -0.0010 -0.0000 30.0001 0.0002 -0.0001 -29.9998 0.0005 0.0002 -0.0000 0.0000 0.0000 0.4291 1.4990 2.3998 0.4291 1.4989 2.3998 87.7522 -16.3943 -84.0461 -134.3373 66.7737 104.0964 -27.6528 19.9528 -12.2190 1.6139 0.6451 0.3271 0.0001 -0.0001 0.0000 -0.0000 0.0000 0.0000 0.0003 -0.0006 0.0000 0.0001 -0.0001 0.0000 -0.0000 0.0000 0.0000 -0.0000 0.0000 0.0000 0.0001 0.0007 -0.0000 0.0001 -0.0011 0.0000 0.0003 -0.0008 0.0000 -0.0000 0.0001 0.0000 -0.0000 0.0000 0.0000 -0.0000 -0.0009 0.0000 -29.9997 0.0002 0.0001 29.9996 -0.0003 0.0001 -0.0000 0.0000 0.0000 177.8465 -1.8343 0.8599 -3.6251 -8.7629 -12.9530 39.3915 69.4516 -37.3319 -0.0000 25.3510 0.0000 176.8087 9.8694 -1.2027 -0.0882 -6.6876 -0.0949 8.4997 59.8729 -4.0725 -0.0001 25.3508 0.0000
13.5113 95.1722 -17.6986 -0.5982 -2.6786 -0.5807 -0.1014 1.2338 -0.1306 -0.1014 1.2340 -0.1307 -0.1017 1.2375 -0.1311 -86.4948 -9.8922 85.4708 126.5810 59.7593 -94.7181 36.0206 16.3953 15.6479 -2.0932 1.2877 -0.4728 0.0001 0.0000 0.0000 -0.0000 0.0000 0.0000 -0.0008 -0.0013 -0.0000 0.0001 -0.0004 0.0000 -0.0000 0.0000 0.0000 -0.0000 0.0000 0.0000 -0.0000 0.0002 0.0000 0.0003 -0.0006 0.0000 -0.0006 0.0004 0.0000 0.0001 0.0000 0.0000 -0.0000 0.0000 0.0000 -0.0002 -0.0010 -0.0000 30.0001 0.0003 -0.0002 -29.9998 0.0005 0.0002 -0.0000 0.0000 0.0000 0.4377 1.3913 2.3767 0.4377 1.3913 2.3767 87.7245 -16.4471 -84.1314 -134.9373 67.5660 104.5413 -26.7558 20.1248 -12.3314 1.5189 0.6152 0.3110 0.0001 -0.0001 0.0000 -0.0000 0.0000 0.0000 0.0003 -0.0006 0.0000 0.0001 -0.0001 0.0000 -0.0000 0.0000 0.0000 -0.0000 0.0000 0.0000 0.0001 0.0007 -0.0000 0.0001 -0.0012 0.0000 0.0003 -0.0008 0.0000 -0.0000 0.0001 0.0000 -0.0000 0.0000 0.0000 -0.0000 -0.0009 0.0000 -29.9997 0.0002 0.0001 29.9996 -0.0003 0.0001 -0.0000 0.0000 0.0000 177.9106 -1.8204 0.8254 -3.6003 -8.8074 -12.8655 39.5137 69.5160 -37.4599 -0.0000 25.3510 0.0000 176.9212 9.9893 -1.3164 -0.0887 -6.8930 -0.0998 8.1859 60.0568 -3.6675 -0.0001 25.3508 0.0000
13.4227 95.1753 -17.5947 -0.6679 -2.5849 -0.5121 -0.0846 1.2417 -0.1580 -0.0846 1.2419 -0.1580 -0.0848 1.2455 -0.1585 -86.4991 -9.9797 85.5016 126.8374 60.5225 -94.8639 35.0304 16.8984 16.0970 -1.9791 1.2385 -0.4551 0.0001 0.0000 0.0000 -0.0000 0.0000 0.0000 -0.0008 -0.0013 -0.0000 0.0001 -0.0004 0.0000 -0.0000 0.0000 0.0000 -0.0000 0.0000 0.0000 -0.0000 0.0002 0.0000 0.0003 -0.0006 0.0000 -0.0006 0.0004 0.0000 0.0001 0.0000 0.0000 -0.0000 0.0000 0.0000 -0.0002 -0.0010 -0.0000 30.0001 0.0002 -0.0001 -29.9998 0.0005 0.0002 -0.0000 0.0000 0.0000 0.4399 1.2892 2.3622 0.4399 1.2892 2.3622 87.7016 -16.4925 -84.2172 -135.5481 68.3386 104.9548 -25.8901 20.2891 -12.3867 1.4293 0.5869 0.2958 0.0001 -0.0001 0.0000 -0.0000 0.0000 0.0000 0.0003 -0.0006 0.0000 0.0001 -0.0001 0.0000 -0.0000 0.0000 0.0000 -0.0000 0.0000 0.0000 0.0001 0.0007 -0.0000 0.0001 -0.0012 0.0000 0.0003 -0.0008 0.0000 -0.0000 0.0001 0.0000 -0.0000 0.0000 0.0000 -0.0000 -0.0009 0.0000 -29.9997 0.0002 0.0001 29.9996 -0.0003 0.0001 -0.0000 0.0000 0.0000 177.9761 -1.8026 0.7823 -3.5765 -8.8558 -12.7684 39.6287 69.5926 -37.5821 -0.0000 25.3510 0.0000 177.0443 10.1107 -1.4417 -0.0892 -7.1023 -0.1044 7.8216 60.2470 -3.2379 -0.0001 25.3508 0.0000
13.3066 95.1815 -17.4785 -0.7309 -2.4792 -0.4365 -0.0682 1.2491 -0.1889 -0.0683 1.2493 -0.1890 -0.0684 1.2529 -0.1895 -86.5075 -10.0808 85.5445 127.1126 61.2088 -95.0139 34.1346 17.3600 16.5679 -1.8761 1.1947 -0.4387 0.0001 0.0000 0.0000 -0.0000 0.0000 0.0000 -0.0008 -0.0013 -0.0000 0.0001 -0.0004 0.0000 -0.0000 0.0000 0.0000 -0.0000 0.0000 0.0000 -0.0000 0.0002 0.0000 0.0003 -0.0006 0.0000 -0.0006 0.0004 0.0000 0.0001 0.0000 0.0000 -0.0000 0.0000 0.0000 -0.0002 -0.0010 -0.0000 30.0001 0.0002 -0.0001 -29.9998 0.0005 0.0002 -0.0000 0.0000 0.0000 0.4368 1.2039 2.3579 0.4368 1.2039 2.3579 87.6903 -16.5242 -84.3065 -136.1036 69.0573 105.3144 -25.1144 20.4642 -12.4027 1.3498 0.5613 0.2826 0.0001 -0.0001 0.0000 -0.0000 0.0000 0.0000 0.0003 -0.0006 0.0000 0.0001 -0.0001 0.0000 -0.0000 0.0000 0.0000 -0.0000 0.0000 0.0000 0.0001 0.0007 -0.0000 0.0001 -0.0012 0.0000 0.0003 -0.0008 0.0000 -0.0000 0.0001 0.0000 -0.0000 0.0000 0.0000 -0.0000 -0.0009 0.0000 -29.9997 0.0002 0.0001 29.9996 -0.0003 0.0001 -0.0000 0.0000 0.0000 178.0366 -1.7864 0.7341 -3.5505 -8.8985 -12.6690 39.7272 69.6839 -37.6919 -0.0000 25.3510 0.0000 177.1831 10.2378 -1.5796 -0.0895 -7.3155 -0.1070 7.3989 60.4371 -2.7975 -0.0001 25.3508 0.0000
13.1846 95.1897 -17.3503 -0.7849 -2.3659 -0.3605 -0.0547 1.2558 -0.2191 -0.0547 1.2560 -0.2191 -0.0549 1.2597 -0.2198 -86.5184 -10.1746 85.5993 127.3577 61.7862 -95.1514 33.3439 17.7661 17.0561 -1.7871 1.1581 -0.4243 0.0001 0.0000 0.0000 -0.0000 0.0000 0.0000 -0.0008 -0.0013 -0.0000 0.0001 -0.0004 0.0000 -0.0000 0.0000 0.0000 -0.0000 0.0000 0.0000 -0.0000 0.0002 0.0000 0.0003 -0.0006 0.0000 -0.0006 0.0004 0.0000 0.0001 0.0000 0.0000 -0.0000 0.0000 0.0000 -0.0002 -0.0010 -0.0000 30.0001 0.0003 -0.0002 -29.9998 0.0005 0.0002 -0.0000 0.0000 0.0000 0.4337 1.1329 2.3580 0.4337 1.1329 2.3580 87.6884 -16.5511 -84.3939 -136.6029 69.6846 105.6577 -24.4517 20.6321 -12.4372 1.2831 0.5399 0.2714 0.0001 -0.0001 0.0000 -0.0000 0.0000 0.0000 0.0003 -0.0006 0.0000 0.0001 -0.0001 0.0000 -0.0000 0.0000 0.0000 -0.0000 0.0000 0.0000 0.0001 0.0007 -0.0000 0.0001 -0.0012 0.0000 0.0003 -0.0008 0.0000 -0.0000 0.0001 0.0000 -0.0000 0.0000 0.0000 -0.0000 -0.0009 0.0000 -29.9997 0.0002 0.0001 29.9996 -0.0003 0.0001 -0.0000 0.0000 0.0000 178.0870 -1.7763 0.6876 -3.5196 -8.9219 -12.5711 39.8107 69.7752 -37.7907 -0.0000 25.3510 0.0000 177.3192 10.3582 -1.7187 -0.0898 -7.5143 -0.1085 6.9603 60.6206 -2.3655 -0.0001 25.3508 0.0000
13.0748 95.2008 -17.2039 -0.8313 -2.2466 -0.2841 -0.0435 1.2614 -0.2492 -0.0435 1.2616 -0.2492 -0.0437 1.2653 -0.2499 -86.5284 -10.2540 85.6626 127.5437 62.2523 -95.2557 32.6681 18.1266 17.5326 -1.7124 1.1286 -0.4123 0.0001 0.0000 0.0000 -0.0000 0.0000 0.0000 -0.0008 -0.0013 -0.0000 0.0001 -0.0004 0.0000 -0.0000 0.0000 0.0000 -0.0000 0.0000 0.0000 -0.0000 0.0002 0.0000 0.0003 -0.0006 0.0000 -0.0006 0.0004 0.0000 0.0001 0.0000 0.0000 -0.0000 0.0000 0.0000 -0.0002 -0.0010 -0.0000 30.0001 0.0002 -0.0001 -29.9998 0.0005 0.0002 -0.0000 0.0000 0.0000 0.4308 1.0756 2.3618 0.4308 1.0756 2.3618 87.6937 -16.5723 -84.4826 -137.0463 70.2055 105.9791 -23.8896 20.7735 -12.4732 1.2283 0.5218 0.2620 0.0001 -0.0001 0.0000 -0.0000 0.0000 0.0000 0.0003 -0.0006 0.0000 0.0001 -0.0001 0.0000 -0.0000 0.0000 0.0000 -0.0000 0.0000 0.0000 0.0001 0.0007 -0.0000 0.0001 -0.0012 0.0000 0.0003 -0.0008 0.0000 -0.0000 0.0001 0.0000 -0.0000 0.0000 0.0000 -0.0000 -0.0009 0.0000 -29.9996 0.0002 0.0001 29.9996 -0.0003 0.0001 -0.0000 0.0000 0.0000 178.1303 -1.7741 0.6444 -3.4857 -8.9242 -12.4743 39.8803 69.8645 -37.8794 -0.0000 25.3510 0.0000 177.4407 10.4623 -1.8514 -0.0901 -7.6918 -0.1099 6.5323 60.8015 -1.9499 -0.0001 25.3508 0.0000
12.9973 95.2193 -17.0200 -0.8684 -2.1196 -0.2095 -0.0349 1.2627 -0.2780 -0.0349 1.2629 -0.2781 -0.0349 1.2665 -0.2789 -86.5310 -10.3052 85.7399 127.6076 62.5287 -95.2730 32.1946 18.4107 17.9522 -1.6609 1.1111 -0.4047 0.0001 0.0000 0.0000 -0.0000 0.0000 0.0000 -0.0008 -0.0013 -0.0000 0.0001 -0.0004 0.0000 -0.0000 0.0000 0.0000 -0.0000 0.0000 0.0000 -0.0000 0.0002 0.0000 0.0003 -0.0006 0.0000 -0.0006 0.0004 0.0000 0.0001 0.0000 0.0000 -0.0000 0.0000 0.0000 -0.0002 -0.0010 -0.0000 30.0001 0.0002 -0.0001 -29.9998 0.0005 0.0002 -0.0000 0.0000 0.0000 0.4300 1.0407 2.3678 0.4300 1.0407 2.3678 87.7033 -16.5868 -84.5785 -137.3438 70.5468 106.2032 -23.4960 20.8731 -12.5071 1.1914 0.5092 0.2554 0.0001 -0.0001 0.0000 -0.0000 0.0000 0.0000 0.0003 -0.0006 0.0000 0.0001 -0.0001 0.0000 -0.0000 0.0000 0.0000 -0.0000 0.0000 0.0000 0.0001 0.0007 -0.0000 0.0001 -0.0012 0.0000 0.0003 -0.0008 0.0000 -0.0000 0.0001 0.0000 -0.0000 0.0000 0.0000 -0.0000 -0.0009 0.0000 -29.9996 0.0002 0.0001 29.9996 -0.0003 0.0001 -0.0000 0.0000 0.0000 178.1651 -1.7824 0.6030 -3.4457 -8.8973 -12.3868 39.9040 69.9572 -37.9312 -0.0000 25.3510 0.0000 177.5303 10.5302 -1.9666 -0.0903 -7.8297 -0.1117 6.1555 60.9855 -1.5767 -0.0001 25.3508 0.0000
12.9387 95.2442 -16.8158 -0.8986 -1.9899 -0.1371 -0.0285 1.2586 -0.3043 -0.0285 1.2588 -0.3043 -0.0286 1.2624 -0.3052 -86.5264 -10.3323 85.8148 127.5664 62.6269 -95.2109 31.8760 18.6185 18.3041 -1.6294 1.1044 -0.4009 0.0001 0.0000 0.0000 -0.0000 0.0000 0.0000 -0.0008 -0.0013 -0.0000 0.0001 -0.0004 0.0000 -0.0000 0.0000 0.0000 -0.0000 0.0000 0.0000 -0.0000 0.0002 0.0000 0.0003 -0.0006 0.0000 -0.0006 0.0004 0.0000 0.0001 0.0000 0.0000 -0.0000 0.0000 0.0000 -0.0002 -0.0010 -0.0000 30.0001 0.0002 -0.0001 -29.9998 0.0005 0.0001 -0.0000 0.0000 0.0000 0.4344 1.0288 2.3705 0.4344 1.0288 2.3705 87.7163 -16.5972 -84.6582 -137.4973 70.7377 106.3374 -23.2517 20.9473 -12.5536 1.1693 0.5011 0.2514 0.0001 -0.0001 0.0000 -0.0000 0.0000 0.0000 0.0003 -0.0006 0.0000 0.0001 -0.0001 0.0000 -0.0000 0.0000 0.0000 -0.0000 0.0000 0.0000 0.0001 0.0007 -0.0000 0.0001 -0.0012 0.0000 0.0003 -0.0008 0.0000 -0.0000 0.0001 0.0000 -0.0000 0.0000 0.0000 -0.0000 -0.0009 0.0000 -29.9997 0.0002 0.0001 29.9996 -0.0003 0.0001 -0.0000 0.0000 0.0000 178.1950 -1.7904 0.5599 -3.4005 -8.8563 -12.3169 39.8575 70.0579 -37.9216 -0.0000 25.3510 0.0000 177.5988 10.5651 -2.0645 -0.0905 -7.9233 -0.1127 5.8307 61.1613 -1.2453 -0.0001 25.3508 0.0000
12.8893 95.2722 -16.6105 -0.9234 -1.8610 -0.0653 -0.0254 1.2500 -0.3272 -0.0254 1.2502 -0.3273 -0.0254 1.2538 -0.3282 -86.5157 -10.3353 85.8774 127.4394 62.5737 -95.0790 31.7000 18.7573 18.5756 -1.6155 1.1070 -0.4006 0.0001 0.0000 0.0000 -0.0000 0.0000 0.0000 -0.0008 -0.0013 -0.0000 0.0001 -0.0004 0.0000 -0.0000 0.0000 0.0000 -0.0000 0.0000 0.0000 -0.0001 0.0002 0.0000 0.0003 -0.0006 0.0000 -0.0006 0.0004 0.0000 0.0001 0.0000 0.0000 -0.0000 0.0000 0.0000 -0.0002 -0.0010 -0.0000 30.0001 0.0002 -0.0001 -29.9998 0.0005 0.0002 -0.0000 0.0000 0.0000 0.4464 1.0403 2.3665 0.4464 1.0403 2.3665 87.7329 -16.6091 -84.7152 -137.5268 70.7802 106.3856 -23.1347 20.9914 -12.5960 1.1611 0.4974 0.2498 0.0001 -0.0001 0.0000 -0.0000 0.0000 0.0000 0.0003 -0.0006 0.0000 0.0001 -0.0001 0.0000 -0.0000 0.0000 0.0000 -0.0000 0.0000 0.0000 0.0001 0.0007 -0.0000 0.0001 -0.0012 0.0000 0.0003 -0.0008 0.0000 -0.0000 0.0001 0.0000 -0.0000 0.0000 0.0000 -0.0000 -0.0009 0.0000 -29.9996 0.0002 0.0001 29.9996 -0.0003 0.0001 -0.0000 0.0000 0.0000 178.2218 -1.7952 0.5083 -3.3541 -8.8053 -12.2525 39.7536 70.1600 -37.8594 -0.0000 25.3510 0.0000 177.6539 10.5769 -2.1477 -0.0905 -7.9746 -0.1122 5.5447 61.3187 -0.9468 -0.0001 25.3508 0.0000
12.8511 95.3003 -16.4250 -0.9415 -1.7387 0.0097 -0.0266 1.2359 -0.3471 -0.0266 1.2361 -0.3472 -0.0267 1.2396 -0.3482 -86.4965 -10.3123 85.9129 127.2020 62.3186 -94.8452 31.7374 18.8001 18.7019 -1.6270 1.1231 -0.4054 0.0001 0.0000 0.0000 -0.0000 0.0000 0.0000 -0.0008 -0.0013 -0.0000 0.0001 -0.0004 0.0000 -0.0000 0.0000 0.0000 -0.0000 0.0000 0.0000 -0.0001 0.0002 0.0000 0.0003 -0.0006 0.0000 -0.0006 0.0004 0.0000 0.0001 0.0000 0.0000 -0.0000 0.0000 0.0000 -0.0002 -0.0010 -0.0000 30.0001 0.0002 -0.0001 -29.9998 0.0005 0.0002 -0.0000 0.0000 0.0000 0.4704 1.0950 2.3502 0.4704 1.0950 2.3502 87.7559 -16.6192 -84.7327 -137.3794 70.6240 106.2817 -23.2152 20.9874 -12.5864 1.1724 0.4992 0.2515 0.0001 -0.0001 0.0000 -0.0000 0.0000 0.0000 0.0003 -0.0006 0.0000 0.0001 -0.0001 0.0000 -0.0000 0.0000 0.0000 -0.0000 0.0000 0.0000 0.0001 0.0007 -0.0000 0.0001 -0.0012 0.0000 0.0003 -0.0008 0.0000 -0.0000 0.0001 0.0000 -0.0000 0.0000 0.0000 -0.0000 -0.0009 0.0000 -29.9996 0.0002 0.0001 29.9996 -0.0003 0.0001 -0.0000 0.0000 0.0000 178.2492 -1.8014 0.4359 -3.3133 -8.7396 -12.1689 39.6023 70.2499 -37.7505 -0.0000 25.3510 0.0000 177.6917 10.5629 -2.2098 -0.0904 -7.9632 -0.1098 5.3009 61.4352 -0.6862 -0.0001 25.3508 0.0000
12.8289 95.3274 -16.2546 -0.9557 -1.6264 0.0877 -0.0297 1.2180 -0.3651 -0.0297 1.2182 -0.3652 -0.0298 1.2217 -0.3662 -86.4756 -10.2769 85.9249 126.9143 61.9468 -94.5607 31.9170 18.7727 18.7190 -1.6541 1.1469 -0.4135 0.0001 0.0000 0.0000 -0.0000 0.0000 0.0000 -0.0008 -0.0013 -0.0000 0.0001 -0.0004 0.0000 -0.0000 0.0000 0.0000 -0.0000 0.0000 0.0000 -0.0000 0.0002 0.0000 0.0003 -0.0006 0.0000 -0.0006 0.0004 0.0000 0.0001 0.0000 0.0000 -0.0000 0.0000 0.0000 -0.0002 -0.0010 -0.0000 30.0001 0.0002 -0.0001 -29.9998 0.0005 0.0002 -0.0000 0.0000 0.0000 0.5029 1.1836 2.3227 0.5029 1.1836 2.3227 87.7813 -16.6240 -84.7133 -137.0933 70.3363 106.0416 -23.4567 20.9495 -12.5127 1.1980 0.5052 0.2560 0.0001 -0.0001 0.0000 -0.0000 0.0000 0.0000 0.0003 -0.0006 0.0000 0.0001 -0.0001 0.0000 -0.0000 0.0000 0.0000 -0.0000 0.0000 0.0000 0.0001 0.0007 -0.0000 0.0001 -0.0012 0.0000 0.0003 -0.0008 0.0000 -0.0000 0.0001 0.0000 -0.0000 0.0000 0.0000 -0.0000 -0.0008 0.0000 -29.9996 0.0002 0.0001 29.9996 -0.0003 0.0001 -0.0000 0.0000 0.0000 178.2721 -1.8131 0.3578 -3.2691 -8.6661 -12.0764 39.4254 70.3260 -37.6169 -0.0000 25.3510 0.0000 177.7136 10.5288 -2.2538 -0.0901 -7.9132 -0.1080 5.0854 61.5245 -0.4508 -0.0001 25.3508 0.0000
12.8170 95.3551 -16.0872 -0.9674 -1.5258 0.1662 -0.0341 1.1983 -0.3796 -0.0340 1.1985 -0.3797 -0.0342 1.2020 -0.3808 -86.4571 -10.2319 85.9155 126.6029 61.4870 -94.2538 32.2062 18.6855 18.6474 -1.6944 1.1771 -0.4239 0.0001 0.0000 0.0000 -0.0000 0.0000 0.0000 -0.0008 -0.0013 -0.0000 0.0001 -0.0004 0.0000 -0.0000 0.0000 0.0000 -0.0000 0.0000 0.0000 -0.0000 0.0002 0.0000 0.0003 -0.0006 0.0000 -0.0006 0.0004 0.0000 0.0001 0.0000 0.0000 -0.0000 0.0000 0.0000 -0.0002 -0.0010 -0.0000 30.0001 0.0002 -0.0001 -29.9998 0.0005 0.0002 -0.0000 0.0000 0.0000 0.5426 1.3095 2.2824 0.5426 1.3095 2.2824 87.8102 -16.6280 -84.6632 -136.6936 69.9474 105.6889 -23.8278 20.8883 -12.3771 1.2361 0.5147 0.2627 0.0001 -0.0001 0.0000 -0.0000 0.0000 0.0000 0.0003 -0.0006 0.0000 0.0001 -0.0001 0.0000 -0.0000 0.0000 0.0000 -0.0000 0.0000 0.0000 0.0001 0.0007 -0.0000 0.0001 -0.0012 0.0000 0.0003 -0.0008 0.0000 -0.0000 0.0001 0.0000 -0.0000 0.0000 0.0000 -0.0000 -0.0009 0.0000 -29.9996 0.0002 0.0001 29.9996 -0.0003 0.0001 -0.0000 0.0000 0.0000 178.2870 -1.8328 0.2784 -3.2154 -8.5887 -11.9894 39.2167 70.3959 -37.4516 -0.0000 25.3510 0.0000 177.7251 10.4723 -2.2808 -0.0901 -7.8382 -0.1069 4.8971 61.5984 -0.2462 -0.0001 25.3508 0.0000
12.7981 95.3862 -15.9090 -0.9751 -1.4432 0.2393 -0.0391 1.1794 -0.3879 -0.0391 1.1796 -0.3879 -0.0392 1.1830 -0.3891 -86.4444 -10.1758 85.8698 126.2705 60.9151 -93.9263 32.6657 18.5171 18.4304 -1.7536 1.2152 -0.4378 0.0001 0.0000 0.0000 -0.0000 0.0000 0.0000 -0.0008 -0.0013 -0.0000 0.0001 -0.0004 0.0000 -0.0000 0.0000 0.0000 -0.0000 0.0000 0.0000 -0.0000 0.0002 0.0000 0.0003 -0.0006 0.0000 -0.0006 0.0004 0.0000 0.0001 0.0000 0.0000 -0.0000 0.0000 0.0000 -0.0002 -0.0010 -0.0000 30.0001 0.0002 -0.0001 -29.9998 0.0005 0.0002 -0.0000 0.0000 0.0000 0.5862 1.4751 2.2256 0.5862 1.4751 2.2256 87.8455 -16.6316 -84.5704 -136.1307 69.4264 105.1627 -24.3517 20.8016 -12.1387 1.2907 0.5285 0.2728 0.0001 -0.0001 0.0000 -0.0000 0.0000 0.0000 0.0003 -0.0006 0.0000 0.0001 -0.0001 0.0000 -0.0000 0.0000 0.0000 -0.0000 0.0000 0.0000 0.0001 0.0007 -0.0000 0.0001 -0.0012 0.0000 0.0003 -0.0008 0.0000 -0.0000 0.0001 0.0000 -0.0000 0.0000 0.0000 -0.0000 -0.0009 0.0000 -29.9996 0.0002 0.0001 29.9996 -0.0003 0.0001 -0.0000 0.0000 0.0000 178.2900 -1.8713 0.2027 -3.1512 -8.4994 -11.9164 38.9823 70.4518 -37.2556 -0.0000 25.3510 0.0000 177.7371 10.3795 -2.2866 -0.0898 -7.7386 -0.1045 4.7410 61.6618 -0.0958 -0.0001 25.3508 0.0000
12.7683 95.4170 -15.7360 -0.9784 -1.3695 0.3023 -0.0433 1.1631 -0.3915 -0.0433 1.1633 -0.3915 -0.0435 1.1666 -0.3927 -86.4401 -10.1126 85.8083 125.9320 60.2808 -93.5965 33.2511 18.2951 18.0990 -1.8261 1.2575 -0.4541 0.0001 0.0000 0.0000 -0.0000 0.0000 0.0000 -0.0008 -0.0013 -0.0000 0.0001 -0.0004 0.0000 -0.0000 0.0000 0.0000 -0.0000 0.0000 0.0000 -0.0000 0.0002 0.0000 0.0003 -0.0006 0.0000 -0.0006 0.0004 0.0000 0.0001 0.0000 0.0000 -0.0000 0.0000 0.0000 -0.0002 -0.0010 -0.0000 30.0001 0.0003 -0.0002 -29.9998 0.0005 0.0002 -0.0000 0.0000 0.0000 0.6271 1.6495 2.1603 0.6271 1.6495 2.1603 87.8859 -16.6349 -84.4480 -135.4859 68.8299 104.5453 -24.9729 20.6940 -11.8471 1.3568 0.5459 0.2849 0.0001 -0.0001 0.0000 -0.0000 0.0000 0.0000 0.0003 -0.0006 0.0000 0.0001 -0.0001 0.0000 -0.0000 0.0000 0.0000 -0.0000 0.0000 0.0000 0.0001 0.0007 -0.0000 0.0001 -0.0012 0.0000 0.0003 -0.0008 0.0000 -0.0000 0.0001 0.0000 -0.0000 0.0000 0.0000 -0.0000 -0.0008 0.0000 -29.9996 0.0002 0.0001 29.9996 -0.0003 0.0001 -0.0000 0.0000 0.0000 178.2787 -1.9291 0.1255 -3.0791 -8.3893 -11.8324 38.7841 70.4812 -37.0891 -0.0000 25.3510 0.0000 177.7528 10.2784 -2.2841 -0.0895 -7.6300 -0.1016 4.6042 61.7116 0.0169 -0.0001 25.3508 0.0000
12.7333 95.4460 -15.5734 -0.9789 -1.2990 0.3535 -0.0461 1.1485 -0.3911 -0.0460 1.1487 -0.3912 -0.0462 1.1520 -0.3923 -86.4442 -10.0435 85.7394 125.5992 59.6058 -93.2808 33.9279 18.0328 17.6745 -1.9090 1.3015 -0.4719 0.0001 0.0000 0.0000 -0.0000 0.0000 0.0000 -0.0008 -0.0013 -0.0000 0.0001 -0.0004 0.0000 -0.0000 0.0000 0.0000 -0.0000 0.0000 0.0000 -0.0000 0.0002 0.0000 0.0003 -0.0006 0.0000 -0.0006 0.0004 0.0000 0.0001 0.0000 0.0000 -0.0000 0.0000 0.0000 -0.0002 -0.0010 -0.0000 30.0001 0.0002 -0.0001 -29.9998 0.0005 0.0002 -0.0000 0.0000 0.0000 0.6647 1.8190 2.0892 0.6647 1.8190 2.0892 87.9293 -16.6348 -84.3035 -134.8041 68.1840 103.8826 -25.6551 20.5621 -11.5292 1.4316 0.5662 0.2987 0.0001 -0.0001 0.0000 -0.0000 0.0000 0.0000 0.0003 -0.0006 0.0000 0.0001 -0.0001 0.0000 -0.0000 0.0000 0.0000 -0.0000 0.0000 0.0000 0.0001 0.0007 -0.0000 0.0001 -0.0012 0.0000 0.0003 -0.0008 0.0000 -0.0000 0.0001 0.0000 -0.0000 0.0000 0.0000 -0.0000 -0.0009 0.0000 -29.9997 0.0002 0.0001 29.9996 -0.0003 0.0001 -0.0000 0.0000 0.0000 178.2548 -1.9949 0.0558 -2.9992 -8.2708 -11.7567 38.6082 70.4959 -36.9442 -0.0000 25.3510 0.0000 177.7702 10.1824 -2.2789 -0.0892 -7.5199 -0.0988 4.4820 61.7488 0.1069 -0.0001 25.3508 0.0000
12.7012 95.4700 -15.4360 -0.9783 -1.2264 0.3843 -0.0454 1.1345 -0.3840 -0.0454 1.1347 -0.3841 -0.0455 1.1380 -0.3852 -86.4552 -9.9650 85.6729 125.2999 58.8880 -93.0066 34.6926 17.7120 17.1460 -2.0026 1.3457 -0.4906 0.0001 0.0000 0.0000 -0.0000 0.0000 0.0000 -0.0008 -0.0013 -0.0000 0.0001 -0.0004 0.0000 -0.0000 0.0000 0.0000 -0.0000 0.0000 0.0000 -0.0000 0.0002 0.0000 0.0003 -0.0006 0.0000 -0.0006 0.0004 0.0000 0.0001 0.0000 0.0000 -0.0000 0.0000 0.0000 -0.0002 -0.0010 -0.0000 30.0001 0.0002 -0.0001 -29.9998 0.0005 0.0002 -0.0000 0.0000 0.0000 0.6987 1.9741 2.0092 0.6987 1.9741 2.0092 87.9744 -16.6323 -84.1434 -134.1064 67.4981 103.1916 -26.3801 20.3952 -11.1949 1.5146 0.5897 0.3139 0.0001 -0.0001 0.0000 -0.0000 0.0000 0.0000 0.0003 -0.0006 0.0000 0.0001 -0.0001 0.0000 -0.0000 0.0000 0.0000 -0.0000 0.0000 0.0000 0.0001 0.0007 -0.0000 0.0001 -0.0012 0.0000 0.0003 -0.0008 0.0000 -0.0000 0.0001 0.0000 -0.0000 0.0000 0.0000 -0.0000 -0.0009 0.0000 -29.9996 0.0002 0.0001 29.9996 -0.0003 0.0001 -0.0000 0.0000 0.0000 178.2310 -2.0634 -0.0072 -2.9186 -8.1573 -11.7240 38.4025 70.5247 -36.7793 -0.0000 25.3511 0.0000 177.7871 10.1171 -2.2781 -0.0891 -7.4276 -0.0975 4.3839 61.7737 0.1762 -0.0001 25.3508 0.0000
12.6701 95.4922 -15.3039 -0.9791 -1.1467 0.3990 -0.0414 1.1198 -0.3717 -0.0414 1.1200 -0.3717 -0.0416 1.1233 -0.3728 -86.4664 -9.8788 85.6122 125.0361 58.1350 -92.7561 35.5229 17.3189 16.5733 -2.1043 1.3912 -0.5098 0.0001 0.0000 0.0000 -0.0000 0.0000 0.0000 -0.0008 -0.0013 -0.0000 0.0001 -0.0004 0.0000 -0.0000 0.0000 0.0000 -0.0000 0.0000 0.0000 -0.0000 0.0002 0.0000 0.0003 -0.0006 0.0000 -0.0006 0.0004 0.0000 0.0001 0.0000 0.0000 -0.0000 0.0000 0.0000 -0.0002 -0.0010 -0.0000 30.0001 0.0002 -0.0001 -29.9998 0.0005 0.0002 -0.0000 0.0000 0.0000 0.7291 2.1059 1.9222 0.7291 2.1059 1.9222 88.0167 -16.6300 -83.9837 -133.4367 66.8058 102.5155 -27.1298 20.2069 -10.8691 1.6018 0.6153 0.3297 0.0001 -0.0001 0.0000 -0.0000 0.0000 0.0000 0.0003 -0.0006 0.0000 0.0001 -0.0001 0.0000 -0.0000 0.0000 0.0000 -0.0000 0.0000 0.0000 0.0001 0.0007 -0.0000 0.0001 -0.0012 0.0000 0.0003 -0.0008 0.0000 -0.0000 0.0001 0.0000 -0.0000 0.0000 0.0000 -0.0000 -0.0009 0.0000 -29.9997 0.0002 0.0001 29.9996 -0.0003 0.0001 -0.0000 0.0000 0.0000 178.2233 -2.1236 -0.0870 -2.8542 -8.0573 -11.7259 38.1257 70.5853 -36.5515 -0.0000 25.3510 0.0000 177.8064 10.0704 -2.2898 -0.0889 -7.3475 -0.0955 4.3016 61.8013 0.2372 -0.0001 25.3508 0.0000
12.6461 95.5131 -15.1719 -0.9828 -1.0600 0.4012 -0.0342 1.1045 -0.3562 -0.0342 1.1047 -0.3562 -0.0343 1.1079 -0.3573 -86.4765 -9.7883 85.5573 124.8160 57.4020 -92.5319 36.3770 16.8777 15.9899 -2.2078 1.4355 -0.5281 0.0001 0.0000 0.0000 -0.0000 0.0000 0.0000 -0.0008 -0.0013 -0.0000 0.0001 -0.0004 0.0000 -0.0000 0.0000 0.0000 -0.0000 0.0000 0.0000 -0.0000 0.0002 0.0000 0.0003 -0.0006 0.0000 -0.0006 0.0004 0.0000 0.0001 0.0000 0.0000 -0.0000 0.0000 0.0000 -0.0002 -0.0010 -0.0000 30.0001 0.0002 -0.0001 -29.9998 0.0005 0.0002 -0.0000 0.0000 0.0000 0.7568 2.2157 1.8297 0.7568 2.2157 1.8297 88.0569 -16.6271 -83.8262 -132.8150 66.1292 101.8735 -27.8912 20.0014 -10.5547 1.6914 0.6424 0.3460 0.0001 -0.0001 0.0000 -0.0000 0.0000 0.0000 0.0003 -0.0006 0.0000 0.0001 -0.0001 0.0000 -0.0000 0.0000 0.0000 -0.0000 0.0000 0.0000 0.0001 0.0007 -0.0000 0.0001 -0.0012 0.0000 0.0003 -0.0008 0.0000 -0.0000 0.0001 0.0000 -0.0000 0.0000 0.0000 -0.0000 -0.0009 0.0000 -29.9996 0.0002 0.0001 29.9996 -0.0003 0.0001 -0.0000 0.0000 0.0000 178.2286 -2.1716 -0.1919 -2.8063 -7.9693 -11.7378 37.8058 70.6658 -36.2832 -0.0000 25.3511 0.0000 177.8252 10.0372 -2.3129 -0.0887 -7.2768 -0.0931 4.2351 61.8351 0.2968 -0.0001 25.3508 0.0000
12.6472 95.5324 -15.0362 -0.9955 -0.9641 0.3887 -0.0208 1.0897 -0.3390 -0.0208 1.0898 -0.3390 -0.0209 1.0930 -0.3400 -86.4827 -9.6946 85.5123 124.6445 56.7204 -92.3376 37.2323 16.4049 15.4188 -2.3090 1.4765 -0.5451 0.0001 0.0000 0.0000 -0.0000 0.0000 0.0000 -0.0008 -0.0013 -0.0000 0.0001 -0.0004 0.0000 -0.0000 0.0000 0.0000 -0.0000 0.0000 0.0000 -0.0000 0.0003 0.0000 0.0003 -0.0007 0.0000 -0.0006 0.0004 0.0000 0.0001 0.0000 0.0000 -0.0000 0.0000 0.0000 -0.0002 -0.0010 -0.0000 30.0001 0.0003 -0.0002 -29.9998 0.0005 0.0002 -0.0000 0.0000 0.0000 0.7811 2.2999 1.7309 0.7811 2.2999 1.7309 88.0929 -16.6173 -83.6790 -132.2604 65.5031 101.2857 -28.6401 19.7885 -10.2564 1.7789 0.6695 0.3617 0.0001 -0.0001 0.0000 -0.0000 0.0000 0.0000 0.0003 -0.0006 0.0000 0.0001 -0.0001 0.0000 -0.0000 0.0000 0.0000 -0.0000 0.0000 0.0000 0.0001 0.0007 -0.0000 0.0001 -0.0012 0.0000 0.0003 -0.0008 0.0000 -0.0000 0.0001 0.0000 -0.0000 0.0000 0.0000 -0.0000 -0.0008 0.0000 -29.9996 0.0002 0.0001 29.9996 -0.0003 0.0001 -0.0000 0.0000 0.0000 178.2536 -2.1982 -0.3388 -2.7806 -7.9066 -11.7399 37.4674 70.7662 -35.9987 -0.0000 25.3510 0.0000 177.8375 10.0099 -2.3471 -0.0885 -7.2026 -0.0921 4.2037 61.8734 0.3545 -0.0001 25.3508 0.0000
12.6613 95.5501 -14.9005 -1.0198 -0.8657 0.3651 -0.0010 1.0781 -0.3221 -0.0010 1.0783 -0.3221 -0.0011 1.0814 -0.3230 -86.4846 -9.6025 85.4721 124.5084 56.1035 -92.1730 38.0459 15.9302 14.9013 -2.4047 1.5145 -0.5601 0.0001 0.0000 0.0000 -0.0000 0.0000 0.0000 -0.0008 -0.0013 -0.0000 0.0001 -0.0004 0.0000 -0.0000 0.0000 0.0000 -0.0000 0.0000 0.0000 -0.0000 0.0002 0.0000 0.0003 -0.0006 0.0000 -0.0006 0.0004 0.0000 0.0001 0.0000 0.0000 -0.0000 0.0000 0.0000 -0.0002 -0.0010 -0.0000 30.0001 0.0002 -0.0001 -29.9998 0.0005 0.0002 -0.0000 0.0000 0.0000 0.8025 2.3703 1.6277 0.8025 2.3703 1.6277 88.1253 -16.6008 -83.5459 -131.7682 64.9314 100.7517 -29.3474 19.5796 -9.9716 1.8624 0.6955 0.3767 0.0001 -0.0001 0.0000 -0.0000 0.0000 0.0000 0.0003 -0.0006 0.0000 0.0001 -0.0001 0.0000 -0.0000 0.0000 0.0000 -0.0000 0.0000 0.0000 0.0001 0.0007 -0.0000 0.0001 -0.0012 0.0000 0.0003 -0.0008 0.0000 -0.0000 0.0001 0.0000 -0.0000 0.0000 0.0000 -0.0000 -0.0009 0.0000 -29.9996 0.0002 0.0001 29.9996 -0.0003 0.0001 -0.0000 0.0000 0.0000 178.3028 -2.2104 -0.5167 -2.7715 -7.8733 -11.7360 37.1154 70.8887 -35.7072 -0.0000 25.3510 0.0000 177.8536 9.9865 -2.3902 -0.0884 -7.1284 -0.0922 4.1943 61.9151 0.4128 -0.0001 25.3508 0.0000
12.6692 95.5656 -14.7678 -1.0523 -0.7652 0.3328 0.0233 1.0703 -0.3066 0.0233 1.0704 -0.3066 0.0235 1.0736 -0.3075 -86.4834 -9.5167 85.4328 124.4021 55.5589 -92.0321 38.8068 15.4633 14.4506 -2.4932 1.5497 -0.5735 0.0001 0.0000 0.0000 -0.0000 0.0000 0.0000 -0.0008 -0.0013 -0.0000 0.0001 -0.0004 0.0000 -0.0000 0.0000 0.0000 -0.0000 0.0000 0.0000 -0.0000 0.0002 0.0000 0.0003 -0.0006 0.0000 -0.0006 0.0004 0.0000 0.0001 0.0000 0.0000 -0.0000 0.0000 0.0000 -0.0002 -0.0010 -0.0000 30.0001 0.0002 -0.0001 -29.9998 0.0005 0.0002 -0.0000 0.0000 0.0000 0.8202 2.4313 1.5222 0.8202 2.4313 1.5222 88.1554 -16.5793 -83.4240 -131.3313 64.4145 100.2675 -30.0099 19.3803 -9.7119 1.9433 0.7225 0.3916 0.0001 -0.0001 0.0000 -0.0000 0.0000 0.0000 0.0003 -0.0006 0.0000 0.0001 -0.0001 0.0000 -0.0000 0.0000 0.0000 -0.0000 0.0000 0.0000 0.0001 0.0007 -0.0000 0.0001 -0.0012 0.0000 0.0003 -0.0008 0.0000 -0.0000 0.0001 0.0000 -0.0000 0.0000 0.0000 -0.0000 -0.0009 0.0000 -29.9996 0.0002 0.0001 29.9996 -0.0003 0.0001 -0.0000 0.0000 0.0000 178.3656 -2.2106 -0.7244 -2.7703 -7.8666 -11.7231 36.7501 71.0307 -35.4072 -0.0000 25.3510 0.0000 177.8824 9.9679 -2.4467 -0.0884 -7.0530 -0.0918 4.1842 61.9566 0.4810 -0.0001 25.3508 0.0000
12.6513 95.5789 -14.6369 -1.0947 -0.6633 0.2863 0.0533 1.0675 -0.2929 0.0533 1.0676 -0.2929 0.0534 1.0707 -0.2938 -86.4805 -9.4444 85.3970 124.3257 55.1412 -91.9169 39.4750 15.0462 14.0888 -2.5676 1.5792 -0.5842 0.0001 0.0000 0.0000 -0.0000 0.0000 0.0000 -0.0008 -0.0013 -0.0000 0.0001 -0.0004 0.0000 -0.0000 0.0000 0.0000 -0.0000 0.0000 0.0000 -0.0000 0.0003 0.0000 0.0003 -0.0006 0.0000 -0.0006 0.0004 0.0000 0.0001 0.0000 0.0000 -0.0000 0.0000 0.0000 -0.0002 -0.0010 -0.0000 30.0001 0.0003 -0.0002 -29.9998 0.0005 0.0002 -0.0000 0.0000 0.0000 0.8321 2.4817 1.4144 0.8321 2.4817 1.4144 88.1813 -16.5583 -83.3236 -130.9854 63.9933 99.8656 -30.5642 19.2010 -9.5047 2.0115 0.7467 0.4043 0.0001 -0.0001 0.0000 -0.0000 0.0000 0.0000 0.0003 -0.0006 0.0000 0.0001 -0.0001 0.0000 -0.0000 0.0000 0.0000 -0.0000 0.0000 0.0000 0.0001 0.0007 -0.0000 0.0001 -0.0012 0.0000 0.0003 -0.0008 0.0000 -0.0000 0.0001 0.0000 -0.0000 0.0000 0.0000 -0.0000 -0.0008 0.0000 -29.9996 0.0002 0.0001 29.9996 -0.0003 0.0001 -0.0000 0.0000 0.0000 178.4333 -2.1968 -0.9651 -2.7714 -7.8884 -11.6871 36.4164 71.1815 -35.1396 -0.0000 25.3510 0.0000 177.9398 9.9601 -2.5309 -0.0882 -6.9904 -0.0899 4.1500 62.0074 0.5794 -0.0001 25.3508 0.0000
12.6258 95.5923 -14.4983 -1.1420 -0.5611 0.2274 0.0854 1.0670 -0.2800 0.0854 1.0672 -0.2801 0.0856 1.0703 -0.2810 -86.4761 -9.3822 85.3696 124.2641 54.8419 -91.8326 40.0349 14.7019 13.8051 -2.6277 1.6023 -0.5925 0.0001 0.0000 0.0000 -0.0000 0.0000 0.0000 -0.0008 -0.0013 -0.0000 0.0001 -0.0004 0.0000 -0.0000 0.0000 0.0000 -0.0000 0.0000 0.0000 -0.0000 0.0002 0.0000 0.0003 -0.0006 0.0000 -0.0006 0.0004 0.0000 0.0001 0.0000 0.0000 -0.0000 0.0000 0.0000 -0.0002 -0.0010 -0.0000 30.0001 0.0002 -0.0001 -29.9998 0.0005 0.0002 -0.0000 0.0000 0.0000 0.8403 2.5266 1.3059 0.8403 2.5266 1.3059 88.1991 -16.5430 -83.2525 -130.7414 63.6649 99.5788 -30.9878 19.0459 -9.3686 2.0644 0.7660 0.4137 0.0001 -0.0001 0.0000 -0.0000 0.0000 0.0000 0.0003 -0.0006 0.0000 0.0001 -0.0001 0.0000 -0.0000 0.0000 0.0000 -0.0000 0.0000 0.0000 0.0001 0.0007 -0.0000 0.0001 -0.0012 0.0000 0.0003 -0.0008 0.0000 -0.0000 0.0001 0.0000 -0.0000 0.0000 0.0000 -0.0000 -0.0008 0.0000 -29.9997 0.0002 0.0001 29.9996 -0.0003 0.0001 -0.0000 0.0000 0.0000 178.5017 -2.1786 -1.2057 -2.7761 -7.9255 -11.6500 36.1217 71.3301 -34.9140 -0.0000 25.3510 0.0000 178.0083 9.9591 -2.6275 -0.0881 -6.9480 -0.0888 4.1229 62.0777 0.6814 -0.0001 25.3508 0.0000
12.6044 95.6074 -14.3451 -1.1904 -0.4587 0.1582 0.1185 1.0686 -0.2677 0.1186 1.0688 -0.2677 0.1189 1.0719 -0.2685 -86.4730 -9.3285 85.3492 124.2115 54.6545 -91.7826 40.4817 14.4366 13.5925 -2.6736 1.6189 -0.5986 0.0001 0.0000 0.0000 -0.0000 0.0000 0.0000 -0.0008 -0.0013 -0.0000 0.0001 -0.0004 0.0000 -0.0000 0.0000 0.0000 -0.0000 0.0000 0.0000 -0.0000 0.0003 0.0000 0.0003 -0.0006 0.0000 -0.0006 0.0004 0.0000 0.0001 0.0000 0.0000 -0.0000 0.0000 0.0000 -0.0002 -0.0010 -0.0000 30.0001 0.0002 -0.0001 -29.9998 0.0005 0.0002 -0.0000 0.0000 0.0000 0.8460 2.5670 1.1969 0.8460 2.5670 1.1969 88.2085 -16.5356 -83.2073 -130.5963 63.4268 99.4086 -31.2818 18.9208 -9.2985 2.1019 0.7804 0.4201 0.0001 -0.0001 0.0000 -0.0000 0.0000 0.0000 0.0003 -0.0006 0.0000 0.0001 -0.0001 0.0000 -0.0000 0.0000 0.0000 -0.0000 0.0000 0.0000 0.0001 0.0007 -0.0000 0.0001 -0.0012 0.0000 0.0003 -0.0008 0.0000 -0.0000 0.0001 0.0000 -0.0000 0.0000 0.0000 -0.0000 -0.0009 0.0000 -29.9996 0.0002 0.0001 29.9996 -0.0003 0.0001 -0.0000 0.0000 0.0000 178.5737 -2.1588 -1.4408 -2.7851 -7.9785 -11.6326 35.8167 71.4900 -34.6857 -0.0000 25.3510 0.0000 178.0759 9.9573 -2.7261 -0.0881 -6.9216 -0.0889 4.1230 62.1704 0.7697 -0.0001 25.3508 0.0000
12.5869 95.6266 -14.1676 -1.2345 -0.3545 0.0758 0.1510 1.0728 -0.2583 0.1510 1.0730 -0.2584 0.1514 1.0761 -0.2591 -86.4738 -9.2970 85.3377 124.1763 54.6369 -91.7971 40.7389 14.3019 13.4766 -2.6973 1.6242 -0.6009 0.0001 0.0000 0.0000 -0.0000 0.0000 0.0000 -0.0008 -0.0013 -0.0000 0.0001 -0.0004 0.0000 -0.0000 0.0000 0.0000 -0.0000 0.0000 0.0000 -0.0000 0.0002 0.0000 0.0003 -0.0006 0.0000 -0.0006 0.0004 0.0000 0.0001 0.0000 0.0000 -0.0000 0.0000 0.0000 -0.0002 -0.0010 -0.0000 30.0001 0.0002 -0.0001 -29.9998 0.0005 0.0002 -0.0000 0.0000 0.0000 0.8504 2.6008 1.0908 0.8504 2.6008 1.0908 88.2068 -16.5321 -83.1951 -130.5909 63.3363 99.4093 -31.3734 18.8508 -9.3192 2.1149 0.7860 0.4216 0.0001 -0.0001 0.0000 -0.0000 0.0000 0.0000 0.0003 -0.0006 0.0000 0.0001 -0.0001 0.0000 -0.0000 0.0000 0.0000 -0.0000 0.0000 0.0000 0.0001 0.0007 -0.0000 0.0001 -0.0012 0.0000 0.0003 -0.0008 0.0000 -0.0000 0.0001 0.0000 -0.0000 0.0000 0.0000 -0.0000 -0.0008 0.0000 -29.9996 0.0002 0.0001 29.9996 -0.0003 0.0001 -0.0000 0.0000 0.0000 178.6482 -2.1383 -1.6758 -2.7997 -8.0504 -11.6556 35.4301 71.6752 -34.3862 -0.0000 25.3510 0.0000 178.1360 9.9459 -2.8188 -0.0882 -6.9028 -0.0904 4.1740 62.2876 0.8202 -0.0001 25.3508 0.0000
12.5587 95.6488 -13.9815 -1.2706 -0.2480 -0.0137 0.1807 1.0789 -0.2522 0.1807 1.0791 -0.2523 0.1812 1.0822 -0.2530 -86.4789 -9.2866 85.3330 124.1687 54.7606 -91.8806 40.8213 14.2789 13.4377 -2.7015 1.6191 -0.5998 0.0001 0.0000 0.0000 -0.0000 0.0000 0.0000 -0.0008 -0.0013 -0.0000 0.0001 -0.0004 0.0000 -0.0000 0.0000 0.0000 -0.0000 0.0000 0.0000 -0.0000 0.0003 0.0000 0.0003 -0.0006 0.0000 -0.0006 0.0004 0.0000 0.0001 0.0000 0.0000 -0.0000 0.0000 0.0000 -0.0002 -0.0010 -0.0000 30.0001 0.0002 -0.0001 -29.9998 0.0005 0.0002 -0.0000 0.0000 0.0000 0.8583 2.6297 0.9868 0.8583 2.6297 0.9868 88.1984 -16.5263 -83.1999 -130.6961 63.3831 99.5555 -31.2968 18.8355 -9.4125 2.1067 0.7843 0.4191 0.0001 -0.0001 0.0000 -0.0000 0.0000 0.0000 0.0003 -0.0006 0.0000 0.0001 -0.0001 0.0000 -0.0000 0.0000 0.0000 -0.0000 0.0000 0.0000 0.0001 0.0007 -0.0000 0.0001 -0.0012 0.0000 0.0003 -0.0008 0.0000 -0.0000 0.0001 0.0000 -0.0000 0.0000 0.0000 -0.0000 -0.0008 0.0000 -29.9997 0.0002 0.0001 29.9996 -0.0003 0.0001 -0.0000 0.0000 0.0000 178.7191 -2.1209 -1.9136 -2.8271 -8.1187 -11.6932 35.0045 71.8559 -34.0414 -0.0000 25.3510 0.0000 178.1945 9.9271 -2.9072 -0.0882 -6.8741 -0.0908 4.2483 62.4056 0.8407 -0.0001 25.3508 0.0000
12.5208 95.6726 -13.7961 -1.2983 -0.1391 -0.1060 0.2073 1.0869 -0.2495 0.2074 1.0871 -0.2495 0.2079 1.0902 -0.2502 -86.4878 -9.2933 85.3340 124.1956 55.0095 -92.0339 40.7446 14.3547 13.4644 -2.6878 1.6043 -0.5955 0.0001 0.0000 0.0000 -0.0000 0.0000 0.0000 -0.0008 -0.0013 -0.0000 0.0001 -0.0004 0.0000 -0.0000 0.0000 0.0000 -0.0000 0.0000 0.0000 -0.0000 0.0002 0.0000 0.0003 -0.0006 0.0000 -0.0006 0.0004 0.0000 0.0001 0.0000 0.0000 -0.0000 0.0000 0.0000 -0.0002 -0.0010 -0.0000 30.0001 0.0002 -0.0001 -29.9998 0.0005 0.0002 -0.0000 0.0000 0.0000 0.8708 2.6548 0.8840 0.8708 2.6548 0.8840 88.1843 -16.5182 -83.2290 -130.8713 63.5346 99.7946 -31.0703 18.8664 -9.5712 2.0806 0.7765 0.4133 0.0001 -0.0001 0.0000 -0.0000 0.0000 0.0000 0.0003 -0.0006 0.0000 0.0001 -0.0001 0.0000 -0.0000 0.0000 0.0000 -0.0000 0.0000 0.0000 0.0001 0.0007 -0.0000 0.0001 -0.0012 0.0000 0.0003 -0.0008 0.0000 -0.0000 0.0001 0.0000 -0.0000 0.0000 0.0000 -0.0000 -0.0009 0.0000 -29.9997 0.0002 0.0001 29.9996 -0.0003 0.0001 -0.0000 0.0000 0.0000 178.7888 -2.1081 -2.1469 -2.8729 -8.1788 -11.7297 34.5876 72.0159 -33.6957 -0.0000 25.3510 0.0000 178.2507 9.9065 -2.9892 -0.0881 -6.8358 -0.0902 4.3356 62.5160 0.8329 -0.0001 25.3508 0.0000
12.4795 95.6972 -13.6165 -1.3126 -0.0262 -0.1970 0.2296 1.0988 -0.2529 0.2296 1.0990 -0.2529 0.2303 1.1022 -0.2536 -86.5038 -9.3256 85.3439 124.2770 55.4289 -92.2810 40.4375 14.5650 13.5859 -2.6485 1.5760 -0.5866 0.0001 0.0000 0.0000 -0.0000 0.0000 0.0000 -0.0008 -0.0013 -0.0000 0.0001 -0.0004 0.0000 -0.0000 0.0000 0.0000 -0.0000 0.0000 0.0000 -0.0000 0.0002 0.0000 0.0003 -0.0006 0.0000 -0.0006 0.0004 0.0000 0.0001 0.0000 0.0000 -0.0000 0.0000 0.0000 -0.0002 -0.0010 -0.0000 30.0001 0.0002 -0.0001 -29.9998 0.0005 0.0002 -0.0000 0.0000 0.0000 0.8878 2.6685 0.7850 0.8878 2.6685 0.7850 88.1647 -16.5060 -83.2861 -131.0931 63.8111 100.0907 -30.6228 18.9552 -9.8134 2.0314 0.7627 0.4037 0.0001 -0.0001 0.0000 -0.0000 0.0000 0.0000 0.0003 -0.0006 0.0000 0.0001 -0.0001 0.0000 -0.0000 0.0000 0.0000 -0.0000 0.0000 0.0000 0.0001 0.0007 -0.0000 0.0001 -0.0012 0.0000 0.0003 -0.0008 0.0000 -0.0000 0.0001 0.0000 -0.0000 0.0000 0.0000 -0.0000 -0.0008 0.0000 -29.9996 0.0002 0.0001 29.9996 -0.0003 0.0001 -0.0000 0.0000 0.0000 178.8562 -2.0942 -2.3711 -2.9354 -8.2435 -11.7567 34.1927 72.1474 -33.3697 -0.0000 25.3510 0.0000 178.2964 9.8888 -3.0540 -0.0880 -6.7868 -0.0895 4.4343 62.6098 0.7822 -0.0001 25.3508 0.0000
12.4385 95.7222 -13.4357 -1.3144 0.0905 -0.2831 0.2479 1.1149 -0.2604 0.2479 1.1150 -0.2604 0.2487 1.1183 -0.2612 -86.5279 -9.3748 85.3588 124.4050 55.9744 -92.5757 39.9650 14.8542 13.7867 -2.5894 1.5391 -0.5741 0.0001 0.0000 0.0000 -0.0000 0.0000 0.0000 -0.0008 -0.0013 -0.0000 0.0001 -0.0004 0.0000 -0.0000 0.0000 0.0000 -0.0000 0.0000 0.0000 -0.0000 0.0002 0.0000 0.0003 -0.0006 0.0000 -0.0006 0.0004 0.0000 0.0001 0.0000 0.0000 -0.0000 0.0000 0.0000 -0.0002 -0.0010 -0.0000 30.0001 0.0002 -0.0001 -29.9998 0.0005 0.0002 -0.0000 0.0000 0.0000 0.9041 2.6637 0.6943 0.9041 2.6637 0.6943 88.1419 -16.4913 -83.3591 -131.3369 64.2231 100.4110 -30.0529 19.0937 -10.1195 1.9650 0.7448 0.3916 0.0001 -0.0001 0.0000 -0.0000 0.0000 0.0000 0.0003 -0.0006 0.0000 0.0001 -0.0001 0.0000 -0.0000 0.0000 0.0000 -0.0000 0.0000 0.0000 0.0001 0.0007 -0.0000 0.0001 -0.0011 0.0000 0.0003 -0.0008 0.0000 -0.0000 0.0001 0.0000 -0.0000 0.0000 0.0000 -0.0000 -0.0009 0.0000 -29.9996 0.0002 0.0001 29.9996 -0.0003 0.0001 -0.0000 0.0000 0.0000 178.9179 -2.0720 -2.5916 -2.9987 -8.3326 -11.7771 33.7716 72.2680 -33.0289 -0.0000 25.3510 0.0000 178.3319 9.8735 -3.1048 -0.0879 -6.7371 -0.0893 4.5227 62.6960 0.7080 -0.0001 25.3508 0.0000
12.3885 95.7483 -13.2498 -1.3038 0.2098 -0.3623 0.2608 1.1333 -0.2690 0.2608 1.1335 -0.2690 0.2615 1.1368 -0.2698 -86.5560 -9.4279 85.3797 124.5685 56.6083 -92.8885 39.3536 15.1933 14.0537 -2.5138 1.4961 -0.5589 0.0001 0.0000 0.0000 -0.0000 0.0000 0.0000 -0.0008 -0.0013 -0.0000 0.0001 -0.0004 0.0000 -0.0000 0.0000 0.0000 -0.0000 0.0000 0.0000 -0.0000 0.0002 0.0000 0.0003 -0.0006 0.0000 -0.0006 0.0004 0.0000 0.0001 0.0000 0.0000 -0.0000 0.0000 0.0000 -0.0002 -0.0010 -0.0000 30.0001 0.0002 -0.0001 -29.9998 0.0005 0.0002 -0.0000 0.0000 0.0000 0.9216 2.6440 0.6016 0.9216 2.6440 0.6016 88.1167 -16.4804 -83.4481 -131.5886 64.7324 100.7314 -29.3758 19.2733 -10.4603 1.8857 0.7234 0.3777 0.0001 -0.0001 0.0000 -0.0000 0.0000 0.0000 0.0003 -0.0006 0.0000 0.0001 -0.0001 0.0000 -0.0000 0.0000 0.0000 -0.0000 0.0000 0.0000 0.0001 0.0007 -0.0000 0.0001 -0.0012 0.0000 0.0003 -0.0008 0.0000 -0.0000 0.0001 0.0000 -0.0000 0.0000 0.0000 -0.0000 -0.0009 0.0000 -29.9997 0.0002 0.0001 29.9996 -0.0003 0.0001 -0.0000 0.0000 0.0000 178.9755 -2.0459 -2.7994 -3.0689 -8.4390 -11.7903 33.3533 72.3817 -32.6975 -0.0000 25.3510 0.0000 178.3626 9.8589 -3.1443 -0.0879 -6.6906 -0.0890 4.5881 62.7802 0.6195 -0.0001 25.3508 0.0000
12.3110 95.7768 -13.0542 -1.2740 0.3311 -0.4277 0.2647 1.1543 -0.2785 0.2647 1.1545 -0.2786 0.2654 1.1579 -0.2793 -86.5920 -9.4725 85.4158 124.7313 57.3060 -93.1570 38.5484 15.5979 14.3816 -2.4191 1.4469 -0.5412 0.0001 0.0000 0.0000 -0.0000 0.0000 0.0000 -0.0008 -0.0013 -0.0000 0.0001 -0.0004 0.0000 -0.0000 0.0000 0.0000 -0.0000 0.0000 0.0000 -0.0000 0.0002 0.0000 0.0003 -0.0006 0.0000 -0.0006 0.0004 0.0000 0.0001 0.0000 0.0000 -0.0000 0.0000 0.0000 -0.0002 -0.0010 -0.0000 30.0001 0.0002 -0.0001 -29.9998 0.0005 0.0002 -0.0000 0.0000 0.0000 0.9385 2.6056 0.5058 0.9385 2.6056 0.5058 88.0836 -16.4802 -83.5666 -131.8190 65.3431 100.9971 -28.5515 19.5085 -10.8052 1.7957 0.7005 0.3630 0.0001 -0.0001 0.0000 -0.0000 0.0000 0.0000 0.0003 -0.0006 0.0000 0.0001 -0.0001 0.0000 -0.0000 0.0000 0.0000 -0.0000 0.0000 0.0000 0.0001 0.0007 -0.0000 0.0001 -0.0012 0.0000 0.0003 -0.0008 0.0000 -0.0000 0.0001 0.0000 -0.0000 0.0000 0.0000 -0.0000 -0.0008 0.0000 -29.9996 0.0002 0.0001 29.9996 -0.0003 0.0001 -0.0000 0.0000 0.0000 179.0258 -2.0155 -2.9771 -3.1489 -8.5634 -11.7859 32.9463 72.4802 -32.3915 -0.0000 25.3510 0.0000 178.3929 9.8448 -3.1630 -0.0878 -6.6564 -0.0878 4.6219 62.8679 0.5040 -0.0001 25.3508 0.0000
12.2150 95.8077 -12.8524 -1.2293 0.4529 -0.4826 0.2618 1.1774 -0.2893 0.2619 1.1776 -0.2893 0.2626 1.1810 -0.2902 -86.6337 -9.5138 85.4564 124.8869 58.0918 -93.3705 37.6729 16.0586 14.7260 -2.3122 1.3933 -0.5225 0.0001 0.0000 0.0000 -0.0000 0.0000 0.0000 -0.0008 -0.0013 -0.0000 0.0001 -0.0004 0.0000 -0.0000 0.0000 0.0000 -0.0000 0.0000 0.0000 -0.0000 0.0002 0.0000 0.0003 -0.0006 0.0000 -0.0006 0.0004 0.0000 0.0001 0.0000 0.0000 -0.0000 0.0000 0.0000 -0.0002 -0.0010 -0.0000 30.0001 0.0002 -0.0001 -29.9998 0.0005 0.0002 -0.0000 0.0000 0.0000 0.9521 2.5576 0.4120 0.9521 2.5576 0.4120 88.0428 -16.4843 -83.6979 -132.0282 66.0194 101.2064 -27.6595 19.7807 -11.1642 1.7000 0.6774 0.3480 0.0001 -0.0001 0.0000 -0.0000 0.0000 0.0000 0.0003 -0.0006 0.0000 0.0001 -0.0001 0.0000 -0.0000 0.0000 0.0000 -0.0000 0.0000 0.0000 0.0001 0.0007 -0.0000 0.0001 -0.0012 0.0000 0.0003 -0.0008 0.0000 -0.0000 0.0001 0.0000 -0.0000 0.0000 0.0000 -0.0000 -0.0009 0.0000 -29.9997 0.0002 0.0001 29.9996 -0.0003 0.0001 -0.0000 0.0000 0.0000 179.0660 -1.9791 -3.1428 -3.2247 -8.7084 -11.7626 32.5073 72.5804 -32.0710 -0.0000 25.3511 0.0000 178.4196 9.8349 -3.1619 -0.0878 -6.6392 -0.0865 4.6496 62.9620 0.3595 -0.0001 25.3508 0.0000
12.1120 95.8406 -12.6470 -1.1730 0.5744 -0.5303 0.2545 1.2018 -0.3021 0.2545 1.2020 -0.3022 0.2552 1.2054 -0.3030 -86.6776 -9.5617 85.4968 125.0326 58.9341 -93.5273 36.7740 16.5514 15.0760 -2.2001 1.3382 -0.5037 0.0001 0.0000 0.0000 -0.0000 0.0000 0.0000 -0.0008 -0.0013 -0.0000 0.0001 -0.0004 0.0000 -0.0000 0.0000 0.0000 -0.0000 0.0000 0.0000 -0.0000 0.0002 0.0000 0.0003 -0.0006 0.0000 -0.0006 0.0004 0.0000 0.0001 0.0000 0.0000 -0.0000 0.0000 0.0000 -0.0002 -0.0010 -0.0000 30.0001 0.0002 -0.0001 -29.9998 0.0005 0.0002 -0.0000 0.0000 0.0000 0.9607 2.5051 0.3236 0.9607 2.5051 0.3236 87.9967 -16.4864 -83.8332 -132.2475 66.7655 101.3929 -26.7531 20.0753 -11.5472 1.6013 0.6546 0.3329 0.0001 -0.0001 0.0000 -0.0000 0.0000 0.0000 0.0003 -0.0006 0.0000 0.0001 -0.0001 0.0000 -0.0000 0.0000 0.0000 -0.0000 0.0000 0.0000 0.0001 0.0007 -0.0000 0.0001 -0.0012 0.0000 0.0003 -0.0008 0.0000 -0.0000 0.0001 0.0000 -0.0000 0.0000 0.0000 -0.0000 -0.0009 0.0000 -29.9996 0.0002 0.0001 29.9996 -0.0003 0.0001 -0.0000 0.0000 0.0000 179.1001 -1.9423 -3.3026 -3.2992 -8.8646 -11.7189 32.0417 72.6821 -31.7361 -0.0000 25.3510 0.0000 178.4388 9.8290 -3.1495 -0.0876 -6.6364 -0.0853 4.6754 63.0620 0.2006 -0.0001 25.3508 0.0000
12.0169 95.8748 -12.4381 -1.1020 0.6961 -0.5693 0.2428 1.2274 -0.3184 0.2429 1.2276 -0.3185 0.2435 1.2311 -0.3195 -86.7262 -9.6269 85.5376 125.1638 59.8161 -93.6103 35.8760 17.0729 15.4200 -2.0854 1.2826 -0.4852 0.0001 0.0000 0.0000 -0.0000 0.0000 0.0000 -0.0008 -0.0013 -0.0000 0.0001 -0.0004 0.0000 -0.0000 0.0000 0.0000 -0.0000 0.0000 0.0000 -0.0000 0.0002 0.0000 0.0003 -0.0006 0.0000 -0.0006 0.0004 0.0000 0.0001 0.0000 0.0000 -0.0000 0.0000 0.0000 -0.0002 -0.0010 -0.0000 30.0001 0.0002 -0.0001 -29.9998 0.0005 0.0002 -0.0000 0.0000 0.0000 0.9625 2.4527 0.2412 0.9625 2.4527 0.2412 87.9416 -16.4838 -83.9634 -132.4806 67.5434 101.5126 -25.8276 20.3823 -11.8974 1.5021 0.6322 0.3180 0.0001 -0.0001 0.0000 -0.0000 0.0000 0.0000 0.0003 -0.0007 0.0000 0.0001 -0.0001 0.0000 -0.0000 0.0000 0.0000 -0.0000 0.0000 0.0000 0.0001 0.0007 -0.0000 0.0001 -0.0012 0.0000 0.0003 -0.0008 0.0000 -0.0000 0.0001 0.0000 -0.0000 0.0000 0.0000 -0.0000 -0.0009 0.0000 -29.9996 0.0002 0.0001 29.9996 -0.0003 0.0001 -0.0000 0.0000 0.0000 179.1262 -1.9119 -3.4367 -3.3835 -9.0164 -11.6494 31.6128 72.7768 -31.4392 -0.0000 25.3510 0.0000 178.4373 9.8234 -3.1304 -0.0877 -6.6398 -0.0847 4.7011 63.1660 0.0408 -0.0001 25.3508 0.0000
11.9348 95.9094 -12.2257 -1.0234 0.8193 -0.6035 0.2302 1.2533 -0.3375 0.2303 1.2536 -0.3375 0.2310 1.2572 -0.3385 -86.7817 -9.7078 85.5775 125.3031 60.6960 -93.6617 35.0061 17.5884 15.7456 -1.9739 1.2277 -0.4670 0.0001 0.0000 0.0000 -0.0000 0.0000 0.0000 -0.0008 -0.0013 -0.0000 0.0001 -0.0004 0.0000 -0.0000 0.0000 0.0000 -0.0000 0.0000 0.0000 -0.0001 0.0003 0.0000 0.0003 -0.0006 0.0000 -0.0006 0.0004 0.0000 0.0001 0.0000 0.0000 -0.0000 0.0000 0.0000 -0.0002 -0.0010 -0.0000 30.0001 0.0003 -0.0002 -29.9998 0.0005 0.0002 -0.0000 0.0000 0.0000 0.9594 2.3997 0.1697 0.9594 2.3997 0.1697 87.8790 -16.4802 -84.0802 -132.7350 68.3200 101.5876 -24.9307 20.6840 -12.1825 1.4079 0.6107 0.3039 0.0001 -0.0001 0.0000 -0.0000 0.0000 0.0000 0.0003 -0.0006 0.0000 0.0001 -0.0001 0.0000 -0.0000 0.0000 0.0000 -0.0000 0.0000 0.0000 0.0001 0.0007 -0.0000 0.0001 -0.0012 0.0000 0.0003 -0.0008 0.0000 -0.0000 0.0001 0.0000 -0.0000 0.0000 0.0000 -0.0000 -0.0009 0.0000 -29.9996 0.0002 0.0001 29.9996 -0.0003 0.0001 -0.0000 0.0000 0.0000 179.1399 -1.8848 -3.5386 -3.4657 -9.1510 -11.5615 31.2415 72.8474 -31.1972 -0.0000 25.3510 0.0000 178.4192 9.8150 -3.1086 -0.0876 -6.6405 -0.0843 4.7345 63.2683 -0.1247 -0.0001 25.3508 0.0000
11.8608 95.9431 -12.0114 -0.9406 0.9456 -0.6343 0.2180 1.2788 -0.3590 0.2180 1.2790 -0.3590 0.2186 1.2827 -0.3600 -86.8400 -9.8058 85.6140 125.4800 61.5964 -93.7231 34.2216 18.0826 16.0447 -1.8678 1.1738 -0.4494 0.0001 0.0000 0.0000 -0.0000 0.0000 0.0000 -0.0008 -0.0013 -0.0000 0.0001 -0.0004 0.0000 -0.0000 0.0000 0.0000 -0.0000 0.0000 0.0000 -0.0000 0.0002 0.0000 0.0003 -0.0006 0.0000 -0.0006 0.0004 0.0000 0.0001 0.0000 0.0000 -0.0000 0.0000 0.0000 -0.0002 -0.0010 -0.0000 30.0001 0.0002 -0.0001 -29.9998 0.0005 0.0002 -0.0000 0.0000 0.0000 0.9510 2.3455 0.1115 0.9510 2.3455 0.1115 87.8118 -16.4764 -84.1880 -133.0096 69.0745 101.6357 -24.0915 20.9674 -12.4158 1.3206 0.5906 0.2907 0.0001 -0.0001 0.0000 -0.0000 0.0000 0.0000 0.0003 -0.0006 0.0000 0.0001 -0.0001 0.0000 -0.0000 0.0000 0.0000 -0.0000 0.0000 0.0000 0.0001 0.0007 -0.0000 0.0001 -0.0012 0.0000 0.0003 -0.0008 0.0000 -0.0000 0.0001 0.0000 -0.0000 0.0000 0.0000 -0.0000 -0.0009 0.0000 -29.9996 0.0002 0.0001 29.9996 -0.0003 0.0001 -0.0000 0.0000 0.0000 179.1430 -1.8569 -3.6158 -3.5415 -9.2789 -11.4648 30.9150 72.9046 -31.0003 -0.0000 25.3510 0.0000 178.3911 9.8054 -3.0847 -0.0876 -6.6348 -0.0841 4.7715 63.3663 -0.2966 -0.0001 25.3508 0.0000
11.7846 95.9756 -11.7965 -0.8551 1.0780 -0.6613 0.2075 1.3021 -0.3833 0.2075 1.3023 -0.3834 0.2081 1.3061 -0.3845 -86.8925 -9.9270 85.6407 125.7018 62.4425 -93.8078 33.5812 18.5232 16.2705 -1.7751 1.1244 -0.4335 0.0001 0.0000 0.0000 -0.0000 0.0000 0.0000 -0.0008 -0.0013 -0.0000 0.0001 -0.0004 0.0000 -0.0000 0.0000 0.0000 -0.0000 0.0000 0.0000 -0.0000 0.0002 0.0000 0.0003 -0.0006 0.0000 -0.0006 0.0004 0.0000 0.0001 0.0000 0.0000 -0.0000 0.0000 0.0000 -0.0002 -0.0010 -0.0000 30.0001 0.0002 -0.0001 -29.9998 0.0005 0.0002 -0.0000 0.0000 0.0000 0.9328 2.2880 0.0734 0.9328 2.2880 0.0734 87.7447 -16.4739 -84.2926 -133.3045 69.7596 101.6637 -23.3896 21.2094 -12.5807 1.2455 0.5731 0.2791 0.0001 -0.0001 0.0000 -0.0000 0.0000 0.0000 0.0003 -0.0006 0.0000 0.0001 -0.0001 0.0000 -0.0000 0.0000 0.0000 -0.0000 0.0000 0.0000 0.0001 0.0007 -0.0000 0.0001 -0.0012 0.0000 0.0003 -0.0008 0.0000 -0.0000 0.0001 0.0000 -0.0000 0.0000 0.0000 -0.0000 -0.0008 0.0000 -29.9996 0.0002 0.0001 29.9996 -0.0003 0.0001 -0.0000 0.0000 0.0000 179.1385 -1.8271 -3.6553 -3.6121 -9.3947 -11.3688 30.6529 72.9432 -30.8676 -0.0000 25.3510 0.0000 178.3639 9.8035 -3.0635 -0.0875 -6.6337 -0.0834 4.7948 63.4624 -0.4734 -0.0001 25.3508 0.0000
11.6954 96.0068 -11.5809 -0.7662 1.2148 -0.6832 0.1985 1.3243 -0.4122 0.1986 1.3245 -0.4123 0.1991 1.3283 -0.4134 -86.9412 -10.0567 85.6691 125.9233 63.1863 -93.9111 33.0830 18.9057 16.4351 -1.6992 1.0815 -0.4201 0.0001 0.0000 0.0000 -0.0000 0.0000 0.0000 -0.0008 -0.0013 -0.0000 0.0001 -0.0004 0.0000 -0.0000 0.0000 0.0000 -0.0000 0.0000 0.0000 -0.0001 0.0002 0.0000 0.0003 -0.0006 0.0000 -0.0006 0.0004 0.0000 0.0001 0.0000 0.0000 -0.0000 0.0000 0.0000 -0.0002 -0.0010 -0.0000 30.0001 0.0003 -0.0002 -29.9998 0.0005 0.0002 -0.0000 0.0000 0.0000 0.9064 2.2268 0.0526 0.9064 2.2268 0.0526 87.6816 -16.4607 -84.3881 -133.6140 70.3583 101.7268 -22.7898 21.4132 -12.6824 1.1824 0.5574 0.2691 0.0001 -0.0001 0.0000 -0.0000 0.0000 0.0000 0.0003 -0.0006 0.0000 0.0001 -0.0001 0.0000 -0.0000 0.0000 0.0000 -0.0000 0.0000 0.0000 0.0001 0.0007 -0.0000 0.0001 -0.0012 0.0000 0.0003 -0.0008 0.0000 -0.0000 0.0001 0.0000 -0.0000 0.0000 0.0000 -0.0000 -0.0009 0.0000 -29.9997 0.0002 0.0001 29.9996 -0.0003 0.0001 -0.0000 0.0000 0.0000 179.1256 -1.8001 -3.6703 -3.6745 -9.4967 -11.2868 30.4023 72.9755 -30.7469 -0.0000 25.3510 0.0000 178.3432 9.8061 -3.0421 -0.0874 -6.6340 -0.0818 4.7949 63.5552 -0.6541 -0.0001 25.3508 0.0000
11.5937 96.0377 -11.3641 -0.6720 1.3544 -0.7002 0.1885 1.3440 -0.4427 0.1885 1.3442 -0.4428 0.1891 1.3481 -0.4440 -86.9831 -10.1841 85.7002 126.1394 63.8220 -94.0403 32.7173 19.2374 16.5483 -1.6399 1.0467 -0.4098 0.0001 0.0000 0.0000 -0.0000 0.0000 0.0000 -0.0008 -0.0013 -0.0000 0.0001 -0.0004 0.0000 -0.0000 0.0000 0.0000 -0.0000 0.0000 0.0000 -0.0001 0.0002 0.0000 0.0003 -0.0006 0.0000 -0.0006 0.0004 0.0000 0.0001 0.0000 0.0000 -0.0000 0.0000 0.0000 -0.0002 -0.0010 -0.0000 30.0001 0.0002 -0.0001 -29.9998 0.0005 0.0002 -0.0000 0.0000 0.0000 0.8768 2.1672 0.0403 0.8768 2.1672 0.0403 87.6266 -16.4436 -84.4760 -133.9296 70.8643 101.8505 -22.2876 21.5908 -12.7526 1.1310 0.5433 0.2607 0.0001 -0.0001 0.0000 -0.0000 0.0000 0.0000 0.0003 -0.0006 0.0000 0.0001 -0.0001 0.0000 -0.0000 0.0000 0.0000 -0.0000 0.0000 0.0000 0.0001 0.0007 -0.0000 0.0001 -0.0012 0.0000 0.0003 -0.0008 0.0000 -0.0000 0.0001 0.0000 -0.0000 0.0000 0.0000 -0.0000 -0.0009 0.0000 -29.9996 0.0002 0.0001 29.9996 -0.0003 0.0001 -0.0000 0.0000 0.0000 179.1025 -1.7795 -3.6789 -3.7259 -9.5851 -11.2160 30.1264 73.0095 -30.6022 -0.0000 25.3510 0.0000 178.3265 9.8116 -3.0164 -0.0873 -6.6371 -0.0799 4.7768 63.6456 -0.8437 -0.0001 25.3508 0.0000
11.4769 96.0694 -11.1473 -0.5678 1.4945 -0.7097 0.1748 1.3591 -0.4741 0.1748 1.3594 -0.4742 0.1753 1.3633 -0.4755 -87.0086 -10.3023 85.7353 126.3369 64.2729 -94.1976 32.5663 19.4858 16.5829 -1.6049 1.0234 -0.4040 0.0001 0.0000 0.0000 -0.0000 0.0000 0.0000 -0.0008 -0.0013 -0.0000 0.0001 -0.0004 0.0000 -0.0000 0.0000 0.0000 -0.0000 0.0000 0.0000 -0.0001 0.0003 0.0000 0.0003 -0.0006 0.0000 -0.0006 0.0004 0.0000 0.0001 0.0000 0.0000 -0.0000 0.0000 0.0000 -0.0002 -0.0010 -0.0000 30.0001 0.0002 -0.0001 -29.9998 0.0005 0.0002 -0.0000 0.0000 0.0000 0.8480 2.1212 0.0302 0.8480 2.1212 0.0302 87.5897 -16.4210 -84.5520 -134.2050 71.2065 102.0359 -21.9423 21.7304 -12.8050 1.0963 0.5322 0.2548 0.0001 -0.0001 0.0000 -0.0000 0.0000 0.0000 0.0003 -0.0006 0.0000 0.0001 -0.0001 0.0000 -0.0000 0.0000 0.0000 -0.0000 0.0000 0.0000 0.0001 0.0007 -0.0000 0.0001 -0.0011 0.0000 0.0003 -0.0008 0.0000 -0.0000 0.0001 0.0000 -0.0000 0.0000 0.0000 -0.0000 -0.0009 0.0000 -29.9997 0.0002 0.0001 29.9996 -0.0003 0.0001 -0.0000 0.0000 0.0000 179.0656 -1.7646 -3.6946 -3.7653 -9.6580 -11.1607 29.7893 73.0502 -30.3937 -0.0000 25.3510 0.0000 178.3106 9.8189 -2.9837 -0.0873 -6.6441 -0.0779 4.7351 63.7350 -1.0382 -0.0001 25.3508 0.0000
11.3494 96.1025 -10.9354 -0.4574 1.6298 -0.7161 0.1571 1.3700 -0.5006 0.1571 1.3703 -0.5007 0.1576 1.3742 -0.5021 -87.0196 -10.3971 85.7772 126.4739 64.5432 -94.3294 32.5824 19.6625 16.5604 -1.5886 1.0093 -0.4017 0.0001 0.0000 0.0000 -0.0000 0.0000 0.0000 -0.0008 -0.0013 -0.0000 0.0001 -0.0004 0.0000 -0.0000 0.0000 0.0000 -0.0000 0.0000 0.0000 -0.0001 0.0002 0.0000 0.0003 -0.0006 0.0000 -0.0006 0.0004 0.0000 0.0001 0.0000 0.0000 -0.0000 0.0000 0.0000 -0.0002 -0.0010 -0.0000 30.0001 0.0002 -0.0001 -29.9998 0.0005 0.0002 -0.0000 0.0000 0.0000 0.8239 2.1008 0.0064 0.8239 2.1008 0.0063 87.5665 -16.4029 -84.6103 -134.4085 71.3998 102.2270 -21.7446 21.8381 -12.8543 1.0772 0.5250 0.2515 0.0001 -0.0001 0.0000 -0.0000 0.0000 0.0000 0.0003 -0.0006 0.0000 0.0001 -0.0001 0.0000 -0.0000 0.0000 0.0000 -0.0000 0.0000 0.0000 0.0001 0.0007 -0.0000 0.0001 -0.0012 0.0000 0.0003 -0.0008 0.0000 -0.0000 0.0001 0.0000 -0.0000 0.0000 0.0000 -0.0000 -0.0009 0.0000 -29.9997 0.0002 0.0001 29.9996 -0.0003 0.0001 -0.0000 0.0000 0.0000 179.0196 -1.7543 -3.7216 -3.7989 -9.7214 -11.1147 29.4169 73.0949 -30.1431 -0.0000 25.3510 0.0000 178.2956 9.8277 -2.9536 -0.0872 -6.6583 -0.0758 4.6713 63.8257 -1.2170 -0.0001 25.3508 0.0000
11.2169 96.1362 -10.7308 -0.3435 1.7573 -0.7208 0.1363 1.3764 -0.5210 0.1363 1.3767 -0.5211 0.1367 1.3806 -0.5225 -87.0205 -10.4677 85.8241 126.5366 64.6481 -94.4189 32.7026 19.7844 16.5126 -1.5867 1.0025 -0.4020 0.0001 0.0000 0.0000 -0.0000 0.0000 0.0000 -0.0008 -0.0013 -0.0000 0.0001 -0.0004 0.0000 -0.0000 0.0000 0.0000 -0.0000 0.0000 0.0000 -0.0001 0.0002 0.0000 0.0003 -0.0007 0.0000 -0.0006 0.0004 0.0000 0.0001 0.0000 0.0000 -0.0000 0.0000 0.0000 -0.0002 -0.0010 -0.0000 30.0001 0.0002 -0.0001 -29.9998 0.0005 0.0002 -0.0000 0.0000 0.0000 0.8062 2.1108 -0.0374 0.8062 2.1108 -0.0374 87.5503 -16.3924 -84.6461 -134.5358 71.4640 102.3957 -21.6810 21.9247 -12.8877 1.0704 0.5212 0.2504 0.0001 -0.0001 0.0000 -0.0000 0.0000 0.0000 0.0003 -0.0006 0.0000 0.0001 -0.0001 0.0000 -0.0000 0.0000 0.0000 -0.0000 0.0000 0.0000 0.0001 0.0007 -0.0000 0.0001 -0.0012 0.0000 0.0003 -0.0008 0.0000 -0.0000 0.0001 0.0000 -0.0000 0.0000 0.0000 -0.0000 -0.0008 0.0000 -29.9996 0.0002 0.0001 29.9996 -0.0003 0.0001 -0.0000 0.0000 0.0000 178.9687 -1.7463 -3.7553 -3.8296 -9.7806 -11.0726 29.0438 73.1392 -29.8843 -0.0000 25.3510 0.0000 178.2798 9.8352 -2.9296 -0.0870 -6.6767 -0.0736 4.5907 63.9169 -1.3728 -0.0001 25.3508 0.0000
11.0885 96.1688 -10.5407 -0.2303 1.8688 -0.7225 0.1108 1.3744 -0.5285 0.1108 1.3747 -0.5286 0.1111 1.3786 -0.5301 -87.0097 -10.4963 85.8765 126.4789 64.5161 -94.4364 32.9631 19.8330 16.4524 -1.6045 1.0074 -0.4063 0.0001 0.0000 0.0000 -0.0000 0.0000 0.0000 -0.0008 -0.0013 -0.0000 0.0001 -0.0004 0.0000 -0.0000 0.0000 0.0000 -0.0000 0.0000 0.0000 -0.0000 0.0002 0.0000 0.0003 -0.0006 0.0000 -0.0006 0.0004 0.0000 0.0001 0.0000 0.0000 -0.0000 0.0000 0.0000 -0.0002 -0.0010 -0.0000 30.0001 0.0002 -0.0001 -29.9998 0.0005 0.0002 -0.0000 0.0000 0.0000 0.8051 2.1799 -0.1287 0.8051 2.1799 -0.1287 87.5382 -16.4053 -84.6494 -134.5342 71.3403 102.4687 -21.8061 21.9850 -12.8505 1.0815 0.5219 0.2528 0.0001 -0.0001 0.0000 -0.0000 0.0000 0.0000 0.0003 -0.0006 0.0000 0.0001 -0.0001 0.0000 -0.0000 0.0000 0.0000 -0.0000 0.0000 0.0000 0.0001 0.0007 -0.0000 0.0001 -0.0012 0.0000 0.0003 -0.0008 0.0000 -0.0000 0.0001 0.0000 -0.0000 0.0000 0.0000 -0.0000 -0.0009 0.0000 -29.9997 0.0002 0.0001 29.9996 -0.0003 0.0001 -0.0000 0.0000 0.0000 178.9239 -1.7389 -3.7816 -3.8671 -9.8411 -11.0400 28.7181 73.1767 -29.6621 -0.0000 25.3510 0.0000 178.2597 9.8338 -2.9180 -0.0869 -6.6922 -0.0717 4.5002 64.0063 -1.4866 -0.0001 25.3508 0.0000
10.9767 96.1987 -10.3648 -0.1257 1.9630 -0.7195 0.0836 1.3659 -0.5255 0.0837 1.3661 -0.5256 0.0839 1.3700 -0.5272 -86.9935 -10.4932 85.9246 126.3171 64.2094 -94.3660 33.3200 19.8334 16.3615 -1.6372 1.0209 -0.4138 0.0001 0.0000 0.0000 -0.0000 0.0000 0.0000 -0.0008 -0.0013 -0.0000 0.0001 -0.0004 0.0000 -0.0000 0.0000 0.0000 -0.0000 0.0000 0.0000 -0.0001 0.0002 0.0000 0.0003 -0.0006 0.0000 -0.0006 0.0004 0.0000 0.0001 0.0000 0.0000 -0.0000 0.0000 0.0000 -0.0002 -0.0010 -0.0000 30.0001 0.0002 -0.0001 -29.9998 0.0005 0.0002 -0.0000 0.0000 0.0000 0.8244 2.3057 -0.2710 0.8244 2.3057 -0.2710 87.5246 -16.4351 -84.6242 -134.3905 71.0824 102.3796 -22.0906 22.0289 -12.7096 1.1061 0.5264 0.2582 0.0001 -0.0001 0.0000 -0.0000 0.0000 0.0000 0.0003 -0.0006 0.0000 0.0001 -0.0001 0.0000 -0.0000 0.0000 0.0000 -0.0000 0.0000 0.0000 0.0001 0.0007 -0.0000 0.0001 -0.0012 0.0000 0.0003 -0.0008 0.0000 -0.0000 0.0001 0.0000 -0.0000 0.0000 0.0000 -0.0000 -0.0009 0.0000 -29.9996 0.0002 0.0001 29.9996 -0.0003 0.0001 -0.0000 0.0000 0.0000 178.8918 -1.7314 -3.7842 -3.9106 -9.9057 -11.0264 28.4419 73.2053 -29.4824 -0.0000 25.3510 0.0000 178.2341 9.8191 -2.9181 -0.0869 -6.6992 -0.0705 4.4148 64.0924 -1.5571 -0.0001 25.3508 0.0000
10.8817 96.2261 -10.2027 -0.0315 2.0411 -0.7107 0.0568 1.3525 -0.5150 0.0569 1.3528 -0.5151 0.0570 1.3566 -0.5165 -86.9758 -10.4690 85.9654 126.0648 63.7660 -94.2051 33.7567 19.7983 16.2258 -1.6819 1.0411 -0.4242 0.0001 0.0000 0.0000 -0.0000 0.0000 0.0000 -0.0008 -0.0013 -0.0000 0.0001 -0.0004 0.0000 -0.0000 0.0000 0.0000 -0.0000 0.0000 0.0000 -0.0000 0.0002 0.0000 0.0003 -0.0006 0.0000 -0.0006 0.0004 0.0000 0.0001 0.0000 0.0000 -0.0000 0.0000 0.0000 -0.0002 -0.0010 -0.0000 30.0001 0.0002 -0.0001 -29.9998 0.0005 0.0002 -0.0000 0.0000 0.0000 0.8585 2.4772 -0.4588 0.8585 2.4772 -0.4588 87.5078 -16.4767 -84.5753 -134.1209 70.7189 102.1361 -22.5113 22.0556 -12.4760 1.1421 0.5342 0.2661 0.0001 -0.0001 0.0000 -0.0000 0.0000 0.0000 0.0003 -0.0006 0.0000 0.0001 -0.0001 0.0000 -0.0000 0.0000 0.0000 -0.0000 0.0000 0.0000 0.0001 0.0007 -0.0000 0.0001 -0.0012 0.0000 0.0003 -0.0008 0.0000 -0.0000 0.0001 0.0000 -0.0000 0.0000 0.0000 -0.0000 -0.0009 0.0000 -29.9997 0.0002 0.0001 29.9996 -0.0003 0.0001 -0.0000 0.0000 0.0000 178.8708 -1.7294 -3.7698 -3.9538 -9.9709 -11.0253 28.2012 73.2261 -29.3336 -0.0000 25.3510 0.0000 178.2052 9.7911 -2.9277 -0.0868 -6.6969 -0.0700 4.3363 64.1731 -1.5892 -0.0001 25.3508 0.0000
10.8021 96.2508 -10.0598 0.0467 2.0966 -0.6894 0.0320 1.3340 -0.4980 0.0320 1.3342 -0.4981 0.0321 1.3380 -0.4995 -86.9574 -10.4280 85.9873 125.7091 63.1629 -93.9356 34.2962 19.7248 16.0193 -1.7442 1.0719 -0.4391 0.0001 0.0000 0.0000 -0.0000 0.0000 0.0000 -0.0008 -0.0013 -0.0000 0.0001 -0.0004 0.0000 -0.0000 0.0000 0.0000 -0.0000 0.0000 0.0000 -0.0000 0.0002 0.0000 0.0003 -0.0006 0.0000 -0.0006 0.0004 0.0000 0.0001 0.0000 0.0000 -0.0000 0.0000 0.0000 -0.0002 -0.0010 -0.0000 30.0001 0.0002 -0.0001 -29.9998 0.0005 0.0002 -0.0000 0.0000 0.0000 0.9063 2.7018 -0.7067 0.9063 2.7017 -0.7067 87.4871 -16.5239 -84.4968 -133.6900 70.2224 101.6868 -23.0969 22.0492 -12.1310 1.1930 0.5471 0.2774 0.0001 -0.0001 0.0000 -0.0000 0.0000 0.0000 0.0003 -0.0006 0.0000 0.0001 -0.0001 0.0000 -0.0000 0.0000 0.0000 -0.0000 0.0000 0.0000 0.0001 0.0007 -0.0000 0.0001 -0.0012 0.0000 0.0003 -0.0008 0.0000 -0.0000 0.0001 0.0000 -0.0000 0.0000 0.0000 -0.0000 -0.0009 0.0000 -29.9996 0.0002 0.0001 29.9996 -0.0003 0.0001 -0.0000 0.0000 0.0000 178.8674 -1.7532 -3.7424 -3.9933 -10.0206 -11.0358 27.9653 73.2402 -29.1859 -0.0000 25.3510 0.0000 178.1770 9.7415 -2.9438 -0.0867 -6.6763 -0.0695 4.2655 64.2421 -1.5758 -0.0001 25.3508 0.0000
10.7255 96.2745 -9.9296 0.1164 2.1354 -0.6536 0.0083 1.3127 -0.4806 0.0083 1.3130 -0.4807 0.0084 1.3167 -0.4820 -86.9371 -10.3856 85.9925 125.3266 62.4724 -93.6299 34.9300 19.6138 15.7450 -1.8198 1.1100 -0.4574 0.0001 0.0000 0.0000 -0.0000 0.0000 0.0000 -0.0008 -0.0013 -0.0000 0.0001 -0.0004 0.0000 -0.0000 0.0000 0.0000 -0.0000 0.0000 0.0000 -0.0001 0.0002 0.0000 0.0003 -0.0006 0.0000 -0.0006 0.0004 0.0000 0.0001 0.0000 0.0000 -0.0000 0.0000 0.0000 -0.0002 -0.0010 -0.0000 30.0001 0.0002 -0.0001 -29.9998 0.0005 0.0002 -0.0000 0.0000 0.0000 0.9614 2.9512 -0.9961 0.9614 2.9512 -0.9961 87.4677 -16.5675 -84.4032 -133.1755 69.6475 101.1296 -23.7821 22.0106 -11.7259 1.2537 0.5633 0.2907 0.0001 -0.0001 0.0000 -0.0000 0.0000 0.0000 0.0003 -0.0006 0.0000 0.0001 -0.0001 0.0000 -0.0000 0.0000 0.0000 -0.0000 0.0000 0.0000 0.0001 0.0007 -0.0000 0.0001 -0.0012 0.0000 0.0003 -0.0008 0.0000 -0.0000 0.0001 0.0000 -0.0000 0.0000 0.0000 -0.0000 -0.0009 0.0000 -29.9996 0.0002 0.0001 29.9996 -0.0003 0.0001 -0.0000 0.0000 0.0000 178.8687 -1.8018 -3.7121 -4.0202 -10.0535 -11.0551 27.6832 73.2549 -28.9911 -0.0000 25.3510 0.0000 178.1508 9.6708 -2.9510 -0.0867 -6.6342 -0.0684 4.2056 64.2970 -1.5485 -0.0001 25.3508 0.0000
10.6477 96.2982 -9.8075 0.1802 2.1636 -0.6054 -0.0144 1.2896 -0.4630 -0.0144 1.2899 -0.4631 -0.0143 1.2936 -0.4644 -86.9139 -10.3444 85.9852 124.9587 61.7306 -93.3196 35.6427 19.4613 15.4009 -1.9048 1.1518 -0.4777 0.0001 0.0000 0.0000 -0.0000 0.0000 0.0000 -0.0008 -0.0013 -0.0000 0.0001 -0.0004 0.0000 -0.0000 0.0000 0.0000 -0.0000 0.0000 0.0000 -0.0000 0.0002 0.0000 0.0003 -0.0006 0.0000 -0.0006 0.0004 0.0000 0.0001 0.0000 0.0000 -0.0000 0.0000 0.0000 -0.0002 -0.0010 -0.0000 30.0001 0.0002 -0.0001 -29.9998 0.0005 0.0002 -0.0000 0.0000 0.0000 1.0207 3.2112 -1.3168 1.0207 3.2112 -1.3168 87.4526 -16.6082 -84.3004 -132.6278 69.0205 100.5329 -24.5338 21.9426 -11.2916 1.3224 0.5820 0.3058 0.0001 -0.0001 0.0000 -0.0000 0.0000 0.0000 0.0003 -0.0006 0.0000 0.0001 -0.0001 0.0000 -0.0000 0.0000 0.0000 -0.0000 0.0000 0.0000 0.0001 0.0007 -0.0000 0.0001 -0.0012 0.0000 0.0003 -0.0008 0.0000 -0.0000 0.0001 0.0000 -0.0000 0.0000 0.0000 -0.0000 -0.0008 0.0000 -29.9996 0.0002 0.0001 29.9996 -0.0003 0.0001 -0.0000 0.0000 0.0000 178.8697 -1.8699 -3.6897 -4.0314 -10.0695 -11.0755 27.3409 73.2719 -28.7352 -0.0000 25.3511 0.0000 178.1278 9.5860 -2.9429 -0.0866 -6.5778 -0.0670 4.1587 64.3395 -1.5218 -0.0001 25.3508 0.0000
10.5637 96.3226 -9.6906 0.2385 2.1857 -0.5403 -0.0357 1.2633 -0.4457 -0.0357 1.2635 -0.4458 -0.0357 1.2671 -0.4470 -86.8866 -10.3053 85.9668 124.6527 60.9604 -93.0338 36.4170 19.2569 14.9695 -1.9968 1.1942 -0.4991 0.0001 0.0000 0.0000 -0.0000 0.0000 0.0000 -0.0008 -0.0013 -0.0000 0.0001 -0.0004 0.0000 -0.0000 0.0000 0.0000 -0.0000 0.0000 0.0000 -0.0000 0.0002 0.0000 0.0003 -0.0006 0.0000 -0.0006 0.0004 0.0000 0.0001 0.0000 0.0000 -0.0000 0.0000 0.0000 -0.0002 -0.0010 -0.0000 30.0001 0.0002 -0.0001 -29.9998 0.0005 0.0002 -0.0000 0.0000 0.0000 1.0787 3.4611 -1.6579 1.0787 3.4611 -1.6579 87.4421 -16.6468 -84.1942 -132.0774 68.3462 99.9495 -25.3380 21.8465 -10.8513 1.3991 0.6030 0.3223 0.0001 -0.0001 0.0000 -0.0000 0.0000 0.0000 0.0003 -0.0006 0.0000 0.0001 -0.0001 0.0000 -0.0000 0.0000 0.0000 -0.0000 0.0000 0.0000 0.0001 0.0007 -0.0000 0.0001 -0.0012 0.0000 0.0003 -0.0008 0.0000 -0.0000 0.0001 0.0000 -0.0000 0.0000 0.0000 -0.0000 -0.0009 0.0000 -29.9996 0.0002 0.0001 29.9996 -0.0003 0.0001 -0.0000 0.0000 0.0000 178.8654 -1.9500 -3.6871 -4.0199 -10.0689 -11.0797 26.9411 73.2901 -28.4171 -0.0000 25.3510 0.0000 178.1104 9.4863 -2.9130 -0.0865 -6.5004 -0.0651 4.1185 64.3657 -1.4977 -0.0001 25.3508 0.0000
10.4748 96.3475 -9.5714 0.2933 2.2121 -0.4622 -0.0561 1.2330 -0.4299 -0.0561 1.2332 -0.4299 -0.0563 1.2368 -0.4312 -86.8557 -10.2659 85.9476 124.4240 60.2212 -92.8070 37.2425 19.0026 14.5135 -2.0908 1.2355 -0.5201 0.0001 0.0000 0.0000 -0.0000 0.0000 0.0000 -0.0008 -0.0013 -0.0000 0.0001 -0.0004 0.0000 -0.0000 0.0000 0.0000 -0.0000 0.0000 0.0000 -0.0001 0.0002 0.0000 0.0003 -0.0006 0.0000 -0.0006 0.0004 0.0000 0.0001 0.0000 0.0000 -0.0000 0.0000 0.0000 -0.0002 -0.0010 -0.0000 30.0001 0.0002 -0.0001 -29.9998 0.0005 0.0002 -0.0000 0.0000 0.0000 1.1343 3.6993 -2.0135 1.1343 3.6993 -2.0135 87.4333 -16.6879 -84.0988 -131.5774 67.6536 99.4367 -26.1442 21.7270 -10.4340 1.4796 0.6247 0.3393 0.0001 -0.0001 0.0000 -0.0000 0.0000 0.0000 0.0003 -0.0006 0.0000 0.0001 -0.0001 0.0000 -0.0000 0.0000 0.0000 -0.0000 0.0000 0.0000 0.0001 0.0007 -0.0000 0.0001 -0.0011 0.0000 0.0003 -0.0008 0.0000 -0.0000 0.0001 0.0000 -0.0000 0.0000 0.0000 -0.0000 -0.0009 0.0000 -29.9996 0.0002 0.0001 29.9996 -0.0003 0.0001 -0.0000 0.0000 0.0000 178.8592 -2.0170 -3.6918 -3.9989 -10.0705 -11.0605 26.5711 73.3035 -28.1229 -0.0000 25.3510 0.0000 178.0977 9.3801 -2.8786 -0.0862 -6.4070 -0.0627 4.0595 64.3858 -1.4534 -0.0001 25.3508 0.0000
10.3857 96.3730 -9.4465 0.3407 2.2442 -0.3781 -0.0741 1.1997 -0.4143 -0.0741 1.1999 -0.4144 -0.0744 1.2033 -0.4155 -86.8210 -10.2253 85.9312 124.2405 59.4712 -92.6244 38.0583 18.7153 14.0529 -2.1869 1.2762 -0.5409 0.0001 0.0000 0.0000 -0.0000 0.0000 0.0000 -0.0008 -0.0013 -0.0000 0.0001 -0.0004 0.0000 -0.0000 0.0000 0.0000 -0.0000 0.0000 0.0000 -0.0000 0.0002 0.0000 0.0003 -0.0006 0.0000 -0.0006 0.0004 0.0000 0.0001 0.0000 0.0000 -0.0000 0.0000 0.0000 -0.0002 -0.0010 -0.0000 30.0001 0.0002 -0.0001 -29.9998 0.0005 0.0002 -0.0000 0.0000 0.0000 1.1892 3.9270 -2.3822 1.1892 3.9270 -2.3822 87.4252 -16.7326 -84.0205 -131.1321 66.9546 98.9892 -26.9473 21.5834 -10.0572 1.5626 0.6473 0.3564 0.0001 -0.0001 0.0000 -0.0000 0.0000 0.0000 0.0003 -0.0006 0.0000 0.0001 -0.0001 0.0000 -0.0000 0.0000 0.0000 -0.0000 0.0000 0.0000 0.0001 0.0007 -0.0000 0.0001 -0.0012 0.0000 0.0003 -0.0008 0.0000 -0.0000 0.0001 0.0000 -0.0000 0.0000 0.0000 -0.0000 -0.0009 0.0000 -29.9997 0.0002 0.0001 29.9996 -0.0003 0.0001 -0.0000 0.0000 0.0000 178.8587 -2.0619 -3.6994 -3.9748 -10.0836 -11.0197 26.2694 73.3084 -27.8937 -0.0000 25.3511 0.0000 178.0929 9.2773 -2.8559 -0.0861 -6.3179 -0.0604 3.9693 64.4130 -1.3728 -0.0001 25.3508 0.0000
10.3019 96.3940 -9.3346 0.3731 2.2860 -0.2910 -0.0863 1.1641 -0.3992 -0.0863 1.1643 -0.3993 -0.0865 1.1676 -0.4005 -86.7818 -10.1808 85.9218 124.1261 58.7827 -92.5124 38.8934 18.3957 13.6105 -2.2810 1.3141 -0.5601 0.0001 0.0000 0.0000 -0.0000 0.0000 0.0000 -0.0008 -0.0013 -0.0000 0.0001 -0.0004 0.0000 -0.0000 0.0000 0.0000 -0.0000 0.0000 0.0000 -0.0000 0.0002 0.0000 0.0003 -0.0006 0.0000 -0.0006 0.0004 0.0000 0.0001 0.0000 0.0000 -0.0000 0.0000 0.0000 -0.0002 -0.0010 -0.0000 30.0001 0.0002 -0.0001 -29.9998 0.0005 0.0002 -0.0000 0.0000 0.0000 1.2412 4.1310 -2.7616 1.2412 4.1310 -2.7616 87.4189 -16.7689 -83.9571 -130.7515 66.2769 98.6173 -27.7253 21.4115 -9.7335 1.6453 0.6701 0.3728 0.0001 -0.0001 0.0000 -0.0000 0.0000 0.0000 0.0003 -0.0006 0.0000 0.0001 -0.0001 0.0000 -0.0000 0.0000 0.0000 -0.0000 0.0000 0.0000 0.0001 0.0007 -0.0000 0.0001 -0.0012 0.0000 0.0003 -0.0008 0.0000 -0.0000 0.0001 0.0000 -0.0000 0.0000 0.0000 -0.0000 -0.0008 0.0000 -29.9996 0.0002 0.0001 29.9996 -0.0003 0.0001 -0.0000 0.0000 0.0000 178.8764 -2.0650 -3.7073 -3.9551 -10.1292 -10.9580 26.0815 73.3037 -27.7754 -0.0000 25.3510 0.0000 178.1016 9.1924 -2.8697 -0.0859 -6.2303 -0.0583 3.8110 64.4355 -1.2087 -0.0001 25.3508 0.0000
10.2220 96.4092 -9.2439 0.3952 2.3330 -0.2035 -0.0940 1.1308 -0.3855 -0.0940 1.1310 -0.3855 -0.0942 1.1343 -0.3866 -86.7466 -10.1305 85.9199 124.0344 58.1459 -92.4230 39.7033 18.0590 13.2053 -2.3714 1.3498 -0.5778 0.0001 0.0000 0.0000 -0.0000 0.0000 0.0000 -0.0008 -0.0013 -0.0000 0.0001 -0.0004 0.0000 -0.0000 0.0000 0.0000 -0.0000 0.0000 0.0000 -0.0000 0.0002 0.0000 0.0003 -0.0006 0.0000 -0.0006 0.0004 0.0000 0.0001 0.0000 0.0000 -0.0000 0.0000 0.0000 -0.0002 -0.0010 -0.0000 30.0001 0.0002 -0.0001 -29.9998 0.0005 0.0002 -0.0000 0.0000 0.0000 1.2921 4.3097 -3.1425 1.2921 4.3097 -3.1425 87.4155 -16.7925 -83.8977 -130.4152 65.6395 98.2877 -28.4613 21.2191 -9.4348 1.7255 0.6925 0.3884 0.0001 -0.0001 0.0000 -0.0000 0.0000 0.0000 0.0003 -0.0006 0.0000 0.0001 -0.0001 0.0000 -0.0000 0.0000 0.0000 -0.0000 0.0000 0.0000 0.0001 0.0007 -0.0000 0.0001 -0.0012 0.0000 0.0003 -0.0008 0.0000 -0.0000 0.0001 0.0000 -0.0000 0.0000 0.0000 -0.0000 -0.0009 0.0000 -29.9997 0.0002 0.0001 29.9996 -0.0003 0.0001 -0.0000 0.0000 0.0000 178.9104 -2.0420 -3.7108 -3.9413 -10.2029 -10.9034 25.9344 73.3005 -27.6988 -0.0000 25.3510 0.0000 178.1205 9.1360 -2.9168 -0.0858 -6.1632 -0.0564 3.5956 64.4579 -0.9743 -0.0001 25.3508 0.0000
10.1436 96.4195 -9.1710 0.4128 2.3818 -0.1175 -0.0996 1.1012 -0.3727 -0.0996 1.1013 -0.3727 -0.1000 1.1045 -0.3738 -86.7181 -10.0764 85.9233 123.9481 57.5541 -92.3346 40.4709 17.7054 12.8457 -2.4575 1.3840 -0.5940 0.0001 0.0000 0.0000 -0.0000 0.0000 0.0000 -0.0008 -0.0013 -0.0000 0.0001 -0.0004 0.0000 -0.0000 0.0000 0.0000 -0.0000 0.0000 0.0000 -0.0000 0.0002 0.0000 0.0003 -0.0006 0.0000 -0.0006 0.0004 0.0000 0.0001 0.0000 0.0000 -0.0000 0.0000 0.0000 -0.0002 -0.0010 -0.0000 30.0001 0.0002 -0.0001 -29.9998 0.0005 0.0002 -0.0000 0.0000 0.0000 1.3442 4.4666 -3.5251 1.3442 4.4666 -3.5251 87.4157 -16.8051 -83.8402 -130.1205 65.0501 97.9897 -29.1514 21.0070 -9.1517 1.8025 0.7142 0.4030 0.0001 -0.0001 0.0000 -0.0000 0.0000 0.0000 0.0003 -0.0006 0.0000 0.0001 -0.0001 0.0000 -0.0000 0.0000 0.0000 -0.0000 0.0000 0.0000 0.0001 0.0007 -0.0000 0.0001 -0.0012 0.0000 0.0003 -0.0008 0.0000 -0.0000 0.0001 0.0000 -0.0000 0.0000 0.0000 -0.0000 -0.0009 0.0000 -29.9996 0.0002 0.0001 29.9996 -0.0003 0.0001 -0.0000 0.0000 0.0000 178.9517 -2.0091 -3.7118 -3.9289 -10.2919 -10.8648 25.7803 73.3036 -27.6172 -0.0000 25.3510 0.0000 178.1439 9.0939 -2.9803 -0.0856 -6.0973 -0.0546 3.3533 64.4716 -0.7063 -0.0001 25.3508 0.0000
10.0631 96.4302 -9.0915 0.4298 2.4293 -0.0390 -0.1046 1.0788 -0.3589 -0.1046 1.0790 -0.3590 -0.1049 1.0821 -0.3600 -86.7001 -10.0192 85.9312 123.8591 57.0176 -92.2334 41.1246 17.3488 12.5545 -2.5346 1.4157 -0.6075 0.0001 0.0000 0.0000 -0.0000 0.0000 0.0000 -0.0008 -0.0013 -0.0000 0.0001 -0.0004 0.0000 -0.0000 0.0000 0.0000 -0.0000 0.0000 0.0000 -0.0000 0.0002 0.0000 0.0003 -0.0006 0.0000 -0.0006 0.0004 0.0000 0.0001 0.0000 0.0000 -0.0000 0.0000 0.0000 -0.0002 -0.0010 -0.0000 30.0001 0.0002 -0.0001 -29.9998 0.0005 0.0002 -0.0000 0.0000 0.0000 1.3988 4.5980 -3.9152 1.3988 4.5980 -3.9152 87.4229 -16.8048 -83.7873 -129.8877 64.5465 97.7410 -29.7589 20.7700 -8.9057 1.8711 0.7339 0.4152 0.0001 -0.0001 0.0000 -0.0000 0.0000 0.0000 0.0003 -0.0006 0.0000 0.0001 -0.0001 0.0000 -0.0000 0.0000 0.0000 -0.0000 0.0000 0.0000 0.0001 0.0007 -0.0000 0.0001 -0.0012 0.0000 0.0003 -0.0008 0.0000 -0.0000 0.0001 0.0000 -0.0000 0.0000 0.0000 -0.0000 -0.0009 0.0000 -29.9996 0.0002 0.0001 29.9996 -0.0003 0.0001 -0.0000 0.0000 0.0000 178.9964 -1.9841 -3.7209 -3.9172 -10.3844 -10.8456 25.5768 73.3155 -27.4874 -0.0000 25.3510 0.0000 178.1709 9.0593 -3.0469 -0.0855 -6.0552 -0.0538 3.1129 64.4999 -0.4456 -0.0001 25.3508 0.0000
9.9663 96.4455 -8.9884 0.4536 2.4751 0.0343 -0.1110 1.0621 -0.3439 -0.1110 1.0623 -0.3439 -0.1113 1.0654 -0.3449 -86.6903 -9.9543 85.9423 123.7788 56.5834 -92.1358 41.6753 17.0143 12.3258 -2.5986 1.4425 -0.6179 0.0001 0.0000 0.0000 -0.0000 0.0000 0.0000 -0.0008 -0.0013 -0.0000 0.0001 -0.0004 0.0000 -0.0000 0.0000 0.0000 -0.0000 0.0000 0.0000 -0.0000 0.0002 0.0000 0.0003 -0.0006 0.0000 -0.0006 0.0004 0.0000 0.0001 0.0000 0.0000 -0.0000 0.0000 0.0000 -0.0002 -0.0010 -0.0000 30.0001 0.0002 -0.0001 -29.9998 0.0005 0.0002 -0.0000 0.0000 0.0000 1.4515 4.7000 -4.2891 1.4515 4.7000 -4.2891 87.4324 -16.7955 -83.7388 -129.7164 64.1289 97.5610 -30.2597 20.5262 -8.6977 1.9314 0.7513 0.4253 0.0001 -0.0001 0.0000 -0.0000 0.0000 0.0000 0.0003 -0.0006 0.0000 0.0001 -0.0001 0.0000 -0.0000 0.0000 0.0000 -0.0000 0.0000 0.0000 0.0001 0.0007 -0.0000 0.0001 -0.0012 0.0000 0.0003 -0.0008 0.0000 -0.0000 0.0001 0.0000 -0.0000 0.0000 0.0000 -0.0000 -0.0008 0.0000 -29.9996 0.0002 0.0001 29.9996 -0.0003 0.0001 -0.0000 0.0000 0.0000 179.0375 -1.9708 -3.7410 -3.9065 -10.4745 -10.8267 25.3357 73.3332 -27.3185 -0.0000 25.3510 0.0000 178.2016 9.0200 -3.0941 -0.0856 -6.0356 -0.0533 2.8952 64.5509 -0.2318 -0.0001 25.3508 0.0000
9.8448 96.4642 -8.8653 0.4849 2.5197 0.1033 -0.1187 1.0496 -0.3284 -0.1187 1.0498 -0.3284 -0.1190 1.0529 -0.3294 -86.6894 -9.8835 85.9574 123.6967 56.2499 -92.0393 42.1227 16.7141 12.1571 -2.6497 1.4645 -0.6257 0.0001 0.0000 0.0000 -0.0000 0.0000 0.0000 -0.0008 -0.0013 -0.0000 0.0001 -0.0004 0.0000 -0.0000 0.0000 0.0000 -0.0000 0.0000 0.0000 -0.0001 0.0002 0.0000 0.0003 -0.0006 0.0000 -0.0006 0.0004 0.0000 0.0001 0.0000 0.0000 -0.0000 0.0000 0.0000 -0.0002 -0.0010 -0.0000 30.0001 0.0002 -0.0001 -29.9998 0.0005 0.0002 -0.0000 0.0000 0.0000 1.5014 4.7800 -4.6474 1.5014 4.7800 -4.6474 87.4404 -16.7822 -83.6983 -129.6067 63.7962 97.4576 -30.6542 20.2903 -8.5362 1.9823 0.7662 0.4331 0.0001 -0.0001 0.0000 -0.0000 0.0000 0.0000 0.0003 -0.0006 0.0000 0.0001 -0.0001 0.0000 -0.0000 0.0000 0.0000 -0.0000 0.0000 0.0000 0.0001 0.0007 -0.0000 0.0001 -0.0012 0.0000 0.0003 -0.0008 0.0000 -0.0000 0.0001 0.0000 -0.0000 0.0000 0.0000 -0.0000 -0.0009 0.0000 -29.9996 0.0002 0.0001 29.9995 -0.0003 0.0001 -0.0000 0.0000 0.0000 179.0725 -1.9629 -3.7710 -3.8952 -10.5669 -10.7983 25.0822 73.3542 -27.1375 -0.0000 25.3510 0.0000 178.2415 8.9798 -3.1204 -0.0855 -6.0409 -0.0528 2.6970 64.6234 -0.0683 -0.0001 25.3508 0.0000
9.6861 96.4833 -8.7291 0.5220 2.5620 0.1636 -0.1256 1.0429 -0.3117 -0.1256 1.0430 -0.3117 -0.1260 1.0461 -0.3125 -86.7034 -9.8088 85.9741 123.5999 56.0385 -91.9438 42.3676 16.4910 12.0690 -2.6810 1.4787 -0.6294 0.0001 0.0000 0.0000 -0.0000 0.0000 0.0000 -0.0008 -0.0013 -0.0000 0.0001 -0.0004 0.0000 -0.0000 0.0000 0.0000 -0.0000 0.0000 0.0000 -0.0000 0.0002 0.0000 0.0003 -0.0006 0.0000 -0.0006 0.0004 0.0000 0.0001 0.0000 0.0000 -0.0000 0.0000 0.0000 -0.0002 -0.0010 -0.0000 30.0001 0.0002 -0.0001 -29.9998 0.0005 0.0002 -0.0000 0.0000 0.0000 1.5445 4.8290 -4.9786 1.5445 4.8290 -4.9786 87.4399 -16.7693 -83.6783 -129.5894 63.5943 97.4742 -30.8818 20.0916 -8.4674 2.0142 0.7753 0.4367 0.0001 -0.0001 0.0000 -0.0000 0.0000 0.0000 0.0003 -0.0006 0.0000 0.0001 -0.0001 0.0000 -0.0000 0.0000 0.0000 -0.0000 0.0000 0.0000 0.0001 0.0007 -0.0000 0.0001 -0.0012 0.0000 0.0003 -0.0008 0.0000 -0.0000 0.0001 0.0000 -0.0000 0.0000 0.0000 -0.0000 -0.0008 0.0000 -29.9996 0.0002 0.0001 29.9996 -0.0003 0.0001 -0.0000 0.0000 0.0000 179.1033 -1.9526 -3.8138 -3.8849 -10.6705 -10.7448 24.8520 73.3728 -26.9828 -0.0000 25.3510 0.0000 178.3020 8.9517 -3.1274 -0.0854 -6.0892 -0.0516 2.5139 64.7201 0.0350 -0.0001 25.3508 0.0000
9.5158 96.4979 -8.6010 0.5575 2.6009 0.2200 -0.1297 1.0414 -0.2953 -0.1297 1.0415 -0.2953 -0.1301 1.0445 -0.2962 -86.7278 -9.7385 85.9878 123.5051 55.9638 -91.8683 42.4633 16.3509 12.0407 -2.6944 1.4850 -0.6300 0.0001 0.0000 0.0000 -0.0000 0.0000 0.0000 -0.0008 -0.0013 -0.0000 0.0001 -0.0004 0.0000 -0.0000 0.0000 0.0000 -0.0000 0.0000 0.0000 -0.0000 0.0002 0.0000 0.0003 -0.0006 0.0000 -0.0006 0.0004 0.0000 0.0001 0.0000 0.0000 -0.0000 0.0000 0.0000 -0.0002 -0.0010 -0.0000 30.0001 0.0002 -0.0001 -29.9998 0.0005 0.0002 -0.0000 0.0000 0.0000 1.5814 4.8530 -5.2848 1.5814 4.8530 -5.2848 87.4326 -16.7608 -83.6789 -129.6350 63.5013 97.5766 -30.9571 19.9445 -8.4893 2.0284 0.7793 0.4368 0.0001 -0.0001 0.0000 -0.0000 0.0000 0.0000 0.0003 -0.0006 0.0000 0.0001 -0.0001 0.0000 -0.0000 0.0000 0.0000 -0.0000 0.0000 0.0000 0.0001 0.0007 -0.0000 0.0001 -0.0012 0.0000 0.0003 -0.0008 0.0000 -0.0000 0.0001 0.0000 -0.0000 0.0000 0.0000 -0.0000 -0.0008 0.0000 -29.9996 0.0002 0.0001 29.9996 -0.0003 0.0001 -0.0000 0.0000 0.0000 179.1439 -1.9385 -3.8586 -3.8865 -10.7880 -10.6745 24.6592 73.3871 -26.8668 -0.0000 25.3510 0.0000 178.3742 8.9372 -3.1435 -0.0855 -6.1592 -0.0505 2.3010 64.8196 0.1509 -0.0001 25.3508 0.0000
9.3496 96.5078 -8.4849 0.5910 2.6342 0.2766 -0.1309 1.0456 -0.2813 -0.1309 1.0457 -0.2814 -0.1313 1.0488 -0.2821 -86.7603 -9.6730 85.9990 123.3998 56.0078 -91.8117 42.4206 16.3006 12.0615 -2.6918 1.4841 -0.6280 0.0001 0.0000 0.0000 -0.0000 0.0000 0.0000 -0.0008 -0.0013 -0.0000 0.0001 -0.0004 0.0000 -0.0000 0.0000 0.0000 -0.0000 0.0000 0.0000 -0.0000 0.0002 0.0000 0.0003 -0.0006 0.0000 -0.0006 0.0004 0.0000 0.0001 0.0000 0.0000 -0.0000 0.0000 0.0000 -0.0002 -0.0010 -0.0000 30.0001 0.0002 -0.0001 -29.9998 0.0005 0.0002 -0.0000 0.0000 0.0000 1.6116 4.8554 -5.5671 1.6116 4.8554 -5.5671 87.4209 -16.7558 -83.6954 -129.7271 63.5074 97.7406 -30.8947 19.8521 -8.5863 2.0265 0.7789 0.4339 0.0001 -0.0001 0.0000 -0.0000 0.0000 0.0000 0.0003 -0.0006 0.0000 0.0001 -0.0001 0.0000 -0.0000 0.0000 0.0000 -0.0000 0.0000 0.0000 0.0001 0.0007 -0.0000 0.0001 -0.0012 0.0000 0.0003 -0.0008 0.0000 -0.0000 0.0001 0.0000 -0.0000 0.0000 0.0000 -0.0000 -0.0009 0.0000 -29.9997 0.0002 0.0001 29.9996 -0.0003 0.0001 -0.0000 0.0000 0.0000 179.1935 -1.9270 -3.8956 -3.8983 -10.9144 -10.6050 24.4740 73.4004 -26.7601 -0.0000 25.3511 0.0000 178.4480 8.9301 -3.1775 -0.0854 -6.2395 -0.0498 2.0438 64.9156 0.3094 -0.0001 25.3508 0.0000
9.2034 96.5134 -8.3781 0.6240 2.6577 0.3385 -0.1287 1.0582 -0.2738 -0.1287 1.0584 -0.2738 -0.1291 1.0614 -0.2747 -86.8012 -9.6170 86.0090 123.2688 56.2230 -91.7772 42.1805 16.3912 12.1466 -2.6669 1.4725 -0.6225 0.0001 0.0000 0.0000 -0.0000 0.0000 0.0000 -0.0008 -0.0013 -0.0000 0.0001 -0.0004 0.0000 -0.0000 0.0000 0.0000 -0.0000 0.0000 0.0000 -0.0000 0.0002 0.0000 0.0003 -0.0006 0.0000 -0.0006 0.0004 0.0000 0.0001 0.0000 0.0000 -0.0000 0.0000 0.0000 -0.0002 -0.0010 -0.0000 30.0001 0.0002 -0.0001 -29.9998 0.0005 0.0002 -0.0000 0.0000 0.0000 1.6324 4.8292 -5.8120 1.6324 4.8292 -5.8120 87.4021 -16.7506 -83.7293 -129.8715 63.6645 97.9602 -30.6427 19.8482 -8.7745 2.0008 0.7724 0.4274 0.0001 -0.0001 0.0000 -0.0000 0.0000 0.0000 0.0003 -0.0006 0.0000 0.0001 -0.0001 0.0000 -0.0000 0.0000 0.0000 -0.0000 0.0000 0.0000 0.0001 0.0007 -0.0000 0.0001 -0.0012 0.0000 0.0003 -0.0008 0.0000 -0.0000 0.0001 0.0000 -0.0000 0.0000 0.0000 -0.0000 -0.0009 0.0000 -29.9996 0.0002 0.0001 29.9996 -0.0003 0.0001 -0.0000 0.0000 0.0000 179.2453 -1.9365 -3.9118 -3.9149 -11.0355 -10.5629 24.2330 73.4177 -26.6028 -0.0000 25.3510 0.0000 178.5108 8.9223 -3.2305 -0.0855 -6.3268 -0.0500 1.7343 65.0084 0.5275 -0.0001 25.3508 0.0000
9.0709 96.5209 -8.2564 0.6612 2.6771 0.4071 -0.1255 1.0757 -0.2719 -0.1255 1.0759 -0.2720 -0.1258 1.0790 -0.2728 -86.8444 -9.5733 86.0214 123.1380 56.5830 -91.7614 41.7987 16.5792 12.2804 -2.6236 1.4522 -0.6143 0.0001 0.0000 0.0000 -0.0000 0.0000 0.0000 -0.0008 -0.0013 -0.0000 0.0001 -0.0004 0.0000 -0.0000 0.0000 0.0000 -0.0000 0.0000 0.0000 -0.0000 0.0002 0.0000 0.0003 -0.0006 0.0000 -0.0006 0.0004 0.0000 0.0001 0.0000 0.0000 -0.0000 0.0000 0.0000 -0.0002 -0.0010 -0.0000 30.0001 0.0002 -0.0001 -29.9998 0.0005 0.0002 -0.0000 0.0000 0.0000 1.6499 4.7838 -6.0292 1.6499 4.7838 -6.0292 87.3767 -16.7461 -83.7805 -130.0377 63.9427 98.1849 -30.2559 19.9153 -9.0230 1.9567 0.7616 0.4181 0.0001 -0.0001 0.0000 -0.0000 0.0000 0.0000 0.0003 -0.0006 0.0000 0.0001 -0.0001 0.0000 -0.0000 0.0000 0.0000 -0.0000 0.0000 0.0000 0.0001 0.0007 -0.0000 0.0001 -0.0012 0.0000 0.0003 -0.0008 0.0000 -0.0000 0.0001 0.0000 -0.0000 0.0000 0.0000 -0.0000 -0.0009 0.0000 -29.9997 0.0002 0.0001 29.9996 -0.0003 0.0001 -0.0000 0.0000 0.0000 179.2883 -1.9735 -3.9131 -3.9291 -11.1345 -10.5464 23.9175 73.4389 -26.3702 -0.0000 25.3510 0.0000 178.5609 8.9035 -3.2802 -0.0856 -6.4211 -0.0506 1.4089 65.1125 0.7618 -0.0001 25.3508 0.0000
8.9402 96.5319 -8.1087 0.7047 2.6985 0.4821 -0.1226 1.0949 -0.2744 -0.1226 1.0951 -0.2744 -0.1230 1.0983 -0.2752 -86.8858 -9.5432 86.0374 123.0275 57.0646 -91.7643 41.3011 16.8376 12.4629 -2.5644 1.4250 -0.6033 0.0001 0.0000 0.0000 -0.0000 0.0000 0.0000 -0.0008 -0.0013 -0.0000 0.0001 -0.0004 0.0000 -0.0000 0.0000 0.0000 -0.0000 0.0000 0.0000 -0.0000 0.0003 0.0000 0.0003 -0.0006 0.0000 -0.0006 0.0004 0.0000 0.0001 0.0000 0.0000 -0.0000 0.0000 0.0000 -0.0002 -0.0010 -0.0000 30.0001 0.0002 -0.0001 -29.9998 0.0005 0.0002 -0.0000 0.0000 0.0000 1.6671 4.7259 -6.2245 1.6671 4.7259 -6.2245 87.3448 -16.7452 -83.8479 -130.2254 64.3208 98.4045 -29.7592 20.0369 -9.3227 1.8975 0.7476 0.4068 0.0001 -0.0001 0.0000 -0.0000 0.0000 0.0000 0.0003 -0.0006 0.0000 0.0001 -0.0001 0.0000 -0.0000 0.0000 0.0000 -0.0000 0.0000 0.0000 0.0001 0.0007 -0.0000 0.0001 -0.0012 0.0000 0.0003 -0.0008 0.0000 -0.0000 0.0001 0.0000 -0.0000 0.0000 0.0000 -0.0000 -0.0009 0.0000 -29.9996 0.0002 0.0001 29.9996 -0.0003 0.0001 -0.0000 0.0000 0.0000 179.3203 -2.0299 -3.9076 -3.9404 -11.2115 -10.5387 23.5564 73.4614 -26.0870 -0.0000 25.3510 0.0000 178.6035 8.8721 -3.3193 -0.0856 -6.5209 -0.0513 1.0743 65.2343 0.9960 -0.0001 25.3508 0.0000
8.7961 96.5474 -7.9213 0.7580 2.7326 0.5625 -0.1205 1.1123 -0.2818 -0.1205 1.1124 -0.2818 -0.1209 1.1157 -0.2826 -86.9202 -9.5360 86.0647 122.9592 57.6962 -91.7874 40.6559 17.1800 12.7165 -2.4837 1.3890 -0.5887 0.0001 0.0000 0.0000 -0.0000 0.0000 0.0000 -0.0008 -0.0013 -0.0000 0.0001 -0.0004 0.0000 -0.0000 0.0000 0.0000 -0.0000 0.0000 0.0000 -0.0000 0.0002 0.0000 0.0003 -0.0006 0.0000 -0.0006 0.0004 0.0000 0.0001 0.0000 0.0000 -0.0000 0.0000 0.0000 -0.0002 -0.0010 -0.0000 30.0001 0.0002 -0.0001 -29.9998 0.0005 0.0002 -0.0000 0.0000 0.0000 1.6839 4.6547 -6.3896 1.6839 4.6547 -6.3896 87.3000 -16.7521 -83.9422 -130.4331 64.8122 98.5921 -29.1154 20.2228 -9.6903 1.8232 0.7326 0.3941 0.0001 -0.0001 0.0000 -0.0000 0.0000 0.0000 0.0003 -0.0006 0.0000 0.0001 -0.0001 0.0000 -0.0000 0.0000 0.0000 -0.0000 0.0000 0.0000 0.0001 0.0007 -0.0000 0.0001 -0.0012 0.0000 0.0003 -0.0008 0.0000 -0.0000 0.0001 0.0000 -0.0000 0.0000 0.0000 -0.0000 -0.0008 0.0000 -29.9997 0.0002 0.0001 29.9996 -0.0003 0.0001 -0.0000 0.0000 0.0000 179.3322 -2.0948 -3.9035 -3.9422 -11.2634 -10.5155 23.1985 73.4793 -25.8011 -0.0000 25.3511 0.0000 178.6449 8.8293 -3.3352 -0.0857 -6.6245 -0.0516 0.7378 65.3810 1.2043 -0.0001 25.3508 0.0000
8.6315 96.5621 -7.7220 0.8128 2.7831 0.6399 -0.1154 1.1268 -0.2899 -0.1154 1.1269 -0.2900 -0.1156 1.1302 -0.2908 -86.9491 -9.5419 86.1001 122.9316 58.4196 -91.8226 39.9161 17.5704 13.0234 -2.3891 1.3478 -0.5717 0.0001 0.0000 0.0000 -0.0000 0.0000 0.0000 -0.0008 -0.0013 -0.0000 0.0001 -0.0004 0.0000 -0.0000 0.0000 0.0000 -0.0000 0.0000 0.0000 -0.0001 0.0003 0.0000 0.0003 -0.0007 0.0000 -0.0006 0.0004 0.0000 0.0001 0.0000 0.0000 -0.0000 0.0000 0.0000 -0.0002 -0.0010 -0.0000 30.0001 0.0002 -0.0001 -29.9998 0.0005 0.0002 -0.0000 0.0000 0.0000 1.6980 4.5713 -6.5340 1.6980 4.5713 -6.5340 87.2424 -16.7643 -84.0549 -130.6279 65.3436 98.7284 -28.3371 20.4523 -10.1007 1.7397 0.7164 0.3801 0.0001 -0.0001 0.0000 -0.0000 0.0000 0.0000 0.0003 -0.0006 0.0000 0.0001 -0.0001 0.0000 -0.0000 0.0000 0.0000 -0.0000 0.0000 0.0000 0.0001 0.0007 -0.0000 0.0001 -0.0012 0.0000 0.0003 -0.0008 0.0000 -0.0000 0.0002 0.0000 -0.0000 0.0000 0.0000 -0.0000 -0.0009 0.0000 -29.9997 0.0002 0.0001 29.9996 -0.0003 0.0001 -0.0000 0.0000 0.0000 179.3362 -2.1361 -3.9107 -3.9391 -11.3200 -10.4558 22.9225 73.4860 -25.5956 -0.0000 25.3510 0.0000 178.6986 8.7984 -3.3392 -0.0858 -6.7327 -0.0515 0.3958 65.5344 1.3906 -0.0001 25.3508 0.0000
8.4542 96.5734 -7.5283 0.8641 2.8473 0.7118 -0.1065 1.1400 -0.2970 -0.1065 1.1402 -0.2970 -0.1067 1.1435 -0.2979 -86.9744 -9.5573 86.1376 122.9488 59.2061 -91.8713 39.1029 17.9962 13.3635 -2.2855 1.3024 -0.5529 0.0001 0.0000 0.0000 -0.0000 0.0000 0.0000 -0.0008 -0.0013 -0.0000 0.0001 -0.0004 0.0000 -0.0000 0.0000 0.0000 -0.0000 0.0000 0.0000 -0.0000 0.0002 0.0000 0.0003 -0.0006 0.0000 -0.0006 0.0004 0.0000 0.0001 0.0000 0.0000 -0.0000 0.0000 0.0000 -0.0002 -0.0010 -0.0000 30.0001 0.0002 -0.0001 -29.9998 0.0005 0.0002 -0.0000 0.0000 0.0000 1.7106 4.4773 -6.6635 1.7106 4.4773 -6.6635 87.1792 -16.7807 -84.1769 -130.8358 65.9316 98.8447 -27.4734 20.7062 -10.5256 1.6499 0.6983 0.3650 0.0001 -0.0001 0.0000 -0.0000 0.0000 0.0000 0.0003 -0.0006 0.0000 0.0001 -0.0001 0.0000 -0.0000 0.0000 0.0000 -0.0000 0.0000 0.0000 0.0001 0.0007 -0.0000 0.0001 -0.0012 0.0000 0.0003 -0.0008 0.0000 -0.0000 0.0001 0.0000 -0.0000 0.0000 0.0000 -0.0000 -0.0009 0.0000 -29.9996 0.0002 0.0001 29.9996 -0.0003 0.0001 -0.0000 0.0000 0.0000 179.3452 -2.1507 -3.9294 -3.9394 -11.3917 -10.3696 22.7120 73.4869 -25.4556 -0.0000 25.3510 0.0000 178.7655 8.7893 -3.3446 -0.0858 -6.8477 -0.0510 0.0348 65.6854 1.5814 -0.0001 25.3508 0.0000
8.2749 96.5784 -7.3522 0.9097 2.9247 0.7759 -0.0938 1.1550 -0.3024 -0.0938 1.1552 -0.3024 -0.0940 1.1586 -0.3033 -86.9996 -9.5871 86.1665 123.0387 60.0464 -91.9359 38.2192 18.4489 13.7422 -2.1729 1.2537 -0.5323 0.0001 0.0000 0.0000 -0.0000 0.0000 0.0000 -0.0008 -0.0013 -0.0000 0.0001 -0.0004 0.0000 -0.0000 0.0000 0.0000 -0.0000 0.0000 0.0000 -0.0000 0.0002 0.0000 0.0003 -0.0006 0.0000 -0.0006 0.0004 0.0000 0.0001 0.0000 0.0000 -0.0000 0.0000 0.0000 -0.0002 -0.0010 -0.0000 30.0001 0.0002 -0.0001 -29.9998 0.0005 0.0002 -0.0000 0.0000 0.0000 1.7238 4.3723 -6.7759 1.7238 4.3723 -6.7759 87.1194 -16.7975 -84.2941 -131.0661 66.5815 98.9499 -26.5288 20.9855 -10.9581 1.5555 0.6783 0.3493 0.0001 -0.0001 0.0000 -0.0000 0.0000 0.0000 0.0003 -0.0006 0.0000 0.0001 -0.0001 0.0000 -0.0000 0.0000 0.0000 -0.0000 0.0000 0.0000 0.0001 0.0007 -0.0000 0.0001 -0.0012 0.0000 0.0003 -0.0008 0.0000 -0.0000 0.0001 0.0000 -0.0000 0.0000 0.0000 -0.0000 -0.0009 0.0000 -29.9996 0.0002 0.0001 29.9996 -0.0003 0.0001 -0.0000 0.0000 0.0000 179.3690 -2.1339 -3.9624 -3.9498 -11.4900 -10.2693 22.5356 73.4881 -25.3520 -0.0000 25.3511 0.0000 178.8419 8.8099 -3.3704 -0.0858 -6.9704 -0.0504 -0.3727 65.8264 1.8184 -0.0001 25.3508 0.0000
8.1149 96.5823 -7.1789 0.9557 3.0058 0.8369 -0.0816 1.1745 -0.3090 -0.0815 1.1747 -0.3090 -0.0818 1.1781 -0.3099 -87.0329 -9.6348 86.1860 123.1790 60.8892 -92.0032 37.3098 18.8935 14.1444 -2.0597 1.2049 -0.5113 0.0001 0.0000 0.0000 -0.0000 0.0000 0.0000 -0.0008 -0.0013 -0.0000 0.0001 -0.0004 0.0000 -0.0000 0.0000 0.0000 -0.0000 0.0000 0.0000 -0.0000 0.0002 0.0000 0.0003 -0.0006 0.0000 -0.0006 0.0004 0.0000 0.0001 0.0000 0.0000 -0.0000 0.0000 0.0000 -0.0002 -0.0010 -0.0000 30.0001 0.0002 -0.0001 -29.9998 0.0005 0.0002 -0.0000 0.0000 0.0000 1.7407 4.2666 -6.8768 1.7407 4.2666 -6.8768 87.0727 -16.8147 -84.3957 -131.3299 67.2687 99.0538 -25.5778 21.2529 -11.3637 1.4626 0.6576 0.3333 0.0001 -0.0001 0.0000 -0.0000 0.0000 0.0000 0.0003 -0.0006 0.0000 0.0001 -0.0001 0.0000 -0.0000 0.0000 0.0000 -0.0000 0.0000 0.0000 0.0001 0.0007 -0.0000 0.0001 -0.0012 0.0000 0.0003 -0.0008 0.0000 -0.0000 0.0001 0.0000 -0.0000 0.0000 0.0000 -0.0000 -0.0009 0.0000 -29.9996 0.0002 0.0001 29.9996 -0.0003 0.0001 -0.0000 0.0000 0.0000 179.3971 -2.1102 -3.9969 -3.9676 -11.5969 -10.1835 22.3220 73.4926 -25.2121 -0.0000 25.3511 0.0000 178.9069 8.8401 -3.4060 -0.0859 -7.1003 -0.0507 -0.7958 65.9685 2.0876 -0.0001 25.3508 0.0000
7.9762 96.5884 -6.9961 1.0071 3.0883 0.8977 -0.0717 1.1973 -0.3180 -0.0717 1.1975 -0.3181 -0.0720 1.2009 -0.3190 -87.0736 -9.6982 86.1971 123.3575 61.7224 -92.0741 36.4068 19.3251 14.5496 -1.9496 1.1570 -0.4905 0.0001 0.0000 0.0000 -0.0000 0.0000 0.0000 -0.0008 -0.0013 -0.0000 0.0001 -0.0004 0.0000 -0.0000 0.0000 0.0000 -0.0000 0.0000 0.0000 -0.0000 0.0002 0.0000 0.0003 -0.0006 0.0000 -0.0006 0.0004 0.0000 0.0001 0.0000 0.0000 -0.0000 0.0000 0.0000 -0.0002 -0.0010 -0.0000 30.0001 0.0002 -0.0001 -29.9998 0.0005 0.0002 -0.0000 0.0000 0.0000 1.7594 4.1647 -6.9669 1.7594 4.1647 -6.9669 87.0376 -16.8305 -84.4861 -131.6436 67.9725 99.1798 -24.6403 21.4925 -11.7216 1.3733 0.6361 0.3174 0.0001 -0.0001 0.0000 -0.0000 0.0000 0.0000 0.0003 -0.0006 0.0000 0.0001 -0.0001 0.0000 -0.0000 0.0000 0.0000 -0.0000 0.0000 0.0000 0.0001 0.0007 -0.0000 0.0001 -0.0012 0.0000 0.0003 -0.0008 0.0000 -0.0000 0.0001 0.0000 -0.0000 0.0000 0.0000 -0.0000 -0.0009 0.0000 -29.9997 0.0002 0.0001 29.9996 -0.0003 0.0001 -0.0000 0.0000 0.0000 179.4233 -2.0907 -4.0267 -3.9932 -11.7017 -10.1139 22.0688 73.4987 -25.0316 -0.0000 25.3511 0.0000 178.9530 8.8705 -3.4349 -0.0860 -7.2403 -0.0520 -1.2027 66.1224 2.3562 -0.0001 25.3508 0.0000
7.8565 96.6009 -6.7881 1.0732 3.1721 0.9606 -0.0678 1.2224 -0.3319 -0.0678 1.2226 -0.3319 -0.0680 1.2261 -0.3329 -87.1241 -9.7826 86.2060 123.5694 62.5204 -92.1526 35.5702 19.7365 14.9268 -1.8475 1.1109 -0.4707 0.0001 0.0000 0.0000 -0.0000 0.0000 0.0000 -0.0008 -0.0013 -0.0000 0.0001 -0.0004 0.0000 -0.0000 0.0000 0.0000 -0.0000 0.0000 0.0000 -0.0000 0.0002 0.0000 0.0003 -0.0006 0.0000 -0.0006 0.0004 0.0000 0.0001 0.0000 0.0000 -0.0000 0.0000 0.0000 -0.0002 -0.0010 -0.0000 30.0001 0.0003 -0.0002 -29.9998 0.0005 0.0002 -0.0000 0.0000 0.0000 1.7837 4.0783 -7.0500 1.7837 4.0783 -7.0500 87.0153 -16.8470 -84.5707 -132.0654 68.7030 99.4011 -23.7955 21.6911 -11.9999 1.2903 0.6134 0.3019 0.0001 -0.0001 0.0000 -0.0000 0.0000 0.0000 0.0003 -0.0006 0.0000 0.0001 -0.0001 0.0000 -0.0000 0.0000 0.0000 -0.0000 0.0000 0.0000 0.0001 0.0007 -0.0000 0.0001 -0.0011 0.0000 0.0003 -0.0008 0.0000 -0.0000 0.0001 0.0000 -0.0000 0.0000 0.0000 -0.0000 -0.0009 0.0000 -29.9997 0.0002 0.0001 29.9996 -0.0003 0.0001 -0.0000 0.0000 0.0000 179.4371 -2.0882 -4.0530 -4.0243 -11.7918 -10.0637 21.7333 73.5098 -24.7663 -0.0000 25.3510 0.0000 178.9717 8.8934 -3.4395 -0.0862 -7.3959 -0.0541 -1.5618 66.3030 2.5902 -0.0001 25.3508 0.0000
7.7308 96.6170 -6.5650 1.1568 3.2603 1.0250 -0.0699 1.2471 -0.3503 -0.0699 1.2473 -0.3503 -0.0700 1.2509 -0.3513 -87.1781 -9.8802 86.2182 123.7877 63.2391 -92.2361 34.8220 20.1103 15.2565 -1.7578 1.0685 -0.4531 0.0001 0.0000 0.0000 -0.0000 0.0000 0.0000 -0.0008 -0.0013 -0.0000 0.0001 -0.0004 0.0000 -0.0000 0.0000 0.0000 -0.0000 0.0000 0.0000 -0.0000 0.0002 0.0000 0.0003 -0.0006 0.0000 -0.0006 0.0004 0.0000 0.0001 0.0000 0.0000 -0.0000 0.0000 0.0000 -0.0002 -0.0010 -0.0000 30.0001 0.0002 -0.0001 -29.9998 0.0005 0.0002 -0.0000 0.0000 0.0000 1.8105 4.0050 -7.1300 1.8105 4.0050 -7.1300 86.9970 -16.8623 -84.6564 -132.5326 69.3995 99.7021 -23.0573 21.8677 -12.2475 1.2173 0.5920 0.2879 0.0001 -0.0001 0.0000 -0.0000 0.0000 0.0000 0.0003 -0.0006 0.0000 0.0001 -0.0001 0.0000 -0.0000 0.0000 0.0000 -0.0000 0.0000 0.0000 0.0001 0.0007 -0.0000 0.0001 -0.0012 0.0000 0.0003 -0.0008 0.0000 -0.0000 0.0001 0.0000 -0.0000 0.0000 0.0000 -0.0000 -0.0008 0.0000 -29.9997 0.0002 0.0001 29.9996 -0.0003 0.0001 -0.0000 0.0000 0.0000 179.4311 -2.0962 -4.0807 -4.0530 -11.8663 -10.0140 21.3485 73.5236 -24.4512 -0.0000 25.3510 0.0000 178.9757 8.9097 -3.4297 -0.0864 -7.5500 -0.0557 -1.8991 66.4940 2.8010 -0.0001 25.3508 0.0000
7.5942 96.6349 -6.3407 1.2555 3.3538 1.0892 -0.0771 1.2710 -0.3725 -0.0771 1.2712 -0.3725 -0.0773 1.2748 -0.3736 -87.2318 -9.9884 86.2311 124.0144 63.8742 -92.3402 34.1834 20.4380 15.5429 -1.6830 1.0331 -0.4383 0.0001 0.0000 0.0000 -0.0000 0.0000 0.0000 -0.0008 -0.0013 -0.0000 0.0001 -0.0004 0.0000 -0.0000 0.0000 0.0000 -0.0000 0.0000 0.0000 -0.0000 0.0002 0.0000 0.0003 -0.0006 0.0000 -0.0006 0.0004 0.0000 0.0001 0.0000 0.0000 -0.0000 0.0000 0.0000 -0.0002 -0.0010 -0.0000 30.0001 0.0002 -0.0001 -29.9998 0.0005 0.0002 -0.0000 0.0000 0.0000 1.8375 3.9385 -7.2072 1.8375 3.9385 -7.2072 86.9806 -16.8776 -84.7418 -133.0120 70.0370 100.0499 -22.4286 22.0261 -12.4742 1.1543 0.5728 0.2756 0.0001 -0.0001 0.0000 -0.0000 0.0000 0.0000 0.0003 -0.0006 0.0000 0.0001 -0.0001 0.0000 -0.0000 0.0000 0.0000 -0.0000 0.0000 0.0000 0.0001 0.0007 -0.0000 0.0001 -0.0012 0.0000 0.0003 -0.0008 0.0000 -0.0000 0.0001 0.0000 -0.0000 0.0000 0.0000 -0.0000 -0.0009 0.0000 -29.9996 0.0002 0.0001 29.9996 -0.0003 0.0001 -0.0000 0.0000 0.0000 179.4052 -2.1002 -4.1076 -4.0786 -11.9346 -9.9554 20.9594 73.5345 -24.1309 -0.0000 25.3510 0.0000 178.9703 8.9269 -3.4145 -0.0865 -7.6981 -0.0564 -2.2272 66.6844 2.9995 -0.0001 25.3508 0.0000
7.4514 96.6528 -6.1317 1.3702 3.4553 1.1487 -0.0889 1.2936 -0.3984 -0.0890 1.2939 -0.3984 -0.0891 1.2976 -0.3996 -87.2771 -10.1044 86.2386 124.2566 64.3853 -92.5078 33.7548 20.7179 15.7554 -1.6305 1.0070 -0.4282 0.0001 0.0000 0.0000 -0.0000 0.0000 0.0000 -0.0008 -0.0013 -0.0000 0.0001 -0.0004 0.0000 -0.0000 0.0000 0.0000 -0.0000 0.0000 0.0000 -0.0000 0.0002 0.0000 0.0003 -0.0006 0.0000 -0.0006 0.0004 0.0000 0.0001 0.0000 0.0000 -0.0000 0.0000 0.0000 -0.0002 -0.0010 -0.0000 30.0001 0.0002 -0.0001 -29.9998 0.0005 0.0002 -0.0000 0.0000 0.0000 1.8595 3.8755 -7.2806 1.8595 3.8755 -7.2806 86.9619 -16.8947 -84.8275 -133.4591 70.5415 100.4212 -21.9450 22.1673 -12.6520 1.1066 0.5567 0.2661 0.0001 -0.0001 0.0000 -0.0000 0.0000 0.0000 0.0003 -0.0006 0.0000 0.0001 -0.0001 0.0000 -0.0000 0.0000 0.0000 -0.0000 0.0000 0.0000 0.0001 0.0007 -0.0000 0.0001 -0.0012 0.0000 0.0003 -0.0008 0.0000 -0.0000 0.0001 0.0000 -0.0000 0.0000 0.0000 -0.0000 -0.0009 0.0000 -29.9996 0.0002 0.0001 29.9996 -0.0003 0.0001 -0.0000 0.0000 0.0000 179.3643 -2.0907 -4.1282 -4.1088 -11.9990 -9.8794 20.6084 73.5396 -23.8493 -0.0000 25.3511 0.0000 178.9517 8.9596 -3.4070 -0.0866 -7.8416 -0.0565 -2.5506 66.8661 3.1982 -0.0001 25.3508 0.0000
7.3233 96.6694 -5.9451 1.4895 3.5607 1.1999 -0.1024 1.3136 -0.4240 -0.1024 1.3139 -0.4240 -0.1027 1.3176 -0.4252 -87.3057 -10.2139 86.2448 124.4955 64.7658 -92.7232 33.4761 20.9655 15.9156 -1.5943 0.9870 -0.4212 0.0001 0.0000 0.0000 -0.0000 0.0000 0.0000 -0.0008 -0.0013 -0.0000 0.0001 -0.0004 0.0000 -0.0000 0.0000 0.0000 -0.0000 0.0000 0.0000 -0.0000 0.0002 0.0000 0.0003 -0.0006 0.0000 -0.0006 0.0004 0.0000 0.0001 0.0000 0.0000 -0.0000 0.0000 0.0000 -0.0002 -0.0010 -0.0000 30.0001 0.0002 -0.0001 -29.9998 0.0005 0.0002 -0.0000 0.0000 0.0000 1.8765 3.8200 -7.3539 1.8765 3.8200 -7.3539 86.9415 -16.9112 -84.9107 -133.8157 70.8973 100.7605 -21.5756 22.3035 -12.8118 1.0724 0.5446 0.2593 0.0001 -0.0001 0.0000 -0.0000 0.0000 0.0000 0.0003 -0.0006 0.0000 0.0001 -0.0001 0.0000 -0.0000 0.0000 0.0000 -0.0000 0.0000 0.0000 0.0001 0.0007 -0.0000 0.0001 -0.0012 0.0000 0.0003 -0.0008 0.0000 -0.0000 0.0001 0.0000 -0.0000 0.0000 0.0000 -0.0000 -0.0009 0.0000 -29.9996 0.0002 0.0001 29.9996 -0.0003 0.0001 -0.0000 0.0000 0.0000 179.3170 -2.0688 -4.1390 -4.1386 -12.0633 -9.8041 20.2754 73.5457 -23.5898 -0.0000 25.3510 0.0000 178.9194 9.0129 -3.4214 -0.0867 -7.9896 -0.0572 -2.8845 67.0378 3.4278 -0.0001 25.3508 0.0000
7.2164 96.6849 -5.7751 1.6087 3.6676 1.2418 -0.1166 1.3309 -0.4478 -0.1166 1.3312 -0.4478 -0.1169 1.3350 -0.4491 -87.3173 -10.3115 86.2491 124.7172 65.0137 -92.9597 33.3344 21.1739 16.0309 -1.5727 0.9734 -0.4173 0.0001 0.0000 0.0000 -0.0000 0.0000 0.0000 -0.0008 -0.0013 -0.0000 0.0001 -0.0004 0.0000 -0.0000 0.0000 0.0000 -0.0000 0.0000 0.0000 -0.0000 0.0003 0.0000 0.0003 -0.0006 0.0000 -0.0006 0.0004 0.0000 0.0001 0.0000 0.0000 -0.0000 0.0000 0.0000 -0.0002 -0.0010 -0.0000 30.0001 0.0002 -0.0001 -29.9998 0.0005 0.0002 -0.0000 0.0000 0.0000 1.8892 3.7775 -7.4268 1.8892 3.7775 -7.4268 86.9234 -16.9259 -84.9795 -134.0544 71.1197 101.0176 -21.3215 22.4296 -12.9515 1.0501 0.5363 0.2551 0.0001 -0.0001 0.0000 -0.0000 0.0000 0.0000 0.0003 -0.0006 0.0000 0.0001 -0.0001 0.0000 -0.0000 0.0000 0.0000 -0.0000 0.0000 0.0000 0.0001 0.0007 -0.0000 0.0001 -0.0012 0.0000 0.0003 -0.0008 0.0000 -0.0000 0.0001 0.0000 -0.0000 0.0000 0.0000 -0.0000 -0.0008 0.0000 -29.9996 0.0002 0.0001 29.9996 -0.0003 0.0001 -0.0000 0.0000 0.0000 179.2657 -2.0404 -4.1365 -4.1674 -12.1215 -9.7403 19.9538 73.5525 -23.3435 -0.0000 25.3510 0.0000 178.8748 9.0799 -3.4580 -0.0869 -8.1401 -0.0583 -3.2279 67.2008 3.6898 -0.0001 25.3508 0.0000
7.1418 96.6993 -5.6212 1.7228 3.7718 1.2705 -0.1321 1.3425 -0.4669 -0.1321 1.3428 -0.4670 -0.1325 1.3466 -0.4684 -87.3063 -10.3852 86.2485 124.8896 65.0603 -93.1771 33.3928 21.3075 16.0815 -1.5721 0.9702 -0.4179 0.0001 0.0000 0.0000 -0.0000 0.0000 0.0000 -0.0008 -0.0013 -0.0000 0.0001 -0.0004 0.0000 -0.0000 0.0000 0.0000 -0.0000 0.0000 0.0000 -0.0000 0.0002 0.0000 0.0003 -0.0006 0.0000 -0.0006 0.0004 0.0000 0.0001 0.0000 0.0000 -0.0000 0.0000 0.0000 -0.0002 -0.0010 -0.0000 30.0001 0.0003 -0.0002 -29.9998 0.0005 0.0002 -0.0000 0.0000 0.0000 1.8978 3.7672 -7.4973 1.8978 3.7672 -7.4973 86.9120 -16.9361 -85.0146 -134.1000 71.1500 101.0874 -21.2604 22.5197 -13.0215 1.0450 0.5341 0.2546 0.0001 -0.0001 0.0000 -0.0000 0.0000 0.0000 0.0003 -0.0006 0.0000 0.0001 -0.0001 0.0000 -0.0000 0.0000 0.0000 -0.0000 0.0000 0.0000 0.0001 0.0007 -0.0000 0.0001 -0.0012 0.0000 0.0003 -0.0008 0.0000 -0.0000 0.0001 0.0000 -0.0000 0.0000 0.0000 -0.0000 -0.0009 0.0000 -29.9996 0.0002 0.0001 29.9996 -0.0003 0.0001 -0.0000 0.0000 0.0000 179.2117 -2.0092 -4.1133 -4.1972 -12.1626 -9.6928 19.6733 73.5541 -23.1368 -0.0000 25.3511 0.0000 178.8150 9.1457 -3.5091 -0.0870 -8.2714 -0.0600 -3.5484 67.3450 3.9563 -0.0001 25.3508 0.0000
7.0813 96.7134 -5.4735 1.8316 3.8691 1.2878 -0.1489 1.3472 -0.4812 -0.1489 1.3475 -0.4813 -0.1494 1.3513 -0.4825 -87.2825 -10.4393 86.2464 124.9892 64.9657 -93.3253 33.6250 21.3753 16.0887 -1.5865 0.9755 -0.4220 0.0001 0.0000 0.0000 -0.0000 0.0000 0.0000 -0.0008 -0.0013 -0.0000 0.0001 -0.0004 0.0000 -0.0000 0.0000 0.0000 -0.0000 0.0000 0.0000 -0.0000 0.0002 0.0000 0.0003 -0.0006 0.0000 -0.0006 0.0004 0.0000 0.0001 0.0000 0.0000 -0.0000 0.0000 0.0000 -0.0002 -0.0010 -0.0000 30.0001 0.0002 -0.0001 -29.9998 0.0005 0.0002 -0.0000 0.0000 0.0000 1.9073 3.7986 -7.5678 1.9073 3.7986 -7.5678 86.9049 -16.9445 -85.0301 -133.9788 71.0254 100.9613 -21.4046 22.5652 -12.9846 1.0548 0.5370 0.2572 0.0001 -0.0001 0.0000 -0.0000 0.0000 0.0000 0.0003 -0.0006 0.0000 0.0001 -0.0001 0.0000 -0.0000 0.0000 0.0000 -0.0000 0.0000 0.0000 0.0001 0.0007 -0.0000 0.0001 -0.0012 0.0000 0.0003 -0.0008 0.0000 -0.0000 0.0001 0.0000 -0.0000 0.0000 0.0000 -0.0000 -0.0009 0.0000 -29.9996 0.0002 0.0001 29.9996 -0.0003 0.0001 -0.0000 0.0000 0.0000 179.1581 -1.9821 -4.0847 -4.2263 -12.1861 -9.6498 19.4374 73.5478 -22.9735 -0.0000 25.3511 0.0000 178.7517 9.1949 -3.5496 -0.0873 -8.3721 -0.0618 -3.8116 67.4706 4.1711 -0.0001 25.3508 0.0000
7.0212 96.7274 -5.3317 1.9364 3.9580 1.2955 -0.1670 1.3457 -0.4906 -0.1670 1.3460 -0.4907 -0.1676 1.3498 -0.4921 -87.2501 -10.4774 86.2422 125.0030 64.7235 -93.3767 33.9587 21.3905 16.0404 -1.6140 0.9881 -0.4291 0.0001 0.0000 0.0000 -0.0000 0.0000 0.0000 -0.0008 -0.0013 -0.0000 0.0001 -0.0004 0.0000 -0.0000 0.0000 0.0000 -0.0000 0.0000 0.0000 -0.0000 0.0002 0.0000 0.0003 -0.0006 0.0000 -0.0006 0.0004 0.0000 0.0001 0.0000 0.0000 -0.0000 0.0000 0.0000 -0.0002 -0.0010 -0.0000 30.0001 0.0002 -0.0001 -29.9998 0.0005 0.0002 -0.0000 0.0000 0.0000 1.9184 3.8708 -7.6392 1.9184 3.8709 -7.6392 86.9017 -16.9512 -85.0264 -133.7277 70.7747 100.6819 -21.7261 22.5668 -12.8547 1.0772 0.5440 0.2626 0.0001 -0.0001 0.0000 -0.0000 0.0000 0.0000 0.0003 -0.0006 0.0000 0.0001 -0.0001 0.0000 -0.0000 0.0000 0.0000 -0.0000 0.0000 0.0000 0.0001 0.0007 -0.0000 0.0001 -0.0012 0.0000 0.0003 -0.0008 0.0000 -0.0000 0.0001 0.0000 -0.0000 0.0000 0.0000 -0.0000 -0.0008 0.0000 -29.9996 0.0002 0.0001 29.9996 -0.0003 0.0001 -0.0000 0.0000 0.0000 179.1056 -1.9619 -4.0545 -4.2537 -12.1947 -9.6169 19.2168 73.5373 -22.8251 -0.0000 25.3510 0.0000 178.6922 9.2296 -3.5757 -0.0874 -8.4494 -0.0634 -4.0217 67.5804 4.3285 -0.0001 25.3508 0.0000
6.9440 96.7409 -5.2057 2.0357 4.0306 1.2925 -0.1864 1.3387 -0.4936 -0.1864 1.3390 -0.4937 -0.1869 1.3428 -0.4952 -87.2137 -10.4963 86.2237 124.8894 64.2890 -93.2775 34.4548 21.3246 15.8942 -1.6605 1.0111 -0.4408 0.0001 0.0000 0.0000 -0.0000 0.0000 0.0000 -0.0008 -0.0013 -0.0000 0.0001 -0.0004 0.0000 -0.0000 0.0000 0.0000 -0.0000 0.0000 0.0000 -0.0000 0.0002 0.0000 0.0003 -0.0006 0.0000 -0.0006 0.0004 0.0000 0.0001 0.0000 0.0000 -0.0000 0.0000 0.0000 -0.0002 -0.0010 -0.0000 30.0001 0.0002 -0.0001 -29.9998 0.0005 0.0002 -0.0000 0.0000 0.0000 1.9318 3.9947 -7.7126 1.9318 3.9947 -7.7126 86.9082 -16.9559 -84.9855 -133.3245 70.3710 100.2352 -22.2482 22.5114 -12.6167 1.1161 0.5567 0.2715 0.0001 -0.0001 0.0000 -0.0000 0.0000 0.0000 0.0003 -0.0006 0.0000 0.0001 -0.0001 0.0000 -0.0000 0.0000 0.0000 -0.0000 0.0000 0.0000 0.0001 0.0007 -0.0000 0.0001 -0.0012 0.0000 0.0003 -0.0008 0.0000 -0.0000 0.0001 0.0000 -0.0000 0.0000 0.0000 -0.0000 -0.0008 0.0000 -29.9996 0.0002 0.0001 29.9996 -0.0003 0.0001 -0.0000 0.0000 0.0000 179.0560 -1.9574 -4.0239 -4.2783 -12.1815 -9.6080 18.9777 73.5230 -22.6571 -0.0000 25.3510 0.0000 178.6486 9.2527 -3.5792 -0.0874 -8.5118 -0.0642 -4.1641 67.6731 4.4012 -0.0001 25.3508 0.0000
6.8485 96.7538 -5.1013 2.1334 4.0868 1.2851 -0.2066 1.3319 -0.4943 -0.2067 1.3322 -0.4944 -0.2072 1.3361 -0.4957 -87.1863 -10.5046 86.1865 124.6881 63.7289 -93.0766 35.0637 21.1986 15.6668 -1.7222 1.0415 -0.4559 0.0001 0.0000 0.0000 -0.0000 0.0000 0.0000 -0.0008 -0.0013 -0.0000 0.0001 -0.0004 0.0000 -0.0000 0.0000 0.0000 -0.0000 0.0000 0.0000 -0.0000 0.0002 0.0000 0.0003 -0.0006 0.0000 -0.0006 0.0004 0.0000 0.0001 0.0000 0.0000 -0.0000 0.0000 0.0000 -0.0002 -0.0010 -0.0000 30.0001 0.0002 -0.0001 -29.9998 0.0005 0.0002 -0.0000 0.0000 0.0000 1.9474 4.1416 -7.7852 1.9474 4.1416 -7.7852 86.9220 -16.9524 -84.9133 -132.8393 69.8668 99.7213 -22.9081 22.4227 -12.3196 1.1674 0.5733 0.2830 0.0001 -0.0001 0.0000 -0.0000 0.0000 0.0000 0.0003 -0.0006 0.0000 0.0001 -0.0001 0.0000 -0.0000 0.0000 0.0000 -0.0000 0.0000 0.0000 0.0001 0.0007 -0.0000 0.0001 -0.0012 0.0000 0.0003 -0.0008 0.0000 -0.0000 0.0001 0.0000 -0.0000 0.0000 0.0000 -0.0000 -0.0008 0.0000 -29.9996 0.0002 0.0001 29.9996 -0.0003 0.0001 -0.0000 0.0000 0.0000 179.0066 -1.9689 -3.9935 -4.2999 -12.1508 -9.6198 18.7055 73.5047 -22.4537 -0.0000 25.3510 0.0000 178.6174 9.2737 -3.5703 -0.0875 -8.5736 -0.0644 -4.2724 67.7517 4.4256 -0.0001 25.3508 0.0000
6.7485 96.7667 -5.0187 2.2311 4.1288 1.2749 -0.2284 1.3261 -0.4932 -0.2284 1.3263 -0.4933 -0.2291 1.3301 -0.4947 -87.1634 -10.5076 86.1336 124.4418 63.0769 -92.8269 35.7632 21.0238 15.3783 -1.7977 1.0800 -0.4747 0.0001 0.0000 0.0000 -0.0000 0.0000 0.0000 -0.0008 -0.0013 -0.0000 0.0001 -0.0004 0.0000 -0.0000 0.0000 0.0000 -0.0000 0.0000 0.0000 -0.0000 0.0002 0.0000 0.0003 -0.0006 0.0000 -0.0006 0.0004 0.0000 0.0001 0.0000 0.0000 -0.0000 0.0000 0.0000 -0.0002 -0.0010 -0.0000 30.0001 0.0002 -0.0001 -29.9998 0.0005 0.0002 -0.0000 0.0000 0.0000 1.9650 4.2984 -7.8564 1.9650 4.2984 -7.8564 86.9447 -16.9440 -84.8234 -132.3018 69.2807 99.1714 -23.6715 22.3067 -11.9867 1.2300 0.5934 0.2967 0.0001 -0.0001 0.0000 -0.0000 0.0000 0.0000 0.0003 -0.0006 0.0000 0.0001 -0.0001 0.0000 -0.0000 0.0000 0.0000 -0.0000 0.0000 0.0000 0.0001 0.0007 -0.0000 0.0001 -0.0012 0.0000 0.0003 -0.0008 0.0000 -0.0000 0.0001 0.0000 -0.0000 0.0000 0.0000 -0.0000 -0.0009 0.0000 -29.9996 0.0002 0.0001 29.9996 -0.0003 0.0001 -0.0000 0.0000 0.0000 178.9541 -1.9922 -3.9638 -4.3176 -12.1072 -9.6456 18.4121 73.4814 -22.2251 -0.0000 25.3511 0.0000 178.5887 9.2917 -3.5582 -0.0876 -8.6291 -0.0644 -4.3610 67.8146 4.4277 -0.0001 25.3508 0.0000
6.6628 96.7799 -4.9679 2.3258 4.1544 1.2622 -0.2505 1.3227 -0.4896 -0.2506 1.3230 -0.4897 -0.2513 1.3268 -0.4911 -87.1441 -10.5060 86.0633 124.1705 62.3329 -92.5584 36.5794 20.7955 15.0126 -1.8895 1.1266 -0.4974 0.0001 0.0000 0.0000 -0.0000 0.0000 0.0000 -0.0008 -0.0013 -0.0000 0.0001 -0.0004 0.0000 -0.0000 0.0000 0.0000 -0.0000 0.0000 0.0000 -0.0000 0.0002 0.0000 0.0003 -0.0006 0.0000 -0.0006 0.0004 0.0000 0.0001 0.0000 0.0000 -0.0000 0.0000 0.0000 -0.0002 -0.0010 -0.0000 30.0001 0.0002 -0.0001 -29.9998 0.0005 0.0002 -0.0000 0.0000 0.0000 1.9814 4.4509 -7.9234 1.9814 4.4509 -7.9234 86.9793 -16.9315 -84.7074 -131.7138 68.6097 98.5946 -24.5293 22.1647 -11.6301 1.3047 0.6177 0.3130 0.0001 -0.0001 0.0000 -0.0000 0.0000 0.0000 0.0003 -0.0006 0.0000 0.0001 -0.0001 0.0000 -0.0000 0.0000 0.0000 -0.0000 0.0000 0.0000 0.0001 0.0007 -0.0000 0.0001 -0.0012 0.0000 0.0003 -0.0008 0.0000 -0.0000 0.0001 0.0000 -0.0000 0.0000 0.0000 -0.0000 -0.0009 0.0000 -29.9996 0.0002 0.0001 29.9996 -0.0003 0.0001 -0.0000 0.0000 0.0000 178.8984 -2.0254 -3.9277 -4.3288 -12.0514 -9.6902 18.1045 73.4517 -21.9748 -0.0000 25.3510 0.0000 178.5532 9.3041 -3.5552 -0.0877 -8.6654 -0.0647 -4.4399 67.8498 4.4349 -0.0001 25.3508 0.0000
6.6049 96.7936 -4.9368 2.4137 4.1727 1.2495 -0.2705 1.3207 -0.4844 -0.2705 1.3210 -0.4845 -0.2712 1.3249 -0.4859 -87.1286 -10.4953 85.9892 123.9064 61.5456 -92.3128 37.4593 20.5415 14.5910 -1.9903 1.1752 -0.5220 0.0001 0.0000 0.0000 -0.0000 0.0000 0.0000 -0.0008 -0.0013 -0.0000 0.0001 -0.0004 0.0000 -0.0000 0.0000 0.0000 -0.0000 0.0000 0.0000 -0.0000 0.0002 0.0000 0.0003 -0.0006 0.0000 -0.0006 0.0004 0.0000 0.0001 0.0000 0.0000 -0.0000 0.0000 0.0000 -0.0002 -0.0010 -0.0000 30.0001 0.0002 -0.0001 -29.9998 0.0005 0.0002 -0.0000 0.0000 0.0000 1.9938 4.5849 -7.9844 1.9938 4.5849 -7.9844 87.0181 -16.9181 -84.5771 -131.1181 67.9059 98.0251 -25.3075 22.0214 -11.2871 1.3826 0.6433 0.3300 0.0001 -0.0001 0.0000 -0.0000 0.0000 0.0000 0.0003 -0.0006 0.0000 0.0001 -0.0001 0.0000 -0.0000 0.0000 0.0000 -0.0000 0.0000 0.0000 0.0001 0.0007 -0.0000 0.0001 -0.0012 0.0000 0.0003 -0.0008 0.0000 -0.0000 0.0001 0.0000 -0.0000 0.0000 0.0000 -0.0000 -0.0009 0.0000 -29.9996 0.0002 0.0001 29.9996 -0.0003 0.0001 -0.0000 0.0000 0.0000 178.8450 -2.0573 -3.8838 -4.3326 -11.9941 -9.7376 17.8227 73.4180 -21.7466 -0.0000 25.3510 0.0000 178.5061 9.3101 -3.5605 -0.0877 -8.6791 -0.0654 -4.5067 67.8635 4.4528 -0.0001 25.3508 0.0000
6.5707 96.8072 -4.9175 2.4929 4.1880 1.2375 -0.2878 1.3180 -0.4784 -0.2878 1.3183 -0.4785 -0.2887 1.3220 -0.4798 -87.1155 -10.4719 85.9214 123.6528 60.7341 -92.0921 38.3765 20.2636 14.1371 -2.0969 1.2245 -0.5474 0.0001 0.0000 0.0000 -0.0000 0.0000 0.0000 -0.0008 -0.0013 -0.0000 0.0001 -0.0004 0.0000 -0.0000 0.0000 0.0000 -0.0000 0.0000 0.0000 -0.0000 0.0002 0.0000 0.0003 -0.0006 0.0000 -0.0006 0.0004 0.0000 0.0001 0.0000 0.0000 -0.0000 0.0000 0.0000 -0.0002 -0.0010 -0.0000 30.0001 0.0002 -0.0001 -29.9998 0.0005 0.0002 -0.0000 0.0000 0.0000 2.0034 4.7006 -8.0389 2.0034 4.7006 -8.0389 87.0574 -16.9030 -84.4445 -130.5354 67.1836 97.4787 -26.1184 21.8600 -10.9238 1.4669 0.6705 0.3479 0.0001 -0.0001 0.0000 -0.0000 0.0000 0.0000 0.0003 -0.0006 0.0000 0.0001 -0.0001 0.0000 -0.0000 0.0000 0.0000 -0.0000 0.0000 0.0000 0.0001 0.0007 -0.0000 0.0001 -0.0012 0.0000 0.0003 -0.0008 0.0000 -0.0000 0.0001 0.0000 -0.0000 0.0000 0.0000 -0.0000 -0.0009 0.0000 -29.9997 0.0002 0.0001 29.9996 -0.0003 0.0001 -0.0000 0.0000 0.0000 178.7949 -2.0804 -3.8378 -4.3311 -11.9414 -9.7802 17.5827 73.3826 -21.5547 -0.0000 25.3510 0.0000 178.4516 9.3116 -3.5695 -0.0877 -8.6748 -0.0662 -4.5565 67.8630 4.4720 -0.0001 25.3508 0.0000
6.5594 96.8191 -4.9093 2.5559 4.2027 1.2272 -0.3009 1.3124 -0.4703 -0.3010 1.3127 -0.4704 -0.3018 1.3164 -0.4717 -87.0994 -10.4266 85.8664 123.4244 59.9250 -91.9077 39.3435 19.9513 13.6509 -2.2077 1.2731 -0.5731 0.0001 0.0000 0.0000 -0.0000 0.0000 0.0000 -0.0008 -0.0013 -0.0000 0.0001 -0.0004 0.0000 -0.0000 0.0000 0.0000 -0.0000 0.0000 0.0000 -0.0000 0.0002 0.0000 0.0003 -0.0006 0.0000 -0.0006 0.0004 0.0000 0.0001 0.0000 0.0000 -0.0000 0.0000 0.0000 -0.0002 -0.0010 -0.0000 30.0001 0.0002 -0.0001 -29.9998 0.0005 0.0002 -0.0000 0.0000 0.0000 2.0106 4.7902 -8.0861 2.0106 4.7902 -8.0861 87.0948 -16.8891 -84.3199 -129.9683 66.4635 96.9434 -27.0306 21.6754 -10.5114 1.5582 0.6992 0.3675 0.0001 -0.0001 0.0000 -0.0000 0.0000 0.0000 0.0003 -0.0006 0.0000 0.0001 -0.0001 0.0000 -0.0000 0.0000 0.0000 -0.0000 0.0000 0.0000 0.0001 0.0007 -0.0000 0.0001 -0.0011 0.0000 0.0003 -0.0008 0.0000 -0.0000 0.0001 0.0000 -0.0000 0.0000 0.0000 -0.0000 -0.0009 0.0000 -29.9996 0.0002 0.0001 29.9996 -0.0003 0.0001 -0.0000 0.0000 0.0000 178.7562 -2.0836 -3.7953 -4.3279 -11.9040 -9.8030 17.4386 73.3455 -21.4485 -0.0000 25.3511 0.0000 178.3965 9.3097 -3.5772 -0.0878 -8.6513 -0.0668 -4.5719 67.8496 4.4766 -0.0001 25.3508 0.0000
6.5505 96.8286 -4.9069 2.6045 4.2167 1.2179 -0.3097 1.3061 -0.4615 -0.3097 1.3064 -0.4616 -0.3105 1.3101 -0.4629 -87.0813 -10.3654 85.8214 123.2050 59.1424 -91.7306 40.3186 19.6209 13.1392 -2.3192 1.3195 -0.5986 0.0001 0.0000 0.0000 -0.0000 0.0000 0.0000 -0.0008 -0.0013 -0.0000 0.0001 -0.0004 0.0000 -0.0000 0.0000 0.0000 -0.0000 0.0000 0.0000 -0.0000 0.0002 0.0000 0.0003 -0.0006 0.0000 -0.0006 0.0004 0.0000 0.0001 0.0000 0.0000 -0.0000 0.0000 0.0000 -0.0002 -0.0010 -0.0000 30.0001 0.0002 -0.0001 -29.9998 0.0005 0.0002 -0.0000 0.0000 0.0000 2.0163 4.8608 -8.1274 2.0163 4.8608 -8.1274 87.1280 -16.8726 -84.2037 -129.4310 65.7827 96.4279 -27.9449 21.4893 -10.0938 1.6505 0.7279 0.3874 0.0001 -0.0001 0.0000 -0.0000 0.0000 0.0000 0.0003 -0.0006 0.0000 0.0001 -0.0001 0.0000 -0.0000 0.0000 0.0000 -0.0000 0.0000 0.0000 0.0001 0.0007 -0.0000 0.0001 -0.0012 0.0000 0.0003 -0.0008 0.0000 -0.0000 0.0001 0.0000 -0.0000 0.0000 0.0000 -0.0000 -0.0009 0.0000 -29.9997 0.0002 0.0001 29.9996 -0.0003 0.0001 -0.0000 0.0000 0.0000 178.7323 -2.0708 -3.7633 -4.3250 -11.8853 -9.8120 17.3505 73.3120 -21.3925 -0.0000 25.3510 0.0000 178.3520 9.3062 -3.5756 -0.0877 -8.6186 -0.0667 -4.5462 67.8312 4.4449 -0.0001 25.3508 0.0000
6.5374 96.8360 -4.9104 2.6425 4.2306 1.2085 -0.3148 1.2997 -0.4529 -0.3149 1.3000 -0.4529 -0.3157 1.3038 -0.4543 -87.0651 -10.2950 85.7831 122.9954 58.3953 -91.5543 41.2786 19.2756 12.6153 -2.4293 1.3630 -0.6234 0.0001 0.0000 0.0000 -0.0000 0.0000 0.0000 -0.0008 -0.0013 -0.0000 0.0001 -0.0004 0.0000 -0.0000 0.0000 0.0000 -0.0000 0.0000 0.0000 -0.0000 0.0002 0.0000 0.0003 -0.0006 0.0000 -0.0006 0.0004 0.0000 0.0001 0.0000 0.0000 -0.0000 0.0000 0.0000 -0.0002 -0.0010 -0.0000 30.0001 0.0002 -0.0001 -29.9998 0.0005 0.0002 -0.0000 0.0000 0.0000 2.0211 4.9150 -8.1639 2.0211 4.9150 -8.1639 87.1549 -16.8528 -84.0949 -128.9408 65.1511 95.9613 -28.8505 21.2989 -9.6879 1.7421 0.7563 0.4071 0.0001 -0.0001 0.0000 -0.0000 0.0000 0.0000 0.0003 -0.0006 0.0000 0.0001 -0.0001 0.0000 -0.0000 0.0000 0.0000 -0.0000 0.0000 0.0000 0.0001 0.0007 -0.0000 0.0001 -0.0012 0.0000 0.0003 -0.0008 0.0000 -0.0000 0.0001 0.0000 -0.0000 0.0000 0.0000 -0.0000 -0.0009 0.0000 -29.9996 0.0002 0.0001 29.9996 -0.0003 0.0001 -0.0000 0.0000 0.0000 178.7207 -2.0487 -3.7454 -4.3210 -11.8820 -9.8163 17.2746 73.2874 -21.3450 -0.0000 25.3510 0.0000 178.3186 9.3024 -3.5616 -0.0877 -8.5776 -0.0661 -4.4768 67.8075 4.3694 -0.0001 25.3508 0.0000
6.5164 96.8416 -4.9181 2.6677 4.2449 1.1999 -0.3161 1.2940 -0.4460 -0.3161 1.2943 -0.4461 -0.3170 1.2979 -0.4473 -87.0498 -10.2201 85.7493 122.8139 57.7212 -91.3869 42.1869 18.9209 12.1051 -2.5330 1.4022 -0.6463 0.0001 0.0000 0.0000 -0.0000 0.0000 0.0000 -0.0008 -0.0013 -0.0000 0.0001 -0.0004 0.0000 -0.0000 0.0000 0.0000 -0.0000 0.0000 0.0000 -0.0001 0.0002 0.0000 0.0003 -0.0006 0.0000 -0.0006 0.0004 0.0000 0.0001 0.0000 0.0000 -0.0000 0.0000 0.0000 -0.0002 -0.0010 -0.0000 30.0001 0.0002 -0.0001 -29.9998 0.0005 0.0002 -0.0000 0.0000 0.0000 2.0269 4.9482 -8.1955 2.0269 4.9482 -8.1955 87.1739 -16.8267 -84.0007 -128.5252 64.5912 95.5721 -29.7761 21.0887 -9.3151 1.8317 0.7842 0.4261 0.0001 -0.0001 0.0000 -0.0000 0.0000 0.0000 0.0003 -0.0006 0.0000 0.0001 -0.0001 0.0000 -0.0000 0.0000 0.0000 -0.0000 0.0000 0.0000 0.0001 0.0007 -0.0000 0.0001 -0.0012 0.0000 0.0003 -0.0008 0.0000 -0.0000 0.0002 0.0000 -0.0000 0.0000 0.0000 -0.0000 -0.0009 0.0000 -29.9997 0.0002 0.0001 29.9996 -0.0003 0.0001 -0.0000 0.0000 0.0000 178.7221 -2.0209 -3.7461 -4.3178 -11.8922 -9.8271 17.1773 73.2773 -21.2687 -0.0000 25.3511 0.0000 178.2996 9.2979 -3.5242 -0.0876 -8.5285 -0.0657 -4.3409 67.7814 4.2238 -0.0001 25.3508 0.0000
6.4879 96.8469 -4.9285 2.6868 4.2592 1.1921 -0.3158 1.2889 -0.4410 -0.3159 1.2891 -0.4410 -0.3167 1.2928 -0.4422 -87.0331 -10.1492 85.7205 122.6657 57.1272 -91.2381 43.0326 18.5638 11.6491 -2.6285 1.4377 -0.6667 0.0001 0.0000 0.0000 -0.0000 0.0000 0.0000 -0.0008 -0.0013 -0.0000 0.0001 -0.0004 0.0000 -0.0000 0.0000 0.0000 -0.0000 0.0000 0.0000 -0.0000 0.0002 0.0000 0.0003 -0.0006 0.0000 -0.0006 0.0004 0.0000 0.0001 0.0000 0.0000 -0.0000 0.0000 0.0000 -0.0002 -0.0010 -0.0000 30.0001 0.0002 -0.0001 -29.9998 0.0005 0.0002 -0.0000 0.0000 0.0000 2.0347 4.9692 -8.2245 2.0347 4.9692 -8.2245 87.1887 -16.7977 -83.9216 -128.1718 64.0853 95.2416 -30.6540 20.8756 -8.9984 1.9173 0.8120 0.4442 0.0001 -0.0001 0.0000 -0.0000 0.0000 0.0000 0.0003 -0.0006 0.0000 0.0001 -0.0001 0.0000 -0.0000 0.0000 0.0000 -0.0000 0.0000 0.0000 0.0001 0.0007 -0.0000 0.0001 -0.0012 0.0000 0.0003 -0.0008 0.0000 -0.0000 0.0001 0.0000 -0.0000 0.0000 0.0000 -0.0000 -0.0009 0.0000 -29.9997 0.0002 0.0001 29.9996 -0.0003 0.0001 -0.0000 0.0000 0.0000 178.7284 -1.9935 -3.7546 -4.3147 -11.9055 -9.8440 17.0678 73.2725 -21.1767 -0.0000 25.3510 0.0000 178.2900 9.2938 -3.4737 -0.0876 -8.4765 -0.0657 -4.1709 67.7534 4.0416 -0.0001 25.3508 0.0000
6.4509 96.8521 -4.9414 2.7044 4.2726 1.1834 -0.3154 1.2847 -0.4373 -0.3154 1.2849 -0.4373 -0.3163 1.2886 -0.4386 -87.0170 -10.0842 85.6995 122.5478 56.6102 -91.1152 43.7989 18.2265 11.2504 -2.7144 1.4689 -0.6847 0.0001 0.0000 0.0000 -0.0000 0.0000 0.0000 -0.0008 -0.0013 -0.0000 0.0001 -0.0004 0.0000 -0.0000 0.0000 0.0000 -0.0000 0.0000 0.0000 -0.0000 0.0002 0.0000 0.0003 -0.0006 0.0000 -0.0006 0.0004 0.0000 0.0001 0.0000 0.0000 -0.0000 0.0000 0.0000 -0.0002 -0.0010 -0.0000 30.0001 0.0002 -0.0001 -29.9998 0.0005 0.0002 -0.0000 0.0000 0.0000 2.0432 4.9814 -8.2523 2.0432 4.9814 -8.2523 87.1983 -16.7694 -83.8564 -127.8770 63.6384 94.9732 -31.3974 20.6824 -8.7608 1.9950 0.8396 0.4609 0.0001 -0.0001 0.0000 -0.0000 0.0000 0.0000 0.0003 -0.0006 0.0000 0.0001 -0.0001 0.0000 -0.0000 0.0000 0.0000 -0.0000 0.0000 0.0000 0.0001 0.0007 -0.0000 0.0001 -0.0011 0.0000 0.0003 -0.0008 0.0000 -0.0000 0.0001 0.0000 -0.0000 0.0000 0.0000 -0.0000 -0.0009 0.0000 -29.9996 0.0002 0.0001 29.9996 -0.0003 0.0001 -0.0000 0.0000 0.0000 178.7350 -1.9676 -3.7684 -4.3087 -11.9223 -9.8686 16.9326 73.2728 -21.0600 -0.0000 25.3510 0.0000 178.2873 9.2913 -3.4233 -0.0875 -8.4257 -0.0653 -3.9936 67.7241 3.8507 -0.0001 25.3508 0.0000
6.4075 96.8576 -4.9595 2.7222 4.2857 1.1720 -0.3154 1.2811 -0.4345 -0.3155 1.2814 -0.4346 -0.3164 1.2851 -0.4358 -87.0037 -10.0233 85.6901 122.5302 56.2577 -91.0759 44.4210 17.9486 10.9636 -2.7569 1.4490 -0.6806 0.0001 0.0000 0.0000 -0.0000 0.0000 0.0000 -0.0008 -0.0013 -0.0000 0.0001 -0.0004 0.0000 -0.0000 0.0000 0.0000 -0.0000 0.0000 0.0000 -0.0000 0.0002 0.0000 0.0003 -0.0006 0.0000 -0.0006 0.0004 0.0000 0.0001 0.0000 0.0000 -0.0000 0.0000 0.0000 -0.0002 -0.0010 -0.0000 30.0001 0.0002 -0.0001 -29.9998 0.0005 0.0002 -0.0000 0.0000 0.0000 2.0535 4.9852 -8.2811 2.0535 4.9852 -8.2811 87.1979 -16.7462 -83.8124 -127.6779 63.2920 94.8146 -31.9627 20.5168 -8.5963 2.0558 0.8611 0.4734 0.0001 -0.0001 0.0000 -0.0000 0.0000 0.0000 0.0003 -0.0006 0.0000 0.0001 -0.0001 0.0000 -0.0000 0.0000 0.0000 -0.0000 0.0000 0.0000 0.0001 0.0007 -0.0000 0.0001 -0.0012 0.0000 0.0003 -0.0008 0.0000 -0.0000 0.0001 0.0000 -0.0000 0.0000 0.0000 -0.0000 -0.0008 0.0000 -29.9997 0.0002 0.0001 29.9996 -0.0003 0.0001 -0.0000 0.0000 0.0000 178.7418 -1.9431 -3.7854 -4.2993 -11.9451 -9.9068 16.7465 73.2805 -20.8981 -0.0000 25.3510 0.0000 178.2898 9.2986 -3.3880 -0.0875 -8.3879 -0.0645 -3.8343 67.6962 3.6826 -0.0001 25.3508 0.0000
6.3697 96.8637 -4.9793 2.7399 4.2971 1.1620 -0.3165 1.2782 -0.4332 -0.3166 1.2785 -0.4332 -0.3174 1.2822 -0.4345 -86.9941 -9.9652 85.6883 122.5481 56.0242 -91.0947 44.8977 17.7335 10.7920 -2.7801 1.4208 -0.6712 0.0001 0.0000 0.0000 -0.0000 0.0000 0.0000 -0.0008 -0.0013 -0.0000 0.0001 -0.0004 0.0000 -0.0000 0.0000 0.0000 -0.0000 0.0000 0.0000 -0.0000 0.0002 0.0000 0.0003 -0.0006 0.0000 -0.0006 0.0004 0.0000 0.0001 0.0000 0.0000 -0.0000 0.0000 0.0000 -0.0002 -0.0010 -0.0000 30.0001 0.0002 -0.0001 -29.9998 0.0005 0.0002 -0.0000 0.0000 0.0000 2.0674 4.9874 -8.3116 2.0674 4.9874 -8.3116 87.1906 -16.7299 -83.7891 -127.5614 63.0338 94.7476 -32.3650 20.3822 -8.4730 2.1012 0.8758 0.4822 0.0001 -0.0001 0.0000 -0.0000 0.0000 0.0000 0.0003 -0.0006 0.0000 0.0001 -0.0001 0.0000 -0.0000 0.0000 0.0000 -0.0000 0.0000 0.0000 0.0001 0.0007 -0.0000 0.0001 -0.0012 0.0000 0.0003 -0.0008 0.0000 -0.0000 0.0001 0.0000 -0.0000 0.0000 0.0000 -0.0000 -0.0009 0.0000 -29.9996 0.0002 0.0001 29.9996 -0.0003 0.0001 -0.0000 0.0000 0.0000 178.7532 -1.9204 -3.8010 -4.2940 -11.9718 -9.9484 16.5347 73.2902 -20.7143 -0.0000 25.3511 0.0000 178.2890 9.3115 -3.3652 -0.0874 -8.3628 -0.0641 -3.6931 67.6729 3.5446 -0.0001 25.3508 0.0000
6.3420 96.8701 -4.9970 2.7569 4.3051 1.1540 -0.3185 1.2763 -0.4333 -0.3186 1.2766 -0.4334 -0.3194 1.2802 -0.4346 -86.9874 -9.9113 85.6932 122.5679 55.8830 -91.1494 45.2319 17.5841 10.7151 -2.7957 1.4027 -0.6643 0.0001 0.0000 0.0000 -0.0000 0.0000 0.0000 -0.0008 -0.0013 -0.0000 0.0001 -0.0004 0.0000 -0.0000 0.0000 0.0000 -0.0000 0.0000 0.0000 -0.0000 0.0003 0.0000 0.0003 -0.0006 0.0000 -0.0006 0.0004 0.0000 0.0001 0.0000 0.0000 -0.0000 0.0000 0.0000 -0.0002 -0.0010 -0.0000 30.0001 0.0002 -0.0001 -29.9998 0.0005 0.0002 -0.0000 0.0000 0.0000 2.0854 4.9903 -8.3444 2.0854 4.9903 -8.3444 87.1792 -16.7200 -83.7849 -127.5135 62.8602 94.7539 -32.6169 20.2812 -8.3811 2.1313 0.8837 0.4873 0.0001 -0.0001 0.0000 -0.0000 0.0000 0.0000 0.0003 -0.0006 0.0000 0.0001 -0.0001 0.0000 -0.0000 0.0000 0.0000 -0.0000 0.0000 0.0000 0.0001 0.0007 -0.0000 0.0001 -0.0012 0.0000 0.0003 -0.0008 0.0000 -0.0000 0.0001 0.0000 -0.0000 0.0000 0.0000 -0.0000 -0.0009 0.0000 -29.9996 0.0002 0.0001 29.9996 -0.0003 0.0001 -0.0000 0.0000 0.0000 178.7685 -1.9013 -3.8191 -4.2910 -12.0025 -9.9830 16.3136 73.3004 -20.5244 -0.0000 25.3510 0.0000 178.2817 9.3240 -3.3484 -0.0874 -8.3479 -0.0644 -3.5591 67.6563 3.4264 -0.0001 25.3508 0.0000
6.3261 96.8759 -5.0098 2.7717 4.3072 1.1488 -0.3206 1.2764 -0.4361 -0.3207 1.2766 -0.4362 -0.3216 1.2803 -0.4374 -86.9853 -9.8656 85.7078 122.5747 55.8763 -91.2360 45.3479 17.5424 10.7378 -2.8004 1.3981 -0.6618 0.0001 0.0000 0.0000 -0.0000 0.0000 0.0000 -0.0008 -0.0013 -0.0000 0.0001 -0.0004 0.0000 -0.0000 0.0000 0.0000 -0.0000 0.0000 0.0000 -0.0001 0.0003 0.0000 0.0003 -0.0006 0.0000 -0.0006 0.0004 0.0000 0.0001 0.0000 0.0000 -0.0000 0.0000 0.0000 -0.0002 -0.0010 -0.0000 30.0001 0.0003 -0.0002 -29.9998 0.0005 0.0002 -0.0000 0.0000 0.0000 2.1081 4.9933 -8.3809 2.1081 4.9933 -8.3809 87.1632 -16.7181 -83.8135 -127.5561 62.8296 94.8673 -32.6613 20.2386 -8.3593 2.1375 0.8819 0.4870 0.0001 -0.0001 0.0000 -0.0000 0.0000 0.0000 0.0003 -0.0006 0.0000 0.0001 -0.0001 0.0000 -0.0000 0.0000 0.0000 -0.0000 0.0000 0.0000 0.0001 0.0007 -0.0000 0.0001 -0.0012 0.0000 0.0003 -0.0008 0.0000 -0.0000 0.0001 0.0000 -0.0000 0.0000 0.0000 -0.0000 -0.0009 0.0000 -29.9996 0.0002 0.0001 29.9996 -0.0003 0.0001 -0.0000 0.0000 0.0000 178.7890 -1.8898 -3.8441 -4.2895 -12.0399 -10.0050 16.0770 73.3133 -20.3214 -0.0000 25.3510 0.0000 178.2686 9.3304 -3.3334 -0.0875 -8.3406 -0.0657 -3.4271 67.6475 3.3224 -0.0001 25.3508 0.0000
6.3044 96.8801 -5.0189 2.7818 4.3060 1.1448 -0.3213 1.2786 -0.4412 -0.3213 1.2788 -0.4413 -0.3222 1.2824 -0.4426 -86.9870 -9.8329 85.7288 122.5669 55.9759 -91.3401 45.2815 17.5901 10.8270 -2.7970 1.4044 -0.6633 0.0001 0.0000 0.0000 -0.0000 0.0000 0.0000 -0.0008 -0.0013 -0.0000 0.0001 -0.0004 0.0000 -0.0000 0.0000 0.0000 -0.0000 0.0000 0.0000 -0.0000 0.0003 0.0000 0.0003 -0.0006 0.0000 -0.0006 0.0004 0.0000 0.0001 0.0000 0.0000 -0.0000 0.0000 0.0000 -0.0002 -0.0010 -0.0000 30.0001 0.0002 -0.0001 -29.9998 0.0005 0.0002 -0.0000 0.0000 0.0000 2.1324 4.9901 -8.4218 2.1324 4.9901 -8.4218 87.1458 -16.7213 -83.8668 -127.6556 62.9143 95.0439 -32.5410 20.2420 -8.4041 2.1244 0.8733 0.4825 0.0001 -0.0001 0.0000 -0.0000 0.0000 0.0000 0.0003 -0.0006 0.0000 0.0001 -0.0001 0.0000 -0.0000 0.0000 0.0000 -0.0000 0.0000 0.0000 0.0001 0.0007 -0.0000 0.0001 -0.0012 0.0000 0.0003 -0.0008 0.0000 -0.0000 0.0001 0.0000 -0.0000 0.0000 0.0000 -0.0000 -0.0009 0.0000 -29.9996 0.0002 0.0001 29.9996 -0.0003 0.0001 -0.0000 0.0000 0.0000 178.8142 -1.8828 -3.8706 -4.2905 -12.0831 -10.0218 15.8425 73.3302 -20.1182 -0.0000 25.3511 0.0000 178.2645 9.3336 -3.3143 -0.0876 -8.3381 -0.0669 -3.2966 67.6429 3.2132 -0.0001 25.3508 0.0000
6.2693 96.8826 -5.0233 2.7866 4.3023 1.1418 -0.3198 1.2826 -0.4482 -0.3198 1.2828 -0.4483 -0.3207 1.2865 -0.4496 -86.9902 -9.8130 85.7564 122.5554 56.1669 -91.4576 45.0596 17.7034 10.9767 -2.7864 1.4204 -0.6677 0.0001 0.0000 0.0000 -0.0000 0.0000 0.0000 -0.0008 -0.0013 -0.0000 0.0001 -0.0004 0.0000 -0.0000 0.0000 0.0000 -0.0000 0.0000 0.0000 -0.0000 0.0002 0.0000 0.0003 -0.0006 0.0000 -0.0006 0.0004 0.0000 0.0001 0.0000 0.0000 -0.0000 0.0000 0.0000 -0.0002 -0.0010 -0.0000 30.0001 0.0002 -0.0001 -29.9998 0.0005 0.0002 -0.0000 0.0000 0.0000 2.1552 4.9772 -8.4654 2.1552 4.9772 -8.4654 87.1275 -16.7290 -83.9384 -127.8072 63.0966 95.2757 -32.2782 20.2800 -8.5191 2.0945 0.8597 0.4744 0.0001 -0.0001 0.0000 -0.0000 0.0000 0.0000 0.0003 -0.0006 0.0000 0.0001 -0.0001 0.0000 -0.0000 0.0000 0.0000 -0.0000 0.0000 0.0000 0.0001 0.0007 -0.0000 0.0001 -0.0012 0.0000 0.0003 -0.0008 0.0000 -0.0000 0.0001 0.0000 -0.0000 0.0000 0.0000 -0.0000 -0.0009 0.0000 -29.9996 0.0002 0.0001 29.9996 -0.0003 0.0001 -0.0000 0.0000 0.0000 178.8440 -1.8774 -3.8985 -4.2950 -12.1316 -10.0307 15.6320 73.3503 -19.9332 -0.0000 25.3510 0.0000 178.2756 9.3356 -3.2916 -0.0876 -8.3428 -0.0671 -3.1752 67.6439 3.0997 -0.0001 25.3508 0.0000
6.2160 96.8831 -5.0162 2.7839 4.2967 1.1376 -0.3148 1.2883 -0.4562 -0.3149 1.2885 -0.4563 -0.3157 1.2922 -0.4576 -86.9923 -9.8110 85.7971 122.5552 56.4827 -91.5941 44.6246 17.8945 11.2137 -2.7646 1.4499 -0.6762 0.0001 0.0000 0.0000 -0.0000 0.0000 0.0000 -0.0008 -0.0013 -0.0000 0.0001 -0.0004 0.0000 -0.0000 0.0000 0.0000 -0.0000 0.0000 0.0000 -0.0000 0.0002 0.0000 0.0003 -0.0006 0.0000 -0.0006 0.0004 0.0000 0.0001 0.0000 0.0000 -0.0000 0.0000 0.0000 -0.0002 -0.0010 -0.0000 30.0001 0.0002 -0.0001 -29.9998 0.0005 0.0002 -0.0000 0.0000 0.0000 2.1754 4.9485 -8.5143 2.1754 4.9485 -8.5143 87.1077 -16.7477 -84.0335 -128.0240 63.4164 95.5716 -31.8285 20.3591 -8.7495 2.0424 0.8404 0.4618 0.0001 -0.0001 0.0000 -0.0000 0.0000 0.0000 0.0003 -0.0006 0.0000 0.0001 -0.0001 0.0000 -0.0000 0.0000 0.0000 -0.0000 0.0000 0.0000 0.0001 0.0007 -0.0000 0.0001 -0.0012 0.0000 0.0003 -0.0008 0.0000 -0.0000 0.0001 0.0000 -0.0000 0.0000 0.0000 -0.0000 -0.0009 0.0000 -29.9996 0.0002 0.0001 29.9996 -0.0003 0.0001 -0.0000 0.0000 0.0000 178.8768 -1.8697 -3.9329 -4.3013 -12.1927 -10.0247 15.4849 73.3792 -19.8015 -0.0000 25.3510 0.0000 178.3081 9.3324 -3.2665 -0.0876 -8.3541 -0.0660 -3.0703 67.6543 2.9835 -0.0001 25.3508 0.0000
6.1653 96.8822 -5.0004 2.7737 4.2916 1.1304 -0.3067 1.2948 -0.4632 -0.3067 1.2951 -0.4632 -0.3076 1.2989 -0.4645 -86.9909 -9.8179 85.8471 122.6132 56.9094 -91.7581 44.0300 18.1341 11.5210 -2.7146 1.4552 -0.6737 0.0001 0.0000 0.0000 -0.0000 0.0000 0.0000 -0.0008 -0.0013 -0.0000 0.0001 -0.0004 0.0000 -0.0000 0.0000 0.0000 -0.0000 0.0000 0.0000 -0.0000 0.0002 0.0000 0.0003 -0.0006 0.0000 -0.0006 0.0004 0.0000 0.0001 0.0000 0.0000 -0.0000 0.0000 0.0000 -0.0002 -0.0010 -0.0000 30.0001 0.0002 -0.0001 -29.9998 0.0005 0.0002 -0.0000 0.0000 0.0000 2.1924 4.9070 -8.5670 2.1924 4.9070 -8.5670 87.0855 -16.7712 -84.1451 -128.2686 63.8322 95.8821 -31.2504 20.4635 -9.0550 1.9752 0.8182 0.4463 0.0001 -0.0001 0.0000 -0.0000 0.0000 0.0000 0.0003 -0.0006 0.0000 0.0001 -0.0001 0.0000 -0.0000 0.0000 0.0000 -0.0000 0.0000 0.0000 0.0001 0.0007 -0.0000 0.0001 -0.0012 0.0000 0.0003 -0.0008 0.0000 -0.0000 0.0001 0.0000 -0.0000 0.0000 0.0000 -0.0000 -0.0009 0.0000 -29.9996 0.0002 0.0001 29.9996 -0.0003 0.0001 -0.0000 0.0000 0.0000 178.9101 -1.8552 -3.9691 -4.3083 -12.2661 -10.0198 15.3940 73.4191 -19.7174 -0.0000 25.3511 0.0000 178.3479 9.3285 -3.2460 -0.0874 -8.3735 -0.0651 -2.9760 67.6745 2.8759 -0.0001 25.3508 0.0000
6.1275 96.8796 -4.9830 2.7572 4.2869 1.1193 -0.2962 1.3031 -0.4688 -0.2962 1.3033 -0.4689 -0.2970 1.3070 -0.4702 -86.9860 -9.8338 85.9015 122.7501 57.4353 -91.9529 43.3076 18.4012 11.8939 -2.6313 1.4218 -0.6545 0.0001 0.0000 0.0000 -0.0000 0.0000 0.0000 -0.0008 -0.0013 -0.0000 0.0001 -0.0004 0.0000 -0.0000 0.0000 0.0000 -0.0000 0.0000 0.0000 -0.0000 0.0002 0.0000 0.0003 -0.0006 0.0000 -0.0006 0.0004 0.0000 0.0001 0.0000 0.0000 -0.0000 0.0000 0.0000 -0.0002 -0.0010 -0.0000 30.0001 0.0002 -0.0001 -29.9998 0.0005 0.0002 -0.0000 0.0000 0.0000 2.2083 4.8541 -8.6213 2.2083 4.8541 -8.6212 87.0606 -16.7966 -84.2642 -128.5370 64.3219 96.1926 -30.5665 20.5801 -9.3911 1.8973 0.7936 0.4289 0.0001 -0.0001 0.0000 -0.0000 0.0000 0.0000 0.0003 -0.0006 0.0000 0.0001 -0.0001 0.0000 -0.0000 0.0000 0.0000 -0.0000 0.0000 0.0000 0.0001 0.0007 -0.0000 0.0001 -0.0012 0.0000 0.0003 -0.0008 0.0000 -0.0000 0.0001 0.0000 -0.0000 0.0000 0.0000 -0.0000 -0.0009 0.0000 -29.9996 0.0002 0.0001 29.9996 -0.0003 0.0001 -0.0000 0.0000 0.0000 178.9445 -1.8346 -4.0065 -4.3186 -12.3497 -10.0226 15.3514 73.4695 -19.6734 -0.0000 25.3510 0.0000 178.3869 9.3276 -3.2355 -0.0875 -8.3995 -0.0650 -2.8926 67.6995 2.7871 -0.0001 25.3508 0.0000
6.1095 96.8745 -4.9700 2.7320 4.2819 1.1017 -0.2828 1.3141 -0.4726 -0.2829 1.3144 -0.4727 -0.2836 1.3181 -0.4741 -86.9779 -9.8605 85.9556 122.9321 58.0364 -92.1480 42.4990 18.6773 12.3276 -2.5363 1.3858 -0.6330 0.0001 0.0000 0.0000 -0.0000 0.0000 0.0000 -0.0008 -0.0013 -0.0000 0.0001 -0.0004 0.0000 -0.0000 0.0000 0.0000 -0.0000 0.0000 0.0000 -0.0000 0.0002 0.0000 0.0003 -0.0006 0.0000 -0.0006 0.0004 0.0000 0.0001 0.0000 0.0000 -0.0000 0.0000 0.0000 -0.0002 -0.0010 -0.0000 30.0001 0.0002 -0.0001 -29.9998 0.0005 0.0002 -0.0000 0.0000 0.0000 2.2273 4.7873 -8.6758 2.2273 4.7873 -8.6758 87.0338 -16.8188 -84.3754 -128.8459 64.9028 96.5023 -29.7596 20.7113 -9.7235 1.8113 0.7678 0.4106 0.0001 -0.0001 0.0000 -0.0000 0.0000 0.0000 0.0003 -0.0006 0.0000 0.0001 -0.0001 0.0000 -0.0000 0.0000 0.0000 -0.0000 0.0000 0.0000 0.0001 0.0007 -0.0000 0.0001 -0.0012 0.0000 0.0003 -0.0008 0.0000 -0.0000 0.0001 0.0000 -0.0000 0.0000 0.0000 -0.0000 -0.0009 0.0000 -29.9996 0.0002 0.0001 29.9996 -0.0003 0.0001 -0.0000 0.0000 0.0000 178.9818 -1.8114 -4.0495 -4.3360 -12.4407 -10.0391 15.3679 73.5313 -19.6757 -0.0000 25.3511 0.0000 178.4235 9.3328 -3.2456 -0.0876 -8.4321 -0.0657 -2.8309 67.7255 2.7351 -0.0001 25.3508 0.0000
6.0990 96.8683 -4.9555 2.7041 4.2769 1.0806 -0.2686 1.3263 -0.4752 -0.2686 1.3266 -0.4752 -0.2694 1.3304 -0.4765 -86.9719 -9.8928 86.0059 123.1453 58.6838 -92.3383 41.5757 18.9709 12.8047 -2.4315 1.3461 -0.6096 0.0001 0.0000 0.0000 -0.0000 0.0000 0.0000 -0.0008 -0.0013 -0.0000 0.0001 -0.0004 0.0000 -0.0000 0.0000 0.0000 -0.0000 0.0000 0.0000 -0.0000 0.0002 0.0000 0.0003 -0.0006 0.0000 -0.0006 0.0004 0.0000 0.0001 0.0000 0.0000 -0.0000 0.0000 0.0000 -0.0002 -0.0010 -0.0000 30.0001 0.0002 -0.0001 -29.9998 0.0005 0.0002 -0.0000 0.0000 0.0000 2.2526 4.7198 -8.7313 2.2526 4.7198 -8.7313 87.0080 -16.8403 -84.4841 -129.1737 65.5311 96.7924 -28.8976 20.8464 -10.0558 1.7210 0.7414 0.3918 0.0001 -0.0001 0.0000 -0.0000 0.0000 0.0000 0.0003 -0.0006 0.0000 0.0001 -0.0001 0.0000 -0.0000 0.0000 0.0000 -0.0000 0.0000 0.0000 0.0001 0.0007 -0.0000 0.0001 -0.0012 0.0000 0.0003 -0.0008 0.0000 -0.0000 0.0001 0.0000 -0.0000 0.0000 0.0000 -0.0000 -0.0008 0.0000 -29.9996 0.0002 0.0001 29.9996 -0.0003 0.0001 -0.0000 0.0000 0.0000 179.0165 -1.7950 -4.0997 -4.3532 -12.5252 -10.0712 15.3878 73.5994 -19.6743 -0.0000 25.3511 0.0000 178.4587 9.3342 -3.2621 -0.0875 -8.4587 -0.0659 -2.7751 67.7496 2.6937 -0.0001 25.3508 0.0000
6.0912 96.8625 -4.9345 2.6781 4.2725 1.0568 -0.2551 1.3382 -0.4768 -0.2552 1.3385 -0.4769 -0.2559 1.3423 -0.4782 -86.9692 -9.9232 86.0557 123.3693 59.3547 -92.5193 40.5700 19.2738 13.3056 -2.3214 1.3038 -0.5851 0.0001 0.0000 0.0000 -0.0000 0.0000 0.0000 -0.0008 -0.0013 -0.0000 0.0001 -0.0004 0.0000 -0.0000 0.0000 0.0000 -0.0000 0.0000 0.0000 -0.0000 0.0002 0.0000 0.0003 -0.0006 0.0000 -0.0006 0.0004 0.0000 0.0001 0.0000 0.0000 -0.0000 0.0000 0.0000 -0.0002 -0.0010 -0.0000 30.0001 0.0002 -0.0001 -29.9998 0.0005 0.0002 -0.0000 0.0000 0.0000 2.2821 4.6596 -8.7872 2.2821 4.6596 -8.7872 86.9854 -16.8601 -84.5939 -129.5007 66.1829 97.0403 -28.0084 20.9771 -10.3797 1.6301 0.7154 0.3731 0.0001 -0.0001 0.0000 -0.0000 0.0000 0.0000 0.0003 -0.0006 0.0000 0.0001 -0.0001 0.0000 -0.0000 0.0000 0.0000 -0.0000 0.0000 0.0000 0.0001 0.0007 -0.0000 0.0001 -0.0012 0.0000 0.0003 -0.0008 0.0000 -0.0000 0.0001 0.0000 -0.0000 0.0000 0.0000 -0.0000 -0.0009 0.0000 -29.9996 0.0002 0.0001 29.9996 -0.0003 0.0001 -0.0000 0.0000 0.0000 179.0447 -1.7895 -4.1530 -4.3687 -12.5952 -10.1192 15.3944 73.6683 -19.6553 -0.0000 25.3510 0.0000 178.4903 9.3285 -3.2714 -0.0876 -8.4769 -0.0659 -2.7039 67.7735 2.6334 -0.0001 25.3508 0.0000
6.0822 96.8592 -4.9010 2.6626 4.2705 1.0288 -0.2461 1.3472 -0.4794 -0.2461 1.3475 -0.4795 -0.2468 1.3513 -0.4808 -86.9715 -9.9568 86.1003 123.6009 60.0535 -92.6844 39.6332 19.5590 13.7670 -2.2154 1.2613 -0.5616 0.0001 0.0000 0.0000 -0.0000 0.0000 0.0000 -0.0008 -0.0013 -0.0000 0.0001 -0.0004 0.0000 -0.0000 0.0000 0.0000 -0.0000 0.0000 0.0000 -0.0001 0.0002 0.0000 0.0003 -0.0006 0.0000 -0.0006 0.0004 0.0000 0.0001 0.0000 0.0000 -0.0000 0.0000 0.0000 -0.0002 -0.0010 -0.0000 30.0001 0.0002 -0.0001 -29.9998 0.0005 0.0002 -0.0000 0.0000 0.0000 2.3168 4.6192 -8.8408 2.3168 4.6192 -8.8408 86.9674 -16.8781 -84.7023 -129.8433 66.8496 97.2441 -27.1177 21.0958 -10.6621 1.5402 0.6897 0.3547 0.0001 -0.0001 0.0000 -0.0000 0.0000 0.0000 0.0003 -0.0006 0.0000 0.0001 -0.0001 0.0000 -0.0000 0.0000 0.0000 -0.0000 0.0000 0.0000 0.0001 0.0007 -0.0000 0.0001 -0.0012 0.0000 0.0003 -0.0008 0.0000 -0.0000 0.0001 0.0000 -0.0000 0.0000 0.0000 -0.0000 -0.0009 0.0000 -29.9997 0.0002 0.0001 29.9996 -0.0003 0.0001 -0.0000 0.0000 0.0000 179.0623 -1.8025 -4.2075 -4.3850 -12.6349 -10.1807 15.3798 73.7300 -19.6124 -0.0000 25.3511 0.0000 178.5125 9.3099 -3.2589 -0.0876 -8.4790 -0.0664 -2.5950 67.7967 2.5224 -0.0001 25.3508 0.0000
6.0619 96.8594 -4.8620 2.6580 4.2719 0.9978 -0.2417 1.3529 -0.4850 -0.2417 1.3532 -0.4851 -0.2423 1.3570 -0.4864 -86.9772 -9.9980 86.1388 123.8554 60.7680 -92.8586 38.7727 19.8281 14.1727 -2.1150 1.2183 -0.5393 0.0001 0.0000 0.0000 -0.0000 0.0000 0.0000 -0.0008 -0.0013 -0.0000 0.0001 -0.0004 0.0000 -0.0000 0.0000 0.0000 -0.0000 0.0000 0.0000 -0.0001 0.0002 0.0000 0.0003 -0.0006 0.0000 -0.0006 0.0004 0.0000 0.0001 0.0000 0.0000 -0.0000 0.0000 0.0000 -0.0002 -0.0010 -0.0000 30.0001 0.0002 -0.0001 -29.9998 0.0005 0.0002 -0.0000 0.0000 0.0000 2.3566 4.5963 -8.8900 2.3566 4.5963 -8.8900 86.9505 -16.8914 -84.8040 -130.2255 67.4992 97.4722 -26.2513 21.2084 -10.8970 1.4555 0.6644 0.3372 0.0001 -0.0001 0.0000 -0.0000 0.0000 0.0000 0.0003 -0.0006 0.0000 0.0001 -0.0001 0.0000 -0.0000 0.0000 0.0000 -0.0000 0.0000 0.0000 0.0001 0.0007 -0.0000 0.0001 -0.0012 0.0000 0.0003 -0.0008 0.0000 -0.0000 0.0001 0.0000 -0.0000 0.0000 0.0000 -0.0000 -0.0008 0.0000 -29.9996 0.0002 0.0001 29.9996 -0.0003 0.0001 -0.0000 0.0000 0.0000 179.0682 -1.8233 -4.2603 -4.3974 -12.6519 -10.2345 15.3662 73.7789 -19.5747 -0.0000 25.3510 0.0000 178.5315 9.2894 -3.2330 -0.0877 -8.4765 -0.0673 -2.4730 67.8198 2.3813 -0.0001 25.3508 0.0000
6.0275 96.8622 -4.8211 2.6626 4.2756 0.9628 -0.2410 1.3568 -0.4927 -0.2411 1.3571 -0.4928 -0.2417 1.3610 -0.4941 -86.9877 -10.0447 86.1731 124.1282 61.4839 -93.0470 37.9689 20.0852 14.5357 -2.0198 1.1752 -0.5178 0.0001 0.0000 0.0000 -0.0000 0.0000 0.0000 -0.0008 -0.0013 -0.0000 0.0001 -0.0004 0.0000 -0.0000 0.0000 0.0000 -0.0000 0.0000 0.0000 -0.0000 0.0002 0.0000 0.0003 -0.0006 0.0000 -0.0006 0.0004 0.0000 0.0001 0.0000 0.0000 -0.0000 0.0000 0.0000 -0.0002 -0.0010 -0.0000 30.0001 0.0002 -0.0001 -29.9998 0.0005 0.0002 -0.0000 0.0000 0.0000 2.4000 4.5828 -8.9348 2.4000 4.5828 -8.9348 86.9326 -16.8987 -84.9023 -130.6382 68.1242 97.7312 -25.4398 21.3163 -11.0851 1.3776 0.6398 0.3211 0.0001 -0.0001 0.0000 -0.0000 0.0000 0.0000 0.0003 -0.0006 0.0000 0.0001 -0.0001 0.0000 -0.0000 0.0000 0.0000 -0.0000 0.0000 0.0000 0.0001 0.0007 -0.0000 0.0001 -0.0012 0.0000 0.0003 -0.0008 0.0000 -0.0000 0.0001 0.0000 -0.0000 0.0000 0.0000 -0.0000 -0.0009 0.0000 -29.9996 0.0002 0.0001 29.9996 -0.0003 0.0001 -0.0000 0.0000 0.0000 179.0641 -1.8474 -4.3114 -4.4047 -12.6510 -10.2745 15.3600 73.8138 -19.5528 -0.0000 25.3510 0.0000 178.5510 9.2653 -3.2042 -0.0877 -8.4636 -0.0675 -2.3537 67.8374 2.2276 -0.0001 25.3508 0.0000
5.9823 96.8677 -4.7863 2.6793 4.2814 0.9195 -0.2461 1.3602 -0.5014 -0.2462 1.3605 -0.5015 -0.2469 1.3644 -0.5030 -87.0034 -10.0922 86.2024 124.3863 62.1792 -93.2261 37.2414 20.3395 14.8300 -1.9329 1.1333 -0.4983 0.0001 0.0000 0.0000 -0.0000 0.0000 0.0000 -0.0008 -0.0013 -0.0000 0.0001 -0.0004 0.0000 -0.0000 0.0000 0.0000 -0.0000 0.0000 0.0000 -0.0000 0.0002 0.0000 0.0003 -0.0006 0.0000 -0.0006 0.0004 0.0000 0.0001 0.0000 0.0000 -0.0000 0.0000 0.0000 -0.0002 -0.0010 -0.0000 30.0001 0.0002 -0.0001 -29.9998 0.0005 0.0002 -0.0000 0.0000 0.0000 2.4454 4.5753 -8.9733 2.4454 4.5753 -8.9733 86.9146 -16.8962 -85.0001 -131.0998 68.7473 98.0487 -24.7876 21.4082 -11.1764 1.3091 0.6160 0.3068 0.0001 -0.0001 0.0000 -0.0000 0.0000 0.0000 0.0003 -0.0006 0.0000 0.0001 -0.0001 0.0000 -0.0000 0.0000 0.0000 -0.0000 0.0000 0.0000 0.0001 0.0007 -0.0000 0.0001 -0.0012 0.0000 0.0003 -0.0008 0.0000 -0.0000 0.0001 0.0000 -0.0000 0.0000 0.0000 -0.0000 -0.0009 0.0000 -29.9996 0.0002 0.0001 29.9996 -0.0003 0.0001 -0.0000 0.0000 0.0000 179.0464 -1.8694 -4.3527 -4.4074 -12.6313 -10.3003 15.3604 73.8289 -19.5526 -0.0000 25.3510 0.0000 178.5660 9.2343 -3.1848 -0.0876 -8.4231 -0.0662 -2.2464 67.8353 2.0733 -0.0001 25.3508 0.0000
5.9577 96.8740 -4.7684 2.7048 4.2861 0.8684 -0.2558 1.3645 -0.5117 -0.2558 1.3648 -0.5117 -0.2566 1.3686 -0.5131 -87.0183 -10.1480 86.2251 124.6132 62.8186 -93.3921 36.7272 20.5817 15.0202 -1.8630 1.0966 -0.4829 0.0001 0.0000 0.0000 -0.0000 0.0000 0.0000 -0.0008 -0.0013 -0.0000 0.0001 -0.0004 0.0000 -0.0000 0.0000 0.0000 -0.0000 0.0000 0.0000 -0.0000 0.0002 0.0000 0.0003 -0.0006 0.0000 -0.0006 0.0004 0.0000 0.0001 0.0000 0.0000 -0.0000 0.0000 0.0000 -0.0002 -0.0010 -0.0000 30.0001 0.0002 -0.0001 -29.9998 0.0005 0.0002 -0.0000 0.0000 0.0000 2.4893 4.5671 -9.0053 2.4893 4.5671 -9.0053 86.8988 -16.8784 -85.0917 -131.5818 69.3387 98.4141 -24.2726 21.4976 -11.1647 1.2508 0.5928 0.2945 0.0001 -0.0001 0.0000 -0.0000 0.0000 0.0000 0.0003 -0.0006 0.0000 0.0001 -0.0001 0.0000 -0.0000 0.0000 0.0000 -0.0000 0.0000 0.0000 0.0001 0.0007 -0.0000 0.0001 -0.0011 0.0000 0.0003 -0.0008 0.0000 -0.0000 0.0001 0.0000 -0.0000 0.0000 0.0000 -0.0000 -0.0009 0.0000 -29.9996 0.0002 0.0001 29.9996 -0.0003 0.0001 -0.0000 0.0000 0.0000 179.0174 -1.8917 -4.3770 -4.4081 -12.5973 -10.3270 15.3487 73.8298 -19.5530 -0.0000 25.3510 0.0000 178.5590 9.1966 -3.1818 -0.0875 -8.3492 -0.0653 -2.1450 67.8043 1.9400 -0.0001 25.3508 0.0000
5.9643 96.8819 -4.7707 2.7372 4.2884 0.8096 -0.2685 1.3696 -0.5236 -0.2685 1.3699 -0.5237 -0.2692 1.3738 -0.5252 -87.0326 -10.2183 86.2430 124.8207 63.3937 -93.5594 36.2946 20.8398 15.1694 -1.8026 1.0634 -0.4701 0.0001 0.0000 0.0000 -0.0000 0.0000 0.0000 -0.0008 -0.0013 -0.0000 0.0001 -0.0004 0.0000 -0.0000 0.0000 0.0000 -0.0000 0.0000 0.0000 -0.0000 0.0002 0.0000 0.0003 -0.0006 0.0000 -0.0006 0.0004 0.0000 0.0001 0.0000 0.0000 -0.0000 0.0000 0.0000 -0.0002 -0.0010 -0.0000 30.0001 0.0002 -0.0001 -29.9998 0.0005 0.0002 -0.0000 0.0000 0.0000 2.5297 4.5546 -9.0302 2.5297 4.5546 -9.0302 86.8803 -16.8505 -85.1815 -132.0776 69.8685 98.8273 -23.8683 21.5893 -11.0843 1.2023 0.5711 0.2842 0.0001 -0.0001 0.0000 -0.0000 0.0000 0.0000 0.0003 -0.0006 0.0000 0.0001 -0.0001 0.0000 -0.0000 0.0000 0.0000 -0.0000 0.0000 0.0000 0.0001 0.0007 -0.0000 0.0001 -0.0012 0.0000 0.0003 -0.0008 0.0000 -0.0000 0.0001 0.0000 -0.0000 0.0000 0.0000 -0.0000 -0.0009 0.0000 -29.9996 0.0002 0.0001 29.9996 -0.0003 0.0001 -0.0000 0.0000 0.0000 178.9760 -1.9180 -4.3852 -4.4041 -12.5471 -10.3607 15.3112 73.8204 -19.5379 -0.0000 25.3511 0.0000 178.5256 9.1584 -3.1926 -0.0875 -8.2514 -0.0653 -2.0375 67.7476 1.8241 -0.0001 25.3508 0.0000
6.0177 96.8944 -4.7975 2.7789 4.2876 0.7381 -0.2844 1.3760 -0.5374 -0.2844 1.3763 -0.5374 -0.2852 1.3803 -0.5390 -87.0466 -10.3006 86.2548 124.9691 63.8452 -93.7194 35.9409 21.1322 15.3112 -1.7568 1.0381 -0.4613 0.0001 0.0000 0.0000 -0.0000 0.0000 0.0000 -0.0008 -0.0013 -0.0000 0.0001 -0.0004 0.0000 -0.0000 0.0000 0.0000 -0.0000 0.0000 0.0000 -0.0000 0.0002 0.0000 0.0003 -0.0006 0.0000 -0.0006 0.0004 0.0000 0.0001 0.0000 0.0000 -0.0000 0.0000 0.0000 -0.0002 -0.0010 -0.0000 30.0001 0.0002 -0.0001 -29.9998 0.0005 0.0002 -0.0000 0.0000 0.0000 2.5588 4.5317 -9.0420 2.5588 4.5317 -9.0420 86.8552 -16.8152 -85.2672 -132.5356 70.2703 99.2429 -23.6146 21.6750 -10.9566 1.1679 0.5532 0.2767 0.0001 -0.0001 0.0000 -0.0000 0.0000 0.0000 0.0003 -0.0006 0.0000 0.0001 -0.0001 0.0000 -0.0000 0.0000 0.0000 -0.0000 0.0000 0.0000 0.0001 0.0007 -0.0000 0.0001 -0.0012 0.0000 0.0003 -0.0008 0.0000 -0.0000 0.0001 0.0000 -0.0000 0.0000 0.0000 -0.0000 -0.0009 0.0000 -29.9996 0.0002 0.0001 29.9996 -0.0003 0.0001 -0.0000 0.0000 0.0000 178.9155 -1.9545 -4.3707 -4.3947 -12.4691 -10.4071 15.2511 73.8001 -19.5078 -0.0000 25.3510 0.0000 178.4538 9.1253 -3.2158 -0.0874 -8.1356 -0.0665 -1.8962 67.6690 1.7097 -0.0001 25.3508 0.0000
6.0897 96.9101 -4.8319 2.8245 4.2852 0.6549 -0.3015 1.3794 -0.5504 -0.3015 1.3797 -0.5505 -0.3023 1.3836 -0.5520 -87.0516 -10.3766 86.2620 125.0496 64.1791 -93.8571 35.7412 21.4242 15.4374 -1.7269 1.0221 -0.4571 0.0001 0.0000 0.0000 -0.0000 0.0000 0.0000 -0.0008 -0.0013 -0.0000 0.0001 -0.0004 0.0000 -0.0000 0.0000 0.0000 -0.0000 0.0000 0.0000 -0.0000 0.0002 0.0000 0.0003 -0.0006 0.0000 -0.0006 0.0004 0.0000 0.0001 0.0000 0.0000 -0.0000 0.0000 0.0000 -0.0002 -0.0010 -0.0000 30.0001 0.0002 -0.0001 -29.9998 0.0005 0.0002 -0.0000 0.0000 0.0000 2.5727 4.5109 -9.0467 2.5727 4.5109 -9.0467 86.8293 -16.7809 -85.3497 -132.9620 70.5796 99.6495 -23.4995 21.7350 -10.8682 1.1429 0.5396 0.2712 0.0001 -0.0001 0.0000 -0.0000 0.0000 0.0000 0.0003 -0.0006 0.0000 0.0001 -0.0001 0.0000 -0.0000 0.0000 0.0000 -0.0000 0.0000 0.0000 0.0001 0.0007 -0.0000 0.0001 -0.0012 0.0000 0.0003 -0.0008 0.0000 -0.0000 0.0001 0.0000 -0.0000 0.0000 0.0000 -0.0000 -0.0008 0.0000 -29.9997 0.0002 0.0001 29.9996 -0.0003 0.0001 -0.0000 0.0000 0.0000 178.8456 -1.9918 -4.3448 -4.3854 -12.3825 -10.4589 15.2061 73.7816 -19.4903 -0.0000 25.3510 0.0000 178.3666 9.0962 -3.2364 -0.0875 -8.0192 -0.0678 -1.7063 67.5910 1.5629 -0.0001 25.3508 0.0000
6.1630 96.9255 -4.8681 2.8658 4.2802 0.5626 -0.3176 1.3765 -0.5620 -0.3177 1.3768 -0.5621 -0.3185 1.3807 -0.5637 -87.0400 -10.4423 86.2718 125.0902 64.4080 -93.9845 35.6660 21.7038 15.5475 -1.7092 1.0123 -0.4558 0.0001 0.0000 0.0000 -0.0000 0.0000 0.0000 -0.0008 -0.0013 -0.0000 0.0001 -0.0004 0.0000 -0.0000 0.0000 0.0000 -0.0000 0.0000 0.0000 -0.0000 0.0002 0.0000 0.0003 -0.0006 0.0000 -0.0006 0.0004 0.0000 0.0001 0.0000 0.0000 -0.0000 0.0000 0.0000 -0.0002 -0.0010 -0.0000 30.0001 0.0002 -0.0001 -29.9998 0.0005 0.0002 -0.0000 0.0000 0.0000 2.5731 4.5050 -9.0472 2.5731 4.5050 -9.0472 86.8058 -16.7481 -85.4272 -133.3008 70.7626 99.9829 -23.4606 21.7776 -10.8241 1.1279 0.5308 0.2679 0.0001 -0.0001 0.0000 -0.0000 0.0000 0.0000 0.0003 -0.0006 0.0000 0.0001 -0.0001 0.0000 -0.0000 0.0000 0.0000 -0.0000 0.0000 0.0000 0.0001 0.0007 -0.0000 0.0001 -0.0012 0.0000 0.0003 -0.0008 0.0000 -0.0000 0.0001 0.0000 -0.0000 0.0000 0.0000 -0.0000 -0.0008 0.0000 -29.9997 0.0002 0.0001 29.9996 -0.0003 0.0001 -0.0000 0.0000 0.0000 178.7754 -2.0228 -4.3164 -4.3753 -12.3015 -10.5044 15.2154 73.7705 -19.5230 -0.0000 25.3510 0.0000 178.2827 9.0693 -3.2481 -0.0875 -7.9078 -0.0684 -1.4640 67.5211 1.3690 -0.0001 25.3508 0.0000
6.2271 96.9343 -4.9122 2.8862 4.2685 0.4563 -0.3298 1.3623 -0.5687 -0.3299 1.3626 -0.5688 -0.3307 1.3664 -0.5705 -87.0050 -10.4905 86.2876 125.0860 64.4735 -94.0682 35.7594 21.9226 15.6195 -1.7074 1.0114 -0.4582 0.0001 0.0000 0.0000 -0.0000 0.0000 0.0000 -0.0008 -0.0013 -0.0000 0.0001 -0.0004 0.0000 -0.0000 0.0000 0.0000 -0.0000 0.0000 0.0000 -0.0000 0.0003 0.0000 0.0003 -0.0006 0.0000 -0.0006 0.0004 0.0000 0.0001 0.0000 0.0000 -0.0000 0.0000 0.0000 -0.0002 -0.0010 -0.0000 30.0001 0.0003 -0.0002 -29.9998 0.0005 0.0002 -0.0000 0.0000 0.0000 2.5616 4.5355 -9.0440 2.5616 4.5355 -9.0440 86.7854 -16.7234 -85.4925 -133.4380 70.7404 100.1177 -23.5114 21.8160 -10.7958 1.1269 0.5280 0.2677 0.0001 -0.0001 0.0000 -0.0000 0.0000 0.0000 0.0003 -0.0006 0.0000 0.0001 -0.0001 0.0000 -0.0000 0.0000 0.0000 -0.0000 0.0000 0.0000 0.0001 0.0007 -0.0000 0.0001 -0.0012 0.0000 0.0003 -0.0008 0.0000 -0.0000 0.0001 0.0000 -0.0000 0.0000 0.0000 -0.0000 -0.0009 0.0000 -29.9996 0.0002 0.0001 29.9996 -0.0003 0.0001 -0.0000 0.0000 0.0000 178.7218 -2.0299 -4.2945 -4.3724 -12.2447 -10.5308 15.3739 73.7691 -19.6924 -0.0000 25.3511 0.0000 178.2247 9.0402 -3.2467 -0.0873 -7.7939 -0.0671 -1.1389 67.4562 1.0955 -0.0001 25.3508 0.0000
6.2989 96.9343 -4.9743 2.8766 4.2470 0.3400 -0.3357 1.3413 -0.5676 -0.3358 1.3416 -0.5677 -0.3368 1.3454 -0.5692 -86.9635 -10.5150 86.2928 125.0196 64.3982 -94.0712 35.9677 22.0712 15.6519 -1.7187 1.0188 -0.4638 0.0001 0.0000 0.0000 -0.0000 0.0000 0.0000 -0.0008 -0.0013 -0.0000 0.0001 -0.0004 0.0000 -0.0000 0.0000 0.0000 -0.0000 0.0000 0.0000 -0.0000 0.0002 0.0000 0.0003 -0.0006 0.0000 -0.0006 0.0004 0.0000 0.0001 0.0000 0.0000 -0.0000 0.0000 0.0000 -0.0002 -0.0010 -0.0000 30.0001 0.0002 -0.0001 -29.9998 0.0005 0.0002 -0.0000 0.0000 0.0000 2.5484 4.5962 -9.0412 2.5484 4.5962 -9.0412 86.7707 -16.7080 -85.5353 -133.4052 70.6006 100.0717 -23.6793 21.8518 -10.7266 1.1368 0.5292 0.2701 0.0001 -0.0001 0.0000 -0.0000 0.0000 0.0000 0.0003 -0.0006 0.0000 0.0001 -0.0001 0.0000 -0.0000 0.0000 0.0000 -0.0000 0.0000 0.0000 0.0001 0.0007 -0.0000 0.0001 -0.0012 0.0000 0.0003 -0.0008 0.0000 -0.0000 0.0001 0.0000 -0.0000 0.0000 0.0000 -0.0000 -0.0009 0.0000 -29.9996 0.0002 0.0001 29.9996 -0.0003 0.0001 -0.0000 0.0000 0.0000 178.7008 -2.0059 -4.2808 -4.3889 -12.2289 -10.5462 15.6982 73.7762 -20.0109 -0.0000 25.3510 0.0000 178.1910 9.0062 -3.2506 -0.0871 -7.6649 -0.0651 -0.7689 67.3814 0.7928 -0.0001 25.3508 0.0000
6.3931 96.9271 -5.0598 2.8383 4.2118 0.2197 -0.3364 1.3173 -0.5600 -0.3364 1.3176 -0.5601 -0.3374 1.3213 -0.5617 -86.9171 -10.5159 86.2936 124.8825 64.1958 -93.9861 36.2709 22.1561 15.6328 -1.7417 1.0329 -0.4720 0.0001 0.0000 0.0000 -0.0000 0.0000 0.0000 -0.0008 -0.0013 -0.0000 0.0001 -0.0004 0.0000 -0.0000 0.0000 0.0000 -0.0000 0.0000 0.0000 -0.0000 0.0002 0.0000 0.0003 -0.0006 0.0000 -0.0006 0.0004 0.0000 0.0001 0.0000 0.0000 -0.0000 0.0000 0.0000 -0.0002 -0.0010 -0.0000 30.0001 0.0002 -0.0001 -29.9998 0.0005 0.0002 -0.0000 0.0000 0.0000 2.5371 4.6803 -9.0390 2.5371 4.6803 -9.0390 86.7681 -16.6971 -85.5553 -133.2531 70.3783 99.9017 -23.9624 21.8719 -10.6134 1.1560 0.5335 0.2747 0.0001 -0.0001 0.0000 -0.0000 0.0000 0.0000 0.0003 -0.0006 0.0000 0.0001 -0.0001 0.0000 -0.0000 0.0000 0.0000 -0.0000 0.0000 0.0000 0.0001 0.0007 -0.0000 0.0001 -0.0012 0.0000 0.0003 -0.0008 0.0000 -0.0000 0.0001 0.0000 -0.0000 0.0000 0.0000 -0.0000 -0.0009 0.0000 -29.9996 0.0002 0.0001 29.9996 -0.0003 0.0001 -0.0000 0.0000 0.0000 178.7088 -1.9635 -4.2714 -4.4182 -12.2499 -10.5690 16.1251 73.7946 -20.4174 -0.0000 25.3510 0.0000 178.1705 8.9646 -3.2634 -0.0869 -7.5181 -0.0635 -0.3780 67.2882 0.4934 -0.0001 25.3508 0.0000
6.5302 96.9125 -5.1877 2.7656 4.1467 0.1047 -0.3321 1.2916 -0.5467 -0.3322 1.2918 -0.5468 -0.3331 1.2955 -0.5483 -86.8708 -10.4918 86.2963 124.6622 63.8290 -93.7895 36.7031 22.1485 15.5244 -1.7803 1.0550 -0.4838 0.0001 0.0000 0.0000 -0.0000 0.0000 0.0000 -0.0008 -0.0013 -0.0000 0.0001 -0.0004 0.0000 -0.0000 0.0000 0.0000 -0.0000 0.0000 0.0000 -0.0000 0.0002 0.0000 0.0003 -0.0006 0.0000 -0.0006 0.0004 0.0000 0.0001 0.0000 0.0000 -0.0000 0.0000 0.0000 -0.0002 -0.0010 -0.0000 30.0001 0.0002 -0.0001 -29.9998 0.0005 0.0002 -0.0000 0.0000 0.0000 2.5324 4.7943 -9.0384 2.5324 4.7943 -9.0384 86.7852 -16.6901 -85.5469 -132.9622 70.0422 99.5827 -24.4091 21.8559 -10.4122 1.1891 0.5417 0.2821 0.0001 -0.0001 0.0000 -0.0000 0.0000 0.0000 0.0003 -0.0006 0.0000 0.0001 -0.0001 0.0000 -0.0000 0.0000 0.0000 -0.0000 0.0000 0.0000 0.0001 0.0007 -0.0000 0.0001 -0.0012 0.0000 0.0003 -0.0008 0.0000 -0.0000 0.0001 0.0000 -0.0000 0.0000 0.0000 -0.0000 -0.0009 0.0000 -29.9996 0.0002 0.0001 29.9996 -0.0003 0.0001 -0.0000 0.0000 0.0000 178.7450 -1.9264 -4.2553 -4.4537 -12.3011 -10.6328 16.6029 73.8295 -20.8563 -0.0000 25.3510 0.0000 178.1556 8.9121 -3.2874 -0.0867 -7.3553 -0.0632 0.0142 67.1639 0.2301 -0.0001 25.3508 0.0000
6.6804 96.8960 -5.3473 2.6832 4.0572 -0.0008 -0.3298 1.2660 -0.5325 -0.3298 1.2663 -0.5326 -0.3307 1.2700 -0.5340 -86.8340 -10.4624 86.2973 124.3960 63.3534 -93.5416 37.2288 22.0809 15.3549 -1.8321 1.0836 -0.4986 0.0001 0.0000 0.0000 -0.0000 0.0000 0.0000 -0.0008 -0.0013 -0.0000 0.0001 -0.0004 0.0000 -0.0000 0.0000 0.0000 -0.0000 0.0000 0.0000 -0.0000 0.0002 0.0000 0.0003 -0.0006 0.0000 -0.0006 0.0004 0.0000 0.0001 0.0000 0.0000 -0.0000 0.0000 0.0000 -0.0002 -0.0010 -0.0000 30.0001 0.0002 -0.0001 -29.9998 0.0005 0.0002 -0.0000 0.0000 0.0000 2.5365 4.9220 -9.0329 2.5365 4.9220 -9.0329 86.8112 -16.6853 -85.5200 -132.6220 69.6292 99.2200 -24.9837 21.8109 -10.1362 1.2329 0.5518 0.2917 0.0001 -0.0001 0.0000 -0.0000 0.0000 0.0000 0.0003 -0.0006 0.0000 0.0001 -0.0001 0.0000 -0.0000 0.0000 0.0000 -0.0000 0.0000 0.0000 0.0001 0.0007 -0.0000 0.0001 -0.0012 0.0000 0.0003 -0.0008 0.0000 -0.0000 0.0001 0.0000 -0.0000 0.0000 0.0000 -0.0000 -0.0009 0.0000 -29.9996 0.0002 0.0001 29.9996 -0.0003 0.0001 -0.0000 0.0000 0.0000 178.7797 -1.9187 -4.2246 -4.4848 -12.3396 -10.7379 17.0619 73.8646 -21.2613 -0.0000 25.3510 0.0000 178.1425 8.8587 -3.3191 -0.0867 -7.2006 -0.0630 0.3672 67.0216 0.0149 -0.0001 25.3508 0.0000
6.8223 96.8798 -5.5235 2.6033 3.9521 -0.0977 -0.3310 1.2416 -0.5192 -0.3311 1.2418 -0.5193 -0.3320 1.2453 -0.5208 -86.8090 -10.4349 86.2902 124.1082 62.7990 -93.2889 37.8283 21.9736 15.1472 -1.8956 1.1186 -0.5163 0.0001 0.0000 0.0000 -0.0000 0.0000 0.0000 -0.0008 -0.0013 -0.0000 0.0001 -0.0004 0.0000 -0.0000 0.0000 0.0000 -0.0000 0.0000 0.0000 -0.0001 0.0002 0.0000 0.0003 -0.0006 0.0000 -0.0006 0.0004 0.0000 0.0001 0.0000 0.0000 -0.0000 0.0000 0.0000 -0.0002 -0.0010 -0.0000 30.0001 0.0002 -0.0001 -29.9998 0.0005 0.0002 -0.0000 0.0000 0.0000 2.5476 5.0502 -9.0223 2.5476 5.0502 -9.0223 86.8414 -16.6838 -85.4802 -132.2754 69.1551 98.8711 -25.6529 21.7391 -9.8204 1.2856 0.5636 0.3028 0.0001 -0.0001 0.0000 -0.0000 0.0000 0.0000 0.0003 -0.0006 0.0000 0.0001 -0.0001 0.0000 -0.0000 0.0000 0.0000 -0.0000 0.0000 0.0000 0.0001 0.0007 -0.0000 0.0001 -0.0012 0.0000 0.0003 -0.0008 0.0000 -0.0000 0.0001 0.0000 -0.0000 0.0000 0.0000 -0.0000 -0.0009 0.0000 -29.9996 0.0002 0.0001 29.9996 -0.0003 0.0001 -0.0000 0.0000 0.0000 178.8073 -1.9375 -4.1892 -4.5114 -12.3606 -10.8589 17.5062 73.8972 -21.6412 -0.0000 25.3510 0.0000 178.1341 8.8081 -3.3605 -0.0865 -7.0628 -0.0621 0.6583 66.8741 -0.1472 -0.0001 25.3508 0.0000
6.9282 96.8688 -5.7021 2.5358 3.8350 -0.1845 -0.3389 1.2176 -0.5092 -0.3390 1.2179 -0.5093 -0.3399 1.2213 -0.5107 -86.7885 -10.4125 86.2808 123.8408 62.1641 -93.1059 38.5286 21.8286 14.8911 -1.9732 1.1576 -0.5364 0.0001 0.0000 0.0000 -0.0000 0.0000 0.0000 -0.0008 -0.0013 -0.0000 0.0001 -0.0004 0.0000 -0.0000 0.0000 0.0000 -0.0000 0.0000 0.0000 -0.0000 0.0002 0.0000 0.0003 -0.0006 0.0000 -0.0006 0.0004 0.0000 0.0001 0.0000 0.0000 -0.0000 0.0000 0.0000 -0.0002 -0.0010 -0.0000 30.0001 0.0002 -0.0001 -29.9998 0.0005 0.0002 -0.0000 0.0000 0.0000 2.5677 5.1646 -9.0042 2.5677 5.1646 -9.0042 86.8757 -16.6830 -85.4271 -131.9930 68.6181 98.6438 -26.4261 21.6269 -9.5236 1.3485 0.5775 0.3155 0.0001 -0.0001 0.0000 -0.0000 0.0000 0.0000 0.0003 -0.0006 0.0000 0.0001 -0.0001 0.0000 -0.0000 0.0000 0.0000 -0.0000 0.0000 0.0000 0.0001 0.0007 -0.0000 0.0001 -0.0012 0.0000 0.0003 -0.0008 0.0000 -0.0000 0.0001 0.0000 -0.0000 0.0000 0.0000 -0.0000 -0.0009 0.0000 -29.9996 0.0002 0.0001 29.9996 -0.0003 0.0001 -0.0000 0.0000 0.0000 178.8180 -1.9848 -4.1581 -4.5208 -12.3596 -10.9722 17.9266 73.9279 -21.9941 -0.0000 25.3510 0.0000 178.1407 8.7682 -3.4164 -0.0863 -6.9689 -0.0604 0.8438 66.7407 -0.2358 -0.0001 25.3508 0.0000
7.0033 96.8610 -5.8735 2.4791 3.7160 -0.2682 -0.3520 1.1906 -0.5001 -0.3521 1.1908 -0.5002 -0.3531 1.1943 -0.5015 -86.7611 -10.3942 86.2755 123.6415 61.5041 -93.0178 39.3011 21.6593 14.5783 -2.0584 1.1963 -0.5576 0.0001 0.0000 0.0000 -0.0000 0.0000 0.0000 -0.0008 -0.0013 -0.0000 0.0001 -0.0004 0.0000 -0.0000 0.0000 0.0000 -0.0000 0.0000 0.0000 -0.0000 0.0002 0.0000 0.0003 -0.0006 0.0000 -0.0006 0.0004 0.0000 0.0001 0.0000 0.0000 -0.0000 0.0000 0.0000 -0.0002 -0.0010 -0.0000 30.0001 0.0002 -0.0001 -29.9998 0.0005 0.0002 -0.0000 0.0000 0.0000 2.5947 5.2671 -8.9853 2.5947 5.2670 -8.9853 86.9117 -16.6807 -85.3737 -131.7552 68.0378 98.5029 -27.2408 21.4946 -9.2541 1.4182 0.5925 0.3291 0.0001 -0.0001 0.0000 -0.0000 0.0000 0.0000 0.0003 -0.0006 0.0000 0.0001 -0.0001 0.0000 -0.0000 0.0000 0.0000 -0.0000 0.0000 0.0000 0.0001 0.0007 -0.0000 0.0001 -0.0012 0.0000 0.0003 -0.0008 0.0000 -0.0000 0.0001 0.0000 -0.0000 0.0000 0.0000 -0.0000 -0.0008 0.0000 -29.9997 0.0002 0.0001 29.9996 -0.0003 0.0001 -0.0000 0.0000 0.0000 178.8146 -2.0347 -4.1304 -4.5144 -12.3497 -11.0662 18.3376 73.9529 -22.3423 -0.0000 25.3511 0.0000 178.1585 8.7361 -3.4878 -0.0862 -6.9040 -0.0584 0.9470 66.6199 -0.2680 -0.0001 25.3508 0.0000
7.0628 96.8536 -6.0456 2.4287 3.5993 -0.3532 -0.3680 1.1621 -0.4904 -0.3680 1.1623 -0.4904 -0.3690 1.1656 -0.4919 -86.7296 -10.3787 86.2662 123.4956 60.8314 -92.9949 40.1130 21.4697 14.2143 -2.1495 1.2340 -0.5792 0.0001 0.0000 0.0000 -0.0000 0.0000 0.0000 -0.0008 -0.0013 -0.0000 0.0001 -0.0004 0.0000 -0.0000 0.0000 0.0000 -0.0000 0.0000 0.0000 -0.0000 0.0002 0.0000 0.0003 -0.0006 0.0000 -0.0006 0.0004 0.0000 0.0001 0.0000 0.0000 -0.0000 0.0000 0.0000 -0.0002 -0.0010 -0.0000 30.0001 0.0003 -0.0002 -29.9998 0.0005 0.0002 -0.0000 0.0000 0.0000 2.6261 5.3569 -8.9686 2.6261 5.3569 -8.9686 86.9491 -16.6769 -85.3160 -131.5332 67.4313 98.4071 -28.0730 21.3598 -8.9804 1.4935 0.6080 0.3435 0.0001 -0.0001 0.0000 -0.0000 0.0000 0.0000 0.0003 -0.0006 0.0000 0.0001 -0.0001 0.0000 -0.0000 0.0000 0.0000 -0.0000 0.0000 0.0000 0.0001 0.0007 -0.0000 0.0001 -0.0012 0.0000 0.0003 -0.0008 0.0000 -0.0000 0.0001 0.0000 -0.0000 0.0000 0.0000 -0.0000 -0.0009 0.0000 -29.9996 0.0002 0.0001 29.9996 -0.0003 0.0001 -0.0000 0.0000 0.0000 178.8066 -2.0735 -4.1049 -4.5024 -12.3411 -11.1382 18.7641 73.9699 -22.7101 -0.0000 25.3511 0.0000 178.1821 8.7177 -3.5769 -0.0861 -6.8599 -0.0566 0.9872 66.5026 -0.2509 -0.0001 25.3508 0.0000
7.1197 96.8410 -6.2323 2.3806 3.4859 -0.4423 -0.3857 1.1343 -0.4790 -0.3857 1.1345 -0.4791 -0.3868 1.1378 -0.4804 -86.6931 -10.3617 86.2501 123.3932 60.1581 -93.0111 40.9591 21.2536 13.7818 -2.2452 1.2697 -0.6012 0.0001 0.0000 0.0000 -0.0000 0.0000 0.0000 -0.0008 -0.0013 -0.0000 0.0001 -0.0004 0.0000 -0.0000 0.0000 0.0000 -0.0000 0.0000 0.0000 -0.0000 0.0002 0.0000 0.0003 -0.0006 0.0000 -0.0006 0.0004 0.0000 0.0001 0.0000 0.0000 -0.0000 0.0000 0.0000 -0.0002 -0.0010 -0.0000 30.0001 0.0002 -0.0001 -29.9998 0.0005 0.0002 -0.0000 0.0000 0.0000 2.6617 5.4282 -8.9570 2.6617 5.4282 -8.9570 86.9910 -16.6683 -85.2511 -131.3033 66.8155 98.3209 -28.9034 21.2276 -8.6593 1.5727 0.6225 0.3583 0.0001 -0.0001 0.0000 -0.0000 0.0000 0.0000 0.0003 -0.0006 0.0000 0.0001 -0.0001 0.0000 -0.0000 0.0000 0.0000 -0.0000 0.0000 0.0000 0.0001 0.0007 -0.0000 0.0001 -0.0012 0.0000 0.0003 -0.0008 0.0000 -0.0000 0.0001 0.0000 -0.0000 0.0000 0.0000 -0.0000 -0.0009 0.0000 -29.9996 0.0002 0.0001 29.9996 -0.0003 0.0001 -0.0000 0.0000 0.0000 178.8058 -2.0904 -4.0773 -4.4947 -12.3449 -11.1837 19.2243 73.9773 -23.1179 -0.0000 25.3511 0.0000 178.2077 8.7245 -3.6908 -0.0860 -6.8383 -0.0554 0.9589 66.3774 -0.1701 -0.0001 25.3508 0.0000
7.1913 96.8241 -6.4333 2.3319 3.3744 -0.5309 -0.4042 1.1082 -0.4669 -0.4043 1.1083 -0.4670 -0.4055 1.1115 -0.4684 -86.6543 -10.3384 86.2323 123.3018 59.5010 -93.0166 41.8202 21.0057 13.3244 -2.3424 1.3047 -0.6231 0.0001 0.0000 0.0000 -0.0000 0.0000 0.0000 -0.0008 -0.0013 -0.0000 0.0001 -0.0004 0.0000 -0.0000 0.0000 0.0000 -0.0000 0.0000 0.0000 -0.0000 0.0002 0.0000 0.0003 -0.0006 0.0000 -0.0006 0.0004 0.0000 0.0001 0.0000 0.0000 -0.0000 0.0000 0.0000 -0.0002 -0.0010 -0.0000 30.0001 0.0002 -0.0001 -29.9998 0.0005 0.0002 -0.0000 0.0000 0.0000 2.6990 5.4855 -8.9504 2.6990 5.4855 -8.9504 87.0350 -16.6552 -85.1838 -131.0783 66.2175 98.2264 -29.7376 21.0842 -8.3027 1.6541 0.6363 0.3735 0.0001 -0.0001 0.0000 -0.0000 0.0000 0.0000 0.0003 -0.0006 0.0000 0.0001 -0.0001 0.0000 -0.0000 0.0000 0.0000 -0.0000 0.0000 0.0000 0.0001 0.0007 -0.0000 0.0001 -0.0012 0.0000 0.0003 -0.0008 0.0000 -0.0000 0.0001 0.0000 -0.0000 0.0000 0.0000 -0.0000 -0.0009 0.0000 -29.9996 0.0002 0.0001 29.9996 -0.0003 0.0001 -0.0000 0.0000 0.0000 178.8087 -2.0959 -4.0287 -4.4921 -12.3548 -11.2333 19.6962 73.9806 -23.5406 -0.0000 25.3510 0.0000 178.2264 8.7519 -3.8115 -0.0859 -6.8339 -0.0547 0.9093 66.2450 -0.0616 -0.0001 25.3508 0.0000
7.2789 96.8058 -6.6367 2.2835 3.2647 -0.6152 -0.4243 1.0829 -0.4553 -0.4244 1.0831 -0.4554 -0.4256 1.0863 -0.4567 -86.6146 -10.3078 86.2151 123.2165 58.8689 -92.9975 42.6800 20.7294 12.8626 -2.4387 1.3389 -0.6446 0.0001 0.0000 0.0000 -0.0000 0.0000 0.0000 -0.0008 -0.0013 -0.0000 0.0001 -0.0004 0.0000 -0.0000 0.0000 0.0000 -0.0000 0.0000 0.0000 -0.0000 0.0002 0.0000 0.0003 -0.0006 0.0000 -0.0006 0.0004 0.0000 0.0001 0.0000 0.0000 -0.0000 0.0000 0.0000 -0.0002 -0.0010 -0.0000 30.0001 0.0002 -0.0001 -29.9998 0.0005 0.0002 -0.0000 0.0000 0.0000 2.7373 5.5325 -8.9478 2.7373 5.5325 -8.9478 87.0801 -16.6388 -85.1164 -130.8743 65.6456 98.1276 -30.5654 20.9187 -7.9172 1.7358 0.6492 0.3884 0.0001 -0.0001 0.0000 -0.0000 0.0000 0.0000 0.0003 -0.0006 0.0000 0.0001 -0.0001 0.0000 -0.0000 0.0000 0.0000 -0.0000 0.0000 0.0000 0.0001 0.0007 -0.0000 0.0001 -0.0012 0.0000 0.0003 -0.0008 0.0000 -0.0000 0.0001 0.0000 -0.0000 0.0000 0.0000 -0.0000 -0.0008 0.0000 -29.9996 0.0002 0.0001 29.9996 -0.0003 0.0001 -0.0000 0.0000 0.0000 178.8080 -2.0988 -3.9560 -4.4904 -12.3617 -11.2965 20.1625 73.9813 -23.9572 -0.0000 25.3511 0.0000 178.2343 8.7906 -3.9215 -0.0860 -6.8452 -0.0543 0.8726 66.1151 0.0386 -0.0001 25.3508 0.0000
7.3866 96.7900 -6.8174 2.2362 3.1595 -0.6892 -0.4462 1.0599 -0.4458 -0.4462 1.0601 -0.4458 -0.4474 1.0633 -0.4471 -86.5808 -10.2684 86.1972 123.1274 58.2933 -92.9179 43.5151 20.4197 12.4142 -2.5297 1.3719 -0.6649 0.0001 0.0000 0.0000 -0.0000 0.0000 0.0000 -0.0008 -0.0013 -0.0000 0.0001 -0.0004 0.0000 -0.0000 0.0000 0.0000 -0.0000 0.0000 0.0000 -0.0000 0.0002 0.0000 0.0003 -0.0006 0.0000 -0.0006 0.0004 0.0000 0.0001 0.0000 0.0000 -0.0000 0.0000 0.0000 -0.0002 -0.0010 -0.0000 30.0001 0.0002 -0.0001 -29.9998 0.0005 0.0002 -0.0000 0.0000 0.0000 2.7743 5.5631 -8.9479 2.7743 5.5631 -8.9479 87.1238 -16.6164 -85.0498 -130.6999 65.1268 98.0170 -31.3657 20.7262 -7.4985 1.8147 0.6604 0.4024 0.0001 -0.0001 0.0000 -0.0000 0.0000 0.0000 0.0003 -0.0006 0.0000 0.0001 -0.0001 0.0000 -0.0000 0.0000 0.0000 -0.0000 0.0000 0.0000 0.0001 0.0007 -0.0000 0.0001 -0.0012 0.0000 0.0003 -0.0008 0.0000 -0.0000 0.0001 0.0000 -0.0000 0.0000 0.0000 -0.0000 -0.0008 0.0000 -29.9996 0.0002 0.0001 29.9996 -0.0003 0.0001 -0.0000 0.0000 0.0000 178.8007 -2.1076 -3.8652 -4.4864 -12.3537 -11.3658 20.6226 73.9819 -24.3626 -0.0000 25.3510 0.0000 178.2256 8.8242 -3.9924 -0.0860 -6.8680 -0.0554 0.8964 66.0026 0.0782 -0.0001 25.3508 0.0000
7.4882 96.7774 -6.9693 2.1898 3.0616 -0.7530 -0.4682 1.0375 -0.4377 -0.4683 1.0377 -0.4377 -0.4696 1.0407 -0.4389 -86.5558 -10.2167 86.1779 123.0318 57.7792 -92.7972 44.2972 20.0929 12.0108 -2.6131 1.4034 -0.6833 0.0001 0.0000 0.0000 -0.0000 0.0000 0.0000 -0.0008 -0.0013 -0.0000 0.0001 -0.0004 0.0000 -0.0000 0.0000 0.0000 -0.0000 0.0000 0.0000 -0.0000 0.0002 0.0000 0.0003 -0.0006 0.0000 -0.0006 0.0004 0.0000 0.0001 0.0000 0.0000 -0.0000 0.0000 0.0000 -0.0002 -0.0010 -0.0000 30.0001 0.0002 -0.0001 -29.9998 0.0005 0.0002 -0.0000 0.0000 0.0000 2.8084 5.5805 -8.9495 2.8084 5.5805 -8.9495 87.1646 -16.5922 -84.9978 -130.5398 64.6570 97.9028 -32.1185 20.5208 -7.0981 1.8891 0.6704 0.4152 0.0001 -0.0001 0.0000 -0.0000 0.0000 0.0000 0.0003 -0.0006 0.0000 0.0001 -0.0001 0.0000 -0.0000 0.0000 0.0000 -0.0000 0.0000 0.0000 0.0001 0.0007 -0.0000 0.0001 -0.0011 0.0000 0.0003 -0.0008 0.0000 -0.0000 0.0001 0.0000 -0.0000 0.0000 0.0000 -0.0000 -0.0009 0.0000 -29.9997 0.0002 0.0001 29.9996 -0.0003 0.0001 -0.0000 0.0000 0.0000 178.7915 -2.1198 -3.7813 -4.4799 -12.3308 -11.4181 21.0980 73.9815 -24.7787 -0.0000 25.3510 0.0000 178.2166 8.8376 -4.0309 -0.0861 -6.8756 -0.0566 0.9574 65.9025 0.0678 -0.0001 25.3508 0.0000
7.5686 96.7662 -7.1058 2.1421 2.9721 -0.8081 -0.4886 1.0153 -0.4297 -0.4887 1.0155 -0.4297 -0.4901 1.0185 -0.4309 -86.5393 -10.1516 86.1579 122.9380 57.3254 -92.6633 45.0119 19.7687 11.6655 -2.6881 1.4330 -0.6998 0.0001 0.0000 0.0000 -0.0000 0.0000 0.0000 -0.0008 -0.0013 -0.0000 0.0001 -0.0004 0.0000 -0.0000 0.0000 0.0000 -0.0000 0.0000 0.0000 -0.0000 0.0002 0.0000 0.0003 -0.0006 0.0000 -0.0006 0.0004 0.0000 0.0001 0.0000 0.0000 -0.0000 0.0000 0.0000 -0.0002 -0.0010 -0.0000 30.0001 0.0002 -0.0001 -29.9998 0.0005 0.0002 -0.0000 0.0000 0.0000 2.8385 5.5864 -8.9534 2.8385 5.5864 -8.9534 87.1971 -16.5711 -84.9516 -130.4150 64.2407 97.8237 -32.8142 20.3156 -6.7450 1.9583 0.6794 0.4267 0.0001 -0.0001 0.0000 -0.0000 0.0000 0.0000 0.0003 -0.0006 0.0000 0.0001 -0.0001 0.0000 -0.0000 0.0000 0.0000 -0.0000 0.0000 0.0000 0.0001 0.0007 -0.0000 0.0001 -0.0012 0.0000 0.0003 -0.0008 0.0000 -0.0000 0.0001 0.0000 -0.0000 0.0000 0.0000 -0.0000 -0.0009 0.0000 -29.9997 0.0002 0.0001 29.9996 -0.0003 0.0001 -0.0000 0.0000 0.0000 178.7823 -2.1291 -3.7110 -4.4708 -12.2990 -11.4510 21.5937 73.9801 -25.2111 -0.0000 25.3510 0.0000 178.2196 8.8383 -4.0483 -0.0861 -6.8642 -0.0566 1.0354 65.8050 0.0225 -0.0001 25.3508 0.0000
7.6214 96.7532 -7.2474 2.0916 2.8972 -0.8510 -0.5060 0.9927 -0.4217 -0.5061 0.9929 -0.4217 -0.5076 0.9957 -0.4229 -86.5284 -10.0728 86.1430 122.8910 56.9898 -92.5559 45.5826 19.4905 11.4101 -2.7309 1.4296 -0.7012 0.0001 0.0000 0.0000 -0.0000 0.0000 0.0000 -0.0008 -0.0013 -0.0000 0.0001 -0.0004 0.0000 -0.0000 0.0000 0.0000 -0.0000 0.0000 0.0000 -0.0001 0.0002 0.0000 0.0003 -0.0006 0.0000 -0.0006 0.0004 0.0000 0.0001 0.0000 0.0000 -0.0000 0.0000 0.0000 -0.0002 -0.0010 -0.0000 30.0001 0.0002 -0.0001 -29.9998 0.0005 0.0002 -0.0000 0.0000 0.0000 2.8622 5.5780 -8.9604 2.8622 5.5780 -8.9604 87.2190 -16.5564 -84.9167 -130.3300 63.9125 97.8029 -33.3893 20.1380 -6.4733 2.0175 0.6872 0.4363 0.0001 -0.0001 0.0000 -0.0000 0.0000 0.0000 0.0002 -0.0006 0.0000 0.0001 -0.0001 0.0000 -0.0000 0.0000 0.0000 -0.0000 0.0000 0.0000 0.0001 0.0007 -0.0000 0.0001 -0.0012 0.0000 0.0003 -0.0008 0.0000 -0.0000 0.0001 0.0000 -0.0000 0.0000 0.0000 -0.0000 -0.0009 0.0000 -29.9996 0.0002 0.0001 29.9996 -0.0003 0.0001 -0.0000 0.0000 0.0000 178.7749 -2.1250 -3.6683 -4.4555 -12.2628 -11.4643 22.0866 73.9822 -25.6353 -0.0000 25.3510 0.0000 178.2399 8.8341 -4.0485 -0.0860 -6.8119 -0.0544 1.1178 65.6884 -0.0465 -0.0001 25.3508 0.0000
7.6847 96.7388 -7.4082 2.0357 2.8297 -0.8863 -0.5194 0.9718 -0.4134 -0.5195 0.9719 -0.4135 -0.5210 0.9747 -0.4147 -86.5231 -9.9901 86.1305 122.8763 56.7588 -92.4819 46.0024 19.2675 11.2334 -2.7494 1.4058 -0.6925 0.0001 0.0000 0.0000 -0.0000 0.0000 0.0000 -0.0008 -0.0013 -0.0000 0.0001 -0.0004 0.0000 -0.0000 0.0000 0.0000 -0.0000 0.0000 0.0000 -0.0001 0.0003 0.0000 0.0003 -0.0006 0.0000 -0.0006 0.0004 0.0000 0.0001 0.0000 0.0000 -0.0000 0.0000 0.0000 -0.0002 -0.0010 -0.0000 30.0001 0.0002 -0.0001 -29.9998 0.0005 0.0002 -0.0000 0.0000 0.0000 2.8791 5.5585 -8.9683 2.8791 5.5585 -8.9683 87.2349 -16.5487 -84.8892 -130.2789 63.6708 97.8394 -33.8195 19.9926 -6.2646 2.0650 0.6927 0.4436 0.0001 -0.0001 0.0000 -0.0000 0.0000 0.0000 0.0003 -0.0006 0.0000 0.0001 -0.0001 0.0000 -0.0000 0.0000 0.0000 -0.0000 0.0000 0.0000 0.0001 0.0007 -0.0000 0.0001 -0.0012 0.0000 0.0003 -0.0008 0.0000 -0.0000 0.0001 0.0000 -0.0000 0.0000 0.0000 -0.0000 -0.0008 0.0000 -29.9996 0.0002 0.0001 29.9996 -0.0003 0.0001 -0.0000 0.0000 0.0000 178.7733 -2.1140 -3.6520 -4.4348 -12.2240 -11.4744 22.5336 73.9913 -26.0110 -0.0000 25.3510 0.0000 178.2564 8.8369 -4.0371 -0.0857 -6.7362 -0.0520 1.2179 65.5516 -0.1276 -0.0001 25.3508 0.0000
7.7837 96.7246 -7.5810 1.9749 2.7684 -0.9155 -0.5296 0.9522 -0.4056 -0.5296 0.9524 -0.4057 -0.5312 0.9551 -0.4068 -86.5204 -9.9075 86.1200 122.8554 56.6051 -92.4269 46.2790 19.1001 11.1288 -2.7611 1.3909 -0.6864 0.0001 0.0000 0.0000 -0.0000 0.0000 0.0000 -0.0008 -0.0013 -0.0000 0.0001 -0.0004 0.0000 -0.0000 0.0000 0.0000 -0.0000 0.0000 0.0000 -0.0001 0.0003 0.0000 0.0003 -0.0006 0.0000 -0.0006 0.0004 0.0000 0.0001 0.0000 0.0000 -0.0000 0.0000 0.0000 -0.0002 -0.0010 -0.0000 30.0001 0.0003 -0.0002 -29.9998 0.0005 0.0002 -0.0000 0.0000 0.0000 2.8907 5.5322 -8.9760 2.8907 5.5322 -8.9760 87.2471 -16.5461 -84.8670 -130.2733 63.5144 97.9385 -34.1124 19.8783 -6.1134 2.0992 0.6944 0.4480 0.0001 -0.0001 0.0000 -0.0000 0.0000 0.0000 0.0003 -0.0006 0.0000 0.0001 -0.0001 0.0000 -0.0000 0.0000 0.0000 -0.0000 0.0000 0.0000 0.0001 0.0007 -0.0000 0.0001 -0.0012 0.0000 0.0003 -0.0008 0.0000 -0.0000 0.0001 0.0000 -0.0000 0.0000 0.0000 -0.0000 -0.0008 0.0000 -29.9997 0.0002 0.0001 29.9996 -0.0003 0.0001 -0.0000 0.0000 0.0000 178.7784 -2.1005 -3.6537 -4.4128 -12.1790 -11.4858 22.9445 74.0048 -26.3459 -0.0000 25.3510 0.0000 178.2530 8.8424 -4.0043 -0.0857 -6.6394 -0.0514 1.3633 65.4007 -0.2351 -0.0001 25.3508 0.0000
7.9261 96.7131 -7.7485 1.9053 2.7171 -0.9368 -0.5352 0.9331 -0.3985 -0.5351 0.9332 -0.3986 -0.5367 0.9359 -0.3998 -86.5207 -9.8342 86.1168 122.8267 56.5746 -92.4038 46.3419 19.0214 11.1224 -2.7627 1.3891 -0.6844 0.0001 0.0000 0.0000 -0.0000 0.0000 0.0000 -0.0008 -0.0013 -0.0000 0.0001 -0.0004 0.0000 -0.0000 0.0000 0.0000 -0.0000 0.0000 0.0000 -0.0000 0.0003 0.0000 0.0003 -0.0006 0.0000 -0.0006 0.0004 0.0000 0.0001 0.0000 0.0000 -0.0000 0.0000 0.0000 -0.0002 -0.0010 -0.0000 30.0001 0.0003 -0.0002 -29.9998 0.0005 0.0002 -0.0000 0.0000 0.0000 2.8976 5.5033 -8.9818 2.8976 5.5033 -8.9818 87.2523 -16.5574 -84.8515 -130.3619 63.4994 98.1502 -34.2000 19.8151 -6.0494 2.1118 0.6905 0.4480 0.0001 -0.0001 0.0000 -0.0000 0.0000 0.0000 0.0003 -0.0006 0.0000 0.0001 -0.0001 0.0000 -0.0000 0.0000 0.0000 -0.0000 0.0000 0.0000 0.0001 0.0007 -0.0000 0.0001 -0.0012 0.0000 0.0003 -0.0008 0.0000 -0.0000 0.0001 0.0000 -0.0000 0.0000 0.0000 -0.0000 -0.0009 0.0000 -29.9996 0.0002 0.0001 29.9996 -0.0003 0.0001 -0.0000 0.0000 0.0000 178.7924 -2.0888 -3.6712 -4.3894 -12.1173 -11.4977 23.3372 74.0226 -26.6523 -0.0000 25.3511 0.0000 178.2251 8.8298 -3.9176 -0.0856 -6.4947 -0.0518 1.6074 65.2332 -0.4280 -0.0001 25.3508 0.0000
8.0756 96.7035 -7.8979 1.8283 2.6761 -0.9505 -0.5373 0.9116 -0.3937 -0.5374 0.9117 -0.3937 -0.5389 0.9144 -0.3949 -86.5140 -9.7744 86.1306 122.7878 56.6352 -92.3971 46.2206 19.0177 11.1809 -2.7567 1.3982 -0.6862 0.0001 0.0000 0.0000 -0.0000 0.0000 0.0000 -0.0008 -0.0013 -0.0000 0.0001 -0.0004 0.0000 -0.0000 0.0000 0.0000 -0.0000 0.0000 0.0000 -0.0001 0.0003 0.0000 0.0003 -0.0006 0.0000 -0.0006 0.0004 0.0000 0.0001 0.0000 0.0000 -0.0000 0.0000 0.0000 -0.0002 -0.0010 -0.0000 30.0001 0.0003 -0.0002 -29.9998 0.0005 0.0002 -0.0000 0.0000 0.0000 2.9005 5.4711 -8.9847 2.9005 5.4711 -8.9847 87.2505 -16.5763 -84.8575 -130.5128 63.5923 98.4270 -34.1105 19.7921 -6.0662 2.1049 0.6822 0.4441 0.0001 -0.0001 0.0000 -0.0000 0.0000 0.0000 0.0003 -0.0006 0.0000 0.0001 -0.0001 0.0000 -0.0000 0.0000 0.0000 -0.0000 0.0000 0.0000 0.0001 0.0007 -0.0000 0.0001 -0.0012 0.0000 0.0003 -0.0008 0.0000 -0.0000 0.0001 0.0000 -0.0000 0.0000 0.0000 -0.0000 -0.0008 0.0000 -29.9997 0.0002 0.0001 29.9996 -0.0003 0.0001 -0.0000 0.0000 0.0000 178.8095 -2.0784 -3.7033 -4.3565 -12.0416 -11.4957 23.7614 74.0511 -26.9777 -0.0000 25.3510 0.0000 178.1945 8.7849 -3.7730 -0.0856 -6.2894 -0.0516 1.9402 65.0479 -0.7211 -0.0001 25.3508 0.0000
8.2075 96.6946 -8.0294 1.7410 2.6458 -0.9561 -0.5348 0.8870 -0.3916 -0.5348 0.8872 -0.3917 -0.5363 0.8897 -0.3927 -86.5032 -9.7272 86.1565 122.7456 56.7854 -92.4118 45.9392 19.0784 11.3002 -2.7436 1.4171 -0.6913 0.0001 0.0000 0.0000 -0.0000 0.0000 0.0000 -0.0008 -0.0013 -0.0000 0.0001 -0.0004 0.0000 -0.0000 0.0000 0.0000 -0.0000 0.0000 0.0000 -0.0000 0.0002 0.0000 0.0003 -0.0006 0.0000 -0.0006 0.0004 0.0000 0.0001 0.0000 0.0000 -0.0000 0.0000 0.0000 -0.0002 -0.0010 -0.0000 30.0001 0.0003 -0.0002 -29.9998 0.0005 0.0001 -0.0000 0.0000 0.0000 2.9007 5.4372 -8.9842 2.9007 5.4372 -8.9842 87.2415 -16.6012 -84.8890 -130.7186 63.7716 98.7553 -33.8579 19.7999 -6.1678 2.0805 0.6707 0.4367 0.0001 -0.0001 0.0000 -0.0000 0.0000 0.0000 0.0003 -0.0006 0.0000 0.0001 -0.0001 0.0000 -0.0000 0.0000 0.0000 -0.0000 0.0000 0.0000 0.0001 0.0007 -0.0000 0.0001 -0.0012 0.0000 0.0003 -0.0008 0.0000 -0.0000 0.0001 0.0000 -0.0000 0.0000 0.0000 -0.0000 -0.0008 0.0000 -29.9997 0.0002 0.0001 29.9996 -0.0003 0.0001 -0.0000 0.0000 0.0000 178.8340 -2.0662 -3.7538 -4.3131 -11.9554 -11.4678 24.2122 74.0848 -27.3213 -0.0000 25.3510 0.0000 178.1814 8.7108 -3.5808 -0.0854 -6.0299 -0.0497 2.3313 64.8481 -1.0964 -0.0001 25.3508 0.0000
8.3078 96.6846 -8.1471 1.6286 2.6308 -0.9491 -0.5212 0.8589 -0.3935 -0.5213 0.8590 -0.3936 -0.5227 0.8616 -0.3946 -86.4851 -9.6985 86.2001 122.7163 57.0518 -92.4583 45.4408 19.2134 11.5082 -2.7204 1.4493 -0.7004 0.0001 0.0000 0.0000 -0.0000 0.0000 0.0000 -0.0008 -0.0013 -0.0000 0.0001 -0.0004 0.0000 -0.0000 0.0000 0.0000 -0.0000 0.0000 0.0000 -0.0000 0.0002 0.0000 0.0003 -0.0006 0.0000 -0.0006 0.0004 0.0000 0.0001 0.0000 0.0000 -0.0000 0.0000 0.0000 -0.0002 -0.0010 -0.0000 30.0001 0.0002 -0.0001 -29.9998 0.0005 0.0001 -0.0000 0.0000 0.0000 2.8993 5.3985 -8.9813 2.8993 5.3985 -8.9813 87.2211 -16.6325 -84.9567 -130.9980 64.0585 99.1415 -33.3727 19.8428 -6.4046 2.0317 0.6561 0.4248 0.0001 -0.0001 0.0000 -0.0000 0.0000 0.0000 0.0002 -0.0006 0.0000 0.0001 -0.0001 0.0000 -0.0000 0.0000 0.0000 -0.0000 0.0000 0.0000 0.0001 0.0007 -0.0000 0.0001 -0.0012 0.0000 0.0003 -0.0008 0.0000 -0.0000 0.0001 0.0000 -0.0000 0.0000 0.0000 -0.0000 -0.0009 0.0000 -29.9996 0.0002 0.0001 29.9996 -0.0003 0.0001 -0.0000 0.0000 0.0000 178.8802 -2.0475 -3.8266 -4.2599 -11.8562 -11.3884 24.7789 74.1195 -27.7668 -0.0000 25.3510 0.0000 178.2092 8.6079 -3.3438 -0.0850 -5.7048 -0.0461 2.7651 64.6281 -1.5414 -0.0001 25.3508 0.0000
8.4012 96.6720 -8.2653 1.4897 2.6244 -0.9288 -0.4975 0.8304 -0.3980 -0.4976 0.8305 -0.3981 -0.4991 0.8330 -0.3992 -86.4608 -9.6814 86.2542 122.7949 57.4436 -92.5643 44.8421 19.3748 11.7801 -2.6588 1.4321 -0.6876 0.0001 0.0000 0.0000 -0.0000 0.0000 0.0000 -0.0008 -0.0013 -0.0000 0.0001 -0.0004 0.0000 -0.0000 0.0000 0.0000 -0.0000 0.0000 0.0000 -0.0000 0.0002 0.0000 0.0003 -0.0006 0.0000 -0.0006 0.0004 0.0000 0.0001 0.0000 0.0000 -0.0000 0.0000 0.0000 -0.0002 -0.0010 -0.0000 30.0001 0.0002 -0.0001 -29.9998 0.0005 0.0002 -0.0000 0.0000 0.0000 2.9017 5.3514 -8.9800 2.9017 5.3514 -8.9800 87.1953 -16.6640 -85.0460 -131.2980 64.4162 99.5233 -32.7221 19.9104 -6.7424 1.9685 0.6420 0.4107 0.0001 -0.0001 0.0000 -0.0000 0.0000 0.0000 0.0003 -0.0006 0.0000 0.0001 -0.0001 0.0000 -0.0000 0.0000 0.0000 -0.0000 0.0000 0.0000 0.0001 0.0007 -0.0000 0.0001 -0.0012 0.0000 0.0003 -0.0008 0.0000 -0.0000 0.0001 0.0000 -0.0000 0.0000 0.0000 -0.0000 -0.0008 0.0000 -29.9997 0.0002 0.0001 29.9996 -0.0003 0.0001 -0.0000 0.0000 0.0000 178.9438 -2.0266 -3.8976 -4.2002 -11.7448 -11.2829 25.4825 74.1531 -28.3347 -0.0000 25.3510 0.0000 178.2674 8.4931 -3.1216 -0.0846 -5.3447 -0.0415 3.1467 64.3970 -1.9239 -0.0001 25.3508 0.0000
8.5080 96.6561 -8.3922 1.3282 2.6217 -0.8945 -0.4655 0.8035 -0.4048 -0.4656 0.8036 -0.4048 -0.4670 0.8060 -0.4060 -86.4329 -9.6735 86.3144 122.9284 57.9093 -92.6941 44.1048 19.5563 12.1339 -2.5786 1.4023 -0.6679 0.0001 0.0000 0.0000 -0.0000 0.0000 0.0000 -0.0008 -0.0013 -0.0000 0.0001 -0.0004 0.0000 -0.0000 0.0000 0.0000 -0.0000 0.0000 0.0000 -0.0000 0.0002 0.0000 0.0003 -0.0006 0.0000 -0.0006 0.0004 0.0000 0.0001 0.0000 0.0000 -0.0000 0.0000 0.0000 -0.0002 -0.0010 -0.0000 30.0001 0.0002 -0.0001 -29.9998 0.0005 0.0002 -0.0000 0.0000 0.0000 2.9077 5.2934 -8.9833 2.9077 5.2934 -8.9833 87.1680 -16.6941 -85.1486 -131.5861 64.8260 99.8632 -31.9358 19.9952 -7.1535 1.8953 0.6288 0.3954 0.0001 -0.0001 0.0000 -0.0000 0.0000 0.0000 0.0003 -0.0006 0.0000 0.0001 -0.0001 0.0000 -0.0000 0.0000 0.0000 -0.0000 0.0000 0.0000 0.0001 0.0007 -0.0000 0.0001 -0.0012 0.0000 0.0003 -0.0008 0.0000 -0.0000 0.0001 0.0000 -0.0000 0.0000 0.0000 -0.0000 -0.0009 0.0000 -29.9996 0.0002 0.0001 29.9996 -0.0003 0.0001 -0.0000 0.0000 0.0000 179.0197 -2.0090 -3.9554 -4.1315 -11.6197 -11.1758 26.2791 74.1885 -28.9832 -0.0000 25.3511 0.0000 178.3397 8.3667 -2.9382 -0.0843 -4.9486 -0.0370 3.4416 64.1511 -2.1876 -0.0001 25.3508 0.0000
8.6536 96.6343 -8.5426 1.1327 2.6220 -0.8392 -0.4208 0.7796 -0.4148 -0.4208 0.7797 -0.4148 -0.4221 0.7820 -0.4161 -86.4026 -9.6785 86.3786 123.1249 58.4554 -92.8434 43.1883 19.7560 12.6091 -2.4806 1.3684 -0.6441 0.0001 0.0000 0.0000 -0.0000 0.0000 0.0000 -0.0008 -0.0013 -0.0000 0.0001 -0.0004 0.0000 -0.0000 0.0000 0.0000 -0.0000 0.0000 0.0000 -0.0000 0.0002 0.0000 0.0003 -0.0006 0.0000 -0.0006 0.0004 0.0000 0.0001 0.0000 0.0000 -0.0000 0.0000 0.0000 -0.0002 -0.0010 -0.0000 30.0001 0.0002 -0.0001 -29.9998 0.0005 0.0002 -0.0000 0.0000 0.0000 2.9218 5.2287 -8.9957 2.9218 5.2287 -8.9957 87.1439 -16.7190 -85.2567 -131.8382 65.2972 100.1083 -30.9650 20.0980 -7.6367 1.8091 0.6162 0.3785 0.0001 -0.0001 0.0000 -0.0000 0.0000 0.0000 0.0003 -0.0006 0.0000 0.0001 -0.0001 0.0000 -0.0000 0.0000 0.0000 -0.0000 0.0000 0.0000 0.0001 0.0007 -0.0000 0.0001 -0.0012 0.0000 0.0003 -0.0008 0.0000 -0.0000 0.0001 0.0000 -0.0000 0.0000 0.0000 -0.0000 -0.0009 0.0000 -29.9996 0.0002 0.0001 29.9996 -0.0003 0.0001 -0.0000 0.0000 0.0000 179.1155 -2.0066 -3.9777 -4.0500 -11.4536 -11.1031 27.1207 74.2200 -29.6596 -0.0000 25.3510 0.0000 178.4205 8.2333 -2.8272 -0.0840 -4.5094 -0.0328 3.5979 63.8831 -2.2469 -0.0001 25.3508 0.0000
8.8209 96.6077 -8.7132 0.9119 2.6287 -0.7715 -0.3677 0.7553 -0.4235 -0.3677 0.7554 -0.4235 -0.3688 0.7576 -0.4248 -86.3705 -9.6906 86.4428 123.3727 59.0485 -92.9938 42.1580 19.9496 13.1672 -2.3719 1.3323 -0.6179 0.0001 0.0000 0.0000 -0.0000 0.0000 0.0000 -0.0008 -0.0013 -0.0000 0.0001 -0.0004 0.0000 -0.0000 0.0000 0.0000 -0.0000 0.0000 0.0000 -0.0000 0.0002 0.0000 0.0003 -0.0006 0.0000 -0.0006 0.0004 0.0000 0.0001 0.0000 0.0000 -0.0000 0.0000 0.0000 -0.0002 -0.0010 -0.0000 30.0001 0.0002 -0.0001 -29.9998 0.0005 0.0002 -0.0000 0.0000 0.0000 2.9458 5.1664 -9.0203 2.9458 5.1664 -9.0203 87.1252 -16.7431 -85.3581 -132.0644 65.8119 100.2789 -29.8735 20.2157 -8.1466 1.7163 0.6034 0.3611 0.0001 -0.0001 0.0000 -0.0000 0.0000 0.0000 0.0003 -0.0006 0.0000 0.0001 -0.0001 0.0000 -0.0000 0.0000 0.0000 -0.0000 0.0000 0.0000 0.0001 0.0007 -0.0000 0.0001 -0.0012 0.0000 0.0003 -0.0008 0.0000 -0.0000 0.0001 0.0000 -0.0000 0.0000 0.0000 -0.0000 -0.0009 0.0000 -29.9997 0.0002 0.0001 29.9996 -0.0003 0.0001 -0.0000 0.0000 0.0000 179.2115 -2.0265 -3.9637 -3.9431 -11.2316 -11.0738 27.9994 74.2461 -30.3622 -0.0000 25.3510 0.0000 178.5118 8.1041 -2.7653 -0.0837 -4.0432 -0.0280 3.6649 63.5991 -2.1753 -0.0001 25.3508 0.0000
9.0019 96.5772 -8.8908 0.6719 2.6448 -0.6958 -0.3092 0.7285 -0.4285 -0.3093 0.7286 -0.4285 -0.3102 0.7308 -0.4298 -86.3365 -9.7068 86.5048 123.6557 59.6685 -93.1293 41.0472 20.1277 13.7755 -2.2570 1.2949 -0.5905 0.0001 0.0000 0.0000 -0.0000 0.0000 0.0000 -0.0008 -0.0013 -0.0000 0.0001 -0.0004 0.0000 -0.0000 0.0000 0.0000 -0.0000 0.0000 0.0000 -0.0000 0.0002 0.0000 0.0003 -0.0006 0.0000 -0.0006 0.0004 0.0000 0.0001 0.0000 0.0000 -0.0000 0.0000 0.0000 -0.0002 -0.0010 -0.0000 30.0001 0.0002 -0.0001 -29.9998 0.0005 0.0002 -0.0000 0.0000 0.0000 2.9803 5.1088 -9.0573 2.9803 5.1088 -9.0573 87.1118 -16.7674 -85.4503 -132.2576 66.3633 100.3813 -28.7102 20.3515 -8.6609 1.6213 0.5906 0.3436 0.0001 -0.0001 0.0000 -0.0000 0.0000 0.0000 0.0003 -0.0006 0.0000 0.0001 -0.0001 0.0000 -0.0000 0.0000 0.0000 -0.0000 0.0000 0.0000 0.0001 0.0007 -0.0000 0.0001 -0.0012 0.0000 0.0003 -0.0008 0.0000 -0.0000 0.0001 0.0000 -0.0000 0.0000 0.0000 -0.0000 -0.0009 0.0000 -29.9997 0.0002 0.0001 29.9996 -0.0003 0.0001 -0.0000 0.0000 0.0000 179.3041 -2.0614 -3.9254 -3.8111 -10.9626 -11.0765 28.9198 74.2693 -31.0993 -0.0000 25.3510 0.0000 178.6133 7.9809 -2.7355 -0.0834 -3.5633 -0.0227 3.6797 63.3118 -2.0229 -0.0001 25.3508 0.0000
9.2031 96.5416 -9.0583 0.4087 2.6783 -0.6126 -0.2468 0.6976 -0.4256 -0.2469 0.6977 -0.4256 -0.2476 0.6998 -0.4268 -86.2968 -9.7280 86.5601 123.9574 60.3044 -93.2219 39.7979 20.3127 14.4206 -2.1344 1.2551 -0.5618 0.0001 0.0000 0.0000 -0.0000 0.0000 0.0000 -0.0008 -0.0013 -0.0000 0.0001 -0.0004 0.0000 -0.0000 0.0000 0.0000 -0.0000 0.0000 0.0000 -0.0000 0.0002 0.0000 0.0003 -0.0006 0.0000 -0.0006 0.0004 0.0000 0.0001 0.0000 0.0000 -0.0000 0.0000 0.0000 -0.0002 -0.0010 -0.0000 30.0001 0.0002 -0.0001 -29.9998 0.0005 0.0002 -0.0000 0.0000 0.0000 3.0332 5.0574 -9.1125 3.0332 5.0574 -9.1125 87.1095 -16.7922 -85.5264 -132.3952 66.9714 100.3848 -27.5227 20.5240 -9.1321 1.5255 0.5767 0.3268 0.0001 -0.0001 0.0000 -0.0000 0.0000 0.0000 0.0003 -0.0006 0.0000 0.0001 -0.0001 0.0000 -0.0000 0.0000 0.0000 -0.0000 0.0000 0.0000 0.0001 0.0007 -0.0000 0.0001 -0.0012 0.0000 0.0003 -0.0008 0.0000 -0.0000 0.0001 0.0000 -0.0000 0.0000 0.0000 -0.0000 -0.0009 0.0000 -29.9996 0.0002 0.0001 29.9996 -0.0003 0.0001 -0.0000 0.0000 0.0000 179.3960 -2.1076 -3.8835 -3.6402 -10.6366 -11.1165 29.8033 74.2985 -31.7971 -0.0000 25.3510 0.0000 178.7250 7.8843 -2.7250 -0.0832 -3.1179 -0.0177 3.6804 63.0589 -1.8240 -0.0001 25.3508 0.0000
9.4137 96.5016 -9.2055 0.1350 2.7271 -0.5244 -0.1834 0.6659 -0.4180 -0.1834 0.6660 -0.4180 -0.1840 0.6679 -0.4193 -86.2569 -9.7605 86.6004 124.2553 60.9269 -93.2803 38.4990 20.5163 15.0465 -2.0133 1.2143 -0.5340 0.0001 0.0000 0.0000 -0.0000 0.0000 0.0000 -0.0008 -0.0013 -0.0000 0.0001 -0.0004 0.0000 -0.0000 0.0000 0.0000 -0.0000 0.0000 0.0000 -0.0000 0.0002 0.0000 0.0003 -0.0006 0.0000 -0.0006 0.0004 0.0000 0.0001 0.0000 0.0000 -0.0000 0.0000 0.0000 -0.0002 -0.0010 -0.0000 30.0001 0.0002 -0.0001 -29.9998 0.0005 0.0002 -0.0000 0.0000 0.0000 3.0990 5.0021 -9.1774 3.0990 5.0021 -9.1774 87.1175 -16.8117 -85.5820 -132.5137 67.6174 100.3485 -26.3857 20.7152 -9.5238 1.4342 0.5618 0.3111 0.0001 -0.0001 0.0000 -0.0000 0.0000 0.0000 0.0003 -0.0006 0.0000 0.0001 -0.0001 0.0000 -0.0000 0.0000 0.0000 -0.0000 0.0000 0.0000 0.0001 0.0007 -0.0000 0.0001 -0.0012 0.0000 0.0003 -0.0008 0.0000 -0.0000 0.0001 0.0000 -0.0000 0.0000 0.0000 -0.0000 -0.0008 0.0000 -29.9996 0.0002 0.0001 29.9996 -0.0003 0.0001 -0.0000 0.0000 0.0000 179.4875 -2.1533 -3.8598 -3.4372 -10.2765 -11.1886 30.5446 74.3459 -32.3585 -0.0000 25.3510 0.0000 178.8418 7.8416 -2.7040 -0.0831 -2.7783 -0.0148 3.7189 62.8793 -1.6495 -0.0001 25.3508 0.0000
9.6012 96.4579 -9.3446 -0.1398 2.7897 -0.4330 -0.1216 0.6347 -0.4071 -0.1216 0.6348 -0.4072 -0.1220 0.6367 -0.4084 -86.2195 -9.8075 86.6241 124.5527 61.5281 -93.3177 37.2159 20.7305 15.6415 -1.8981 1.1740 -0.5081 0.0001 0.0000 0.0000 -0.0000 0.0000 0.0000 -0.0008 -0.0013 -0.0000 0.0001 -0.0004 0.0000 -0.0000 0.0000 0.0000 -0.0000 0.0000 0.0000 -0.0000 0.0002 0.0000 0.0003 -0.0006 0.0000 -0.0006 0.0004 0.0000 0.0001 0.0000 0.0000 -0.0000 0.0000 0.0000 -0.0002 -0.0010 -0.0000 30.0001 0.0002 -0.0001 -29.9998 0.0005 0.0002 -0.0000 0.0000 0.0000 3.1746 4.9361 -9.2484 3.1746 4.9361 -9.2484 87.1357 -16.8265 -85.6210 -132.6431 68.2859 100.3174 -25.3318 20.9119 -9.8394 1.3496 0.5461 0.2965 0.0001 -0.0001 0.0000 -0.0000 0.0000 0.0000 0.0002 -0.0006 0.0000 0.0001 -0.0001 0.0000 -0.0000 0.0000 0.0000 -0.0000 0.0000 0.0000 0.0001 0.0007 -0.0000 0.0001 -0.0012 0.0000 0.0003 -0.0008 0.0000 -0.0000 0.0001 0.0000 -0.0000 0.0000 0.0000 -0.0000 -0.0009 0.0000 -29.9996 0.0002 0.0001 29.9996 -0.0003 0.0001 -0.0000 0.0000 0.0000 179.5684 -2.1982 -3.8514 -3.2079 -9.8887 -11.2947 31.1331 74.4148 -32.7732 -0.0000 25.3510 0.0000 178.9764 7.8828 -2.6665 -0.0830 -2.5904 -0.0130 3.7904 62.7868 -1.5196 -0.0001 25.3508 0.0000
9.7173 96.4099 -9.5016 -0.4025 2.8711 -0.3402 -0.0656 0.6068 -0.3942 -0.0656 0.6069 -0.3942 -0.0658 0.6087 -0.3953 -86.1943 -9.8788 86.6237 124.8358 62.0793 -93.3319 36.0281 20.9579 16.1822 -1.7951 1.1371 -0.4854 0.0001 0.0000 0.0000 -0.0000 0.0000 0.0000 -0.0008 -0.0013 -0.0000 0.0001 -0.0004 0.0000 -0.0000 0.0000 0.0000 -0.0000 0.0000 0.0000 -0.0001 0.0002 0.0000 0.0003 -0.0006 0.0000 -0.0006 0.0004 0.0000 0.0001 0.0000 0.0000 -0.0000 0.0000 0.0000 -0.0002 -0.0010 -0.0000 30.0001 0.0003 -0.0002 -29.9998 0.0005 0.0002 -0.0000 0.0000 0.0000 3.2581 4.8452 -9.3201 3.2581 4.8452 -9.3201 87.1661 -16.8323 -85.6426 -132.8136 68.9577 100.3369 -24.4636 21.1018 -10.0431 1.2760 0.5301 0.2838 0.0001 -0.0001 0.0000 -0.0000 0.0000 0.0000 0.0003 -0.0006 0.0000 0.0001 -0.0001 0.0000 -0.0000 0.0000 0.0000 -0.0000 0.0000 0.0000 0.0001 0.0007 -0.0000 0.0001 -0.0012 0.0000 0.0003 -0.0008 0.0000 -0.0000 0.0001 0.0000 -0.0000 0.0000 0.0000 -0.0000 -0.0009 0.0000 -29.9996 0.0002 0.0001 29.9996 -0.0003 0.0001 -0.0000 0.0000 0.0000 179.6367 -2.2379 -3.8554 -2.9635 -9.4770 -11.4527 31.4864 74.5199 -32.9667 -0.0000 25.3510 0.0000 179.1497 8.1002 -2.6133 -0.0830 -2.6958 -0.0119 3.8868 62.8366 -1.4525 -0.0001 25.3508 0.0000
9.7803 96.3605 -9.7054 -0.6468 2.9642 -0.2521 -0.0156 0.5842 -0.3823 -0.0156 0.5843 -0.3823 -0.0157 0.5860 -0.3834 -86.1870 -9.9617 86.6089 125.0843 62.5759 -93.3419 34.9899 21.1885 16.6682 -1.7075 1.1054 -0.4666 0.0001 0.0000 0.0000 -0.0000 0.0000 0.0000 -0.0008 -0.0013 -0.0000 0.0001 -0.0004 0.0000 -0.0000 0.0000 0.0000 -0.0000 0.0000 0.0000 -0.0001 0.0002 0.0000 0.0003 -0.0006 0.0000 -0.0006 0.0004 0.0000 0.0001 0.0000 0.0000 -0.0000 0.0000 0.0000 -0.0002 -0.0010 -0.0000 30.0001 0.0002 -0.0001 -29.9998 0.0005 0.0002 -0.0000 0.0000 0.0000 3.3379 4.7286 -9.3819 3.3379 4.7286 -9.3819 87.2088 -16.8296 -85.6590 -133.0029 69.5885 100.4029 -23.7748 21.2789 -10.1724 1.2148 0.5149 0.2730 0.0001 -0.0001 0.0000 -0.0000 0.0000 0.0000 0.0003 -0.0006 0.0000 0.0001 -0.0001 0.0000 -0.0000 0.0000 0.0000 -0.0000 0.0000 0.0000 0.0001 0.0007 -0.0000 0.0001 -0.0012 0.0000 0.0003 -0.0008 0.0000 -0.0000 0.0001 0.0000 -0.0000 0.0000 0.0000 -0.0000 -0.0008 0.0000 -29.9996 0.0002 0.0001 29.9996 -0.0003 0.0001 -0.0000 0.0000 0.0000 179.6937 -2.2713 -3.8571 -2.7166 -9.0464 -11.6614 31.5812 74.6464 -32.9128 -0.0000 25.3510 0.0000 179.3415 8.4572 -2.5403 -0.0830 -2.9951 -0.0114 4.0244 62.9529 -1.4532 -0.0001 25.3508 0.0000
9.8177 96.3107 -9.9566 -0.8697 3.0636 -0.1746 0.0287 0.5680 -0.3722 0.0287 0.5680 -0.3722 0.0287 0.5697 -0.3733 -86.1943 -10.0541 86.5806 125.3033 63.0153 -93.3653 34.1092 21.4183 17.0982 -1.6368 1.0813 -0.4522 0.0001 0.0000 0.0000 -0.0000 0.0000 0.0000 -0.0008 -0.0013 -0.0000 0.0001 -0.0004 0.0000 -0.0000 0.0000 0.0000 -0.0000 0.0000 0.0000 -0.0000 0.0002 0.0000 0.0003 -0.0006 0.0000 -0.0006 0.0004 0.0000 0.0001 0.0000 0.0000 -0.0000 0.0000 0.0000 -0.0002 -0.0010 -0.0000 30.0001 0.0002 -0.0001 -29.9998 0.0005 0.0002 -0.0000 0.0000 0.0000 3.4080 4.5916 -9.4293 3.4080 4.5916 -9.4293 87.2593 -16.8176 -85.6734 -133.2101 70.1476 100.5249 -23.2257 21.4409 -10.2626 1.1643 0.5008 0.2640 0.0001 -0.0001 0.0000 -0.0000 0.0000 0.0000 0.0003 -0.0006 0.0000 0.0001 -0.0001 0.0000 -0.0000 0.0000 0.0000 -0.0000 0.0000 0.0000 0.0001 0.0007 -0.0000 0.0001 -0.0012 0.0000 0.0003 -0.0008 0.0000 -0.0000 0.0001 0.0000 -0.0000 0.0000 0.0000 -0.0000 -0.0009 0.0000 -29.9996 0.0002 0.0001 29.9996 -0.0003 0.0001 -0.0000 0.0000 0.0000 179.7319 -2.3019 -3.8489 -2.4611 -8.5990 -11.9060 31.4568 74.7807 -32.6558 -0.0000 25.3510 0.0000 179.5283 8.8758 -2.4433 -0.0830 -3.3405 -0.0118 4.2184 63.0562 -1.5223 -0.0001 25.3508 0.0000
9.8331 96.2726 -10.2347 -1.0542 3.1627 -0.1257 0.0646 0.5626 -0.3637 0.0646 0.5627 -0.3638 0.0647 0.5644 -0.3648 -86.2216 -10.1533 86.5319 125.4894 63.3631 -93.4315 33.5034 21.6305 17.4415 -1.5880 1.0640 -0.4426 0.0001 0.0000 0.0000 -0.0000 0.0000 0.0000 -0.0008 -0.0013 -0.0000 0.0001 -0.0004 0.0000 -0.0000 0.0000 0.0000 -0.0000 0.0000 0.0000 -0.0001 0.0002 0.0000 0.0003 -0.0006 0.0000 -0.0006 0.0004 0.0000 0.0001 0.0000 0.0000 -0.0000 0.0000 0.0000 -0.0002 -0.0010 -0.0000 30.0001 0.0002 -0.0001 -29.9998 0.0005 0.0002 -0.0000 0.0000 0.0000 3.4576 4.4364 -9.4497 3.4576 4.4364 -9.4497 87.3148 -16.7934 -85.6743 -133.4455 70.5481 100.7470 -22.8286 21.5696 -10.3461 1.1295 0.4897 0.2575 0.0001 -0.0001 0.0000 -0.0000 0.0000 0.0000 0.0003 -0.0006 0.0000 0.0001 -0.0001 0.0000 -0.0000 0.0000 0.0000 -0.0000 0.0000 0.0000 0.0001 0.0007 -0.0000 0.0001 -0.0012 0.0000 0.0003 -0.0008 0.0000 -0.0000 0.0001 0.0000 -0.0000 0.0000 0.0000 -0.0000 -0.0009 0.0000 -29.9997 0.0002 0.0001 29.9996 -0.0003 0.0001 -0.0000 0.0000 0.0000 179.7337 -2.3285 -3.8002 -2.2051 -8.1373 -12.1673 31.1577 74.8922 -32.2457 -0.0000 25.3510 0.0000 179.6908 9.2754 -2.3213 -0.0831 -3.5952 -0.0122 4.4935 63.0756 -1.6847 -0.0001 25.3508 0.0000
9.8433 96.2469 -10.5203 -1.2016 3.2444 -0.1088 0.0889 0.5664 -0.3536 0.0889 0.5665 -0.3536 0.0891 0.5682 -0.3547 -86.2562 -10.2408 86.4751 125.6116 63.6156 -93.5104 33.1282 21.8142 17.7183 -1.5576 1.0538 -0.4370 0.0001 0.0000 0.0000 -0.0000 0.0000 0.0000 -0.0008 -0.0013 -0.0000 0.0001 -0.0004 0.0000 -0.0000 0.0000 0.0000 -0.0000 0.0000 0.0000 -0.0000 0.0002 0.0000 0.0003 -0.0006 0.0000 -0.0006 0.0004 0.0000 0.0001 0.0000 0.0000 -0.0000 0.0000 0.0000 -0.0002 -0.0010 -0.0000 30.0001 0.0002 -0.0001 -29.9998 0.0005 0.0002 -0.0000 0.0000 0.0000 3.4955 4.2883 -9.4504 3.4955 4.2883 -9.4504 87.3736 -16.7602 -85.6632 -133.6837 70.7835 101.0149 -22.5356 21.6510 -10.4639 1.1076 0.4823 0.2530 0.0001 -0.0001 0.0000 -0.0000 0.0000 0.0000 0.0003 -0.0006 0.0000 0.0001 -0.0001 0.0000 -0.0000 0.0000 0.0000 -0.0000 0.0000 0.0000 0.0001 0.0007 -0.0000 0.0001 -0.0012 0.0000 0.0003 -0.0008 0.0000 -0.0000 0.0001 0.0000 -0.0000 0.0000 0.0000 -0.0000 -0.0009 0.0000 -29.9996 0.0002 0.0001 29.9996 -0.0003 0.0001 -0.0000 0.0000 0.0000 179.7109 -2.3556 -3.7246 -1.9648 -7.6817 -12.3769 30.8653 74.9515 -31.8654 -0.0000 25.3510 0.0000 179.8254 9.6083 -2.2179 -0.0831 -3.7044 -0.0114 4.7686 62.9863 -1.8531 -0.0001 25.3508 0.0000
9.8599 96.2349 -10.8055 -1.3085 3.2995 -0.1181 0.0981 0.5800 -0.3438 0.0982 0.5801 -0.3438 0.0984 0.5818 -0.3448 -86.3017 -10.3228 86.4052 125.6625 63.7774 -93.5764 32.9400 21.9610 17.9388 -1.5429 1.0502 -0.4350 0.0001 0.0000 0.0000 -0.0000 0.0000 0.0000 -0.0008 -0.0013 -0.0000 0.0001 -0.0004 0.0000 -0.0000 0.0000 0.0000 -0.0000 0.0000 0.0000 -0.0000 0.0002 0.0000 0.0003 -0.0006 0.0000 -0.0006 0.0004 0.0000 0.0001 0.0000 0.0000 -0.0000 0.0000 0.0000 -0.0002 -0.0010 -0.0000 30.0001 0.0002 -0.0001 -29.9998 0.0005 0.0002 -0.0000 0.0000 0.0000 3.5280 4.1617 -9.4347 3.5280 4.1617 -9.4347 87.4362 -16.7142 -85.6332 -133.8929 70.8711 101.2722 -22.3391 21.6828 -10.5998 1.0971 0.4787 0.2504 0.0001 -0.0001 0.0000 -0.0000 0.0000 0.0000 0.0003 -0.0006 0.0000 0.0001 -0.0001 0.0000 -0.0000 0.0000 0.0000 -0.0000 0.0000 0.0000 0.0001 0.0007 -0.0000 0.0001 -0.0012 0.0000 0.0003 -0.0008 0.0000 -0.0000 0.0001 0.0000 -0.0000 0.0000 0.0000 -0.0000 -0.0009 0.0000 -29.9996 0.0002 0.0001 29.9996 -0.0003 0.0001 -0.0000 0.0000 0.0000 179.6678 -2.3913 -3.6339 -1.7474 -7.2390 -12.5214 30.5951 74.9560 -31.5350 -0.0000 25.3510 0.0000 179.9182 9.8926 -2.1358 -0.0831 -3.7484 -0.0104 5.0354 62.8427 -2.0109 -0.0001 25.3508 0.0000
9.8979 96.2319 -11.1089 -1.3333 3.3002 -0.1524 0.0738 0.6068 -0.3372 0.0738 0.6069 -0.3373 0.0740 0.6087 -0.3383 -86.3391 -10.4050 86.3171 125.6381 63.7808 -93.6156 32.9828 22.0334 18.0662 -1.5499 1.0570 -0.4377 0.0001 0.0000 0.0000 -0.0000 0.0000 0.0000 -0.0008 -0.0013 -0.0000 0.0001 -0.0004 0.0000 -0.0000 0.0000 0.0000 -0.0000 0.0000 0.0000 -0.0001 0.0002 0.0000 0.0003 -0.0006 0.0000 -0.0006 0.0004 0.0000 0.0001 0.0000 0.0000 -0.0000 0.0000 0.0000 -0.0002 -0.0010 -0.0000 30.0001 0.0002 -0.0001 -29.9998 0.0005 0.0002 -0.0000 0.0000 0.0000 3.5633 4.0953 -9.4052 3.5633 4.0953 -9.4052 87.4963 -16.6536 -85.5684 -134.0755 70.7605 101.4913 -22.3039 21.6369 -10.7078 1.1025 0.4801 0.2506 0.0001 -0.0001 0.0000 -0.0000 0.0000 0.0000 0.0003 -0.0006 0.0000 0.0001 -0.0001 0.0000 -0.0000 0.0000 0.0000 -0.0000 0.0000 0.0000 0.0001 0.0007 -0.0000 0.0001 -0.0011 0.0000 0.0003 -0.0008 0.0000 -0.0000 0.0001 0.0000 -0.0000 0.0000 0.0000 -0.0000 -0.0009 0.0000 -29.9996 0.0002 0.0001 29.9996 -0.0003 0.0001 -0.0000 0.0000 0.0000 179.5866 -2.4626 -3.5052 -1.5829 -6.8091 -12.5914 30.3217 74.8694 -31.2445 -0.0000 25.3510 0.0000 179.9118 10.0966 -2.0668 -0.0831 -3.7036 -0.0106 5.2917 62.6240 -2.1500 -0.0001 25.3508 0.0000
9.9296 96.2366 -11.4029 -1.2920 3.2596 -0.1898 0.0225 0.6376 -0.3348 0.0225 0.6376 -0.3348 0.0225 0.6395 -0.3358 -86.3590 -10.4840 86.2314 125.5657 63.6617 -93.6126 33.1554 22.0425 18.1173 -1.5700 1.0703 -0.4433 0.0001 0.0000 0.0000 -0.0000 0.0000 0.0000 -0.0008 -0.0013 -0.0000 0.0001 -0.0004 0.0000 -0.0000 0.0000 0.0000 -0.0000 0.0000 0.0000 -0.0000 0.0002 0.0000 0.0003 -0.0006 0.0000 -0.0006 0.0004 0.0000 0.0001 0.0000 0.0000 -0.0000 0.0000 0.0000 -0.0002 -0.0010 -0.0000 30.0001 0.0002 -0.0001 -29.9998 0.0005 0.0002 -0.0000 0.0000 0.0000 3.6057 4.0889 -9.3775 3.6057 4.0889 -9.3775 87.5453 -16.5942 -85.4848 -134.2752 70.5592 101.7013 -22.4122 21.5393 -10.7594 1.1165 0.4840 0.2523 0.0001 -0.0001 0.0000 -0.0000 0.0000 0.0000 0.0003 -0.0006 0.0000 0.0001 -0.0001 0.0000 -0.0000 0.0000 0.0000 -0.0000 0.0000 0.0000 0.0001 0.0007 -0.0000 0.0001 -0.0012 0.0000 0.0003 -0.0008 0.0000 -0.0000 0.0001 0.0000 -0.0000 0.0000 0.0000 -0.0000 -0.0009 0.0000 -29.9996 0.0002 0.0001 29.9996 -0.0003 0.0001 -0.0000 0.0000 0.0000 179.4712 -2.5573 -3.3282 -1.4654 -6.4101 -12.6363 30.0947 74.7205 -31.0230 -0.0000 25.3510 0.0000 179.8371 10.2714 -1.9962 -0.0831 -3.7020 -0.0117 5.5225 62.4295 -2.2834 -0.0001 25.3508 0.0000
9.9429 96.2484 -11.6822 -1.2296 3.2036 -0.2241 -0.0331 0.6671 -0.3343 -0.0331 0.6672 -0.3344 -0.0332 0.6692 -0.3354 -86.3728 -10.5500 86.1554 125.4755 63.5100 -93.5864 33.3550 22.0245 18.1425 -1.5929 1.0851 -0.4493 0.0001 0.0000 0.0000 -0.0000 0.0000 0.0000 -0.0008 -0.0013 -0.0000 0.0001 -0.0004 0.0000 -0.0000 0.0000 0.0000 -0.0000 0.0000 0.0000 -0.0000 0.0002 0.0000 0.0003 -0.0006 0.0000 -0.0006 0.0004 0.0000 0.0001 0.0000 0.0000 -0.0000 0.0000 0.0000 -0.0002 -0.0010 -0.0000 30.0001 0.0002 -0.0001 -29.9998 0.0005 0.0002 -0.0000 0.0000 0.0000 3.6465 4.1087 -9.3542 3.6465 4.1087 -9.3542 87.5866 -16.5412 -85.4032 -134.4422 70.3397 101.8569 -22.5553 21.4208 -10.7844 1.1330 0.4888 0.2544 0.0001 -0.0001 0.0000 -0.0000 0.0000 0.0000 0.0003 -0.0006 0.0000 0.0001 -0.0001 0.0000 -0.0000 0.0000 0.0000 -0.0000 0.0000 0.0000 0.0001 0.0007 -0.0000 0.0001 -0.0012 0.0000 0.0003 -0.0008 0.0000 -0.0000 0.0001 0.0000 -0.0000 0.0000 0.0000 -0.0000 -0.0009 0.0000 -29.9996 0.0002 0.0001 29.9996 -0.0003 0.0001 -0.0000 0.0000 0.0000 179.3648 -2.6517 -3.1662 -1.3901 -6.0846 -12.6507 29.9273 74.5687 -30.8710 -0.0000 25.3510 0.0000 179.7607 10.5081 -1.9554 -0.0831 -3.8748 -0.0123 5.6786 62.3267 -2.3729 -0.0001 25.3508 0.0000
9.9369 96.2606 -11.8500 -1.1466 3.1396 -0.2446 -0.0901 0.6907 -0.3387 -0.0901 0.6908 -0.3387 -0.0904 0.6928 -0.3397 -86.3809 -10.6046 86.0973 125.3792 63.3460 -93.5311 33.5491 21.9768 18.1430 -1.6152 1.0997 -0.4550 0.0001 0.0000 0.0000 -0.0000 0.0000 0.0000 -0.0008 -0.0013 -0.0000 0.0001 -0.0004 0.0000 -0.0000 0.0000 0.0000 -0.0000 0.0000 0.0000 -0.0000 0.0002 0.0000 0.0003 -0.0006 0.0000 -0.0006 0.0004 0.0000 0.0001 0.0000 0.0000 -0.0000 0.0000 0.0000 -0.0002 -0.0010 -0.0000 30.0001 0.0002 -0.0001 -29.9998 0.0005 0.0002 -0.0000 0.0000 0.0000 3.6819 4.1585 -9.3383 3.6819 4.1585 -9.3383 87.6137 -16.4999 -85.3369 -134.5647 70.1380 101.9383 -22.7317 21.2944 -10.7679 1.1493 0.4938 0.2565 0.0001 -0.0001 0.0000 -0.0000 0.0000 0.0000 0.0003 -0.0006 0.0000 0.0001 -0.0001 0.0000 -0.0000 0.0000 0.0000 -0.0000 0.0000 0.0000 0.0001 0.0007 -0.0000 0.0001 -0.0012 0.0000 0.0003 -0.0008 0.0000 -0.0000 0.0001 0.0000 -0.0000 0.0000 0.0000 -0.0000 -0.0009 0.0000 -29.9997 0.0002 0.0001 29.9996 -0.0003 0.0001 -0.0000 0.0000 0.0000 179.2712 -2.7458 -3.0326 -1.3617 -5.8464 -12.6515 29.7875 74.4318 -30.7574 -0.0000 25.3510 0.0000 179.6839 10.6906 -1.9311 -0.0832 -4.1141 -0.0125 5.7568 62.3317 -2.4305 -0.0001 25.3508 0.0000
9.9369 96.2606 -11.8500 -1.1466 3.1396 -0.2446 -0.0901 0.6907 -0.3387 -0.0901 0.6908 -0.3387 -0.0904 0.6928 -0.3397 -86.3809 -10.6046 86.0973 125.3792 63.3460 -93.5311 33.5491 21.9768 18.1430 -1.6152 1.0997 -0.4550 0.0001 0.0000 0.0000 -0.0000 0.0000 0.0000 -0.0008 -0.0013 -0.0000 0.0001 -0.0004 0.0000 -0.0000 0.0000 0.0000 -0.0000 0.0000 0.0000 -0.0000 0.0002 0.0000 0.0003 -0.0006 0.0000 -0.0006 0.0004 0.0000 0.0001 0.0000 0.0000 -0.0000 0.0000 0.0000 -0.0002 -0.0010 -0.0000 30.0001 0.0002 -0.0001 -29.9998 0.0005 0.0002 -0.0000 0.0000 0.0000 3.6819 4.1585 -9.3383 3.6819 4.1585 -9.3383 87.6137 -16.4999 -85.3369 -134.5647 70.1380 101.9383 -22.7317 21.2944 -10.7679 1.1493 0.4938 0.2565 0.0001 -0.0001 0.0000 -0.0000 0.0000 0.0000 0.0003 -0.0006 0.0000 0.0001 -0.0001 0.0000 -0.0000 0.0000 0.0000 -0.0000 0.0000 0.0000 0.0001 0.0007 -0.0000 0.0001 -0.0012 0.0000 0.0003 -0.0008 0.0000 -0.0000 0.0001 0.0000 -0.0000 0.0000 0.0000 -0.0000 -0.0009 0.0000 -29.9997 0.0002 0.0001 29.9996 -0.0003 0.0001 -0.0000 0.0000 0.0000 179.2712 -2.7458 -3.0326 -1.3617 -5.8464 -12.6515 29.7875 74.4318 -30.7574 -0.0000 25.3510 0.0000 179.6839 10.6906 -1.9311 -0.0832 -4.1141 -0.0125 5.7568 62.3317 -2.4305 -0.0001 25.3508 0.0000
