HIERARCHY
ROOT Hips
{
  OFFSET 0.0000 96.6554 0.0000
  CHANNELS 6 Xposition Yposition Zposition Zrotation Xrotation Yrotation
  JOINT Spine
  {
    OFFSET 0.0000 13.2344 0.0000
    CHANNELS 3 Zrotation Xrotation Yrotation
    JOINT Spine1
    {
      OFFSET 0.0000 12.9244 0.0000
      CHANNELS 3 Zrotation Xrotation Yrotation
      JOINT Spine2
      {
        OFFSET 0.0000 13.3596 0.0000
        CHANNELS 3 Zrotation Xrotation Yrotation
        JOINT LeftShoulder
        {
          OFFSET 7.2389 10.7865 0.0000
          CHANNELS 3 Zrotation Xrotation Yrotation
          JOINT LeftArm
          {
            OFFSET 0.0000 13.8402 0.0000
            CHANNELS 3 Zrotation Xrotation Yrotation
            JOINT LeftForeArm
            {
              OFFSET -0.0001 26.8373 0.0000
              CHANNELS 3 Zrotation Xrotation Yrotation
              JOINT LeftHand
              {
                OFFSET 0.0000 29.5519 0.0000
                CHANNELS 3 Zrotation Xrotation Yrotation
                JOINT LeftHandIndex1
                {
                  OFFSET -2.6557 8.3719 0.1068
                  CHANNELS 3 Zrotation Xrotation Yrotation
                  JOINT LeftHandIndex2
                  {
                    OFFSET 0.0000 4.7496 0.0000
                    CHANNELS 3 Zrotation Xrotation Yrotation
                    JOINT LeftHandIndex3
                    {
                      OFFSET 0.0000 2.9220 0.0000
                      CHANNELS 3 Zrotation Xrotation Yrotation
                      End Site
                      {
                        OFFSET 0.0000 1.3566 0.0000
                      }
                    }
                  }
                }
                JOINT LeftHandMiddle1
                {
                  OFFSET -0.5651 8.4368 0.1068
                  CHANNELS 3 Zrotation Xrotation Yrotation
                  JOINT LeftHandMiddle2
                  {
                    OFFSET 0.0000 4.8759 0.0000
                    CHANNELS 3 Zrotation Xrotation Yrotation
                    JOINT LeftHandMiddle3
                    {
                      OFFSET 0.0000 3.2160 0.0000
                      CHANNELS 3 Zrotation Xrotation Yrotation
                      End Site
                      {
                        OFFSET 0.0000 1.4991 0.0000
                      }
                    }
                  }
                }
                JOINT LeftHandPinky1
                {
                  OFFSET 3.2526 7.2771 0.1068
                  CHANNELS 3 Zrotation Xrotation Yrotation
                  JOINT LeftHandPinky2
                  {
                    OFFSET 0.0000 3.6852 0.0000
                    CHANNELS 3 Zrotation Xrotation Yrotation
                    JOINT LeftHandPinky3
                    {
                      OFFSET 0.0000 2.3164 0.0000
                      CHANNELS 3 Zrotation Xrotation Yrotation
                      End Site
                      {
                        OFFSET 0.0000 1.1205 0.0000
                      }
                    }
                  }
                }
                JOINT LeftHandRing1
                {
                  OFFSET 1.4936 8.0949 0.1069
                  CHANNELS 3 Zrotation Xrotation Yrotation
                  JOINT LeftHandRing2
                  {
                    OFFSET 0.0000 4.5543 0.0000
                    CHANNELS 3 Zrotation Xrotation Yrotation
                    JOINT LeftHandRing3
                    {
                      OFFSET 0.0000 2.9372 0.0000
                      CHANNELS 3 Zrotation Xrotation Yrotation
                      End Site
                      {
                        OFFSET 0.0000 1.3500 0.0000
                      }
                    }
                  }
                }
                JOINT LeftHandThumb1
                {
                  OFFSET -2.8891 2.1558 0.0984
                  CHANNELS 3 Zrotation Xrotation Yrotation
                  JOINT LeftHandThumb2
                  {
                    OFFSET 0.0000 4.1082 0.0000
                    CHANNELS 3 Zrotation Xrotation Yrotation
                    JOINT LeftHandThumb3
                    {
                      OFFSET 0.0000 3.1181 0.0000
                      CHANNELS 3 Zrotation Xrotation Yrotation
                      End Site
                      {
                        OFFSET 0.0000 1.7295 0.0000
                      }
                    }
                  }
                }
              }
            }
          }
        }
        JOINT Neck
        {
          OFFSET 0.0000 18.7818 0.0000
          CHANNELS 3 Zrotation Xrotation Yrotation
          JOINT Head
          {
            OFFSET 0.0000 11.3439 0.0000
            CHANNELS 3 Zrotation Xrotation Yrotation
            End Site
            {
              OFFSET 0.0000 8.1622 0.0000
            }
          }
        }
        JOINT RightShoulder
        {
          OFFSET -7.2390 10.7865 0.0000
          CHANNELS 3 Zrotation Xrotation Yrotation
          JOINT RightArm
          {
            OFFSET 0.0000 13.8401 0.0000
            CHANNELS 3 Zrotation Xrotation Yrotation
            JOINT RightForeArm
            {
              OFFSET 0.0000 26.8374 0.0000
              CHANNELS 3 Zrotation Xrotation Yrotation
              JOINT RightHand
              {
                OFFSET -0.0001 29.5519 0.0000
                CHANNELS 3 Zrotation Xrotation Yrotation
                JOINT RightHandIndex1
                {
                  OFFSET 2.6557 8.3720 0.1068
                  CHANNELS 3 Zrotation Xrotation Yrotation
                  JOINT RightHandIndex2
                  {
                    OFFSET 0.0000 4.7496 0.0000
                    CHANNELS 3 Zrotation Xrotation Yrotation
                    JOINT RightHandIndex3
                    {
                      OFFSET 0.0000 2.9221 0.0000
                      CHANNELS 3 Zrotation Xrotation Yrotation
                      End Site
                      {
                        OFFSET 0.0000 1.3566 0.0000
                      }
                    }
                  }
                }
                JOINT RightHandMiddle1
                {
                  OFFSET 0.5651 8.4369 0.1068
                  CHANNELS 3 Zrotation Xrotation Yrotation
                  JOINT RightHandMiddle2
                  {
                    OFFSET 0.0000 4.8760 0.0000
                    CHANNELS 3 Zrotation Xrotation Yrotation
                    JOINT RightHandMiddle3
                    {
                      OFFSET 0.0000 3.2161 0.0000
                      CHANNELS 3 Zrotation Xrotation Yrotation
                      End Site
                      {
                        OFFSET 0.0000 1.4991 0.0000
                      }
                    }
                  }
                }
                JOINT RightHandPinky1
                {
                  OFFSET -3.2526 7.2771 0.1068
                  CHANNELS 3 Zrotation Xrotation Yrotation
                  JOINT RightHandPinky2
                  {
                    OFFSET 0.0000 3.6852 0.0000
                    CHANNELS 3 Zrotation Xrotation Yrotation
                    JOINT RightHandPinky3
                    {
                      OFFSET 0.0000 2.3164 0.0000
                      CHANNELS 3 Zrotation Xrotation Yrotation
                      End Site
                      {
                        OFFSET 0.0000 1.1205 0.0000
                      }
                    }
                  }
                }
                JOINT RightHandRing1
                {
                  OFFSET -1.4937 8.0949 0.1068
                  CHANNELS 3 Zrotation Xrotation Yrotation
                  JOINT RightHandRing2
                  {
                    OFFSET 0.0000 4.5543 0.0000
                    CHANNELS 3 Zrotation Xrotation Yrotation
                    JOINT RightHandRing3
                    {
                      OFFSET 0.0000 2.9372 0.0000
                      CHANNELS 3 Zrotation Xrotation Yrotation
                      End Site
                      {
                        OFFSET 0.0000 1.3500 0.0000
                      }
                    }
                  }
                }
                JOINT RightHandThumb1
                {
                  OFFSET 2.8891 2.1558 0.0984
                  CHANNELS 3 Zrotation Xrotation Yrotation
                  JOINT RightHandThumb2
                  {
                    OFFSET 0.0000 4.1081 0.0000
                    CHANNELS 3 Zrotation Xrotation Yrotation
                    JOINT RightHandThumb3
                    {
                      OFFSET 0.0000 3.1181 0.0000
                      CHANNELS 3 Zrotation Xrotation Yrotation
                      End Site
                      {
                        OFFSET 0.0000 1.7295 0.0000
                      }
                    }
                  }
                }
              }
            }
          }
        }
      }
    }
  }
  JOINT LeftUpLeg
  {
    OFFSET 8.3288 0.0000 0.0000
    CHANNELS 3 Zrotation Xrotation Yrotation
    JOINT LeftLeg
    {
      OFFSET 0.0000 44.4203 0.0000
      CHANNELS 3 Zrotation Xrotation Yrotation
      JOINT LeftFoot
      {
        OFFSET 0.0000 44.5232 0.0000
        CHANNELS 3 Zrotation Xrotation Yrotation
        JOINT LeftToe
        {
          OFFSET 0.0000 14.9844 0.0000
          CHANNELS 3 Zrotation Xrotation Yrotation
          End Site
          {
            OFFSET 0.0000 3.5000 0.0000
          }
        }
      }
    }
  }
  JOINT RightUpLeg
  {
    OFFSET -8.3288 0.0000 0.0000
    CHANNELS 3 Zrotation Xrotation Yrotation
    JOINT RightLeg
    {
      OFFSET 0.0000 44.4203 0.0000
      CHANNELS 3 Zrotation Xrotation Yrotation
      JOINT RightFoot
      {
        OFFSET 0.0000 44.5232 0.0000
        CHANNELS 3 Zrotation Xrotation Yrotation
        JOINT RightToe
        {
          OFFSET 0.0000 14.9844 0.0000
          CHANNELS 3 Zrotation Xrotation Yrotation
          End Site
          {
            OFFSET 0.0000 3.5000 0.0000
          }
        }
      }
    }
  }
}
MOTION
Frames: 460
Frame Time: 0.016667
0.0000 96.6554 0.0000 -0.0000 0.0000 0.0000 -0.0000 0.0000 0.0000 -0.0000 0.0000 0.0000 -0.0000 0.0000 0.0000 -90.0000 0.0000 90.0000 -0.0000 0.0000 0.0000 -0.0000 0.0000 0.0000 -0.0000 0.0000 0.0000 0.0001 0.0000 0.0000 -0.0000 0.0000 0.0000 -0.0008 -0.0013 -0.0000 0.0001 -0.0004 0.0000 -0.0000 0.0000 0.0000 -0.0000 0.0000 0.0000 -0.0000 0.0003 0.0000 0.0003 -0.0006 0.0000 -0.0006 0.0004 0.0000 0.0001 0.0000 0.0000 -0.0000 0.0000 0.0000 -0.0002 -0.0010 -0.0000 30.0001 0.0002 -0.0001 -29.9998 0.0005 0.0002 -0.0000 0.0000 0.0000 -0.0000 0.0000 0.0000 -0.0000 0.0000 0.0000 90.0000 0.0001 -90.0000 -0.0000 0.0000 0.0000 -0.0000 0.0000 0.0000 -0.0000 0.0000 0.0000 0.0001 -0.0001 0.0000 -0.0000 0.0000 0.0000 0.0003 -0.0006 0.0000 0.0001 -0.0001 0.0000 -0.0000 0.0000 0.0000 -0.0000 0.0000 0.0000 0.0001 0.0007 -0.0000 0.0001 -0.0012 0.0000 0.0003 -0.0008 0.0000 -0.0000 0.0001 0.0000 -0.0000 0.0000 0.0000 -0.0000 -0.0009 0.0000 -29.9997 0.0002 0.0001 29.9996 -0.0003 0.0001 -0.0000 0.0000 0.0000 179.9999 0.0000 0.0000 0.0826 0.0001 -0.0000 -0.0827 64.6493 0.0000 -0.0000 25.3510 0.0000 180.0000 0.0000 0.0000 -0.0827 0.0000 0.0000 0.0827 64.6493 -0.0000 -0.0001 25.3508 0.0000
10.1003 96.4655 -31.8304 0.7247 -0.1748 -1.8468 0.3867 -0.0053 0.2638 0.3867 -0.0052 0.2638 0.3878 -0.0052 0.2646 -90.0000 -14.1862 90.0000 -38.6597 85.6550 53.2175 6.7286 1.4925 -42.5611 -0.4101 0.0629 -0.0211 0.0001 0.0000 0.0000 -0.0000 0.0000 0.0000 -0.0008 -0.0013 -0.0000 0.0001 -0.0004 0.0000 -0.0000 0.0000 0.0000 -0.0000 0.0000 0.0000 -0.0000 0.0002 0.0000 0.0003 -0.0006 0.0000 -0.0006 0.0004 0.0000 0.0001 0.0000 0.0000 -0.0000 0.0000 0.0000 -0.0002 -0.0010 -0.0000 30.0001 0.0002 -0.0001 -29.9998 0.0005 0.0002 -0.0000 0.0000 0.0000 -0.0821 2.2001 0.2512 -0.0821 2.2001 0.2512 87.8672 -19.4009 -88.4297 50.9196 80.5169 -62.7063 -6.3995 3.5570 36.9161 0.3914 0.1185 0.0243 0.0001 -0.0001 0.0000 -0.0000 0.0000 0.0000 0.0003 -0.0006 0.0000 0.0001 -0.0001 0.0000 -0.0000 0.0000 0.0000 -0.0000 0.0000 0.0000 0.0001 0.0007 -0.0000 0.0001 -0.0012 0.0000 0.0003 -0.0008 0.0000 -0.0000 0.0001 0.0000 -0.0000 0.0000 0.0000 -0.0000 -0.0008 0.0000 -29.9996 0.0002 0.0001 29.9996 -0.0003 0.0001 -0.0000 0.0000 0.0000 -179.9678 -0.9051 -4.3821 0.0821 -4.3229 -0.0199 25.8068 67.5475 -27.4351 -0.0000 25.3510 0.0000 -178.5159 1.6258 -3.4781 -0.0834 -6.5826 -0.0127 -14.1821 68.8886 15.1474 -0.0001 25.3508 0.0000
10.1217 96.4641 -31.8002 0.7203 -0.1593 -1.8183 0.3849 -0.0092 0.2596 0.3849 -0.0091 0.2596 0.3861 -0.0090 0.2603 -90.0000 -14.1972 90.0000 -37.9025 85.7035 52.5052 6.7492 1.3950 -42.4837 -0.4114 0.0636 -0.0210 0.0001 0.0000 0.0000 -0.0000 0.0000 0.0000 -0.0008 -0.0013 -0.0000 0.0001 -0.0004 0.0000 -0.0000 0.0000 0.0000 -0.0000 0.0000 0.0000 -0.0000 0.0002 0.0000 0.0003 -0.0006 0.0000 -0.0006 0.0004 0.0000 0.0001 0.0000 0.0000 -0.0000 0.0000 0.0000 -0.0002 -0.0010 -0.0000 30.0001 0.0002 -0.0001 -29.9998 0.0005 0.0002 -0.0000 0.0000 0.0000 -0.0852 2.2077 0.2504 -0.0852 2.2077 0.2504 87.8833 -19.3926 -88.4363 50.9441 80.5426 -62.7148 -6.4803 3.5555 36.8817 0.3916 0.1178 0.0245 0.0001 -0.0001 0.0000 -0.0000 0.0000 0.0000 0.0003 -0.0006 0.0000 0.0001 -0.0001 0.0000 -0.0000 0.0000 0.0000 -0.0000 0.0000 0.0000 0.0001 0.0007 -0.0000 0.0001 -0.0012 0.0000 0.0003 -0.0008 0.0000 -0.0000 0.0001 0.0000 -0.0000 0.0000 0.0000 -0.0000 -0.0009 0.0000 -29.9997 0.0002 0.0001 29.9996 -0.0003 0.0001 -0.0000 0.0000 0.0000 -179.9739 -0.9165 -4.3897 0.0820 -4.3057 -0.0196 25.7262 67.5903 -27.3582 -0.0000 25.3511 0.0000 -178.5302 1.7129 -3.4595 -0.0836 -6.7881 -0.0148 -14.3251 69.0164 15.2970 -0.0001 25.3508 0.0000
10.1262 96.4594 -31.7739 0.7116 -0.1384 -1.7829 0.3836 -0.0150 0.2539 0.3836 -0.0149 0.2539 0.3848 -0.0150 0.2547 -90.0000 -14.2095 90.0000 -36.8544 85.7588 51.5043 6.7502 1.2787 -42.3949 -0.4127 0.0645 -0.0208 0.0001 0.0000 0.0000 -0.0000 0.0000 0.0000 -0.0008 -0.0013 -0.0000 0.0001 -0.0004 0.0000 -0.0000 0.0000 0.0000 -0.0000 0.0000 0.0000 -0.0000 0.0002 0.0000 0.0003 -0.0006 0.0000 -0.0006 0.0004 0.0000 0.0001 0.0000 0.0000 -0.0000 0.0000 0.0000 -0.0002 -0.0010 -0.0000 30.0001 0.0002 -0.0001 -29.9998 0.0005 0.0002 -0.0000 0.0000 0.0000 -0.0896 2.2142 0.2519 -0.0896 2.2142 0.2519 87.9029 -19.3803 -88.4457 50.9673 80.5794 -62.7220 -6.5724 3.5496 36.8417 0.3910 0.1166 0.0247 0.0001 -0.0001 0.0000 -0.0000 0.0000 0.0000 0.0003 -0.0006 0.0000 0.0001 -0.0001 0.0000 -0.0000 0.0000 0.0000 -0.0000 0.0000 0.0000 0.0001 0.0007 -0.0000 0.0001 -0.0012 0.0000 0.0003 -0.0008 0.0000 -0.0000 0.0001 0.0000 -0.0000 0.0000 0.0000 -0.0000 -0.0008 0.0000 -29.9997 0.0002 0.0001 29.9996 -0.0003 0.0001 -0.0000 0.0000 0.0000 -179.9573 -0.8311 -4.3918 0.0821 -4.4660 -0.0189 25.7105 67.7152 -27.3697 -0.0000 25.3510 0.0000 -178.4949 1.9538 -3.4401 -0.0835 -7.2812 -0.0125 -14.6203 69.2757 15.5639 -0.0001 25.3508 0.0000
10.1335 96.4533 -31.7564 0.6965 -0.1206 -1.7534 0.3844 -0.0199 0.2478 0.3844 -0.0198 0.2478 0.3856 -0.0199 0.2486 -90.0000 -14.2219 90.0000 -35.7560 85.7948 50.4330 6.7024 1.1915 -42.3423 -0.4140 0.0654 -0.0206 0.0001 0.0000 0.0000 -0.0000 0.0000 0.0000 -0.0008 -0.0013 -0.0000 0.0001 -0.0004 0.0000 -0.0000 0.0000 0.0000 -0.0000 0.0000 0.0000 -0.0000 0.0002 0.0000 0.0003 -0.0006 0.0000 -0.0006 0.0004 0.0000 0.0001 0.0000 0.0000 -0.0000 0.0000 0.0000 -0.0002 -0.0010 -0.0000 30.0001 0.0002 -0.0001 -29.9998 0.0005 0.0001 -0.0000 0.0000 0.0000 -0.0946 2.2095 0.2589 -0.0946 2.2095 0.2589 87.9198 -19.3668 -88.4537 50.9554 80.6224 -62.7081 -6.6360 3.5339 36.8152 0.3921 0.1161 0.0249 0.0001 -0.0001 0.0000 -0.0000 0.0000 0.0000 0.0003 -0.0006 0.0000 0.0001 -0.0001 0.0000 -0.0000 0.0000 0.0000 -0.0000 0.0000 0.0000 0.0001 0.0007 -0.0000 0.0001 -0.0012 0.0000 0.0003 -0.0008 0.0000 -0.0000 0.0001 0.0000 -0.0000 0.0000 0.0000 -0.0000 -0.0009 0.0000 -29.9996 0.0002 0.0001 29.9996 -0.0003 0.0001 -0.0000 0.0000 0.0000 -179.9353 -0.7275 -4.3936 0.0820 -4.6596 -0.0185 25.7236 67.8430 -27.4097 -0.0000 25.3510 0.0000 -178.4523 2.2978 -3.4202 -0.0835 -7.9739 -0.0116 -14.9515 69.6288 15.8794 -0.0001 25.3508 0.0000
10.1474 96.4495 -31.7470 0.6816 -0.1026 -1.7257 0.3852 -0.0253 0.2423 0.3852 -0.0252 0.2423 0.3863 -0.0253 0.2431 -90.0000 -14.2333 90.0000 -34.5312 85.8247 49.2326 6.6294 1.1099 -42.2996 -0.4158 0.0664 -0.0203 0.0001 0.0000 0.0000 -0.0000 0.0000 0.0000 -0.0008 -0.0013 -0.0000 0.0001 -0.0004 0.0000 -0.0000 0.0000 0.0000 -0.0000 0.0000 0.0000 -0.0000 0.0002 0.0000 0.0003 -0.0006 0.0000 -0.0006 0.0004 0.0000 0.0001 0.0000 0.0000 -0.0000 0.0000 0.0000 -0.0002 -0.0010 -0.0000 30.0001 0.0002 -0.0001 -29.9998 0.0005 0.0002 -0.0000 0.0000 0.0000 -0.0996 2.2049 0.2679 -0.0996 2.2049 0.2679 87.9364 -19.3535 -88.4617 50.9470 80.6693 -62.7020 -6.6928 3.5136 36.7904 0.3923 0.1154 0.0250 0.0001 -0.0001 0.0000 -0.0000 0.0000 0.0000 0.0003 -0.0006 0.0000 0.0001 -0.0001 0.0000 -0.0000 0.0000 0.0000 -0.0000 0.0000 0.0000 0.0001 0.0007 -0.0000 0.0001 -0.0012 0.0000 0.0003 -0.0008 0.0000 -0.0000 0.0001 0.0000 -0.0000 0.0000 0.0000 -0.0000 -0.0008 0.0000 -29.9996 0.0002 0.0001 29.9996 -0.0003 0.0001 -0.0000 0.0000 0.0000 -179.9182 -0.6212 -4.3917 0.0820 -4.8473 -0.0183 25.7439 67.9590 -27.4515 -0.0000 25.3510 0.0000 -178.4201 2.6445 -3.4010 -0.0835 -8.6595 -0.0111 -15.2694 69.9739 16.1946 -0.0001 25.3508 0.0000
10.1730 96.4462 -31.7423 0.6669 -0.0861 -1.7050 0.3859 -0.0304 0.2392 0.3860 -0.0303 0.2392 0.3871 -0.0304 0.2399 -90.0000 -14.2443 90.0000 -33.1747 85.8456 47.9005 6.5217 1.0322 -42.2678 -0.4175 0.0676 -0.0199 0.0001 0.0000 0.0000 -0.0000 0.0000 0.0000 -0.0008 -0.0013 -0.0000 0.0001 -0.0004 0.0000 -0.0000 0.0000 0.0000 -0.0000 0.0000 0.0000 -0.0000 0.0003 0.0000 0.0003 -0.0006 0.0000 -0.0006 0.0004 0.0000 0.0001 0.0000 0.0000 -0.0000 0.0000 0.0000 -0.0002 -0.0010 -0.0000 30.0001 0.0002 -0.0001 -29.9998 0.0005 0.0002 -0.0000 0.0000 0.0000 -0.1029 2.2009 0.2789 -0.1029 2.2009 0.2789 87.9505 -19.3387 -88.4664 50.9431 80.7176 -62.7024 -6.7423 3.4897 36.7666 0.3925 0.1147 0.0250 0.0001 -0.0001 0.0000 -0.0000 0.0000 0.0000 0.0003 -0.0006 0.0000 0.0001 -0.0001 0.0000 -0.0000 0.0000 0.0000 -0.0000 0.0000 0.0000 0.0001 0.0007 -0.0000 0.0001 -0.0012 0.0000 0.0003 -0.0008 0.0000 -0.0000 0.0001 0.0000 -0.0000 0.0000 0.0000 -0.0000 -0.0009 0.0000 -29.9996 0.0002 0.0001 29.9996 -0.0003 0.0001 -0.0000 0.0000 0.0000 -179.9117 -0.5400 -4.3864 0.0820 -4.9807 -0.0185 25.7627 68.0399 -27.4811 -0.0000 25.3510 0.0000 -178.4106 2.8677 -3.3850 -0.0836 -9.0901 -0.0110 -15.4699 70.1933 16.4052 -0.0001 25.3507 0.0000
10.2026 96.4428 -31.7339 0.6509 -0.0728 -1.6916 0.3873 -0.0342 0.2380 0.3873 -0.0341 0.2380 0.3885 -0.0342 0.2387 -90.0000 -14.2583 90.0000 -31.7390 85.8569 46.4909 6.3910 0.9584 -42.2443 -0.4187 0.0689 -0.0195 0.0001 0.0000 0.0000 -0.0000 0.0000 0.0000 -0.0008 -0.0013 -0.0000 0.0001 -0.0004 0.0000 -0.0000 0.0000 0.0000 -0.0000 0.0000 0.0000 -0.0000 0.0002 0.0000 0.0003 -0.0006 0.0000 -0.0006 0.0004 0.0000 0.0001 0.0000 0.0000 -0.0000 0.0000 0.0000 -0.0002 -0.0010 -0.0000 30.0001 0.0002 -0.0001 -29.9998 0.0005 0.0002 -0.0000 0.0000 0.0000 -0.1037 2.1967 0.2905 -0.1037 2.1967 0.2905 87.9626 -19.3214 -88.4667 50.9356 80.7652 -62.7016 -6.7878 3.4654 36.7436 0.3936 0.1143 0.0252 0.0001 -0.0001 0.0000 -0.0000 0.0000 0.0000 0.0003 -0.0006 0.0000 0.0001 -0.0001 0.0000 -0.0000 0.0000 0.0000 -0.0000 0.0000 0.0000 0.0001 0.0007 -0.0000 0.0001 -0.0012 0.0000 0.0003 -0.0008 0.0000 -0.0000 0.0001 0.0000 -0.0000 0.0000 0.0000 -0.0000 -0.0008 0.0000 -29.9996 0.0002 0.0001 29.9996 -0.0003 0.0001 -0.0000 0.0000 0.0000 -179.9067 -0.4589 -4.3802 0.0819 -5.1255 -0.0188 25.8114 68.1184 -27.5397 -0.0000 25.3510 0.0000 -178.4079 2.9718 -3.3702 -0.0835 -9.2869 -0.0100 -15.5629 70.3008 16.5076 -0.0001 25.3508 0.0000
10.2316 96.4363 -31.7217 0.6333 -0.0627 -1.6837 0.3893 -0.0363 0.2381 0.3893 -0.0362 0.2381 0.3905 -0.0364 0.2389 -90.0000 -14.2762 90.0000 -30.2598 85.8575 45.0375 6.2446 0.8894 -42.2276 -0.4194 0.0702 -0.0190 0.0001 0.0000 0.0000 -0.0000 0.0000 0.0000 -0.0008 -0.0013 -0.0000 0.0001 -0.0004 0.0000 -0.0000 0.0000 0.0000 -0.0000 0.0000 0.0000 -0.0000 0.0003 0.0000 0.0003 -0.0006 0.0000 -0.0006 0.0004 0.0000 0.0001 0.0000 0.0000 -0.0000 0.0000 0.0000 -0.0002 -0.0010 -0.0000 30.0001 0.0003 -0.0002 -29.9998 0.0005 0.0002 -0.0000 0.0000 0.0000 -0.1018 2.1916 0.3019 -0.1018 2.1916 0.3019 87.9746 -19.3038 -88.4635 50.9323 80.8114 -62.7082 -6.8311 3.4409 36.7214 0.3938 0.1137 0.0252 0.0001 -0.0001 0.0000 -0.0000 0.0000 0.0000 0.0003 -0.0006 0.0000 0.0001 -0.0001 0.0000 -0.0000 0.0000 0.0000 -0.0000 0.0000 0.0000 0.0001 0.0007 -0.0000 0.0001 -0.0012 0.0000 0.0003 -0.0008 0.0000 -0.0000 0.0001 0.0000 -0.0000 0.0000 0.0000 -0.0000 -0.0009 0.0000 -29.9996 0.0002 0.0001 29.9996 -0.0003 0.0001 -0.0000 0.0000 0.0000 -179.8987 -0.3644 -4.3764 0.0819 -5.3094 -0.0191 25.8904 68.2087 -27.6312 -0.0000 25.3510 0.0000 -178.4055 3.0152 -3.3566 -0.0833 -9.3711 -0.0083 -15.6005 70.3566 16.5520 -0.0001 25.3508 0.0000
10.2575 96.4277 -31.7048 0.6140 -0.0555 -1.6812 0.3913 -0.0368 0.2393 0.3913 -0.0367 0.2393 0.3925 -0.0368 0.2400 -90.0000 -14.2997 90.0000 -28.7559 85.8407 43.5545 6.0840 0.8286 -42.2177 -0.4206 0.0716 -0.0186 0.0001 0.0000 0.0000 -0.0000 0.0000 0.0000 -0.0008 -0.0013 -0.0000 0.0001 -0.0004 0.0000 -0.0000 0.0000 0.0000 -0.0000 0.0000 0.0000 -0.0000 0.0002 0.0000 0.0003 -0.0006 0.0000 -0.0006 0.0004 0.0000 0.0001 0.0000 0.0000 -0.0000 0.0000 0.0000 -0.0002 -0.0010 -0.0000 30.0001 0.0002 -0.0001 -29.9998 0.0005 0.0002 -0.0000 0.0000 0.0000 -0.0962 2.1851 0.3111 -0.0962 2.1851 0.3111 87.9855 -19.2822 -88.4560 50.9221 80.8560 -62.7122 -6.8725 3.4172 36.6993 0.3939 0.1131 0.0253 0.0001 -0.0001 0.0000 -0.0000 0.0000 0.0000 0.0003 -0.0006 0.0000 0.0001 -0.0001 0.0000 -0.0000 0.0000 0.0000 -0.0000 0.0000 0.0000 0.0001 0.0007 -0.0000 0.0001 -0.0012 0.0000 0.0003 -0.0008 0.0000 -0.0000 0.0001 0.0000 -0.0000 0.0000 0.0000 -0.0000 -0.0009 0.0000 -29.9997 0.0002 0.0001 29.9996 -0.0003 0.0001 -0.0000 0.0000 0.0000 -179.8836 -0.2338 -4.3778 0.0818 -5.5780 -0.0193 26.0144 68.3308 -27.7737 -0.0000 25.3511 0.0000 -178.4009 3.0329 -3.3434 -0.0833 -9.4152 -0.0073 -15.6141 70.3971 16.5700 -0.0001 25.3508 0.0000
10.2822 96.4177 -31.6830 0.5942 -0.0485 -1.6807 0.3927 -0.0369 0.2407 0.3928 -0.0369 0.2407 0.3939 -0.0369 0.2414 -90.0000 -14.3258 90.0000 -27.3005 85.8082 42.1098 5.9174 0.7722 -42.2100 -0.4217 0.0732 -0.0181 0.0001 0.0000 0.0000 -0.0000 0.0000 0.0000 -0.0008 -0.0013 -0.0000 0.0001 -0.0004 0.0000 -0.0000 0.0000 0.0000 -0.0000 0.0000 0.0000 -0.0000 0.0002 0.0000 0.0003 -0.0006 0.0000 -0.0006 0.0004 0.0000 0.0001 0.0000 0.0000 -0.0000 0.0000 0.0000 -0.0002 -0.0010 -0.0000 30.0001 0.0002 -0.0001 -29.9998 0.0005 0.0002 -0.0000 0.0000 0.0000 -0.0887 2.1771 0.3177 -0.0887 2.1771 0.3177 87.9973 -19.2607 -88.4484 50.8998 80.8984 -62.7069 -6.9145 3.3960 36.6765 0.3945 0.1127 0.0254 0.0001 -0.0001 0.0000 -0.0000 0.0000 0.0000 0.0003 -0.0006 0.0000 0.0001 -0.0001 0.0000 -0.0000 0.0000 0.0000 -0.0000 0.0000 0.0000 0.0001 0.0007 -0.0000 0.0001 -0.0012 0.0000 0.0003 -0.0008 0.0000 -0.0000 0.0001 0.0000 -0.0000 0.0000 0.0000 -0.0000 -0.0009 0.0000 -29.9996 0.0002 0.0001 29.9996 -0.0003 0.0001 -0.0000 0.0000 0.0000 -179.8670 -0.1073 -4.3842 0.0818 -5.8441 -0.0195 26.1319 68.4519 -27.9106 -0.0000 25.3510 0.0000 -178.3947 3.0494 -3.3327 -0.0834 -9.4632 -0.0073 -15.6388 70.4417 16.5979 -0.0001 25.3508 0.0000
10.3063 96.4099 -31.6561 0.5746 -0.0417 -1.6799 0.3936 -0.0367 0.2415 0.3936 -0.0366 0.2415 0.3948 -0.0367 0.2422 -90.0000 -14.3529 90.0000 -25.9516 85.7638 40.7617 5.7514 0.7224 -42.2075 -0.4238 0.0748 -0.0175 0.0001 0.0000 0.0000 -0.0000 0.0000 0.0000 -0.0008 -0.0013 -0.0000 0.0001 -0.0004 0.0000 -0.0000 0.0000 0.0000 -0.0000 0.0000 0.0000 -0.0000 0.0002 0.0000 0.0003 -0.0006 0.0000 -0.0006 0.0004 0.0000 0.0001 0.0000 0.0000 -0.0000 0.0000 0.0000 -0.0002 -0.0010 -0.0000 30.0001 0.0002 -0.0001 -29.9998 0.0005 0.0002 -0.0000 0.0000 0.0000 -0.0807 2.1679 0.3223 -0.0807 2.1679 0.3223 88.0087 -19.2391 -88.4406 50.8681 80.9388 -62.6947 -6.9574 3.3776 36.6533 0.3956 0.1125 0.0255 0.0001 -0.0001 0.0000 -0.0000 0.0000 0.0000 0.0003 -0.0006 0.0000 0.0001 -0.0001 0.0000 -0.0000 0.0000 0.0000 -0.0000 0.0000 0.0000 0.0001 0.0007 -0.0000 0.0001 -0.0012 0.0000 0.0003 -0.0008 0.0000 -0.0000 0.0001 0.0000 -0.0000 0.0000 0.0000 -0.0000 -0.0009 0.0000 -29.9996 0.0002 0.0001 29.9996 -0.0003 0.0001 -0.0000 0.0000 0.0000 -179.8517 -0.0035 -4.3925 0.0818 -6.0709 -0.0196 26.2255 68.5576 -28.0230 -0.0000 25.3510 0.0000 -178.3885 3.0634 -3.3230 -0.0833 -9.5136 -0.0077 -15.6724 70.4898 16.6336 -0.0001 25.3508 0.0000
10.3305 96.4033 -31.6234 0.5574 -0.0363 -1.6774 0.3935 -0.0360 0.2404 0.3935 -0.0359 0.2404 0.3947 -0.0359 0.2412 -90.0000 -14.3797 90.0000 -24.7557 85.7025 39.5499 5.5908 0.6882 -42.2145 -0.4249 0.0763 -0.0171 0.0001 0.0000 0.0000 -0.0000 0.0000 0.0000 -0.0008 -0.0013 -0.0000 0.0001 -0.0004 0.0000 -0.0000 0.0000 0.0000 -0.0000 0.0000 0.0000 -0.0000 0.0002 0.0000 0.0003 -0.0006 0.0000 -0.0006 0.0004 0.0000 0.0001 0.0000 0.0000 -0.0000 0.0000 0.0000 -0.0002 -0.0010 -0.0000 30.0001 0.0002 -0.0001 -29.9998 0.0005 0.0002 -0.0000 0.0000 0.0000 -0.0747 2.1582 0.3253 -0.0747 2.1582 0.3253 88.0179 -19.2184 -88.4344 50.8355 80.9763 -62.6846 -7.0026 3.3645 36.6312 0.3957 0.1121 0.0256 0.0001 -0.0001 0.0000 -0.0000 0.0000 0.0000 0.0003 -0.0006 0.0000 0.0001 -0.0001 0.0000 -0.0000 0.0000 0.0000 -0.0000 0.0000 0.0000 0.0001 0.0007 -0.0000 0.0001 -0.0012 0.0000 0.0003 -0.0008 0.0000 -0.0000 0.0001 0.0000 -0.0000 0.0000 0.0000 -0.0000 -0.0009 0.0000 -29.9996 0.0002 0.0001 29.9996 -0.0003 0.0001 -0.0000 0.0000 0.0000 -179.8422 0.0537 -4.4019 0.0817 -6.2143 -0.0200 26.2641 68.6328 -28.0817 -0.0000 25.3510 0.0000 -178.3852 3.0750 -3.3083 -0.0833 -9.5696 -0.0076 -15.7047 70.5434 16.6666 -0.0001 25.3508 0.0000
10.3564 96.3971 -31.5908 0.5419 -0.0304 -1.6738 0.3929 -0.0354 0.2376 0.3929 -0.0354 0.2376 0.3940 -0.0355 0.2383 -90.0000 -14.4056 90.0000 -23.7393 85.6287 38.5058 5.4395 0.6665 -42.2347 -0.4252 0.0775 -0.0166 0.0001 0.0000 0.0000 -0.0000 0.0000 0.0000 -0.0008 -0.0013 -0.0000 0.0001 -0.0004 0.0000 -0.0000 0.0000 0.0000 -0.0000 0.0000 0.0000 -0.0000 0.0002 0.0000 0.0003 -0.0006 0.0000 -0.0006 0.0004 0.0000 0.0001 0.0000 0.0000 -0.0000 0.0000 0.0000 -0.0002 -0.0010 -0.0000 30.0001 0.0002 -0.0001 -29.9998 0.0005 0.0002 -0.0000 0.0000 0.0000 -0.0727 2.1483 0.3282 -0.0727 2.1483 0.3282 88.0252 -19.2005 -88.4297 50.8054 81.0107 -62.6760 -7.0504 3.3564 36.6112 0.3963 0.1118 0.0257 0.0001 -0.0001 0.0000 -0.0000 0.0000 0.0000 0.0003 -0.0006 0.0000 0.0001 -0.0001 0.0000 -0.0000 0.0000 0.0000 -0.0000 0.0000 0.0000 0.0001 0.0007 -0.0000 0.0001 -0.0012 0.0000 0.0003 -0.0008 0.0000 -0.0000 0.0001 0.0000 -0.0000 0.0000 0.0000 -0.0000 -0.0009 0.0000 -29.9997 0.0002 0.0001 29.9996 -0.0003 0.0001 -0.0000 0.0000 0.0000 -179.8358 0.0992 -4.4126 0.0816 -6.3342 -0.0210 26.2708 68.7052 -28.1139 -0.0000 25.3510 0.0000 -178.3857 3.0948 -3.2850 -0.0834 -9.6403 -0.0077 -15.7254 70.6047 16.6884 -0.0001 25.3508 0.0000
10.3847 96.3908 -31.5586 0.5246 -0.0233 -1.6697 0.3926 -0.0355 0.2334 0.3926 -0.0354 0.2334 0.3938 -0.0355 0.2341 -90.0000 -14.4314 90.0000 -22.8782 85.5459 37.6084 5.2974 0.6547 -42.2689 -0.4259 0.0787 -0.0163 0.0001 0.0000 0.0000 -0.0000 0.0000 0.0000 -0.0008 -0.0013 -0.0000 0.0001 -0.0004 0.0000 -0.0000 0.0000 0.0000 -0.0000 0.0000 0.0000 -0.0000 0.0002 0.0000 0.0003 -0.0006 0.0000 -0.0006 0.0004 0.0000 0.0001 0.0000 0.0000 -0.0000 0.0000 0.0000 -0.0002 -0.0010 -0.0000 30.0001 0.0002 -0.0001 -29.9998 0.0005 0.0002 -0.0000 0.0000 0.0000 -0.0745 2.1385 0.3320 -0.0745 2.1385 0.3320 88.0315 -19.1842 -88.4260 50.7899 81.0418 -62.6780 -7.1016 3.3526 36.5926 0.3964 0.1113 0.0258 0.0001 -0.0001 0.0000 -0.0000 0.0000 0.0000 0.0003 -0.0006 0.0000 0.0001 -0.0001 0.0000 -0.0000 0.0000 0.0000 -0.0000 0.0000 0.0000 0.0001 0.0007 -0.0000 0.0001 -0.0012 0.0000 0.0003 -0.0008 0.0000 -0.0000 0.0001 0.0000 -0.0000 0.0000 0.0000 -0.0000 -0.0009 0.0000 -29.9996 0.0002 0.0001 29.9996 -0.0003 0.0001 -0.0000 0.0000 0.0000 -179.8274 0.1574 -4.4205 0.0815 -6.4781 -0.0224 26.2803 68.7929 -28.1591 -0.0000 25.3511 0.0000 -178.3857 3.1279 -3.2581 -0.0834 -9.7344 -0.0080 -15.7507 70.6754 16.7174 -0.0001 25.3508 0.0000
10.4147 96.3777 -31.5261 0.4987 -0.0141 -1.6625 0.3948 -0.0366 0.2274 0.3948 -0.0365 0.2274 0.3960 -0.0366 0.2281 -90.0000 -14.4561 90.0000 -22.1895 85.4561 36.8736 5.1686 0.6542 -42.3237 -0.4271 0.0798 -0.0160 0.0001 0.0000 0.0000 -0.0000 0.0000 0.0000 -0.0008 -0.0013 -0.0000 0.0001 -0.0004 0.0000 -0.0000 0.0000 0.0000 -0.0000 0.0000 0.0000 -0.0000 0.0002 0.0000 0.0003 -0.0006 0.0000 -0.0006 0.0004 0.0000 0.0001 0.0000 0.0000 -0.0000 0.0000 0.0000 -0.0002 -0.0010 -0.0000 30.0001 0.0002 -0.0001 -29.9998 0.0005 0.0002 -0.0000 0.0000 0.0000 -0.0818 2.1290 0.3364 -0.0818 2.1290 0.3364 88.0385 -19.1711 -88.4223 50.8019 81.0687 -62.6972 -7.1558 3.3539 36.5741 0.3965 0.1108 0.0260 0.0001 -0.0001 0.0000 -0.0000 0.0000 0.0000 0.0003 -0.0006 0.0000 0.0001 -0.0001 0.0000 -0.0000 0.0000 0.0000 -0.0000 0.0000 0.0000 0.0001 0.0007 -0.0000 0.0001 -0.0012 0.0000 0.0003 -0.0008 0.0000 -0.0000 0.0001 0.0000 -0.0000 0.0000 0.0000 -0.0000 -0.0009 0.0000 -29.9997 0.0002 0.0001 29.9996 -0.0003 0.0001 -0.0000 0.0000 0.0000 -179.8067 0.2522 -4.4169 0.0813 -6.6924 -0.0247 26.3085 68.9135 -28.2493 -0.0000 25.3510 0.0000 -178.3771 3.1730 -3.2322 -0.0835 -9.8490 -0.0095 -15.8056 70.7495 16.7805 -0.0001 25.3508 0.0000
10.4385 96.3636 -31.4935 0.4619 -0.0016 -1.6513 0.3999 -0.0387 0.2205 0.3999 -0.0387 0.2205 0.4011 -0.0388 0.2212 -90.0000 -14.4764 90.0000 -21.5534 85.3617 36.1866 5.0462 0.6632 -42.3892 -0.4278 0.0808 -0.0157 0.0001 0.0000 0.0000 -0.0000 0.0000 0.0000 -0.0008 -0.0013 -0.0000 0.0001 -0.0004 0.0000 -0.0000 0.0000 0.0000 -0.0000 0.0000 0.0000 -0.0000 0.0002 0.0000 0.0003 -0.0006 0.0000 -0.0006 0.0004 0.0000 0.0001 0.0000 0.0000 -0.0000 0.0000 0.0000 -0.0002 -0.0010 -0.0000 30.0001 0.0002 -0.0001 -29.9998 0.0005 0.0002 -0.0000 0.0000 0.0000 -0.0926 2.1209 0.3398 -0.0926 2.1209 0.3398 88.0482 -19.1624 -88.4162 50.8460 81.0928 -62.7369 -7.2093 3.3577 36.5529 0.3967 0.1101 0.0261 0.0001 -0.0001 0.0000 -0.0000 0.0000 0.0000 0.0003 -0.0006 0.0000 0.0001 -0.0001 0.0000 -0.0000 0.0000 0.0000 -0.0000 0.0000 0.0000 0.0001 0.0007 -0.0000 0.0001 -0.0012 0.0000 0.0003 -0.0008 0.0000 -0.0000 0.0001 0.0000 -0.0000 0.0000 0.0000 -0.0000 -0.0009 0.0000 -29.9996 0.0002 0.0001 29.9996 -0.0003 0.0001 -0.0000 0.0000 0.0000 -179.7670 0.3818 -4.4055 0.0811 -6.9688 -0.0277 26.3148 69.0644 -28.3461 -0.0000 25.3510 0.0000 -178.3539 3.2201 -3.2050 -0.0838 -9.9613 -0.0116 -15.8853 70.8152 16.8658 -0.0001 25.3508 0.0000
10.4517 96.3479 -31.4606 0.4163 0.0157 -1.6351 0.4073 -0.0414 0.2140 0.4073 -0.0414 0.2140 0.4085 -0.0415 0.2147 -90.0000 -14.4895 90.0000 -20.9201 85.2636 35.5059 4.9265 0.6776 -42.4613 -0.4290 0.0818 -0.0155 0.0001 0.0000 0.0000 -0.0000 0.0000 0.0000 -0.0008 -0.0013 -0.0000 0.0001 -0.0004 0.0000 -0.0000 0.0000 0.0000 -0.0000 0.0000 0.0000 -0.0000 0.0002 0.0000 0.0003 -0.0006 0.0000 -0.0006 0.0004 0.0000 0.0001 0.0000 0.0000 -0.0000 0.0000 0.0000 -0.0002 -0.0010 -0.0000 30.0001 0.0002 -0.0001 -29.9998 0.0005 0.0002 -0.0000 0.0000 0.0000 -0.1074 2.1133 0.3409 -0.1074 2.1133 0.3409 88.0608 -19.1593 -88.4045 50.9253 81.1157 -62.8000 -7.2593 3.3618 36.5262 0.3978 0.1096 0.0263 0.0001 -0.0001 0.0000 -0.0000 0.0000 0.0000 0.0003 -0.0006 0.0000 0.0001 -0.0001 0.0000 -0.0000 0.0000 0.0000 -0.0000 0.0000 0.0000 0.0001 0.0007 -0.0000 0.0001 -0.0012 0.0000 0.0003 -0.0008 0.0000 -0.0000 0.0001 0.0000 -0.0000 0.0000 0.0000 -0.0000 -0.0009 0.0000 -29.9996 0.0002 0.0001 29.9996 -0.0003 0.0001 -0.0000 0.0000 0.0000 -179.7093 0.5213 -4.3884 0.0808 -7.2542 -0.0307 26.2485 69.2240 -28.3986 -0.0000 25.3510 0.0000 -178.3160 3.2567 -3.1714 -0.0839 -10.0435 -0.0139 -15.9732 70.8603 16.9513 -0.0001 25.3508 0.0000
10.4475 96.3363 -31.4293 0.3600 0.0423 -1.6090 0.4176 -0.0436 0.2094 0.4176 -0.0435 0.2094 0.4188 -0.0437 0.2100 -90.0000 -14.4931 90.0000 -20.2679 85.1644 34.8249 4.8045 0.6967 -42.5396 -0.4293 0.0826 -0.0152 0.0001 0.0000 0.0000 -0.0000 0.0000 0.0000 -0.0008 -0.0013 -0.0000 0.0001 -0.0004 0.0000 -0.0000 0.0000 0.0000 -0.0000 0.0000 0.0000 -0.0000 0.0002 0.0000 0.0003 -0.0006 0.0000 -0.0006 0.0004 0.0000 0.0001 0.0000 0.0000 -0.0000 0.0000 0.0000 -0.0002 -0.0010 -0.0000 30.0001 0.0002 -0.0001 -29.9998 0.0005 0.0002 -0.0000 0.0000 0.0000 -0.1277 2.1036 0.3387 -0.1277 2.1036 0.3387 88.0766 -19.1623 -88.3763 51.0785 81.1394 -62.9233 -7.2972 3.3629 36.4888 0.3981 0.1085 0.0264 0.0001 -0.0001 0.0000 -0.0000 0.0000 0.0000 0.0003 -0.0006 0.0000 0.0001 -0.0001 0.0000 -0.0000 0.0000 0.0000 -0.0000 0.0000 0.0000 0.0001 0.0007 -0.0000 0.0001 -0.0012 0.0000 0.0003 -0.0008 0.0000 -0.0000 0.0001 0.0000 -0.0000 0.0000 0.0000 -0.0000 -0.0009 0.0000 -29.9996 0.0002 0.0001 29.9996 -0.0003 0.0001 -0.0000 0.0000 0.0000 -179.6271 0.6646 -4.3645 0.0806 -7.5231 -0.0332 26.0329 69.3838 -28.3435 -0.0000 25.3510 0.0000 -178.2546 3.2910 -3.1249 -0.0841 -10.1002 -0.0157 -16.0827 70.8847 17.0415 -0.0001 25.3508 0.0000
10.4345 96.3229 -31.4013 0.3006 0.0775 -1.5718 0.4282 -0.0439 0.2062 0.4283 -0.0439 0.2062 0.4295 -0.0440 0.2068 -90.0000 -14.4913 90.0000 -19.5665 85.0620 34.1112 4.6808 0.7212 -42.6109 -0.4305 0.0836 -0.0150 0.0001 0.0000 0.0000 -0.0000 0.0000 0.0000 -0.0008 -0.0013 -0.0000 0.0001 -0.0004 0.0000 -0.0000 0.0000 0.0000 -0.0000 0.0000 0.0000 -0.0000 0.0002 0.0000 0.0003 -0.0006 0.0000 -0.0006 0.0004 0.0000 0.0001 0.0000 0.0000 -0.0000 0.0000 0.0000 -0.0002 -0.0010 -0.0000 30.0001 0.0002 -0.0001 -29.9998 0.0005 0.0002 -0.0000 0.0000 0.0000 -0.1508 2.0888 0.3353 -0.1508 2.0888 0.3353 88.0948 -19.1689 -88.3331 51.2869 81.1694 -63.0973 -7.3178 3.3573 36.4430 0.3984 0.1074 0.0265 0.0001 -0.0001 0.0000 -0.0000 0.0000 0.0000 0.0003 -0.0006 0.0000 0.0001 -0.0001 0.0000 -0.0000 0.0000 0.0000 -0.0000 0.0000 0.0000 0.0001 0.0007 -0.0000 0.0001 -0.0012 0.0000 0.0003 -0.0008 0.0000 -0.0000 0.0001 0.0000 -0.0000 0.0000 0.0000 -0.0000 -0.0009 0.0000 -29.9997 0.0002 0.0001 29.9996 -0.0003 0.0001 -0.0000 0.0000 0.0000 -179.5337 0.8102 -4.3368 0.0804 -7.7720 -0.0359 25.6823 69.5459 -28.1796 -0.0000 25.3510 0.0000 -178.1820 3.3429 -3.0600 -0.0843 -10.1703 -0.0175 -16.2081 70.9098 17.1337 -0.0001 25.3508 0.0000
10.4165 96.3067 -31.3781 0.2432 0.1211 -1.5236 0.4375 -0.0430 0.2039 0.4375 -0.0429 0.2039 0.4388 -0.0430 0.2045 -90.0000 -14.4888 90.0000 -18.8726 84.9550 33.4141 4.5622 0.7520 -42.6700 -0.4317 0.0846 -0.0148 0.0001 0.0000 0.0000 -0.0000 0.0000 0.0000 -0.0008 -0.0013 -0.0000 0.0001 -0.0004 0.0000 -0.0000 0.0000 0.0000 -0.0000 0.0000 0.0000 -0.0000 0.0002 0.0000 0.0003 -0.0006 0.0000 -0.0006 0.0004 0.0000 0.0001 0.0000 0.0000 -0.0000 0.0000 0.0000 -0.0002 -0.0010 -0.0000 30.0001 0.0002 -0.0001 -29.9998 0.0005 0.0002 -0.0000 0.0000 0.0000 -0.1745 2.0688 0.3321 -0.1745 2.0688 0.3321 88.1139 -19.1745 -88.2777 51.5536 81.2069 -63.3298 -7.3192 3.3441 36.3904 0.3979 0.1059 0.0264 0.0001 -0.0001 0.0000 -0.0000 0.0000 0.0000 0.0003 -0.0006 0.0000 0.0001 -0.0001 0.0000 -0.0000 0.0000 0.0000 -0.0000 0.0000 0.0000 0.0001 0.0007 -0.0000 0.0001 -0.0012 0.0000 0.0003 -0.0008 0.0000 -0.0000 0.0001 0.0000 -0.0000 0.0000 0.0000 -0.0000 -0.0009 0.0000 -29.9997 0.0002 0.0001 29.9996 -0.0003 0.0001 -0.0000 0.0000 0.0000 -179.4358 0.9705 -4.3115 0.0801 -8.0241 -0.0386 25.2243 69.7239 -27.9232 -0.0000 25.3510 0.0000 -178.1049 3.4231 -2.9806 -0.0845 -10.2746 -0.0190 -16.3546 70.9474 17.2365 -0.0001 25.3508 0.0000
10.3944 96.2873 -31.3633 0.1947 0.1771 -1.4556 0.4413 -0.0405 0.2027 0.4413 -0.0404 0.2027 0.4426 -0.0406 0.2033 -90.0000 -14.4910 90.0000 -18.2269 84.8424 32.7719 4.4615 0.7936 -42.7152 -0.4324 0.0855 -0.0146 0.0001 0.0000 0.0000 -0.0000 0.0000 0.0000 -0.0008 -0.0013 -0.0000 0.0001 -0.0004 0.0000 -0.0000 0.0000 0.0000 -0.0000 0.0000 0.0000 -0.0000 0.0002 0.0000 0.0003 -0.0006 0.0000 -0.0006 0.0004 0.0000 0.0001 0.0000 0.0000 -0.0000 0.0000 0.0000 -0.0002 -0.0010 -0.0000 30.0001 0.0002 -0.0001 -29.9998 0.0005 0.0002 -0.0000 0.0000 0.0000 -0.1961 2.0408 0.3294 -0.1961 2.0408 0.3294 88.1357 -19.1753 -88.2099 51.8770 81.2599 -63.6251 -7.2892 3.3172 36.3304 0.3983 0.1047 0.0262 0.0001 -0.0001 0.0000 -0.0000 0.0000 0.0000 0.0003 -0.0006 0.0000 0.0001 -0.0001 0.0000 -0.0000 0.0000 0.0000 -0.0000 0.0000 0.0000 0.0001 0.0007 -0.0000 0.0001 -0.0012 0.0000 0.0003 -0.0008 0.0000 -0.0000 0.0001 0.0000 -0.0000 0.0000 0.0000 -0.0000 -0.0009 0.0000 -29.9996 0.0002 0.0001 29.9996 -0.0003 0.0001 -0.0000 0.0000 0.0000 -179.3404 1.1614 -4.2863 0.0798 -8.2982 -0.0405 24.6801 69.9306 -27.5889 -0.0000 25.3510 0.0000 -178.0318 3.5494 -2.8879 -0.0845 -10.4375 -0.0194 -16.5435 71.0090 17.3756 -0.0001 25.3508 0.0000
10.3736 96.2658 -31.3598 0.1557 0.2397 -1.3665 0.4395 -0.0357 0.2017 0.4396 -0.0356 0.2017 0.4409 -0.0357 0.2023 -90.0000 -14.4987 90.0000 -17.6229 84.7273 32.1770 4.3842 0.8444 -42.7596 -0.4336 0.0864 -0.0145 0.0001 0.0000 0.0000 -0.0000 0.0000 0.0000 -0.0008 -0.0013 -0.0000 0.0001 -0.0004 0.0000 -0.0000 0.0000 0.0000 -0.0000 0.0000 0.0000 -0.0000 0.0002 0.0000 0.0003 -0.0006 0.0000 -0.0006 0.0004 0.0000 0.0001 0.0000 0.0000 -0.0000 0.0000 0.0000 -0.0002 -0.0010 -0.0000 30.0001 0.0002 -0.0001 -29.9998 0.0005 0.0002 -0.0000 0.0000 0.0000 -0.2151 2.0050 0.3269 -0.2151 2.0050 0.3269 88.1593 -19.1706 -88.1388 52.2329 81.3271 -63.9639 -7.2342 3.2790 36.2713 0.3986 0.1034 0.0259 0.0001 -0.0001 0.0000 -0.0000 0.0000 0.0000 0.0003 -0.0006 0.0000 0.0001 -0.0001 0.0000 -0.0000 0.0000 0.0000 -0.0000 0.0000 0.0000 0.0001 0.0007 -0.0000 0.0001 -0.0012 0.0000 0.0003 -0.0008 0.0000 -0.0000 0.0001 0.0000 -0.0000 0.0000 0.0000 -0.0000 -0.0009 0.0000 -29.9996 0.0002 0.0001 29.9996 -0.0003 0.0001 -0.0000 0.0000 0.0000 -179.2551 1.3783 -4.2554 0.0796 -8.5945 -0.0415 24.1377 70.1478 -27.2439 -0.0000 25.3510 0.0000 -177.9683 3.7060 -2.7994 -0.0845 -10.6370 -0.0189 -16.7860 71.0818 17.5741 -0.0001 25.3508 0.0000
10.3586 96.2447 -31.3709 0.1253 0.3048 -1.2551 0.4335 -0.0280 0.1990 0.4335 -0.0279 0.1990 0.4348 -0.0280 0.1996 -90.0000 -14.5086 90.0000 -17.0246 84.6093 31.5882 4.3344 0.9022 -42.8010 -0.4357 0.0873 -0.0145 0.0001 0.0000 0.0000 -0.0000 0.0000 0.0000 -0.0008 -0.0013 -0.0000 0.0001 -0.0004 0.0000 -0.0000 0.0000 0.0000 -0.0000 0.0000 0.0000 -0.0000 0.0002 0.0000 0.0003 -0.0006 0.0000 -0.0006 0.0004 0.0000 0.0001 0.0000 0.0000 -0.0000 0.0000 0.0000 -0.0002 -0.0010 -0.0000 30.0001 0.0002 -0.0001 -29.9998 0.0005 0.0002 -0.0000 0.0000 0.0000 -0.2330 1.9626 0.3258 -0.2330 1.9626 0.3258 88.1823 -19.1574 -88.0678 52.6013 81.4047 -64.3280 -7.1612 3.2336 36.2187 0.3989 0.1023 0.0256 0.0001 -0.0001 0.0000 -0.0000 0.0000 0.0000 0.0003 -0.0006 0.0000 0.0001 -0.0001 0.0000 -0.0000 0.0000 0.0000 -0.0000 0.0000 0.0000 0.0001 0.0007 -0.0000 0.0001 -0.0012 0.0000 0.0003 -0.0008 0.0000 -0.0000 0.0001 0.0000 -0.0000 0.0000 0.0000 -0.0000 -0.0008 0.0000 -29.9996 0.0002 0.0001 29.9996 -0.0003 0.0001 -0.0000 0.0000 0.0000 -179.1826 1.6234 -4.2255 0.0795 -8.9210 -0.0423 23.6146 70.3748 -26.8901 -0.0000 25.3510 0.0000 -177.9173 3.8871 -2.7223 -0.0844 -10.8650 -0.0182 -17.0891 71.1580 17.8469 -0.0001 25.3508 0.0000
10.3529 96.2235 -31.4019 0.1106 0.3689 -1.1068 0.4214 -0.0155 0.1926 0.4214 -0.0155 0.1926 0.4227 -0.0155 0.1932 -90.0000 -14.5168 90.0000 -16.4387 84.4884 31.0053 4.3325 0.9679 -42.8300 -0.4369 0.0879 -0.0147 0.0001 0.0000 0.0000 -0.0000 0.0000 0.0000 -0.0008 -0.0013 -0.0000 0.0001 -0.0004 0.0000 -0.0000 0.0000 0.0000 -0.0000 0.0000 0.0000 -0.0000 0.0002 0.0000 0.0003 -0.0006 0.0000 -0.0006 0.0004 0.0000 0.0001 0.0000 0.0000 -0.0000 0.0000 0.0000 -0.0002 -0.0010 -0.0000 30.0001 0.0002 -0.0001 -29.9998 0.0005 0.0001 -0.0000 0.0000 0.0000 -0.2517 1.9132 0.3256 -0.2517 1.9132 0.3256 88.2034 -19.1334 -88.0019 52.9562 81.4904 -64.6990 -7.0729 3.1849 36.1826 0.3988 0.1011 0.0252 0.0001 -0.0001 0.0000 -0.0000 0.0000 0.0000 0.0003 -0.0006 0.0000 0.0001 -0.0001 0.0000 -0.0000 0.0000 0.0000 -0.0000 0.0000 0.0000 0.0001 0.0007 -0.0000 0.0001 -0.0012 0.0000 0.0003 -0.0008 0.0000 -0.0000 0.0001 0.0000 -0.0000 0.0000 0.0000 -0.0000 -0.0009 0.0000 -29.9996 0.0002 0.0001 29.9996 -0.0003 0.0001 -0.0000 0.0000 0.0000 -179.1314 1.9084 -4.2157 0.0793 -9.2983 -0.0422 23.1156 70.6203 -26.5011 -0.0000 25.3510 0.0000 -177.8890 4.0891 -2.6691 -0.0845 -11.1183 -0.0185 -17.4954 71.2315 18.2511 -0.0001 25.3508 0.0000
10.3444 96.2017 -31.4372 0.1100 0.4299 -0.9316 0.4063 0.0024 0.1858 0.4063 0.0024 0.1858 0.4075 0.0025 0.1864 -90.0000 -14.5178 90.0000 -15.8439 84.3717 30.4092 4.3640 1.0396 -42.8490 -0.4382 0.0882 -0.0150 0.0001 0.0000 0.0000 -0.0000 0.0000 0.0000 -0.0008 -0.0013 -0.0000 0.0001 -0.0004 0.0000 -0.0000 0.0000 0.0000 -0.0000 0.0000 0.0000 -0.0000 0.0002 0.0000 0.0003 -0.0006 0.0000 -0.0006 0.0004 0.0000 0.0001 0.0000 0.0000 -0.0000 0.0000 0.0000 -0.0002 -0.0010 -0.0000 30.0001 0.0002 -0.0001 -29.9998 0.0005 0.0002 -0.0000 0.0000 0.0000 -0.2742 1.8596 0.3226 -0.2742 1.8596 0.3226 88.2211 -19.1069 -87.9375 53.2594 81.5757 -65.0330 -6.9845 3.1416 36.1658 0.3990 0.1001 0.0249 0.0001 -0.0001 0.0000 -0.0000 0.0000 0.0000 0.0003 -0.0006 0.0000 0.0001 -0.0001 0.0000 -0.0000 0.0000 0.0000 -0.0000 0.0000 0.0000 0.0001 0.0007 -0.0000 0.0001 -0.0012 0.0000 0.0003 -0.0008 0.0000 -0.0000 0.0001 0.0000 -0.0000 0.0000 0.0000 -0.0000 -0.0009 0.0000 -29.9996 0.0002 0.0001 29.9996 -0.0003 0.0001 -0.0000 0.0000 0.0000 -179.0929 2.2026 -4.2292 0.0793 -9.6891 -0.0412 22.6115 70.8662 -26.0611 -0.0000 25.3510 0.0000 -177.8742 4.2971 -2.6349 -0.0846 -11.3906 -0.0187 -17.9802 71.3110 18.7515 -0.0001 25.3508 0.0000
10.3265 96.1791 -31.4676 0.1182 0.4878 -0.7370 0.3916 0.0261 0.1802 0.3916 0.0262 0.1802 0.3928 0.0262 0.1808 -90.0000 -14.5109 90.0000 -15.2242 84.2621 29.7877 4.4175 1.1171 -42.8608 -0.4403 0.0884 -0.0154 0.0001 0.0000 0.0000 -0.0000 0.0000 0.0000 -0.0008 -0.0013 -0.0000 0.0001 -0.0004 0.0000 -0.0000 0.0000 0.0000 -0.0000 0.0000 0.0000 -0.0000 0.0002 0.0000 0.0003 -0.0006 0.0000 -0.0006 0.0004 0.0000 0.0001 0.0000 0.0000 -0.0000 0.0000 0.0000 -0.0002 -0.0010 -0.0000 30.0001 0.0002 -0.0001 -29.9998 0.0005 0.0002 -0.0000 0.0000 0.0000 -0.3020 1.8033 0.3173 -0.3020 1.8033 0.3173 88.2347 -19.0817 -87.8722 53.4956 81.6568 -65.3127 -6.9033 3.1079 36.1692 0.3993 0.0992 0.0246 0.0001 -0.0001 0.0000 -0.0000 0.0000 0.0000 0.0003 -0.0006 0.0000 0.0001 -0.0001 0.0000 -0.0000 0.0000 0.0000 -0.0000 0.0000 0.0000 0.0001 0.0007 -0.0000 0.0001 -0.0011 0.0000 0.0003 -0.0008 0.0000 -0.0000 0.0001 0.0000 -0.0000 0.0000 0.0000 -0.0000 -0.0009 0.0000 -29.9996 0.0002 0.0001 29.9996 -0.0003 0.0001 -0.0000 0.0000 0.0000 -179.0582 2.4818 -4.2637 0.0794 -10.0563 -0.0389 22.0693 71.0986 -25.5512 -0.0000 25.3510 0.0000 -177.8642 4.5056 -2.6078 -0.0846 -11.6805 -0.0182 -18.5072 71.4043 19.3027 -0.0001 25.3508 0.0000
10.2920 96.1564 -31.4862 0.1350 0.5433 -0.5230 0.3809 0.0590 0.1797 0.3809 0.0590 0.1797 0.3821 0.0592 0.1802 -90.0000 -14.4919 90.0000 -14.6155 84.1682 29.1746 4.4962 1.2047 -42.8608 -0.4413 0.0878 -0.0159 0.0001 0.0000 0.0000 -0.0000 0.0000 0.0000 -0.0008 -0.0013 -0.0000 0.0001 -0.0004 0.0000 -0.0000 0.0000 0.0000 -0.0000 0.0000 0.0000 -0.0000 0.0002 0.0000 0.0003 -0.0006 0.0000 -0.0006 0.0004 0.0000 0.0001 0.0000 0.0000 -0.0000 0.0000 0.0000 -0.0002 -0.0010 -0.0000 30.0001 0.0002 -0.0001 -29.9998 0.0005 0.0002 -0.0000 0.0000 0.0000 -0.3371 1.7454 0.3083 -0.3371 1.7454 0.3083 88.2428 -19.0642 -87.7983 53.5918 81.7251 -65.4696 -6.8435 3.0954 36.2014 0.3996 0.0981 0.0244 0.0001 -0.0001 0.0000 -0.0000 0.0000 0.0000 0.0003 -0.0006 0.0000 0.0001 -0.0001 0.0000 -0.0000 0.0000 0.0000 -0.0000 0.0000 0.0000 0.0001 0.0007 -0.0000 0.0001 -0.0012 0.0000 0.0003 -0.0008 0.0000 -0.0000 0.0001 0.0000 -0.0000 0.0000 0.0000 -0.0000 -0.0008 0.0000 -29.9996 0.0002 0.0001 29.9996 -0.0003 0.0001 -0.0000 0.0000 0.0000 -179.0222 2.7289 -4.3268 0.0795 -10.3729 -0.0361 21.4505 71.3138 -24.9326 -0.0000 25.3510 0.0000 -177.8562 4.7097 -2.5778 -0.0845 -11.9882 -0.0167 -19.0525 71.5211 19.8771 -0.0001 25.3508 0.0000
10.2504 96.1325 -31.5026 0.1568 0.5982 -0.3036 0.3743 0.0967 0.1840 0.3744 0.0968 0.1840 0.3755 0.0971 0.1846 -90.0000 -14.4750 90.0000 -14.0836 84.0906 28.6283 4.5885 1.3030 -42.8560 -0.4428 0.0868 -0.0164 0.0001 0.0000 0.0000 -0.0000 0.0000 0.0000 -0.0008 -0.0013 -0.0000 0.0001 -0.0004 0.0000 -0.0000 0.0000 0.0000 -0.0000 0.0000 0.0000 -0.0000 0.0002 0.0000 0.0003 -0.0006 0.0000 -0.0006 0.0004 0.0000 0.0001 0.0000 0.0000 -0.0000 0.0000 0.0000 -0.0002 -0.0010 -0.0000 30.0001 0.0002 -0.0001 -29.9998 0.0005 0.0001 -0.0000 0.0000 0.0000 -0.3748 1.6932 0.3013 -0.3748 1.6932 0.3013 88.2472 -19.0520 -87.7188 53.5535 81.7785 -65.5029 -6.8098 3.1044 36.2466 0.4003 0.0971 0.0243 0.0001 -0.0001 0.0000 -0.0000 0.0000 0.0000 0.0003 -0.0006 0.0000 0.0001 -0.0001 0.0000 -0.0000 0.0000 0.0000 -0.0000 0.0000 0.0000 0.0001 0.0007 -0.0000 0.0001 -0.0012 0.0000 0.0003 -0.0008 0.0000 -0.0000 0.0001 0.0000 -0.0000 0.0000 0.0000 -0.0000 -0.0009 0.0000 -29.9996 0.0002 0.0001 29.9996 -0.0003 0.0001 -0.0000 0.0000 0.0000 -178.9870 2.9706 -4.3975 0.0797 -10.6815 -0.0336 20.8151 71.5293 -24.2833 -0.0000 25.3510 0.0000 -177.8525 4.9117 -2.5384 -0.0844 -12.2980 -0.0155 -19.5678 71.6490 20.4231 -0.0001 25.3508 0.0000
10.2083 96.1078 -31.5260 0.1791 0.6519 -0.0860 0.3724 0.1389 0.1942 0.3724 0.1390 0.1942 0.3735 0.1394 0.1948 -90.0000 -14.4619 90.0000 -13.6490 84.0307 28.1701 4.6875 1.4113 -42.8559 -0.4440 0.0853 -0.0170 0.0001 0.0000 0.0000 -0.0000 0.0000 0.0000 -0.0008 -0.0013 -0.0000 0.0001 -0.0004 0.0000 -0.0000 0.0000 0.0000 -0.0000 0.0000 0.0000 -0.0000 0.0002 0.0000 0.0003 -0.0006 0.0000 -0.0006 0.0004 0.0000 0.0001 0.0000 0.0000 -0.0000 0.0000 0.0000 -0.0002 -0.0010 -0.0000 30.0001 0.0002 -0.0001 -29.9998 0.0005 0.0002 -0.0000 0.0000 0.0000 -0.4131 1.6478 0.2967 -0.4131 1.6478 0.2967 88.2501 -19.0561 -87.6307 53.4031 81.8165 -65.4390 -6.8009 3.1309 36.2956 0.4019 0.0964 0.0244 0.0001 -0.0001 0.0000 -0.0000 0.0000 0.0000 0.0003 -0.0006 0.0000 0.0001 -0.0001 0.0000 -0.0000 0.0000 0.0000 -0.0000 0.0000 0.0000 0.0001 0.0007 -0.0000 0.0001 -0.0012 0.0000 0.0003 -0.0008 0.0000 -0.0000 0.0001 0.0000 -0.0000 0.0000 0.0000 -0.0000 -0.0009 0.0000 -29.9996 0.0002 0.0001 29.9996 -0.0003 0.0001 -0.0000 0.0000 0.0000 -178.9531 3.2252 -4.4552 0.0796 -11.0116 -0.0328 20.2287 71.7452 -23.6777 -0.0000 25.3510 0.0000 -177.8517 5.1169 -2.4934 -0.0844 -12.6087 -0.0150 -20.0344 71.7807 20.9222 -0.0001 25.3508 0.0000
10.1693 96.0809 -31.5694 0.1936 0.7026 0.1265 0.3798 0.1880 0.2128 0.3798 0.1880 0.2128 0.3809 0.1886 0.2134 -90.0000 -14.4539 90.0000 -13.2618 84.0040 27.7687 4.7793 1.5289 -42.8884 -0.4444 0.0829 -0.0176 0.0001 0.0000 0.0000 -0.0000 0.0000 0.0000 -0.0008 -0.0013 -0.0000 0.0001 -0.0004 0.0000 -0.0000 0.0000 0.0000 -0.0000 0.0000 0.0000 -0.0000 0.0002 0.0000 0.0003 -0.0006 0.0000 -0.0006 0.0004 0.0000 0.0001 0.0000 0.0000 -0.0000 0.0000 0.0000 -0.0002 -0.0010 -0.0000 30.0001 0.0002 -0.0001 -29.9998 0.0005 0.0002 -0.0000 0.0000 0.0000 -0.4493 1.6126 0.2981 -0.4493 1.6126 0.2981 88.2503 -19.0696 -87.5345 53.1114 81.8404 -65.2366 -6.8261 3.1798 36.3418 0.4040 0.0957 0.0247 0.0001 -0.0001 0.0000 -0.0000 0.0000 0.0000 0.0003 -0.0006 0.0000 0.0001 -0.0001 0.0000 -0.0000 0.0000 0.0000 -0.0000 0.0000 0.0000 0.0001 0.0007 -0.0000 0.0001 -0.0012 0.0000 0.0003 -0.0008 0.0000 -0.0000 0.0001 0.0000 -0.0000 0.0000 0.0000 -0.0000 -0.0008 0.0000 -29.9996 0.0002 0.0001 29.9996 -0.0003 0.0001 -0.0000 0.0000 0.0000 -178.9174 3.5070 -4.4676 0.0792 -11.3801 -0.0360 19.7826 71.9495 -23.2117 -0.0000 25.3510 0.0000 -177.8471 5.3312 -2.4534 -0.0844 -12.9185 -0.0154 -20.4480 71.9075 21.3738 -0.0001 25.3508 0.0000
10.1292 96.0534 -31.6300 0.2041 0.7507 0.3371 0.3935 0.2420 0.2359 0.3935 0.2421 0.2359 0.3947 0.2428 0.2366 -90.0000 -14.4456 90.0000 -12.9085 83.9978 27.4046 4.8640 1.6507 -42.9307 -0.4449 0.0802 -0.0180 0.0001 0.0000 0.0000 -0.0000 0.0000 0.0000 -0.0008 -0.0013 -0.0000 0.0001 -0.0004 0.0000 -0.0000 0.0000 0.0000 -0.0000 0.0000 0.0000 -0.0000 0.0002 0.0000 0.0003 -0.0006 0.0000 -0.0006 0.0004 0.0000 0.0001 0.0000 0.0000 -0.0000 0.0000 0.0000 -0.0002 -0.0010 -0.0000 30.0001 0.0002 -0.0001 -29.9998 0.0005 0.0002 -0.0000 0.0000 0.0000 -0.4826 1.5836 0.3040 -0.4826 1.5836 0.3040 88.2481 -19.0891 -87.4348 52.7190 81.8572 -64.9324 -6.8745 3.2444 36.3794 0.4061 0.0949 0.0250 0.0001 -0.0001 0.0000 -0.0000 0.0000 0.0000 0.0003 -0.0006 0.0000 0.0001 -0.0001 0.0000 -0.0000 0.0000 0.0000 -0.0000 0.0000 0.0000 0.0001 0.0007 -0.0000 0.0001 -0.0012 0.0000 0.0003 -0.0008 0.0000 -0.0000 0.0001 0.0000 -0.0000 0.0000 0.0000 -0.0000 -0.0008 0.0000 -29.9996 0.0002 0.0001 29.9996 -0.0003 0.0001 -0.0000 0.0000 0.0000 -178.8831 3.7998 -4.4293 0.0785 -11.7509 -0.0415 19.4655 72.1212 -22.8753 -0.0000 25.3510 0.0000 -177.8390 5.5436 -2.4293 -0.0847 -13.2088 -0.0176 -20.8593 72.0138 21.8252 -0.0001 25.3508 0.0000
10.0795 96.0282 -31.7023 0.2170 0.7992 0.5450 0.4110 0.2982 0.2619 0.4110 0.2983 0.2619 0.4123 0.2991 0.2627 -90.0000 -14.4344 90.0000 -12.5705 84.0071 27.0559 4.9394 1.7750 -42.9676 -0.4454 0.0774 -0.0185 0.0001 0.0000 0.0000 -0.0000 0.0000 0.0000 -0.0008 -0.0013 -0.0000 0.0001 -0.0004 0.0000 -0.0000 0.0000 0.0000 -0.0000 0.0000 0.0000 -0.0000 0.0002 0.0000 0.0003 -0.0006 0.0000 -0.0006 0.0004 0.0000 0.0001 0.0000 0.0000 -0.0000 0.0000 0.0000 -0.0002 -0.0010 -0.0000 30.0001 0.0002 -0.0001 -29.9998 0.0005 0.0002 -0.0000 0.0000 0.0000 -0.5151 1.5567 0.3092 -0.5151 1.5567 0.3092 88.2399 -19.1119 -87.3367 52.2545 81.8687 -64.5554 -6.9407 3.3208 36.4079 0.4081 0.0943 0.0255 0.0001 -0.0001 0.0000 -0.0000 0.0000 0.0000 0.0003 -0.0006 0.0000 0.0001 -0.0001 0.0000 -0.0000 0.0000 0.0000 -0.0000 0.0000 0.0000 0.0001 0.0007 -0.0000 0.0001 -0.0012 0.0000 0.0003 -0.0008 0.0000 -0.0000 0.0001 0.0000 -0.0000 0.0000 0.0000 -0.0000 -0.0009 0.0000 -29.9996 0.0002 0.0001 29.9996 -0.0003 0.0001 -0.0000 0.0000 0.0000 -178.8530 4.0909 -4.3437 0.0778 -12.0983 -0.0468 19.2690 72.2480 -22.6633 -0.0000 25.3510 0.0000 -177.8274 5.7505 -2.4285 -0.0851 -13.4737 -0.0205 -21.2999 72.0954 22.3005 -0.0001 25.3508 0.0000
10.0066 96.0060 -31.7885 0.2397 0.8565 0.7429 0.4331 0.3527 0.2921 0.4331 0.3528 0.2921 0.4344 0.3538 0.2930 -90.0000 -14.4126 90.0000 -12.2262 84.0370 26.6992 4.9944 1.9015 -42.9788 -0.4449 0.0745 -0.0189 0.0001 0.0000 0.0000 -0.0000 0.0000 0.0000 -0.0008 -0.0013 -0.0000 0.0001 -0.0004 0.0000 -0.0000 0.0000 0.0000 -0.0000 0.0000 0.0000 -0.0000 0.0002 0.0000 0.0003 -0.0006 0.0000 -0.0006 0.0004 0.0000 0.0001 0.0000 0.0000 -0.0000 0.0000 0.0000 -0.0002 -0.0010 -0.0000 30.0001 0.0002 -0.0001 -29.9998 0.0005 0.0002 -0.0000 0.0000 0.0000 -0.5478 1.5378 0.3210 -0.5478 1.5378 0.3210 88.2182 -19.1369 -87.2469 51.6976 81.8737 -64.0865 -7.0271 3.4123 36.4286 0.4101 0.0939 0.0260 0.0001 -0.0001 0.0000 -0.0000 0.0000 0.0000 0.0003 -0.0006 0.0000 0.0001 -0.0001 0.0000 -0.0000 0.0000 0.0000 -0.0000 0.0000 0.0000 0.0001 0.0007 -0.0000 0.0001 -0.0012 0.0000 0.0003 -0.0008 0.0000 -0.0000 0.0001 0.0000 -0.0000 0.0000 0.0000 -0.0000 -0.0008 0.0000 -29.9996 0.0002 0.0001 29.9996 -0.0003 0.0001 -0.0000 0.0000 0.0000 -178.8296 4.3603 -4.2074 0.0773 -12.3608 -0.0506 19.1914 72.2800 -22.5791 -0.0000 25.3510 0.0000 -177.8006 5.9623 -2.4735 -0.0852 -13.7106 -0.0203 -21.8094 72.1405 22.8225 -0.0001 25.3508 0.0000
9.9208 95.9875 -31.8815 0.2759 0.9337 0.9310 0.4576 0.4013 0.3270 0.4576 0.4014 0.3270 0.4590 0.4025 0.3280 -90.0000 -14.3705 90.0000 -11.8812 84.0833 26.3390 5.0311 2.0277 -42.9587 -0.4432 0.0718 -0.0191 0.0001 0.0000 0.0000 -0.0000 0.0000 0.0000 -0.0008 -0.0013 -0.0000 0.0001 -0.0004 0.0000 -0.0000 0.0000 0.0000 -0.0000 0.0000 0.0000 -0.0000 0.0002 0.0000 0.0003 -0.0006 0.0000 -0.0006 0.0004 0.0000 0.0001 0.0000 0.0000 -0.0000 0.0000 0.0000 -0.0002 -0.0010 -0.0000 30.0001 0.0002 -0.0001 -29.9998 0.0005 0.0001 -0.0000 0.0000 0.0000 -0.5815 1.5243 0.3324 -0.5815 1.5243 0.3324 88.1844 -19.1594 -87.1716 51.0443 81.8758 -63.5135 -7.1266 3.5152 36.4558 0.4134 0.0939 0.0267 0.0001 -0.0001 0.0000 -0.0000 0.0000 0.0000 0.0003 -0.0006 0.0000 0.0001 -0.0001 0.0000 -0.0000 0.0000 0.0000 -0.0000 0.0000 0.0000 0.0001 0.0007 -0.0000 0.0001 -0.0012 0.0000 0.0003 -0.0008 0.0000 -0.0000 0.0001 0.0000 -0.0000 0.0000 0.0000 -0.0000 -0.0008 0.0000 -29.9996 0.0002 0.0001 29.9995 -0.0003 0.0001 -0.0000 0.0000 0.0000 -178.8186 4.6266 -4.0551 0.0768 -12.5664 -0.0541 19.1442 72.2468 -22.5350 -0.0000 25.3510 0.0000 -177.7699 6.2029 -2.5478 -0.0848 -13.9526 -0.0169 -22.3635 72.1732 23.3765 -0.0001 25.3508 0.0000
9.8381 95.9711 -31.9743 0.3250 1.0364 1.1097 0.4849 0.4412 0.3646 0.4849 0.4412 0.3646 0.4864 0.4425 0.3656 -90.0000 -14.3100 90.0000 -11.5547 84.1408 25.9862 5.0623 2.1528 -42.8990 -0.4431 0.0696 -0.0196 0.0001 0.0000 0.0000 -0.0000 0.0000 0.0000 -0.0008 -0.0013 -0.0000 0.0001 -0.0004 0.0000 -0.0000 0.0000 0.0000 -0.0000 0.0000 0.0000 -0.0000 0.0002 0.0000 0.0003 -0.0006 0.0000 -0.0006 0.0004 0.0000 0.0001 0.0000 0.0000 -0.0000 0.0000 0.0000 -0.0002 -0.0010 -0.0000 30.0001 0.0002 -0.0001 -29.9998 0.0005 0.0002 -0.0000 0.0000 0.0000 -0.6182 1.5161 0.3424 -0.6182 1.5161 0.3424 88.1380 -19.1795 -87.1098 50.3075 81.8730 -62.8559 -7.2361 3.6277 36.4951 0.4162 0.0939 0.0275 0.0001 -0.0001 0.0000 -0.0000 0.0000 0.0000 0.0003 -0.0006 0.0000 0.0001 -0.0001 0.0000 -0.0000 0.0000 0.0000 -0.0000 0.0000 0.0000 0.0001 0.0007 -0.0000 0.0001 -0.0011 0.0000 0.0003 -0.0008 0.0000 -0.0000 0.0001 0.0000 -0.0000 0.0000 0.0000 -0.0000 -0.0009 0.0000 -29.9996 0.0002 0.0001 29.9996 -0.0003 0.0001 -0.0000 0.0000 0.0000 -178.8256 4.9081 -3.9117 0.0761 -12.7521 -0.0599 19.0718 72.1850 -22.4747 -0.0000 25.3510 0.0000 -177.7481 6.4728 -2.6308 -0.0844 -14.1997 -0.0131 -22.9114 72.2042 23.9245 -0.0001 25.3508 0.0000
9.7648 95.9601 -32.0542 0.3920 1.1829 1.2750 0.5186 0.4663 0.4037 0.5186 0.4664 0.4037 0.5202 0.4678 0.4049 -90.0000 -14.2238 90.0000 -11.3656 84.2170 25.7438 5.0797 2.2878 -42.7928 -0.4399 0.0672 -0.0197 0.0001 0.0000 0.0000 -0.0000 0.0000 0.0000 -0.0008 -0.0013 -0.0000 0.0001 -0.0004 0.0000 -0.0000 0.0000 0.0000 -0.0000 0.0000 0.0000 -0.0000 0.0002 0.0000 0.0003 -0.0006 0.0000 -0.0006 0.0004 0.0000 0.0001 0.0000 0.0000 -0.0000 0.0000 0.0000 -0.0002 -0.0010 -0.0000 30.0001 0.0002 -0.0001 -29.9998 0.0005 0.0002 -0.0000 0.0000 0.0000 -0.6648 1.5115 0.3489 -0.6648 1.5115 0.3489 88.0729 -19.2040 -87.0662 49.4030 81.8605 -62.0406 -7.3587 3.7524 36.5568 0.4197 0.0945 0.0283 0.0001 -0.0001 0.0000 -0.0000 0.0000 0.0000 0.0003 -0.0006 0.0000 0.0001 -0.0001 0.0000 -0.0000 0.0000 0.0000 -0.0000 0.0000 0.0000 0.0001 0.0007 -0.0000 0.0001 -0.0012 0.0000 0.0003 -0.0008 0.0000 -0.0000 0.0001 0.0000 -0.0000 0.0000 0.0000 -0.0000 -0.0009 0.0000 -29.9996 0.0002 0.0001 29.9996 -0.0003 0.0001 -0.0000 0.0000 0.0000 -178.8543 5.2487 -3.8109 0.0748 -12.9852 -0.0701 18.9158 72.1404 -22.3590 -0.0000 25.3511 0.0000 -177.7549 6.7740 -2.6966 -0.0842 -14.4364 -0.0117 -23.3632 72.2451 24.3925 -0.0001 25.3508 0.0000
9.6894 95.9536 -32.1195 0.4685 1.3648 1.4310 0.5605 0.4810 0.4414 0.5606 0.4811 0.4414 0.5622 0.4825 0.4427 -90.0000 -14.1230 90.0000 -11.2708 84.3159 25.5838 5.0835 2.4350 -42.6739 -0.4371 0.0648 -0.0199 0.0001 0.0000 0.0000 -0.0000 0.0000 0.0000 -0.0008 -0.0013 -0.0000 0.0001 -0.0004 0.0000 -0.0000 0.0000 0.0000 -0.0000 0.0000 0.0000 -0.0000 0.0002 0.0000 0.0003 -0.0006 0.0000 -0.0006 0.0004 0.0000 0.0001 0.0000 0.0000 -0.0000 0.0000 0.0000 -0.0002 -0.0010 -0.0000 30.0001 0.0002 -0.0001 -29.9998 0.0005 0.0002 -0.0000 0.0000 0.0000 -0.7240 1.5060 0.3583 -0.7240 1.5060 0.3583 87.9966 -19.2312 -87.0358 48.2993 81.8365 -61.0357 -7.4917 3.8842 36.6367 0.4241 0.0955 0.0293 0.0001 -0.0001 0.0000 -0.0000 0.0000 0.0000 0.0003 -0.0006 0.0000 0.0001 -0.0001 0.0000 -0.0000 0.0000 0.0000 -0.0000 0.0000 0.0000 0.0001 0.0007 -0.0000 0.0001 -0.0012 0.0000 0.0003 -0.0008 0.0000 -0.0000 0.0001 0.0000 -0.0000 0.0000 0.0000 -0.0000 -0.0009 0.0000 -29.9996 0.0002 0.0001 29.9996 -0.0003 0.0001 -0.0000 0.0000 0.0000 -178.8864 5.6426 -3.7553 0.0730 -13.2730 -0.0840 18.6524 72.1194 -22.1672 -0.0000 25.3510 0.0000 -177.7808 7.0823 -2.7214 -0.0840 -14.6344 -0.0106 -23.6623 72.2930 24.7156 -0.0001 25.3508 0.0000
9.6011 95.9506 -32.1772 0.5477 1.5722 1.5830 0.6103 0.4885 0.4764 0.6104 0.4886 0.4764 0.6122 0.4901 0.4779 -90.0000 -14.0162 90.0000 -11.3144 84.4368 25.5518 5.0798 2.5936 -42.5512 -0.4348 0.0624 -0.0201 0.0001 0.0000 0.0000 -0.0000 0.0000 0.0000 -0.0008 -0.0013 -0.0000 0.0001 -0.0004 0.0000 -0.0000 0.0000 0.0000 -0.0000 0.0000 0.0000 -0.0000 0.0002 0.0000 0.0003 -0.0006 0.0000 -0.0006 0.0004 0.0000 0.0001 0.0000 0.0000 -0.0000 0.0000 0.0000 -0.0002 -0.0010 -0.0000 30.0001 0.0002 -0.0001 -29.9998 0.0005 0.0002 -0.0000 0.0000 0.0000 -0.7923 1.4953 0.3669 -0.7923 1.4953 0.3669 87.9180 -19.2588 -87.0181 46.9974 81.8010 -59.8378 -7.6328 4.0207 36.7295 0.4273 0.0966 0.0303 0.0001 -0.0001 0.0000 -0.0000 0.0000 0.0000 0.0003 -0.0006 0.0000 0.0001 -0.0001 0.0000 -0.0000 0.0000 0.0000 -0.0000 0.0000 0.0000 0.0001 0.0007 -0.0000 0.0001 -0.0012 0.0000 0.0003 -0.0008 0.0000 -0.0000 0.0001 0.0000 -0.0000 0.0000 0.0000 -0.0000 -0.0009 0.0000 -29.9996 0.0002 0.0001 29.9996 -0.0003 0.0001 -0.0000 0.0000 0.0000 -178.9101 6.0602 -3.7335 0.0709 -13.5622 -0.0991 18.2865 72.1053 -21.9233 -0.0000 25.3510 0.0000 -177.8123 7.3863 -2.7003 -0.0838 -14.7811 -0.0085 -23.8129 72.3379 24.8865 -0.0001 25.3508 0.0000
9.4959 95.9618 -32.2429 0.6239 1.8065 1.7421 0.6714 0.4902 0.5036 0.6715 0.4903 0.5037 0.6734 0.4917 0.5051 -90.0000 -13.9103 90.0000 -11.6308 84.5900 25.7846 5.0711 2.7659 -42.4386 -0.4302 0.0595 -0.0203 0.0001 0.0000 0.0000 -0.0000 0.0000 0.0000 -0.0008 -0.0013 -0.0000 0.0001 -0.0004 0.0000 -0.0000 0.0000 0.0000 -0.0000 0.0000 0.0000 -0.0000 0.0002 0.0000 0.0003 -0.0006 0.0000 -0.0006 0.0004 0.0000 0.0001 0.0000 0.0000 -0.0000 0.0000 0.0000 -0.0002 -0.0010 -0.0000 30.0001 0.0002 -0.0001 -29.9998 0.0005 0.0002 -0.0000 0.0000 0.0000 -0.8665 1.4730 0.3677 -0.8665 1.4730 0.3677 87.8471 -19.2905 -87.0196 45.3574 81.7521 -58.3061 -7.7818 4.1601 36.8353 0.4319 0.0982 0.0314 0.0001 -0.0001 0.0000 -0.0000 0.0000 0.0000 0.0003 -0.0006 0.0000 0.0001 -0.0001 0.0000 -0.0000 0.0000 0.0000 -0.0000 0.0000 0.0000 0.0001 0.0007 -0.0000 0.0001 -0.0012 0.0000 0.0003 -0.0008 0.0000 -0.0000 0.0001 0.0000 -0.0000 0.0000 0.0000 -0.0000 -0.0008 0.0000 -29.9996 0.0002 0.0001 29.9996 -0.0003 0.0001 -0.0000 0.0000 0.0000 -178.9231 6.4717 -3.7256 0.0691 -13.7678 -0.1138 17.8339 72.0770 -21.6822 -0.0000 25.3510 0.0000 -177.8447 7.6843 -2.6149 -0.0836 -14.8494 -0.0067 -23.8030 72.3574 24.8864 -0.0001 25.3508 0.0000
9.3853 95.9747 -32.3364 0.6931 2.0509 1.9147 0.7414 0.4920 0.5218 0.7415 0.4921 0.5218 0.7437 0.4936 0.5233 -90.0000 -13.8289 90.0000 -12.1137 84.7786 26.1927 5.0555 2.9496 -42.3585 -0.4269 0.0566 -0.0204 0.0001 0.0000 0.0000 -0.0000 0.0000 0.0000 -0.0008 -0.0013 -0.0000 0.0001 -0.0004 0.0000 -0.0000 0.0000 0.0000 -0.0000 0.0000 0.0000 -0.0000 0.0003 0.0000 0.0003 -0.0006 0.0000 -0.0006 0.0004 0.0000 0.0001 0.0000 0.0000 -0.0000 0.0000 0.0000 -0.0002 -0.0010 -0.0000 30.0001 0.0002 -0.0001 -29.9998 0.0005 0.0002 -0.0000 0.0000 0.0000 -0.9398 1.4418 0.3620 -0.9398 1.4418 0.3620 87.7833 -19.3274 -87.0337 43.4750 81.6987 -56.5214 -7.9266 4.2958 36.9373 0.4372 0.1002 0.0325 0.0001 -0.0001 0.0000 -0.0000 0.0000 0.0000 0.0003 -0.0006 0.0000 0.0001 -0.0001 0.0000 -0.0000 0.0000 0.0000 -0.0000 0.0000 0.0000 0.0001 0.0007 -0.0000 0.0001 -0.0012 0.0000 0.0003 -0.0008 0.0000 -0.0000 0.0001 0.0000 -0.0000 0.0000 0.0000 -0.0000 -0.0009 0.0000 -29.9996 0.0002 0.0001 29.9996 -0.0003 0.0001 -0.0000 0.0000 0.0000 -178.9411 6.8251 -3.6701 0.0678 -13.8024 -0.1243 17.4575 71.9937 -21.5532 -0.0000 25.3510 0.0000 -177.8730 7.9875 -2.5017 -0.0832 -14.8709 -0.0043 -23.7523 72.3364 24.8384 -0.0001 25.3508 0.0000
9.2890 95.9898 -32.4566 0.7555 2.2932 2.0973 0.8189 0.4984 0.5325 0.8190 0.4985 0.5326 0.8213 0.4999 0.5342 -90.0000 -13.7643 90.0000 -12.8169 84.9897 26.8334 5.0399 3.1415 -42.3135 -0.4232 0.0534 -0.0206 0.0001 0.0000 0.0000 -0.0000 0.0000 0.0000 -0.0008 -0.0013 -0.0000 0.0001 -0.0004 0.0000 -0.0000 0.0000 0.0000 -0.0000 0.0000 0.0000 -0.0000 0.0002 0.0000 0.0003 -0.0006 0.0000 -0.0006 0.0004 0.0000 0.0001 0.0000 0.0000 -0.0000 0.0000 0.0000 -0.0002 -0.0010 -0.0000 30.0001 0.0002 -0.0001 -29.9998 0.0005 0.0002 -0.0000 0.0000 0.0000 -1.0112 1.4014 0.3506 -1.0112 1.4014 0.3506 87.7236 -19.3690 -87.0557 41.4528 81.6354 -54.5830 -8.0712 4.4275 37.0394 0.4425 0.1021 0.0337 0.0001 -0.0001 0.0000 -0.0000 0.0000 0.0000 0.0003 -0.0006 0.0000 0.0001 -0.0001 0.0000 -0.0000 0.0000 0.0000 -0.0000 0.0000 0.0000 0.0001 0.0007 -0.0000 0.0001 -0.0012 0.0000 0.0003 -0.0008 0.0000 -0.0000 0.0001 0.0000 -0.0000 0.0000 0.0000 -0.0000 -0.0008 0.0000 -29.9997 0.0002 0.0001 29.9996 -0.0003 0.0001 -0.0000 0.0000 0.0000 -178.9770 7.1014 -3.5626 0.0672 -13.6608 -0.1301 17.2028 71.8665 -21.5308 -0.0000 25.3510 0.0000 -177.9070 8.3018 -2.3743 -0.0831 -14.8843 -0.0035 -23.7053 72.2907 24.7992 -0.0001 25.3508 0.0000
9.2254 95.9968 -32.6116 0.8071 2.5084 2.2837 0.9066 0.5215 0.5353 0.9067 0.5216 0.5354 0.9093 0.5231 0.5369 -90.0000 -13.7073 90.0000 -13.8332 85.2160 27.8051 5.0338 3.3411 -42.3203 -0.4190 0.0496 -0.0208 0.0001 0.0000 0.0000 -0.0000 0.0000 0.0000 -0.0008 -0.0013 -0.0000 0.0001 -0.0004 0.0000 -0.0000 0.0000 0.0000 -0.0000 0.0000 0.0000 -0.0000 0.0002 0.0000 0.0003 -0.0006 0.0000 -0.0006 0.0004 0.0000 0.0001 0.0000 0.0000 -0.0000 0.0000 0.0000 -0.0002 -0.0010 -0.0000 30.0001 0.0002 -0.0001 -29.9998 0.0005 0.0002 -0.0000 0.0000 0.0000 -1.0819 1.3421 0.3333 -1.0819 1.3421 0.3333 87.6705 -19.4151 -87.0786 39.3253 81.5545 -52.5103 -8.2235 4.5549 37.1543 0.4490 0.1041 0.0350 0.0001 -0.0001 0.0000 -0.0000 0.0000 0.0000 0.0003 -0.0006 0.0000 0.0001 -0.0001 0.0000 -0.0000 0.0000 0.0000 -0.0000 0.0000 0.0000 0.0001 0.0007 -0.0000 0.0001 -0.0012 0.0000 0.0003 -0.0008 0.0000 -0.0000 0.0001 0.0000 -0.0000 0.0000 0.0000 -0.0000 -0.0009 0.0000 -29.9996 0.0002 0.0001 29.9996 -0.0003 0.0001 -0.0000 0.0000 0.0000 -179.0370 7.2164 -3.4283 0.0681 -13.2338 -0.1268 16.9860 71.6825 -21.5069 -0.0000 25.3510 0.0000 -177.9514 8.6098 -2.2472 -0.0835 -14.8938 -0.0059 -23.7065 72.2124 24.8218 -0.0001 25.3508 0.0000
9.1877 96.0078 -32.7779 0.8542 2.6867 2.4599 1.0004 0.5639 0.5345 1.0005 0.5641 0.5346 1.0034 0.5657 0.5361 -90.0000 -13.6460 90.0000 -15.0317 85.4463 28.9681 5.0372 3.5437 -42.3568 -0.4157 0.0457 -0.0211 0.0001 0.0000 0.0000 -0.0000 0.0000 0.0000 -0.0008 -0.0013 -0.0000 0.0001 -0.0004 0.0000 -0.0000 0.0000 0.0000 -0.0000 0.0000 0.0000 -0.0000 0.0003 0.0000 0.0003 -0.0006 0.0000 -0.0006 0.0004 0.0000 0.0001 0.0000 0.0000 -0.0000 0.0000 0.0000 -0.0002 -0.0010 -0.0000 30.0001 0.0002 -0.0001 -29.9998 0.0005 0.0002 -0.0000 0.0000 0.0000 -1.1485 1.2653 0.3140 -1.1485 1.2653 0.3140 87.6256 -19.4644 -87.0964 37.1823 81.4587 -50.3925 -8.3807 4.6791 37.2904 0.4550 0.1054 0.0363 0.0001 -0.0001 0.0000 -0.0000 0.0000 0.0000 0.0003 -0.0006 0.0000 0.0001 -0.0001 0.0000 -0.0000 0.0000 0.0000 -0.0000 0.0000 0.0000 0.0001 0.0007 -0.0000 0.0001 -0.0012 0.0000 0.0003 -0.0008 0.0000 -0.0000 0.0001 0.0000 -0.0000 0.0000 0.0000 -0.0000 -0.0009 0.0000 -29.9996 0.0002 0.0001 29.9996 -0.0003 0.0001 -0.0000 0.0000 0.0000 -179.1037 7.2765 -3.3127 0.0694 -12.7784 -0.1198 16.9090 71.5295 -21.6034 -0.0000 25.3510 0.0000 -178.0076 8.8709 -2.1313 -0.0842 -14.8689 -0.0114 -23.7274 72.1049 24.8729 -0.0001 25.3508 0.0000
9.1532 96.0280 -32.9482 0.9014 2.8334 2.6153 1.0974 0.6212 0.5323 1.0975 0.6213 0.5324 1.1007 0.6232 0.5339 -90.0000 -13.5796 90.0000 -16.4260 85.6716 30.3304 5.0524 3.7484 -42.4053 -0.4123 0.0416 -0.0214 0.0001 0.0000 0.0000 -0.0000 0.0000 0.0000 -0.0008 -0.0013 -0.0000 0.0001 -0.0004 0.0000 -0.0000 0.0000 0.0000 -0.0000 0.0000 0.0000 -0.0000 0.0002 0.0000 0.0003 -0.0006 0.0000 -0.0006 0.0004 0.0000 0.0001 0.0000 0.0000 -0.0000 0.0000 0.0000 -0.0002 -0.0010 -0.0000 30.0001 0.0002 -0.0001 -29.9998 0.0005 0.0002 -0.0000 0.0000 0.0000 -1.2055 1.1803 0.2947 -1.2055 1.1803 0.2947 87.5871 -19.5147 -87.1138 35.0349 81.3509 -48.2475 -8.5394 4.7988 37.4475 0.4615 0.1064 0.0375 0.0001 -0.0001 0.0000 -0.0000 0.0000 0.0000 0.0003 -0.0006 0.0000 0.0001 -0.0001 0.0000 -0.0000 0.0000 0.0000 -0.0000 0.0000 0.0000 0.0001 0.0007 -0.0000 0.0001 -0.0012 0.0000 0.0003 -0.0008 0.0000 -0.0000 0.0001 0.0000 -0.0000 0.0000 0.0000 -0.0000 -0.0009 0.0000 -29.9996 0.0002 0.0001 29.9996 -0.0003 0.0001 -0.0000 0.0000 0.0000 -179.1799 7.3523 -3.2246 0.0703 -12.5276 -0.1138 17.2437 71.5033 -22.0478 -0.0000 25.3510 0.0000 -178.0666 9.0752 -2.0219 -0.0848 -14.7861 -0.0163 -23.7097 71.9685 24.8768 -0.0001 25.3508 0.0000
9.1160 96.0564 -33.1074 0.9536 2.9390 2.7205 1.1941 0.6930 0.5313 1.1943 0.6931 0.5314 1.1977 0.6951 0.5328 -90.0000 -13.5069 90.0000 -18.1391 85.8664 32.0063 5.0953 3.9583 -42.4498 -0.4098 0.0378 -0.0218 0.0001 0.0000 0.0000 -0.0000 0.0000 0.0000 -0.0008 -0.0013 -0.0000 0.0001 -0.0004 0.0000 -0.0000 0.0000 0.0000 -0.0000 0.0000 0.0000 -0.0000 0.0002 0.0000 0.0003 -0.0006 0.0000 -0.0006 0.0004 0.0000 0.0001 0.0000 0.0000 -0.0000 0.0000 0.0000 -0.0002 -0.0010 -0.0000 30.0001 0.0002 -0.0001 -29.9998 0.0005 0.0002 -0.0000 0.0000 0.0000 -1.2435 1.0982 0.2786 -1.2435 1.0982 0.2786 87.5574 -19.5663 -87.1435 32.8763 81.2343 -46.0733 -8.6958 4.9044 37.6353 0.4680 0.1071 0.0388 0.0001 -0.0001 0.0000 -0.0000 0.0000 0.0000 0.0003 -0.0006 0.0000 0.0001 -0.0001 0.0000 -0.0000 0.0000 0.0000 -0.0000 0.0000 0.0000 0.0001 0.0007 -0.0000 0.0001 -0.0012 0.0000 0.0003 -0.0008 0.0000 -0.0000 0.0001 0.0000 -0.0000 0.0000 0.0000 -0.0000 -0.0009 0.0000 -29.9996 0.0002 0.0001 29.9996 -0.0003 0.0001 -0.0000 0.0000 0.0000 -179.2924 7.5076 -3.2113 0.0692 -12.8916 -0.1207 18.5372 71.8509 -23.3067 -0.0000 25.3510 0.0000 -178.1274 9.1936 -1.9085 -0.0853 -14.6218 -0.0207 -23.5502 71.8155 24.7149 -0.0001 25.3508 0.0000
9.0778 96.0885 -33.2595 1.0092 3.0227 2.7733 1.2884 0.7662 0.5336 1.2887 0.7664 0.5337 1.2923 0.7686 0.5352 -90.0000 -13.4218 90.0000 -20.2424 86.0074 34.0569 5.1685 4.1782 -42.4805 -0.4072 0.0344 -0.0224 0.0001 0.0000 0.0000 -0.0000 0.0000 0.0000 -0.0008 -0.0013 -0.0000 0.0001 -0.0004 0.0000 -0.0000 0.0000 0.0000 -0.0000 0.0000 0.0000 -0.0000 0.0002 0.0000 0.0003 -0.0006 0.0000 -0.0006 0.0004 0.0000 0.0001 0.0000 0.0000 -0.0000 0.0000 0.0000 -0.0002 -0.0010 -0.0000 30.0001 0.0002 -0.0001 -29.9998 0.0005 0.0002 -0.0000 0.0000 0.0000 -1.2652 1.0329 0.2646 -1.2652 1.0329 0.2646 87.5334 -19.6270 -87.1934 30.7455 81.1078 -43.9301 -8.8482 4.9872 37.8456 0.4748 0.1078 0.0400 0.0001 -0.0001 0.0000 -0.0000 0.0000 0.0000 0.0003 -0.0006 0.0000 0.0001 -0.0001 0.0000 -0.0000 0.0000 0.0000 -0.0000 0.0000 0.0000 0.0001 0.0007 -0.0000 0.0001 -0.0012 0.0000 0.0003 -0.0008 0.0000 -0.0000 0.0001 0.0000 -0.0000 0.0000 0.0000 -0.0000 -0.0009 0.0000 -29.9996 0.0002 0.0001 29.9996 -0.0003 0.0001 -0.0000 0.0000 0.0000 -179.4350 7.6680 -3.3727 0.0657 -13.6753 -0.1425 20.2956 72.4056 -24.9234 -0.0000 25.3510 0.0000 -178.1888 9.2828 -1.7856 -0.0858 -14.4453 -0.0242 -23.2463 71.6793 24.3853 -0.0001 25.3508 0.0000
9.0485 96.1173 -33.4129 1.0638 3.0999 2.7778 1.3819 0.8326 0.5387 1.3822 0.8328 0.5388 1.3860 0.8352 0.5403 -90.0000 -13.3384 90.0000 -22.6327 86.1065 36.3809 5.2749 4.4099 -42.5035 -0.4036 0.0313 -0.0230 0.0001 0.0000 0.0000 -0.0000 0.0000 0.0000 -0.0008 -0.0013 -0.0000 0.0001 -0.0004 0.0000 -0.0000 0.0000 0.0000 -0.0000 0.0000 0.0000 -0.0000 0.0002 0.0000 0.0003 -0.0006 0.0000 -0.0006 0.0004 0.0000 0.0001 0.0000 0.0000 -0.0000 0.0000 0.0000 -0.0002 -0.0010 -0.0000 30.0001 0.0002 -0.0001 -29.9998 0.0005 0.0002 -0.0000 0.0000 0.0000 -1.2732 0.9928 0.2534 -1.2732 0.9928 0.2534 87.5113 -19.6999 -87.2651 28.6411 80.9801 -41.8075 -8.9825 5.0425 38.0576 0.4815 0.1087 0.0412 0.0001 -0.0001 0.0000 -0.0000 0.0000 0.0000 0.0003 -0.0006 0.0000 0.0001 -0.0001 0.0000 -0.0000 0.0000 0.0000 -0.0000 0.0000 0.0000 0.0001 0.0007 -0.0000 0.0001 -0.0012 0.0000 0.0003 -0.0008 0.0000 -0.0000 0.0001 0.0000 -0.0000 0.0000 0.0000 -0.0000 -0.0009 0.0000 -29.9997 0.0002 0.0001 29.9996 -0.0003 0.0001 -0.0000 0.0000 0.0000 -179.5578 7.8068 -3.9289 0.0607 -14.6507 -0.1711 21.6564 73.0432 -26.0055 -0.0000 25.3510 0.0000 -178.2539 9.3735 -1.6456 -0.0861 -14.2769 -0.0274 -22.7789 71.5656 23.8746 -0.0001 25.3508 0.0000
9.0449 96.1428 -33.5752 1.1039 3.1747 2.7241 1.4747 0.8841 0.5422 1.4750 0.8844 0.5424 1.4791 0.8869 0.5437 -90.0000 -13.2568 90.0000 -25.1909 86.1263 38.8442 5.4383 4.6603 -42.5295 -0.4022 0.0288 -0.0239 0.0001 0.0000 0.0000 -0.0000 0.0000 0.0000 -0.0008 -0.0013 -0.0000 0.0001 -0.0004 0.0000 -0.0000 0.0000 0.0000 -0.0000 0.0000 0.0000 -0.0000 0.0002 0.0000 0.0003 -0.0006 0.0000 -0.0006 0.0004 0.0000 0.0001 0.0000 0.0000 -0.0000 0.0000 0.0000 -0.0002 -0.0010 -0.0000 30.0001 0.0002 -0.0001 -29.9998 0.0005 0.0002 -0.0000 0.0000 0.0000 -1.2565 1.0018 0.2474 -1.2565 1.0018 0.2474 87.4987 -19.7885 -87.3560 26.6249 80.8601 -39.7539 -9.0838 5.0518 38.2524 0.4877 0.1095 0.0421 0.0001 -0.0001 0.0000 -0.0000 0.0000 0.0000 0.0003 -0.0006 0.0000 0.0001 -0.0001 0.0000 -0.0000 0.0000 0.0000 -0.0000 0.0000 0.0000 0.0001 0.0007 -0.0000 0.0001 -0.0012 0.0000 0.0003 -0.0008 0.0000 -0.0000 0.0001 0.0000 -0.0000 0.0000 0.0000 -0.0000 -0.0008 0.0000 -29.9996 0.0002 0.0001 29.9996 -0.0003 0.0001 -0.0000 0.0000 0.0000 -179.6795 7.8700 -4.6286 0.0543 -15.6821 -0.2070 23.1584 73.5925 -27.0982 -0.0000 25.3510 0.0000 -178.3237 9.4908 -1.4571 -0.0866 -14.1471 -0.0313 -22.0385 71.4977 23.0739 -0.0001 25.3508 0.0000
9.0765 96.1606 -33.7383 1.1206 3.2518 2.6386 1.5674 0.9233 0.5401 1.5679 0.9236 0.5403 1.5721 0.9261 0.5417 -90.0000 -13.1899 90.0000 -27.9267 86.0886 41.4600 5.6337 4.9258 -42.5784 -0.3994 0.0265 -0.0248 0.0001 0.0000 0.0000 -0.0000 0.0000 0.0000 -0.0008 -0.0013 -0.0000 0.0001 -0.0004 0.0000 -0.0000 0.0000 0.0000 -0.0000 0.0000 0.0000 -0.0001 0.0002 0.0000 0.0003 -0.0006 0.0000 -0.0006 0.0004 0.0000 0.0001 0.0000 0.0000 -0.0000 0.0000 0.0000 -0.0002 -0.0010 -0.0000 30.0001 0.0002 -0.0001 -29.9998 0.0005 0.0002 -0.0000 0.0000 0.0000 -1.2249 1.0435 0.2440 -1.2249 1.0435 0.2440 87.4979 -19.8897 -87.4433 24.7872 80.7523 -37.8438 -9.1581 5.0245 38.4236 0.4935 0.1098 0.0428 0.0001 -0.0001 0.0000 -0.0000 0.0000 0.0000 0.0003 -0.0006 0.0000 0.0001 -0.0001 0.0000 -0.0000 0.0000 0.0000 -0.0000 0.0000 0.0000 0.0001 0.0007 -0.0000 0.0001 -0.0012 0.0000 0.0003 -0.0008 0.0000 -0.0000 0.0001 0.0000 -0.0000 0.0000 0.0000 -0.0000 -0.0009 0.0000 -29.9997 0.0002 0.0001 29.9996 -0.0003 0.0001 -0.0000 0.0000 0.0000 -179.7951 7.8724 -5.4086 0.0462 -16.7338 -0.2489 24.4248 74.1151 -27.8589 -0.0000 25.3510 0.0000 -178.3969 9.6254 -1.2176 -0.0873 -14.0418 -0.0371 -21.0729 71.4648 22.0466 -0.0001 25.3508 0.0000
9.1365 96.1694 -33.8930 1.1153 3.3278 2.5363 1.6623 0.9558 0.5296 1.6628 0.9561 0.5298 1.6674 0.9587 0.5312 -90.0000 -13.1353 90.0000 -30.6706 86.0223 44.0625 5.8305 5.1967 -42.6534 -0.3971 0.0241 -0.0257 0.0001 0.0000 0.0000 -0.0000 0.0000 0.0000 -0.0008 -0.0013 -0.0000 0.0001 -0.0004 0.0000 -0.0000 0.0000 0.0000 -0.0000 0.0000 0.0000 -0.0000 0.0002 0.0000 0.0003 -0.0006 0.0000 -0.0006 0.0004 0.0000 0.0001 0.0000 0.0000 -0.0000 0.0000 0.0000 -0.0002 -0.0010 -0.0000 30.0001 0.0002 -0.0001 -29.9998 0.0005 0.0002 -0.0000 0.0000 0.0000 -1.1865 1.1004 0.2435 -1.1865 1.1004 0.2435 87.5036 -19.9946 -87.5134 23.1230 80.6571 -36.0630 -9.2110 4.9704 38.5757 0.4998 0.1097 0.0432 0.0001 -0.0001 0.0000 -0.0000 0.0000 0.0000 0.0003 -0.0006 0.0000 0.0001 -0.0001 0.0000 -0.0000 0.0000 0.0000 -0.0000 0.0000 0.0000 0.0001 0.0007 -0.0000 0.0001 -0.0012 0.0000 0.0003 -0.0008 0.0000 -0.0000 0.0001 0.0000 -0.0000 0.0000 0.0000 -0.0000 -0.0009 0.0000 -29.9996 0.0002 0.0001 29.9996 -0.0003 0.0001 -0.0000 0.0000 0.0000 -179.8910 7.8125 -6.2424 0.0370 -17.7797 -0.2928 25.3106 74.6643 -28.2120 -0.0000 25.3510 0.0000 -178.4685 9.7557 -0.9411 -0.0881 -13.9381 -0.0438 -19.9501 71.4490 20.8628 -0.0001 25.3508 0.0000
9.2192 96.1790 -34.0347 1.0711 3.3920 2.4241 1.7646 0.9836 0.5026 1.7652 0.9840 0.5028 1.7699 0.9867 0.5040 -90.0000 -13.0886 90.0000 -33.2522 85.9022 46.5029 6.0185 5.4837 -42.8011 -0.3956 0.0216 -0.0268 0.0001 0.0000 0.0000 -0.0000 0.0000 0.0000 -0.0008 -0.0013 -0.0000 0.0001 -0.0004 0.0000 -0.0000 0.0000 0.0000 -0.0000 0.0000 0.0000 -0.0000 0.0003 0.0000 0.0003 -0.0006 0.0000 -0.0006 0.0004 0.0000 0.0001 0.0000 0.0000 -0.0000 0.0000 0.0000 -0.0002 -0.0010 -0.0000 30.0001 0.0002 -0.0001 -29.9998 0.0005 0.0002 -0.0000 0.0000 0.0000 -1.1460 1.1627 0.2508 -1.1460 1.1627 0.2508 87.5177 -20.0855 -87.5521 21.6903 80.5800 -34.4365 -9.2369 4.8913 38.7143 0.5051 0.1084 0.0435 0.0001 -0.0001 0.0000 -0.0000 0.0000 0.0000 0.0003 -0.0006 0.0000 0.0001 -0.0001 0.0000 -0.0000 0.0000 0.0000 -0.0000 0.0000 0.0000 0.0001 0.0007 -0.0000 0.0001 -0.0012 0.0000 0.0003 -0.0008 0.0000 -0.0000 0.0001 0.0000 -0.0000 0.0000 0.0000 -0.0000 -0.0009 0.0000 -29.9996 0.0002 0.0001 29.9996 -0.0003 0.0001 -0.0000 0.0000 0.0000 -179.9319 7.6775 -7.0781 0.0290 -18.7068 -0.3267 25.6054 75.1475 -27.9731 -0.0000 25.3510 0.0000 -178.5161 9.8636 -0.6392 -0.0889 -13.8257 -0.0515 -18.7061 71.4391 19.5557 -0.0001 25.3508 0.0000
9.2938 96.1844 -34.1610 0.9984 3.4429 2.3310 1.8671 1.0089 0.4569 1.8678 1.0094 0.4571 1.8727 1.0121 0.4583 -90.0000 -13.0434 90.0000 -35.5074 85.7483 48.6395 6.1729 5.7672 -43.0335 -0.3927 0.0193 -0.0276 0.0001 0.0000 0.0000 -0.0000 0.0000 0.0000 -0.0008 -0.0013 -0.0000 0.0001 -0.0004 0.0000 -0.0000 0.0000 0.0000 -0.0000 0.0000 0.0000 -0.0000 0.0002 0.0000 0.0003 -0.0006 0.0000 -0.0006 0.0004 0.0000 0.0001 0.0000 0.0000 -0.0000 0.0000 0.0000 -0.0002 -0.0010 -0.0000 30.0001 0.0002 -0.0001 -29.9998 0.0005 0.0002 -0.0000 0.0000 0.0000 -1.1006 1.2186 0.2653 -1.1006 1.2186 0.2653 87.5526 -20.1515 -87.5682 20.3912 80.5108 -32.8770 -9.2440 4.8048 38.8507 0.5099 0.1061 0.0437 0.0001 -0.0001 0.0000 -0.0000 0.0000 0.0000 0.0003 -0.0006 0.0000 0.0001 -0.0001 0.0000 -0.0000 0.0000 0.0000 -0.0000 0.0000 0.0000 0.0001 0.0007 -0.0000 0.0001 -0.0012 0.0000 0.0003 -0.0008 0.0000 -0.0000 0.0001 0.0000 -0.0000 0.0000 0.0000 -0.0000 -0.0009 0.0000 -29.9996 0.0002 0.0001 29.9996 -0.0003 0.0001 -0.0000 0.0000 0.0000 -179.9378 7.4678 -7.7861 0.0235 -19.4111 -0.3470 25.9355 75.5992 -27.8145 -0.0000 25.3510 0.0000 -178.5239 9.9347 -0.3730 -0.0896 -13.6870 -0.0570 -17.5868 71.4030 18.3729 -0.0001 25.3508 0.0000
9.3564 96.1881 -34.2726 0.9101 3.4918 2.2700 1.9649 1.0263 0.3964 1.9656 1.0267 0.3966 1.9708 1.0295 0.3975 -90.0000 -12.9925 90.0000 -37.4800 85.5768 50.5062 6.2731 6.0338 -43.3287 -0.3923 0.0175 -0.0284 0.0001 0.0000 0.0000 -0.0000 0.0000 0.0000 -0.0008 -0.0013 -0.0000 0.0001 -0.0004 0.0000 -0.0000 0.0000 0.0000 -0.0000 0.0000 0.0000 -0.0000 0.0002 0.0000 0.0003 -0.0006 0.0000 -0.0006 0.0004 0.0000 0.0001 0.0000 0.0000 -0.0000 0.0000 0.0000 -0.0002 -0.0010 -0.0000 30.0001 0.0002 -0.0001 -29.9998 0.0005 0.0002 -0.0000 0.0000 0.0000 -1.0402 1.2727 0.2727 -1.0402 1.2727 0.2727 87.6050 -20.2041 -87.5789 19.1604 80.4480 -31.3352 -9.2334 4.7131 38.9878 0.5154 0.1032 0.0438 0.0001 -0.0001 0.0000 -0.0000 0.0000 0.0000 0.0003 -0.0006 0.0000 0.0001 -0.0001 0.0000 -0.0000 0.0000 0.0000 -0.0000 0.0000 0.0000 0.0001 0.0007 -0.0000 0.0001 -0.0012 0.0000 0.0003 -0.0008 0.0000 -0.0000 0.0001 0.0000 -0.0000 0.0000 0.0000 -0.0000 -0.0009 0.0000 -29.9996 0.0002 0.0001 29.9996 -0.0003 0.0001 -0.0000 0.0000 0.0000 -179.9572 7.1727 -8.2851 0.0193 -19.8708 -0.3628 26.7120 75.9764 -28.1635 -0.0000 25.3510 0.0000 -178.4998 9.9966 -0.1763 -0.0896 -13.5559 -0.0580 -16.7251 71.3485 17.4605 -0.0001 25.3508 0.0000
9.4329 96.1806 -34.3696 0.8120 3.5545 2.2738 2.0566 1.0257 0.3120 2.0575 1.0262 0.3122 2.0628 1.0288 0.3129 -90.0000 -12.9274 90.0000 -39.2821 85.3993 52.2008 6.2611 6.2576 -43.6818 -0.3888 0.0161 -0.0286 0.0001 0.0000 0.0000 -0.0000 0.0000 0.0000 -0.0008 -0.0013 -0.0000 0.0001 -0.0004 0.0000 -0.0000 0.0000 0.0000 -0.0000 0.0000 0.0000 -0.0000 0.0002 0.0000 0.0003 -0.0006 0.0000 -0.0006 0.0004 0.0000 0.0001 0.0000 0.0000 -0.0000 0.0000 0.0000 -0.0002 -0.0010 -0.0000 30.0001 0.0002 -0.0001 -29.9998 0.0005 0.0002 -0.0000 0.0000 0.0000 -0.9668 1.3208 0.2680 -0.9668 1.3208 0.2680 87.6517 -20.2235 -87.5923 18.0258 80.3939 -29.8247 -9.1922 4.6137 39.1279 0.5202 0.0999 0.0436 0.0001 -0.0001 0.0000 -0.0000 0.0000 0.0000 0.0003 -0.0006 0.0000 0.0001 -0.0001 0.0000 -0.0000 0.0000 0.0000 -0.0000 0.0000 0.0000 0.0001 0.0007 -0.0000 0.0001 -0.0012 0.0000 0.0003 -0.0008 0.0000 -0.0000 0.0001 0.0000 -0.0000 0.0000 0.0000 -0.0000 -0.0008 0.0000 -29.9996 0.0002 0.0001 29.9996 -0.0003 0.0001 -0.0000 0.0000 0.0000 179.9526 6.7501 -8.3574 0.0156 -19.9102 -0.3830 28.7526 76.1774 -29.9143 -0.0000 25.3510 0.0000 -178.4654 10.0663 -0.0816 -0.0891 -13.4423 -0.0544 -16.2618 71.2745 16.9977 -0.0001 25.3508 0.0000
9.5674 96.1782 -34.4587 0.7093 3.6335 2.3404 2.1431 1.0085 0.2095 2.1440 1.0091 0.2096 2.1495 1.0117 0.2101 -90.0000 -12.8468 90.0000 -40.7256 85.1997 53.5322 6.1636 6.4498 -44.0665 -0.3858 0.0155 -0.0285 0.0001 0.0000 0.0000 -0.0000 0.0000 0.0000 -0.0008 -0.0013 -0.0000 0.0001 -0.0004 0.0000 -0.0000 0.0000 0.0000 -0.0000 0.0000 0.0000 -0.0000 0.0002 0.0000 0.0003 -0.0006 0.0000 -0.0006 0.0004 0.0000 0.0001 0.0000 0.0000 -0.0000 0.0000 0.0000 -0.0002 -0.0010 -0.0000 30.0001 0.0002 -0.0001 -29.9998 0.0005 0.0002 -0.0000 0.0000 0.0000 -0.8888 1.3598 0.2545 -0.8888 1.3598 0.2545 87.6957 -20.2273 -87.6126 16.9184 80.3273 -28.3207 -9.1201 4.5080 39.2732 0.5249 0.0968 0.0433 0.0001 -0.0001 0.0000 -0.0000 0.0000 0.0000 0.0003 -0.0006 0.0000 0.0001 -0.0001 0.0000 -0.0000 0.0000 0.0000 -0.0000 0.0000 0.0000 0.0001 0.0007 -0.0000 0.0001 -0.0012 0.0000 0.0003 -0.0008 0.0000 -0.0000 0.0001 0.0000 -0.0000 0.0000 0.0000 -0.0000 -0.0009 0.0000 -29.9997 0.0002 0.0001 29.9996 -0.0003 0.0001 -0.0000 0.0000 0.0000 179.8188 6.2279 -8.0504 0.0134 -19.5622 -0.4023 31.9352 76.1528 -32.9305 -0.0000 25.3510 0.0000 -178.4645 10.1500 -0.0221 -0.0890 -13.3467 -0.0536 -16.0147 71.1993 16.8232 -0.0001 25.3508 0.0000
9.7564 96.1837 -34.5346 0.6044 3.7291 2.4664 2.2213 0.9765 0.0950 2.2223 0.9770 0.0951 2.2280 0.9795 0.0953 -90.0000 -12.7540 90.0000 -41.8961 84.9961 54.5702 5.9846 6.6041 -44.4645 -0.3817 0.0155 -0.0282 0.0001 0.0000 0.0000 -0.0000 0.0000 0.0000 -0.0008 -0.0013 -0.0000 0.0001 -0.0004 0.0000 -0.0000 0.0000 0.0000 -0.0000 0.0000 0.0000 -0.0000 0.0002 0.0000 0.0003 -0.0006 0.0000 -0.0006 0.0004 0.0000 0.0001 0.0000 0.0000 -0.0000 0.0000 0.0000 -0.0002 -0.0010 -0.0000 30.0001 0.0002 -0.0001 -29.9998 0.0005 0.0002 -0.0000 0.0000 0.0000 -0.8050 1.3865 0.2309 -0.8050 1.3865 0.2309 87.7451 -20.2261 -87.6386 15.8457 80.2481 -26.8417 -9.0178 4.3944 39.4152 0.5288 0.0939 0.0429 0.0001 -0.0001 0.0000 -0.0000 0.0000 0.0000 0.0003 -0.0006 0.0000 0.0001 -0.0001 0.0000 -0.0000 0.0000 0.0000 -0.0000 0.0000 0.0000 0.0001 0.0007 -0.0000 0.0001 -0.0012 0.0000 0.0003 -0.0008 0.0000 -0.0000 0.0001 0.0000 -0.0000 0.0000 0.0000 -0.0000 -0.0009 0.0000 -29.9996 0.0002 0.0001 29.9996 -0.0003 0.0001 -0.0000 0.0000 0.0000 179.6952 5.7026 -7.4629 0.0156 -18.8899 -0.4042 35.6341 75.8865 -36.5726 -0.0000 25.3510 0.0000 -178.5028 10.2283 0.0398 -0.0892 -13.2363 -0.0565 -15.8870 71.1200 16.8282 -0.0001 25.3508 0.0000
9.9772 96.1988 -34.5817 0.4951 3.8442 2.6786 2.2858 0.9274 -0.0279 2.2869 0.9279 -0.0279 2.2927 0.9303 -0.0280 -90.0000 -12.6400 90.0000 -42.8576 84.8102 55.3129 5.6683 6.6888 -44.8504 -0.3792 0.0165 -0.0274 0.0001 0.0000 0.0000 -0.0000 0.0000 0.0000 -0.0008 -0.0013 -0.0000 0.0001 -0.0004 0.0000 -0.0000 0.0000 0.0000 -0.0000 0.0000 0.0000 -0.0000 0.0002 0.0000 0.0003 -0.0006 0.0000 -0.0006 0.0004 0.0000 0.0001 0.0000 0.0000 -0.0000 0.0000 0.0000 -0.0002 -0.0010 -0.0000 30.0001 0.0002 -0.0001 -29.9998 0.0005 0.0002 -0.0000 0.0000 0.0000 -0.6990 1.3918 0.1802 -0.6990 1.3918 0.1802 87.8072 -20.2369 -87.6720 14.8218 80.1516 -25.4054 -8.8672 4.2715 39.5407 0.5323 0.0914 0.0423 0.0001 -0.0001 0.0000 -0.0000 0.0000 0.0000 0.0003 -0.0006 0.0000 0.0001 -0.0001 0.0000 -0.0000 0.0000 0.0000 -0.0000 0.0000 0.0000 0.0001 0.0007 -0.0000 0.0001 -0.0012 0.0000 0.0003 -0.0008 0.0000 -0.0000 0.0001 0.0000 -0.0000 0.0000 0.0000 -0.0000 -0.0009 0.0000 -29.9996 0.0002 0.0001 29.9996 -0.0003 0.0001 -0.0000 0.0000 0.0000 179.5938 5.2243 -6.5186 0.0239 -17.8405 -0.3755 39.4499 75.2701 -40.4320 -0.0000 25.3510 0.0000 -178.5716 10.2726 0.1524 -0.0894 -13.0706 -0.0580 -15.8417 71.0349 16.9558 -0.0001 25.3508 0.0000
10.1745 96.2159 -34.6119 0.3736 3.9605 2.9576 2.3399 0.8730 -0.1586 2.3411 0.8734 -0.1586 2.3470 0.8756 -0.1591 -90.0000 -12.5437 90.0000 -43.7039 84.6361 55.8630 5.2419 6.7274 -45.2595 -0.3761 0.0177 -0.0263 0.0001 0.0000 0.0000 -0.0000 0.0000 0.0000 -0.0008 -0.0013 -0.0000 0.0001 -0.0004 0.0000 -0.0000 0.0000 0.0000 -0.0000 0.0000 0.0000 -0.0000 0.0002 0.0000 0.0003 -0.0006 0.0000 -0.0006 0.0004 0.0000 0.0001 0.0000 0.0000 -0.0000 0.0000 0.0000 -0.0002 -0.0010 -0.0000 30.0001 0.0002 -0.0001 -29.9998 0.0005 0.0002 -0.0000 0.0000 0.0000 -0.5790 1.3737 0.1208 -0.5790 1.3737 0.1208 87.8793 -20.2330 -87.7049 13.8618 80.0390 -24.0346 -8.6771 4.1455 39.6582 0.5349 0.0893 0.0414 0.0001 -0.0001 0.0000 -0.0000 0.0000 0.0000 0.0003 -0.0006 0.0000 0.0001 -0.0001 0.0000 -0.0000 0.0000 0.0000 -0.0000 0.0000 0.0000 0.0001 0.0007 -0.0000 0.0001 -0.0012 0.0000 0.0003 -0.0008 0.0000 -0.0000 0.0001 0.0000 -0.0000 0.0000 0.0000 -0.0000 -0.0009 0.0000 -29.9996 0.0002 0.0001 29.9996 -0.0003 0.0001 -0.0000 0.0000 0.0000 179.4703 4.8066 -5.3335 0.0323 -16.6347 -0.3453 42.9347 74.4064 -43.9698 -0.0000 25.3511 0.0000 -178.6263 10.2808 0.3400 -0.0890 -12.8583 -0.0555 -15.8031 70.9448 17.0740 -0.0001 25.3508 0.0000
10.3424 96.2288 -34.6414 0.2352 4.0665 3.2969 2.3853 0.8154 -0.2941 2.3865 0.8158 -0.2942 2.3924 0.8178 -0.2951 -90.0000 -12.4705 90.0000 -44.2886 84.4693 56.1171 4.7251 6.7411 -45.7513 -0.3725 0.0190 -0.0248 0.0001 0.0000 0.0000 -0.0000 0.0000 0.0000 -0.0008 -0.0013 -0.0000 0.0001 -0.0004 0.0000 -0.0000 0.0000 0.0000 -0.0000 0.0000 0.0000 -0.0000 0.0002 0.0000 0.0003 -0.0006 0.0000 -0.0006 0.0004 0.0000 0.0001 0.0000 0.0000 -0.0000 0.0000 0.0000 -0.0002 -0.0010 -0.0000 30.0001 0.0002 -0.0001 -29.9998 0.0005 0.0002 -0.0000 0.0000 0.0000 -0.4476 1.3433 0.0540 -0.4476 1.3433 0.0540 87.9633 -20.2175 -87.7446 12.9928 79.9085 -22.7621 -8.4599 4.0145 39.7829 0.5371 0.0875 0.0404 0.0001 -0.0001 0.0000 -0.0000 0.0000 0.0000 0.0003 -0.0006 0.0000 0.0001 -0.0001 0.0000 -0.0000 0.0000 0.0000 -0.0000 0.0000 0.0000 0.0001 0.0007 -0.0000 0.0001 -0.0012 0.0000 0.0003 -0.0008 0.0000 -0.0000 0.0001 0.0000 -0.0000 0.0000 0.0000 -0.0000 -0.0009 0.0000 -29.9997 0.0002 0.0001 29.9996 -0.0003 0.0001 -0.0000 0.0000 0.0000 179.3311 4.4105 -4.0481 0.0399 -15.3795 -0.3177 45.8100 73.4387 -46.8539 -0.0000 25.3510 0.0000 -178.6549 10.2655 0.5876 -0.0883 -12.6249 -0.0505 -15.7961 70.8464 17.2017 -0.0001 25.3508 0.0000
10.4859 96.2329 -34.6908 0.0635 4.1370 3.7290 2.4189 0.7583 -0.4327 2.4201 0.7588 -0.4329 2.4262 0.7606 -0.4340 -90.0000 -12.4237 90.0000 -44.3222 84.3163 55.8045 4.0859 6.7272 -46.4494 -0.3699 0.0200 -0.0230 0.0001 0.0000 0.0000 -0.0000 0.0000 0.0000 -0.0008 -0.0013 -0.0000 0.0001 -0.0004 0.0000 -0.0000 0.0000 0.0000 -0.0000 0.0000 0.0000 -0.0000 0.0002 0.0000 0.0003 -0.0006 0.0000 -0.0006 0.0004 0.0000 0.0001 0.0000 0.0000 -0.0000 0.0000 0.0000 -0.0002 -0.0010 -0.0000 30.0001 0.0003 -0.0002 -29.9998 0.0005 0.0002 -0.0000 0.0000 0.0000 -0.2965 1.3127 -0.0300 -0.2965 1.3127 -0.0300 88.0671 -20.1940 -87.7973 12.3548 79.7669 -21.7278 -8.2231 3.8694 39.9477 0.5378 0.0857 0.0392 0.0001 -0.0001 0.0000 -0.0000 0.0000 0.0000 0.0003 -0.0006 0.0000 0.0001 -0.0001 0.0000 -0.0000 0.0000 0.0000 -0.0000 0.0000 0.0000 0.0001 0.0007 -0.0000 0.0001 -0.0012 0.0000 0.0003 -0.0008 0.0000 -0.0000 0.0001 0.0000 -0.0000 0.0000 0.0000 -0.0000 -0.0009 0.0000 -29.9996 0.0002 0.0001 29.9996 -0.0003 0.0001 -0.0000 0.0000 0.0000 179.3677 4.0886 -4.0833 0.0496 -14.2327 -0.2663 44.7769 73.4384 -45.5345 -0.0000 25.3510 0.0000 -178.6414 10.2275 0.8653 -0.0875 -12.3964 -0.0439 -15.9803 70.7218 17.5133 -0.0001 25.3508 0.0000
10.6447 96.2306 -34.7656 -0.1364 4.1722 4.2372 2.4424 0.7034 -0.5690 2.4436 0.7039 -0.5694 2.4498 0.7056 -0.5708 -90.0000 -12.3935 90.0000 -43.8806 84.1753 55.0052 3.3797 6.6896 -47.3772 -0.3679 0.0203 -0.0210 0.0001 0.0000 0.0000 -0.0000 0.0000 0.0000 -0.0008 -0.0013 -0.0000 0.0001 -0.0004 0.0000 -0.0000 0.0000 0.0000 -0.0000 0.0000 0.0000 -0.0000 0.0002 0.0000 0.0003 -0.0006 0.0000 -0.0006 0.0004 0.0000 0.0001 0.0000 0.0000 -0.0000 0.0000 0.0000 -0.0002 -0.0010 -0.0000 30.0001 0.0002 -0.0001 -29.9998 0.0005 0.0002 -0.0000 0.0000 0.0000 -0.1322 1.2946 -0.1306 -0.1322 1.2946 -0.1306 88.1785 -20.1563 -87.8539 12.0402 79.6243 -20.9997 -7.9903 3.7273 40.1874 0.5376 0.0832 0.0379 0.0001 -0.0001 0.0000 -0.0000 0.0000 0.0000 0.0003 -0.0006 0.0000 0.0001 -0.0001 0.0000 -0.0000 0.0000 0.0000 -0.0000 0.0000 0.0000 0.0001 0.0007 -0.0000 0.0001 -0.0012 0.0000 0.0003 -0.0008 0.0000 -0.0000 0.0001 0.0000 -0.0000 0.0000 0.0000 -0.0000 -0.0009 0.0000 -29.9996 0.0002 0.0001 29.9996 -0.0003 0.0001 -0.0000 0.0000 0.0000 179.4306 3.9200 -3.9989 0.0570 -13.3471 -0.2200 43.1043 73.4125 -43.7436 -0.0000 25.3510 0.0000 -178.6107 10.1778 1.1180 -0.0867 -12.1875 -0.0374 -16.4081 70.5649 18.1008 -0.0001 25.3508 0.0000
10.8373 96.2248 -34.8630 -0.3544 4.1759 4.8037 2.4563 0.6512 -0.7021 2.4576 0.6516 -0.7024 2.4637 0.6532 -0.7042 -90.0000 -12.3859 90.0000 -42.9846 84.0371 53.7398 2.6337 6.6309 -48.5223 -0.3659 0.0193 -0.0188 0.0001 0.0000 0.0000 -0.0000 0.0000 0.0000 -0.0008 -0.0013 -0.0000 0.0001 -0.0004 0.0000 -0.0000 0.0000 0.0000 -0.0000 0.0000 0.0000 -0.0000 0.0002 0.0000 0.0003 -0.0006 0.0000 -0.0006 0.0004 0.0000 0.0001 0.0000 0.0000 -0.0000 0.0000 0.0000 -0.0002 -0.0010 -0.0000 30.0001 0.0002 -0.0001 -29.9998 0.0005 0.0002 -0.0000 0.0000 0.0000 0.0372 1.2927 -0.2419 0.0372 1.2927 -0.2419 88.2945 -20.1043 -87.9089 12.0489 79.4783 -20.5619 -7.7703 3.6000 40.5027 0.5356 0.0796 0.0367 0.0001 -0.0001 0.0000 -0.0000 0.0000 0.0000 0.0003 -0.0006 0.0000 0.0001 -0.0001 0.0000 -0.0000 0.0000 0.0000 -0.0000 0.0000 0.0000 0.0001 0.0007 -0.0000 0.0001 -0.0012 0.0000 0.0003 -0.0008 0.0000 -0.0000 0.0001 0.0000 -0.0000 0.0000 0.0000 -0.0000 -0.0008 0.0000 -29.9996 0.0002 0.0001 29.9996 -0.0003 0.0001 -0.0000 0.0000 0.0000 179.5127 3.9116 -3.7890 0.0623 -12.7322 -0.1837 41.1567 73.3060 -41.7777 -0.0000 25.3510 0.0000 -178.5846 10.1197 1.3420 -0.0861 -12.0006 -0.0319 -17.0191 70.3813 18.9188 -0.0001 25.3508 0.0000
11.1026 96.2128 -34.9678 -0.5717 4.1349 5.4276 2.4481 0.6026 -0.8190 2.4494 0.6030 -0.8195 2.4555 0.6044 -0.8215 -90.0000 -12.4094 90.0000 -41.5821 83.9026 51.9059 1.8493 6.5348 -49.9773 -0.3662 0.0156 -0.0166 0.0001 0.0000 0.0000 -0.0000 0.0000 0.0000 -0.0008 -0.0013 -0.0000 0.0001 -0.0004 0.0000 -0.0000 0.0000 0.0000 -0.0000 0.0000 0.0000 -0.0000 0.0002 0.0000 0.0003 -0.0006 0.0000 -0.0006 0.0004 0.0000 0.0001 0.0000 0.0000 -0.0000 0.0000 0.0000 -0.0002 -0.0010 -0.0000 30.0001 0.0002 -0.0001 -29.9998 0.0005 0.0002 -0.0000 0.0000 0.0000 0.2087 1.3213 -0.3688 0.2087 1.3213 -0.3688 88.4229 -20.0374 -87.9645 12.5643 79.3232 -20.5456 -7.5898 3.4980 40.9288 0.5332 0.0746 0.0355 0.0001 -0.0001 0.0000 -0.0000 0.0000 0.0000 0.0003 -0.0006 0.0000 0.0001 -0.0001 0.0000 -0.0000 0.0000 0.0000 -0.0000 0.0000 0.0000 0.0001 0.0007 -0.0000 0.0001 -0.0012 0.0000 0.0003 -0.0008 0.0000 -0.0000 0.0001 0.0000 -0.0000 0.0000 0.0000 -0.0000 -0.0009 0.0000 -29.9996 0.0002 0.0001 29.9996 -0.0003 0.0001 -0.0000 0.0000 0.0000 179.5948 4.0809 -3.4522 0.0652 -12.4696 -0.1611 39.1550 73.1330 -39.8228 -0.0000 25.3510 0.0000 -178.6054 10.0273 1.5373 -0.0859 -11.8379 -0.0303 -17.7999 70.1787 19.9883 -0.0001 25.3508 0.0000
11.3975 96.2021 -35.0645 -0.7592 4.0651 6.0676 2.4147 0.5602 -0.9124 2.4160 0.5606 -0.9129 2.4220 0.5619 -0.9152 -90.0000 -12.4572 90.0000 -39.9920 83.7640 49.7958 1.0869 6.4028 -51.6879 -0.3665 0.0092 -0.0143 0.0001 0.0000 0.0000 -0.0000 0.0000 0.0000 -0.0008 -0.0013 -0.0000 0.0001 -0.0004 0.0000 -0.0000 0.0000 0.0000 -0.0000 0.0000 0.0000 -0.0000 0.0002 0.0000 0.0003 -0.0006 0.0000 -0.0006 0.0004 0.0000 0.0001 0.0000 0.0000 -0.0000 0.0000 0.0000 -0.0002 -0.0010 -0.0000 30.0001 0.0002 -0.0001 -29.9998 0.0005 0.0002 -0.0000 0.0000 0.0000 0.3825 1.3721 -0.5089 0.3825 1.3721 -0.5089 88.5572 -19.9626 -88.0104 13.5271 79.1640 -20.9049 -7.4634 3.4127 41.4718 0.5294 0.0678 0.0346 0.0001 -0.0001 0.0000 -0.0000 0.0000 0.0000 0.0003 -0.0006 0.0000 0.0001 -0.0001 0.0000 -0.0000 0.0000 0.0000 -0.0000 0.0000 0.0000 0.0001 0.0007 -0.0000 0.0001 -0.0012 0.0000 0.0003 -0.0008 0.0000 -0.0000 0.0001 0.0000 -0.0000 0.0000 0.0000 -0.0000 -0.0009 0.0000 -29.9996 0.0002 0.0001 29.9996 -0.0003 0.0001 -0.0000 0.0000 0.0000 179.6473 4.3013 -3.0951 0.0672 -12.3638 -0.1442 37.1520 72.9633 -37.8645 -0.0000 25.3510 0.0000 -178.6742 9.9163 1.7336 -0.0860 -11.7169 -0.0318 -18.6370 69.9879 21.1502 -0.0001 25.3508 0.0000
11.6759 96.1928 -35.1598 -0.9090 3.9792 6.6994 2.3543 0.5231 -0.9817 2.3555 0.5234 -0.9822 2.3615 0.5246 -0.9847 -90.0000 -12.5463 90.0000 -38.4358 83.6062 47.6158 0.3965 6.2380 -53.6506 -0.3683 -0.0003 -0.0123 0.0001 0.0000 0.0000 -0.0000 0.0000 0.0000 -0.0008 -0.0013 -0.0000 0.0001 -0.0004 0.0000 -0.0000 0.0000 0.0000 -0.0000 0.0000 0.0000 -0.0000 0.0002 0.0000 0.0003 -0.0006 0.0000 -0.0006 0.0004 0.0000 0.0001 0.0000 0.0000 -0.0000 0.0000 0.0000 -0.0002 -0.0010 -0.0000 30.0001 0.0002 -0.0001 -29.9998 0.0005 0.0002 -0.0000 0.0000 0.0000 0.5580 1.4329 -0.6546 0.5580 1.4329 -0.6546 88.6993 -19.8837 -88.0523 14.8453 79.0070 -21.5704 -7.3902 3.3402 42.1373 0.5242 0.0593 0.0337 0.0001 -0.0001 0.0000 -0.0000 0.0000 0.0000 0.0003 -0.0006 0.0000 0.0001 -0.0001 0.0000 -0.0000 0.0000 0.0000 -0.0000 0.0000 0.0000 0.0001 0.0007 -0.0000 0.0001 -0.0012 0.0000 0.0003 -0.0008 0.0000 -0.0000 0.0001 0.0000 -0.0000 0.0000 0.0000 -0.0000 -0.0008 0.0000 -29.9996 0.0002 0.0001 29.9996 -0.0003 0.0001 -0.0000 0.0000 0.0000 179.6541 4.5071 -2.7182 0.0682 -12.3345 -0.1343 35.3835 72.8181 -36.1272 -0.0000 25.3510 0.0000 -178.7676 9.8138 1.9275 -0.0861 -11.6523 -0.0336 -19.5040 69.8128 22.3409 -0.0001 25.3508 0.0000
11.8628 96.1880 -35.2627 -0.9913 3.8838 7.2875 2.2534 0.4885 -1.0110 2.2545 0.4888 -1.0116 2.2602 0.4900 -1.0142 -90.0000 -12.7065 90.0000 -37.3464 83.3857 45.6983 -0.0938 6.0292 -56.0238 -0.3707 -0.0149 -0.0108 0.0001 0.0000 0.0000 -0.0000 0.0000 0.0000 -0.0008 -0.0013 -0.0000 0.0001 -0.0004 0.0000 -0.0000 0.0000 0.0000 -0.0000 0.0000 0.0000 -0.0000 0.0002 0.0000 0.0003 -0.0006 0.0000 -0.0006 0.0004 0.0000 0.0001 0.0000 0.0000 -0.0000 0.0000 0.0000 -0.0002 -0.0010 -0.0000 30.0001 0.0002 -0.0001 -29.9998 0.0005 0.0002 -0.0000 0.0000 0.0000 0.7272 1.4979 -0.8036 0.7272 1.4979 -0.8036 90.0000 -21.6169 -90.0000 16.5765 78.8566 -22.5843 -7.3981 3.2775 42.9591 0.5182 0.0490 0.0331 0.0001 -0.0001 0.0000 -0.0000 0.0000 0.0000 0.0003 -0.0006 0.0000 0.0001 -0.0001 0.0000 -0.0000 0.0000 0.0000 -0.0000 0.0000 0.0000 0.0001 0.0007 -0.0000 0.0001 -0.0012 0.0000 0.0003 -0.0008 0.0000 -0.0000 0.0001 0.0000 -0.0000 0.0000 0.0000 -0.0000 -0.0009 0.0000 -29.9996 0.0002 0.0001 29.9996 -0.0003 0.0001 -0.0000 0.0000 0.0000 179.6043 4.6632 -2.2818 0.0691 -12.3528 -0.1270 34.3263 72.6857 -35.0102 -0.0000 25.3510 0.0000 -178.8658 9.7767 2.1029 -0.0858 -11.7238 -0.0300 -20.4090 69.6763 23.5207 -0.0001 25.3508 0.0000
11.9660 96.1774 -35.3552 -1.0184 3.7805 7.8267 2.1214 0.4581 -1.0070 2.1223 0.4584 -1.0074 2.1278 0.4595 -1.0101 -90.0000 -12.9053 90.0000 -36.7898 83.1155 44.0522 -0.3717 5.7823 -58.7106 -0.3736 -0.0343 -0.0099 0.0001 0.0000 0.0000 -0.0000 0.0000 0.0000 -0.0008 -0.0013 -0.0000 0.0001 -0.0004 0.0000 -0.0000 0.0000 0.0000 -0.0000 0.0000 0.0000 -0.0000 0.0002 0.0000 0.0003 -0.0006 0.0000 -0.0006 0.0004 0.0000 0.0001 0.0000 0.0000 -0.0000 0.0000 0.0000 -0.0002 -0.0010 -0.0000 30.0001 0.0002 -0.0001 -29.9998 0.0005 0.0002 -0.0000 0.0000 0.0000 0.8923 1.5599 -0.9587 0.8923 1.5599 -0.9587 90.0000 -21.3917 -90.0000 18.5492 78.7058 -23.7861 -7.4716 3.1975 43.8552 0.5119 0.0377 0.0327 0.0001 -0.0001 0.0000 -0.0000 0.0000 0.0000 0.0003 -0.0006 0.0000 0.0001 -0.0001 0.0000 -0.0000 0.0000 0.0000 -0.0000 0.0000 0.0000 0.0001 0.0007 -0.0000 0.0001 -0.0012 0.0000 0.0003 -0.0008 0.0000 -0.0000 0.0001 0.0000 -0.0000 0.0000 0.0000 -0.0000 -0.0009 0.0000 -29.9997 0.0002 0.0001 29.9996 -0.0003 0.0001 -0.0000 0.0000 0.0000 179.5114 4.7727 -1.7750 0.0703 -12.3687 -0.1155 33.8779 72.5393 -34.4680 -0.0000 25.3510 0.0000 -178.9588 9.8197 2.2368 -0.0849 -11.9771 -0.0210 -21.3949 69.5998 24.7419 -0.0001 25.3508 0.0000
12.0277 96.1511 -35.4248 -1.0003 3.6722 8.3223 1.9680 0.4352 -0.9809 1.9688 0.4355 -0.9812 1.9739 0.4366 -0.9838 -90.0000 -13.1288 90.0000 -36.6200 82.7992 42.5389 -0.4180 5.4932 -61.5371 -0.3765 -0.0578 -0.0097 0.0001 0.0000 0.0000 -0.0000 0.0000 0.0000 -0.0008 -0.0013 -0.0000 0.0001 -0.0004 0.0000 -0.0000 0.0000 0.0000 -0.0000 0.0000 0.0000 -0.0000 0.0002 0.0000 0.0003 -0.0006 0.0000 -0.0006 0.0004 0.0000 0.0001 0.0000 0.0000 -0.0000 0.0000 0.0000 -0.0002 -0.0010 -0.0000 30.0001 0.0002 -0.0001 -29.9998 0.0005 0.0002 -0.0000 0.0000 0.0000 1.0448 1.6093 -1.1120 1.0448 1.6093 -1.1120 90.0000 -21.1836 -90.0000 20.6436 78.5529 -25.0763 -7.5967 3.0897 44.8095 0.5054 0.0259 0.0323 0.0001 -0.0001 0.0000 -0.0000 0.0000 0.0000 0.0003 -0.0006 0.0000 0.0001 -0.0001 0.0000 -0.0000 0.0000 0.0000 -0.0000 0.0000 0.0000 0.0001 0.0007 -0.0000 0.0001 -0.0012 0.0000 0.0003 -0.0008 0.0000 -0.0000 0.0001 0.0000 -0.0000 0.0000 0.0000 -0.0000 -0.0009 0.0000 -29.9997 0.0002 0.0001 29.9996 -0.0003 0.0001 -0.0000 0.0000 0.0000 179.3631 4.8570 -1.2361 0.0712 -12.3850 -0.1066 33.7749 72.3864 -34.2521 -0.0000 25.3510 0.0000 -179.0625 9.9310 2.3169 -0.0838 -12.4036 -0.0101 -22.4869 69.5816 26.0595 -0.0001 25.3508 0.0000
12.0799 96.1157 -35.4613 -0.9288 3.5593 8.7571 1.7907 0.4239 -0.9319 1.7913 0.4242 -0.9322 1.7961 0.4253 -0.9347 -90.0000 -13.3830 90.0000 -36.8110 82.4261 41.0230 -0.0891 5.1269 -64.3953 -0.3769 -0.0857 -0.0103 0.0001 0.0000 0.0000 -0.0000 0.0000 0.0000 -0.0008 -0.0013 -0.0000 0.0001 -0.0004 0.0000 -0.0000 0.0000 0.0000 -0.0000 0.0000 0.0000 -0.0000 0.0002 0.0000 0.0003 -0.0006 0.0000 -0.0006 0.0004 0.0000 0.0001 0.0000 0.0000 -0.0000 0.0000 0.0000 -0.0002 -0.0010 -0.0000 30.0001 0.0002 -0.0001 -29.9998 0.0005 0.0002 -0.0000 0.0000 0.0000 1.1715 1.6274 -1.2572 1.1715 1.6274 -1.2572 90.0000 -20.9932 -90.0000 22.7068 78.4004 -26.2986 -7.7761 2.9330 45.8272 0.5004 0.0135 0.0320 0.0001 -0.0001 0.0000 -0.0000 0.0000 0.0000 0.0003 -0.0006 0.0000 0.0001 -0.0001 0.0000 -0.0000 0.0000 0.0000 -0.0000 0.0000 0.0000 0.0001 0.0007 -0.0000 0.0001 -0.0012 0.0000 0.0003 -0.0008 0.0000 -0.0000 0.0001 0.0000 -0.0000 0.0000 0.0000 -0.0000 -0.0009 0.0000 -29.9996 0.0002 0.0001 29.9996 -0.0003 0.0001 -0.0000 0.0000 0.0000 -179.7692 3.1342 0.7204 -2.2436 -8.9502 -4.5465 24.9673 72.2000 -23.8048 -0.0000 25.3510 0.0000 -179.2012 10.1543 2.3035 -0.0827 -13.1068 0.0005 -23.7492 69.6503 27.5718 -0.0001 25.3508 0.0000
12.1306 96.0730 -35.4947 -0.8222 3.4397 9.1522 1.5999 0.4233 -0.8751 1.6003 0.4234 -0.8754 1.6047 0.4245 -0.8778 -90.0000 -13.6477 90.0000 -37.0517 82.0353 39.3004 0.6186 4.6352 -67.4442 -0.3776 -0.1191 -0.0118 0.0001 0.0000 0.0000 -0.0000 0.0000 0.0000 -0.0008 -0.0013 -0.0000 0.0001 -0.0004 0.0000 -0.0000 0.0000 0.0000 -0.0000 0.0000 0.0000 -0.0000 0.0002 0.0000 0.0003 -0.0006 0.0000 -0.0006 0.0004 0.0000 0.0001 0.0000 0.0000 -0.0000 0.0000 0.0000 -0.0002 -0.0010 -0.0000 30.0001 0.0002 -0.0001 -29.9998 0.0005 0.0002 -0.0000 0.0000 0.0000 1.2719 1.6101 -1.3905 1.2719 1.6101 -1.3905 90.0000 -20.8094 -90.0000 24.5176 78.2342 -27.2358 -7.9484 2.7478 46.8474 0.4967 0.0012 0.0317 0.0001 -0.0001 0.0000 -0.0000 0.0000 0.0000 0.0003 -0.0006 0.0000 0.0001 -0.0001 0.0000 -0.0000 0.0000 0.0000 -0.0000 0.0000 0.0000 0.0001 0.0007 -0.0000 0.0001 -0.0012 0.0000 0.0003 -0.0008 0.0000 -0.0000 0.0001 0.0000 -0.0000 0.0000 0.0000 -0.0000 -0.0009 0.0000 -29.9996 0.0002 0.0001 29.9996 -0.0003 0.0001 -0.0000 0.0000 0.0000 -179.9727 2.9897 1.1028 -2.2245 -8.6482 -4.3377 25.3722 71.9161 -24.0939 -0.0000 25.3510 0.0000 -179.3667 10.4622 2.2380 -0.0805 -13.9994 0.0181 -25.0399 69.7444 29.1369 -0.0001 25.3508 0.0000
12.1720 96.0371 -35.5442 -0.6877 3.3032 9.5249 1.3992 0.4384 -0.8182 1.3995 0.4386 -0.8184 1.4034 0.4398 -0.8207 -90.0000 -13.9080 90.0000 -37.1183 81.6626 37.2728 1.6483 3.9842 -70.5986 -0.3768 -0.1566 -0.0137 0.0001 0.0000 0.0000 -0.0000 0.0000 0.0000 -0.0008 -0.0013 -0.0000 0.0001 -0.0004 0.0000 -0.0000 0.0000 0.0000 -0.0000 0.0000 0.0000 -0.0000 0.0003 0.0000 0.0003 -0.0006 0.0000 -0.0006 0.0004 0.0000 0.0001 0.0000 0.0000 -0.0000 0.0000 0.0000 -0.0002 -0.0010 -0.0000 30.0001 0.0002 -0.0001 -29.9998 0.0005 0.0002 -0.0000 0.0000 0.0000 1.3563 1.5602 -1.5138 1.3563 1.5602 -1.5138 90.0000 -20.6378 -90.0000 26.0409 78.0536 -27.8607 -8.0718 2.5496 47.8481 0.4934 -0.0108 0.0313 0.0001 -0.0001 0.0000 -0.0000 0.0000 0.0000 0.0003 -0.0006 0.0000 0.0001 -0.0001 0.0000 -0.0000 0.0000 0.0000 -0.0000 0.0000 0.0000 0.0001 0.0007 -0.0000 0.0001 -0.0012 0.0000 0.0003 -0.0008 0.0000 -0.0000 0.0001 0.0000 -0.0000 0.0000 0.0000 -0.0000 -0.0009 0.0000 -29.9996 0.0002 0.0001 29.9996 -0.0003 0.0001 -0.0000 0.0000 0.0000 179.8083 2.8154 1.3788 -2.2172 -8.3401 -4.1232 25.6315 71.6654 -24.2115 -0.0000 25.3510 0.0000 -179.5520 10.8386 2.1632 -0.0758 -15.0406 0.0520 -26.2637 69.8390 30.6470 -0.0001 25.3508 0.0000
12.2710 96.0086 -35.6548 -0.5159 3.1315 9.8848 1.1877 0.4845 -0.7743 1.1879 0.4846 -0.7744 1.1913 0.4859 -0.7766 -90.0000 -14.1575 90.0000 -36.7752 81.3535 34.8162 3.1560 3.0034 -73.8261 -0.3764 -0.1993 -0.0161 0.0001 0.0000 0.0000 -0.0000 0.0000 0.0000 -0.0008 -0.0013 -0.0000 0.0001 -0.0004 0.0000 -0.0000 0.0000 0.0000 -0.0000 0.0000 0.0000 -0.0000 0.0002 0.0000 0.0003 -0.0006 0.0000 -0.0006 0.0004 0.0000 0.0001 0.0000 0.0000 -0.0000 0.0000 0.0000 -0.0002 -0.0010 -0.0000 30.0001 0.0002 -0.0001 -29.9998 0.0005 0.0002 -0.0000 0.0000 0.0000 1.4298 1.4639 -1.6227 1.4298 1.4639 -1.6227 90.0000 -20.4762 -90.0000 27.1538 77.8649 -28.0793 -8.0875 2.3524 48.8618 0.4919 -0.0227 0.0306 0.0001 -0.0001 0.0000 -0.0000 0.0000 0.0000 0.0003 -0.0006 0.0000 0.0001 -0.0001 0.0000 -0.0000 0.0000 0.0000 -0.0000 0.0000 0.0000 0.0001 0.0007 -0.0000 0.0001 -0.0012 0.0000 0.0003 -0.0008 0.0000 -0.0000 0.0001 0.0000 -0.0000 0.0000 0.0000 -0.0000 -0.0009 0.0000 -29.9996 0.0002 0.0001 29.9996 -0.0003 0.0001 -0.0000 0.0000 0.0000 179.5984 2.6400 1.4962 -2.2480 -8.0824 -3.8307 25.7672 71.4488 -24.1880 -0.0000 25.3510 0.0000 -179.8162 11.2780 2.1297 -0.0695 -16.2057 0.0927 -27.2090 69.8574 31.9717 -0.0001 25.3508 0.0000
12.4295 96.0104 -35.8438 -0.3354 2.9243 10.2456 0.9781 0.5553 -0.7426 0.9783 0.5553 -0.7427 0.9812 0.5570 -0.7448 -90.0000 -14.4018 90.0000 -36.0471 81.1200 32.0635 5.0707 1.6739 -77.0477 -0.3763 -0.2459 -0.0184 0.0001 0.0000 0.0000 -0.0000 0.0000 0.0000 -0.0008 -0.0013 -0.0000 0.0001 -0.0004 0.0000 -0.0000 0.0000 0.0000 -0.0000 0.0000 0.0000 -0.0000 0.0002 0.0000 0.0003 -0.0006 0.0000 -0.0006 0.0004 0.0000 0.0001 0.0000 0.0000 -0.0000 0.0000 0.0000 -0.0002 -0.0010 -0.0000 30.0001 0.0002 -0.0001 -29.9998 0.0005 0.0002 -0.0000 0.0000 0.0000 1.4882 1.3344 -1.7233 1.4882 1.3344 -1.7233 90.0000 -20.3381 -90.0000 28.0331 77.6719 -28.1398 -8.0029 2.1710 49.9835 0.4904 -0.0348 0.0298 0.0001 -0.0001 0.0000 -0.0000 0.0000 0.0000 0.0003 -0.0006 0.0000 0.0001 -0.0001 0.0000 -0.0000 0.0000 0.0000 -0.0000 0.0000 0.0000 0.0001 0.0007 -0.0000 0.0001 -0.0012 0.0000 0.0003 -0.0008 0.0000 -0.0000 0.0001 0.0000 -0.0000 0.0000 0.0000 -0.0000 -0.0009 0.0000 -29.9996 0.0002 0.0001 29.9996 -0.0003 0.0001 -0.0000 0.0000 0.0000 179.4232 2.5032 1.5728 -2.3012 -7.9322 -3.5576 25.7342 71.2861 -24.0181 -0.0000 25.3510 0.0000 179.8603 11.7487 2.1798 -0.0636 -17.3924 0.1253 -27.7313 69.7673 33.0234 -0.0001 25.3508 0.0000
12.6257 96.0469 -36.0653 -0.1684 2.6860 10.6109 0.7805 0.6437 -0.7187 0.7806 0.6439 -0.7188 0.7828 0.6458 -0.7208 -90.0000 -14.6312 90.0000 -34.8569 80.9531 29.0439 7.3412 -0.0414 -80.4873 -0.3789 -0.2995 -0.0207 0.0001 0.0000 0.0000 -0.0000 0.0000 0.0000 -0.0008 -0.0013 -0.0000 0.0001 -0.0004 0.0000 -0.0000 0.0000 0.0000 -0.0000 0.0000 0.0000 -0.0000 0.0002 0.0000 0.0003 -0.0006 0.0000 -0.0006 0.0004 0.0000 0.0001 0.0000 0.0000 -0.0000 0.0000 0.0000 -0.0002 -0.0010 -0.0000 30.0001 0.0002 -0.0001 -29.9998 0.0005 0.0002 -0.0000 0.0000 0.0000 1.5445 1.1992 -1.8292 1.5445 1.1992 -1.8292 90.0000 -20.2431 -90.0000 28.7679 77.4656 -28.1370 -7.8218 2.0130 51.2260 0.4895 -0.0470 0.0288 0.0001 -0.0001 0.0000 -0.0000 0.0000 0.0000 0.0003 -0.0006 0.0000 0.0001 -0.0001 0.0000 -0.0000 0.0000 0.0000 -0.0000 0.0000 0.0000 0.0001 0.0007 -0.0000 0.0001 -0.0012 0.0000 0.0003 -0.0008 0.0000 -0.0000 0.0001 0.0000 -0.0000 0.0000 0.0000 -0.0000 -0.0009 0.0000 -29.9996 0.0002 0.0001 29.9996 -0.0003 0.0001 -0.0000 0.0000 0.0000 179.2797 2.4246 1.6512 -2.3780 -7.8900 -3.3241 25.6106 71.1505 -23.7619 -0.0000 25.3510 0.0000 179.4892 12.2215 2.4608 -0.0604 -18.5856 0.1369 -27.5464 69.7100 33.5018 -0.0001 25.3508 0.0000
12.7542 96.0791 -36.3346 -0.0532 2.4030 10.9696 0.6120 0.7487 -0.6922 0.6121 0.7489 -0.6922 0.6139 0.7511 -0.6942 -90.0000 -14.8347 90.0000 -33.0178 80.8908 25.7173 10.0490 -2.3610 -83.8010 -0.3896 -0.3616 -0.0226 0.0001 0.0000 0.0000 -0.0000 0.0000 0.0000 -0.0008 -0.0013 -0.0000 0.0001 -0.0004 0.0000 -0.0000 0.0000 0.0000 -0.0000 0.0000 0.0000 -0.0000 0.0002 0.0000 0.0003 -0.0006 0.0000 -0.0006 0.0004 0.0000 0.0001 0.0000 0.0000 -0.0000 0.0000 0.0000 -0.0002 -0.0010 -0.0000 30.0001 0.0002 -0.0001 -29.9998 0.0005 0.0002 -0.0000 0.0000 0.0000 1.5888 1.0809 -1.9504 1.5888 1.0809 -1.9504 90.0000 -20.2356 -90.0000 29.4425 77.2444 -28.1433 -7.5118 1.8956 52.6170 0.4894 -0.0593 0.0277 0.0001 -0.0001 0.0000 -0.0000 0.0000 0.0000 0.0003 -0.0006 0.0000 0.0001 -0.0001 0.0000 -0.0000 0.0000 0.0000 -0.0000 0.0000 0.0000 0.0001 0.0007 -0.0000 0.0001 -0.0012 0.0000 0.0003 -0.0008 0.0000 -0.0000 0.0001 0.0000 -0.0000 0.0000 0.0000 -0.0000 -0.0009 0.0000 -29.9996 0.0002 0.0001 29.9996 -0.0003 0.0001 -0.0000 0.0000 0.0000 179.1659 2.4429 1.7917 -2.4926 -7.9996 -3.1198 25.6935 70.9818 -23.6767 -0.0000 25.3510 0.0000 179.1663 12.6464 2.9759 -0.0569 -19.7196 0.1487 -26.5293 69.7837 33.2669 -0.0001 25.3508 0.0000
12.8686 96.1065 -36.6200 0.0004 2.1040 11.3033 0.4716 0.8494 -0.6494 0.4717 0.8495 -0.6495 0.4731 0.8520 -0.6515 -90.0000 -15.0330 90.0000 -30.6686 80.9008 22.0932 13.1490 -5.1965 -86.7441 -0.4144 -0.4387 -0.0247 0.0001 0.0000 0.0000 -0.0000 0.0000 0.0000 -0.0008 -0.0013 -0.0000 0.0001 -0.0004 0.0000 -0.0000 0.0000 0.0000 -0.0000 0.0000 0.0000 -0.0000 0.0002 0.0000 0.0003 -0.0006 0.0000 -0.0006 0.0004 0.0000 0.0001 0.0000 0.0000 -0.0000 0.0000 0.0000 -0.0002 -0.0010 -0.0000 30.0001 0.0002 -0.0001 -29.9998 0.0005 0.0002 -0.0000 0.0000 0.0000 1.6164 1.0006 -2.0896 1.6164 1.0006 -2.0896 90.0000 -20.2768 -90.0000 30.1847 77.0050 -28.2056 -7.1266 1.7979 54.0988 0.4886 -0.0718 0.0264 0.0001 -0.0001 0.0000 -0.0000 0.0000 0.0000 0.0003 -0.0006 0.0000 0.0001 -0.0001 0.0000 -0.0000 0.0000 0.0000 -0.0000 0.0000 0.0000 0.0001 0.0007 -0.0000 0.0001 -0.0011 0.0000 0.0003 -0.0008 0.0000 -0.0000 0.0001 0.0000 -0.0000 0.0000 0.0000 -0.0000 -0.0009 0.0000 -29.9997 0.0002 0.0001 29.9996 -0.0003 0.0001 -0.0000 0.0000 0.0000 179.0664 2.5196 2.0299 -2.5893 -8.2157 -2.9738 26.0309 70.7912 -23.8384 -0.0000 25.3510 0.0000 178.9363 12.9362 3.4834 -0.0512 -20.7436 0.1725 -25.3772 70.0433 32.9111 -0.0001 25.3508 0.0000
13.0053 96.1193 -36.9229 -0.0029 1.8044 11.6000 0.3579 0.9354 -0.5882 0.3579 0.9355 -0.5882 0.3589 0.9383 -0.5899 -90.0000 -15.2265 90.0000 -27.8761 80.9476 18.0986 16.6470 -8.4333 -89.0915 -0.4587 -0.5399 -0.0275 0.0001 0.0000 0.0000 -0.0000 0.0000 0.0000 -0.0008 -0.0013 -0.0000 0.0001 -0.0004 0.0000 -0.0000 0.0000 0.0000 -0.0000 0.0000 0.0000 -0.0000 0.0002 0.0000 0.0003 -0.0006 0.0000 -0.0006 0.0004 0.0000 0.0001 0.0000 0.0000 -0.0000 0.0000 0.0000 -0.0002 -0.0010 -0.0000 30.0001 0.0002 -0.0001 -29.9998 0.0005 0.0002 -0.0000 0.0000 0.0000 1.6182 0.9622 -2.2383 1.6182 0.9622 -2.2383 89.6189 -19.1435 -87.5518 30.9873 76.7336 -28.2986 -6.6981 1.7062 55.6636 0.4875 -0.0840 0.0250 0.0001 -0.0001 0.0000 -0.0000 0.0000 0.0000 0.0003 -0.0006 0.0000 0.0001 -0.0001 0.0000 -0.0000 0.0000 0.0000 -0.0000 0.0000 0.0000 0.0001 0.0007 -0.0000 0.0001 -0.0012 0.0000 0.0003 -0.0008 0.0000 -0.0000 0.0001 0.0000 -0.0000 0.0000 0.0000 -0.0000 -0.0009 0.0000 -29.9996 0.0002 0.0001 29.9996 -0.0003 0.0001 -0.0000 0.0000 0.0000 178.9723 2.6213 2.3179 -2.6205 -8.4988 -2.9196 26.3748 70.6211 -24.0283 -0.0000 25.3510 0.0000 178.7622 13.0947 3.9100 -0.0468 -21.5535 0.1885 -24.2367 70.4203 32.5234 -0.0001 25.3508 0.0000
13.1985 96.1605 -37.1594 -0.0851 1.5272 11.8284 0.2797 0.9844 -0.4953 0.2797 0.9846 -0.4953 0.2805 0.9874 -0.4969 -90.0000 -15.4040 90.0000 -24.5370 81.0119 13.7520 20.7486 -12.1583 -90.4930 -0.5405 -0.6826 -0.0329 0.0001 0.0000 0.0000 -0.0000 0.0000 0.0000 -0.0008 -0.0013 -0.0000 0.0001 -0.0004 0.0000 -0.0000 0.0000 0.0000 -0.0000 0.0000 0.0000 -0.0001 0.0002 0.0000 0.0003 -0.0006 0.0000 -0.0006 0.0004 0.0000 0.0001 0.0000 0.0000 -0.0000 0.0000 0.0000 -0.0002 -0.0010 -0.0000 30.0001 0.0002 -0.0001 -29.9998 0.0005 0.0002 -0.0000 0.0000 0.0000 1.5941 0.9982 -2.3972 1.5941 0.9982 -2.3972 89.5415 -19.1189 -87.4441 31.7462 76.4021 -28.2567 -6.2150 1.6050 57.3041 0.4867 -0.0956 0.0235 0.0001 -0.0001 0.0000 -0.0000 0.0000 0.0000 0.0003 -0.0006 0.0000 0.0001 -0.0001 0.0000 -0.0000 0.0000 0.0000 -0.0000 0.0000 0.0000 0.0001 0.0007 -0.0000 0.0001 -0.0012 0.0000 0.0003 -0.0008 0.0000 -0.0000 0.0001 0.0000 -0.0000 0.0000 0.0000 -0.0000 -0.0008 0.0000 -29.9996 0.0002 0.0001 29.9996 -0.0003 0.0001 -0.0000 0.0000 0.0000 178.8851 2.7160 2.5619 -2.5441 -8.7977 -2.9440 26.5532 70.4859 -24.0772 -0.0000 25.3510 0.0000 178.6580 13.0769 4.0842 -0.0487 -21.9686 0.1751 -23.5864 70.9200 32.5177 -0.0001 25.3508 0.0000
13.3653 96.2109 -37.2977 -0.2138 1.2845 11.9936 0.2194 0.9988 -0.3774 0.2194 0.9990 -0.3774 0.2201 1.0019 -0.3785 -90.0000 -15.5694 90.0000 -20.6767 81.0216 8.9713 25.4399 -16.1201 -90.7809 -0.6730 -0.8871 -0.0428 0.0001 0.0000 0.0000 -0.0000 0.0000 0.0000 -0.0008 -0.0013 -0.0000 0.0001 -0.0004 0.0000 -0.0000 0.0000 0.0000 -0.0000 0.0000 0.0000 -0.0000 0.0002 0.0000 0.0003 -0.0006 0.0000 -0.0006 0.0004 0.0000 0.0001 0.0000 0.0000 -0.0000 0.0000 0.0000 -0.0002 -0.0010 -0.0000 30.0001 0.0002 -0.0001 -29.9998 0.0005 0.0002 -0.0000 0.0000 0.0000 1.5573 1.0779 -2.5517 1.5573 1.0779 -2.5517 89.4662 -19.1124 -87.3899 32.3453 76.0227 -27.9495 -5.6851 1.4965 58.9488 0.4865 -0.1065 0.0218 0.0001 -0.0001 0.0000 -0.0000 0.0000 0.0000 0.0003 -0.0006 0.0000 0.0001 -0.0001 0.0000 -0.0000 0.0000 0.0000 -0.0000 0.0000 0.0000 0.0001 0.0007 -0.0000 0.0001 -0.0012 0.0000 0.0003 -0.0008 0.0000 -0.0000 0.0001 0.0000 -0.0000 0.0000 0.0000 -0.0000 -0.0009 0.0000 -29.9996 0.0002 0.0001 29.9996 -0.0003 0.0001 -0.0000 0.0000 0.0000 178.8048 2.7710 2.6920 -2.4046 -9.0492 -2.8997 26.7448 70.3585 -24.1535 -0.0000 25.3510 0.0000 178.6373 12.9374 3.9891 -0.0530 -21.9281 0.1534 -23.7058 71.3584 33.0804 -0.0001 25.3508 0.0000
13.4948 96.2673 -37.3633 -0.3722 1.0738 12.1095 0.1703 0.9873 -0.2448 0.1703 0.9874 -0.2448 0.1708 0.9903 -0.2455 -90.0000 -15.7213 90.0000 -16.4205 80.8844 3.8500 30.7452 -20.0273 -89.8750 -0.8736 -1.1772 -0.0601 0.0001 0.0000 0.0000 -0.0000 0.0000 0.0000 -0.0008 -0.0013 -0.0000 0.0001 -0.0004 0.0000 -0.0000 0.0000 0.0000 -0.0000 0.0000 0.0000 -0.0000 0.0003 0.0000 0.0003 -0.0006 0.0000 -0.0006 0.0004 0.0000 0.0001 0.0000 0.0000 -0.0000 0.0000 0.0000 -0.0002 -0.0010 -0.0000 30.0001 0.0002 -0.0001 -29.9998 0.0005 0.0002 -0.0000 0.0000 0.0000 1.5181 1.1792 -2.6930 1.5181 1.1792 -2.6930 89.3861 -19.0918 -87.3581 32.9248 75.6143 -27.5435 -5.1191 1.3654 60.6120 0.4865 -0.1171 0.0200 0.0001 -0.0001 0.0000 -0.0000 0.0000 0.0000 0.0003 -0.0006 0.0000 0.0001 -0.0001 0.0000 -0.0000 0.0000 0.0000 -0.0000 0.0000 0.0000 0.0001 0.0007 -0.0000 0.0001 -0.0012 0.0000 0.0003 -0.0008 0.0000 -0.0000 0.0001 0.0000 -0.0000 0.0000 0.0000 -0.0000 -0.0008 0.0000 -29.9996 0.0002 0.0001 29.9996 -0.0003 0.0001 -0.0000 0.0000 0.0000 178.7456 2.7894 2.7299 -2.2287 -9.2585 -2.7880 26.9700 70.2482 -24.2867 -0.0000 25.3510 0.0000 178.7168 12.6795 3.6724 -0.0547 -21.4891 0.1476 -24.6344 71.6683 34.2014 -0.0001 25.3508 0.0000
13.5901 96.3038 -37.3736 -0.5519 0.9041 12.1688 0.1330 0.9497 -0.1070 0.1330 0.9498 -0.1070 0.1334 0.9526 -0.1073 -90.0000 -15.8193 90.0000 -11.8592 80.4740 -1.4897 36.8522 -23.6469 -87.3437 -1.1796 -1.5767 -0.0919 0.0001 0.0000 0.0000 -0.0000 0.0000 0.0000 -0.0008 -0.0013 -0.0000 0.0001 -0.0004 0.0000 -0.0000 0.0000 0.0000 -0.0000 0.0000 0.0000 -0.0000 0.0002 0.0000 0.0003 -0.0006 0.0000 -0.0006 0.0004 0.0000 0.0001 0.0000 0.0000 -0.0000 0.0000 0.0000 -0.0002 -0.0010 -0.0000 30.0001 0.0002 -0.0001 -29.9998 0.0005 0.0002 -0.0000 0.0000 0.0000 1.4941 1.2894 -2.8041 1.4941 1.2894 -2.8041 89.2966 -19.0466 -87.3392 33.4595 75.1785 -27.0504 -4.5223 1.1907 62.3573 0.4876 -0.1276 0.0179 0.0001 -0.0001 0.0000 -0.0000 0.0000 0.0000 0.0003 -0.0006 0.0000 0.0001 -0.0001 0.0000 -0.0000 0.0000 0.0000 -0.0000 0.0000 0.0000 0.0001 0.0007 -0.0000 0.0001 -0.0012 0.0000 0.0003 -0.0008 0.0000 -0.0000 0.0001 0.0000 -0.0000 0.0000 0.0000 -0.0000 -0.0009 0.0000 -29.9996 0.0002 0.0001 29.9996 -0.0003 0.0001 -0.0000 0.0000 0.0000 178.7441 2.7801 2.6960 -2.0468 -9.4284 -2.6674 27.1325 70.1888 -24.4000 -0.0000 25.3510 0.0000 178.8926 12.2809 3.1405 -0.0541 -20.5205 0.1582 -26.3834 71.6767 35.8388 -0.0001 25.3508 0.0000
13.6715 96.3283 -37.3854 -0.7320 0.7607 12.1873 0.1006 0.9017 0.0268 0.1006 0.9018 0.0268 0.1009 0.9044 0.0269 -90.0000 -15.8579 90.0000 -7.1150 79.7136 -6.8702 43.5999 -26.7608 -83.6241 -1.6170 -2.1082 -0.1456 0.0001 0.0000 0.0000 -0.0000 0.0000 0.0000 -0.0008 -0.0013 -0.0000 0.0001 -0.0004 0.0000 -0.0000 0.0000 0.0000 -0.0000 0.0000 0.0000 -0.0000 0.0002 0.0000 0.0003 -0.0006 0.0000 -0.0006 0.0004 0.0000 0.0001 0.0000 0.0000 -0.0000 0.0000 0.0000 -0.0002 -0.0010 -0.0000 30.0001 0.0002 -0.0001 -29.9998 0.0005 0.0002 -0.0000 0.0000 0.0000 1.4930 1.3901 -2.8863 1.4930 1.3901 -2.8863 89.2025 -18.9860 -87.3155 33.8115 74.7116 -26.3368 -3.8919 1.0263 64.1508 0.4899 -0.1387 0.0158 0.0001 -0.0001 0.0000 -0.0000 0.0000 0.0000 0.0003 -0.0006 0.0000 0.0001 -0.0001 0.0000 -0.0000 0.0000 0.0000 -0.0000 0.0000 0.0000 0.0001 0.0007 -0.0000 0.0001 -0.0012 0.0000 0.0003 -0.0008 0.0000 -0.0000 0.0001 0.0000 -0.0000 0.0000 0.0000 -0.0000 -0.0009 0.0000 -29.9996 0.0002 0.0001 29.9996 -0.0003 0.0001 -0.0000 0.0000 0.0000 178.7880 2.7709 2.6745 -1.8975 -9.5779 -2.6075 27.2422 70.1669 -24.4865 -0.0000 25.3510 0.0000 179.0251 11.8451 2.6184 -0.0575 -19.2878 0.1489 -27.9754 71.4134 37.2602 -0.0001 25.3508 0.0000
13.7269 96.3391 -37.4051 -0.9076 0.6288 12.1715 0.0689 0.8526 0.1560 0.0689 0.8527 0.1560 0.0691 0.8552 0.1564 -90.0000 -15.8523 90.0000 -2.3988 78.5465 -12.0752 50.8690 -29.2073 -79.0362 -2.2168 -2.7914 -0.2335 0.0001 0.0000 0.0000 -0.0000 0.0000 0.0000 -0.0008 -0.0013 -0.0000 0.0001 -0.0004 0.0000 -0.0000 0.0000 0.0000 -0.0000 0.0000 0.0000 -0.0000 0.0002 0.0000 0.0003 -0.0006 0.0000 -0.0006 0.0004 0.0000 0.0001 0.0000 0.0000 -0.0000 0.0000 0.0000 -0.0002 -0.0010 -0.0000 30.0001 0.0002 -0.0001 -29.9998 0.0005 0.0002 -0.0000 0.0000 0.0000 1.5110 1.4728 -2.9447 1.5110 1.4728 -2.9447 89.1172 -18.9188 -87.2780 34.0098 74.2282 -25.4337 -3.2438 0.8586 66.0585 0.4929 -0.1515 0.0135 0.0001 -0.0001 0.0000 -0.0000 0.0000 0.0000 0.0003 -0.0006 0.0000 0.0001 -0.0001 0.0000 -0.0000 0.0000 0.0000 -0.0000 0.0000 0.0000 0.0001 0.0007 -0.0000 0.0001 -0.0012 0.0000 0.0003 -0.0008 0.0000 -0.0000 0.0001 0.0000 -0.0000 0.0000 0.0000 -0.0000 -0.0008 0.0000 -29.9996 0.0002 0.0001 29.9996 -0.0003 0.0001 -0.0000 0.0000 0.0000 178.8618 2.7536 2.7301 -1.7950 -9.7063 -2.6357 27.4057 70.1649 -24.6395 -0.0000 25.3510 0.0000 179.0744 11.3956 2.2592 -0.0637 -17.9317 0.1202 -28.8616 70.9967 37.9657 -0.0001 25.3508 0.0000
13.7501 96.3530 -37.4342 -1.0581 0.5000 12.1056 0.0299 0.8114 0.2735 0.0299 0.8115 0.2735 0.0300 0.8138 0.2743 -90.0000 -15.7985 90.0000 1.9373 76.7887 -16.7334 58.4540 -30.8156 -73.7115 -3.0569 -3.6194 -0.3933 0.0001 0.0000 0.0000 -0.0000 0.0000 0.0000 -0.0008 -0.0013 -0.0000 0.0001 -0.0004 0.0000 -0.0000 0.0000 0.0000 -0.0000 0.0000 0.0000 -0.0000 0.0003 0.0000 0.0003 -0.0006 0.0000 -0.0006 0.0004 0.0000 0.0001 0.0000 0.0000 -0.0000 0.0000 0.0000 -0.0002 -0.0010 -0.0000 30.0001 0.0002 -0.0001 -29.9998 0.0005 0.0002 -0.0000 0.0000 0.0000 1.5475 1.5224 -2.9673 1.5475 1.5224 -2.9673 89.0332 -18.8114 -87.1958 34.1418 73.7454 -24.3794 -2.6277 0.6694 68.2222 0.4962 -0.1685 0.0114 0.0001 -0.0001 0.0000 -0.0000 0.0000 0.0000 0.0003 -0.0006 0.0000 0.0001 -0.0001 0.0000 -0.0000 0.0000 0.0000 -0.0000 0.0000 0.0000 0.0001 0.0007 -0.0000 0.0001 -0.0012 0.0000 0.0003 -0.0008 0.0000 -0.0000 0.0001 0.0000 -0.0000 0.0000 0.0000 -0.0000 -0.0008 0.0000 -29.9996 0.0002 0.0001 29.9996 -0.0003 0.0001 -0.0000 0.0000 0.0000 178.9468 2.6998 2.9959 -1.7703 -9.7832 -2.8802 27.6814 70.1662 -24.9117 -0.0000 25.3510 0.0000 179.0417 10.8982 2.1767 -0.0704 -16.5404 0.0851 -28.3573 70.4820 37.2688 -0.0001 25.3508 0.0000
13.7848 96.3585 -37.4495 -1.1609 0.3747 11.9993 -0.0245 0.7764 0.3773 -0.0245 0.7765 0.3774 -0.0245 0.7788 0.3785 -90.0000 -15.7397 90.0000 5.8642 74.5587 -20.9201 66.0643 -31.5998 -67.9749 -4.1244 -4.5559 -0.6307 0.0001 0.0000 0.0000 -0.0000 0.0000 0.0000 -0.0008 -0.0013 -0.0000 0.0001 -0.0004 0.0000 -0.0000 0.0000 0.0000 -0.0000 0.0000 0.0000 -0.0000 0.0002 0.0000 0.0003 -0.0006 0.0000 -0.0006 0.0004 0.0000 0.0001 0.0000 0.0000 -0.0000 0.0000 0.0000 -0.0002 -0.0010 -0.0000 30.0001 0.0002 -0.0001 -29.9998 0.0005 0.0002 -0.0000 0.0000 0.0000 1.5872 1.5510 -2.9624 1.5872 1.5510 -2.9624 88.9528 -18.6836 -87.0917 34.2047 73.2709 -23.1776 -2.0830 0.4986 70.4647 0.4991 -0.1889 0.0092 0.0001 -0.0001 0.0000 -0.0000 0.0000 0.0000 0.0003 -0.0006 0.0000 0.0001 -0.0001 0.0000 -0.0000 0.0000 0.0000 -0.0000 0.0000 0.0000 0.0001 0.0007 -0.0000 0.0001 -0.0012 0.0000 0.0003 -0.0008 0.0000 -0.0000 0.0001 0.0000 -0.0000 0.0000 0.0000 -0.0000 -0.0009 0.0000 -29.9997 0.0002 0.0001 29.9996 -0.0003 0.0001 -0.0000 0.0000 0.0000 178.9977 2.5953 3.4524 -1.7859 -9.7802 -3.3556 27.8958 70.1516 -25.1334 -0.0000 25.3510 0.0000 178.9915 10.3488 2.3383 -0.0746 -15.2342 0.0604 -26.6169 69.9173 35.1493 -0.0001 25.3508 0.0000
13.8511 96.3603 -37.4437 -1.2118 0.2540 11.8542 -0.0963 0.7463 0.4701 -0.0963 0.7464 0.4701 -0.0966 0.7486 0.4715 -90.0000 -15.7006 90.0000 9.3406 71.9090 -24.6052 73.4313 -31.5874 -62.1304 -5.4299 -5.5431 -0.9653 0.0001 0.0000 0.0000 -0.0000 0.0000 0.0000 -0.0008 -0.0013 -0.0000 0.0001 -0.0004 0.0000 -0.0000 0.0000 0.0000 -0.0000 0.0000 0.0000 -0.0000 0.0002 0.0000 0.0003 -0.0006 0.0000 -0.0006 0.0004 0.0000 0.0001 0.0000 0.0000 -0.0000 0.0000 0.0000 -0.0002 -0.0010 -0.0000 30.0001 0.0002 -0.0001 -29.9998 0.0005 0.0002 -0.0000 0.0000 0.0000 1.6196 1.5663 -2.9354 1.6196 1.5663 -2.9354 88.8801 -18.5449 -86.9715 34.1726 72.7931 -21.7791 -1.6108 0.3489 72.7569 0.5014 -0.2125 0.0076 0.0001 -0.0001 0.0000 -0.0000 0.0000 0.0000 0.0003 -0.0006 0.0000 0.0001 -0.0001 0.0000 -0.0000 0.0000 0.0000 -0.0000 0.0000 0.0000 0.0001 0.0007 -0.0000 0.0001 -0.0012 0.0000 0.0003 -0.0008 0.0000 -0.0000 0.0001 0.0000 -0.0000 0.0000 0.0000 -0.0000 -0.0009 0.0000 -29.9996 0.0002 0.0001 29.9996 -0.0003 0.0001 -0.0000 0.0000 0.0000 178.9970 2.4324 4.0435 -1.8093 -9.6977 -4.0227 27.9826 70.1317 -25.2466 -0.0000 25.3510 0.0000 178.9509 9.7800 2.6156 -0.0776 -14.0720 0.0414 -24.3758 69.2539 32.1737 -0.0001 25.3508 0.0000
13.9481 96.3489 -37.3890 -1.1855 0.1368 11.6570 -0.1942 0.7246 0.5506 -0.1942 0.7247 0.5506 -0.1948 0.7268 0.5523 -90.0000 -15.6902 90.0000 10.7556 69.8053 -26.2828 80.1564 -30.6576 -56.4113 -6.2132 -5.5889 -1.3100 0.0001 0.0000 0.0000 -0.0000 0.0000 0.0000 -0.0008 -0.0013 -0.0000 0.0001 -0.0004 0.0000 -0.0000 0.0000 0.0000 -0.0000 0.0000 0.0000 -0.0001 0.0002 0.0000 0.0003 -0.0006 0.0000 -0.0006 0.0004 0.0000 0.0001 0.0000 0.0000 -0.0000 0.0000 0.0000 -0.0002 -0.0010 -0.0000 30.0001 0.0002 -0.0001 -29.9998 0.0005 0.0002 -0.0000 0.0000 0.0000 1.6363 1.5667 -2.8871 1.6363 1.5667 -2.8871 88.8249 -18.3997 -86.8239 34.1199 72.3687 -20.2331 -1.3156 0.1573 75.1417 0.5013 -0.2413 0.0061 0.0001 -0.0001 0.0000 -0.0000 0.0000 0.0000 0.0003 -0.0006 0.0000 0.0001 -0.0001 0.0000 -0.0000 0.0000 0.0000 -0.0000 0.0000 0.0000 0.0001 0.0007 -0.0000 0.0001 -0.0012 0.0000 0.0003 -0.0008 0.0000 -0.0000 0.0001 0.0000 -0.0000 0.0000 0.0000 -0.0000 -0.0009 0.0000 -29.9996 0.0002 0.0001 29.9996 -0.0003 0.0001 -0.0000 0.0000 0.0000 178.9129 2.1706 4.7377 -1.8205 -9.4998 -4.8877 27.8534 70.1203 -25.1741 -0.0000 25.3510 0.0000 178.9261 9.2151 2.9268 -0.0793 -13.1897 0.0297 -22.3531 68.6926 29.2415 -0.0001 25.3508 0.0000
14.0337 96.3317 -37.2880 -1.1101 0.0248 11.4335 -0.3065 0.7051 0.6173 -0.3065 0.7052 0.6174 -0.3073 0.7073 0.6193 -90.0000 -15.6841 90.0000 12.0475 67.5241 -27.8342 86.0809 -28.8688 -51.1370 -6.9653 -5.4717 -1.6909 0.0001 0.0000 0.0000 -0.0000 0.0000 0.0000 -0.0008 -0.0013 -0.0000 0.0001 -0.0004 0.0000 -0.0000 0.0000 0.0000 -0.0000 0.0000 0.0000 -0.0000 0.0002 0.0000 0.0003 -0.0006 0.0000 -0.0006 0.0004 0.0000 0.0001 0.0000 0.0000 -0.0000 0.0000 0.0000 -0.0002 -0.0010 -0.0000 30.0001 0.0002 -0.0001 -29.9998 0.0005 0.0002 -0.0000 0.0000 0.0000 1.6438 1.5650 -2.8261 1.6438 1.5650 -2.8261 88.7760 -18.2608 -86.6548 34.0990 71.9860 -18.6290 -1.2051 -0.0768 77.5198 0.4992 -0.2736 0.0053 0.0001 -0.0001 0.0000 -0.0000 0.0000 0.0000 0.0003 -0.0006 0.0000 0.0001 -0.0001 0.0000 -0.0000 0.0000 0.0000 -0.0000 0.0000 0.0000 0.0001 0.0007 -0.0000 0.0001 -0.0012 0.0000 0.0003 -0.0008 0.0000 -0.0000 0.0001 0.0000 -0.0000 0.0000 0.0000 -0.0000 -0.0009 0.0000 -29.9996 0.0002 0.0001 29.9996 -0.0003 0.0001 -0.0000 0.0000 0.0000 178.7708 1.8364 5.4066 -1.8087 -9.2094 -5.8034 27.5453 70.1163 -24.9334 -0.0000 25.3511 0.0000 178.9084 8.6679 3.2833 -0.0801 -12.4941 0.0241 -20.6393 68.2586 26.6587 -0.0001 25.3508 0.0000
14.1065 96.3088 -37.1565 -1.0064 -0.0758 11.1988 -0.4238 0.6840 0.6701 -0.4239 0.6841 0.6702 -0.4251 0.6861 0.6722 -90.0000 -15.6965 90.0000 13.3702 65.0537 -29.3198 91.1449 -26.4157 -46.5014 -7.7069 -5.2534 -2.1022 0.0001 0.0000 0.0000 -0.0000 0.0000 0.0000 -0.0008 -0.0013 -0.0000 0.0001 -0.0004 0.0000 -0.0000 0.0000 0.0000 -0.0000 0.0000 0.0000 -0.0000 0.0002 0.0000 0.0003 -0.0006 0.0000 -0.0006 0.0004 0.0000 0.0001 0.0000 0.0000 -0.0000 0.0000 0.0000 -0.0002 -0.0010 -0.0000 30.0001 0.0002 -0.0001 -29.9998 0.0005 0.0001 -0.0000 0.0000 0.0000 1.6469 1.5699 -2.7578 1.6469 1.5699 -2.7578 88.7305 -18.1424 -86.4634 34.0947 71.6199 -16.9805 -1.2760 -0.3156 79.7189 0.4960 -0.3079 0.0049 0.0001 -0.0001 0.0000 -0.0000 0.0000 0.0000 0.0003 -0.0006 0.0000 0.0001 -0.0001 0.0000 -0.0000 0.0000 0.0000 -0.0000 0.0000 0.0000 0.0001 0.0007 -0.0000 0.0001 -0.0012 0.0000 0.0003 -0.0008 0.0000 -0.0000 0.0001 0.0000 -0.0000 0.0000 0.0000 -0.0000 -0.0009 0.0000 -29.9996 0.0002 0.0001 29.9996 -0.0003 0.0001 -0.0000 0.0000 0.0000 178.5901 1.4559 5.9834 -1.7633 -8.8521 -6.6775 27.1188 70.1156 -24.5768 -0.0000 25.3510 0.0000 178.8746 8.1343 3.6735 -0.0808 -11.8519 0.0187 -19.0917 67.8318 24.2550 -0.0001 25.3508 0.0000
14.1877 96.2908 -37.0069 -0.9156 -0.1679 10.9612 -0.5267 0.6582 0.7015 -0.5267 0.6583 0.7016 -0.5282 0.6603 0.7037 -90.0000 -15.7336 90.0000 14.7437 62.3297 -30.5843 95.1703 -23.3633 -42.7558 -8.4049 -4.9282 -2.5403 0.0001 0.0000 0.0000 -0.0000 0.0000 0.0000 -0.0008 -0.0013 -0.0000 0.0001 -0.0004 0.0000 -0.0000 0.0000 0.0000 -0.0000 0.0000 0.0000 -0.0000 0.0002 0.0000 0.0003 -0.0006 0.0000 -0.0006 0.0004 0.0000 0.0001 0.0000 0.0000 -0.0000 0.0000 0.0000 -0.0002 -0.0010 -0.0000 30.0001 0.0002 -0.0001 -29.9998 0.0005 0.0002 -0.0000 0.0000 0.0000 1.6400 1.5986 -2.6822 1.6400 1.5986 -2.6822 88.7007 -18.0649 -86.2320 34.0589 71.2707 -15.2834 -1.6284 -0.6161 81.7911 0.4922 -0.3454 0.0053 0.0001 -0.0001 0.0000 -0.0000 0.0000 0.0000 0.0003 -0.0006 0.0000 0.0001 -0.0001 0.0000 -0.0000 0.0000 0.0000 -0.0000 0.0000 0.0000 0.0001 0.0007 -0.0000 0.0001 -0.0012 0.0000 0.0003 -0.0008 0.0000 -0.0000 0.0001 0.0000 -0.0000 0.0000 0.0000 -0.0000 -0.0009 0.0000 -29.9997 0.0002 0.0001 29.9996 -0.0003 0.0001 -0.0000 0.0000 0.0000 178.3983 1.0471 6.3658 -1.6582 -8.4600 -7.3953 26.6457 70.1217 -24.1662 -0.0000 25.3510 0.0000 178.8437 7.6277 4.0540 -0.0815 -11.1513 0.0122 -17.8910 67.3867 22.2988 -0.0001 25.3508 0.0000
14.2865 96.2795 -36.8696 -0.8738 -0.2498 10.7247 -0.6033 0.6220 0.7183 -0.6033 0.6222 0.7183 -0.6052 0.6240 0.7205 -90.0000 -15.7810 90.0000 16.0622 59.6300 -31.5808 98.4440 -19.8812 -39.8588 -9.0150 -4.5300 -2.9801 0.0001 0.0000 0.0000 -0.0000 0.0000 0.0000 -0.0008 -0.0013 -0.0000 0.0001 -0.0004 0.0000 -0.0000 0.0000 0.0000 -0.0000 0.0000 0.0000 -0.0000 0.0002 0.0000 0.0003 -0.0006 0.0000 -0.0006 0.0004 0.0000 0.0001 0.0000 0.0000 -0.0000 0.0000 0.0000 -0.0002 -0.0010 -0.0000 30.0001 0.0002 -0.0001 -29.9998 0.0005 0.0001 -0.0000 0.0000 0.0000 1.6231 1.6501 -2.6044 1.6231 1.6501 -2.6044 88.6809 -18.0481 -85.9971 33.9976 70.9318 -13.6287 -2.2632 -0.9789 83.8055 0.4887 -0.3860 0.0065 0.0001 -0.0001 0.0000 -0.0000 0.0000 0.0000 0.0003 -0.0006 0.0000 0.0001 -0.0001 0.0000 -0.0000 0.0000 0.0000 -0.0000 0.0000 0.0000 0.0001 0.0007 -0.0000 0.0001 -0.0012 0.0000 0.0003 -0.0008 0.0000 -0.0000 0.0001 0.0000 -0.0000 0.0000 0.0000 -0.0000 -0.0008 0.0000 -29.9996 0.0002 0.0001 29.9996 -0.0003 0.0001 -0.0000 0.0000 0.0000 178.2356 0.6792 6.5923 -1.5163 -8.1152 -7.9557 26.2792 70.1332 -23.8444 -0.0000 25.3510 0.0000 178.8348 7.1633 4.3461 -0.0825 -10.3506 0.0016 -16.9790 66.9816 21.0168 -0.0001 25.3508 0.0000
14.3895 96.2764 -36.7563 -0.8781 -0.3208 10.4888 -0.6553 0.5765 0.7228 -0.6554 0.5766 0.7229 -0.6573 0.5783 0.7250 -90.0000 -15.8321 90.0000 17.2299 56.9712 -32.2210 101.0495 -16.1243 -37.8064 -9.5083 -4.0529 -3.4254 0.0001 0.0000 0.0000 -0.0000 0.0000 0.0000 -0.0008 -0.0013 -0.0000 0.0001 -0.0004 0.0000 -0.0000 0.0000 0.0000 -0.0000 0.0000 0.0000 -0.0001 0.0002 0.0000 0.0003 -0.0006 0.0000 -0.0006 0.0004 0.0000 0.0001 0.0000 0.0000 -0.0000 0.0000 0.0000 -0.0002 -0.0010 -0.0000 30.0001 0.0002 -0.0001 -29.9998 0.0005 0.0002 -0.0000 0.0000 0.0000 1.6025 1.7132 -2.5267 1.6025 1.7132 -2.5267 88.6655 -18.0895 -85.7693 33.9093 70.6032 -12.0250 -3.1851 -1.4008 85.7958 0.4853 -0.4298 0.0084 0.0001 -0.0001 0.0000 -0.0000 0.0000 0.0000 0.0003 -0.0006 0.0000 0.0001 -0.0001 0.0000 -0.0000 0.0000 0.0000 -0.0000 0.0000 0.0000 0.0001 0.0007 -0.0000 0.0001 -0.0012 0.0000 0.0003 -0.0008 0.0000 -0.0000 0.0001 0.0000 -0.0000 0.0000 0.0000 -0.0000 -0.0009 0.0000 -29.9997 0.0002 0.0001 29.9996 -0.0003 0.0001 -0.0000 0.0000 0.0000 178.1106 0.3698 6.6849 -1.3592 -7.8330 -8.3711 26.0460 70.1412 -23.6343 -0.0000 25.3511 0.0000 178.8773 6.7307 4.5308 -0.0832 -9.5017 -0.0062 -16.1851 66.5541 20.1464 -0.0001 25.3508 0.0000
14.4477 96.2813 -36.6885 -0.9365 -0.3751 10.2484 -0.6730 0.5230 0.7080 -0.6731 0.5231 0.7081 -0.6750 0.5246 0.7101 -90.0000 -15.9533 90.0000 18.2412 54.3359 -32.2852 102.7283 -12.2650 -36.8602 -9.8128 -3.4902 -3.8802 0.0001 0.0000 0.0000 -0.0000 0.0000 0.0000 -0.0008 -0.0013 -0.0000 0.0001 -0.0004 0.0000 -0.0000 0.0000 0.0000 -0.0000 0.0000 0.0000 -0.0000 0.0002 0.0000 0.0003 -0.0006 0.0000 -0.0006 0.0004 0.0000 0.0001 0.0000 0.0000 -0.0000 0.0000 0.0000 -0.0002 -0.0010 -0.0000 30.0001 0.0002 -0.0001 -29.9998 0.0005 0.0002 -0.0000 0.0000 0.0000 1.5781 1.7831 -2.4397 1.5781 1.7831 -2.4397 88.6373 -18.1935 -85.5569 33.7476 70.3284 -10.4597 -4.5716 -1.9482 87.7499 0.4850 -0.4809 0.0117 0.0001 -0.0001 0.0000 -0.0000 0.0000 0.0000 0.0003 -0.0006 0.0000 0.0001 -0.0001 0.0000 -0.0000 0.0000 0.0000 -0.0000 0.0000 0.0000 0.0001 0.0007 -0.0000 0.0001 -0.0012 0.0000 0.0003 -0.0008 0.0000 -0.0000 0.0001 0.0000 -0.0000 0.0000 0.0000 -0.0000 -0.0009 0.0000 -29.9996 0.0002 0.0001 29.9996 -0.0003 0.0001 -0.0000 0.0000 0.0000 178.0350 0.1564 6.6044 -1.1928 -7.6629 -8.5776 26.0617 70.1397 -23.6429 -0.0000 25.3510 0.0000 178.9965 6.3310 4.5033 -0.0833 -8.6545 -0.0082 -15.5783 66.0257 19.4940 -0.0001 25.3508 0.0000
14.4654 96.2849 -36.6425 -1.0231 -0.4165 9.9934 -0.6668 0.4671 0.6754 -0.6669 0.4672 0.6754 -0.6689 0.4686 0.6774 -88.0595 -13.8278 88.4410 19.2153 51.8459 -31.8489 103.6200 -8.4321 -36.7635 -9.9237 -2.8988 -4.2986 0.0001 0.0000 0.0000 -0.0000 0.0000 0.0000 -0.0008 -0.0013 -0.0000 0.0001 -0.0004 0.0000 -0.0000 0.0000 0.0000 -0.0000 0.0000 0.0000 -0.0000 0.0002 0.0000 0.0003 -0.0006 0.0000 -0.0006 0.0004 0.0000 0.0001 0.0000 0.0000 -0.0000 0.0000 0.0000 -0.0002 -0.0010 -0.0000 30.0001 0.0002 -0.0001 -29.9998 0.0005 0.0002 -0.0000 0.0000 0.0000 1.5413 1.8432 -2.3406 1.5413 1.8432 -2.3406 88.6013 -18.3125 -85.3674 33.4981 70.1268 -8.9223 -6.3706 -2.6637 89.6671 0.4886 -0.5408 0.0160 0.0001 -0.0001 0.0000 -0.0000 0.0000 0.0000 0.0003 -0.0006 0.0000 0.0001 -0.0001 0.0000 -0.0000 0.0000 0.0000 -0.0000 0.0000 0.0000 0.0001 0.0007 -0.0000 0.0001 -0.0012 0.0000 0.0003 -0.0008 0.0000 -0.0000 0.0001 0.0000 -0.0000 0.0000 0.0000 -0.0000 -0.0009 0.0000 -29.9996 0.0002 0.0001 29.9996 -0.0003 0.0001 -0.0000 0.0000 0.0000 178.0055 0.0242 6.4218 -1.0449 -7.6030 -8.6401 26.3058 70.1369 -23.8724 -0.0000 25.3510 0.0000 179.1465 5.9461 4.2720 -0.0834 -7.8596 -0.0097 -15.2984 65.5314 19.2053 -0.0001 25.3508 0.0000
14.4549 96.2858 -36.5992 -1.1187 -0.4449 9.7169 -0.6449 0.4077 0.6294 -0.6450 0.4078 0.6294 -0.6468 0.4089 0.6313 -87.6148 -13.6048 88.2848 20.1690 49.5374 -30.8642 103.8507 -4.7063 -37.3299 -9.8468 -2.2990 -4.6658 0.0001 0.0000 0.0000 -0.0000 0.0000 0.0000 -0.0008 -0.0013 -0.0000 0.0001 -0.0004 0.0000 -0.0000 0.0000 0.0000 -0.0000 0.0000 0.0000 -0.0000 0.0002 0.0000 0.0003 -0.0006 0.0000 -0.0006 0.0004 0.0000 0.0001 0.0000 0.0000 -0.0000 0.0000 0.0000 -0.0002 -0.0010 -0.0000 30.0001 0.0002 -0.0001 -29.9998 0.0005 0.0002 -0.0000 0.0000 0.0000 1.4945 1.8912 -2.2331 1.4945 1.8912 -2.2331 88.5557 -18.4438 -85.2161 33.1196 69.9941 -7.3843 -8.5533 -3.5567 91.5303 0.4984 -0.6127 0.0217 0.0001 -0.0001 0.0000 -0.0000 0.0000 0.0000 0.0003 -0.0006 0.0000 0.0001 -0.0001 0.0000 -0.0000 0.0000 0.0000 -0.0000 0.0000 0.0000 0.0001 0.0007 -0.0000 0.0001 -0.0012 0.0000 0.0003 -0.0008 0.0000 -0.0000 0.0001 0.0000 -0.0000 0.0000 0.0000 -0.0000 -0.0009 0.0000 -29.9996 0.0002 0.0001 29.9996 -0.0003 0.0001 -0.0000 0.0000 0.0000 178.0196 -0.0380 6.1692 -0.9366 -7.6359 -8.6120 26.6963 70.1403 -24.2487 -0.0000 25.3510 0.0000 179.2942 5.5877 3.8860 -0.0836 -7.1093 -0.0129 -15.2774 65.0532 19.2021 -0.0001 25.3508 0.0000
14.4273 96.2814 -36.5524 -1.2033 -0.4599 9.3995 -0.6070 0.3457 0.5677 -0.6070 0.3458 0.5677 -0.6089 0.3468 0.5694 -87.1372 -13.4105 88.1291 21.1278 47.4543 -28.9170 103.0255 -1.4417 -38.6417 -9.5681 -1.7262 -4.9482 0.0001 0.0000 0.0000 -0.0000 0.0000 0.0000 -0.0008 -0.0013 -0.0000 0.0001 -0.0004 0.0000 -0.0000 0.0000 0.0000 -0.0000 0.0000 0.0000 -0.0000 0.0002 0.0000 0.0003 -0.0006 0.0000 -0.0006 0.0004 0.0000 0.0001 0.0000 0.0000 -0.0000 0.0000 0.0000 -0.0002 -0.0010 -0.0000 30.0001 0.0002 -0.0001 -29.9998 0.0005 0.0002 -0.0000 0.0000 0.0000 1.4342 1.9168 -2.1168 1.4342 1.9168 -2.1168 88.5041 -18.5860 -85.1246 32.4111 69.9466 -5.7203 -11.2750 -4.7239 93.1672 0.5217 -0.7047 0.0296 0.0001 -0.0001 0.0000 -0.0000 0.0000 0.0000 0.0003 -0.0006 0.0000 0.0001 -0.0001 0.0000 -0.0000 0.0000 0.0000 -0.0000 0.0000 0.0000 0.0001 0.0007 -0.0000 0.0001 -0.0012 0.0000 0.0003 -0.0008 0.0000 -0.0000 0.0001 0.0000 -0.0000 0.0000 0.0000 -0.0000 -0.0009 0.0000 -29.9997 0.0002 0.0001 29.9996 -0.0003 0.0001 -0.0000 0.0000 0.0000 178.0896 -0.0360 5.8538 -0.9075 -7.7649 -8.5245 27.2049 70.1653 -24.7490 -0.0000 25.3510 0.0000 179.4161 5.2991 3.4329 -0.0836 -6.4367 -0.0162 -15.3200 64.6019 19.2393 -0.0001 25.3508 0.0000
14.4085 96.2745 -36.4917 -1.2784 -0.4759 9.0460 -0.5546 0.2878 0.4925 -0.5546 0.2879 0.4925 -0.5562 0.2886 0.4939 -86.6850 -13.2595 87.9411 22.0535 45.5228 -26.0033 101.3823 1.1736 -40.3510 -9.1547 -1.1792 -5.1453 0.0001 0.0000 0.0000 -0.0000 0.0000 0.0000 -0.0008 -0.0013 -0.0000 0.0001 -0.0004 0.0000 -0.0000 0.0000 0.0000 -0.0000 0.0000 0.0000 -0.0000 0.0002 0.0000 0.0003 -0.0006 0.0000 -0.0006 0.0004 0.0000 0.0001 0.0000 0.0000 -0.0000 0.0000 0.0000 -0.0002 -0.0010 -0.0000 30.0001 0.0002 -0.0001 -29.9998 0.0005 0.0002 -0.0000 0.0000 0.0000 1.3531 1.9279 -1.9899 1.3531 1.9279 -1.9899 88.4586 -18.7222 -85.0614 31.2781 69.9258 -3.8216 -14.3880 -6.1021 94.3908 0.5630 -0.8220 0.0404 0.0001 -0.0001 0.0000 -0.0000 0.0000 0.0000 0.0003 -0.0006 0.0000 0.0001 -0.0001 0.0000 -0.0000 0.0000 0.0000 -0.0000 0.0000 0.0000 0.0001 0.0007 -0.0000 0.0001 -0.0012 0.0000 0.0003 -0.0008 0.0000 -0.0000 0.0001 0.0000 -0.0000 0.0000 0.0000 -0.0000 -0.0008 0.0000 -29.9997 0.0002 0.0001 29.9996 -0.0003 0.0001 -0.0000 0.0000 0.0000 178.1827 -0.0393 5.5315 -0.9266 -7.9087 -8.4548 27.7437 70.2073 -25.2818 -0.0000 25.3510 0.0000 179.5295 5.0439 3.0735 -0.0836 -5.8450 -0.0170 -15.1906 64.2353 19.0466 -0.0001 25.3508 0.0000
14.4037 96.2687 -36.4003 -1.3519 -0.4958 8.6546 -0.4864 0.2354 0.4059 -0.4864 0.2354 0.4059 -0.4879 0.2360 0.4071 -86.2775 -13.1487 87.7084 22.9196 43.8966 -22.3667 99.2300 3.3212 -42.1506 -8.6642 -0.6460 -5.2526 0.0001 0.0000 0.0000 -0.0000 0.0000 0.0000 -0.0008 -0.0013 -0.0000 0.0001 -0.0004 0.0000 -0.0000 0.0000 0.0000 -0.0000 0.0000 0.0000 -0.0000 0.0002 0.0000 0.0003 -0.0006 0.0000 -0.0006 0.0004 0.0000 0.0001 0.0000 0.0000 -0.0000 0.0000 0.0000 -0.0002 -0.0010 -0.0000 30.0001 0.0002 -0.0001 -29.9998 0.0005 0.0001 -0.0000 0.0000 0.0000 1.2435 1.9290 -1.8513 1.2435 1.9290 -1.8513 88.4255 -18.8558 -85.0189 29.7037 69.8892 -1.6892 -17.8412 -7.6260 95.1575 0.6269 -0.9742 0.0555 0.0001 -0.0001 0.0000 -0.0000 0.0000 0.0000 0.0003 -0.0006 0.0000 0.0001 -0.0001 0.0000 -0.0000 0.0000 0.0000 -0.0000 0.0000 0.0000 0.0001 0.0007 -0.0000 0.0001 -0.0012 0.0000 0.0003 -0.0008 0.0000 -0.0000 0.0001 0.0000 -0.0000 0.0000 0.0000 -0.0000 -0.0009 0.0000 -29.9996 0.0002 0.0001 29.9996 -0.0003 0.0001 -0.0000 0.0000 0.0000 178.2876 -0.0594 5.2385 -0.9756 -8.0463 -8.4497 28.2800 70.2601 -25.8149 -0.0000 25.3510 0.0000 179.6447 4.7952 2.7939 -0.0835 -5.3350 -0.0168 -14.9355 63.9697 18.6852 -0.0001 25.3508 0.0000
14.4249 96.2689 -36.2804 -1.4240 -0.5226 8.1921 -0.3964 0.1924 0.3083 -0.3964 0.1925 0.3083 -0.3976 0.1931 0.3092 -85.9471 -13.0797 87.4339 23.5598 42.7154 -18.0585 96.5488 4.6999 -43.6871 -8.1625 -0.1234 -5.2608 0.0001 0.0000 0.0000 -0.0000 0.0000 0.0000 -0.0008 -0.0013 -0.0000 0.0001 -0.0004 0.0000 -0.0000 0.0000 0.0000 -0.0000 0.0000 0.0000 -0.0000 0.0002 0.0000 0.0003 -0.0006 0.0000 -0.0006 0.0004 0.0000 0.0001 0.0000 0.0000 -0.0000 0.0000 0.0000 -0.0002 -0.0010 -0.0000 30.0001 0.0002 -0.0001 -29.9998 0.0005 0.0002 -0.0000 0.0000 0.0000 1.0905 1.9190 -1.6944 1.0905 1.9190 -1.6944 88.4184 -19.0017 -85.0016 27.4549 69.7853 0.7673 -21.7752 -9.3021 95.2435 0.7299 -1.1791 0.0784 0.0001 -0.0001 0.0000 -0.0000 0.0000 0.0000 0.0003 -0.0006 0.0000 0.0001 -0.0001 0.0000 -0.0000 0.0000 0.0000 -0.0000 0.0000 0.0000 0.0001 0.0007 -0.0000 0.0001 -0.0012 0.0000 0.0003 -0.0008 0.0000 -0.0000 0.0001 0.0000 -0.0000 0.0000 0.0000 -0.0000 -0.0009 0.0000 -29.9996 0.0002 0.0001 29.9996 -0.0003 0.0001 -0.0000 0.0000 0.0000 178.3971 -0.1050 5.0140 -1.0494 -8.1664 -8.5991 28.7432 70.3349 -26.2861 -0.0000 25.3510 0.0000 179.7548 4.5335 2.6073 -0.0835 -4.9035 -0.0187 -14.4906 63.8276 18.1049 -0.0001 25.3508 0.0000
14.4399 96.2686 -36.1777 -1.4896 -0.5529 7.6563 -0.2914 0.1570 0.2031 -0.2914 0.1571 0.2031 -0.2923 0.1575 0.2037 -85.6555 -13.0229 87.1684 23.8761 41.9105 -13.6638 93.6270 5.9905 -44.7196 -7.6630 0.4353 -5.1964 0.0001 0.0000 0.0000 -0.0000 0.0000 0.0000 -0.0008 -0.0013 -0.0000 0.0001 -0.0004 0.0000 -0.0000 0.0000 0.0000 -0.0000 0.0000 0.0000 -0.0000 0.0002 0.0000 0.0003 -0.0006 0.0000 -0.0006 0.0004 0.0000 0.0001 0.0000 0.0000 -0.0000 0.0000 0.0000 -0.0002 -0.0010 -0.0000 30.0001 0.0002 -0.0001 -29.9998 0.0005 0.0002 -0.0000 0.0000 0.0000 0.9048 1.9040 -1.5078 0.9048 1.9040 -1.5078 88.4225 -19.1471 -85.0001 24.6625 69.5614 3.5009 -26.1056 -10.9744 94.7082 0.8788 -1.4516 0.1130 0.0001 -0.0001 0.0000 -0.0000 0.0000 0.0000 0.0003 -0.0006 0.0000 0.0001 -0.0001 0.0000 -0.0000 0.0000 0.0000 -0.0000 0.0000 0.0000 0.0001 0.0007 -0.0000 0.0001 -0.0012 0.0000 0.0003 -0.0008 0.0000 -0.0000 0.0001 0.0000 -0.0000 0.0000 0.0000 -0.0000 -0.0009 0.0000 -29.9996 0.0002 0.0001 29.9996 -0.0003 0.0001 -0.0000 0.0000 0.0000 178.4903 -0.1699 4.8467 -1.1256 -8.2612 -8.9011 29.0991 70.4286 -26.6638 -0.0000 25.3510 0.0000 179.8575 4.3288 2.4437 -0.0835 -4.5629 -0.0211 -13.9075 63.7402 17.3759 -0.0001 25.3508 0.0000
14.4348 96.2661 -36.1187 -1.5460 -0.5829 7.0506 -0.1740 0.1269 0.0922 -0.1740 0.1270 0.0922 -0.1745 0.1274 0.0925 -85.4101 -12.9835 86.9120 23.8486 41.3484 -9.4219 90.5138 7.4974 -45.2557 -7.1648 1.0304 -5.0807 0.0001 0.0000 0.0000 -0.0000 0.0000 0.0000 -0.0008 -0.0013 -0.0000 0.0001 -0.0004 0.0000 -0.0000 0.0000 0.0000 -0.0000 0.0000 0.0000 -0.0001 0.0002 0.0000 0.0003 -0.0006 0.0000 -0.0006 0.0004 0.0000 0.0001 0.0000 0.0000 -0.0000 0.0000 0.0000 -0.0002 -0.0010 -0.0000 30.0001 0.0002 -0.0001 -29.9998 0.0005 0.0002 -0.0000 0.0000 0.0000 0.6929 1.8841 -1.2925 0.6929 1.8841 -1.2925 88.4259 -19.2804 -85.0123 21.4103 69.1651 6.4845 -30.8006 -12.5336 93.5839 1.0987 -1.8199 0.1682 0.0001 -0.0001 0.0000 -0.0000 0.0000 0.0000 0.0003 -0.0006 0.0000 0.0001 -0.0001 0.0000 -0.0000 0.0000 0.0000 -0.0000 0.0000 0.0000 0.0001 0.0007 -0.0000 0.0001 -0.0012 0.0000 0.0003 -0.0008 0.0000 -0.0000 0.0001 0.0000 -0.0000 0.0000 0.0000 -0.0000 -0.0009 0.0000 -29.9996 0.0002 0.0001 29.9996 -0.0003 0.0001 -0.0000 0.0000 0.0000 178.5609 -0.2514 4.7173 -1.2019 -8.3210 -9.3172 29.3829 70.5272 -26.9808 -0.0000 25.3510 0.0000 179.9581 4.2282 2.2525 -0.0836 -4.3644 -0.0227 -13.2748 63.7018 16.5908 -0.0001 25.3508 0.0000
14.4298 96.2540 -36.1208 -1.5843 -0.6032 6.3411 -0.0437 0.1018 -0.0238 -0.0437 0.1018 -0.0238 -0.0438 0.1021 -0.0239 -85.2368 -12.9681 86.6842 23.3132 40.9499 -5.7437 87.0880 9.5308 -44.9784 -6.6764 1.6893 -4.9293 0.0001 0.0000 0.0000 -0.0000 0.0000 0.0000 -0.0008 -0.0013 -0.0000 0.0001 -0.0004 0.0000 -0.0000 0.0000 0.0000 -0.0000 0.0000 0.0000 -0.0000 0.0002 0.0000 0.0003 -0.0006 0.0000 -0.0006 0.0004 0.0000 0.0001 0.0000 0.0000 -0.0000 0.0000 0.0000 -0.0002 -0.0010 -0.0000 30.0001 0.0002 -0.0001 -29.9998 0.0005 0.0002 -0.0000 0.0000 0.0000 0.4517 1.8612 -1.0356 0.4517 1.8612 -1.0356 88.4152 -19.3820 -85.0398 17.7515 68.5127 9.5800 -35.9206 -13.8739 91.6967 1.4249 -2.3030 0.2581 0.0001 -0.0001 0.0000 -0.0000 0.0000 0.0000 0.0003 -0.0006 0.0000 0.0001 -0.0001 0.0000 -0.0000 0.0000 0.0000 -0.0000 0.0000 0.0000 0.0001 0.0007 -0.0000 0.0001 -0.0012 0.0000 0.0003 -0.0008 0.0000 -0.0000 0.0001 0.0000 -0.0000 0.0000 0.0000 -0.0000 -0.0009 0.0000 -29.9997 0.0002 0.0001 29.9996 -0.0003 0.0001 -0.0000 0.0000 0.0000 178.5963 -0.3575 4.5966 -1.2768 -8.3142 -9.8262 29.6165 70.6146 -27.2633 -0.0000 25.3510 0.0000 -179.9630 4.3233 1.9301 -0.0836 -4.4507 -0.0241 -12.7269 63.7565 15.9231 -0.0001 25.3507 0.0000
14.4729 96.2349 -36.1596 -1.5993 -0.6113 5.5559 0.0887 0.0791 -0.1394 0.0887 0.0791 -0.1394 0.0890 0.0794 -0.1398 -85.0966 -12.9462 86.5175 22.5409 40.6345 -2.6370 83.4532 11.9983 -44.1027 -6.1751 2.3378 -4.7354 0.0001 0.0000 0.0000 -0.0000 0.0000 0.0000 -0.0008 -0.0013 -0.0000 0.0001 -0.0004 0.0000 -0.0000 0.0000 0.0000 -0.0000 0.0000 0.0000 -0.0001 0.0003 0.0000 0.0003 -0.0006 0.0000 -0.0006 0.0004 0.0000 0.0001 0.0000 0.0000 -0.0000 0.0000 0.0000 -0.0002 -0.0010 -0.0000 30.0001 0.0002 -0.0001 -29.9998 0.0005 0.0002 -0.0000 0.0000 0.0000 0.1982 1.8385 -0.7533 0.1982 1.8385 -0.7533 88.3835 -19.4142 -85.0735 14.0727 67.6374 12.5282 -41.3265 -14.9472 89.2264 1.8509 -2.8832 0.3889 0.0001 -0.0001 0.0000 -0.0000 0.0000 0.0000 0.0003 -0.0006 0.0000 0.0001 -0.0001 0.0000 -0.0000 0.0000 0.0000 -0.0000 0.0000 0.0000 0.0001 0.0007 -0.0000 0.0001 -0.0012 0.0000 0.0003 -0.0008 0.0000 -0.0000 0.0001 0.0000 -0.0000 0.0000 0.0000 -0.0000 -0.0008 0.0000 -29.9997 0.0002 0.0001 29.9996 -0.0003 0.0001 -0.0000 0.0000 0.0000 178.5946 -0.4783 4.4451 -1.3450 -8.2608 -10.3505 29.8477 70.6902 -27.5562 -0.0000 25.3510 0.0000 -179.9371 4.5499 1.5115 -0.0839 -4.7304 -0.0278 -12.2069 63.8787 15.3418 -0.0001 25.3508 0.0000
14.5676 96.2130 -36.2183 -1.5973 -0.6087 4.7122 0.2216 0.0577 -0.2525 0.2216 0.0578 -0.2525 0.2222 0.0580 -0.2532 -84.9787 -12.9067 86.3976 21.6298 40.3688 0.0964 79.5364 14.7722 -42.6678 -5.6492 2.9678 -4.5050 0.0001 0.0000 0.0000 -0.0000 0.0000 0.0000 -0.0008 -0.0013 -0.0000 0.0001 -0.0004 0.0000 -0.0000 0.0000 0.0000 -0.0000 0.0000 0.0000 -0.0001 0.0003 0.0000 0.0003 -0.0006 0.0000 -0.0006 0.0004 0.0000 0.0001 0.0000 0.0000 -0.0000 0.0000 0.0000 -0.0002 -0.0010 -0.0000 30.0001 0.0002 -0.0001 -29.9998 0.0005 0.0002 -0.0000 0.0000 0.0000 -0.0611 1.8144 -0.4557 -0.0611 1.8144 -0.4557 88.3440 -19.4014 -85.1037 10.4370 66.5284 15.3138 -46.9259 -15.6743 86.2825 2.3933 -3.5525 0.5734 0.0001 -0.0001 0.0000 -0.0000 0.0000 0.0000 0.0003 -0.0006 0.0000 0.0001 -0.0001 0.0000 -0.0000 0.0000 0.0000 -0.0000 0.0000 0.0000 0.0001 0.0007 -0.0000 0.0001 -0.0012 0.0000 0.0003 -0.0008 0.0000 -0.0000 0.0001 0.0000 -0.0000 0.0000 0.0000 -0.0000 -0.0009 0.0000 -29.9996 0.0002 0.0001 29.9996 -0.0003 0.0001 -0.0000 0.0000 0.0000 178.5678 -0.6073 4.2747 -1.4143 -8.1695 -10.8921 30.0813 70.7527 -27.8579 -0.0000 25.3510 0.0000 -179.9581 4.8656 1.0409 -0.0842 -5.1406 -0.0341 -11.6505 64.0515 14.7774 -0.0001 25.3508 0.0000
14.7004 96.1885 -36.2817 -1.5835 -0.5910 3.7978 0.3576 0.0404 -0.3577 0.3576 0.0404 -0.3577 0.3587 0.0406 -0.3588 -84.9181 -12.8445 86.2957 20.4740 40.3045 2.8064 75.0854 17.7516 -40.4981 -4.9474 3.4546 -4.1044 0.0001 0.0000 0.0000 -0.0000 0.0000 0.0000 -0.0008 -0.0013 -0.0000 0.0001 -0.0004 0.0000 -0.0000 0.0000 0.0000 -0.0000 0.0000 0.0000 -0.0000 0.0002 0.0000 0.0003 -0.0006 0.0000 -0.0006 0.0004 0.0000 0.0001 0.0000 0.0000 -0.0000 0.0000 0.0000 -0.0002 -0.0010 -0.0000 30.0001 0.0002 -0.0001 -29.9998 0.0005 0.0002 -0.0000 0.0000 0.0000 -0.3266 1.7838 -0.1503 -0.3266 1.7838 -0.1503 88.3048 -19.3692 -85.1286 6.8191 65.1161 17.9266 -52.6297 -15.9304 82.8081 3.0906 -4.2871 0.8324 0.0001 -0.0001 0.0000 -0.0000 0.0000 0.0000 0.0003 -0.0006 0.0000 0.0001 -0.0001 0.0000 -0.0000 0.0000 0.0000 -0.0000 0.0000 0.0000 0.0001 0.0007 -0.0000 0.0001 -0.0011 0.0000 0.0003 -0.0008 0.0000 -0.0000 0.0001 0.0000 -0.0000 0.0000 0.0000 -0.0000 -0.0008 0.0000 -29.9996 0.0002 0.0001 29.9996 -0.0003 0.0001 -0.0000 0.0000 0.0000 178.5133 -0.7497 4.0763 -1.4797 -8.0196 -11.4628 30.2909 70.7901 -28.1344 -0.0000 25.3510 0.0000 179.9891 5.2428 0.5412 -0.0847 -5.6273 -0.0419 -10.9919 64.2611 14.1586 -0.0001 25.3508 0.0000
14.8127 96.1679 -36.3315 -1.5665 -0.5656 2.8420 0.4951 0.0339 -0.4519 0.4951 0.0340 -0.4519 0.4966 0.0341 -0.4532 -84.9132 -12.7508 86.1825 18.9928 40.7489 6.0673 70.1852 20.4318 -37.9328 -3.8998 3.4451 -3.3483 0.0001 0.0000 0.0000 -0.0000 0.0000 0.0000 -0.0008 -0.0013 -0.0000 0.0001 -0.0004 0.0000 -0.0000 0.0000 0.0000 -0.0000 0.0000 0.0000 -0.0000 0.0003 0.0000 0.0003 -0.0006 0.0000 -0.0006 0.0004 0.0000 0.0001 0.0000 0.0000 -0.0000 0.0000 0.0000 -0.0002 -0.0010 -0.0000 30.0001 0.0003 -0.0002 -29.9998 0.0005 0.0002 -0.0000 0.0000 0.0000 -0.5937 1.7329 0.1494 -0.5937 1.7329 0.1494 88.2641 -19.3367 -85.1442 3.1898 63.4613 20.4289 -58.3322 -15.7545 79.0508 3.9515 -5.0613 1.1795 0.0001 -0.0001 0.0000 -0.0000 0.0000 0.0000 0.0003 -0.0006 0.0000 0.0001 -0.0001 0.0000 -0.0000 0.0000 0.0000 -0.0000 0.0000 0.0000 0.0001 0.0007 -0.0000 0.0001 -0.0012 0.0000 0.0003 -0.0008 0.0000 -0.0000 0.0001 0.0000 -0.0000 0.0000 0.0000 -0.0000 -0.0009 0.0000 -29.9996 0.0002 0.0001 29.9996 -0.0003 0.0001 -0.0000 0.0000 0.0000 178.4397 -0.9049 3.8569 -1.5321 -7.8321 -12.0582 30.4574 70.8094 -28.3654 -0.0000 25.3510 0.0000 179.9511 5.6120 0.0604 -0.0854 -6.0837 -0.0495 -10.2187 64.4666 13.4255 -0.0001 25.3508 0.0000
14.8942 96.1487 -36.3726 -1.5463 -0.5358 1.8615 0.6328 0.0399 -0.5413 0.6328 0.0399 -0.5413 0.6347 0.0401 -0.5429 -84.9400 -12.6392 86.0681 17.5477 41.2361 9.1600 64.8950 22.7308 -35.0855 -3.0058 3.3389 -2.6818 0.0001 0.0000 0.0000 -0.0000 0.0000 0.0000 -0.0008 -0.0013 -0.0000 0.0001 -0.0004 0.0000 -0.0000 0.0000 0.0000 -0.0000 0.0000 0.0000 -0.0000 0.0003 0.0000 0.0003 -0.0006 0.0000 -0.0006 0.0004 0.0000 0.0001 0.0000 0.0000 -0.0000 0.0000 0.0000 -0.0002 -0.0010 -0.0000 30.0001 0.0002 -0.0001 -29.9998 0.0005 0.0002 -0.0000 0.0000 0.0000 -0.8641 1.6558 0.4487 -0.8641 1.6558 0.4487 88.2124 -19.2884 -85.1548 -0.2595 61.6958 22.7049 -63.9210 -15.1458 75.1965 4.9173 -5.7435 1.6098 0.0001 -0.0001 0.0000 -0.0000 0.0000 0.0000 0.0003 -0.0006 0.0000 0.0001 -0.0001 0.0000 -0.0000 0.0000 0.0000 -0.0000 0.0000 0.0000 0.0001 0.0007 -0.0000 0.0001 -0.0012 0.0000 0.0003 -0.0008 0.0000 -0.0000 0.0001 0.0000 -0.0000 0.0000 0.0000 -0.0000 -0.0008 0.0000 -29.9997 0.0002 0.0001 29.9996 -0.0003 0.0001 -0.0000 0.0000 0.0000 178.3522 -1.0600 3.6241 -1.5737 -7.6311 -12.6673 30.5941 70.8152 -28.5663 -0.0000 25.3510 0.0000 179.9334 5.9369 -0.3928 -0.0859 -6.4423 -0.0570 -9.3332 64.6306 12.5693 -0.0001 25.3508 0.0000
14.9304 96.1360 -36.3970 -1.5283 -0.5027 0.8609 0.7667 0.0614 -0.6192 0.7668 0.0614 -0.6192 0.7690 0.0616 -0.6210 -84.9863 -12.5028 85.9676 16.1173 41.8042 12.0186 59.1573 24.5034 -32.0138 -2.2736 3.1717 -2.1110 0.0001 0.0000 0.0000 -0.0000 0.0000 0.0000 -0.0008 -0.0013 -0.0000 0.0001 -0.0004 0.0000 -0.0000 0.0000 0.0000 -0.0000 0.0000 0.0000 -0.0000 0.0002 0.0000 0.0003 -0.0006 0.0000 -0.0006 0.0004 0.0000 0.0001 0.0000 0.0000 -0.0000 0.0000 0.0000 -0.0002 -0.0010 -0.0000 30.0001 0.0002 -0.0001 -29.9998 0.0005 0.0002 -0.0000 0.0000 0.0000 -1.1269 1.5397 0.7360 -1.1269 1.5397 0.7360 88.1470 -19.2493 -85.1685 -2.6735 60.3426 23.9524 -69.2356 -14.0215 71.3679 5.5529 -5.7204 1.9888 0.0001 -0.0001 0.0000 -0.0000 0.0000 0.0000 0.0003 -0.0006 0.0000 0.0001 -0.0001 0.0000 -0.0000 0.0000 0.0000 -0.0000 0.0000 0.0000 0.0001 0.0007 -0.0000 0.0001 -0.0012 0.0000 0.0003 -0.0008 0.0000 -0.0000 0.0001 0.0000 -0.0000 0.0000 0.0000 -0.0000 -0.0008 0.0000 -29.9997 0.0002 0.0001 29.9996 -0.0003 0.0001 -0.0000 0.0000 0.0000 178.2653 -1.1936 3.3935 -1.6178 -7.4400 -13.2846 30.7491 70.7982 -28.7841 -0.0000 25.3510 0.0000 179.9561 6.1896 -0.8218 -0.0864 -6.6583 -0.0634 -8.3479 64.7323 11.5865 -0.0001 25.3508 0.0000
14.9506 96.1258 -36.4260 -1.5158 -0.4649 -0.1331 0.8947 0.0930 -0.6892 0.8948 0.0931 -0.6893 0.8974 0.0933 -0.6913 -85.0393 -12.3274 85.9035 14.7131 42.3699 14.4015 53.0786 26.0085 -28.8766 -1.6931 2.9755 -1.6387 0.0001 0.0000 0.0000 -0.0000 0.0000 0.0000 -0.0008 -0.0013 -0.0000 0.0001 -0.0004 0.0000 -0.0000 0.0000 0.0000 -0.0000 0.0000 0.0000 -0.0000 0.0002 0.0000 0.0003 -0.0006 0.0000 -0.0006 0.0004 0.0000 0.0001 0.0000 0.0000 -0.0000 0.0000 0.0000 -0.0002 -0.0010 -0.0000 30.0001 0.0002 -0.0001 -29.9998 0.0005 0.0002 -0.0000 0.0000 0.0000 -1.3614 1.3923 1.0040 -1.3614 1.3923 1.0040 88.0780 -19.2560 -85.1804 -5.1752 58.9247 25.2767 -74.2144 -12.3987 67.7383 6.1678 -5.6267 2.3870 0.0001 -0.0001 0.0000 -0.0000 0.0000 0.0000 0.0002 -0.0006 0.0000 0.0001 -0.0001 0.0000 -0.0000 0.0000 0.0000 -0.0000 0.0000 0.0000 0.0001 0.0007 -0.0000 0.0001 -0.0012 0.0000 0.0003 -0.0008 0.0000 -0.0000 0.0001 0.0000 -0.0000 0.0000 0.0000 -0.0000 -0.0009 0.0000 -29.9997 0.0002 0.0001 29.9996 -0.0003 0.0001 -0.0000 0.0000 0.0000 178.1875 -1.3048 3.1732 -1.6717 -7.2664 -13.8755 30.9841 70.7598 -29.0767 -0.0000 25.3510 0.0000 -179.9871 6.4264 -1.2552 -0.0868 -6.8122 -0.0676 -7.3533 64.7872 10.5751 -0.0001 25.3508 0.0000
14.9699 96.1155 -36.4607 -1.5054 -0.4244 -1.1038 1.0133 0.1330 -0.7569 1.0134 0.1331 -0.7570 1.0164 0.1335 -0.7592 -85.1048 -12.1772 85.8683 13.3741 42.8802 16.2910 46.7356 27.3125 -25.6937 -1.2404 2.7781 -1.2557 0.0001 0.0000 0.0000 -0.0000 0.0000 0.0000 -0.0008 -0.0013 -0.0000 0.0001 -0.0004 0.0000 -0.0000 0.0000 0.0000 -0.0000 0.0000 0.0000 -0.0000 0.0002 0.0000 0.0003 -0.0006 0.0000 -0.0006 0.0004 0.0000 0.0001 0.0000 0.0000 -0.0000 0.0000 0.0000 -0.0002 -0.0010 -0.0000 30.0001 0.0002 -0.0001 -29.9998 0.0005 0.0002 -0.0000 0.0000 0.0000 -1.5551 1.2187 1.2515 -1.5551 1.2187 1.2515 87.9857 -19.2511 -85.1840 -7.6711 57.5106 26.6439 -78.8432 -10.3561 64.3437 6.7469 -5.4640 2.7893 0.0001 -0.0001 0.0000 -0.0000 0.0000 0.0000 0.0003 -0.0006 0.0000 0.0001 -0.0001 0.0000 -0.0000 0.0000 0.0000 -0.0000 0.0000 0.0000 0.0001 0.0007 -0.0000 0.0001 -0.0012 0.0000 0.0003 -0.0008 0.0000 -0.0000 0.0001 0.0000 -0.0000 0.0000 0.0000 -0.0000 -0.0008 0.0000 -29.9996 0.0002 0.0001 29.9996 -0.0003 0.0001 -0.0000 0.0000 0.0000 178.1177 -1.4000 2.9692 -1.7367 -7.1131 -14.4273 31.3195 70.7085 -29.4639 -0.0000 25.3510 0.0000 -179.9171 6.6703 -1.6982 -0.0870 -6.9505 -0.0708 -6.3833 64.8123 9.5866 -0.0001 25.3508 0.0000
15.0013 96.1101 -36.5039 -1.4931 -0.3801 -2.0106 1.1123 0.1853 -0.8243 1.1125 0.1853 -0.8244 1.1157 0.1859 -0.8268 -85.1737 -11.9881 85.8723 12.0060 43.2950 17.6072 40.1561 28.3075 -22.4794 -0.9020 2.6074 -0.9525 0.0001 0.0000 0.0000 -0.0000 0.0000 0.0000 -0.0008 -0.0013 -0.0000 0.0001 -0.0004 0.0000 -0.0000 0.0000 0.0000 -0.0000 0.0000 0.0000 -0.0000 0.0002 0.0000 0.0003 -0.0006 0.0000 -0.0006 0.0004 0.0000 0.0001 0.0000 0.0000 -0.0000 0.0000 0.0000 -0.0002 -0.0010 -0.0000 30.0001 0.0002 -0.0001 -29.9998 0.0005 0.0002 -0.0000 0.0000 0.0000 -1.6802 1.0136 1.4617 -1.6802 1.0136 1.4617 87.8506 -19.2242 -85.1791 -10.1107 56.1070 28.0369 -83.0008 -7.9147 61.2664 7.2752 -5.2334 3.1809 0.0001 -0.0001 0.0000 -0.0000 0.0000 0.0000 0.0003 -0.0006 0.0000 0.0001 -0.0001 0.0000 -0.0000 0.0000 0.0000 -0.0000 0.0000 0.0000 0.0001 0.0007 -0.0000 0.0001 -0.0011 0.0000 0.0003 -0.0008 0.0000 -0.0000 0.0001 0.0000 -0.0000 0.0000 0.0000 -0.0000 -0.0009 0.0000 -29.9996 0.0002 0.0001 29.9996 -0.0003 0.0001 -0.0000 0.0000 0.0000 178.0579 -1.4753 2.8036 -1.8198 -6.9957 -14.9107 31.8276 70.6521 -30.0098 -0.0000 25.3510 0.0000 -179.8538 6.9379 -2.1652 -0.0872 -7.0822 -0.0733 -5.5238 64.7940 8.7273 -0.0001 25.3508 0.0000
15.0365 96.1038 -36.5323 -1.4798 -0.3309 -2.8427 1.1921 0.2473 -0.8889 1.1923 0.2474 -0.8890 1.1957 0.2481 -0.8916 -85.2435 -11.7942 85.8877 10.6896 43.6232 18.5570 33.4837 28.8471 -19.3304 -0.6480 2.4745 -0.7122 0.0001 0.0000 0.0000 -0.0000 0.0000 0.0000 -0.0008 -0.0013 -0.0000 0.0001 -0.0004 0.0000 -0.0000 0.0000 0.0000 -0.0000 0.0000 0.0000 -0.0000 0.0003 0.0000 0.0003 -0.0006 0.0000 -0.0006 0.0004 0.0000 0.0001 0.0000 0.0000 -0.0000 0.0000 0.0000 -0.0002 -0.0010 -0.0000 30.0001 0.0002 -0.0001 -29.9998 0.0005 0.0002 -0.0000 0.0000 0.0000 -1.7538 0.7952 1.6438 -1.7538 0.7952 1.6438 87.6809 -19.1783 -85.1806 -12.4753 54.7369 29.4437 -86.7489 -5.2049 58.5519 7.7404 -4.9549 3.5487 0.0001 -0.0001 0.0000 -0.0000 0.0000 0.0000 0.0003 -0.0006 0.0000 0.0001 -0.0001 0.0000 -0.0000 0.0000 0.0000 -0.0000 0.0000 0.0000 0.0001 0.0007 -0.0000 0.0001 -0.0011 0.0000 0.0003 -0.0008 0.0000 -0.0000 0.0001 0.0000 -0.0000 0.0000 0.0000 -0.0000 -0.0009 0.0000 -29.9996 0.0002 0.0001 29.9996 -0.0003 0.0001 -0.0000 0.0000 0.0000 178.0048 -1.5386 2.6641 -1.9049 -6.8986 -15.3434 32.3956 70.6000 -30.6025 -0.0000 25.3510 0.0000 -179.8050 7.2084 -2.6442 -0.0875 -7.2055 -0.0757 -4.7976 64.7534 8.0286 -0.0001 25.3508 0.0000
15.0691 96.0994 -36.5444 -1.4660 -0.2764 -3.5982 1.2545 0.3165 -0.9481 1.2547 0.3167 -0.9483 1.2582 0.3174 -0.9511 -85.3088 -11.5903 85.9121 9.4301 43.8702 19.2469 26.8599 28.9114 -16.4212 -0.4572 2.3823 -0.5190 0.0001 0.0000 0.0000 -0.0000 0.0000 0.0000 -0.0008 -0.0013 -0.0000 0.0001 -0.0004 0.0000 -0.0000 0.0000 0.0000 -0.0000 0.0000 0.0000 -0.0000 0.0002 0.0000 0.0003 -0.0006 0.0000 -0.0006 0.0004 0.0000 0.0001 0.0000 0.0000 -0.0000 0.0000 0.0000 -0.0002 -0.0010 -0.0000 30.0001 0.0002 -0.0001 -29.9998 0.0005 0.0002 -0.0000 0.0000 0.0000 -1.7824 0.5693 1.7912 -1.7824 0.5693 1.7912 87.4851 -19.1265 -85.1944 -14.7728 53.4098 30.8526 -90.1502 -2.2918 56.2447 8.1369 -4.6520 3.8854 0.0001 -0.0001 0.0000 -0.0000 0.0000 0.0000 0.0003 -0.0006 0.0000 0.0001 -0.0001 0.0000 -0.0000 0.0000 0.0000 -0.0000 0.0000 0.0000 0.0001 0.0007 -0.0000 0.0001 -0.0011 0.0000 0.0003 -0.0008 0.0000 -0.0000 0.0001 0.0000 -0.0000 0.0000 0.0000 -0.0000 -0.0008 0.0000 -29.9997 0.0002 0.0001 29.9996 -0.0003 0.0001 -0.0000 0.0000 0.0000 177.9591 -1.5963 2.5442 -1.9878 -6.8118 -15.7385 32.9544 70.5564 -31.1750 -0.0000 25.3510 0.0000 -179.7594 7.4683 -3.1136 -0.0876 -7.3097 -0.0774 -4.1925 64.6987 7.4628 -0.0001 25.3508 0.0000
15.0862 96.0924 -36.5425 -1.4510 -0.2107 -4.2342 1.2967 0.3894 -1.0123 1.2971 0.3894 -1.0126 1.3007 0.3905 -1.0154 -85.3706 -11.4256 85.9605 8.2309 44.0024 19.7735 20.4567 28.3701 -14.1388 -0.3235 2.3386 -0.3617 0.0001 0.0000 0.0000 -0.0000 0.0000 0.0000 -0.0008 -0.0013 -0.0000 0.0001 -0.0004 0.0000 -0.0000 0.0000 0.0000 -0.0000 0.0000 0.0000 -0.0000 0.0002 0.0000 0.0003 -0.0006 0.0000 -0.0006 0.0004 0.0000 0.0001 0.0000 0.0000 -0.0000 0.0000 0.0000 -0.0002 -0.0010 -0.0000 30.0001 0.0002 -0.0001 -29.9998 0.0005 0.0002 -0.0000 0.0000 0.0000 -1.7640 0.3418 1.9039 -1.7640 0.3418 1.9039 87.2508 -19.0216 -85.2233 -16.8671 52.1171 32.1883 -93.1762 0.8247 54.4967 8.4459 -4.3024 4.2043 0.0001 -0.0001 0.0000 -0.0000 0.0000 0.0000 0.0003 -0.0006 0.0000 -0.0000 -0.0001 0.0000 -0.0000 0.0000 0.0000 -0.0000 0.0000 0.0000 0.0001 0.0007 -0.0000 0.0001 -0.0011 0.0000 0.0003 -0.0008 0.0000 -0.0000 0.0001 0.0000 -0.0000 0.0000 0.0000 -0.0000 -0.0009 0.0000 -29.9997 0.0002 0.0001 29.9996 -0.0003 0.0001 -0.0000 0.0000 0.0000 177.9234 -1.6457 2.4341 -2.0592 -6.7383 -16.0689 33.4483 70.5350 -31.6714 -0.0000 25.3510 0.0000 -179.7138 7.6978 -3.5267 -0.0877 -7.3689 -0.0779 -3.7145 64.6317 7.0177 -0.0001 25.3508 0.0000
15.0848 96.0898 -36.5357 -1.4321 -0.1343 -4.7742 1.3228 0.4581 -1.0710 1.3232 0.4583 -1.0713 1.3269 0.4595 -1.0743 -85.4165 -11.2777 86.0308 7.1047 44.0355 20.2245 14.3330 27.3175 -12.5740 -0.2176 2.3627 -0.2251 0.0001 0.0000 0.0000 -0.0000 0.0000 0.0000 -0.0008 -0.0013 -0.0000 0.0001 -0.0004 0.0000 -0.0000 0.0000 0.0000 -0.0000 0.0000 0.0000 -0.0000 0.0002 0.0000 0.0003 -0.0006 0.0000 -0.0006 0.0004 0.0000 0.0001 0.0000 0.0000 -0.0000 0.0000 0.0000 -0.0002 -0.0010 -0.0000 30.0001 0.0003 -0.0002 -29.9998 0.0005 0.0002 -0.0000 0.0000 0.0000 -1.7227 0.1275 1.9844 -1.7227 0.1275 1.9844 86.9919 -18.8834 -85.2702 -18.6710 50.8708 33.2802 -95.9691 3.9666 53.2268 8.6599 -3.8868 4.5133 0.0001 -0.0001 0.0000 -0.0000 0.0000 0.0000 0.0003 -0.0006 0.0000 0.0001 -0.0001 0.0000 -0.0000 0.0000 0.0000 -0.0000 0.0000 0.0000 0.0001 0.0007 -0.0000 0.0001 -0.0011 0.0000 0.0003 -0.0008 0.0000 -0.0000 0.0001 0.0000 -0.0000 0.0000 0.0000 -0.0000 -0.0008 0.0000 -29.9996 0.0002 0.0001 29.9996 -0.0003 0.0001 -0.0000 0.0000 0.0000 177.8933 -1.6724 2.3188 -2.1167 -6.6810 -16.3313 33.8738 70.5251 -32.0969 -0.0000 25.3510 0.0000 -179.6656 7.8943 -3.8625 -0.0877 -7.3826 -0.0772 -3.2900 64.5606 6.6046 -0.0001 25.3508 0.0000
15.0689 96.0926 -36.5315 -1.4088 -0.0514 -5.2340 1.3368 0.5230 -1.1229 1.3372 0.5232 -1.1231 1.3409 0.5247 -1.1262 -85.4503 -11.1503 86.1139 6.0642 44.0307 20.5185 8.5172 25.9106 -11.7326 -0.1504 2.4202 -0.1011 0.0001 0.0000 0.0000 -0.0000 0.0000 0.0000 -0.0008 -0.0013 -0.0000 0.0001 -0.0004 0.0000 -0.0000 0.0000 0.0000 -0.0000 0.0000 0.0000 -0.0000 0.0002 0.0000 0.0003 -0.0006 0.0000 -0.0006 0.0004 0.0000 0.0001 0.0000 0.0000 -0.0000 0.0000 0.0000 -0.0002 -0.0010 -0.0000 30.0001 0.0002 -0.0001 -29.9998 0.0005 0.0002 -0.0000 0.0000 0.0000 -1.6713 -0.0714 2.0395 -1.6713 -0.0714 2.0395 86.7142 -18.7243 -85.3360 -20.3077 49.6919 34.1831 -98.5857 7.0560 52.3131 8.7927 -3.4550 4.7917 0.0001 -0.0001 0.0000 -0.0000 0.0000 0.0000 0.0003 -0.0006 0.0000 0.0001 -0.0001 0.0000 -0.0000 0.0000 0.0000 -0.0000 0.0000 0.0000 0.0001 0.0007 -0.0000 0.0001 -0.0011 0.0000 0.0003 -0.0008 0.0000 -0.0000 0.0001 0.0000 -0.0000 0.0000 0.0000 -0.0000 -0.0008 0.0000 -29.9996 0.0002 0.0001 29.9996 -0.0003 0.0001 -0.0000 0.0000 0.0000 177.8676 -1.6831 2.1944 -2.1611 -6.6330 -16.5316 34.2295 70.5220 -32.4552 -0.0000 25.3510 0.0000 -179.6186 8.0615 -4.1210 -0.0876 -7.3589 -0.0759 -2.8813 64.4868 6.1864 -0.0001 25.3508 0.0000
15.0401 96.0981 -36.5290 -1.3825 0.0345 -5.5864 1.3368 0.5827 -1.1620 1.3371 0.5829 -1.1624 1.3409 0.5844 -1.1656 -85.4607 -11.1012 86.2113 5.1441 43.9954 20.5443 3.1311 24.1577 -11.9749 -0.1412 2.5096 0.0135 0.0001 0.0000 0.0000 -0.0000 0.0000 0.0000 -0.0008 -0.0013 -0.0000 0.0001 -0.0004 0.0000 -0.0000 0.0000 0.0000 -0.0000 0.0000 0.0000 -0.0000 0.0003 0.0000 0.0003 -0.0006 0.0000 -0.0006 0.0004 0.0000 0.0001 0.0000 0.0000 -0.0000 0.0000 0.0000 -0.0002 -0.0010 -0.0000 30.0001 0.0003 -0.0002 -29.9998 0.0005 0.0002 -0.0000 0.0000 0.0000 -1.6104 -0.2487 2.0556 -1.6104 -0.2487 2.0556 86.4375 -18.5625 -85.4121 -21.7818 48.6042 34.8848 -100.9648 10.0733 51.7195 8.8447 -3.0163 5.0306 0.0001 -0.0001 0.0000 -0.0000 0.0000 0.0000 0.0003 -0.0006 0.0000 0.0001 -0.0001 0.0000 -0.0000 0.0000 0.0000 -0.0000 0.0000 0.0000 0.0001 0.0007 -0.0000 0.0001 -0.0011 0.0000 0.0003 -0.0008 0.0000 -0.0000 0.0001 0.0000 -0.0000 0.0000 0.0000 -0.0000 -0.0009 0.0000 -29.9996 0.0002 0.0001 29.9996 -0.0003 0.0001 -0.0000 0.0000 0.0000 177.8585 -1.6815 2.0514 -2.1979 -6.5988 -16.6511 34.4761 70.5403 -32.7101 -0.0000 25.3510 0.0000 -179.5788 8.2008 -4.2731 -0.0874 -7.3059 -0.0745 -2.4729 64.4147 5.7457 -0.0001 25.3508 0.0000
15.0060 96.1040 -36.5228 -1.3532 0.1190 -5.8565 1.3285 0.6376 -1.1936 1.3288 0.6378 -1.1939 1.3325 0.6396 -1.1972 -85.4548 -11.0731 86.3176 4.2727 43.9696 20.2791 -1.8809 22.2015 -13.1678 -0.1888 2.6119 0.1234 0.0001 0.0000 0.0000 -0.0000 0.0000 0.0000 -0.0008 -0.0013 -0.0000 0.0001 -0.0004 0.0000 -0.0000 0.0000 0.0000 -0.0000 0.0000 0.0000 -0.0000 0.0002 0.0000 0.0003 -0.0006 0.0000 -0.0006 0.0004 0.0000 0.0001 0.0000 0.0000 -0.0000 0.0000 0.0000 -0.0002 -0.0010 -0.0000 30.0001 0.0002 -0.0001 -29.9998 0.0005 0.0002 -0.0000 0.0000 0.0000 -1.5487 -0.4109 2.0413 -1.5487 -0.4109 2.0413 86.1797 -18.4094 -85.4815 -23.1209 47.5811 35.3935 -103.0969 12.9908 51.3740 8.8248 -2.5756 5.2284 0.0001 -0.0001 0.0000 -0.0000 0.0000 0.0000 0.0003 -0.0006 0.0000 0.0001 -0.0001 0.0000 -0.0000 0.0000 0.0000 -0.0000 0.0000 0.0000 0.0001 0.0007 -0.0000 0.0001 -0.0012 0.0000 0.0003 -0.0008 0.0000 -0.0000 0.0001 0.0000 -0.0000 0.0000 0.0000 -0.0000 -0.0009 0.0000 -29.9997 0.0002 0.0001 29.9996 -0.0003 0.0001 -0.0000 0.0000 0.0000 177.8587 -1.6850 1.8977 -2.2315 -6.5640 -16.7093 34.6655 70.5788 -32.9070 -0.0000 25.3510 0.0000 -179.5527 8.3239 -4.3581 -0.0873 -7.2314 -0.0728 -2.0761 64.3357 5.3103 -0.0001 25.3508 0.0000
14.9690 96.1069 -36.5039 -1.3206 0.2053 -6.0561 1.3148 0.6875 -1.2190 1.3152 0.6876 -1.2193 1.3188 0.6895 -1.2226 -85.4441 -11.0707 86.4222 3.4729 43.9945 19.6862 -6.6379 20.1093 -15.1942 -0.2944 2.7100 0.2325 0.0001 0.0000 0.0000 -0.0000 0.0000 0.0000 -0.0008 -0.0013 -0.0000 0.0001 -0.0004 0.0000 -0.0000 0.0000 0.0000 -0.0000 0.0000 0.0000 -0.0000 0.0002 0.0000 0.0003 -0.0006 0.0000 -0.0006 0.0004 0.0000 0.0001 0.0000 0.0000 -0.0000 0.0000 0.0000 -0.0002 -0.0010 -0.0000 30.0001 0.0002 -0.0001 -29.9998 0.0005 0.0002 -0.0000 0.0000 0.0000 -1.4961 -0.5570 2.0177 -1.4961 -0.5570 2.0177 85.9299 -18.2724 -85.5473 -24.3820 46.6162 35.7280 -104.9747 15.7979 51.2319 8.7392 -2.1383 5.3858 0.0001 -0.0001 0.0000 -0.0000 0.0000 0.0000 0.0003 -0.0006 0.0000 0.0001 -0.0001 0.0000 -0.0000 0.0000 0.0000 -0.0000 0.0000 0.0000 0.0001 0.0007 -0.0000 0.0001 -0.0012 0.0000 0.0003 -0.0008 0.0000 -0.0000 0.0001 0.0000 -0.0000 0.0000 0.0000 -0.0000 -0.0008 0.0000 -29.9996 0.0002 0.0001 29.9996 -0.0003 0.0001 -0.0000 0.0000 0.0000 177.8611 -1.6929 1.7392 -2.2555 -6.5199 -16.7249 34.7877 70.6327 -33.0325 -0.0000 25.3511 0.0000 -179.5434 8.4387 -4.3959 -0.0871 -7.1405 -0.0709 -1.7096 64.2499 4.9108 -0.0001 25.3508 0.0000
14.9314 96.1076 -36.4602 -1.2868 0.2890 -6.1552 1.2957 0.7308 -1.2346 1.2960 0.7311 -1.2349 1.2996 0.7331 -1.2383 -85.4353 -11.0974 86.5009 2.7669 44.1223 18.5145 -11.0852 17.8648 -18.3518 -0.4885 2.7781 0.3374 0.0001 0.0000 0.0000 -0.0000 0.0000 0.0000 -0.0008 -0.0013 -0.0000 0.0001 -0.0004 0.0000 -0.0000 0.0000 0.0000 -0.0000 0.0000 0.0000 -0.0000 0.0002 0.0000 0.0003 -0.0006 0.0000 -0.0006 0.0004 0.0000 0.0001 0.0000 0.0000 -0.0000 0.0000 0.0000 -0.0002 -0.0010 -0.0000 30.0001 0.0002 -0.0001 -29.9998 0.0005 0.0002 -0.0000 0.0000 0.0000 -1.4604 -0.6765 1.9891 -1.4604 -0.6765 1.9891 85.6725 -18.1845 -85.6480 -25.6926 45.7526 35.9034 -106.3786 18.4563 51.3469 8.5815 -1.7286 5.4905 0.0001 -0.0001 0.0000 -0.0000 0.0000 0.0000 0.0003 -0.0006 0.0000 0.0001 -0.0001 0.0000 -0.0000 0.0000 0.0000 -0.0000 0.0000 0.0000 0.0001 0.0007 -0.0000 0.0001 -0.0011 0.0000 0.0003 -0.0008 0.0000 -0.0000 0.0001 0.0000 -0.0000 0.0000 0.0000 -0.0000 -0.0008 0.0000 -29.9996 0.0002 0.0001 29.9996 -0.0003 0.0001 -0.0000 0.0000 0.0000 177.8653 -1.7222 1.5919 -2.2568 -6.4507 -16.7073 34.7752 70.7113 -33.0224 -0.0000 25.3510 0.0000 -179.5626 8.5295 -4.3781 -0.0870 -7.0195 -0.0692 -1.4097 64.1538 4.6022 -0.0001 25.3508 0.0000
14.8916 96.1077 -36.4020 -1.2536 0.3695 -6.1746 1.2696 0.7650 -1.2441 1.2700 0.7653 -1.2445 1.2735 0.7673 -1.2479 -85.4282 -11.1382 86.5495 2.1275 44.3774 16.7052 -15.2287 15.6049 -22.4678 -0.7621 2.7806 0.4357 0.0001 0.0000 0.0000 -0.0000 0.0000 0.0000 -0.0008 -0.0013 -0.0000 0.0001 -0.0004 0.0000 -0.0000 0.0000 0.0000 -0.0000 0.0000 0.0000 -0.0000 0.0002 0.0000 0.0003 -0.0006 0.0000 -0.0006 0.0004 0.0000 0.0001 0.0000 0.0000 -0.0000 0.0000 0.0000 -0.0002 -0.0010 -0.0000 30.0001 0.0002 -0.0001 -29.9998 0.0005 0.0002 -0.0000 0.0000 0.0000 -1.4315 -0.7633 1.9693 -1.4315 -0.7633 1.9693 85.4180 -18.1265 -85.7871 -27.0218 44.9884 35.8749 -107.3640 20.9835 51.7152 8.3600 -1.3556 5.5481 0.0001 -0.0001 0.0000 -0.0000 0.0000 0.0000 0.0003 -0.0006 0.0000 0.0001 -0.0001 0.0000 -0.0000 0.0000 0.0000 -0.0000 0.0000 0.0000 0.0001 0.0007 -0.0000 0.0001 -0.0012 0.0000 0.0003 -0.0008 0.0000 -0.0000 0.0001 0.0000 -0.0000 0.0000 0.0000 -0.0000 -0.0008 0.0000 -29.9996 0.0002 0.0001 29.9996 -0.0003 0.0001 -0.0000 0.0000 0.0000 177.8782 -1.7662 1.4540 -2.2433 -6.3609 -16.6616 34.6416 70.8078 -32.8948 -0.0000 25.3510 0.0000 -179.6024 8.5897 -4.3175 -0.0868 -6.8644 -0.0680 -1.1709 64.0496 4.3728 -0.0001 25.3508 0.0000
14.8408 96.1084 -36.3403 -1.2189 0.4478 -6.1227 1.2352 0.7884 -1.2514 1.2356 0.7887 -1.2517 1.2390 0.7908 -1.2552 -85.4295 -11.1863 86.5709 1.5546 44.7703 14.1405 -19.0364 13.3319 -27.4291 -1.0977 2.6863 0.5218 0.0001 0.0000 0.0000 -0.0000 0.0000 0.0000 -0.0008 -0.0013 -0.0000 0.0001 -0.0004 0.0000 -0.0000 0.0000 0.0000 -0.0000 0.0000 0.0000 -0.0000 0.0003 0.0000 0.0003 -0.0006 0.0000 -0.0006 0.0004 0.0000 0.0001 0.0000 0.0000 -0.0000 0.0000 0.0000 -0.0002 -0.0010 -0.0000 30.0001 0.0002 -0.0001 -29.9998 0.0005 0.0002 -0.0000 0.0000 0.0000 -1.4012 -0.8122 1.9627 -1.4012 -0.8122 1.9627 85.1758 -18.0734 -85.9471 -28.3830 44.2013 35.3890 -107.8767 23.1215 52.2803 8.0871 -1.0230 5.5717 0.0001 -0.0001 0.0000 -0.0000 0.0000 0.0000 0.0003 -0.0006 0.0000 0.0001 -0.0001 0.0000 -0.0000 0.0000 0.0000 -0.0000 0.0000 0.0000 0.0001 0.0007 -0.0000 0.0001 -0.0012 0.0000 0.0003 -0.0008 0.0000 -0.0000 0.0001 0.0000 -0.0000 0.0000 0.0000 -0.0000 -0.0009 0.0000 -29.9997 0.0002 0.0001 29.9996 -0.0003 0.0001 -0.0000 0.0000 0.0000 177.8952 -1.8156 1.3297 -2.2197 -6.2514 -16.5792 34.4259 70.9040 -32.6880 -0.0000 25.3510 0.0000 -179.6554 8.6160 -4.2166 -0.0866 -6.6721 -0.0665 -0.9924 63.9383 4.2081 -0.0001 25.3508 0.0000
14.7698 96.1161 -36.2909 -1.1815 0.5238 -5.9702 1.1888 0.7946 -1.2578 1.1891 0.7949 -1.2581 1.1924 0.7970 -1.2616 -85.4498 -11.2557 86.5559 1.0324 45.3416 10.2388 -22.0908 10.9034 -33.2387 -1.4889 2.4451 0.5763 0.0001 0.0000 0.0000 -0.0000 0.0000 0.0000 -0.0008 -0.0013 -0.0000 0.0001 -0.0004 0.0000 -0.0000 0.0000 0.0000 -0.0000 0.0000 0.0000 -0.0000 0.0002 0.0000 0.0003 -0.0006 0.0000 -0.0006 0.0004 0.0000 0.0001 0.0000 0.0000 -0.0000 0.0000 0.0000 -0.0002 -0.0010 -0.0000 30.0001 0.0002 -0.0001 -29.9998 0.0005 0.0002 -0.0000 0.0000 0.0000 -1.3549 -0.7943 1.9736 -1.3549 -0.7943 1.9736 84.9496 -18.0044 -86.0993 -29.6393 43.5271 34.1572 -107.7573 24.6874 52.9372 7.7730 -0.7395 5.5544 0.0001 -0.0001 0.0000 -0.0000 0.0000 0.0000 0.0003 -0.0006 0.0000 0.0001 -0.0001 0.0000 -0.0000 0.0000 0.0000 -0.0000 0.0000 0.0000 0.0001 0.0007 -0.0000 0.0001 -0.0012 0.0000 0.0003 -0.0008 0.0000 -0.0000 0.0001 0.0000 -0.0000 0.0000 0.0000 -0.0000 -0.0009 0.0000 -29.9997 0.0002 0.0001 29.9996 -0.0003 0.0001 -0.0000 0.0000 0.0000 177.9175 -1.8618 1.2242 -2.1848 -6.1238 -16.4342 34.1157 70.9899 -32.3917 -0.0000 25.3510 0.0000 -179.7117 8.5886 -4.0620 -0.0863 -6.4175 -0.0635 -0.9258 63.8108 4.1397 -0.0001 25.3508 0.0000
14.6903 96.1263 -36.2542 -1.1465 0.5917 -5.7419 1.1364 0.7907 -1.2628 1.1367 0.7910 -1.2631 1.1398 0.7932 -1.2666 -85.4816 -11.3547 86.5131 0.5385 46.1058 5.2522 -24.0074 8.2848 -39.6642 -1.8655 2.0540 0.5888 0.0001 0.0000 0.0000 -0.0000 0.0000 0.0000 -0.0008 -0.0013 -0.0000 0.0001 -0.0004 0.0000 -0.0000 0.0000 0.0000 -0.0000 0.0000 0.0000 -0.0000 0.0002 0.0000 0.0003 -0.0006 0.0000 -0.0006 0.0004 0.0000 0.0001 0.0000 0.0000 -0.0000 0.0000 0.0000 -0.0002 -0.0010 -0.0000 30.0001 0.0002 -0.0001 -29.9998 0.0005 0.0002 -0.0000 0.0000 0.0000 -1.2875 -0.7192 1.9876 -1.2875 -0.7192 1.9876 84.7380 -17.9097 -86.2118 -30.7144 43.0273 32.3520 -107.1147 25.8189 53.4025 7.4436 -0.4691 5.5005 0.0001 -0.0001 0.0000 -0.0000 0.0000 0.0000 0.0003 -0.0006 0.0000 0.0001 -0.0001 0.0000 -0.0000 0.0000 0.0000 -0.0000 0.0000 0.0000 0.0001 0.0007 -0.0000 0.0001 -0.0012 0.0000 0.0003 -0.0008 0.0000 -0.0000 0.0001 0.0000 -0.0000 0.0000 0.0000 -0.0000 -0.0009 0.0000 -29.9996 0.0002 0.0001 29.9996 -0.0002 0.0000 -0.0000 0.0000 0.0000 177.9482 -1.9078 1.1414 -2.1441 -5.9968 -16.2586 33.7225 71.0754 -32.0192 -0.0000 25.3510 0.0000 -179.7627 8.5276 -3.8678 -0.0860 -6.1401 -0.0600 -0.9566 63.6790 4.1532 -0.0001 25.3508 0.0000
14.6094 96.1385 -36.2165 -1.1142 0.6520 -5.4514 1.0816 0.7805 -1.2651 1.0819 0.7808 -1.2655 1.0849 0.7829 -1.2690 -85.5206 -11.4873 86.4569 0.1344 47.0934 -0.5590 -24.6218 5.4663 -46.6181 -2.1685 1.5377 0.5607 0.0001 0.0000 0.0000 -0.0000 0.0000 0.0000 -0.0008 -0.0013 -0.0000 0.0001 -0.0004 0.0000 -0.0000 0.0000 0.0000 -0.0000 0.0000 0.0000 -0.0000 0.0002 0.0000 0.0003 -0.0006 0.0000 -0.0006 0.0004 0.0000 0.0001 0.0000 0.0000 -0.0000 0.0000 0.0000 -0.0002 -0.0010 -0.0000 30.0001 0.0002 -0.0001 -29.9998 0.0005 0.0002 -0.0000 0.0000 0.0000 -1.2082 -0.6033 2.0000 -1.2082 -0.6033 2.0000 84.5494 -17.7799 -86.2765 -31.5429 42.7013 30.2237 -106.0526 26.7443 53.5806 7.1124 -0.1892 5.4185 0.0001 -0.0001 0.0000 -0.0000 0.0000 0.0000 0.0003 -0.0006 0.0000 0.0001 -0.0001 0.0000 -0.0000 0.0000 0.0000 -0.0000 0.0000 0.0000 0.0001 0.0007 -0.0000 0.0001 -0.0012 0.0000 0.0003 -0.0008 0.0000 0.0001 0.0001 -0.0000 -0.0000 0.0000 0.0000 -0.0000 -0.0008 0.0000 -29.9996 0.0002 0.0001 29.9996 -0.0003 0.0001 -0.0000 0.0000 0.0000 177.9853 -1.9518 1.0819 -2.1015 -5.8709 -16.0640 33.2635 71.1564 -31.5832 -0.0000 25.3510 0.0000 -179.8116 8.4454 -3.6424 -0.0856 -5.8524 -0.0569 -1.0635 63.5458 4.2356 -0.0001 25.3508 0.0000
14.5318 96.1488 -36.1647 -1.0876 0.7084 -5.0821 1.0297 0.7628 -1.2600 1.0300 0.7630 -1.2603 1.0328 0.7650 -1.2639 -85.5665 -11.6565 86.4373 -0.0625 48.3737 -7.1561 -23.2612 2.4553 -54.0032 -2.3680 0.9252 0.4885 0.0001 0.0000 0.0000 -0.0000 0.0000 0.0000 -0.0008 -0.0013 -0.0000 0.0001 -0.0004 0.0000 -0.0000 0.0000 0.0000 -0.0000 0.0000 0.0000 -0.0000 0.0002 0.0000 0.0003 -0.0006 0.0000 -0.0006 0.0004 0.0000 0.0001 0.0000 0.0000 -0.0000 0.0000 0.0000 -0.0002 -0.0010 -0.0000 30.0001 0.0002 -0.0001 -29.9998 0.0005 0.0002 -0.0000 0.0000 0.0000 -1.1293 -0.4498 2.0027 -1.1293 -0.4498 2.0027 84.4165 -17.6000 -86.2372 -31.9905 42.5016 27.6241 -104.2601 27.3334 53.0368 6.7918 0.1511 5.3114 0.0001 -0.0001 0.0000 -0.0000 0.0000 0.0000 0.0003 -0.0006 0.0000 0.0001 -0.0001 0.0000 -0.0000 0.0000 0.0000 -0.0000 0.0000 0.0000 0.0001 0.0007 -0.0000 0.0001 -0.0012 0.0000 0.0003 -0.0008 0.0000 -0.0000 0.0001 0.0000 -0.0000 0.0000 0.0000 -0.0000 -0.0009 0.0000 -29.9997 0.0002 0.0001 29.9996 -0.0003 0.0001 -0.0000 0.0000 0.0000 178.0282 -1.9833 1.0507 -2.0576 -5.7539 -15.8369 32.7552 71.2253 -31.0942 -0.0000 25.3510 0.0000 -179.8621 8.3499 -3.3857 -0.0854 -5.5698 -0.0547 -1.2727 63.4209 4.4238 -0.0001 25.3508 0.0000
14.4552 96.1613 -36.1062 -1.0673 0.7656 -4.6602 0.9809 0.7369 -1.2379 0.9811 0.7371 -1.2382 0.9839 0.7391 -1.2417 -85.6037 -11.8313 86.4864 0.0698 49.7992 -13.8797 -20.1912 -0.5606 -61.4511 -2.4610 0.2946 0.4007 0.0001 0.0000 0.0000 -0.0000 0.0000 0.0000 -0.0008 -0.0013 -0.0000 0.0001 -0.0004 0.0000 -0.0000 0.0000 0.0000 -0.0000 0.0000 0.0000 -0.0001 0.0002 0.0000 0.0003 -0.0006 0.0000 -0.0006 0.0004 0.0000 0.0001 0.0000 0.0000 -0.0000 0.0000 0.0000 -0.0002 -0.0010 -0.0000 30.0001 0.0002 -0.0001 -29.9998 0.0005 0.0001 -0.0000 0.0000 0.0000 -1.0515 -0.2836 1.9785 -1.0515 -0.2836 1.9785 84.3277 -17.4101 -86.1387 -31.9643 42.4728 24.9961 -102.0863 28.0403 51.8730 6.4802 0.5498 5.1900 0.0001 -0.0001 0.0000 -0.0000 0.0000 0.0000 0.0003 -0.0006 0.0000 0.0001 -0.0001 0.0000 -0.0000 0.0000 0.0000 -0.0000 0.0000 0.0000 0.0001 0.0007 -0.0000 0.0001 -0.0012 0.0000 0.0003 -0.0008 0.0000 -0.0000 0.0001 0.0000 -0.0000 0.0000 0.0000 -0.0000 -0.0009 0.0000 -29.9996 0.0002 0.0001 29.9995 -0.0003 0.0001 -0.0000 0.0000 0.0000 178.0728 -2.0035 1.0290 -2.0049 -5.6506 -15.5692 32.2423 71.2848 -30.6010 -0.0000 25.3510 0.0000 -179.9111 8.2445 -3.1220 -0.0852 -5.2949 -0.0522 -1.5647 63.3094 4.7056 -0.0001 25.3508 0.0000
14.3822 96.1765 -36.0503 -1.0498 0.8234 -4.1963 0.9302 0.7030 -1.1899 0.9304 0.7032 -1.1901 0.9330 0.7051 -1.1934 -85.6211 -11.9933 86.5949 0.6422 51.2865 -20.4554 -15.7604 -3.5794 -68.6981 -2.4797 -0.3259 0.3171 0.0001 0.0000 0.0000 -0.0000 0.0000 0.0000 -0.0008 -0.0013 -0.0000 0.0001 -0.0004 0.0000 -0.0000 0.0000 0.0000 -0.0000 0.0000 0.0000 -0.0001 0.0002 0.0000 0.0003 -0.0006 0.0000 -0.0006 0.0004 0.0000 0.0001 0.0000 0.0000 -0.0000 0.0000 0.0000 -0.0002 -0.0010 -0.0000 30.0001 0.0002 -0.0001 -29.9998 0.0005 0.0002 -0.0000 0.0000 0.0000 -0.9667 -0.1162 1.9108 -0.9667 -0.1162 1.9108 84.2787 -17.2717 -86.0307 -31.6120 42.5515 22.5355 -99.5133 28.9623 50.1837 6.1719 0.9889 5.0560 0.0001 -0.0001 0.0000 -0.0000 0.0000 0.0000 0.0003 -0.0006 0.0000 0.0001 -0.0001 0.0000 -0.0000 0.0000 0.0000 -0.0000 0.0000 0.0000 0.0001 0.0007 -0.0000 0.0001 -0.0011 0.0000 0.0003 -0.0008 0.0000 -0.0000 0.0001 0.0000 -0.0000 0.0000 0.0000 -0.0000 -0.0008 0.0000 -29.9996 0.0002 0.0001 29.9996 -0.0003 0.0001 -0.0000 0.0000 0.0000 178.1221 -2.0164 1.0084 -1.9490 -5.5597 -15.2619 31.7283 71.3407 -30.1093 -0.0000 25.3510 0.0000 -179.9638 8.1252 -2.8519 -0.0849 -5.0175 -0.0492 -1.9142 63.2055 5.0586 -0.0001 25.3508 0.0000
14.3120 96.1937 -35.9977 -1.0313 0.8789 -3.6797 0.8734 0.6618 -1.1087 0.8736 0.6620 -1.1089 0.8761 0.6638 -1.1121 -85.6315 -12.1477 86.7608 1.8747 52.7197 -26.2973 -10.3539 -6.6088 -74.7648 -2.4869 -0.8915 0.2504 0.0001 0.0000 0.0000 -0.0000 0.0000 0.0000 -0.0008 -0.0013 -0.0000 0.0001 -0.0004 0.0000 -0.0000 0.0000 0.0000 -0.0000 0.0000 0.0000 -0.0000 0.0002 0.0000 0.0003 -0.0006 0.0000 -0.0006 0.0004 0.0000 0.0001 0.0000 0.0000 -0.0000 0.0000 0.0000 -0.0002 -0.0010 -0.0000 30.0001 0.0002 -0.0001 -29.9998 0.0005 0.0002 -0.0000 0.0000 0.0000 -0.8634 0.0305 1.7794 -0.8634 0.0305 1.7794 84.2881 -17.2269 -85.9416 -30.9375 42.7008 20.4074 -96.1982 30.2464 47.7201 5.8588 1.4877 4.9017 0.0001 -0.0001 0.0000 -0.0000 0.0000 0.0000 0.0003 -0.0006 0.0000 0.0001 -0.0001 0.0000 -0.0000 0.0000 0.0000 -0.0000 0.0000 0.0000 0.0001 0.0007 -0.0000 0.0001 -0.0012 0.0000 0.0003 -0.0008 0.0000 -0.0000 0.0001 0.0000 -0.0000 0.0000 0.0000 -0.0000 -0.0008 0.0000 -29.9997 0.0002 0.0001 29.9996 -0.0003 0.0001 -0.0000 0.0000 0.0000 178.1762 -2.0227 0.9708 -1.8930 -5.4872 -14.8910 31.1958 71.4009 -29.6072 -0.0000 25.3510 0.0000 179.9649 7.9842 -2.5709 -0.0847 -4.7360 -0.0466 -2.3252 63.1106 5.4993 -0.0001 25.3508 0.0000
14.2385 96.2101 -35.9338 -1.0129 0.9297 -3.1271 0.8107 0.6218 -1.0067 0.8108 0.6220 -1.0068 0.8132 0.6237 -1.0097 -85.6791 -12.2825 86.9321 3.6936 53.8890 -31.4122 -4.7822 -9.5304 -79.4082 -2.5113 -1.4215 0.2041 0.0001 0.0000 0.0000 -0.0000 0.0000 0.0000 -0.0008 -0.0013 -0.0000 0.0001 -0.0004 0.0000 -0.0000 0.0000 0.0000 -0.0000 0.0000 0.0000 -0.0000 0.0002 0.0000 0.0003 -0.0006 0.0000 -0.0006 0.0004 0.0000 0.0001 0.0000 0.0000 -0.0000 0.0000 0.0000 -0.0002 -0.0010 -0.0000 30.0001 0.0002 -0.0001 -29.9998 0.0005 0.0002 -0.0000 0.0000 0.0000 -0.7402 0.1506 1.5942 -0.7402 0.1506 1.5942 84.3398 -17.2274 -85.8592 -30.1307 42.8860 18.4551 -92.1110 31.6081 44.6655 5.5406 2.0035 4.7254 0.0001 -0.0001 0.0000 -0.0000 0.0000 0.0000 0.0003 -0.0006 0.0000 0.0001 -0.0001 0.0000 -0.0000 0.0000 0.0000 -0.0000 0.0000 0.0000 0.0001 0.0007 -0.0000 0.0001 -0.0011 0.0000 0.0003 -0.0008 0.0000 -0.0000 0.0001 0.0000 -0.0000 0.0000 0.0000 -0.0000 -0.0009 0.0000 -29.9996 0.0002 0.0001 29.9996 -0.0003 0.0001 -0.0000 0.0000 0.0000 178.2360 -2.0285 0.8994 -1.8398 -5.4290 -14.4751 30.5918 71.4801 -29.0437 -0.0000 25.3510 0.0000 179.8844 7.8376 -2.2820 -0.0844 -4.4692 -0.0447 -2.7819 63.0232 5.9962 -0.0001 25.3508 0.0000
14.1609 96.2241 -35.8560 -0.9969 0.9751 -2.5425 0.7439 0.5846 -0.8922 0.7440 0.5847 -0.8923 0.7461 0.5864 -0.8949 -85.7718 -12.4016 87.0952 5.9294 54.6865 -35.8116 0.8939 -12.3761 -82.9303 -2.5792 -1.9643 0.1718 0.0001 0.0000 0.0000 -0.0000 0.0000 0.0000 -0.0008 -0.0013 -0.0000 0.0001 -0.0004 0.0000 -0.0000 0.0000 0.0000 -0.0000 0.0000 0.0000 -0.0000 0.0002 0.0000 0.0003 -0.0006 0.0000 -0.0006 0.0004 0.0000 0.0001 0.0000 0.0000 -0.0000 0.0000 0.0000 -0.0002 -0.0010 -0.0000 30.0001 0.0002 -0.0001 -29.9998 0.0005 0.0002 -0.0000 0.0000 0.0000 -0.6028 0.2543 1.3645 -0.6028 0.2543 1.3645 84.4192 -17.2745 -85.7912 -29.2763 43.1013 16.6426 -87.3445 32.8650 41.1588 5.2256 2.5071 4.5287 0.0001 -0.0001 0.0000 -0.0000 0.0000 0.0000 0.0003 -0.0006 0.0000 0.0001 -0.0001 0.0000 -0.0000 0.0000 0.0000 -0.0000 0.0000 0.0000 0.0001 0.0007 -0.0000 0.0001 -0.0012 0.0000 0.0003 -0.0008 0.0000 -0.0000 0.0001 0.0000 -0.0000 0.0000 0.0000 -0.0000 -0.0009 0.0000 -29.9996 0.0002 0.0001 29.9996 -0.0003 0.0001 -0.0000 0.0000 0.0000 178.3005 -2.0403 0.7958 -1.7870 -5.3791 -14.0371 29.8772 71.5870 -28.3760 -0.0000 25.3510 0.0000 179.8081 7.6978 -1.9864 -0.0843 -4.2348 -0.0427 -3.2905 62.9468 6.5411 -0.0001 25.3508 0.0000
14.0842 96.2356 -35.7581 -0.9857 1.0116 -1.9121 0.6728 0.5547 -0.7717 0.6729 0.5548 -0.7717 0.6748 0.5565 -0.7740 -85.9377 -12.5304 87.2035 8.5120 55.0695 -39.1192 6.4235 -15.2915 -84.9617 -2.7409 -2.5063 0.1514 0.0001 0.0000 0.0000 -0.0000 0.0000 0.0000 -0.0008 -0.0013 -0.0000 0.0001 -0.0004 0.0000 -0.0000 0.0000 0.0000 -0.0000 0.0000 0.0000 -0.0000 0.0002 0.0000 0.0003 -0.0006 0.0000 -0.0006 0.0004 0.0000 0.0001 0.0000 0.0000 -0.0000 0.0000 0.0000 -0.0002 -0.0010 -0.0000 30.0001 0.0002 -0.0001 -29.9998 0.0005 0.0002 -0.0000 0.0000 0.0000 -0.4531 0.3358 1.0766 -0.4531 0.3358 1.0766 84.5245 -17.3802 -85.7475 -28.4201 43.3883 15.0097 -81.7498 33.8459 37.1161 4.9254 2.9922 4.3041 0.0001 -0.0001 0.0000 -0.0000 0.0000 0.0000 0.0003 -0.0007 0.0000 0.0001 -0.0001 0.0000 -0.0000 0.0000 0.0000 -0.0000 0.0000 0.0000 0.0001 0.0007 -0.0000 0.0001 -0.0011 0.0000 0.0003 -0.0008 0.0000 -0.0000 0.0001 0.0000 -0.0000 0.0000 0.0000 -0.0000 -0.0009 0.0000 -29.9996 0.0002 0.0001 29.9996 -0.0003 0.0001 -0.0000 0.0000 0.0000 178.3678 -2.0646 0.6565 -1.7357 -5.3310 -13.5848 28.9976 71.7298 -27.5395 -0.0000 25.3510 0.0000 179.7479 7.5645 -1.6762 -0.0841 -4.0389 -0.0400 -3.8801 62.8788 7.1457 -0.0001 25.3508 0.0000
14.0229 96.2471 -35.6562 -0.9795 1.0446 -1.2540 0.6024 0.5351 -0.6658 0.6025 0.5352 -0.6659 0.6043 0.5367 -0.6679 -86.1856 -12.7256 87.2651 11.2111 55.1323 -41.6867 11.9262 -18.2175 -85.8397 -2.9785 -3.0776 0.1344 0.0001 0.0000 0.0000 -0.0000 0.0000 0.0000 -0.0008 -0.0013 -0.0000 0.0001 -0.0004 0.0000 -0.0000 0.0000 0.0000 -0.0000 0.0000 0.0000 -0.0000 0.0002 0.0000 0.0003 -0.0006 0.0000 -0.0006 0.0004 0.0000 0.0001 0.0000 0.0000 -0.0000 0.0000 0.0000 -0.0002 -0.0010 -0.0000 30.0001 0.0002 -0.0001 -29.9998 0.0005 0.0002 -0.0000 0.0000 0.0000 -0.3105 0.3961 0.7877 -0.3105 0.3961 0.7877 84.6495 -17.4811 -85.6881 -27.4484 43.9079 13.1792 -75.4112 34.4119 32.6438 4.4735 3.2834 3.8860 0.0001 -0.0001 0.0000 -0.0000 0.0000 0.0000 0.0003 -0.0006 0.0000 0.0001 -0.0001 0.0000 -0.0000 0.0000 0.0000 -0.0000 0.0000 0.0000 0.0001 0.0007 -0.0000 0.0001 -0.0011 0.0000 0.0003 -0.0008 0.0000 -0.0000 0.0001 0.0000 -0.0000 0.0000 0.0000 -0.0000 -0.0008 0.0000 -29.9996 0.0002 0.0001 29.9996 -0.0003 0.0001 -0.0000 0.0000 0.0000 178.4346 -2.0855 0.5035 -1.6893 -5.2820 -13.1164 28.0667 71.8726 -26.6354 -0.0000 25.3510 0.0000 179.6961 7.4153 -1.3631 -0.0839 -3.8401 -0.0376 -4.5309 62.8081 7.8004 -0.0001 25.3508 0.0000
13.9774 96.2605 -35.5626 -0.9782 1.0773 -0.5782 0.5330 0.5260 -0.5762 0.5331 0.5260 -0.5762 0.5346 0.5276 -0.5779 -86.4774 -12.9350 87.2970 13.8191 54.9522 -43.6839 17.5679 -21.0345 -85.8054 -3.2860 -3.6991 0.1124 0.0001 0.0000 0.0000 -0.0000 0.0000 0.0000 -0.0008 -0.0013 -0.0000 0.0001 -0.0004 0.0000 -0.0000 0.0000 0.0000 -0.0000 0.0000 0.0000 -0.0000 0.0002 0.0000 0.0003 -0.0006 0.0000 -0.0006 0.0004 0.0000 0.0001 0.0000 0.0000 -0.0000 0.0000 0.0000 -0.0002 -0.0010 -0.0000 30.0001 0.0002 -0.0001 -29.9998 0.0005 0.0002 -0.0000 0.0000 0.0000 -0.1761 0.4372 0.5139 -0.1761 0.4372 0.5139 84.7935 -17.5361 -85.5978 -26.2039 44.7909 11.0077 -68.5668 34.4839 27.9685 3.7957 3.2328 3.2257 0.0001 -0.0001 0.0000 -0.0000 0.0000 0.0000 0.0003 -0.0006 0.0000 0.0001 -0.0001 0.0000 -0.0000 0.0000 0.0000 -0.0000 0.0000 0.0000 0.0001 0.0007 -0.0000 0.0001 -0.0012 0.0000 0.0003 -0.0008 0.0000 -0.0000 0.0001 0.0000 -0.0000 0.0000 0.0000 -0.0000 -0.0009 0.0000 -29.9996 0.0002 0.0001 29.9996 -0.0003 0.0001 -0.0000 0.0000 0.0000 178.5025 -2.0919 0.3504 -1.6478 -5.2396 -12.6260 27.1576 71.9985 -25.7409 -0.0000 25.3510 0.0000 179.6495 7.2271 -1.0584 -0.0839 -3.5929 -0.0355 -5.2302 62.7184 8.4992 -0.0001 25.3508 0.0000
13.9444 96.2791 -35.4951 -0.9828 1.1120 0.1084 0.4636 0.5268 -0.5036 0.4636 0.5269 -0.5037 0.4650 0.5283 -0.5051 -86.7952 -13.1465 87.3146 16.1063 54.6476 -45.0231 23.8723 -23.8062 -84.8059 -3.6959 -4.3975 0.0696 0.0001 0.0000 0.0000 -0.0000 0.0000 0.0000 -0.0008 -0.0013 -0.0000 0.0001 -0.0004 0.0000 -0.0000 0.0000 0.0000 -0.0000 0.0000 0.0000 -0.0000 0.0002 0.0000 0.0003 -0.0006 0.0000 -0.0006 0.0004 0.0000 0.0001 0.0000 0.0000 -0.0000 0.0000 0.0000 -0.0002 -0.0010 -0.0000 30.0001 0.0002 -0.0001 -29.9998 0.0005 0.0002 -0.0000 0.0000 0.0000 -0.0473 0.4600 0.2683 -0.0473 0.4600 0.2683 84.9795 -17.5692 -85.4803 -24.9782 45.6694 9.1293 -61.3238 33.9498 23.2860 3.2078 3.1387 2.6406 0.0001 -0.0001 0.0000 -0.0000 0.0000 0.0000 0.0003 -0.0006 0.0000 0.0001 -0.0001 0.0000 -0.0000 0.0000 0.0000 -0.0000 0.0000 0.0000 0.0001 0.0007 -0.0000 0.0001 -0.0012 0.0000 0.0003 -0.0008 0.0000 -0.0000 0.0001 0.0000 -0.0000 0.0000 0.0000 -0.0000 -0.0008 0.0000 -29.9997 0.0002 0.0001 29.9996 -0.0003 0.0001 -0.0000 0.0000 0.0000 178.5758 -2.0682 0.2115 -1.6090 -5.2240 -12.1049 26.3527 72.0981 -24.9442 -0.0000 25.3510 0.0000 179.6099 6.9935 -0.7978 -0.0836 -3.2674 -0.0324 -6.0147 62.5877 9.2890 -0.0001 25.3508 0.0000
13.9051 96.2992 -35.4351 -0.9900 1.1472 0.7853 0.3918 0.5309 -0.4365 0.3918 0.5310 -0.4365 0.3930 0.5326 -0.4378 -87.0981 -13.3566 87.3351 18.1054 54.4582 -46.0841 30.7263 -26.3947 -82.6397 -4.1881 -5.1284 0.0062 0.0001 0.0000 0.0000 -0.0000 0.0000 0.0000 -0.0008 -0.0013 -0.0000 0.0001 -0.0004 0.0000 -0.0000 0.0000 0.0000 -0.0000 0.0000 0.0000 -0.0000 0.0002 0.0000 0.0003 -0.0006 0.0000 -0.0006 0.0004 0.0000 0.0001 0.0000 0.0000 -0.0000 0.0000 0.0000 -0.0002 -0.0010 -0.0000 30.0001 0.0002 -0.0001 -29.9998 0.0005 0.0002 -0.0000 0.0000 0.0000 0.0981 0.4682 0.0426 0.0981 0.4682 0.0426 85.1975 -17.5850 -85.3535 -23.7373 46.5655 7.5095 -54.0509 32.7650 18.8274 2.7103 3.0151 2.1374 0.0001 -0.0001 0.0000 -0.0000 0.0000 0.0000 0.0003 -0.0006 0.0000 0.0001 -0.0001 0.0000 -0.0000 0.0000 0.0000 -0.0000 0.0000 0.0000 0.0001 0.0007 -0.0000 0.0001 -0.0011 0.0000 0.0003 -0.0008 0.0000 -0.0000 0.0001 0.0000 -0.0000 0.0000 0.0000 -0.0000 -0.0009 0.0000 -29.9996 0.0002 0.0001 29.9996 -0.0003 0.0001 -0.0000 0.0000 0.0000 178.6539 -2.0241 0.0961 -1.5702 -5.2358 -11.5846 25.6263 72.1872 -24.2329 -0.0000 25.3510 0.0000 179.5819 6.7385 -0.5673 -0.0834 -2.9040 -0.0281 -6.8187 62.4354 10.0986 -0.0001 25.3508 0.0000
13.8617 96.3193 -35.3631 -1.0003 1.1830 1.4421 0.3186 0.5391 -0.3697 0.3186 0.5392 -0.3697 0.3196 0.5408 -0.3708 -87.3856 -13.5677 87.3615 19.8240 54.4198 -46.9514 37.9997 -28.5805 -79.4601 -4.7207 -5.7977 -0.0858 0.0001 0.0000 0.0000 -0.0000 0.0000 0.0000 -0.0008 -0.0013 -0.0000 0.0001 -0.0004 0.0000 -0.0000 0.0000 0.0000 -0.0000 0.0000 0.0000 -0.0000 0.0003 0.0000 0.0003 -0.0006 0.0000 -0.0006 0.0004 0.0000 0.0001 0.0000 0.0000 -0.0000 0.0000 0.0000 -0.0002 -0.0010 -0.0000 30.0001 0.0002 -0.0001 -29.9998 0.0005 0.0002 -0.0000 0.0000 0.0000 0.2604 0.4591 -0.1660 0.2604 0.4591 -0.1660 85.4420 -17.5903 -85.2186 -22.4610 47.4829 6.1318 -46.9320 30.9858 14.7241 2.2930 2.8749 1.7103 0.0001 -0.0001 0.0000 -0.0000 0.0000 0.0000 0.0003 -0.0006 0.0000 0.0001 -0.0001 0.0000 -0.0000 0.0000 0.0000 -0.0000 0.0000 0.0000 0.0001 0.0007 -0.0000 0.0001 -0.0012 0.0000 0.0003 -0.0008 0.0000 -0.0000 0.0001 0.0000 -0.0000 0.0000 0.0000 -0.0000 -0.0009 0.0000 -29.9996 0.0002 0.0001 29.9996 -0.0003 0.0001 -0.0000 0.0000 0.0000 178.7364 -1.9681 -0.0007 -1.5334 -5.2659 -11.0812 24.9474 72.2726 -23.5763 -0.0000 25.3510 0.0000 179.5622 6.4936 -0.3590 -0.0833 -2.5665 -0.0238 -7.6146 62.2963 10.9060 -0.0001 25.3508 0.0000
13.8272 96.3370 -35.2531 -1.0221 1.2184 2.0594 0.2487 0.5525 -0.2982 0.2487 0.5525 -0.2982 0.2494 0.5542 -0.2990 -87.6133 -13.7145 87.4027 20.9070 55.0241 -47.4566 45.5582 -30.1594 -75.3217 -5.0713 -5.9470 -0.2270 0.0001 0.0000 0.0000 -0.0000 0.0000 0.0000 -0.0008 -0.0013 -0.0000 0.0001 -0.0004 0.0000 -0.0000 0.0000 0.0000 -0.0000 0.0000 0.0000 -0.0000 0.0002 0.0000 0.0003 -0.0006 0.0000 -0.0006 0.0004 0.0000 0.0001 0.0000 0.0000 -0.0000 0.0000 0.0000 -0.0002 -0.0010 -0.0000 30.0001 0.0002 -0.0001 -29.9998 0.0005 0.0002 -0.0000 0.0000 0.0000 0.4342 0.4270 -0.3538 0.4342 0.4270 -0.3538 85.7088 -17.5805 -85.0792 -21.0874 48.4346 5.0650 -40.0712 28.6698 11.1323 1.9560 2.7248 1.3517 0.0001 -0.0001 0.0000 -0.0000 0.0000 0.0000 0.0003 -0.0006 0.0000 0.0001 -0.0001 0.0000 -0.0000 0.0000 0.0000 -0.0000 0.0000 0.0000 0.0001 0.0007 -0.0000 0.0001 -0.0012 0.0000 0.0003 -0.0008 0.0000 -0.0000 0.0001 0.0000 -0.0000 0.0000 0.0000 -0.0000 -0.0008 0.0000 -29.9997 0.0002 0.0001 29.9996 -0.0003 0.0001 -0.0000 0.0000 0.0000 178.8335 -1.9075 -0.0784 -1.5085 -5.3105 -10.6100 24.3303 72.3567 -22.9897 -0.0000 25.3510 0.0000 179.5531 6.2012 -0.1705 -0.0831 -2.1732 -0.0192 -8.3444 62.1505 11.6566 -0.0001 25.3508 0.0000
13.8120 96.3553 -35.1196 -1.0600 1.2516 2.6440 0.1888 0.5668 -0.2215 0.1888 0.5669 -0.2215 0.1894 0.5686 -0.2221 -87.8132 -13.8275 87.4472 21.7111 55.6581 -47.7311 53.1331 -31.1057 -70.6369 -5.4679 -6.0385 -0.3958 0.0001 0.0000 0.0000 -0.0000 0.0000 0.0000 -0.0008 -0.0013 -0.0000 0.0001 -0.0004 0.0000 -0.0000 0.0000 0.0000 -0.0000 0.0000 0.0000 -0.0000 0.0002 0.0000 0.0003 -0.0006 0.0000 -0.0006 0.0004 0.0000 0.0001 0.0000 0.0000 -0.0000 0.0000 0.0000 -0.0002 -0.0010 -0.0000 30.0001 0.0002 -0.0001 -29.9998 0.0005 0.0002 -0.0000 0.0000 0.0000 0.5958 0.3914 -0.5382 0.5958 0.3914 -0.5382 85.9730 -17.5626 -84.9511 -19.6146 49.4019 4.2473 -33.6042 25.9327 8.2260 1.6888 2.5730 1.0542 0.0001 -0.0001 0.0000 -0.0000 0.0000 0.0000 0.0003 -0.0006 0.0000 0.0001 -0.0001 0.0000 -0.0000 0.0000 0.0000 -0.0000 0.0000 0.0000 0.0001 0.0007 -0.0000 0.0001 -0.0012 0.0000 0.0003 -0.0008 0.0000 -0.0000 0.0001 0.0000 -0.0000 0.0000 0.0000 -0.0000 -0.0009 0.0000 -29.9996 0.0002 0.0001 29.9996 -0.0003 0.0001 -0.0000 0.0000 0.0000 178.9472 -1.8522 -0.1526 -1.4899 -5.3665 -10.1630 23.7352 72.4497 -22.4341 -0.0000 25.3510 0.0000 179.5533 5.6703 0.0161 -0.0828 -1.3300 -0.0113 -8.9297 61.7959 12.2637 -0.0001 25.3508 0.0000
13.8073 96.3749 -34.9726 -1.1120 1.2839 3.2020 0.1394 0.5799 -0.1426 0.1394 0.5800 -0.1426 0.1398 0.5817 -0.1430 -87.9989 -13.9149 87.4870 22.2523 56.2283 -47.7076 60.4919 -31.4533 -65.7676 -5.8992 -6.0766 -0.5928 0.0001 0.0000 0.0000 -0.0000 0.0000 0.0000 -0.0008 -0.0013 -0.0000 0.0001 -0.0004 0.0000 -0.0000 0.0000 0.0000 -0.0000 0.0000 0.0000 -0.0000 0.0002 0.0000 0.0003 -0.0006 0.0000 -0.0006 0.0004 0.0000 0.0001 0.0000 0.0000 -0.0000 0.0000 0.0000 -0.0002 -0.0010 -0.0000 30.0001 0.0002 -0.0001 -29.9998 0.0005 0.0002 -0.0000 0.0000 0.0000 0.7363 0.3655 -0.7159 0.7363 0.3655 -0.7159 86.2310 -17.5417 -84.8333 -18.0497 50.3861 3.6180 -27.6090 22.8431 6.0957 1.4829 2.4258 0.8090 0.0001 -0.0001 0.0000 -0.0000 0.0000 0.0000 0.0003 -0.0006 0.0000 0.0001 -0.0001 0.0000 -0.0000 0.0000 0.0000 -0.0000 0.0000 0.0000 0.0001 0.0007 -0.0000 0.0001 -0.0012 0.0000 0.0003 -0.0008 0.0000 -0.0000 0.0001 0.0000 -0.0000 0.0000 0.0000 -0.0000 -0.0008 0.0000 -29.9996 0.0002 0.0001 29.9996 -0.0003 0.0001 -0.0000 0.0000 0.0000 179.0712 -1.7988 -0.2275 -1.4717 -5.4336 -9.7432 23.1283 72.5538 -21.8736 -0.0000 25.3510 0.0000 179.5675 5.1714 0.2131 -0.0827 -0.5622 -0.0047 -9.4486 61.4879 12.8041 -0.0001 25.3508 0.0000
13.7986 96.3938 -34.8136 -1.1820 1.3180 3.7250 0.1040 0.5898 -0.0652 0.1040 0.5899 -0.0652 0.1043 0.5916 -0.0654 -88.1487 -13.9752 87.5371 22.4747 56.5341 -47.1596 67.2096 -31.3162 -61.1762 -6.3588 -6.0558 -0.8258 0.0001 0.0000 0.0000 -0.0000 0.0000 0.0000 -0.0008 -0.0013 -0.0000 0.0001 -0.0004 0.0000 -0.0000 0.0000 0.0000 -0.0000 0.0000 0.0000 -0.0000 0.0002 0.0000 0.0003 -0.0006 0.0000 -0.0006 0.0004 0.0000 0.0001 0.0000 0.0000 -0.0000 0.0000 0.0000 -0.0002 -0.0010 -0.0000 30.0001 0.0002 -0.0001 -29.9998 0.0005 0.0002 -0.0000 0.0000 0.0000 0.8321 0.3614 -0.8785 0.8321 0.3614 -0.8785 86.4737 -17.5193 -84.7322 -16.3595 51.3943 3.2143 -22.1282 19.4602 4.9568 1.3423 2.2844 0.6085 0.0001 -0.0001 0.0000 -0.0000 0.0000 0.0000 0.0003 -0.0006 0.0000 0.0001 -0.0001 0.0000 -0.0000 0.0000 0.0000 -0.0000 0.0000 0.0000 0.0001 0.0007 -0.0000 0.0001 -0.0012 0.0000 0.0003 -0.0008 0.0000 -0.0000 0.0001 0.0000 -0.0000 0.0000 0.0000 -0.0000 -0.0009 0.0000 -29.9996 0.0002 0.0001 29.9996 -0.0003 0.0001 -0.0000 0.0000 0.0000 179.2023 -1.7444 -0.3021 -1.4567 -5.5114 -9.3636 22.5192 72.6663 -21.3092 -0.0000 25.3510 0.0000 179.6096 4.7752 0.4223 -0.0827 0.0000 0.0000 -9.9266 61.2913 13.2918 -0.0001 25.3508 0.0000
13.7755 96.4102 -34.6468 -1.2609 1.3562 4.2237 0.0759 0.5935 0.0102 0.0759 0.5935 0.0102 0.0761 0.5953 0.0102 -88.2554 -14.0042 87.6201 22.5631 56.5973 -46.3062 73.3324 -30.8321 -56.9310 -6.8308 -5.9906 -1.0894 0.0001 0.0000 0.0000 -0.0000 0.0000 0.0000 -0.0008 -0.0013 -0.0000 0.0001 -0.0004 0.0000 -0.0000 0.0000 0.0000 -0.0000 0.0000 0.0000 -0.0000 0.0002 0.0000 0.0003 -0.0006 0.0000 -0.0006 0.0004 0.0000 0.0001 0.0000 0.0000 -0.0000 0.0000 0.0000 -0.0002 -0.0010 -0.0000 30.0001 0.0002 -0.0001 -29.9998 0.0005 0.0002 -0.0000 0.0000 0.0000 0.8912 0.3824 -1.0296 0.8912 0.3824 -1.0296 86.7020 -17.5029 -84.6541 -14.5363 52.3984 2.9585 -17.0767 15.9045 4.7736 1.2454 2.1629 0.4430 0.0001 -0.0001 0.0000 -0.0000 0.0000 0.0000 0.0003 -0.0006 0.0000 0.0001 -0.0001 0.0000 -0.0000 0.0000 0.0000 -0.0000 0.0000 0.0000 0.0001 0.0007 -0.0000 0.0001 -0.0012 0.0000 0.0003 -0.0008 0.0000 -0.0000 0.0001 0.0000 -0.0000 0.0000 0.0000 -0.0000 -0.0009 0.0000 -29.9996 0.0002 0.0001 29.9996 -0.0003 0.0001 -0.0000 0.0000 0.0000 179.3315 -1.6893 -0.3612 -1.4486 -5.5887 -9.0010 21.9958 72.7645 -20.8221 -0.0000 25.3510 0.0000 179.6727 4.6637 0.6138 -0.0827 0.0000 0.0000 -10.5092 61.3718 13.8814 -0.0001 25.3508 0.0000
13.7437 96.4234 -34.4717 -1.3407 1.3992 4.7012 0.0520 0.5877 0.0859 0.0521 0.5878 0.0859 0.0522 0.5896 0.0862 -88.3347 -13.9949 87.7366 22.5616 56.4429 -45.2769 78.8836 -30.0455 -52.9285 -7.3149 -5.8703 -1.3774 0.0001 0.0000 0.0000 -0.0000 0.0000 0.0000 -0.0008 -0.0013 -0.0000 0.0001 -0.0004 0.0000 -0.0000 0.0000 0.0000 -0.0000 0.0000 0.0000 -0.0000 0.0002 0.0000 0.0003 -0.0006 0.0000 -0.0006 0.0004 0.0000 0.0001 0.0000 0.0000 -0.0000 0.0000 0.0000 -0.0002 -0.0010 -0.0000 30.0001 0.0002 -0.0001 -29.9998 0.0005 0.0002 -0.0000 0.0000 0.0000 0.9229 0.4330 -1.1749 0.9229 0.4330 -1.1749 86.9112 -17.4979 -84.6063 -12.5530 53.4122 2.7769 -12.4267 12.2727 5.5213 1.1873 2.0499 0.3041 0.0001 -0.0001 0.0000 -0.0000 0.0000 0.0000 0.0003 -0.0006 0.0000 0.0001 -0.0001 0.0000 -0.0000 0.0000 0.0000 -0.0000 0.0000 0.0000 0.0001 0.0007 -0.0000 0.0001 -0.0012 0.0000 0.0003 -0.0008 0.0000 -0.0000 0.0001 0.0000 -0.0000 0.0000 0.0000 -0.0000 -0.0008 0.0000 -29.9996 0.0002 0.0001 29.9996 -0.0003 0.0001 -0.0000 0.0000 0.0000 179.4530 -1.6332 -0.3947 -1.4432 -5.6663 -8.6505 21.5869 72.8453 -20.4471 -0.0000 25.3510 0.0000 179.7455 4.5557 0.7837 -0.0827 0.0000 0.0000 -11.1116 61.4512 14.4815 -0.0001 25.3508 0.0000
13.7168 96.4344 -34.2861 -1.4111 1.4521 5.1445 0.0298 0.5644 0.1649 0.0298 0.5645 0.1649 0.0299 0.5662 0.1654 -88.3836 -13.9406 87.8921 22.4356 55.9817 -44.0909 83.6463 -28.9070 -49.1423 -7.8198 -5.6580 -1.6912 0.0001 0.0000 0.0000 -0.0000 0.0000 0.0000 -0.0008 -0.0013 -0.0000 0.0001 -0.0004 0.0000 -0.0000 0.0000 0.0000 -0.0000 0.0000 0.0000 -0.0001 0.0002 0.0000 0.0003 -0.0006 0.0000 -0.0006 0.0004 0.0000 0.0001 0.0000 0.0000 -0.0000 0.0000 0.0000 -0.0002 -0.0010 -0.0000 30.0001 0.0002 -0.0001 -29.9998 0.0005 0.0002 -0.0000 0.0000 0.0000 0.9280 0.5302 -1.3157 0.9280 0.5302 -1.3157 87.1000 -17.5297 -84.5983 -10.3710 54.4830 2.6755 -8.2412 8.6120 7.5284 1.1775 1.9216 0.1876 0.0001 -0.0001 0.0000 -0.0000 0.0000 0.0000 0.0003 -0.0007 0.0000 0.0001 -0.0001 0.0000 -0.0000 0.0000 0.0000 -0.0000 0.0000 0.0000 0.0001 0.0007 -0.0000 0.0001 -0.0012 0.0000 0.0003 -0.0008 0.0000 -0.0000 0.0001 0.0000 -0.0000 0.0000 0.0000 -0.0000 -0.0009 0.0000 -29.9997 0.0002 0.0001 29.9996 -0.0003 0.0001 -0.0000 0.0000 0.0000 179.5527 -1.5791 -0.3822 -1.4307 -5.7463 -8.3504 21.2726 72.9163 -20.1733 -0.0000 25.3510 0.0000 179.8097 4.4545 0.9184 -0.0827 0.0001 0.0000 -11.7281 61.5315 15.0957 -0.0001 25.3508 0.0000
13.7011 96.4446 -34.0876 -1.4730 1.5148 5.5555 0.0069 0.5273 0.2466 0.0069 0.5274 0.2466 0.0070 0.5290 0.2474 -88.3859 -13.8693 88.0747 22.3148 55.2959 -42.9199 87.6861 -27.4006 -45.6281 -8.3232 -5.3618 -2.0218 0.0001 0.0000 0.0000 -0.0000 0.0000 0.0000 -0.0008 -0.0013 -0.0000 0.0001 -0.0004 0.0000 -0.0000 0.0000 0.0000 -0.0000 0.0000 0.0000 -0.0000 0.0002 0.0000 0.0003 -0.0006 0.0000 -0.0006 0.0004 0.0000 0.0001 0.0000 0.0000 -0.0000 0.0000 0.0000 -0.0002 -0.0010 -0.0000 30.0001 0.0002 -0.0001 -29.9998 0.0005 0.0002 -0.0000 0.0000 0.0000 0.9206 0.6521 -1.4511 0.9206 0.6521 -1.4511 87.2717 -17.5959 -84.6232 -8.1139 55.6107 2.6649 -4.4657 5.0641 10.6423 1.1994 1.7737 0.0903 0.0001 -0.0001 0.0000 -0.0000 0.0000 0.0000 0.0003 -0.0006 0.0000 0.0001 -0.0001 0.0000 -0.0000 0.0000 0.0000 -0.0000 0.0000 0.0000 0.0001 0.0007 -0.0000 0.0001 -0.0012 0.0000 0.0003 -0.0008 0.0000 -0.0000 0.0001 0.0000 -0.0000 0.0000 0.0000 -0.0000 -0.0009 0.0000 -29.9997 0.0002 0.0001 29.9996 -0.0003 0.0001 -0.0000 0.0000 0.0000 179.6294 -1.5321 -0.3182 -1.4104 -5.8156 -8.1272 20.9703 72.9846 -19.9140 -0.0000 25.3510 0.0000 179.8617 4.3580 1.0228 -0.0827 0.0000 0.0000 -12.3408 61.6148 15.7132 -0.0001 25.3508 0.0000
13.6922 96.4539 -33.8793 -1.5298 1.5864 5.9367 -0.0140 0.4813 0.3285 -0.0140 0.4813 0.3285 -0.0140 0.4828 0.3295 -88.3493 -13.7841 88.2673 22.1942 54.4179 -41.7981 91.0653 -25.5166 -42.4850 -8.8027 -4.9928 -2.3650 0.0001 0.0000 0.0000 -0.0000 0.0000 0.0000 -0.0008 -0.0013 -0.0000 0.0001 -0.0004 0.0000 -0.0000 0.0000 0.0000 -0.0000 0.0000 0.0000 -0.0000 0.0002 0.0000 0.0003 -0.0006 0.0000 -0.0006 0.0004 0.0000 0.0001 0.0000 0.0000 -0.0000 0.0000 0.0000 -0.0002 -0.0010 -0.0000 30.0001 0.0002 -0.0001 -29.9998 0.0005 0.0002 -0.0000 0.0000 0.0000 0.9050 0.7866 -1.5774 0.9050 0.7866 -1.5774 87.4256 -17.6896 -84.6761 -5.7973 56.7717 2.7137 -1.0289 1.7825 14.7620 1.2370 1.6009 0.0103 0.0001 -0.0001 0.0000 -0.0000 0.0000 0.0000 0.0003 -0.0006 0.0000 0.0001 -0.0001 0.0000 -0.0000 0.0000 0.0000 -0.0000 0.0000 0.0000 0.0001 0.0007 -0.0000 0.0001 -0.0012 0.0000 0.0003 -0.0008 0.0000 -0.0000 0.0001 0.0000 -0.0000 0.0000 0.0000 -0.0000 -0.0009 0.0000 -29.9996 0.0002 0.0001 29.9996 -0.0003 0.0001 -0.0000 0.0000 0.0000 179.6898 -1.4918 -0.2055 -1.3879 -5.8687 -7.9687 20.6963 73.0434 -19.6835 -0.0000 25.3510 0.0000 179.9069 4.2914 1.1012 -0.0827 -0.0487 -0.0004 -12.9579 61.7227 16.3429 -0.0001 25.3508 0.0000
13.6777 96.4636 -33.6541 -1.5805 1.6733 6.2732 -0.0261 0.4280 0.4052 -0.0261 0.4281 0.4052 -0.0261 0.4293 0.4064 -88.2788 -13.6823 88.4326 21.9184 53.2832 -40.6704 93.6347 -23.0575 -39.9830 -9.2320 -4.5502 -2.7296 0.0001 0.0000 0.0000 -0.0000 0.0000 0.0000 -0.0008 -0.0013 -0.0000 0.0001 -0.0004 0.0000 -0.0000 0.0000 0.0000 -0.0000 0.0000 0.0000 -0.0001 0.0002 0.0000 0.0003 -0.0006 0.0000 -0.0006 0.0004 0.0000 0.0001 0.0000 0.0000 -0.0000 0.0000 0.0000 -0.0002 -0.0010 -0.0000 30.0001 0.0002 -0.0001 -29.9998 0.0005 0.0002 -0.0000 0.0000 0.0000 0.8752 0.9266 -1.6805 0.8752 0.9266 -1.6805 87.5479 -17.8206 -84.7490 -3.4632 57.9368 2.8971 1.8817 -0.9357 20.1028 1.2887 1.3885 -0.0486 0.0001 -0.0001 0.0000 -0.0000 0.0000 0.0000 0.0003 -0.0006 0.0000 0.0001 -0.0001 0.0000 -0.0000 0.0000 0.0000 -0.0000 0.0000 0.0000 0.0001 0.0007 -0.0000 0.0001 -0.0011 0.0000 0.0003 -0.0008 0.0000 -0.0000 0.0001 0.0000 -0.0000 0.0000 0.0000 -0.0000 -0.0009 0.0000 -29.9996 0.0002 0.0001 29.9996 -0.0003 0.0001 -0.0000 0.0000 0.0000 179.7314 -1.4617 -0.0418 -1.3666 -5.8883 -7.8689 20.5123 73.0765 -19.5435 -0.0000 25.3510 0.0000 179.9533 4.1851 1.1533 -0.0827 0.0000 0.0000 -13.5234 61.7898 16.9171 -0.0001 25.3508 0.0000
13.6588 96.4711 -33.4237 -1.6263 1.7733 6.5734 -0.0296 0.3778 0.4708 -0.0296 0.3779 0.4708 -0.0297 0.3790 0.4722 -88.1812 -13.5793 88.5439 21.5111 51.9417 -39.4667 95.5965 -20.1470 -38.2157 -9.5854 -4.0712 -3.1129 0.0001 0.0000 0.0000 -0.0000 0.0000 0.0000 -0.0008 -0.0013 -0.0000 0.0001 -0.0004 0.0000 -0.0000 0.0000 0.0000 -0.0000 0.0000 0.0000 -0.0001 0.0002 0.0000 0.0003 -0.0006 0.0000 -0.0006 0.0004 0.0000 0.0001 0.0000 0.0000 -0.0000 0.0000 0.0000 -0.0002 -0.0010 -0.0000 30.0001 0.0002 -0.0001 -29.9998 0.0005 0.0002 -0.0000 0.0000 0.0000 0.8373 1.0566 -1.7542 0.8373 1.0566 -1.7542 87.6523 -17.9784 -84.7977 -1.2399 59.0808 3.3485 4.3216 -2.9807 26.2498 1.3303 1.1401 -0.0882 0.0001 -0.0001 0.0000 -0.0000 0.0000 0.0000 0.0003 -0.0006 0.0000 0.0001 -0.0001 0.0000 -0.0000 0.0000 0.0000 -0.0000 0.0000 0.0000 0.0001 0.0007 -0.0000 0.0001 -0.0012 0.0000 0.0003 -0.0008 0.0000 -0.0000 0.0001 0.0000 -0.0000 0.0000 0.0000 -0.0000 -0.0009 0.0000 -29.9997 0.0002 0.0001 29.9996 -0.0003 0.0001 -0.0000 0.0000 0.0000 179.7610 -1.4392 0.1378 -1.3403 -5.8877 -7.8194 20.3180 73.1043 -19.3991 -0.0000 25.3510 0.0000 179.9985 4.1168 1.1853 -0.0827 0.0000 0.0000 -14.0720 61.8817 17.4760 -0.0001 25.3508 0.0000
13.6378 96.4767 -33.1919 -1.6671 1.8841 6.8424 -0.0264 0.3333 0.5219 -0.0264 0.3334 0.5219 -0.0265 0.3344 0.5235 -88.0463 -13.4868 88.6137 21.0598 50.4310 -38.1370 97.0947 -16.9620 -37.1995 -9.8474 -3.5866 -3.5090 0.0001 0.0000 0.0000 -0.0000 0.0000 0.0000 -0.0008 -0.0013 -0.0000 0.0001 -0.0004 0.0000 -0.0000 0.0000 0.0000 -0.0000 0.0000 0.0000 -0.0000 0.0003 0.0000 0.0003 -0.0006 0.0000 -0.0006 0.0004 0.0000 0.0001 0.0000 0.0000 -0.0000 0.0000 0.0000 -0.0002 -0.0010 -0.0000 30.0001 0.0002 -0.0001 -29.9998 0.0005 0.0002 -0.0000 0.0000 0.0000 0.7983 1.1705 -1.7979 0.7983 1.1705 -1.7979 87.7457 -18.1504 -84.8182 0.8428 60.2101 4.1179 6.2537 -4.4018 32.9904 1.3452 0.8654 -0.1100 0.0001 -0.0001 0.0000 -0.0000 0.0000 0.0000 0.0003 -0.0006 0.0000 0.0001 -0.0001 0.0000 -0.0000 0.0000 0.0000 -0.0000 0.0000 0.0000 0.0001 0.0007 -0.0000 0.0001 -0.0012 0.0000 0.0003 -0.0008 0.0000 -0.0000 0.0001 0.0000 -0.0000 0.0000 0.0000 -0.0000 -0.0008 0.0000 -29.9997 0.0002 0.0001 29.9996 -0.0003 0.0001 -0.0000 0.0000 0.0000 179.7767 -1.4239 0.3275 -1.3036 -5.8714 -7.8268 20.0586 73.1358 -19.1969 -0.0000 25.3510 0.0000 -179.9593 4.0612 1.2001 -0.0827 0.0001 0.0000 -14.5980 61.9726 18.0145 -0.0001 25.3508 0.0000
13.6153 96.4777 -32.9605 -1.7000 2.0092 7.0635 -0.0149 0.2982 0.5503 -0.0149 0.2983 0.5503 -0.0149 0.2992 0.5519 -87.8527 -13.4111 88.6379 20.6234 48.7351 -36.5231 98.0270 -13.6111 -37.2302 -9.9884 -3.1417 -3.9149 0.0001 0.0000 0.0000 -0.0000 0.0000 0.0000 -0.0008 -0.0013 -0.0000 0.0001 -0.0004 0.0000 -0.0000 0.0000 0.0000 -0.0000 0.0000 0.0000 -0.0000 0.0002 0.0000 0.0003 -0.0007 0.0000 -0.0006 0.0004 0.0000 0.0001 0.0000 0.0000 -0.0000 0.0000 0.0000 -0.0002 -0.0010 -0.0000 30.0001 0.0002 -0.0001 -29.9998 0.0005 0.0002 -0.0000 0.0000 0.0000 0.7679 1.2542 -1.8004 0.7679 1.2542 -1.8004 87.8358 -18.3248 -84.7985 2.7999 61.2525 5.2699 7.1839 -5.1450 40.0506 1.3460 0.5895 -0.1135 0.0001 -0.0001 0.0000 -0.0000 0.0000 0.0000 0.0003 -0.0006 0.0000 0.0001 -0.0001 0.0000 -0.0000 0.0000 0.0000 -0.0000 0.0000 0.0000 0.0001 0.0007 -0.0000 0.0001 -0.0012 0.0000 0.0003 -0.0008 0.0000 -0.0000 0.0001 0.0000 -0.0000 0.0000 0.0000 -0.0000 -0.0009 0.0000 -29.9996 0.0002 0.0001 29.9996 -0.0003 0.0001 -0.0000 0.0000 0.0000 179.7764 -1.4200 0.5188 -1.2576 -5.8331 -7.9146 19.6744 73.1796 -18.8778 -0.0000 25.3510 0.0000 -179.9229 4.0243 1.1909 -0.0827 0.0000 0.0000 -15.0803 62.0637 18.5138 -0.0001 25.3508 0.0000
13.5848 96.4779 -32.7252 -1.7255 2.1453 7.2389 0.0029 0.2695 0.5626 0.0029 0.2696 0.5626 0.0028 0.2704 0.5643 -87.6208 -13.3450 88.6449 20.2628 47.0862 -34.6930 98.5874 -10.2523 -37.9230 -9.9846 -2.6739 -4.3178 0.0001 0.0000 0.0000 -0.0000 0.0000 0.0000 -0.0008 -0.0013 -0.0000 0.0001 -0.0004 0.0000 -0.0000 0.0000 0.0000 -0.0000 0.0000 0.0000 -0.0000 0.0002 0.0000 0.0003 -0.0006 0.0000 -0.0006 0.0004 0.0000 0.0001 0.0000 0.0000 -0.0000 0.0000 0.0000 -0.0002 -0.0010 -0.0000 30.0001 0.0002 -0.0001 -29.9998 0.0005 0.0002 -0.0000 0.0000 0.0000 0.7484 1.3119 -1.7780 0.7484 1.3119 -1.7780 87.9312 -18.4954 -84.7490 4.6775 62.2021 6.6064 7.1278 -5.4608 46.9337 1.3194 0.3253 -0.1042 0.0001 -0.0001 0.0000 -0.0000 0.0000 0.0000 0.0003 -0.0006 0.0000 0.0001 -0.0001 0.0000 -0.0000 0.0000 0.0000 -0.0000 0.0000 0.0000 0.0001 0.0007 -0.0000 0.0001 -0.0012 0.0000 0.0003 -0.0008 0.0000 -0.0000 0.0001 0.0000 -0.0000 0.0000 0.0000 -0.0000 -0.0009 0.0000 -29.9996 0.0002 0.0001 29.9996 -0.0003 0.0001 -0.0000 0.0000 0.0000 179.7705 -1.4234 0.6867 -1.2169 -5.7750 -8.0300 19.2422 73.2257 -18.5134 -0.0000 25.3510 0.0000 -179.8869 3.9999 1.1694 -0.0827 0.0000 0.0000 -15.5069 62.1601 18.9518 -0.0001 25.3508 0.0000
13.5489 96.4786 -32.4869 -1.7435 2.2904 7.3711 0.0249 0.2465 0.5637 0.0249 0.2465 0.5638 0.0250 0.2472 0.5654 -87.3664 -13.2863 88.6435 20.0285 45.4175 -32.4889 98.8101 -7.1239 -39.1721 -9.8568 -2.2161 -4.6959 0.0001 0.0000 0.0000 -0.0000 0.0000 0.0000 -0.0008 -0.0013 -0.0000 0.0001 -0.0004 0.0000 -0.0000 0.0000 0.0000 -0.0000 0.0000 0.0000 -0.0000 0.0002 0.0000 0.0003 -0.0006 0.0000 -0.0006 0.0004 0.0000 0.0001 0.0000 0.0000 -0.0000 0.0000 0.0000 -0.0002 -0.0010 -0.0000 30.0001 0.0002 -0.0001 -29.9998 0.0005 0.0002 -0.0000 0.0000 0.0000 0.7365 1.3462 -1.7404 0.7365 1.3462 -1.7404 88.0293 -18.6629 -84.6859 6.4536 63.0544 8.0209 6.2193 -5.5067 53.5127 1.2672 0.0825 -0.0876 0.0001 -0.0001 0.0000 -0.0000 0.0000 0.0000 0.0003 -0.0006 0.0000 0.0001 -0.0001 0.0000 -0.0000 0.0000 0.0000 -0.0000 0.0000 0.0000 0.0001 0.0007 -0.0000 0.0001 -0.0012 0.0000 0.0003 -0.0008 0.0000 -0.0000 0.0001 0.0000 -0.0000 0.0000 0.0000 -0.0000 -0.0009 0.0000 -29.9996 0.0002 0.0001 29.9996 -0.0003 0.0001 -0.0000 0.0000 0.0000 179.7605 -1.4248 0.8247 -1.1838 -5.7082 -8.1532 18.7994 73.2688 -18.1412 -0.0000 25.3510 0.0000 -179.8533 3.9859 1.1384 -0.0827 0.0001 0.0000 -15.8764 62.2622 19.3277 -0.0001 25.3508 0.0000
13.5188 96.4795 -32.2501 -1.7520 2.4444 7.4414 0.0512 0.2312 0.5537 0.0512 0.2313 0.5537 0.0514 0.2320 0.5554 -87.0901 -13.2436 88.6261 20.0967 43.8419 -29.6405 98.4760 -4.5105 -41.0574 -9.6101 -1.8174 -5.0091 0.0001 0.0000 0.0000 -0.0000 0.0000 0.0000 -0.0008 -0.0013 -0.0000 0.0001 -0.0004 0.0000 -0.0000 0.0000 0.0000 -0.0000 0.0000 0.0000 -0.0000 0.0003 0.0000 0.0003 -0.0006 0.0000 -0.0006 0.0004 0.0000 0.0001 0.0000 0.0000 -0.0000 0.0000 0.0000 -0.0002 -0.0010 -0.0000 30.0001 0.0002 -0.0001 -29.9998 0.0005 0.0002 -0.0000 0.0000 0.0000 0.7332 1.3487 -1.6924 0.7332 1.3487 -1.6924 88.1227 -18.8119 -84.6168 8.0915 63.7289 9.3347 4.3049 -5.3566 59.4807 1.2097 -0.1296 -0.0659 0.0001 -0.0001 0.0000 -0.0000 0.0000 0.0000 0.0003 -0.0006 0.0000 0.0001 -0.0001 0.0000 -0.0000 0.0000 0.0000 -0.0000 0.0000 0.0000 0.0001 0.0007 -0.0000 0.0001 -0.0012 0.0000 0.0003 -0.0008 0.0000 -0.0000 0.0001 0.0000 -0.0000 0.0000 0.0000 -0.0000 -0.0009 0.0000 -29.9996 0.0002 0.0001 29.9996 -0.0003 0.0001 -0.0000 0.0000 0.0000 179.7485 -1.4093 0.9071 -1.1629 -5.6530 -8.2814 18.3333 73.3108 -17.7499 -0.0000 25.3510 0.0000 -179.8311 3.9859 1.0968 -0.0827 0.0001 0.0000 -16.1476 62.3727 19.6066 -0.0001 25.3508 0.0000
13.4982 96.4811 -32.0194 -1.7541 2.6032 7.4671 0.0811 0.2234 0.5366 0.0811 0.2235 0.5366 0.0813 0.2242 0.5382 -86.8207 -13.2092 88.5726 20.4168 42.5170 -26.1739 97.7508 -2.4387 -43.1956 -9.2796 -1.4544 -5.2371 0.0001 0.0000 0.0000 -0.0000 0.0000 0.0000 -0.0008 -0.0013 -0.0000 0.0001 -0.0004 0.0000 -0.0000 0.0000 0.0000 -0.0000 0.0000 0.0000 -0.0000 0.0003 0.0000 0.0003 -0.0006 0.0000 -0.0006 0.0004 0.0000 0.0001 0.0000 0.0000 -0.0000 0.0000 0.0000 -0.0002 -0.0010 -0.0000 30.0001 0.0002 -0.0001 -29.9998 0.0005 0.0002 -0.0000 0.0000 0.0000 0.7339 1.3311 -1.6442 0.7339 1.3311 -1.6442 88.2203 -18.9419 -84.5454 9.5939 64.2240 10.3369 1.7784 -5.1254 64.8872 1.1538 -0.3120 -0.0432 0.0001 -0.0001 0.0000 -0.0000 0.0000 0.0000 0.0003 -0.0006 0.0000 0.0001 -0.0001 0.0000 -0.0000 0.0000 0.0000 -0.0000 0.0000 0.0000 0.0001 0.0007 -0.0000 0.0001 -0.0012 0.0000 0.0003 -0.0008 0.0000 -0.0000 0.0001 0.0000 -0.0000 0.0000 0.0000 -0.0000 -0.0009 0.0000 -29.9997 0.0002 0.0001 29.9996 -0.0003 0.0001 -0.0000 0.0000 0.0000 179.7424 -1.3744 0.9389 -1.1602 -5.6187 -8.4080 17.8534 73.3513 -17.3398 -0.0000 25.3510 0.0000 -179.8203 4.0047 1.0496 -0.0827 -0.0163 -0.0001 -16.3453 62.4969 19.8161 -0.0001 25.3508 0.0000
13.4774 96.4829 -31.7931 -1.7499 2.7678 7.4540 0.1138 0.2223 0.5150 0.1138 0.2224 0.5150 0.1141 0.2230 0.5166 -86.5703 -13.1796 88.4820 20.8902 41.4808 -22.2024 96.7310 -0.7961 -45.3445 -8.8919 -1.0978 -5.3778 0.0001 0.0000 0.0000 -0.0000 0.0000 0.0000 -0.0008 -0.0013 -0.0000 0.0001 -0.0004 0.0000 -0.0000 0.0000 0.0000 -0.0000 0.0000 0.0000 -0.0000 0.0002 0.0000 0.0003 -0.0006 0.0000 -0.0006 0.0004 0.0000 0.0001 0.0000 0.0000 -0.0000 0.0000 0.0000 -0.0002 -0.0010 -0.0000 30.0001 0.0002 -0.0001 -29.9998 0.0005 0.0001 -0.0000 0.0000 0.0000 0.7349 1.2986 -1.6003 0.7349 1.2986 -1.6003 88.3226 -19.0606 -84.4723 10.9090 64.5373 11.0202 -1.1355 -4.8700 69.8225 1.1077 -0.4741 -0.0206 0.0001 -0.0001 0.0000 -0.0000 0.0000 0.0000 0.0003 -0.0006 0.0000 0.0001 -0.0001 0.0000 -0.0000 0.0000 0.0000 -0.0000 0.0000 0.0000 0.0001 0.0007 -0.0000 0.0001 -0.0012 0.0000 0.0003 -0.0008 0.0000 -0.0000 0.0001 0.0000 -0.0000 0.0000 0.0000 -0.0000 -0.0008 0.0000 -29.9996 0.0002 0.0001 29.9996 -0.0003 0.0001 -0.0000 0.0000 0.0000 179.7364 -1.3195 0.9220 -1.1743 -5.5989 -8.5164 17.4234 73.3793 -16.9687 -0.0000 25.3510 0.0000 -179.8141 4.0184 0.9921 -0.0827 0.0000 0.0000 -16.4828 62.6094 19.9598 -0.0001 25.3508 0.0000
13.4386 96.4868 -31.5765 -1.7342 2.9381 7.3906 0.1515 0.2320 0.4852 0.1515 0.2320 0.4852 0.1519 0.2327 0.4866 -86.3593 -13.1604 88.3439 21.3594 40.7591 -17.6430 95.1514 0.2827 -47.2264 -8.4711 -0.7030 -5.4170 0.0001 0.0000 0.0000 -0.0000 0.0000 0.0000 -0.0008 -0.0013 -0.0000 0.0001 -0.0004 0.0000 -0.0000 0.0000 0.0000 -0.0000 0.0000 0.0000 -0.0000 0.0002 0.0000 0.0003 -0.0006 0.0000 -0.0006 0.0004 0.0000 0.0001 0.0000 0.0000 -0.0000 0.0000 0.0000 -0.0002 -0.0010 -0.0000 30.0001 0.0002 -0.0001 -29.9998 0.0005 0.0002 -0.0000 0.0000 0.0000 0.7272 1.2521 -1.5627 0.7272 1.2521 -1.5627 88.4155 -19.1658 -84.4142 11.8621 64.5882 11.3007 -4.3703 -4.6509 73.9750 1.0921 -0.6186 0.0033 0.0001 -0.0001 0.0000 -0.0000 0.0000 0.0000 0.0003 -0.0006 0.0000 0.0001 -0.0001 0.0000 -0.0000 0.0000 0.0000 -0.0000 0.0000 0.0000 0.0001 0.0007 -0.0000 0.0001 -0.0012 0.0000 0.0003 -0.0008 0.0000 -0.0000 0.0001 0.0000 -0.0000 0.0000 0.0000 -0.0000 -0.0009 0.0000 -29.9996 0.0002 0.0001 29.9996 -0.0003 0.0001 -0.0000 0.0000 0.0000 179.7192 -1.2370 0.8466 -1.2066 -5.5992 -8.5819 17.1717 73.3748 -16.7566 -0.0000 25.3510 0.0000 -179.8057 4.0560 0.9198 -0.0827 0.0000 0.0000 -16.5752 62.7309 20.0379 -0.0001 25.3508 0.0000
13.3835 96.4925 -31.3758 -1.7087 3.1099 7.2878 0.1926 0.2487 0.4490 0.1926 0.2487 0.4490 0.1931 0.2495 0.4503 -86.1816 -13.1559 88.1617 21.6350 40.3614 -13.0330 93.2544 1.3802 -48.6548 -8.0372 -0.2520 -5.3773 0.0001 0.0000 0.0000 -0.0000 0.0000 0.0000 -0.0008 -0.0013 -0.0000 0.0001 -0.0004 0.0000 -0.0000 0.0000 0.0000 -0.0000 0.0000 0.0000 -0.0000 0.0002 0.0000 0.0003 -0.0006 0.0000 -0.0006 0.0004 0.0000 0.0001 0.0000 0.0000 -0.0000 0.0000 0.0000 -0.0002 -0.0010 -0.0000 30.0001 0.0002 -0.0001 -29.9998 0.0005 0.0002 -0.0000 0.0000 0.0000 0.7066 1.2019 -1.5291 0.7066 1.2019 -1.5291 88.4944 -19.2683 -84.3815 12.5499 64.4667 11.3530 -7.7992 -4.5416 77.4321 1.1038 -0.7595 0.0297 0.0001 -0.0001 0.0000 -0.0000 0.0000 0.0000 0.0003 -0.0006 0.0000 0.0001 -0.0001 0.0000 -0.0000 0.0000 0.0000 -0.0000 0.0000 0.0000 0.0001 0.0007 -0.0000 0.0001 -0.0012 0.0000 0.0003 -0.0008 0.0000 -0.0000 0.0001 0.0000 -0.0000 0.0000 0.0000 -0.0000 -0.0009 0.0000 -29.9996 0.0002 0.0001 29.9996 -0.0003 0.0001 -0.0000 0.0000 0.0000 179.6956 -1.1345 0.7382 -1.2504 -5.6264 -8.6287 17.0703 73.3490 -16.6838 -0.0000 25.3510 0.0000 -179.7946 4.1085 0.8364 -0.0827 0.0001 0.0000 -16.6261 62.8487 20.0533 -0.0001 25.3508 0.0000
13.3217 96.4993 -31.1919 -1.6729 3.2813 7.1469 0.2356 0.2706 0.4077 0.2357 0.2706 0.4077 0.2364 0.2714 0.4090 -86.0184 -13.1575 87.9498 21.6369 40.2115 -8.5945 91.0982 2.7491 -49.6524 -7.5936 0.2470 -5.2773 0.0001 0.0000 0.0000 -0.0000 0.0000 0.0000 -0.0008 -0.0013 -0.0000 0.0001 -0.0004 0.0000 -0.0000 0.0000 0.0000 -0.0000 0.0000 0.0000 -0.0000 0.0002 0.0000 0.0003 -0.0006 0.0000 -0.0006 0.0004 0.0000 0.0001 0.0000 0.0000 -0.0000 0.0000 0.0000 -0.0002 -0.0010 -0.0000 30.0001 0.0002 -0.0001 -29.9998 0.0005 0.0002 -0.0000 0.0000 0.0000 0.6735 1.1517 -1.4967 0.6735 1.1517 -1.4967 88.5669 -19.3783 -84.3732 13.0065 64.2193 11.2806 -11.4018 -4.5463 80.2730 1.1430 -0.9077 0.0609 0.0001 -0.0001 0.0000 -0.0000 0.0000 0.0000 0.0003 -0.0006 0.0000 0.0001 -0.0001 0.0000 -0.0000 0.0000 0.0000 -0.0000 0.0000 0.0000 0.0001 0.0007 -0.0000 0.0001 -0.0011 0.0000 0.0003 -0.0008 0.0000 -0.0000 0.0001 0.0000 -0.0000 0.0000 0.0000 -0.0000 -0.0009 0.0000 -29.9996 0.0002 0.0001 29.9996 -0.0003 0.0001 -0.0000 0.0000 0.0000 179.6689 -1.0177 0.6067 -1.3031 -5.6822 -8.6760 17.0632 73.3144 -16.6997 -0.0000 25.3510 0.0000 -179.7872 4.1741 0.7466 -0.0827 0.0000 0.0000 -16.6208 62.9622 19.9974 -0.0001 25.3508 0.0000
13.2629 96.5087 -31.0266 -1.6219 3.4511 6.9404 0.2801 0.2957 0.3607 0.2802 0.2957 0.3607 0.2810 0.2966 0.3617 -85.8506 -13.1579 87.7411 21.1787 40.2933 -4.7118 88.5056 4.7659 -49.9801 -7.1428 0.8149 -5.1188 0.0001 0.0000 0.0000 -0.0000 0.0000 0.0000 -0.0008 -0.0013 -0.0000 0.0001 -0.0004 0.0000 -0.0000 0.0000 0.0000 -0.0000 0.0000 0.0000 -0.0000 0.0002 0.0000 0.0003 -0.0006 0.0000 -0.0006 0.0004 0.0000 0.0001 0.0000 0.0000 -0.0000 0.0000 0.0000 -0.0002 -0.0010 -0.0000 30.0001 0.0002 -0.0001 -29.9998 0.0005 0.0002 -0.0000 0.0000 0.0000 0.6181 1.1063 -1.4626 0.6181 1.1063 -1.4626 88.6345 -19.5056 -84.4183 13.0766 63.8466 11.1816 -15.2799 -4.6604 82.2659 1.2240 -1.0698 0.1013 0.0001 -0.0001 0.0000 -0.0000 0.0000 0.0000 0.0003 -0.0006 0.0000 0.0001 -0.0001 0.0000 -0.0000 0.0000 0.0000 -0.0000 0.0000 0.0000 0.0001 0.0007 -0.0000 0.0001 -0.0012 0.0000 0.0003 -0.0008 0.0000 -0.0000 0.0001 0.0000 -0.0000 0.0000 0.0000 -0.0000 -0.0009 0.0000 -29.9996 0.0002 0.0001 29.9996 -0.0003 0.0001 -0.0000 0.0000 0.0000 179.6337 -0.8864 0.4441 -1.3608 -5.7719 -8.7355 17.1548 73.2708 -16.8139 -0.0000 25.3510 0.0000 -179.7928 4.2782 0.6513 -0.0827 -0.0487 -0.0003 -16.5145 63.0986 19.8251 -0.0001 25.3508 0.0000
13.2115 96.5179 -30.8658 -1.5609 3.6158 6.6731 0.3256 0.3217 0.3120 0.3257 0.3218 0.3120 0.3266 0.3227 0.3130 -85.6802 -13.1617 87.5639 20.4422 40.4101 -1.4324 85.7359 7.2440 -49.9231 -6.6957 1.3778 -4.9318 0.0001 0.0000 0.0000 -0.0000 0.0000 0.0000 -0.0008 -0.0013 -0.0000 0.0001 -0.0004 0.0000 -0.0000 0.0000 0.0000 -0.0000 0.0000 0.0000 -0.0000 0.0002 0.0000 0.0003 -0.0006 0.0000 -0.0006 0.0004 0.0000 0.0001 0.0000 0.0000 -0.0000 0.0000 0.0000 -0.0002 -0.0010 -0.0000 30.0001 0.0002 -0.0001 -29.9998 0.0005 0.0001 -0.0000 0.0000 0.0000 0.5475 1.0701 -1.4259 0.5475 1.0701 -1.4259 88.6902 -19.6353 -84.5068 12.8460 63.3870 11.1598 -19.3852 -4.8775 83.5618 1.3659 -1.2637 0.1570 0.0001 -0.0001 0.0000 -0.0000 0.0000 0.0000 0.0003 -0.0006 0.0000 0.0001 -0.0001 0.0000 -0.0000 0.0000 0.0000 -0.0000 0.0000 0.0000 0.0001 0.0007 -0.0000 0.0001 -0.0012 0.0000 0.0003 -0.0008 0.0000 -0.0000 0.0001 0.0000 -0.0000 0.0000 0.0000 -0.0000 -0.0009 0.0000 -29.9996 0.0002 0.0001 29.9996 -0.0003 0.0001 -0.0000 0.0000 0.0000 179.5957 -0.7547 0.2683 -1.4253 -5.8756 -8.8152 17.3038 73.2178 -16.9918 -0.0000 25.3510 0.0000 -179.8074 4.3355 0.5615 -0.0827 0.0000 0.0000 -16.2539 63.1979 19.4821 -0.0001 25.3508 0.0000
13.1639 96.5277 -30.7051 -1.4919 3.7749 6.3485 0.3735 0.3506 0.2628 0.3735 0.3507 0.2628 0.3746 0.3517 0.2636 -85.5188 -13.1634 87.3989 19.5254 40.5184 1.3759 82.7567 10.1067 -49.5469 -6.2473 1.9196 -4.7184 0.0001 0.0000 0.0000 -0.0000 0.0000 0.0000 -0.0008 -0.0013 -0.0000 0.0001 -0.0004 0.0000 -0.0000 0.0000 0.0000 -0.0000 0.0000 0.0000 -0.0000 0.0002 0.0000 0.0003 -0.0007 0.0000 -0.0006 0.0004 0.0000 0.0001 0.0000 0.0000 -0.0000 0.0000 0.0000 -0.0002 -0.0010 -0.0000 30.0001 0.0002 -0.0001 -29.9998 0.0005 0.0002 -0.0000 0.0000 0.0000 0.4640 1.0403 -1.3843 0.4640 1.0403 -1.3843 88.7314 -19.7587 -84.6097 12.4364 62.8527 11.1698 -23.6551 -5.1452 84.1724 1.5541 -1.4847 0.2307 0.0001 -0.0001 0.0000 -0.0000 0.0000 0.0000 0.0003 -0.0006 0.0000 0.0001 -0.0001 0.0000 -0.0000 0.0000 0.0000 -0.0000 0.0000 0.0000 0.0001 0.0007 -0.0000 0.0001 -0.0012 0.0000 0.0003 -0.0008 0.0000 -0.0000 0.0001 0.0000 -0.0000 0.0000 0.0000 -0.0000 -0.0008 0.0000 -29.9996 0.0002 0.0001 29.9996 -0.0003 0.0001 -0.0000 0.0000 0.0000 179.5587 -0.6276 0.0923 -1.4994 -5.9840 -8.9259 17.4815 73.1596 -17.2040 -0.0000 25.3510 0.0000 -179.8270 4.4158 0.4812 -0.0827 0.0000 0.0000 -15.8799 63.3323 19.0128 -0.0001 25.3508 0.0000
13.1167 96.5366 -30.5438 -1.4114 3.9237 5.9404 0.4210 0.3833 0.2199 0.4210 0.3833 0.2199 0.4223 0.3845 0.2206 -85.3777 -13.1405 87.2460 18.4790 40.6010 3.7153 79.3317 13.3477 -48.7455 -5.7950 2.4467 -4.4704 0.0001 0.0000 0.0000 -0.0000 0.0000 0.0000 -0.0008 -0.0013 -0.0000 0.0001 -0.0004 0.0000 -0.0000 0.0000 0.0000 -0.0000 0.0000 0.0000 -0.0000 0.0002 0.0000 0.0003 -0.0006 0.0000 -0.0006 0.0004 0.0000 0.0001 0.0000 0.0000 -0.0000 0.0000 0.0000 -0.0002 -0.0010 -0.0000 30.0001 0.0002 -0.0001 -29.9998 0.0005 0.0002 -0.0000 0.0000 0.0000 0.3711 1.0223 -1.3409 0.3711 1.0223 -1.3409 88.7515 -19.8795 -84.7129 11.8685 62.2062 11.1568 -28.0961 -5.3671 83.7605 1.8082 -1.7219 0.3293 0.0001 -0.0001 0.0000 -0.0000 0.0000 0.0000 0.0003 -0.0006 0.0000 0.0001 -0.0001 0.0000 -0.0000 0.0000 0.0000 -0.0000 0.0000 0.0000 0.0001 0.0007 -0.0000 0.0001 -0.0012 0.0000 0.0003 -0.0008 0.0000 -0.0000 0.0001 0.0000 -0.0000 0.0000 0.0000 -0.0000 -0.0009 0.0000 -29.9997 0.0002 0.0001 29.9996 -0.0003 0.0001 -0.0000 0.0000 0.0000 179.5148 -0.5171 -0.0651 -1.5769 -6.0917 -9.0932 17.6834 73.0959 -17.4526 -0.0000 25.3510 0.0000 -179.8497 4.4921 0.4077 -0.0827 0.0001 0.0000 -15.3376 63.4799 18.3525 -0.0001 25.3508 0.0000
13.0684 96.5465 -30.3839 -1.3185 4.0638 5.4717 0.4620 0.4181 0.1854 0.4620 0.4181 0.1855 0.4634 0.4194 0.1860 -85.2479 -13.0919 87.1178 17.1551 41.0706 6.4948 75.5729 16.4809 -47.6786 -4.9397 2.6400 -3.8593 0.0001 0.0000 0.0000 -0.0000 0.0000 0.0000 -0.0008 -0.0013 -0.0000 0.0001 -0.0004 0.0000 -0.0000 0.0000 0.0000 -0.0000 0.0000 0.0000 -0.0000 0.0003 0.0000 0.0003 -0.0006 0.0000 -0.0006 0.0004 0.0000 0.0001 0.0000 0.0000 -0.0000 0.0000 0.0000 -0.0002 -0.0010 -0.0000 30.0001 0.0002 -0.0001 -29.9998 0.0005 0.0002 -0.0000 0.0000 0.0000 0.2841 1.0093 -1.2973 0.2841 1.0093 -1.2973 88.7591 -20.0015 -84.8127 11.1873 61.4519 11.1248 -32.6169 -5.4989 82.6590 2.1260 -1.9712 0.4572 0.0001 -0.0001 0.0000 -0.0000 0.0000 0.0000 0.0003 -0.0006 0.0000 0.0001 -0.0001 0.0000 -0.0000 0.0000 0.0000 -0.0000 0.0000 0.0000 0.0001 0.0007 -0.0000 0.0001 -0.0012 0.0000 0.0003 -0.0008 0.0000 -0.0000 0.0001 0.0000 -0.0000 0.0000 0.0000 -0.0000 -0.0009 0.0000 -29.9996 0.0002 0.0001 29.9996 -0.0003 0.0001 -0.0000 0.0000 0.0000 179.4502 -0.4301 -0.1936 -1.6451 -6.1830 -9.3043 17.9112 73.0258 -17.7374 -0.0000 25.3510 0.0000 -179.8773 4.5659 0.3300 -0.0827 0.0001 0.0000 -14.6930 63.6299 17.5753 -0.0001 25.3508 0.0000
13.0223 96.5575 -30.2294 -1.2129 4.1965 4.9558 0.4952 0.4544 0.1562 0.4952 0.4545 0.1562 0.4967 0.4558 0.1566 -85.1452 -13.0406 87.0092 15.7971 41.6192 9.3431 71.5636 19.3303 -46.3902 -4.0440 2.6481 -3.1883 0.0001 0.0000 0.0000 -0.0000 0.0000 0.0000 -0.0008 -0.0013 -0.0000 0.0001 -0.0004 0.0000 -0.0000 0.0000 0.0000 -0.0000 0.0000 0.0000 -0.0001 0.0002 0.0000 0.0003 -0.0006 0.0000 -0.0006 0.0004 0.0000 0.0001 0.0000 0.0000 -0.0000 0.0000 0.0000 -0.0002 -0.0010 -0.0000 30.0001 0.0002 -0.0001 -29.9998 0.0005 0.0002 -0.0000 0.0000 0.0000 0.2062 0.9934 -1.2485 0.2062 0.9934 -1.2485 88.7549 -20.1145 -84.9110 10.4297 60.6025 11.0784 -37.1946 -5.5100 81.0834 2.5075 -2.2280 0.6197 0.0001 -0.0001 0.0000 -0.0000 0.0000 0.0000 0.0003 -0.0006 0.0000 0.0001 -0.0001 0.0000 -0.0000 0.0000 0.0000 -0.0000 0.0000 0.0000 0.0001 0.0007 -0.0000 0.0001 -0.0011 0.0000 0.0003 -0.0008 0.0000 -0.0000 0.0001 0.0000 -0.0000 0.0000 0.0000 -0.0000 -0.0009 0.0000 -29.9996 0.0002 0.0001 29.9996 -0.0003 0.0001 -0.0000 0.0000 0.0000 179.3682 -0.3671 -0.2932 -1.7064 -6.2529 -9.5484 18.1583 72.9488 -18.0515 -0.0000 25.3510 0.0000 -179.9143 4.6398 0.2488 -0.0827 0.0000 0.0000 -13.9691 63.7770 16.7088 -0.0001 25.3508 0.0000
12.9716 96.5701 -30.0899 -1.0875 4.3196 4.3828 0.5201 0.4950 0.1267 0.5202 0.4951 0.1268 0.5217 0.4966 0.1272 -85.0741 -12.9909 86.9218 14.5074 42.1019 11.9507 67.2131 21.7930 -44.7302 -3.2866 2.6117 -2.6072 0.0001 0.0000 0.0000 -0.0000 0.0000 0.0000 -0.0008 -0.0013 -0.0000 0.0001 -0.0004 0.0000 -0.0000 0.0000 0.0000 -0.0000 0.0000 0.0000 -0.0000 0.0003 0.0000 0.0003 -0.0006 0.0000 -0.0006 0.0004 0.0000 0.0001 0.0000 0.0000 -0.0000 0.0000 0.0000 -0.0002 -0.0010 -0.0000 30.0001 0.0002 -0.0001 -29.9998 0.0005 0.0002 -0.0000 0.0000 0.0000 0.1375 0.9570 -1.1781 0.1375 0.9570 -1.1781 88.7207 -20.1854 -84.9918 9.5684 59.6577 11.0709 -41.8033 -5.3144 78.9729 2.9659 -2.4790 0.8248 0.0001 -0.0001 0.0000 -0.0000 0.0000 0.0000 0.0003 -0.0006 0.0000 0.0001 -0.0001 0.0000 -0.0000 0.0000 0.0000 -0.0000 0.0000 0.0000 0.0001 0.0007 -0.0000 0.0001 -0.0012 0.0000 0.0003 -0.0008 0.0000 -0.0000 0.0001 0.0000 -0.0000 0.0000 0.0000 -0.0000 -0.0009 0.0000 -29.9996 0.0002 0.0001 29.9996 -0.0003 0.0001 -0.0000 0.0000 0.0000 179.2593 -0.3406 -0.3436 -1.7567 -6.2910 -9.8388 18.4262 72.8726 -18.3999 -0.0000 25.3510 0.0000 -179.9625 4.7192 0.1602 -0.0827 0.0001 0.0000 -13.1692 63.9127 15.7485 -0.0001 25.3508 0.0000
12.9028 96.5845 -29.9698 -0.9484 4.4352 3.7754 0.5386 0.5369 0.0991 0.5387 0.5370 0.0991 0.5402 0.5386 0.0993 -85.0253 -12.9455 86.8717 13.2867 42.5482 14.1896 62.3793 24.1815 -42.5855 -2.6275 2.5400 -2.0957 0.0001 0.0000 0.0000 -0.0000 0.0000 0.0000 -0.0008 -0.0013 -0.0000 0.0001 -0.0004 0.0000 -0.0000 0.0000 0.0000 -0.0000 0.0000 0.0000 -0.0000 0.0002 0.0000 0.0003 -0.0006 0.0000 -0.0006 0.0004 0.0000 0.0001 0.0000 0.0000 -0.0000 0.0000 0.0000 -0.0002 -0.0010 -0.0000 30.0001 0.0002 -0.0001 -29.9998 0.0005 0.0002 -0.0000 0.0000 0.0000 0.0803 0.9011 -1.0945 0.0803 0.9011 -1.0945 88.6579 -20.2230 -85.0587 8.6397 58.6048 11.1036 -46.4149 -4.9154 76.6795 3.4943 -2.7235 1.0785 0.0001 -0.0001 0.0000 -0.0000 0.0000 0.0000 0.0003 -0.0006 0.0000 0.0001 -0.0001 0.0000 -0.0000 0.0000 0.0000 -0.0000 0.0000 0.0000 0.0001 0.0007 -0.0000 0.0001 -0.0012 0.0000 0.0003 -0.0008 0.0000 -0.0000 0.0001 0.0000 -0.0000 0.0000 0.0000 -0.0000 -0.0009 0.0000 -29.9996 0.0002 0.0001 29.9996 -0.0003 0.0001 -0.0000 0.0000 0.0000 179.1318 -0.3392 -0.3680 -1.7973 -6.3107 -10.1468 18.7064 72.7958 -18.7730 -0.0000 25.3510 0.0000 179.9905 4.9031 0.0540 -0.0827 -0.1899 -0.0010 -12.3936 64.1206 14.8024 -0.0001 25.3508 0.0000
12.8102 96.6001 -29.8666 -0.7996 4.5462 3.1462 0.5511 0.5781 0.0737 0.5511 0.5782 0.0737 0.5527 0.5799 0.0740 -84.9920 -12.9033 86.8614 12.1524 42.9736 15.9802 57.2585 26.3375 -40.0939 -2.0891 2.4449 -1.6716 0.0001 0.0000 0.0000 -0.0000 0.0000 0.0000 -0.0008 -0.0013 -0.0000 0.0001 -0.0004 0.0000 -0.0000 0.0000 0.0000 -0.0000 0.0000 0.0000 -0.0000 0.0002 0.0000 0.0003 -0.0006 0.0000 -0.0006 0.0004 0.0000 0.0001 0.0000 0.0000 -0.0000 0.0000 0.0000 -0.0002 -0.0010 -0.0000 30.0001 0.0002 -0.0001 -29.9998 0.0005 0.0002 -0.0000 0.0000 0.0000 0.0329 0.8322 -1.0038 0.0329 0.8322 -1.0038 88.5735 -20.2317 -85.1159 7.6361 57.4572 11.2113 -51.0056 -4.3674 74.3331 4.0899 -2.9566 1.3856 0.0001 -0.0001 0.0000 -0.0000 0.0000 0.0000 0.0003 -0.0006 0.0000 0.0001 -0.0001 0.0000 -0.0000 0.0000 0.0000 -0.0000 0.0000 0.0000 0.0001 0.0007 -0.0000 0.0001 -0.0012 0.0000 0.0003 -0.0008 0.0000 -0.0000 0.0001 0.0000 -0.0000 0.0000 0.0000 -0.0000 -0.0009 0.0000 -29.9996 0.0002 0.0001 29.9996 -0.0003 0.0001 -0.0000 0.0000 0.0000 178.9958 -0.3537 -0.3891 -1.8358 -6.3161 -10.4529 18.9958 72.7180 -19.1640 -0.0000 25.3510 0.0000 179.9527 5.1257 -0.0780 -0.0827 -0.4375 -0.0023 -11.6420 64.3366 13.8697 -0.0001 25.3508 0.0000
12.6903 96.6173 -29.7866 -0.6399 4.6525 2.5038 0.5564 0.6185 0.0426 0.5564 0.6186 0.0426 0.5581 0.6204 0.0427 -84.9871 -12.8912 86.8887 11.0683 43.4117 17.2066 51.7523 28.2197 -37.2350 -1.6616 2.3365 -1.3232 0.0001 0.0000 0.0000 -0.0000 0.0000 0.0000 -0.0008 -0.0013 -0.0000 0.0001 -0.0004 0.0000 -0.0000 0.0000 0.0000 -0.0000 0.0000 0.0000 -0.0000 0.0002 0.0000 0.0003 -0.0006 0.0000 -0.0006 0.0004 0.0000 0.0001 0.0000 0.0000 -0.0000 0.0000 0.0000 -0.0002 -0.0010 -0.0000 30.0001 0.0002 -0.0001 -29.9998 0.0005 0.0002 -0.0000 0.0000 0.0000 -0.0062 0.7583 -0.8982 -0.0062 0.7583 -0.8982 88.4619 -20.1756 -85.1537 6.4904 56.2231 11.5166 -55.5318 -3.6829 71.9405 4.7583 -3.1733 1.7516 0.0001 -0.0001 0.0000 -0.0000 0.0000 0.0000 0.0003 -0.0006 0.0000 0.0001 -0.0001 0.0000 -0.0000 0.0000 0.0000 -0.0000 0.0000 0.0000 0.0001 0.0007 -0.0000 0.0001 -0.0012 0.0000 0.0003 -0.0008 0.0000 -0.0000 0.0001 0.0000 -0.0000 0.0000 0.0000 -0.0000 -0.0008 0.0000 -29.9996 0.0002 0.0001 29.9996 -0.0003 0.0001 -0.0000 0.0000 0.0000 178.8626 -0.3912 -0.4320 -1.8847 -6.3003 -10.7441 19.2506 72.6423 -19.5263 -0.0000 25.3511 0.0000 179.9238 5.2931 -0.2569 -0.0827 -0.5481 -0.0029 -10.9160 64.4613 12.9577 -0.0001 25.3508 0.0000
12.5712 96.6351 -29.7239 -0.4719 4.7551 1.8684 0.5577 0.6547 0.0063 0.5577 0.6547 0.0063 0.5594 0.6567 0.0064 -85.0067 -12.8899 86.9428 10.0108 43.8500 18.0146 45.8649 29.7679 -34.1165 -1.3226 2.2253 -1.0360 0.0001 0.0000 0.0000 -0.0000 0.0000 0.0000 -0.0008 -0.0013 -0.0000 0.0001 -0.0004 0.0000 -0.0000 0.0000 0.0000 -0.0000 0.0000 0.0000 -0.0000 0.0002 0.0000 0.0003 -0.0006 0.0000 -0.0006 0.0004 0.0000 0.0001 0.0000 0.0000 -0.0000 0.0000 0.0000 -0.0002 -0.0010 -0.0000 30.0001 0.0002 -0.0001 -29.9998 0.0005 0.0001 -0.0000 0.0000 0.0000 -0.0424 0.7051 -0.7919 -0.0424 0.7051 -0.7919 88.3265 -20.0814 -85.1833 5.1623 54.9576 12.1379 -59.9519 -2.7895 69.5287 5.4860 -3.3641 2.1747 0.0001 -0.0001 0.0000 -0.0000 0.0000 0.0000 0.0003 -0.0006 0.0000 0.0001 -0.0001 0.0000 -0.0000 0.0000 0.0000 -0.0000 0.0000 0.0000 0.0001 0.0007 -0.0000 0.0001 -0.0012 0.0000 0.0003 -0.0008 0.0000 -0.0000 0.0001 0.0000 -0.0000 0.0000 0.0000 -0.0000 -0.0009 0.0000 -29.9996 0.0002 0.0001 29.9996 -0.0003 0.0001 -0.0000 0.0000 0.0000 178.7328 -0.4456 -0.4907 -1.9451 -6.2703 -11.0256 19.4692 72.5698 -19.8528 -0.0000 25.3510 0.0000 179.8854 5.3196 -0.4703 -0.0827 -0.3619 -0.0018 -10.1789 64.4226 12.0520 -0.0001 25.3508 0.0000
12.4660 96.6537 -29.6732 -0.2981 4.8534 1.2462 0.5552 0.6856 -0.0325 0.5552 0.6857 -0.0325 0.5569 0.6877 -0.0327 -85.0443 -12.8889 87.0209 8.9866 44.2623 18.4969 39.6830 30.9258 -30.8761 -1.0566 2.1216 -0.8006 0.0001 0.0000 0.0000 -0.0000 0.0000 0.0000 -0.0008 -0.0013 -0.0000 0.0001 -0.0004 0.0000 -0.0000 0.0000 0.0000 -0.0000 0.0000 0.0000 -0.0000 0.0002 0.0000 0.0003 -0.0006 0.0000 -0.0006 0.0004 0.0000 0.0001 0.0000 0.0000 -0.0000 0.0000 0.0000 -0.0002 -0.0010 -0.0000 30.0001 0.0002 -0.0001 -29.9998 0.0005 0.0002 -0.0000 0.0000 0.0000 -0.0756 0.6782 -0.6916 -0.0756 0.6782 -0.6916 88.1723 -19.9637 -85.2086 3.7120 53.6598 13.0130 -64.2654 -1.6498 67.1731 6.2600 -3.5149 2.6562 0.0001 -0.0001 0.0000 -0.0000 0.0000 0.0000 0.0003 -0.0006 0.0000 0.0001 -0.0001 0.0000 -0.0000 0.0000 0.0000 -0.0000 0.0000 0.0000 0.0001 0.0007 -0.0000 0.0001 -0.0012 0.0000 0.0003 -0.0008 0.0000 -0.0000 0.0001 0.0000 -0.0000 0.0000 0.0000 -0.0000 -0.0008 0.0000 -29.9996 0.0002 0.0001 29.9996 -0.0003 0.0001 -0.0000 0.0000 0.0000 178.6030 -0.5094 -0.5543 -2.0152 -6.2311 -11.3054 19.6685 72.4966 -20.1570 -0.0000 25.3510 0.0000 179.8304 5.3153 -0.7071 -0.0827 -0.1085 -0.0006 -9.4661 64.3362 11.2023 -0.0001 25.3508 0.0000
12.3870 96.6745 -29.6194 -0.1206 4.9468 0.6523 0.5455 0.7089 -0.0720 0.5455 0.7090 -0.0720 0.5471 0.7111 -0.0723 -85.1007 -12.8821 87.1223 7.9819 44.6227 18.6615 33.2746 31.5612 -27.7196 -0.8588 2.0358 -0.6089 0.0001 0.0000 0.0000 -0.0000 0.0000 0.0000 -0.0008 -0.0013 -0.0000 0.0001 -0.0004 0.0000 -0.0000 0.0000 0.0000 -0.0000 0.0000 0.0000 -0.0000 0.0002 0.0000 0.0003 -0.0006 0.0000 -0.0006 0.0004 0.0000 0.0001 0.0000 0.0000 -0.0000 0.0000 0.0000 -0.0002 -0.0010 -0.0000 30.0001 0.0002 -0.0001 -29.9998 0.0005 0.0002 -0.0000 0.0000 0.0000 -0.1048 0.6911 -0.6081 -0.1048 0.6911 -0.6081 87.9972 -19.8210 -85.2306 2.6009 52.5673 13.6930 -68.4331 -0.1902 64.9303 6.7413 -3.4000 3.0526 0.0001 -0.0001 0.0000 -0.0000 0.0000 0.0000 0.0003 -0.0006 0.0000 0.0001 -0.0001 0.0000 -0.0000 0.0000 0.0000 -0.0000 0.0000 0.0000 0.0001 0.0007 -0.0000 0.0001 -0.0012 0.0000 0.0003 -0.0008 0.0000 -0.0000 0.0001 0.0000 -0.0000 0.0000 0.0000 -0.0000 -0.0009 0.0000 -29.9997 0.0002 0.0001 29.9996 -0.0003 0.0001 -0.0000 0.0000 0.0000 178.4800 -0.5797 -0.6180 -2.1001 -6.1872 -11.5960 19.8305 72.4256 -20.4193 -0.0000 25.3511 0.0000 179.7565 5.5084 -0.9641 -0.0827 -0.2536 -0.0014 -8.8690 64.4337 10.5220 -0.0001 25.3508 0.0000
12.3206 96.6946 -29.5333 0.0575 5.0343 0.0880 0.5280 0.7281 -0.1106 0.5281 0.7282 -0.1106 0.5296 0.7303 -0.1109 -85.1573 -12.8704 87.2354 7.0163 44.8995 18.6983 26.9528 31.6426 -24.9431 -0.7156 1.9760 -0.4537 0.0001 0.0000 0.0000 -0.0000 0.0000 0.0000 -0.0008 -0.0013 -0.0000 0.0001 -0.0004 0.0000 -0.0000 0.0000 0.0000 -0.0000 0.0000 0.0000 -0.0000 0.0002 0.0000 0.0003 -0.0006 0.0000 -0.0006 0.0004 0.0000 0.0001 0.0000 0.0000 -0.0000 0.0000 0.0000 -0.0002 -0.0010 -0.0000 30.0001 0.0003 -0.0002 -29.9998 0.0005 0.0002 -0.0000 0.0000 0.0000 -0.1302 0.7234 -0.5315 -0.1302 0.7234 -0.5315 87.8135 -19.6677 -85.2389 1.5651 51.5997 14.4397 -72.4427 1.5620 62.8825 7.0469 -3.1764 3.3935 0.0001 -0.0001 0.0000 -0.0000 0.0000 0.0000 0.0003 -0.0006 0.0000 0.0001 -0.0001 0.0000 -0.0000 0.0000 0.0000 -0.0000 0.0000 0.0000 0.0001 0.0007 -0.0000 0.0001 -0.0012 0.0000 0.0003 -0.0008 0.0000 -0.0000 0.0001 0.0000 -0.0000 0.0000 0.0000 -0.0000 -0.0008 0.0000 -29.9996 0.0002 0.0001 29.9996 -0.0003 0.0001 -0.0000 0.0000 0.0000 178.3617 -0.6580 -0.6787 -2.1887 -6.1427 -11.9093 19.9166 72.3675 -20.6032 -0.0000 25.3510 0.0000 179.6791 5.8104 -1.2238 -0.0827 -0.6374 -0.0034 -8.3527 64.6476 9.9457 -0.0001 25.3508 0.0000
12.2576 96.7134 -29.4215 0.2370 5.1160 -0.4488 0.5040 0.7449 -0.1454 0.5042 0.7450 -0.1455 0.5056 0.7471 -0.1460 -85.2109 -12.8478 87.3534 6.0934 45.1028 18.6784 20.8095 31.2285 -22.6623 -0.6135 1.9421 -0.3239 0.0001 0.0000 0.0000 -0.0000 0.0000 0.0000 -0.0008 -0.0013 -0.0000 0.0001 -0.0004 0.0000 -0.0000 0.0000 0.0000 -0.0000 0.0000 0.0000 -0.0000 0.0002 0.0000 0.0003 -0.0006 0.0000 -0.0006 0.0004 0.0000 0.0001 0.0000 0.0000 -0.0000 0.0000 0.0000 -0.0002 -0.0010 -0.0000 30.0001 0.0002 -0.0001 -29.9998 0.0005 0.0002 -0.0000 0.0000 0.0000 -0.1481 0.7658 -0.4683 -0.1481 0.7658 -0.4683 87.6230 -19.5137 -85.2313 0.4079 50.6513 15.4124 -76.3242 3.5599 61.0864 7.3127 -2.9533 3.7315 0.0001 -0.0001 0.0000 -0.0000 0.0000 0.0000 0.0003 -0.0006 0.0000 0.0001 -0.0001 0.0000 -0.0000 0.0000 0.0000 -0.0000 0.0000 0.0000 0.0001 0.0007 -0.0000 0.0001 -0.0011 0.0000 0.0003 -0.0008 0.0000 -0.0000 0.0001 0.0000 -0.0000 0.0000 0.0000 -0.0000 -0.0008 0.0000 -29.9997 0.0002 0.0001 29.9996 -0.0003 0.0001 -0.0000 0.0000 0.0000 178.2400 -0.7445 -0.7294 -2.2719 -6.0949 -12.2452 19.9305 72.3228 -20.7133 -0.0000 25.3510 0.0000 179.6014 6.1366 -1.4718 -0.0828 -1.0927 -0.0059 -7.8664 64.8986 9.4059 -0.0001 25.3508 0.0000
12.1934 96.7293 -29.2867 0.4167 5.1919 -0.9466 0.4725 0.7591 -0.1689 0.4726 0.7592 -0.1689 0.4740 0.7614 -0.1694 -85.2500 -12.8096 87.4918 5.2959 45.2185 18.5445 14.9525 30.3519 -21.1697 -0.5535 1.9376 -0.2130 0.0001 0.0000 0.0000 -0.0000 0.0000 0.0000 -0.0008 -0.0013 -0.0000 0.0001 -0.0004 0.0000 -0.0000 0.0000 0.0000 -0.0000 0.0000 0.0000 -0.0001 0.0002 0.0000 0.0003 -0.0006 0.0000 -0.0006 0.0004 0.0000 0.0001 0.0000 0.0000 -0.0000 0.0000 0.0000 -0.0002 -0.0010 -0.0000 30.0001 0.0002 -0.0001 -29.9998 0.0005 0.0002 -0.0000 0.0000 0.0000 -0.1550 0.8099 -0.4357 -0.1550 0.8099 -0.4357 87.4147 -19.3675 -85.2178 -0.9388 49.7304 16.5972 -80.0313 5.7372 59.5999 7.5384 -2.7399 4.0595 0.0001 -0.0001 0.0000 -0.0000 0.0000 0.0000 0.0003 -0.0006 0.0000 0.0001 -0.0001 0.0000 -0.0000 0.0000 0.0000 -0.0000 0.0000 0.0000 0.0001 0.0007 -0.0000 0.0001 -0.0012 0.0000 0.0003 -0.0008 0.0000 -0.0000 0.0001 0.0000 -0.0000 0.0000 0.0000 -0.0000 -0.0008 0.0000 -29.9997 0.0002 0.0001 29.9996 -0.0003 0.0001 -0.0000 0.0000 0.0000 178.1121 -0.8377 -0.7642 -2.3445 -6.0405 -12.5920 19.8910 72.2881 -20.7663 -0.0000 25.3510 0.0000 179.5267 6.3798 -1.6922 -0.0829 -1.4024 -0.0077 -7.3757 65.0776 8.8514 -0.0001 25.3508 0.0000
12.1187 96.7455 -29.1584 0.5941 5.2662 -1.4125 0.4357 0.7709 -0.1814 0.4358 0.7710 -0.1814 0.4370 0.7733 -0.1819 -85.2794 -12.7618 87.6415 4.6315 45.2811 18.3024 9.3591 29.1929 -20.3830 -0.5242 1.9569 -0.1120 0.0001 0.0000 0.0000 -0.0000 0.0000 0.0000 -0.0008 -0.0013 -0.0000 0.0001 -0.0004 0.0000 -0.0000 0.0000 0.0000 -0.0000 0.0000 0.0000 -0.0000 0.0003 0.0000 0.0003 -0.0006 0.0000 -0.0006 0.0004 0.0000 0.0001 0.0000 0.0000 -0.0000 0.0000 0.0000 -0.0002 -0.0010 -0.0000 30.0001 0.0002 -0.0001 -29.9998 0.0005 0.0002 -0.0000 0.0000 0.0000 -0.1551 0.8477 -0.4241 -0.1551 0.8477 -0.4241 87.1880 -19.2268 -85.2141 -2.4098 48.8322 17.8186 -83.5829 7.8897 58.3558 7.7300 -2.5286 4.3718 0.0001 -0.0001 0.0000 -0.0000 0.0000 0.0000 0.0003 -0.0006 0.0000 0.0001 -0.0001 0.0000 -0.0000 0.0000 0.0000 -0.0000 0.0000 0.0000 0.0001 0.0007 -0.0000 0.0001 -0.0012 0.0000 0.0003 -0.0008 0.0000 -0.0000 0.0001 0.0000 -0.0000 0.0000 0.0000 -0.0000 -0.0009 0.0000 -29.9996 0.0002 0.0001 29.9996 -0.0003 0.0001 -0.0000 0.0000 0.0000 177.9849 -0.9296 -0.7939 -2.4119 -5.9820 -12.9180 19.8636 72.2557 -20.8277 -0.0000 25.3510 0.0000 179.4711 6.6256 -1.9170 -0.0828 -1.7109 -0.0094 -6.9569 65.2454 8.3537 -0.0001 25.3508 0.0000
12.0378 96.7612 -29.0336 0.7698 5.3391 -1.8478 0.3937 0.7796 -0.1837 0.3938 0.7797 -0.1837 0.3949 0.7820 -0.1843 -85.3014 -12.7041 87.7760 4.0640 45.2954 18.0056 4.0242 27.8590 -20.3176 -0.5213 2.0058 -0.0150 0.0001 0.0000 0.0000 -0.0000 0.0000 0.0000 -0.0008 -0.0013 -0.0000 0.0001 -0.0004 0.0000 -0.0000 0.0000 0.0000 -0.0000 0.0000 0.0000 -0.0000 0.0002 0.0000 0.0003 -0.0006 0.0000 -0.0006 0.0004 0.0000 0.0001 0.0000 0.0000 -0.0000 0.0000 0.0000 -0.0002 -0.0010 -0.0000 30.0001 0.0002 -0.0001 -29.9998 0.0005 0.0002 -0.0000 0.0000 0.0000 -0.1491 0.8816 -0.4298 -0.1491 0.8816 -0.4298 86.9513 -19.0969 -85.2195 -3.9273 47.9481 19.0061 -87.0302 9.9741 57.2847 7.8867 -2.3013 4.6691 0.0001 -0.0001 0.0000 -0.0000 0.0000 0.0000 0.0003 -0.0006 0.0000 0.0001 -0.0001 0.0000 -0.0000 0.0000 0.0000 -0.0000 0.0000 0.0000 0.0001 0.0007 -0.0000 0.0001 -0.0011 0.0000 0.0003 -0.0008 0.0000 -0.0000 0.0001 0.0000 -0.0000 0.0000 0.0000 -0.0000 -0.0008 0.0000 -29.9996 0.0002 0.0001 29.9996 -0.0003 0.0001 -0.0000 0.0000 0.0000 177.8596 -1.0187 -0.8221 -2.4747 -5.9219 -13.2160 19.8581 72.2238 -20.9080 -0.0000 25.3510 0.0000 179.4276 6.8849 -2.1546 -0.0829 -2.0363 -0.0107 -6.6172 65.4115 7.9320 -0.0001 25.3508 0.0000
11.9550 96.7763 -28.9122 0.9427 5.4117 -2.2331 0.3485 0.7836 -0.1783 0.3485 0.7837 -0.1783 0.3496 0.7860 -0.1788 -85.3270 -12.6520 87.8604 3.5534 45.2731 17.6739 -0.8683 26.4029 -21.3844 -0.5651 2.0582 0.0766 0.0001 0.0000 0.0000 -0.0000 0.0000 0.0000 -0.0008 -0.0013 -0.0000 0.0001 -0.0004 0.0000 -0.0000 0.0000 0.0000 -0.0000 0.0000 0.0000 -0.0000 0.0002 0.0000 0.0003 -0.0006 0.0000 -0.0006 0.0004 0.0000 0.0001 0.0000 0.0000 -0.0000 0.0000 0.0000 -0.0002 -0.0010 -0.0000 30.0001 0.0002 -0.0001 -29.9998 0.0005 0.0002 -0.0000 0.0000 0.0000 -0.1442 0.9136 -0.4515 -0.1442 0.9136 -0.4515 86.7068 -18.9790 -85.2518 -5.4867 47.0823 20.1774 -90.3112 11.9564 56.3093 7.9980 -2.0201 4.9498 0.0001 -0.0001 0.0000 -0.0000 0.0000 0.0000 0.0003 -0.0006 0.0000 0.0001 -0.0001 0.0000 -0.0000 0.0000 0.0000 -0.0000 0.0000 0.0000 0.0001 0.0007 -0.0000 0.0001 -0.0012 0.0000 0.0003 -0.0008 0.0000 -0.0000 0.0001 0.0000 -0.0000 0.0000 0.0000 -0.0000 -0.0009 0.0000 -29.9996 0.0002 0.0001 29.9996 -0.0003 0.0001 -0.0000 0.0000 0.0000 177.7366 -1.0998 -0.8407 -2.5301 -5.8636 -13.4749 19.8858 72.1904 -21.0153 -0.0000 25.3510 0.0000 179.3809 7.1541 -2.4047 -0.0829 -2.3772 -0.0122 -6.3699 65.5789 7.6247 -0.0001 25.3508 0.0000
11.8781 96.7905 -28.7911 1.1086 5.4877 -2.5784 0.3084 0.7844 -0.1722 0.3084 0.7845 -0.1722 0.3093 0.7868 -0.1727 -85.3642 -12.6158 87.9198 3.0459 45.3014 17.1159 -5.4223 24.8846 -23.3869 -0.6551 2.0929 0.1634 0.0001 0.0000 0.0000 -0.0000 0.0000 0.0000 -0.0008 -0.0013 -0.0000 0.0001 -0.0004 0.0000 -0.0000 0.0000 0.0000 -0.0000 0.0000 0.0000 -0.0000 0.0002 0.0000 0.0003 -0.0006 0.0000 -0.0006 0.0004 0.0000 0.0001 0.0000 0.0000 -0.0000 0.0000 0.0000 -0.0002 -0.0010 -0.0000 30.0001 0.0002 -0.0001 -29.9998 0.0005 0.0002 -0.0000 0.0000 0.0000 -0.1545 0.9426 -0.4796 -0.1545 0.9426 -0.4796 86.4521 -18.8598 -85.3120 -7.1274 46.2432 21.3809 -93.4406 13.8965 55.4410 8.0728 -1.7272 5.2062 0.0001 -0.0001 0.0000 -0.0000 0.0000 0.0000 0.0003 -0.0006 0.0000 0.0001 -0.0001 0.0000 -0.0000 0.0000 0.0000 -0.0000 0.0000 0.0000 0.0001 0.0007 -0.0000 0.0001 -0.0012 0.0000 0.0003 -0.0008 0.0000 -0.0000 0.0001 0.0000 -0.0000 0.0000 0.0000 -0.0000 -0.0009 0.0000 -29.9997 0.0002 0.0001 29.9996 -0.0003 0.0001 -0.0000 0.0000 0.0000 177.6212 -1.1639 -0.8587 -2.5791 -5.8150 -13.6960 19.9423 72.1565 -21.1462 -0.0000 25.3510 0.0000 179.3178 7.3993 -2.6514 -0.0831 -2.6730 -0.0144 -6.1426 65.7283 7.3751 -0.0001 25.3508 0.0000
11.8037 96.8052 -28.6717 1.2630 5.5690 -2.8895 0.2745 0.7817 -0.1669 0.2745 0.7818 -0.1669 0.2753 0.7841 -0.1674 -85.4080 -12.5885 87.9739 2.5330 45.4246 16.1720 -9.7407 23.3376 -26.1626 -0.7876 2.0929 0.2450 0.0001 0.0000 0.0000 -0.0000 0.0000 0.0000 -0.0008 -0.0013 -0.0000 0.0001 -0.0004 0.0000 -0.0000 0.0000 0.0000 -0.0000 0.0000 0.0000 -0.0000 0.0002 0.0000 0.0003 -0.0006 0.0000 -0.0006 0.0004 0.0000 0.0001 0.0000 0.0000 -0.0000 0.0000 0.0000 -0.0002 -0.0010 -0.0000 30.0001 0.0002 -0.0001 -29.9998 0.0005 0.0002 -0.0000 0.0000 0.0000 -0.1814 0.9625 -0.4979 -0.1814 0.9625 -0.4979 86.1839 -18.7433 -85.3952 -8.8082 45.4029 22.5699 -96.4416 15.8211 54.7814 8.1067 -1.4326 5.4408 0.0001 -0.0001 0.0000 -0.0000 0.0000 0.0000 0.0003 -0.0006 0.0000 0.0001 -0.0001 0.0000 -0.0000 0.0000 0.0000 -0.0000 0.0000 0.0000 0.0001 0.0007 -0.0000 0.0001 -0.0012 0.0000 0.0003 -0.0008 0.0000 -0.0000 0.0001 0.0000 -0.0000 0.0000 0.0000 -0.0000 -0.0009 0.0000 -29.9996 0.0002 0.0001 29.9996 -0.0003 0.0001 -0.0000 0.0000 0.0000 177.5190 -1.2142 -0.8673 -2.6242 -5.7707 -13.8938 20.0222 72.1219 -21.2981 -0.0000 25.3510 0.0000 179.2536 7.6239 -2.8934 -0.0831 -2.9337 -0.0162 -5.9358 65.8678 7.1718 -0.0001 25.3508 0.0000
11.7247 96.8199 -28.5488 1.4011 5.6583 -3.1466 0.2460 0.7757 -0.1668 0.2460 0.7758 -0.1668 0.2468 0.7781 -0.1673 -85.4660 -12.5688 88.0052 1.9739 45.7309 14.3499 -13.7697 21.6389 -29.7882 -0.9750 2.0253 0.3132 0.0001 0.0000 0.0000 -0.0000 0.0000 0.0000 -0.0008 -0.0013 -0.0000 0.0001 -0.0004 0.0000 -0.0000 0.0000 0.0000 -0.0000 0.0000 0.0000 -0.0000 0.0002 0.0000 0.0003 -0.0006 0.0000 -0.0006 0.0004 0.0000 0.0001 0.0000 0.0000 -0.0000 0.0000 0.0000 -0.0002 -0.0010 -0.0000 30.0001 0.0002 -0.0001 -29.9998 0.0005 0.0002 -0.0000 0.0000 0.0000 -0.2212 0.9682 -0.4956 -0.2212 0.9682 -0.4956 85.9082 -18.6291 -85.4970 -10.6185 44.5491 23.7166 -99.1773 17.7045 54.5083 8.0933 -1.1637 5.6460 0.0001 -0.0001 0.0000 -0.0000 0.0000 0.0000 0.0003 -0.0006 0.0000 0.0001 -0.0001 0.0000 -0.0000 0.0000 0.0000 -0.0000 0.0000 0.0000 0.0001 0.0007 -0.0000 0.0001 -0.0011 0.0000 0.0003 -0.0008 0.0000 -0.0000 0.0001 0.0000 -0.0000 0.0000 0.0000 -0.0000 -0.0009 0.0000 -29.9996 0.0002 0.0001 29.9996 -0.0003 0.0001 -0.0000 0.0000 0.0000 177.4342 -1.2461 -0.8628 -2.6617 -5.7329 -14.0649 20.1058 72.0880 -21.4523 -0.0000 25.3510 0.0000 179.2001 7.7869 -3.1094 -0.0832 -3.0962 -0.0167 -5.7484 65.9775 7.0026 -0.0001 25.3508 0.0000
11.6433 96.8345 -28.4217 1.5303 5.7519 -3.3557 0.2196 0.7687 -0.1740 0.2196 0.7688 -0.1740 0.2202 0.7711 -0.1745 -85.5434 -12.5621 88.0152 1.3791 46.2079 11.5223 -17.4601 19.7727 -33.9992 -1.1917 1.8743 0.3636 0.0001 0.0000 0.0000 -0.0000 0.0000 0.0000 -0.0008 -0.0013 -0.0000 0.0001 -0.0004 0.0000 -0.0000 0.0000 0.0000 -0.0000 0.0000 0.0000 -0.0000 0.0002 0.0000 0.0003 -0.0006 0.0000 -0.0006 0.0004 0.0000 0.0001 0.0000 0.0000 -0.0000 0.0000 0.0000 -0.0002 -0.0010 -0.0000 30.0001 0.0002 -0.0001 -29.9998 0.0005 0.0002 -0.0000 0.0000 0.0000 -0.2622 0.9688 -0.4762 -0.2622 0.9688 -0.4762 85.6223 -18.5166 -85.6280 -12.5940 43.7200 24.6973 -101.5457 19.4728 54.6158 8.0294 -0.9277 5.8109 0.0001 -0.0001 0.0000 -0.0000 0.0000 0.0000 0.0003 -0.0006 0.0000 0.0001 -0.0001 0.0000 -0.0000 0.0000 0.0000 -0.0000 0.0000 0.0000 0.0001 0.0007 -0.0000 0.0001 -0.0012 0.0000 0.0003 -0.0008 0.0000 -0.0000 0.0001 0.0000 -0.0000 0.0000 0.0000 -0.0000 -0.0008 0.0000 -29.9996 0.0002 0.0001 29.9996 -0.0003 0.0001 -0.0000 0.0000 0.0000 177.3617 -1.2724 -0.8581 -2.6950 -5.6941 -14.2118 20.1523 72.0585 -21.5688 -0.0000 25.3510 0.0000 179.1515 7.9172 -3.2799 -0.0832 -3.2178 -0.0165 -5.5592 66.0840 6.8333 -0.0001 25.3508 0.0000
11.5582 96.8481 -28.2876 1.6534 5.8485 -3.5212 0.1954 0.7608 -0.1891 0.1954 0.7609 -0.1891 0.1960 0.7632 -0.1897 -85.6422 -12.5682 88.0165 0.7673 46.8609 7.7449 -20.6953 17.7103 -38.8036 -1.4055 1.6317 0.3926 0.0001 0.0000 0.0000 -0.0000 0.0000 0.0000 -0.0008 -0.0013 -0.0000 0.0001 -0.0004 0.0000 -0.0000 0.0000 0.0000 -0.0000 0.0000 0.0000 -0.0000 0.0002 0.0000 0.0003 -0.0006 0.0000 -0.0006 0.0004 0.0000 0.0001 0.0000 0.0000 -0.0000 0.0000 0.0000 -0.0002 -0.0010 -0.0000 30.0001 0.0002 -0.0001 -29.9998 0.0005 0.0002 -0.0000 0.0000 0.0000 -0.3038 0.9708 -0.4409 -0.3038 0.9708 -0.4409 85.3213 -18.4035 -85.7863 -14.6751 42.9295 25.3199 -103.5036 21.0426 55.0850 7.9128 -0.7265 5.9320 0.0001 -0.0001 0.0000 -0.0000 0.0000 0.0000 0.0003 -0.0006 0.0000 0.0001 -0.0001 0.0000 -0.0000 0.0000 0.0000 -0.0000 0.0000 0.0000 0.0001 0.0007 -0.0000 0.0001 -0.0011 0.0000 0.0003 -0.0008 0.0000 -0.0000 0.0001 0.0000 -0.0000 0.0000 0.0000 -0.0000 -0.0008 0.0000 -29.9996 0.0002 0.0001 29.9996 -0.0003 0.0001 -0.0000 0.0000 0.0000 177.2978 -1.2988 -0.8574 -2.7235 -5.6499 -14.3376 20.1483 72.0355 -21.6336 -0.0000 25.3510 0.0000 179.1040 8.0356 -3.4077 -0.0832 -3.3272 -0.0163 -5.3802 66.1933 6.6720 -0.0001 25.3508 0.0000
11.4689 96.8596 -28.1490 1.7699 5.9467 -3.6242 0.1738 0.7527 -0.2175 0.1738 0.7528 -0.2175 0.1744 0.7550 -0.2181 -85.7627 -12.5901 88.0014 0.1323 47.7432 2.8103 -22.9846 15.4071 -44.2361 -1.5872 1.2867 0.3878 0.0001 0.0000 0.0000 -0.0000 0.0000 0.0000 -0.0008 -0.0013 -0.0000 0.0001 -0.0004 0.0000 -0.0000 0.0000 0.0000 -0.0000 0.0000 0.0000 -0.0000 0.0002 0.0000 0.0003 -0.0006 0.0000 -0.0006 0.0004 0.0000 0.0001 0.0000 0.0000 -0.0000 0.0000 0.0000 -0.0002 -0.0010 -0.0000 30.0001 0.0003 -0.0002 -29.9998 0.0005 0.0002 -0.0000 0.0000 0.0000 -0.3419 0.9805 -0.3809 -0.3419 0.9805 -0.3809 85.0061 -18.2885 -85.9491 -16.7953 42.2626 25.0394 -104.6715 22.1549 56.0007 7.7258 -0.5808 5.9866 0.0001 -0.0001 0.0000 -0.0000 0.0000 0.0000 0.0003 -0.0006 0.0000 0.0001 -0.0001 0.0000 -0.0000 0.0000 0.0000 -0.0000 0.0000 0.0000 0.0001 0.0007 -0.0000 0.0001 -0.0012 0.0000 0.0003 -0.0008 0.0000 -0.0000 0.0001 0.0000 -0.0000 0.0000 0.0000 -0.0000 -0.0009 0.0000 -29.9996 0.0002 0.0001 29.9996 -0.0003 0.0001 -0.0000 0.0000 0.0000 177.2432 -1.3354 -0.8487 -2.7488 -5.5861 -14.4485 20.0679 72.0204 -21.6175 -0.0000 25.3510 0.0000 179.0602 8.1764 -3.4814 -0.0833 -3.4765 -0.0166 -5.2444 66.3203 6.5468 -0.0001 25.3508 0.0000
11.3768 96.8702 -28.0119 1.8842 6.0437 -3.6792 0.1539 0.7470 -0.2568 0.1540 0.7471 -0.2569 0.1545 0.7493 -0.2576 -85.9013 -12.6250 87.9502 -0.4936 48.7070 -2.5718 -24.1169 13.0340 -50.1362 -1.7023 0.8915 0.3576 0.0001 0.0000 0.0000 -0.0000 0.0000 0.0000 -0.0008 -0.0013 -0.0000 0.0001 -0.0004 0.0000 -0.0000 0.0000 0.0000 -0.0000 0.0000 0.0000 -0.0001 0.0002 0.0000 0.0003 -0.0006 0.0000 -0.0006 0.0004 0.0000 0.0001 0.0000 0.0000 -0.0000 0.0000 0.0000 -0.0002 -0.0010 -0.0000 30.0001 0.0002 -0.0001 -29.9998 0.0005 0.0002 -0.0000 0.0000 0.0000 -0.3719 0.9960 -0.3038 -0.3719 0.9960 -0.3038 84.7142 -18.1683 -86.0600 -18.7741 41.7993 23.8281 -105.0842 22.8525 56.9831 7.4854 -0.4531 5.9715 0.0001 -0.0001 0.0000 -0.0000 0.0000 0.0000 0.0003 -0.0006 0.0000 0.0001 -0.0001 0.0000 -0.0000 0.0000 0.0000 -0.0000 0.0000 0.0000 0.0001 0.0007 -0.0000 0.0001 -0.0012 0.0000 0.0003 -0.0008 0.0000 -0.0000 0.0001 0.0000 -0.0000 0.0000 0.0000 -0.0000 -0.0008 0.0000 -29.9997 0.0002 0.0001 29.9996 -0.0003 0.0001 -0.0000 0.0000 0.0000 177.1893 -1.3722 -0.8358 -2.7707 -5.5124 -14.5381 19.9496 72.0041 -21.5571 -0.0000 25.3510 0.0000 179.0256 8.3264 -3.5208 -0.0833 -3.6375 -0.0166 -5.1697 66.4449 6.4641 -0.0001 25.3508 0.0000
11.2884 96.8814 -27.8849 1.9941 6.1399 -3.6982 0.1377 0.7442 -0.3028 0.1377 0.7443 -0.3028 0.1381 0.7465 -0.3037 -86.0590 -12.6752 87.8702 -1.0497 49.6410 -8.0190 -24.0903 10.7022 -56.3314 -1.7565 0.4912 0.3146 0.0001 0.0000 0.0000 -0.0000 0.0000 0.0000 -0.0008 -0.0013 -0.0000 0.0001 -0.0004 0.0000 -0.0000 0.0000 0.0000 -0.0000 0.0000 0.0000 -0.0000 0.0002 0.0000 0.0003 -0.0006 0.0000 -0.0006 0.0004 0.0000 0.0001 0.0000 0.0000 -0.0000 0.0000 0.0000 -0.0002 -0.0010 -0.0000 30.0001 0.0002 -0.0001 -29.9998 0.0005 0.0002 -0.0000 0.0000 0.0000 -0.3967 1.0129 -0.2171 -0.3967 1.0128 -0.2171 84.4553 -18.0445 -86.1170 -20.5448 41.5587 21.9326 -104.8134 23.3127 57.7780 7.2087 -0.3085 5.8932 0.0001 0.0000 0.0000 -0.0000 0.0000 0.0000 0.0003 -0.0006 0.0000 0.0001 -0.0001 0.0000 -0.0000 0.0000 0.0000 -0.0000 0.0000 0.0000 0.0001 0.0007 -0.0000 0.0001 -0.0011 0.0000 0.0003 -0.0008 0.0000 -0.0000 0.0001 0.0000 -0.0000 0.0000 0.0000 -0.0000 -0.0009 0.0000 -29.9997 0.0002 0.0001 29.9996 -0.0003 0.0001 -0.0000 0.0000 0.0000 177.1404 -1.4044 -0.8223 -2.7902 -5.4353 -14.6065 19.8024 71.9845 -21.4637 -0.0000 25.3510 0.0000 179.0019 8.4706 -3.5384 -0.0833 -3.7876 -0.0162 -5.1538 66.5596 6.4239 -0.0001 25.3508 0.0000
11.2109 96.8953 -27.7813 2.0950 6.2381 -3.6798 0.1281 0.7439 -0.3488 0.1281 0.7440 -0.3488 0.1285 0.7462 -0.3498 -86.2277 -12.7499 87.7933 -1.5142 50.4542 -12.9869 -22.5753 8.5882 -62.6981 -1.7572 0.1090 0.2609 0.0001 0.0000 0.0000 -0.0000 0.0000 0.0000 -0.0008 -0.0013 -0.0000 0.0001 -0.0004 0.0000 -0.0000 0.0000 0.0000 -0.0000 0.0000 0.0000 -0.0000 0.0002 0.0000 0.0003 -0.0006 0.0000 -0.0006 0.0004 0.0000 0.0001 0.0000 0.0000 -0.0000 0.0000 0.0000 -0.0002 -0.0010 -0.0000 30.0001 0.0002 -0.0001 -29.9998 0.0005 0.0002 -0.0000 0.0000 0.0000 -0.4218 1.0228 -0.1260 -0.4218 1.0228 -0.1260 84.2674 -17.9116 -86.0932 -21.8224 41.6199 19.3857 -103.7072 23.6929 58.0468 6.9067 -0.1008 5.7483 0.0001 -0.0001 0.0000 -0.0000 0.0000 0.0000 0.0003 -0.0006 0.0000 0.0001 -0.0001 0.0000 -0.0000 0.0000 0.0000 -0.0000 0.0000 0.0000 0.0001 0.0007 -0.0000 0.0001 -0.0011 0.0000 0.0003 -0.0008 0.0000 -0.0000 0.0001 0.0000 -0.0000 0.0000 0.0000 -0.0000 -0.0008 0.0000 -29.9996 0.0002 0.0001 29.9996 -0.0003 0.0001 -0.0000 0.0000 0.0000 177.1038 -1.4256 -0.8193 -2.8050 -5.3589 -14.6450 19.5886 71.9629 -21.3022 -0.0000 25.3510 0.0000 178.9872 8.5846 -3.5353 -0.0832 -3.8873 -0.0152 -5.2038 66.6500 6.4362 -0.0001 25.3508 0.0000
11.1393 96.9115 -27.6922 2.1885 6.3433 -3.6443 0.1226 0.7439 -0.3853 0.1226 0.7440 -0.3853 0.1230 0.7462 -0.3864 -86.3952 -12.8355 87.7611 -1.8541 51.1417 -17.2429 -19.9962 6.6028 -69.0007 -1.7272 -0.2375 0.2089 0.0001 0.0000 0.0000 -0.0000 0.0000 0.0000 -0.0008 -0.0013 -0.0000 0.0001 -0.0004 0.0000 -0.0000 0.0000 0.0000 -0.0000 0.0000 0.0000 -0.0000 0.0002 0.0000 0.0003 -0.0006 0.0000 -0.0006 0.0004 0.0000 0.0001 0.0000 0.0000 -0.0000 0.0000 0.0000 -0.0002 -0.0010 -0.0000 30.0001 0.0002 -0.0001 -29.9998 0.0005 0.0002 -0.0000 0.0000 0.0000 -0.4502 1.0124 -0.0374 -0.4502 1.0124 -0.0374 84.1527 -17.7779 -86.0134 -22.5108 41.8921 16.6281 -102.1287 24.2904 57.7322 6.5962 0.1818 5.5679 0.0001 -0.0001 0.0000 -0.0000 0.0000 0.0000 0.0003 -0.0006 0.0000 0.0001 -0.0001 0.0000 -0.0000 0.0000 0.0000 -0.0000 0.0000 0.0000 0.0001 0.0007 -0.0000 0.0001 -0.0011 0.0000 0.0003 -0.0008 0.0000 -0.0000 0.0001 0.0000 -0.0000 0.0000 0.0000 -0.0000 -0.0009 0.0000 -29.9996 0.0002 0.0001 29.9996 -0.0003 0.0001 -0.0000 0.0000 0.0000 177.0754 -1.4330 -0.8301 -2.8134 -5.2858 -14.6581 19.3179 71.9418 -21.0844 -0.0000 25.3510 0.0000 178.9653 8.6793 -3.5168 -0.0832 -3.9528 -0.0147 -5.2630 66.7304 6.4635 -0.0001 25.3508 0.0000
11.0710 96.9277 -27.6063 2.2753 6.4573 -3.5957 0.1196 0.7436 -0.4086 0.1196 0.7437 -0.4086 0.1199 0.7459 -0.4098 -86.5637 -12.9281 87.7714 -2.0662 51.7119 -20.7749 -16.7392 4.6291 -74.7946 -1.6988 -0.5452 0.1653 0.0001 0.0000 0.0000 -0.0000 0.0000 0.0000 -0.0008 -0.0013 -0.0000 0.0001 -0.0004 0.0000 -0.0000 0.0000 0.0000 -0.0000 0.0000 0.0000 -0.0000 0.0002 0.0000 0.0003 -0.0006 0.0000 -0.0006 0.0004 0.0000 0.0001 0.0000 0.0000 -0.0000 0.0000 0.0000 -0.0002 -0.0010 -0.0000 30.0001 0.0002 -0.0001 -29.9998 0.0005 0.0002 -0.0000 0.0000 0.0000 -0.4774 0.9806 0.0440 -0.4774 0.9806 0.0440 84.0967 -17.6585 -85.9097 -22.7648 42.2901 14.0099 -100.1026 25.2322 56.8237 6.2849 0.5290 5.3643 0.0001 -0.0001 0.0000 -0.0000 0.0000 0.0000 0.0003 -0.0006 0.0000 0.0001 -0.0001 0.0000 -0.0000 0.0000 0.0000 -0.0000 0.0000 0.0000 0.0001 0.0007 -0.0000 0.0001 -0.0012 0.0000 0.0003 -0.0008 0.0000 -0.0000 0.0001 0.0000 -0.0000 0.0000 0.0000 -0.0000 -0.0008 0.0000 -29.9997 0.0002 0.0001 29.9996 -0.0003 0.0001 -0.0000 0.0000 0.0000 177.0525 -1.4261 -0.8499 -2.8175 -5.2139 -14.6414 19.0226 71.9169 -20.8421 -0.0000 25.3510 0.0000 178.9339 8.7606 -3.4814 -0.0832 -3.9919 -0.0147 -5.3173 66.8054 6.4925 -0.0001 25.3508 0.0000
11.0105 96.9429 -27.5170 2.3540 6.5851 -3.5251 0.1164 0.7426 -0.4091 0.1164 0.7427 -0.4091 0.1167 0.7449 -0.4103 -86.7495 -13.0186 87.8366 -2.0702 52.0972 -23.3457 -12.8562 2.6167 -79.6211 -1.7127 -0.8165 0.1290 0.0001 0.0000 0.0000 -0.0000 0.0000 0.0000 -0.0008 -0.0013 -0.0000 0.0001 -0.0004 0.0000 -0.0000 0.0000 0.0000 -0.0000 0.0000 0.0000 -0.0000 0.0002 0.0000 0.0003 -0.0006 0.0000 -0.0006 0.0004 0.0000 0.0001 0.0000 0.0000 -0.0000 0.0000 0.0000 -0.0002 -0.0010 -0.0000 30.0001 0.0002 -0.0001 -29.9998 0.0005 0.0002 -0.0000 0.0000 0.0000 -0.4908 0.9258 0.1067 -0.4908 0.9258 0.1067 84.1145 -17.5770 -85.8256 -22.5702 42.7784 11.9101 -97.3619 26.7941 55.0208 5.9727 0.9604 5.1350 0.0001 -0.0001 0.0000 -0.0000 0.0000 0.0000 0.0003 -0.0006 0.0000 0.0001 -0.0001 0.0000 -0.0000 0.0000 0.0000 -0.0000 0.0000 0.0000 0.0001 0.0007 -0.0000 0.0001 -0.0012 0.0000 0.0003 -0.0008 0.0000 -0.0000 0.0001 0.0000 -0.0000 0.0000 0.0000 -0.0000 -0.0009 0.0000 -29.9997 0.0002 0.0001 29.9996 -0.0003 0.0001 -0.0000 0.0000 0.0000 177.0392 -1.3993 -0.8739 -2.8221 -5.1435 -14.5735 18.7290 71.8848 -20.6012 -0.0000 25.3510 0.0000 178.8869 8.8188 -3.4146 -0.0833 -3.9770 -0.0154 -5.3625 66.8616 6.5187 -0.0001 25.3508 0.0000
10.9595 96.9572 -27.4299 2.4327 6.7223 -3.4240 0.1090 0.7398 -0.3982 0.1091 0.7399 -0.3983 0.1095 0.7421 -0.3994 -86.9548 -13.1119 87.9360 -1.8630 52.3389 -25.3296 -8.7406 0.4908 -83.4940 -1.7651 -1.0762 0.0971 0.0001 0.0000 0.0000 -0.0000 0.0000 0.0000 -0.0008 -0.0013 -0.0000 0.0001 -0.0004 0.0000 -0.0000 0.0000 0.0000 -0.0000 0.0000 0.0000 -0.0001 0.0002 0.0000 0.0003 -0.0006 0.0000 -0.0006 0.0004 0.0000 0.0001 0.0000 0.0000 -0.0000 0.0000 0.0000 -0.0002 -0.0010 -0.0000 30.0001 0.0002 -0.0001 -29.9998 0.0005 0.0002 -0.0000 0.0000 0.0000 -0.4840 0.8708 0.1567 -0.4840 0.8708 0.1567 84.1794 -17.5154 -85.7783 -22.1547 43.2676 10.1983 -93.9865 28.6726 52.6215 5.6596 1.4184 4.8933 0.0001 -0.0001 0.0000 -0.0000 0.0000 0.0000 0.0003 -0.0006 0.0000 0.0001 -0.0001 0.0000 -0.0000 0.0000 0.0000 -0.0000 0.0000 0.0000 0.0001 0.0007 -0.0000 0.0001 -0.0012 0.0000 0.0003 -0.0008 0.0000 -0.0000 0.0001 0.0000 -0.0000 0.0000 0.0000 -0.0000 -0.0008 0.0000 -29.9996 0.0002 0.0001 29.9996 -0.0003 0.0001 -0.0000 0.0000 0.0000 177.0337 -1.3635 -0.8881 -2.8351 -5.0741 -14.4686 18.4399 71.8543 -20.3638 -0.0000 25.3510 0.0000 178.8263 8.8447 -3.3151 -0.0833 -3.8848 -0.0161 -5.4134 66.8811 6.5469 -0.0001 25.3508 0.0000
10.9104 96.9722 -27.3499 2.5105 6.8642 -3.2942 0.1001 0.7391 -0.3826 0.1001 0.7392 -0.3826 0.1005 0.7414 -0.3837 -87.1776 -13.2130 88.0321 -1.5296 52.5024 -26.8579 -4.6400 -1.7253 -86.4318 -1.8478 -1.3315 0.0672 0.0001 0.0000 0.0000 -0.0000 0.0000 0.0000 -0.0008 -0.0013 -0.0000 0.0001 -0.0004 0.0000 -0.0000 0.0000 0.0000 -0.0000 0.0000 0.0000 -0.0000 0.0002 0.0000 0.0003 -0.0006 0.0000 -0.0006 0.0004 0.0000 0.0001 0.0000 0.0000 -0.0000 0.0000 0.0000 -0.0002 -0.0010 -0.0000 30.0001 0.0002 -0.0001 -29.9998 0.0005 0.0002 -0.0000 0.0000 0.0000 -0.4602 0.8181 0.1999 -0.4602 0.8181 0.1999 84.2746 -17.4709 -85.7485 -21.5917 43.7513 8.6716 -89.9497 30.6031 49.6785 5.3458 1.8798 4.6415 0.0001 -0.0001 0.0000 -0.0000 0.0000 0.0000 0.0003 -0.0006 0.0000 0.0001 -0.0001 0.0000 -0.0000 0.0000 0.0000 -0.0000 0.0000 0.0000 0.0001 0.0007 -0.0000 0.0001 -0.0011 0.0000 0.0003 -0.0008 0.0000 -0.0000 0.0001 0.0000 -0.0000 0.0000 0.0000 -0.0000 -0.0008 0.0000 -29.9996 0.0002 0.0001 29.9996 -0.0003 0.0001 -0.0000 0.0000 0.0000 177.0302 -1.3246 -0.8867 -2.8510 -5.0035 -14.3422 18.1552 71.8285 -20.1289 -0.0000 25.3510 0.0000 178.7609 8.8489 -3.1907 -0.0832 -3.7371 -0.0168 -5.4811 66.8703 6.5847 -0.0001 25.3508 0.0000
10.8547 96.9875 -27.2808 2.5797 7.0084 -3.1232 0.0930 0.7483 -0.3677 0.0930 0.7484 -0.3677 0.0933 0.7506 -0.3688 -87.4233 -13.3264 88.0854 -1.0706 52.5615 -27.8045 -0.4115 -4.1087 -88.2799 -1.9893 -1.5855 0.0353 0.0001 0.0000 0.0000 -0.0000 0.0000 0.0000 -0.0008 -0.0013 -0.0000 0.0001 -0.0004 0.0000 -0.0000 0.0000 0.0000 -0.0000 0.0000 0.0000 -0.0000 0.0002 0.0000 0.0003 -0.0006 0.0000 -0.0006 0.0004 0.0000 0.0001 0.0000 0.0000 -0.0000 0.0000 0.0000 -0.0002 -0.0010 -0.0000 30.0001 0.0002 -0.0001 -29.9998 0.0005 0.0002 -0.0000 0.0000 0.0000 -0.4175 0.7669 0.2360 -0.4175 0.7669 0.2360 84.3949 -17.4529 -85.7245 -20.9461 44.2367 7.2600 -84.9632 32.3879 46.0518 5.0362 2.3454 4.3716 0.0001 -0.0001 0.0000 -0.0000 0.0000 0.0000 0.0003 -0.0006 0.0000 0.0001 -0.0001 0.0000 -0.0000 0.0000 0.0000 -0.0000 0.0000 0.0000 0.0001 0.0007 -0.0000 0.0001 -0.0012 0.0000 0.0003 -0.0008 0.0000 -0.0000 0.0002 0.0000 -0.0000 0.0000 0.0000 -0.0000 -0.0009 0.0000 -29.9997 0.0002 0.0001 29.9996 -0.0003 0.0001 -0.0000 0.0000 0.0000 177.0250 -1.2866 -0.8575 -2.8620 -4.9250 -14.2035 17.8760 71.8093 -19.8944 -0.0000 25.3510 0.0000 178.7045 8.8589 -3.0525 -0.0832 -3.5937 -0.0173 -5.6193 66.8569 6.6845 -0.0001 25.3508 0.0000
10.7953 97.0017 -27.2156 2.6369 7.1535 -2.9236 0.0878 0.7666 -0.3577 0.0878 0.7667 -0.3577 0.0880 0.7690 -0.3587 -87.6746 -13.4506 88.0989 -0.5538 52.4881 -28.3474 3.9298 -6.5451 -89.4436 -2.1839 -1.8606 -0.0041 0.0001 0.0000 0.0000 -0.0000 0.0000 0.0000 -0.0008 -0.0013 -0.0000 0.0001 -0.0004 0.0000 -0.0000 0.0000 0.0000 -0.0000 0.0000 0.0000 -0.0000 0.0002 0.0000 0.0003 -0.0006 0.0000 -0.0006 0.0004 0.0000 0.0001 0.0000 0.0000 -0.0000 0.0000 0.0000 -0.0002 -0.0010 -0.0000 30.0001 0.0002 -0.0001 -29.9998 0.0005 0.0002 -0.0000 0.0000 0.0000 -0.3650 0.7088 0.2653 -0.3650 0.7088 0.2653 84.5336 -17.4526 -85.6941 -19.8731 45.1030 5.1230 -79.2200 33.7899 42.0053 4.3352 2.4580 3.7062 0.0001 -0.0001 0.0000 -0.0000 0.0000 0.0000 0.0003 -0.0006 0.0000 0.0001 -0.0001 0.0000 -0.0000 0.0000 0.0000 -0.0000 0.0000 0.0000 0.0001 0.0007 -0.0000 0.0001 -0.0012 0.0000 0.0003 -0.0008 0.0000 -0.0000 0.0001 0.0000 -0.0000 0.0000 0.0000 -0.0000 -0.0009 0.0000 -29.9996 0.0002 0.0001 29.9996 -0.0002 0.0000 -0.0000 0.0000 0.0000 177.0188 -1.2533 -0.8145 -2.8637 -4.8319 -14.0694 17.5795 71.7933 -19.6369 -0.0000 25.3510 0.0000 178.6606 8.8859 -2.9226 -0.0832 -3.4874 -0.0175 -5.8352 66.8604 6.8648 -0.0001 25.3508 0.0000
10.7410 97.0144 -27.1522 2.6811 7.3010 -2.7043 0.0837 0.7899 -0.3535 0.0837 0.7900 -0.3535 0.0839 0.7924 -0.3546 -87.9111 -13.5889 88.0957 -0.0186 52.2690 -28.6013 8.3834 -8.9581 -90.0358 -2.4333 -2.1663 -0.0562 0.0001 0.0000 0.0000 -0.0000 0.0000 0.0000 -0.0008 -0.0013 -0.0000 0.0001 -0.0004 0.0000 -0.0000 0.0000 0.0000 -0.0000 0.0000 0.0000 -0.0000 0.0002 0.0000 0.0003 -0.0006 0.0000 -0.0006 0.0004 0.0000 0.0001 0.0000 0.0000 -0.0000 0.0000 0.0000 -0.0002 -0.0010 -0.0000 30.0001 0.0002 -0.0001 -29.9998 0.0005 0.0002 -0.0000 0.0000 0.0000 -0.3067 0.6413 0.2876 -0.3067 0.6413 0.2876 84.6861 -17.4552 -85.6585 -18.6614 46.0314 2.9135 -72.9190 34.7073 37.7068 3.6198 2.4381 3.0314 0.0001 -0.0001 0.0000 -0.0000 0.0000 0.0000 0.0003 -0.0006 0.0000 0.0001 -0.0001 0.0000 -0.0000 0.0000 0.0000 -0.0000 0.0000 0.0000 0.0001 0.0007 -0.0000 0.0001 -0.0012 0.0000 0.0003 -0.0008 0.0000 -0.0000 0.0001 0.0000 -0.0000 0.0000 0.0000 -0.0000 -0.0008 0.0000 -29.9996 0.0002 0.0001 29.9996 -0.0003 0.0001 -0.0000 0.0000 0.0000 177.0161 -1.2248 -0.7700 -2.8583 -4.7213 -13.9457 17.2507 71.7786 -19.3401 -0.0000 25.3510 0.0000 178.6239 8.9203 -2.7985 -0.0832 -3.3955 -0.0175 -6.0912 66.8718 7.0955 -0.0001 25.3508 0.0000
10.7027 97.0239 -27.0919 2.7057 7.4548 -2.4696 0.0811 0.8176 -0.3536 0.0811 0.8177 -0.3536 0.0814 0.8201 -0.3547 -88.0995 -13.7485 88.0801 0.3977 51.9577 -28.5210 13.0716 -11.3087 -89.8319 -2.7539 -2.4937 -0.1291 0.0001 0.0000 0.0000 -0.0000 0.0000 0.0000 -0.0008 -0.0013 -0.0000 0.0001 -0.0004 0.0000 -0.0000 0.0000 0.0000 -0.0000 0.0000 0.0000 -0.0000 0.0002 0.0000 0.0003 -0.0006 0.0000 -0.0006 0.0004 0.0000 0.0001 0.0000 0.0000 -0.0000 0.0000 0.0000 -0.0002 -0.0010 -0.0000 30.0001 0.0002 -0.0001 -29.9998 0.0005 0.0002 -0.0000 0.0000 0.0000 -0.2483 0.5601 0.3054 -0.2483 0.5601 0.3054 84.8589 -17.4589 -85.6092 -17.3987 46.9350 0.9484 -66.0780 35.0833 33.2393 3.0031 2.3728 2.4470 0.0001 -0.0001 0.0000 -0.0000 0.0000 0.0000 0.0003 -0.0006 0.0000 0.0001 -0.0001 0.0000 -0.0000 0.0000 0.0000 -0.0000 0.0000 0.0000 0.0001 0.0007 -0.0000 0.0001 -0.0012 0.0000 0.0003 -0.0008 0.0000 -0.0000 0.0002 0.0000 -0.0000 0.0000 0.0000 -0.0000 -0.0008 0.0000 -29.9997 0.0002 0.0001 29.9996 -0.0003 0.0001 -0.0000 0.0000 0.0000 177.0175 -1.2032 -0.7479 -2.8376 -4.5766 -13.8474 16.8255 71.7610 -18.9315 -0.0000 25.3510 0.0000 178.5917 8.9119 -2.6690 -0.0832 -3.2072 -0.0166 -6.3225 66.8362 7.3202 -0.0001 25.3508 0.0000
10.6739 97.0333 -27.0333 2.7146 7.6162 -2.2362 0.0804 0.8446 -0.3497 0.0805 0.8447 -0.3498 0.0807 0.8472 -0.3509 -88.2408 -13.9161 88.0609 0.6517 51.5962 -28.2621 18.1389 -13.6468 -88.9318 -3.1509 -2.8551 -0.2306 0.0001 0.0000 0.0000 -0.0000 0.0000 0.0000 -0.0008 -0.0013 -0.0000 0.0001 -0.0004 0.0000 -0.0000 0.0000 0.0000 -0.0000 0.0000 0.0000 -0.0000 0.0002 0.0000 0.0003 -0.0006 0.0000 -0.0006 0.0004 0.0000 0.0001 0.0000 0.0000 -0.0000 0.0000 0.0000 -0.0002 -0.0010 -0.0000 30.0001 0.0002 -0.0001 -29.9998 0.0005 0.0002 -0.0000 0.0000 0.0000 -0.2006 0.4840 0.3171 -0.2006 0.4840 0.3171 85.0451 -17.4621 -85.5454 -16.0583 47.8105 -0.7341 -59.0517 34.9496 28.8405 2.4882 2.2756 1.9590 0.0001 -0.0001 0.0000 -0.0000 0.0000 0.0000 0.0003 -0.0006 0.0000 0.0001 -0.0001 0.0000 -0.0000 0.0000 0.0000 -0.0000 0.0000 0.0000 0.0001 0.0007 -0.0000 0.0001 -0.0012 0.0000 0.0003 -0.0008 0.0000 -0.0000 0.0001 0.0000 -0.0000 0.0000 0.0000 -0.0000 -0.0009 0.0000 -29.9996 0.0002 0.0001 29.9996 -0.0003 0.0001 -0.0000 0.0000 0.0000 177.0224 -1.1794 -0.7593 -2.8036 -4.4112 -13.7609 16.3499 71.7364 -18.4620 -0.0000 25.3510 0.0000 178.5646 8.8439 -2.5194 -0.0831 -2.8820 -0.0149 -6.4707 66.7337 7.4673 -0.0001 25.3508 0.0000
10.6451 97.0426 -26.9719 2.7124 7.7878 -2.0037 0.0814 0.8687 -0.3388 0.0814 0.8688 -0.3388 0.0817 0.8713 -0.3398 -88.3485 -14.0814 88.0452 0.7603 51.1974 -27.8833 23.5145 -15.8564 -87.4270 -3.6180 -3.2425 -0.3671 0.0001 0.0000 0.0000 -0.0000 0.0000 0.0000 -0.0008 -0.0013 -0.0000 0.0001 -0.0004 0.0000 -0.0000 0.0000 0.0000 -0.0000 0.0000 0.0000 -0.0000 0.0002 0.0000 0.0003 -0.0006 0.0000 -0.0006 0.0004 0.0000 0.0001 0.0000 0.0000 -0.0000 0.0000 0.0000 -0.0002 -0.0010 -0.0000 30.0001 0.0002 -0.0001 -29.9998 0.0005 0.0002 -0.0000 0.0000 0.0000 -0.1645 0.4191 0.3209 -0.1645 0.4191 0.3209 85.2372 -17.4710 -85.4734 -14.6299 48.6447 -2.1493 -52.0398 34.3424 24.6437 2.0647 2.1617 1.5578 0.0001 -0.0001 0.0000 -0.0000 0.0000 0.0000 0.0003 -0.0006 0.0000 0.0001 -0.0001 0.0000 -0.0000 0.0000 0.0000 -0.0000 0.0000 0.0000 0.0001 0.0007 -0.0000 0.0001 -0.0012 0.0000 0.0003 -0.0008 0.0000 -0.0000 0.0001 0.0000 -0.0000 0.0000 0.0000 -0.0000 -0.0008 0.0000 -29.9997 0.0002 0.0001 29.9996 -0.0003 0.0001 -0.0000 0.0000 0.0000 177.0314 -1.1448 -0.7944 -2.7616 -4.2345 -13.6794 15.8564 71.7020 -17.9661 -0.0000 25.3510 0.0000 178.5449 8.7128 -2.3389 -0.0829 -2.4137 -0.0123 -6.5325 66.5632 7.5218 -0.0001 25.3508 0.0000
10.6033 97.0530 -26.9014 2.7008 7.9752 -1.7717 0.0856 0.8883 -0.3199 0.0856 0.8885 -0.3199 0.0858 0.8911 -0.3208 -88.4070 -14.2361 88.0358 0.6763 50.7725 -27.3707 29.1164 -17.7476 -85.2087 -4.1593 -3.6249 -0.5462 0.0001 0.0000 0.0000 -0.0000 0.0000 0.0000 -0.0008 -0.0013 -0.0000 0.0001 -0.0004 0.0000 -0.0000 0.0000 0.0000 -0.0000 0.0000 0.0000 -0.0000 0.0002 0.0000 0.0003 -0.0006 0.0000 -0.0006 0.0004 0.0000 0.0001 0.0000 0.0000 -0.0000 0.0000 0.0000 -0.0002 -0.0010 -0.0000 30.0001 0.0002 -0.0001 -29.9998 0.0005 0.0002 -0.0000 0.0000 0.0000 -0.1479 0.3770 0.3263 -0.1479 0.3770 0.3263 85.4252 -17.4763 -85.4043 -13.1287 49.4335 -3.1313 -45.0614 33.3362 20.7617 1.7292 2.0400 1.2315 0.0001 -0.0001 0.0000 -0.0000 0.0000 0.0000 0.0003 -0.0006 0.0000 0.0001 -0.0001 0.0000 -0.0000 0.0000 0.0000 -0.0000 0.0000 0.0000 0.0001 0.0007 -0.0000 0.0001 -0.0012 0.0000 0.0003 -0.0008 0.0000 -0.0000 0.0001 0.0000 -0.0000 0.0000 0.0000 -0.0000 -0.0008 0.0000 -29.9996 0.0002 0.0001 29.9996 -0.0003 0.0001 -0.0000 0.0000 0.0000 177.0479 -1.0832 -0.8536 -2.7144 -4.0565 -13.5907 15.3812 71.6493 -17.4810 -0.0000 25.3510 0.0000 178.5356 8.4032 -2.1064 -0.0828 -1.5670 -0.0078 -6.4549 66.2113 7.4118 -0.0001 25.3508 0.0000
10.5446 97.0630 -26.8228 2.6938 8.1732 -1.5374 0.0892 0.9044 -0.3019 0.0892 0.9046 -0.3019 0.0894 0.9072 -0.3028 -88.4310 -14.3892 88.0276 0.5038 50.3051 -26.8000 34.7503 -19.3270 -82.4380 -4.7683 -3.9841 -0.7663 0.0001 0.0000 0.0000 -0.0000 0.0000 0.0000 -0.0008 -0.0013 -0.0000 0.0001 -0.0004 0.0000 -0.0000 0.0000 0.0000 -0.0000 0.0000 0.0000 -0.0001 0.0002 0.0000 0.0003 -0.0006 0.0000 -0.0006 0.0004 0.0000 0.0001 0.0000 0.0000 -0.0000 0.0000 0.0000 -0.0002 -0.0010 -0.0000 30.0001 0.0002 -0.0001 -29.9998 0.0005 0.0002 -0.0000 0.0000 0.0000 -0.1445 0.3586 0.3516 -0.1445 0.3586 0.3516 85.6066 -17.4599 -85.3473 -11.6325 50.2113 -3.7374 -38.2703 31.9261 17.3872 1.4695 1.9153 0.9669 0.0001 -0.0001 0.0000 -0.0000 0.0000 0.0000 0.0003 -0.0006 0.0000 0.0001 -0.0001 0.0000 -0.0000 0.0000 0.0000 -0.0000 0.0000 0.0000 0.0001 0.0007 -0.0000 0.0001 -0.0012 0.0000 0.0003 -0.0008 0.0000 -0.0000 0.0001 0.0000 -0.0000 0.0000 0.0000 -0.0000 -0.0009 0.0000 -29.9996 0.0002 0.0001 29.9996 -0.0003 0.0001 -0.0000 0.0000 0.0000 177.0677 -0.9967 -0.9197 -2.6703 -3.8925 -13.4911 14.9245 71.5845 -17.0150 -0.0000 25.3510 0.0000 178.5360 8.1186 -1.8471 -0.0827 -0.7588 -0.0037 -6.3640 65.8823 7.2698 -0.0001 25.3508 0.0000
10.4745 97.0723 -26.7405 2.6953 8.3752 -1.3027 0.0904 0.9200 -0.2839 0.0904 0.9201 -0.2839 0.0907 0.9228 -0.2847 -88.4312 -14.5365 88.0110 0.3063 49.7572 -26.1945 40.3653 -20.5911 -79.2636 -5.4465 -4.3116 -1.0311 0.0001 0.0000 0.0000 -0.0000 0.0000 0.0000 -0.0008 -0.0013 -0.0000 0.0001 -0.0004 0.0000 -0.0000 0.0000 0.0000 -0.0000 0.0000 0.0000 -0.0000 0.0002 0.0000 0.0003 -0.0006 0.0000 -0.0006 0.0004 0.0000 0.0001 0.0000 0.0000 -0.0000 0.0000 0.0000 -0.0002 -0.0010 -0.0000 30.0001 0.0002 -0.0001 -29.9998 0.0005 0.0002 -0.0000 0.0000 0.0000 -0.1491 0.3586 0.3911 -0.1491 0.3586 0.3911 85.7819 -17.4280 -85.2954 -10.1146 50.9866 -4.1004 -31.7838 30.1310 14.6666 1.2716 1.7925 0.7519 0.0001 -0.0001 0.0000 -0.0000 0.0000 0.0000 0.0003 -0.0006 0.0000 0.0001 -0.0001 0.0000 -0.0000 0.0000 0.0000 -0.0000 0.0000 0.0000 0.0001 0.0007 -0.0000 0.0001 -0.0012 0.0000 0.0003 -0.0008 0.0000 -0.0000 0.0001 0.0000 -0.0000 0.0000 0.0000 -0.0000 -0.0009 0.0000 -29.9996 0.0002 0.0001 29.9996 -0.0003 0.0001 -0.0000 0.0000 0.0000 177.0880 -0.8939 -0.9869 -2.6293 -3.7451 -13.3826 14.4775 71.5118 -16.5649 -0.0000 25.3510 0.0000 178.5407 7.9247 -1.5836 -0.0827 -0.1283 -0.0006 -6.3137 65.6417 7.1593 -0.0001 25.3508 0.0000
10.3939 97.0819 -26.6577 2.7098 8.5747 -1.0678 0.0875 0.9389 -0.2629 0.0875 0.9391 -0.2629 0.0877 0.9418 -0.2637 -88.4124 -14.6562 87.9815 -0.2209 49.4758 -25.2233 45.8130 -21.4589 -75.8507 -5.8543 -4.2166 -1.2836 0.0001 0.0000 0.0000 -0.0000 0.0000 0.0000 -0.0008 -0.0013 -0.0000 0.0001 -0.0004 0.0000 -0.0000 0.0000 0.0000 -0.0000 0.0000 0.0000 -0.0000 0.0002 0.0000 0.0003 -0.0006 0.0000 -0.0006 0.0004 0.0000 0.0001 0.0000 0.0000 -0.0000 0.0000 0.0000 -0.0002 -0.0010 -0.0000 30.0001 0.0002 -0.0001 -29.9998 0.0005 0.0002 -0.0000 0.0000 0.0000 -0.1555 0.3641 0.4389 -0.1555 0.3641 0.4389 85.9383 -17.3955 -85.2516 -8.5809 51.7442 -4.2307 -25.7055 28.0087 12.9271 1.1355 1.6745 0.5794 0.0001 -0.0001 0.0000 -0.0000 0.0000 0.0000 0.0003 -0.0006 0.0000 0.0001 -0.0001 0.0000 -0.0000 0.0000 0.0000 -0.0000 0.0000 0.0000 0.0001 0.0007 -0.0000 0.0001 -0.0012 0.0000 0.0003 -0.0008 0.0000 -0.0000 0.0001 0.0000 -0.0000 0.0000 0.0000 -0.0000 -0.0009 0.0000 -29.9996 0.0002 0.0001 29.9996 -0.0003 0.0001 -0.0000 0.0000 0.0000 177.1051 -0.7804 -1.0399 -2.5908 -3.6199 -13.2696 14.0306 71.4306 -16.1265 -0.0000 25.3510 0.0000 178.5468 7.9791 -1.3359 -0.0827 0.0000 0.0000 -6.3875 65.6456 7.1746 -0.0001 25.3508 0.0000
10.3105 97.0923 -26.5755 2.7356 8.7691 -0.8292 0.0810 0.9619 -0.2442 0.0811 0.9620 -0.2442 0.0813 0.9649 -0.2449 -88.3847 -14.7546 87.9527 -0.6708 49.0584 -24.2026 51.0849 -21.9848 -72.4544 -6.2521 -4.0754 -1.5604 0.0001 0.0000 0.0000 -0.0000 0.0000 0.0000 -0.0008 -0.0013 -0.0000 0.0001 -0.0004 0.0000 -0.0000 0.0000 0.0000 -0.0000 0.0000 0.0000 -0.0000 0.0002 0.0000 0.0003 -0.0006 0.0000 -0.0006 0.0004 0.0000 0.0001 0.0000 0.0000 -0.0000 0.0000 0.0000 -0.0002 -0.0010 -0.0000 30.0001 0.0002 -0.0001 -29.9998 0.0005 0.0002 -0.0000 0.0000 0.0000 -0.1584 0.3616 0.4903 -0.1584 0.3616 0.4903 86.0798 -17.3670 -85.2124 -7.1371 52.4891 -4.1652 -19.9786 25.6301 12.1882 1.0470 1.5636 0.4380 0.0001 -0.0001 0.0000 -0.0000 0.0000 0.0000 0.0003 -0.0006 0.0000 0.0001 -0.0001 0.0000 -0.0000 0.0000 0.0000 -0.0000 0.0000 0.0000 0.0001 0.0007 -0.0000 0.0001 -0.0012 0.0000 0.0003 -0.0008 0.0000 -0.0000 0.0001 0.0000 -0.0000 0.0000 0.0000 -0.0000 -0.0009 0.0000 -29.9996 0.0002 0.0001 29.9996 -0.0003 0.0001 -0.0000 0.0000 0.0000 177.1102 -0.6682 -1.0595 -2.5483 -3.5003 -13.1691 13.5615 71.3370 -15.6737 -0.0000 25.3510 0.0000 178.5431 8.1010 -1.1071 -0.0827 -0.0163 -0.0001 -6.5412 65.7153 7.2782 -0.0001 25.3508 0.0000
10.2291 97.1040 -26.4955 2.7716 8.9525 -0.5936 0.0704 0.9875 -0.2254 0.0704 0.9876 -0.2254 0.0706 0.9905 -0.2261 -88.3439 -14.8314 87.9344 -0.9945 48.5283 -23.1915 56.1964 -22.2139 -69.0588 -6.6476 -3.8967 -1.8616 0.0001 0.0000 0.0000 -0.0000 0.0000 0.0000 -0.0008 -0.0013 -0.0000 0.0001 -0.0004 0.0000 -0.0000 0.0000 0.0000 -0.0000 0.0000 0.0000 -0.0001 0.0002 0.0000 0.0003 -0.0006 0.0000 -0.0006 0.0004 0.0000 0.0001 0.0000 0.0000 -0.0000 0.0000 0.0000 -0.0002 -0.0010 -0.0000 30.0001 0.0002 -0.0001 -29.9998 0.0005 0.0002 -0.0000 0.0000 0.0000 -0.1580 0.3573 0.5375 -0.1580 0.3573 0.5375 86.2145 -17.3521 -85.1680 -5.7030 53.2757 -3.9897 -14.6098 23.0516 12.4118 0.9932 1.4552 0.3201 0.0001 -0.0001 0.0000 -0.0000 0.0000 0.0000 0.0003 -0.0006 0.0000 0.0001 -0.0001 0.0000 -0.0000 0.0000 0.0000 -0.0000 0.0000 0.0000 0.0001 0.0007 -0.0000 0.0001 -0.0011 0.0000 0.0003 -0.0008 0.0000 -0.0000 0.0001 0.0000 -0.0000 0.0000 0.0000 -0.0000 -0.0008 0.0000 -29.9996 0.0002 0.0001 29.9996 -0.0003 0.0001 -0.0000 0.0000 0.0000 177.1045 -0.5661 -1.0491 -2.5049 -3.3825 -13.0799 13.0877 71.2319 -15.2220 -0.0000 25.3510 0.0000 178.5258 8.1977 -0.8981 -0.0827 0.0000 0.0000 -6.7384 65.7616 7.4328 -0.0001 25.3508 0.0000
10.1563 97.1160 -26.4234 2.8215 9.1142 -0.3722 0.0536 1.0161 -0.1965 0.0536 1.0162 -0.1965 0.0538 1.0192 -0.1971 -88.2799 -14.8641 87.9357 -1.1209 47.8718 -22.2335 61.0195 -22.1065 -65.6868 -7.0409 -3.6697 -2.1851 0.0001 0.0000 0.0000 -0.0000 0.0000 0.0000 -0.0008 -0.0013 -0.0000 0.0001 -0.0004 0.0000 -0.0000 0.0000 0.0000 -0.0000 0.0000 0.0000 -0.0000 0.0002 0.0000 0.0003 -0.0006 0.0000 -0.0006 0.0004 0.0000 0.0001 0.0000 0.0000 -0.0000 0.0000 0.0000 -0.0002 -0.0010 -0.0000 30.0001 0.0002 -0.0001 -29.9998 0.0005 0.0002 -0.0000 0.0000 0.0000 -0.1592 0.3579 0.5602 -0.1592 0.3579 0.5602 86.3505 -17.3636 -85.1129 -4.0611 54.1480 -3.8135 -9.9106 20.2616 13.8025 0.9755 1.3441 0.2252 0.0001 -0.0001 0.0000 -0.0000 0.0000 0.0000 0.0003 -0.0006 0.0000 0.0001 -0.0001 0.0000 -0.0000 0.0000 0.0000 -0.0000 0.0000 0.0000 0.0001 0.0007 -0.0000 0.0001 -0.0012 0.0000 0.0003 -0.0008 0.0000 -0.0000 0.0001 0.0000 -0.0000 0.0000 0.0000 -0.0000 -0.0009 0.0000 -29.9997 0.0002 0.0001 29.9996 -0.0003 0.0001 -0.0000 0.0000 0.0000 177.0864 -0.4875 -1.0075 -2.4626 -3.2664 -13.0006 12.6195 71.1148 -14.7833 -0.0000 25.3510 0.0000 178.4894 8.2888 -0.7139 -0.0827 0.0000 0.0000 -6.9753 65.8014 7.6350 -0.0001 25.3508 0.0000
10.0880 97.1271 -26.3628 2.8767 9.2594 -0.1698 0.0357 1.0446 -0.1535 0.0357 1.0448 -0.1535 0.0358 1.0478 -0.1539 -88.2099 -14.8519 87.9406 -1.0802 47.1033 -21.4043 65.5534 -21.6169 -62.4011 -7.4182 -3.4016 -2.5266 0.0001 0.0000 0.0000 -0.0000 0.0000 0.0000 -0.0008 -0.0013 -0.0000 0.0001 -0.0004 0.0000 -0.0000 0.0000 0.0000 -0.0000 0.0000 0.0000 -0.0001 0.0002 0.0000 0.0003 -0.0006 0.0000 -0.0006 0.0004 0.0000 0.0001 0.0000 0.0000 -0.0000 0.0000 0.0000 -0.0002 -0.0010 -0.0000 30.0001 0.0002 -0.0001 -29.9998 0.0005 0.0002 -0.0000 0.0000 0.0000 -0.1755 0.3664 0.5571 -0.1755 0.3664 0.5571 86.4771 -17.4126 -85.0557 -2.3082 55.0231 -3.6442 -5.9177 17.3793 16.1544 0.9839 1.2376 0.1502 0.0001 -0.0001 0.0000 -0.0000 0.0000 0.0000 0.0003 -0.0006 0.0000 0.0001 -0.0001 0.0000 -0.0000 0.0000 0.0000 -0.0000 0.0000 0.0000 0.0001 0.0007 -0.0000 0.0001 -0.0012 0.0000 0.0003 -0.0008 0.0000 -0.0000 0.0001 0.0000 -0.0000 0.0000 0.0000 -0.0000 -0.0009 0.0000 -29.9996 0.0002 0.0001 29.9996 -0.0003 0.0001 -0.0000 0.0000 0.0000 177.0572 -0.4243 -0.9523 -2.4171 -3.1568 -12.9270 12.1726 70.9968 -14.3700 -0.0000 25.3510 0.0000 178.4476 8.3932 -0.5461 -0.0827 -0.0396 -0.0002 -7.2206 65.8469 7.8428 -0.0001 25.3508 0.0000
10.0201 97.1367 -26.3104 2.9336 9.3958 0.0175 0.0197 1.0706 -0.1019 0.0197 1.0708 -0.1019 0.0198 1.0739 -0.1022 -88.1382 -14.8081 87.9443 -0.8925 46.2142 -20.7326 69.7985 -20.7017 -59.3031 -7.7681 -3.0989 -2.8854 0.0001 0.0000 0.0000 -0.0000 0.0000 0.0000 -0.0008 -0.0013 -0.0000 0.0001 -0.0004 0.0000 -0.0000 0.0000 0.0000 -0.0000 0.0000 0.0000 -0.0001 0.0002 0.0000 0.0003 -0.0006 0.0000 -0.0006 0.0004 0.0000 0.0001 0.0000 0.0000 -0.0000 0.0000 0.0000 -0.0002 -0.0010 -0.0000 30.0001 0.0002 -0.0001 -29.9998 0.0005 0.0002 -0.0000 0.0000 0.0000 -0.2112 0.3837 0.5375 -0.2112 0.3837 0.5375 86.5847 -17.4927 -85.0134 -0.5653 55.8733 -3.4202 -2.4892 14.5393 19.3493 1.0106 1.1321 0.0897 0.0001 -0.0001 0.0000 -0.0000 0.0000 0.0000 0.0003 -0.0006 0.0000 0.0001 -0.0001 0.0000 -0.0000 0.0000 0.0000 -0.0000 0.0000 0.0000 0.0001 0.0007 -0.0000 0.0001 -0.0011 0.0000 0.0003 -0.0008 0.0000 -0.0000 0.0001 0.0000 -0.0000 0.0000 0.0000 -0.0000 -0.0009 0.0000 -29.9996 0.0002 0.0001 29.9996 -0.0003 0.0001 -0.0000 0.0000 0.0000 177.0202 -0.3634 -0.8825 -2.3714 -3.0607 -12.8579 11.7674 70.8829 -13.9983 -0.0000 25.3510 0.0000 178.4063 8.4567 -0.3911 -0.0827 0.0001 0.0000 -7.4621 65.8419 8.0369 -0.0001 25.3508 0.0000
9.9515 97.1431 -26.2607 2.9890 9.5154 0.1743 0.0084 1.0925 -0.0406 0.0084 1.0926 -0.0406 0.0084 1.0958 -0.0407 -88.0588 -14.7271 87.9397 -0.5137 45.1707 -20.2975 73.6395 -19.1904 -56.6219 -8.0788 -2.7780 -3.2610 0.0001 0.0000 0.0000 -0.0000 0.0000 0.0000 -0.0008 -0.0013 -0.0000 0.0001 -0.0004 0.0000 -0.0000 0.0000 0.0000 -0.0000 0.0000 0.0000 -0.0000 0.0002 0.0000 0.0003 -0.0006 0.0000 -0.0006 0.0004 0.0000 0.0001 0.0000 0.0000 -0.0000 0.0000 0.0000 -0.0002 -0.0010 -0.0000 30.0001 0.0002 -0.0001 -29.9998 0.0005 0.0002 -0.0000 0.0000 0.0000 -0.2754 0.4141 0.5074 -0.2754 0.4141 0.5074 86.6686 -17.6107 -85.0062 1.2081 56.7851 -2.9266 0.2010 11.7852 23.3328 1.0555 1.0137 0.0442 0.0001 -0.0001 0.0000 -0.0000 0.0000 0.0000 0.0003 -0.0006 0.0000 0.0001 -0.0001 0.0000 -0.0000 0.0000 0.0000 -0.0000 0.0000 0.0000 0.0001 0.0007 -0.0000 0.0001 -0.0012 0.0000 0.0003 -0.0008 0.0000 -0.0000 0.0001 0.0000 -0.0000 0.0000 0.0000 -0.0000 -0.0009 0.0000 -29.9996 0.0002 0.0001 29.9996 -0.0002 0.0000 -0.0000 0.0000 0.0000 176.9841 -0.2943 -0.8098 -2.3393 -3.0019 -12.7804 11.4734 70.7818 -13.7322 -0.0000 25.3510 0.0000 178.3735 8.5288 -0.2635 -0.0827 0.0000 0.0000 -7.7103 65.8496 8.2251 -0.0001 25.3508 0.0000
9.8801 97.1480 -26.2060 3.0389 9.6253 0.3073 0.0016 1.1096 0.0210 0.0016 1.1098 0.0210 0.0016 1.1130 0.0211 -87.9593 -14.6210 87.9306 0.0438 44.0226 -20.0526 77.0964 -17.2216 -54.4459 -8.3416 -2.4535 -3.6459 0.0001 0.0000 0.0000 -0.0000 0.0000 0.0000 -0.0008 -0.0013 -0.0000 0.0001 -0.0004 0.0000 -0.0000 0.0000 0.0000 -0.0000 0.0000 0.0000 -0.0001 0.0002 0.0000 0.0003 -0.0006 0.0000 -0.0006 0.0004 0.0000 0.0001 0.0000 0.0000 -0.0000 0.0000 0.0000 -0.0002 -0.0010 -0.0000 30.0001 0.0002 -0.0001 -29.9998 0.0005 0.0002 -0.0000 0.0000 0.0000 -0.3524 0.4522 0.4818 -0.3524 0.4522 0.4818 86.7468 -17.7359 -85.0150 2.8635 57.7025 -2.0978 2.3459 9.2988 27.9354 1.1062 0.8778 0.0100 0.0001 -0.0001 0.0000 -0.0000 0.0000 0.0000 0.0003 -0.0006 0.0000 0.0001 -0.0001 0.0000 -0.0000 0.0000 0.0000 -0.0000 0.0000 0.0000 0.0001 0.0007 -0.0000 0.0001 -0.0011 0.0000 0.0003 -0.0008 0.0000 -0.0000 0.0001 0.0000 -0.0000 0.0000 0.0000 -0.0000 -0.0009 0.0000 -29.9996 0.0002 0.0001 29.9996 -0.0003 0.0001 -0.0000 0.0000 0.0000 176.9596 -0.2029 -0.7472 -2.3254 -2.9919 -12.6851 11.2947 70.6999 -13.5775 -0.0000 25.3510 0.0000 178.3515 8.5904 -0.1554 -0.0827 0.0001 0.0000 -7.9383 65.8609 8.3864 -0.0001 25.3508 0.0000
9.8035 97.1518 -26.1449 3.0809 9.7277 0.4206 -0.0011 1.1230 0.0814 -0.0011 1.1231 0.0814 -0.0011 1.1264 0.0816 -87.8438 -14.4925 87.9147 0.7153 42.7906 -19.8878 80.2399 -14.9149 -52.7989 -8.5528 -2.1337 -4.0371 0.0001 0.0000 0.0000 -0.0000 0.0000 0.0000 -0.0008 -0.0013 -0.0000 0.0001 -0.0004 0.0000 -0.0000 0.0000 0.0000 -0.0000 0.0000 0.0000 -0.0000 0.0002 0.0000 0.0003 -0.0006 0.0000 -0.0006 0.0004 0.0000 0.0001 0.0000 0.0000 -0.0000 0.0000 0.0000 -0.0002 -0.0010 -0.0000 30.0001 0.0002 -0.0001 -29.9998 0.0005 0.0002 -0.0000 0.0000 0.0000 -0.4305 0.4959 0.4599 -0.4305 0.4959 0.4599 86.8228 -17.8762 -85.0212 4.3114 58.5939 -0.9492 4.0620 7.1498 33.0878 1.1539 0.7230 -0.0152 0.0001 -0.0001 0.0000 -0.0000 0.0000 0.0000 0.0003 -0.0006 0.0000 0.0001 -0.0001 0.0000 -0.0000 0.0000 0.0000 -0.0000 0.0000 0.0000 0.0001 0.0007 -0.0000 0.0001 -0.0012 0.0000 0.0003 -0.0008 0.0000 -0.0000 0.0001 0.0000 -0.0000 0.0000 0.0000 -0.0000 -0.0009 0.0000 -29.9996 0.0002 0.0001 29.9996 -0.0003 0.0001 -0.0000 0.0000 0.0000 176.9449 -0.0922 -0.6934 -2.3237 -3.0257 -12.5808 11.2097 70.6373 -13.5149 -0.0000 25.3510 0.0000 178.3434 8.6427 -0.0651 -0.0827 0.0000 0.0000 -8.1472 65.8780 8.5251 -0.0001 25.3508 0.0000
9.7179 97.1549 -26.0697 3.1103 9.8160 0.5083 0.0011 1.1314 0.1347 0.0011 1.1315 0.1348 0.0011 1.1348 0.1351 -87.7055 -14.3375 87.8892 1.5310 41.5267 -19.7840 83.0359 -12.1958 -51.9692 -8.7001 -1.8628 -4.4299 0.0001 0.0000 0.0000 -0.0000 0.0000 0.0000 -0.0008 -0.0013 -0.0000 0.0001 -0.0004 0.0000 -0.0000 0.0000 0.0000 -0.0000 0.0000 0.0000 -0.0000 0.0002 0.0000 0.0003 -0.0006 0.0000 -0.0006 0.0004 0.0000 0.0001 0.0000 0.0000 -0.0000 0.0000 0.0000 -0.0002 -0.0010 -0.0000 30.0001 0.0002 -0.0001 -29.9998 0.0005 0.0002 -0.0000 0.0000 0.0000 -0.4930 0.5487 0.4442 -0.4930 0.5487 0.4442 86.8952 -18.0385 -85.0081 5.4012 59.4102 0.6428 5.1531 5.5037 38.7666 1.1962 0.5459 -0.0292 0.0001 -0.0001 0.0000 -0.0000 0.0000 0.0000 0.0003 -0.0006 0.0000 0.0001 -0.0001 0.0000 -0.0000 0.0000 0.0000 -0.0000 0.0000 0.0000 0.0001 0.0007 -0.0000 0.0001 -0.0012 0.0000 0.0003 -0.0008 0.0000 -0.0000 0.0001 0.0000 -0.0000 0.0000 0.0000 -0.0000 -0.0009 0.0000 -29.9996 0.0002 0.0001 29.9996 -0.0003 0.0001 -0.0000 0.0000 0.0000 176.9424 0.0301 -0.6393 -2.3357 -3.1082 -12.4929 11.2234 70.6021 -13.5477 -0.0000 25.3510 0.0000 178.3569 8.6742 0.0015 -0.0827 0.0000 0.0000 -8.3382 65.9054 8.6430 -0.0001 25.3508 0.0000
9.6342 97.1554 -25.9785 3.1356 9.8890 0.5703 0.0030 1.1380 0.1797 0.0030 1.1382 0.1797 0.0030 1.1415 0.1802 -87.5475 -14.1653 87.8512 2.5518 40.2575 -19.5348 85.4913 -9.3937 -52.0229 -8.7846 -1.6657 -4.8111 0.0001 0.0000 0.0000 -0.0000 0.0000 0.0000 -0.0008 -0.0013 -0.0000 0.0001 -0.0004 0.0000 -0.0000 0.0000 0.0000 -0.0000 0.0000 0.0000 -0.0000 0.0002 0.0000 0.0003 -0.0006 0.0000 -0.0006 0.0004 0.0000 0.0001 0.0000 0.0000 -0.0000 0.0000 0.0000 -0.0002 -0.0010 -0.0000 30.0001 0.0002 -0.0001 -29.9998 0.0005 0.0002 -0.0000 0.0000 0.0000 -0.5292 0.6108 0.4298 -0.5292 0.6108 0.4298 86.9751 -18.1994 -84.9632 6.3559 60.2365 2.5155 5.6803 4.1588 44.5889 1.2174 0.3543 -0.0348 0.0001 -0.0001 0.0000 -0.0000 0.0000 0.0000 0.0003 -0.0006 0.0000 0.0001 -0.0001 0.0000 -0.0000 0.0000 0.0000 -0.0000 0.0000 0.0000 0.0001 0.0007 -0.0000 0.0001 -0.0011 0.0000 0.0003 -0.0008 0.0000 -0.0000 0.0001 0.0000 -0.0000 0.0000 0.0000 -0.0000 -0.0009 0.0000 -29.9996 0.0002 0.0001 29.9996 -0.0003 0.0001 -0.0000 0.0000 0.0000 176.9428 0.1388 -0.5794 -2.3529 -3.2059 -12.4417 11.2774 70.5827 -13.6189 -0.0000 25.3510 0.0000 178.3772 8.7076 0.0558 -0.0827 -0.0487 -0.0003 -8.5009 65.9700 8.7380 -0.0001 25.3508 0.0000
9.5560 97.1532 -25.8733 3.1624 9.9502 0.6043 0.0022 1.1434 0.2183 0.0022 1.1436 0.2183 0.0022 1.1469 0.2190 -87.3701 -13.9879 87.8053 3.7607 39.0413 -18.9706 87.6623 -6.7650 -52.7607 -8.8126 -1.5353 -5.1659 0.0001 0.0000 0.0000 -0.0000 0.0000 0.0000 -0.0008 -0.0013 -0.0000 0.0001 -0.0004 0.0000 -0.0000 0.0000 0.0000 -0.0000 0.0000 0.0000 -0.0000 0.0002 0.0000 0.0003 -0.0006 0.0000 -0.0006 0.0004 0.0000 0.0001 0.0000 0.0000 -0.0000 0.0000 0.0000 -0.0002 -0.0010 -0.0000 30.0001 0.0002 -0.0001 -29.9998 0.0005 0.0002 -0.0000 0.0000 0.0000 -0.5437 0.6754 0.4150 -0.5437 0.6754 0.4150 87.0661 -18.3488 -84.8875 7.1452 61.0286 4.5639 5.7308 3.0538 50.4542 1.2149 0.1592 -0.0347 0.0001 -0.0001 0.0000 -0.0000 0.0000 0.0000 0.0003 -0.0006 0.0000 0.0001 -0.0001 0.0000 -0.0000 0.0000 0.0000 -0.0000 0.0000 0.0000 0.0001 0.0007 -0.0000 0.0001 -0.0012 0.0000 0.0003 -0.0008 0.0000 -0.0000 0.0001 0.0000 -0.0000 0.0000 0.0000 -0.0000 -0.0009 0.0000 -29.9996 0.0002 0.0001 29.9996 -0.0003 0.0001 -0.0000 0.0000 0.0000 176.9359 0.2238 -0.5174 -2.3659 -3.2988 -12.4311 11.3350 70.5718 -13.6934 -0.0000 25.3510 0.0000 178.3968 8.6747 0.1066 -0.0827 0.0001 0.0000 -8.5904 65.9996 8.7615 -0.0001 25.3508 0.0000
9.4898 97.1477 -25.7479 3.1986 9.9994 0.5963 -0.0048 1.1458 0.2497 -0.0048 1.1460 0.2497 -0.0048 1.1493 0.2505 -87.1707 -13.8100 87.7610 5.2352 37.9117 -17.7101 89.3565 -4.6493 -54.1984 -8.7791 -1.4709 -5.4708 0.0001 0.0000 0.0000 -0.0000 0.0000 0.0000 -0.0008 -0.0013 -0.0000 0.0001 -0.0004 0.0000 -0.0000 0.0000 0.0000 -0.0000 0.0000 0.0000 -0.0001 0.0002 0.0000 0.0003 -0.0006 0.0000 -0.0006 0.0004 0.0000 0.0001 0.0000 0.0000 -0.0000 0.0000 0.0000 -0.0002 -0.0010 -0.0000 30.0001 0.0002 -0.0001 -29.9998 0.0005 0.0002 -0.0000 0.0000 0.0000 -0.5360 0.7368 0.3973 -0.5360 0.7368 0.3973 87.1670 -18.4777 -84.7677 7.7032 61.7012 6.6658 5.2157 2.2269 56.2060 1.1963 -0.0299 -0.0294 0.0001 -0.0001 0.0000 -0.0000 0.0000 0.0000 0.0003 -0.0006 0.0000 0.0001 -0.0001 0.0000 -0.0000 0.0000 0.0000 -0.0000 0.0000 0.0000 0.0001 0.0007 -0.0000 0.0001 -0.0012 0.0000 0.0003 -0.0008 0.0000 -0.0000 0.0001 0.0000 -0.0000 0.0000 0.0000 -0.0000 -0.0009 0.0000 -29.9996 0.0002 0.0001 29.9996 -0.0003 0.0001 -0.0000 0.0000 0.0000 176.9134 0.2640 -0.4606 -2.3705 -3.3629 -12.4778 11.3627 70.5681 -13.7363 -0.0000 25.3510 0.0000 178.4060 8.6460 0.1609 -0.0827 0.0001 0.0000 -8.5928 66.0732 8.7022 -0.0001 25.3508 0.0000
9.4229 97.1414 -25.6084 3.2448 10.0446 0.5568 -0.0180 1.1434 0.2756 -0.0180 1.1435 0.2756 -0.0180 1.1469 0.2764 -86.9707 -13.6339 87.7281 6.8936 37.0515 -15.8509 90.7610 -2.9853 -55.9519 -8.6914 -1.4602 -5.7116 0.0001 0.0000 0.0000 -0.0000 0.0000 0.0000 -0.0008 -0.0013 -0.0000 0.0001 -0.0004 0.0000 -0.0000 0.0000 0.0000 -0.0000 0.0000 0.0000 -0.0001 0.0002 0.0000 0.0003 -0.0006 0.0000 -0.0006 0.0004 0.0000 0.0001 0.0000 0.0000 -0.0000 0.0000 0.0000 -0.0002 -0.0010 -0.0000 30.0001 0.0002 -0.0001 -29.9998 0.0005 0.0002 -0.0000 0.0000 0.0000 -0.5147 0.7917 0.3767 -0.5147 0.7917 0.3767 87.2667 -18.5862 -84.6220 8.0951 62.2431 8.6797 4.3588 1.5727 61.7035 1.1644 -0.2055 -0.0220 0.0001 -0.0001 0.0000 -0.0000 0.0000 0.0000 0.0003 -0.0006 0.0000 0.0001 -0.0001 0.0000 -0.0000 0.0000 0.0000 -0.0000 0.0000 0.0000 0.0001 0.0007 -0.0000 0.0001 -0.0012 0.0000 0.0003 -0.0008 0.0000 -0.0000 0.0001 0.0000 -0.0000 0.0000 0.0000 -0.0000 -0.0009 0.0000 -29.9996 0.0002 0.0001 29.9996 -0.0003 0.0001 -0.0000 0.0000 0.0000 176.8835 0.2739 -0.4190 -2.3744 -3.3990 -12.5527 11.3591 70.5671 -13.7474 -0.0000 25.3510 0.0000 178.4096 8.6075 0.2106 -0.0827 0.0000 0.0000 -8.5411 66.1619 8.5867 -0.0001 25.3508 0.0000
9.3554 97.1359 -25.4680 3.2988 10.0890 0.4927 -0.0368 1.1369 0.2970 -0.0368 1.1371 0.2970 -0.0369 1.1404 0.2979 -86.7758 -13.4592 87.7000 8.5815 36.3913 -13.3377 91.8651 -1.8378 -57.9373 -8.5159 -1.4129 -5.8912 0.0001 0.0000 0.0000 -0.0000 0.0000 0.0000 -0.0008 -0.0013 -0.0000 0.0001 -0.0004 0.0000 -0.0000 0.0000 0.0000 -0.0000 0.0000 0.0000 -0.0000 0.0003 0.0000 0.0003 -0.0006 0.0000 -0.0006 0.0004 0.0000 0.0001 0.0000 0.0000 -0.0000 0.0000 0.0000 -0.0002 -0.0010 -0.0000 30.0001 0.0002 -0.0001 -29.9998 0.0005 0.0002 -0.0000 0.0000 0.0000 -0.4817 0.8381 0.3513 -0.4817 0.8380 0.3513 87.3599 -18.6785 -84.4705 8.3493 62.6499 10.5561 3.2639 1.0463 66.7792 1.1248 -0.3639 -0.0139 0.0001 -0.0001 0.0000 -0.0000 0.0000 0.0000 0.0003 -0.0006 0.0000 0.0001 -0.0001 0.0000 -0.0000 0.0000 0.0000 -0.0000 0.0000 0.0000 0.0001 0.0007 -0.0000 0.0001 -0.0012 0.0000 0.0003 -0.0008 0.0000 -0.0000 0.0001 0.0000 -0.0000 0.0000 0.0000 -0.0000 -0.0009 0.0000 -29.9996 0.0002 0.0001 29.9996 -0.0003 0.0001 -0.0000 0.0000 0.0000 176.8524 0.2717 -0.3906 -2.3817 -3.4216 -12.6387 11.3472 70.5676 -13.7528 -0.0000 25.3510 0.0000 178.4093 8.5696 0.2586 -0.0827 0.0000 0.0000 -8.4311 66.2587 8.4127 -0.0001 25.3508 0.0000
9.2954 97.1329 -25.3468 3.3596 10.1339 0.4003 -0.0613 1.1254 0.3119 -0.0613 1.1255 0.3119 -0.0616 1.1288 0.3129 -86.5928 -13.2942 87.6703 10.1733 36.1066 -10.0519 92.4591 -1.2299 -59.7836 -8.2722 -1.2997 -5.9754 0.0001 0.0000 0.0000 -0.0000 0.0000 0.0000 -0.0008 -0.0013 -0.0000 0.0001 -0.0004 0.0000 -0.0000 0.0000 0.0000 -0.0000 0.0000 0.0000 -0.0001 0.0002 0.0000 0.0003 -0.0006 0.0000 -0.0006 0.0004 0.0000 0.0001 0.0000 0.0000 -0.0000 0.0000 0.0000 -0.0002 -0.0010 -0.0000 30.0001 0.0002 -0.0001 -29.9998 0.0005 0.0002 -0.0000 0.0000 0.0000 -0.4417 0.8623 0.3192 -0.4417 0.8623 0.3192 87.4416 -18.7579 -84.3360 8.4830 62.8562 12.1029 1.8785 0.6893 71.1365 1.0921 -0.5010 -0.0041 0.0001 -0.0001 0.0000 -0.0000 0.0000 0.0000 0.0003 -0.0006 0.0000 0.0001 -0.0001 0.0000 -0.0000 0.0000 0.0000 -0.0000 0.0000 0.0000 0.0001 0.0007 -0.0000 0.0001 -0.0012 0.0000 0.0003 -0.0008 0.0000 -0.0000 0.0001 0.0000 -0.0000 0.0000 0.0000 -0.0000 -0.0009 0.0000 -29.9996 0.0002 0.0001 29.9996 -0.0003 0.0001 -0.0000 0.0000 0.0000 176.8205 0.2683 -0.3737 -2.3916 -3.4375 -12.7203 11.3648 70.5674 -13.7958 -0.0000 25.3511 0.0000 178.4004 8.5549 0.3062 -0.0827 -0.0163 -0.0000 -8.2307 66.3639 8.1571 -0.0001 25.3508 0.0000
9.2565 97.1327 -25.2570 3.4175 10.1778 0.2929 -0.0859 1.1110 0.3205 -0.0859 1.1112 0.3206 -0.0862 1.1144 0.3215 -86.4310 -13.1420 87.6451 11.5435 36.1604 -6.5200 92.6462 -0.6754 -61.1318 -7.9961 -1.1057 -5.9715 0.0001 0.0000 0.0000 -0.0000 0.0000 0.0000 -0.0008 -0.0013 -0.0000 0.0001 -0.0004 0.0000 -0.0000 0.0000 0.0000 -0.0000 0.0000 0.0000 -0.0000 0.0002 0.0000 0.0003 -0.0006 0.0000 -0.0006 0.0004 0.0000 0.0001 0.0000 0.0000 -0.0000 0.0000 0.0000 -0.0002 -0.0010 -0.0000 30.0001 0.0002 -0.0001 -29.9998 0.0005 0.0002 -0.0000 0.0000 0.0000 -0.4103 0.8688 0.2864 -0.4103 0.8688 0.2864 87.5140 -18.8379 -84.2240 8.5900 62.9367 13.3346 0.2564 0.3974 74.8229 1.0683 -0.6228 0.0069 0.0001 -0.0001 0.0000 -0.0000 0.0000 0.0000 0.0003 -0.0006 0.0000 0.0001 -0.0001 0.0000 -0.0000 0.0000 0.0000 -0.0000 0.0000 0.0000 0.0001 0.0007 -0.0000 0.0001 -0.0012 0.0000 0.0003 -0.0008 0.0000 -0.0000 0.0001 0.0000 -0.0000 0.0000 0.0000 -0.0000 -0.0009 0.0000 -29.9997 0.0002 0.0001 29.9996 -0.0003 0.0001 -0.0000 0.0000 0.0000 176.7985 0.2696 -0.3565 -2.4054 -3.4589 -12.7963 11.4064 70.5690 -13.8731 -0.0000 25.3510 0.0000 178.3822 8.5520 0.3442 -0.0827 -0.0163 -0.0000 -7.9732 66.4474 7.8648 -0.0001 25.3508 0.0000
9.2327 97.1342 -25.1879 3.4703 10.2182 0.1747 -0.1094 1.0964 0.3228 -0.1094 1.0966 0.3228 -0.1097 1.0998 0.3237 -86.2948 -13.0005 87.6236 12.6248 36.4556 -3.0180 92.4682 0.1025 -62.0273 -7.6952 -0.8359 -5.8955 0.0001 0.0000 0.0000 -0.0000 0.0000 0.0000 -0.0008 -0.0013 -0.0000 0.0001 -0.0004 0.0000 -0.0000 0.0000 0.0000 -0.0000 0.0000 0.0000 -0.0000 0.0003 0.0000 0.0003 -0.0006 0.0000 -0.0006 0.0004 0.0000 0.0001 0.0000 0.0000 -0.0000 0.0000 0.0000 -0.0002 -0.0010 -0.0000 30.0001 0.0003 -0.0002 -29.9998 0.0005 0.0002 -0.0000 0.0000 0.0000 -0.3887 0.8637 0.2552 -0.3887 0.8637 0.2552 87.5785 -18.9179 -84.1280 8.6728 62.9376 14.3142 -1.5809 0.1155 77.9091 1.0559 -0.7361 0.0193 0.0001 -0.0001 0.0000 -0.0000 0.0000 0.0000 0.0003 -0.0006 0.0000 0.0001 -0.0001 0.0000 -0.0000 0.0000 0.0000 -0.0000 0.0000 0.0000 0.0001 0.0007 -0.0000 0.0001 -0.0012 0.0000 0.0003 -0.0008 0.0000 -0.0000 0.0001 0.0000 -0.0000 0.0000 0.0000 -0.0000 -0.0009 0.0000 -29.9997 0.0002 0.0001 29.9996 -0.0003 0.0001 -0.0000 0.0000 0.0000 176.7884 0.2688 -0.3356 -2.4219 -3.4811 -12.8756 11.4438 70.5727 -13.9561 -0.0000 25.3510 0.0000 178.3602 8.5516 0.3623 -0.0827 0.0000 0.0000 -7.7006 66.5115 7.5744 -0.0001 25.3508 0.0000
9.2092 97.1359 -25.1391 3.5177 10.2508 0.0463 -0.1317 1.0846 0.3165 -0.1317 1.0847 0.3166 -0.1321 1.0879 0.3176 -86.1954 -12.8854 87.5945 13.1718 36.9493 0.1854 91.7325 1.4560 -62.2466 -7.3784 -0.4519 -5.7478 0.0001 0.0000 0.0000 -0.0000 0.0000 0.0000 -0.0008 -0.0013 -0.0000 0.0001 -0.0004 0.0000 -0.0000 0.0000 0.0000 -0.0000 0.0000 0.0000 -0.0000 0.0002 0.0000 0.0003 -0.0006 0.0000 -0.0006 0.0004 0.0000 0.0001 0.0000 0.0000 -0.0000 0.0000 0.0000 -0.0002 -0.0010 -0.0000 30.0001 0.0003 -0.0002 -29.9998 0.0005 0.0002 -0.0000 0.0000 0.0000 -0.3830 0.8415 0.2277 -0.3830 0.8415 0.2277 87.6331 -19.0062 -84.0746 8.7204 62.8819 14.9706 -3.8023 -0.1903 80.2495 1.0652 -0.8435 0.0349 0.0001 -0.0001 0.0000 -0.0000 0.0000 0.0000 0.0003 -0.0006 0.0000 0.0001 -0.0001 0.0000 -0.0000 0.0000 0.0000 -0.0000 0.0000 0.0000 0.0001 0.0007 -0.0000 0.0001 -0.0012 0.0000 0.0003 -0.0008 0.0000 -0.0000 0.0001 0.0000 -0.0000 0.0000 0.0000 -0.0000 -0.0009 0.0000 -29.9996 0.0002 0.0001 29.9996 -0.0003 0.0001 -0.0000 0.0000 0.0000 176.7862 0.2508 -0.3085 -2.4347 -3.4901 -12.9669 11.4400 70.5776 -14.0078 -0.0000 25.3510 0.0000 178.3435 8.6100 0.3507 -0.0827 -0.0888 -0.0003 -7.4653 66.6140 7.3322 -0.0001 25.3508 0.0000
9.1674 97.1362 -25.1011 3.5650 10.2756 -0.0860 -0.1522 1.0756 0.3031 -0.1523 1.0758 0.3031 -0.1527 1.0789 0.3040 -86.1173 -12.8035 87.5687 13.3094 37.5270 2.9515 90.5066 3.3703 -61.8613 -7.0490 0.0137 -5.5493 0.0001 0.0000 0.0000 -0.0000 0.0000 0.0000 -0.0008 -0.0013 -0.0000 0.0001 -0.0004 0.0000 -0.0000 0.0000 0.0000 -0.0000 0.0000 0.0000 -0.0000 0.0002 0.0000 0.0003 -0.0006 0.0000 -0.0006 0.0004 0.0000 0.0001 0.0000 0.0000 -0.0000 0.0000 0.0000 -0.0002 -0.0010 -0.0000 30.0001 0.0002 -0.0001 -29.9998 0.0005 0.0002 -0.0000 0.0000 0.0000 -0.3941 0.8099 0.2057 -0.3941 0.8099 0.2057 87.6850 -19.0986 -84.0576 8.7397 62.8136 15.3890 -6.4017 -0.5836 82.1597 1.0943 -0.9568 0.0546 0.0001 -0.0001 0.0000 -0.0000 0.0000 0.0000 0.0003 -0.0006 0.0000 0.0001 -0.0001 0.0000 -0.0000 0.0000 0.0000 -0.0000 0.0000 0.0000 0.0001 0.0007 -0.0000 0.0001 -0.0012 0.0000 0.0003 -0.0008 0.0000 -0.0000 0.0001 0.0000 -0.0000 0.0000 0.0000 -0.0000 -0.0009 0.0000 -29.9996 0.0002 0.0001 29.9996 -0.0003 0.0001 -0.0000 0.0000 0.0000 176.7786 0.2128 -0.2788 -2.4390 -3.4790 -13.0598 11.4112 70.5786 -14.0351 -0.0000 25.3510 0.0000 178.3393 8.7889 0.3118 -0.0827 -0.4182 -0.0015 -7.3224 66.8226 7.1793 -0.0001 25.3508 0.0000
9.1087 97.1361 -25.0737 3.6111 10.2952 -0.2213 -0.1692 1.0682 0.2841 -0.1692 1.0683 0.2841 -0.1696 1.0714 0.2849 -86.0575 -12.7462 87.5619 13.1640 38.1363 5.2652 88.8337 5.6657 -60.9749 -6.7113 0.5157 -5.3163 0.0001 0.0000 0.0000 -0.0000 0.0000 0.0000 -0.0008 -0.0013 -0.0000 0.0001 -0.0004 0.0000 -0.0000 0.0000 0.0000 -0.0000 0.0000 0.0000 -0.0000 0.0002 0.0000 0.0003 -0.0006 0.0000 -0.0006 0.0004 0.0000 0.0001 0.0000 0.0000 -0.0000 0.0000 0.0000 -0.0002 -0.0010 -0.0000 30.0001 0.0002 -0.0001 -29.9998 0.0005 0.0002 -0.0000 0.0000 0.0000 -0.4237 0.7748 0.1911 -0.4237 0.7748 0.1911 87.7374 -19.1928 -84.0638 8.7052 62.7294 15.6538 -9.3491 -1.0766 83.7550 1.1437 -1.0839 0.0793 0.0001 -0.0001 0.0000 -0.0000 0.0000 0.0000 0.0003 -0.0006 0.0000 0.0001 -0.0001 0.0000 -0.0000 0.0000 0.0000 -0.0000 0.0000 0.0000 0.0001 0.0007 -0.0000 0.0001 -0.0012 0.0000 0.0003 -0.0008 0.0000 -0.0000 0.0001 0.0000 -0.0000 0.0000 0.0000 -0.0000 -0.0009 0.0000 -29.9996 0.0002 0.0001 29.9996 -0.0003 0.0001 -0.0000 0.0000 0.0000 176.7680 0.1640 -0.2569 -2.4382 -3.4546 -13.1407 11.3786 70.5746 -14.0590 -0.0000 25.3511 0.0000 178.3478 9.0325 0.2499 -0.0827 -0.8723 -0.0031 -7.2497 67.0794 7.0895 -0.0001 25.3508 0.0000
9.0339 97.1372 -25.0595 3.6517 10.3112 -0.3557 -0.1787 1.0604 0.2596 -0.1787 1.0606 0.2596 -0.1792 1.0637 0.2604 -86.0200 -12.7149 87.5952 12.7980 38.7519 6.9508 86.5458 8.3030 -59.5393 -6.3769 1.0363 -5.0532 0.0001 0.0000 0.0000 -0.0000 0.0000 0.0000 -0.0008 -0.0013 -0.0000 0.0001 -0.0004 0.0000 -0.0000 0.0000 0.0000 -0.0000 0.0000 0.0000 -0.0000 0.0003 0.0000 0.0003 -0.0006 0.0000 -0.0006 0.0004 0.0000 0.0001 0.0000 0.0000 -0.0000 0.0000 0.0000 -0.0002 -0.0010 -0.0000 30.0001 0.0003 -0.0002 -29.9998 0.0005 0.0002 -0.0000 0.0000 0.0000 -0.4795 0.7462 0.1884 -0.4795 0.7462 0.1884 87.7910 -19.2866 -84.0996 8.5962 62.5762 15.7452 -12.8256 -1.6628 84.9693 1.2420 -1.2427 0.1156 0.0001 -0.0001 0.0000 -0.0000 0.0000 0.0000 0.0003 -0.0006 0.0000 0.0001 -0.0001 0.0000 -0.0000 0.0000 0.0000 -0.0000 0.0000 0.0000 0.0001 0.0007 -0.0000 0.0001 -0.0011 0.0000 0.0003 -0.0008 0.0000 -0.0000 0.0001 0.0000 -0.0000 0.0000 0.0000 -0.0000 -0.0009 0.0000 -29.9996 0.0002 0.0001 29.9996 -0.0003 0.0001 -0.0000 0.0000 0.0000 176.7643 0.1179 -0.2585 -2.4405 -3.4268 -13.1946 11.3586 70.5635 -14.0949 -0.0000 25.3510 0.0000 178.3741 9.2539 0.1638 -0.0828 -1.2706 -0.0044 -7.2296 67.2905 7.0413 -0.0001 25.3508 0.0000
8.9562 97.1387 -25.0470 3.6870 10.3248 -0.4806 -0.1838 1.0519 0.2329 -0.1838 1.0520 0.2329 -0.1844 1.0551 0.2337 -85.9912 -12.6995 87.6558 12.3504 39.3235 8.3686 83.6562 11.0951 -57.8505 -6.0324 1.5490 -4.7662 0.0001 0.0000 0.0000 -0.0000 0.0000 0.0000 -0.0008 -0.0013 -0.0000 0.0001 -0.0004 0.0000 -0.0000 0.0000 0.0000 -0.0000 0.0000 0.0000 -0.0000 0.0003 0.0000 0.0003 -0.0006 0.0000 -0.0006 0.0004 0.0000 0.0001 0.0000 0.0000 -0.0000 0.0000 0.0000 -0.0002 -0.0010 -0.0000 30.0001 0.0003 -0.0002 -29.9998 0.0005 0.0002 -0.0000 0.0000 0.0000 -0.5475 0.7319 0.1927 -0.5475 0.7319 0.1927 87.8431 -19.3818 -84.1611 8.4816 62.3474 15.6977 -16.7370 -2.3088 85.8839 1.3793 -1.4365 0.1663 0.0001 -0.0001 0.0000 -0.0000 0.0000 0.0000 0.0003 -0.0006 0.0000 0.0001 -0.0001 0.0000 -0.0000 0.0000 0.0000 -0.0000 0.0000 0.0000 0.0001 0.0007 -0.0000 0.0001 -0.0012 0.0000 0.0003 -0.0008 0.0000 -0.0000 0.0001 0.0000 -0.0000 0.0000 0.0000 -0.0000 -0.0009 0.0000 -29.9996 0.0002 0.0001 29.9996 -0.0003 0.0001 -0.0000 0.0000 0.0000 176.7675 0.0823 -0.2779 -2.4486 -3.4092 -13.2325 11.3449 70.5497 -14.1339 -0.0000 25.3510 0.0000 178.4073 9.2921 0.0727 -0.0828 -1.3066 -0.0046 -7.1836 67.3152 6.9600 -0.0001 25.3508 0.0000
8.8794 97.1391 -25.0292 3.7201 10.3346 -0.5961 -0.1866 1.0424 0.2051 -0.1866 1.0425 0.2051 -0.1872 1.0456 0.2057 -85.9674 -12.6971 87.7411 11.6604 40.0993 10.0133 80.2801 13.8869 -56.0120 -5.3830 1.8821 -4.2209 0.0001 0.0000 0.0000 -0.0000 0.0000 0.0000 -0.0008 -0.0013 -0.0000 0.0001 -0.0004 0.0000 -0.0000 0.0000 0.0000 -0.0000 0.0000 0.0000 -0.0000 0.0003 0.0000 0.0003 -0.0006 0.0000 -0.0006 0.0004 0.0000 0.0001 0.0000 0.0000 -0.0000 0.0000 0.0000 -0.0002 -0.0010 -0.0000 30.0001 0.0003 -0.0002 -29.9998 0.0005 0.0002 -0.0000 0.0000 0.0000 -0.6211 0.7327 0.2036 -0.6211 0.7327 0.2036 87.8932 -19.4753 -84.2420 8.3818 62.0460 15.5513 -21.0034 -2.9986 86.4854 1.5532 -1.6680 0.2349 0.0001 -0.0001 0.0000 -0.0000 0.0000 0.0000 0.0003 -0.0006 0.0000 0.0001 -0.0001 0.0000 -0.0000 0.0000 0.0000 -0.0000 0.0000 0.0000 0.0001 0.0007 -0.0000 0.0001 -0.0012 0.0000 0.0003 -0.0008 0.0000 -0.0000 0.0001 0.0000 -0.0000 0.0000 0.0000 -0.0000 -0.0009 0.0000 -29.9996 0.0002 0.0001 29.9996 -0.0003 0.0001 -0.0000 0.0000 0.0000 176.7712 0.0519 -0.3016 -2.4592 -3.3992 -13.2729 11.3291 70.5354 -14.1677 -0.0000 25.3510 0.0000 178.4408 9.2088 -0.0163 -0.0828 -1.1154 -0.0039 -7.1173 67.2272 6.8558 -0.0001 25.3508 0.0000
8.8134 97.1370 -24.9977 3.7543 10.3376 -0.7030 -0.1875 1.0320 0.1764 -0.1875 1.0321 0.1764 -0.1881 1.0351 0.1769 -85.9544 -12.7051 87.8495 10.8365 41.0058 11.6587 76.3090 16.6818 -53.9806 -4.5269 2.0107 -3.5025 0.0001 0.0000 0.0000 -0.0000 0.0000 0.0000 -0.0008 -0.0013 -0.0000 0.0001 -0.0004 0.0000 -0.0000 0.0000 0.0000 -0.0000 0.0000 0.0000 -0.0000 0.0003 0.0000 0.0003 -0.0006 0.0000 -0.0006 0.0004 0.0000 0.0001 0.0000 0.0000 -0.0000 0.0000 0.0000 -0.0002 -0.0010 -0.0000 30.0001 0.0003 -0.0002 -29.9998 0.0005 0.0002 -0.0000 0.0000 0.0000 -0.6907 0.7526 0.2275 -0.6907 0.7526 0.2275 87.9327 -19.5555 -84.3460 8.3324 61.6524 15.2918 -25.7046 -3.7028 86.5372 1.7818 -1.9407 0.3295 0.0001 -0.0001 0.0000 -0.0000 0.0000 0.0000 0.0003 -0.0006 0.0000 0.0001 -0.0001 0.0000 -0.0000 0.0000 0.0000 -0.0000 0.0000 0.0000 0.0001 0.0007 -0.0000 0.0001 -0.0012 0.0000 0.0003 -0.0008 0.0000 -0.0000 0.0001 0.0000 -0.0000 0.0000 0.0000 -0.0000 -0.0009 0.0000 -29.9997 0.0002 0.0001 29.9996 -0.0003 0.0001 -0.0000 0.0000 0.0000 176.7688 0.0162 -0.3253 -2.4685 -3.3889 -13.3362 11.2929 70.5222 -14.1755 -0.0000 25.3510 0.0000 178.4645 9.1420 -0.0958 -0.0827 -0.9910 -0.0033 -7.0529 67.1801 6.7596 -0.0001 25.3508 0.0000
8.7632 97.1347 -24.9579 3.7925 10.3355 -0.8091 -0.1871 1.0209 0.1496 -0.1871 1.0211 0.1496 -0.1878 1.0240 0.1500 -85.9564 -12.7119 87.9555 10.1210 41.7708 12.9512 71.8845 19.4412 -51.7522 -3.7713 2.0727 -2.8737 0.0001 0.0000 0.0000 -0.0000 0.0000 0.0000 -0.0008 -0.0013 -0.0000 0.0001 -0.0004 0.0000 -0.0000 0.0000 0.0000 -0.0000 0.0000 0.0000 -0.0000 0.0002 0.0000 0.0003 -0.0006 0.0000 -0.0006 0.0004 0.0000 0.0001 0.0000 0.0000 -0.0000 0.0000 0.0000 -0.0002 -0.0010 -0.0000 30.0001 0.0002 -0.0001 -29.9998 0.0005 0.0002 -0.0000 0.0000 0.0000 -0.7485 0.7807 0.2584 -0.7485 0.7807 0.2584 87.9508 -19.6206 -84.4672 8.3231 61.1757 14.9653 -30.6236 -4.3975 86.0461 2.0676 -2.2475 0.4536 0.0001 -0.0001 0.0000 -0.0000 0.0000 0.0000 0.0003 -0.0006 0.0000 0.0001 -0.0001 0.0000 -0.0000 0.0000 0.0000 -0.0000 0.0000 0.0000 0.0001 0.0007 -0.0000 0.0001 -0.0012 0.0000 0.0003 -0.0008 0.0000 -0.0000 0.0001 0.0000 -0.0000 0.0000 0.0000 -0.0000 -0.0009 0.0000 -29.9996 0.0002 0.0001 29.9996 -0.0003 0.0001 -0.0000 0.0000 0.0000 176.7582 -0.0336 -0.3579 -2.4731 -3.3700 -13.4202 11.2187 70.5143 -14.1384 -0.0000 25.3510 0.0000 178.4738 9.2146 -0.1711 -0.0828 -1.1667 -0.0040 -7.0178 67.2878 6.7057 -0.0001 25.3508 0.0000
8.7229 97.1343 -24.9195 3.8343 10.3314 -0.9142 -0.1853 1.0089 0.1246 -0.1853 1.0090 0.1246 -0.1859 1.0120 0.1251 -85.9685 -12.7136 88.0563 9.4855 42.4314 13.9682 66.9124 22.2110 -49.2172 -3.0961 2.0835 -2.3188 0.0001 0.0000 0.0000 -0.0000 0.0000 0.0000 -0.0008 -0.0013 -0.0000 0.0001 -0.0004 0.0000 -0.0000 0.0000 0.0000 -0.0000 0.0000 0.0000 -0.0000 0.0002 0.0000 0.0003 -0.0006 0.0000 -0.0006 0.0004 0.0000 0.0001 0.0000 0.0000 -0.0000 0.0000 0.0000 -0.0002 -0.0010 -0.0000 30.0001 0.0002 -0.0001 -29.9998 0.0005 0.0002 -0.0000 0.0000 0.0000 -0.7954 0.8131 0.2927 -0.7954 0.8131 0.2927 87.9441 -19.6675 -84.5989 8.3118 60.6158 14.5988 -35.6756 -5.0655 85.0902 2.4163 -2.5849 0.6126 0.0001 -0.0001 0.0000 -0.0000 0.0000 0.0000 0.0003 -0.0006 0.0000 0.0001 -0.0001 0.0000 -0.0000 0.0000 0.0000 -0.0000 0.0000 0.0000 0.0001 0.0007 -0.0000 0.0001 -0.0012 0.0000 0.0003 -0.0008 0.0000 -0.0000 0.0001 0.0000 -0.0000 0.0000 0.0000 -0.0000 -0.0008 0.0000 -29.9996 0.0002 0.0001 29.9996 -0.0003 0.0001 -0.0000 0.0000 0.0000 176.7413 -0.0918 -0.3925 -2.4733 -3.3438 -13.5192 11.1208 70.5113 -14.0725 -0.0000 25.3510 0.0000 178.4737 9.3950 -0.2486 -0.0828 -1.5612 -0.0055 -7.0163 67.5035 6.6949 -0.0001 25.3508 0.0000
8.6789 97.1374 -24.9003 3.8816 10.3276 -1.0227 -0.1806 0.9936 0.0999 -0.1806 0.9937 0.0999 -0.1811 0.9966 0.1002 -85.9898 -12.7103 88.1518 8.9145 43.0063 14.6619 61.4668 24.7931 -46.4440 -2.5287 2.0519 -1.8509 0.0001 0.0000 0.0000 -0.0000 0.0000 0.0000 -0.0008 -0.0013 -0.0000 0.0001 -0.0004 0.0000 -0.0000 0.0000 0.0000 -0.0000 0.0000 0.0000 -0.0000 0.0002 0.0000 0.0003 -0.0006 0.0000 -0.0006 0.0004 0.0000 0.0001 0.0000 0.0000 -0.0000 0.0000 0.0000 -0.0002 -0.0010 -0.0000 30.0001 0.0003 -0.0002 -29.9998 0.0005 0.0002 -0.0000 0.0000 0.0000 -0.8301 0.8491 0.3328 -0.8301 0.8491 0.3328 87.9020 -19.6744 -84.7410 8.2379 59.9319 14.2156 -40.7969 -5.6766 83.5574 2.8502 -2.9403 0.8151 0.0001 -0.0001 0.0000 -0.0000 0.0000 0.0000 0.0003 -0.0006 0.0000 0.0001 -0.0001 0.0000 -0.0000 0.0000 0.0000 -0.0000 0.0000 0.0000 0.0001 0.0007 -0.0000 0.0001 -0.0012 0.0000 0.0003 -0.0008 0.0000 -0.0000 0.0001 0.0000 -0.0000 0.0000 0.0000 -0.0000 -0.0009 0.0000 -29.9996 0.0002 0.0001 29.9996 -0.0003 0.0001 -0.0000 0.0000 0.0000 176.7192 -0.1472 -0.4289 -2.4710 -3.3156 -13.6269 11.0206 70.5143 -14.0034 -0.0000 25.3510 0.0000 178.4719 9.5358 -0.3509 -0.0829 -1.8499 -0.0065 -7.0311 67.6528 6.7000 -0.0001 25.3508 0.0000
8.6258 97.1416 -24.9038 3.9282 10.3262 -1.1360 -0.1704 0.9747 0.0688 -0.1704 0.9749 0.0688 -0.1710 0.9777 0.0690 -86.0155 -12.7085 88.2347 8.3465 43.5292 15.1488 55.6247 27.0495 -43.4125 -2.0601 1.9943 -1.4634 0.0001 0.0000 0.0000 -0.0000 0.0000 0.0000 -0.0008 -0.0013 -0.0000 0.0001 -0.0004 0.0000 -0.0000 0.0000 0.0000 -0.0000 0.0000 0.0000 -0.0000 0.0003 0.0000 0.0003 -0.0006 0.0000 -0.0006 0.0004 0.0000 0.0001 0.0000 0.0000 -0.0000 0.0000 0.0000 -0.0002 -0.0010 -0.0000 30.0001 0.0002 -0.0001 -29.9998 0.0005 0.0001 -0.0000 0.0000 0.0000 -0.8603 0.8825 0.3832 -0.8603 0.8825 0.3832 87.8357 -19.6458 -84.8883 7.9820 59.1184 13.9680 -45.8911 -6.1941 81.6399 3.3691 -3.3097 1.0668 0.0001 -0.0001 0.0000 -0.0000 0.0000 0.0000 0.0003 -0.0006 0.0000 0.0001 -0.0001 0.0000 -0.0000 0.0000 0.0000 -0.0000 0.0000 0.0000 0.0001 0.0007 -0.0000 0.0001 -0.0012 0.0000 0.0003 -0.0008 0.0000 -0.0000 0.0001 0.0000 -0.0000 0.0000 0.0000 -0.0000 -0.0009 0.0000 -29.9996 0.0002 0.0001 29.9996 -0.0003 0.0001 -0.0000 0.0000 0.0000 176.7034 -0.1855 -0.4791 -2.4730 -3.3005 -13.7203 10.9402 70.5207 -13.9560 -0.0000 25.3510 0.0000 178.4775 9.5754 -0.4875 -0.0829 -1.9014 -0.0064 -7.0550 67.6681 6.7129 -0.0001 25.3508 0.0000
8.5745 97.1452 -24.9196 3.9717 10.3255 -1.2523 -0.1563 0.9550 0.0343 -0.1563 0.9551 0.0343 -0.1567 0.9579 0.0344 -86.0458 -12.7046 88.2992 7.7727 43.9860 15.4931 49.4401 28.9470 -40.2336 -1.6793 1.9230 -1.1452 0.0001 0.0000 0.0000 -0.0000 0.0000 0.0000 -0.0008 -0.0013 -0.0000 0.0001 -0.0004 0.0000 -0.0000 0.0000 0.0000 -0.0000 0.0000 0.0000 -0.0000 0.0002 0.0000 0.0003 -0.0006 0.0000 -0.0006 0.0004 0.0000 0.0001 0.0000 0.0000 -0.0000 0.0000 0.0000 -0.0002 -0.0010 -0.0000 30.0001 0.0002 -0.0001 -29.9998 0.0005 0.0002 -0.0000 0.0000 0.0000 -0.8880 0.9090 0.4357 -0.8880 0.9090 0.4357 87.7543 -19.5990 -85.0293 7.5065 58.1780 13.9267 -50.9512 -6.5825 79.4250 3.9767 -3.6878 1.3748 0.0001 -0.0001 0.0000 -0.0000 0.0000 0.0000 0.0003 -0.0006 0.0000 0.0001 -0.0001 0.0000 -0.0000 0.0000 0.0000 -0.0000 0.0000 0.0000 0.0001 0.0007 -0.0000 0.0001 -0.0011 0.0000 0.0003 -0.0008 0.0000 -0.0000 0.0001 0.0000 -0.0000 0.0000 0.0000 -0.0000 -0.0009 0.0000 -29.9996 0.0002 0.0001 29.9996 -0.0003 0.0001 -0.0000 0.0000 0.0000 176.6959 -0.2062 -0.5390 -2.4800 -3.3029 -13.7995 10.8765 70.5301 -13.9273 -0.0000 25.3510 0.0000 178.4855 9.5570 -0.6511 -0.0828 -1.8198 -0.0058 -7.0908 67.6073 6.7451 -0.0001 25.3508 0.0000
8.5416 97.1472 -24.9365 4.0133 10.3235 -1.3696 -0.1404 0.9369 -0.0032 -0.1404 0.9370 -0.0032 -0.1408 0.9398 -0.0032 -86.0757 -12.6968 88.3493 7.1536 44.3337 15.6820 43.0392 30.4580 -37.1434 -1.3844 1.8501 -0.8896 0.0001 0.0000 0.0000 -0.0000 0.0000 0.0000 -0.0008 -0.0013 -0.0000 0.0001 -0.0004 0.0000 -0.0000 0.0000 0.0000 -0.0000 0.0000 0.0000 -0.0000 0.0003 0.0000 0.0003 -0.0006 0.0000 -0.0006 0.0004 0.0000 0.0001 0.0000 0.0000 -0.0000 0.0000 0.0000 -0.0002 -0.0010 -0.0000 30.0001 0.0003 -0.0002 -29.9998 0.0005 0.0002 -0.0000 0.0000 0.0000 -0.9156 0.9220 0.4833 -0.9156 0.9220 0.4833 87.6600 -19.5376 -85.1431 6.7170 57.0762 14.2045 -55.9184 -6.7504 76.9402 4.6829 -4.0643 1.7477 0.0001 -0.0001 0.0000 -0.0000 0.0000 0.0000 0.0003 -0.0006 0.0000 0.0001 -0.0001 0.0000 -0.0000 0.0000 0.0000 -0.0000 0.0000 0.0000 0.0001 0.0007 -0.0000 0.0001 -0.0012 0.0000 0.0003 -0.0008 0.0000 -0.0000 0.0001 0.0000 -0.0000 0.0000 0.0000 -0.0000 -0.0008 0.0000 -29.9996 0.0002 0.0001 29.9996 -0.0003 0.0001 -0.0000 0.0000 0.0000 176.6957 -0.2083 -0.5952 -2.4909 -3.3258 -13.8666 10.8362 70.5395 -13.9283 -0.0000 25.3511 0.0000 178.4829 9.5471 -0.8307 -0.0828 -1.7566 -0.0057 -7.1328 67.5544 6.8046 -0.0001 25.3508 0.0000
8.5229 97.1498 -24.9433 4.0605 10.3179 -1.4905 -0.1296 0.9229 -0.0399 -0.1296 0.9230 -0.0399 -0.1300 0.9257 -0.0400 -86.0954 -12.6877 88.4015 6.5277 44.5677 15.7060 36.5485 31.5696 -34.1394 -1.1601 1.7896 -0.6857 0.0001 0.0000 0.0000 -0.0000 0.0000 0.0000 -0.0008 -0.0013 -0.0000 0.0001 -0.0004 0.0000 -0.0000 0.0000 0.0000 -0.0000 0.0000 0.0000 -0.0000 0.0002 0.0000 0.0003 -0.0006 0.0000 -0.0006 0.0004 0.0000 0.0001 0.0000 0.0000 -0.0000 0.0000 0.0000 -0.0002 -0.0010 -0.0000 30.0001 0.0002 -0.0001 -29.9998 0.0005 0.0002 -0.0000 0.0000 0.0000 -0.9384 0.9206 0.5224 -0.9384 0.9206 0.5224 87.5611 -19.4650 -85.2220 5.6520 55.8610 14.8493 -60.7541 -6.5804 74.3144 5.4705 -4.4242 2.1862 0.0001 -0.0001 0.0000 -0.0000 0.0000 0.0000 0.0003 -0.0006 0.0000 0.0001 -0.0001 0.0000 -0.0000 0.0000 0.0000 -0.0000 0.0000 0.0000 0.0001 0.0007 -0.0000 0.0001 -0.0012 0.0000 0.0003 -0.0008 0.0000 -0.0000 0.0001 0.0000 -0.0000 0.0000 0.0000 -0.0000 -0.0009 0.0000 -29.9997 0.0002 0.0001 29.9996 -0.0003 0.0001 -0.0000 0.0000 0.0000 176.6940 -0.2070 -0.6459 -2.5040 -3.3565 -13.9304 10.7959 70.5484 -13.9334 -0.0000 25.3510 0.0000 178.4663 9.5983 -1.0041 -0.0829 -1.8346 -0.0063 -7.1597 67.5802 6.8644 -0.0001 25.3508 0.0000
8.5053 97.1542 -24.9420 4.1137 10.3098 -1.6147 -0.1248 0.9130 -0.0743 -0.1248 0.9131 -0.0743 -0.1252 0.9158 -0.0746 -86.1057 -12.6772 88.4546 5.9139 44.6878 15.5985 30.0212 32.2939 -31.2688 -0.9903 1.7470 -0.5199 0.0001 0.0000 0.0000 -0.0000 0.0000 0.0000 -0.0008 -0.0013 -0.0000 0.0001 -0.0004 0.0000 -0.0000 0.0000 0.0000 -0.0000 0.0000 0.0000 -0.0000 0.0003 0.0000 0.0003 -0.0006 0.0000 -0.0006 0.0004 0.0000 0.0001 0.0000 0.0000 -0.0000 0.0000 0.0000 -0.0002 -0.0010 -0.0000 30.0001 0.0003 -0.0002 -29.9998 0.0005 0.0002 -0.0000 0.0000 0.0000 -0.9541 0.9062 0.5548 -0.9541 0.9062 0.5548 87.4560 -19.3821 -85.2706 4.8895 54.8318 15.3029 -65.4555 -6.0319 71.6132 6.0394 -4.4582 2.5730 0.0001 -0.0001 0.0000 -0.0000 0.0000 0.0000 0.0003 -0.0006 0.0000 0.0001 -0.0001 0.0000 -0.0000 0.0000 0.0000 -0.0000 0.0000 0.0000 0.0001 0.0007 -0.0000 0.0001 -0.0011 0.0000 0.0003 -0.0008 0.0000 -0.0000 0.0001 0.0000 -0.0000 0.0000 0.0000 -0.0000 -0.0008 0.0000 -29.9996 0.0002 0.0001 29.9996 -0.0003 0.0001 -0.0000 0.0000 0.0000 176.6887 -0.2083 -0.6960 -2.5174 -3.3893 -13.9884 10.7473 70.5584 -13.9322 -0.0000 25.3510 0.0000 178.4437 9.6889 -1.1647 -0.0828 -2.0054 -0.0070 -7.1602 67.6603 6.9025 -0.0001 25.3508 0.0000
8.4754 97.1619 -24.9326 4.1762 10.3012 -1.7446 -0.1290 0.9089 -0.0977 -0.1290 0.9091 -0.0977 -0.1294 0.9117 -0.0980 -86.1063 -12.6544 88.5029 5.3639 44.6804 15.3427 23.5484 32.5980 -28.7684 -0.8718 1.7268 -0.3833 0.0001 0.0000 0.0000 -0.0000 0.0000 0.0000 -0.0008 -0.0013 -0.0000 0.0001 -0.0004 0.0000 -0.0000 0.0000 0.0000 -0.0000 0.0000 0.0000 -0.0000 0.0002 0.0000 0.0003 -0.0006 0.0000 -0.0006 0.0004 0.0000 0.0001 0.0000 0.0000 -0.0000 0.0000 0.0000 -0.0002 -0.0010 -0.0000 30.0001 0.0002 -0.0001 -29.9998 0.0005 0.0002 -0.0000 0.0000 0.0000 -0.9533 0.8688 0.5615 -0.9533 0.8688 0.5615 87.3332 -19.2836 -85.2722 4.1908 53.8614 15.7954 -69.9489 -5.0195 68.9203 6.4514 -4.2927 2.9203 0.0001 -0.0001 0.0000 -0.0000 0.0000 0.0000 0.0003 -0.0006 0.0000 -0.0000 -0.0001 0.0000 -0.0000 0.0000 0.0000 -0.0000 0.0000 0.0000 0.0001 0.0007 -0.0000 0.0001 -0.0012 0.0000 0.0003 -0.0008 0.0000 -0.0000 0.0001 0.0000 -0.0000 0.0000 0.0000 -0.0000 -0.0008 0.0000 -29.9997 0.0002 0.0001 29.9996 -0.0003 0.0001 -0.0000 0.0000 0.0000 176.6743 -0.2116 -0.7401 -2.5293 -3.4196 -14.0387 10.7001 70.5692 -13.9353 -0.0000 25.3510 0.0000 178.4201 9.7776 -1.2978 -0.0828 -2.1820 -0.0078 -7.0904 67.7543 6.8644 -0.0001 25.3508 0.0000
8.4347 97.1703 -24.9238 4.2457 10.2942 -1.8803 -0.1384 0.9082 -0.1077 -0.1384 0.9083 -0.1077 -0.1388 0.9110 -0.1080 -86.1075 -12.6253 88.5396 4.8857 44.6027 15.0344 17.2095 32.4630 -26.7114 -0.7916 1.7269 -0.2651 0.0001 0.0000 0.0000 -0.0000 0.0000 0.0000 -0.0008 -0.0013 -0.0000 0.0001 -0.0004 0.0000 -0.0000 0.0000 0.0000 -0.0000 0.0000 0.0000 -0.0000 0.0002 0.0000 0.0003 -0.0006 0.0000 -0.0006 0.0004 0.0000 0.0001 0.0000 0.0000 -0.0000 0.0000 0.0000 -0.0002 -0.0010 -0.0000 30.0001 0.0002 -0.0001 -29.9998 0.0005 0.0002 -0.0000 0.0000 0.0000 -0.9447 0.8199 0.5442 -0.9447 0.8199 0.5442 87.1872 -19.1715 -85.2502 3.3212 52.8174 16.4853 -74.2573 -3.6406 66.3709 6.8444 -4.0920 3.2833 0.0001 -0.0001 0.0000 -0.0000 0.0000 0.0000 0.0002 -0.0006 0.0000 0.0001 -0.0001 0.0000 -0.0000 0.0000 0.0000 -0.0000 0.0000 0.0000 0.0001 0.0007 -0.0000 0.0001 -0.0012 0.0000 0.0003 -0.0008 0.0000 -0.0000 0.0001 0.0000 -0.0000 0.0000 0.0000 -0.0000 -0.0009 0.0000 -29.9997 0.0002 0.0001 29.9995 -0.0002 0.0000 -0.0000 0.0000 0.0000 176.6542 -0.2090 -0.7751 -2.5431 -3.4504 -14.0806 10.6798 70.5776 -13.9692 -0.0000 25.3510 0.0000 178.3951 9.8133 -1.4116 -0.0829 -2.2474 -0.0080 -6.9513 67.7972 6.7492 -0.0001 25.3508 0.0000
8.3890 97.1786 -24.9215 4.3173 10.2883 -2.0206 -0.1497 0.9104 -0.1061 -0.1497 0.9105 -0.1061 -0.1502 0.9132 -0.1065 -86.1076 -12.5913 88.5577 4.4384 44.4795 14.7335 11.0803 31.9377 -25.2045 -0.7422 1.7446 -0.1585 0.0001 0.0000 0.0000 -0.0000 0.0000 0.0000 -0.0008 -0.0013 -0.0000 0.0001 -0.0004 0.0000 -0.0000 0.0000 0.0000 -0.0000 0.0000 0.0000 -0.0000 0.0002 0.0000 0.0003 -0.0006 0.0000 -0.0006 0.0004 0.0000 0.0001 0.0000 0.0000 -0.0000 0.0000 0.0000 -0.0002 -0.0010 -0.0000 30.0001 0.0002 -0.0001 -29.9998 0.0005 0.0002 -0.0000 0.0000 0.0000 -0.9355 0.7655 0.5105 -0.9355 0.7655 0.5105 87.0226 -19.0497 -85.2142 2.2820 51.7212 17.3376 -78.3921 -1.9573 63.9964 7.2118 -3.8573 3.6563 0.0001 -0.0001 0.0000 -0.0000 0.0000 0.0000 0.0003 -0.0006 0.0000 0.0001 -0.0001 0.0000 -0.0000 0.0000 0.0000 -0.0000 0.0000 0.0000 0.0001 0.0007 -0.0000 0.0001 -0.0012 0.0000 0.0003 -0.0008 0.0000 -0.0000 0.0001 0.0000 -0.0000 0.0000 0.0000 -0.0000 -0.0008 0.0000 -29.9996 0.0002 0.0001 29.9996 -0.0003 0.0001 -0.0000 0.0000 0.0000 176.6363 -0.1979 -0.8027 -2.5638 -3.4855 -14.1185 10.6844 70.5827 -14.0302 -0.0000 25.3510 0.0000 178.3707 9.8251 -1.5185 -0.0829 -2.2533 -0.0082 -6.7756 67.8091 6.5944 -0.0001 25.3508 0.0000
8.3475 97.1866 -24.9360 4.3873 10.2806 -2.1613 -0.1616 0.9173 -0.0921 -0.1617 0.9174 -0.0921 -0.1621 0.9201 -0.0923 -86.1031 -12.5684 88.5580 4.0094 44.3642 14.3754 5.3225 31.0396 -24.6103 -0.7329 1.7713 -0.0611 0.0001 0.0000 0.0000 -0.0000 0.0000 0.0000 -0.0008 -0.0013 -0.0000 0.0001 -0.0004 0.0000 -0.0000 0.0000 0.0000 -0.0000 0.0000 0.0000 -0.0000 0.0003 0.0000 0.0003 -0.0006 0.0000 -0.0006 0.0004 0.0000 0.0001 0.0000 0.0000 -0.0000 0.0000 0.0000 -0.0002 -0.0010 -0.0000 30.0001 0.0002 -0.0001 -29.9998 0.0005 0.0002 -0.0000 0.0000 0.0000 -0.9353 0.7049 0.4656 -0.9353 0.7049 0.4656 86.8341 -18.9083 -85.1771 0.9704 50.5326 18.3960 -82.2268 0.0107 61.8751 7.5475 -3.5895 4.0309 0.0001 -0.0001 0.0000 -0.0000 0.0000 0.0000 0.0003 -0.0006 0.0000 0.0001 -0.0001 0.0000 -0.0000 0.0000 0.0000 -0.0000 0.0000 0.0000 0.0001 0.0007 -0.0000 0.0001 -0.0011 0.0000 0.0003 -0.0008 0.0000 -0.0000 0.0001 0.0000 -0.0000 0.0000 0.0000 -0.0000 -0.0009 0.0000 -29.9996 0.0002 0.0001 29.9996 -0.0003 0.0001 -0.0000 0.0000 0.0000 176.6219 -0.1797 -0.8168 -2.5908 -3.5257 -14.1637 10.7013 70.5835 -14.1050 -0.0000 25.3511 0.0000 178.3449 9.8417 -1.6296 -0.0829 -2.2505 -0.0081 -6.5974 67.8066 6.4429 -0.0001 25.3508 0.0000
8.3197 97.1956 -24.9658 4.4564 10.2665 -2.2933 -0.1754 0.9263 -0.0719 -0.1754 0.9264 -0.0719 -0.1759 0.9291 -0.0720 -86.0910 -12.5569 88.5671 3.6154 44.2932 13.7801 -0.1645 29.9036 -24.7521 -0.7582 1.8010 0.0315 0.0001 0.0000 0.0000 -0.0000 0.0000 0.0000 -0.0008 -0.0013 -0.0000 0.0001 -0.0004 0.0000 -0.0000 0.0000 0.0000 -0.0000 0.0000 0.0000 -0.0000 0.0002 0.0000 0.0003 -0.0006 0.0000 -0.0006 0.0004 0.0000 0.0001 0.0000 0.0000 -0.0000 0.0000 0.0000 -0.0002 -0.0010 -0.0000 30.0001 0.0002 -0.0001 -29.9998 0.0005 0.0002 -0.0000 0.0000 0.0000 -0.9423 0.6412 0.4167 -0.9423 0.6412 0.4167 86.6285 -18.7530 -85.1533 -0.5444 49.3057 19.5394 -85.8042 2.1228 59.9884 7.8442 -3.2941 4.3969 0.0001 -0.0001 0.0000 -0.0000 0.0000 0.0000 0.0003 -0.0006 0.0000 0.0001 -0.0001 0.0000 -0.0000 0.0000 0.0000 -0.0000 0.0000 0.0000 0.0001 0.0007 -0.0000 0.0001 -0.0012 0.0000 0.0003 -0.0008 0.0000 -0.0000 0.0001 0.0000 -0.0000 0.0000 0.0000 -0.0000 -0.0009 0.0000 -29.9996 0.0002 0.0001 29.9996 -0.0003 0.0001 -0.0000 0.0000 0.0000 176.6019 -0.1699 -0.8211 -2.6137 -3.5608 -14.2194 10.7023 70.5812 -14.1618 -0.0000 25.3510 0.0000 178.3113 9.8848 -1.7416 -0.0829 -2.2952 -0.0085 -6.4361 67.8185 6.3202 -0.0001 25.3508 0.0000
8.3054 97.2059 -25.0054 4.5260 10.2451 -2.4106 -0.1921 0.9365 -0.0471 -0.1921 0.9366 -0.0471 -0.1927 0.9394 -0.0471 -86.0766 -12.5530 88.5831 3.2718 44.2753 12.8537 -5.4340 28.5618 -25.5402 -0.8177 1.8277 0.1216 0.0001 0.0000 0.0000 -0.0000 0.0000 0.0000 -0.0008 -0.0013 -0.0000 0.0001 -0.0004 0.0000 -0.0000 0.0000 0.0000 -0.0000 0.0000 0.0000 -0.0000 0.0002 0.0000 0.0003 -0.0006 0.0000 -0.0006 0.0004 0.0000 0.0001 0.0000 0.0000 -0.0000 0.0000 0.0000 -0.0002 -0.0010 -0.0000 30.0001 0.0002 -0.0001 -29.9998 0.0005 0.0002 -0.0000 0.0000 0.0000 -0.9529 0.5806 0.3645 -0.9529 0.5806 0.3645 86.4076 -18.5923 -85.1465 -2.2298 48.0685 20.7309 -89.1460 4.3556 58.3390 8.0967 -2.9809 4.7459 0.0001 -0.0001 0.0000 -0.0000 0.0000 0.0000 0.0003 -0.0006 0.0000 0.0001 -0.0001 0.0000 -0.0000 0.0000 0.0000 -0.0000 0.0000 0.0000 0.0001 0.0007 -0.0000 0.0001 -0.0011 0.0000 0.0003 -0.0008 0.0000 -0.0000 0.0001 0.0000 -0.0000 0.0000 0.0000 -0.0000 -0.0008 0.0000 -29.9997 0.0002 0.0001 29.9996 -0.0003 0.0001 -0.0000 0.0000 0.0000 176.5745 -0.1717 -0.8196 -2.6326 -3.5891 -14.2769 10.6914 70.5765 -14.2015 -0.0000 25.3510 0.0000 178.2667 9.9344 -1.8449 -0.0829 -2.3571 -0.0090 -6.2819 67.8336 6.2141 -0.0001 25.3508 0.0000
8.3036 97.2179 -25.0524 4.5936 10.2159 -2.4956 -0.2123 0.9481 -0.0167 -0.2124 0.9482 -0.0167 -0.2130 0.9510 -0.0167 -86.0671 -12.5610 88.5826 3.0043 44.3750 11.2510 -10.3787 26.9576 -27.2563 -0.9292 1.8193 0.2032 0.0001 0.0000 0.0000 -0.0000 0.0000 0.0000 -0.0008 -0.0013 -0.0000 0.0001 -0.0004 0.0000 -0.0000 0.0000 0.0000 -0.0000 0.0000 0.0000 -0.0000 0.0002 0.0000 0.0003 -0.0006 0.0000 -0.0006 0.0004 0.0000 0.0001 0.0000 0.0000 -0.0000 0.0000 0.0000 -0.0002 -0.0010 -0.0000 30.0001 0.0003 -0.0002 -29.9998 0.0005 0.0002 -0.0000 0.0000 0.0000 -0.9687 0.5350 0.3084 -0.9687 0.5350 0.3084 86.1639 -18.4384 -85.1642 -4.2372 46.8391 22.0350 -92.1109 6.7589 57.0316 8.2960 -2.6692 5.0624 0.0001 -0.0001 0.0000 -0.0000 0.0000 0.0000 0.0003 -0.0006 0.0000 0.0001 -0.0001 0.0000 -0.0000 0.0000 0.0000 -0.0000 0.0000 0.0000 0.0001 0.0007 -0.0000 0.0001 -0.0012 0.0000 0.0003 -0.0008 0.0000 -0.0000 0.0001 0.0000 -0.0000 0.0000 0.0000 -0.0000 -0.0009 0.0000 -29.9996 0.0002 0.0001 29.9996 -0.0002 0.0000 -0.0000 0.0000 0.0000 176.5440 -0.1829 -0.8175 -2.6517 -3.6124 -14.3161 10.6855 70.5683 -14.2368 -0.0000 25.3510 0.0000 178.2103 9.9797 -1.9229 -0.0829 -2.4241 -0.0099 -6.1367 67.8492 6.1237 -0.0001 25.3508 0.0000
8.2913 97.2302 -25.1031 4.6555 10.1838 -2.5453 -0.2321 0.9596 0.0137 -0.2321 0.9597 0.0137 -0.2328 0.9625 0.0137 -86.0692 -12.5781 88.5658 2.7581 44.6024 8.8893 -14.9593 25.1339 -29.7842 -1.0819 1.7567 0.2733 0.0001 0.0000 0.0000 -0.0000 0.0000 0.0000 -0.0008 -0.0013 -0.0000 0.0001 -0.0004 0.0000 -0.0000 0.0000 0.0000 -0.0000 0.0000 0.0000 -0.0000 0.0002 0.0000 0.0003 -0.0006 0.0000 -0.0006 0.0004 0.0000 0.0001 0.0000 0.0000 -0.0000 0.0000 0.0000 -0.0002 -0.0010 -0.0000 30.0001 0.0002 -0.0001 -29.9998 0.0005 0.0002 -0.0000 0.0000 0.0000 -0.9924 0.5047 0.2543 -0.9924 0.5047 0.2543 85.8989 -18.2882 -85.2038 -6.3726 45.6319 23.2427 -94.7639 9.3000 56.1751 8.4024 -2.2979 5.3592 0.0001 -0.0001 0.0000 -0.0000 0.0000 0.0000 0.0003 -0.0007 0.0000 0.0001 -0.0001 0.0000 -0.0000 0.0000 0.0000 -0.0000 0.0000 0.0000 0.0001 0.0007 -0.0000 0.0001 -0.0011 0.0000 0.0003 -0.0008 0.0000 -0.0000 0.0001 0.0000 -0.0000 0.0000 0.0000 -0.0000 -0.0009 0.0000 -29.9996 0.0002 0.0001 29.9996 -0.0003 0.0001 -0.0000 0.0000 0.0000 176.5169 -0.1919 -0.8200 -2.6721 -3.6426 -14.3316 10.6816 70.5625 -14.2675 -0.0000 25.3510 0.0000 178.1607 10.0123 -1.9830 -0.0830 -2.4763 -0.0105 -6.0324 67.8561 6.0658 -0.0001 25.3508 0.0000
8.2666 97.2416 -25.1617 4.7105 10.1509 -2.5606 -0.2496 0.9702 0.0402 -0.2496 0.9704 0.0402 -0.2503 0.9732 0.0403 -86.0915 -12.6047 88.5312 2.4965 44.9479 5.7986 -19.0576 23.1092 -33.0179 -1.2560 1.6281 0.3274 0.0001 0.0000 0.0000 -0.0000 0.0000 0.0000 -0.0008 -0.0013 -0.0000 0.0001 -0.0004 0.0000 -0.0000 0.0000 0.0000 -0.0000 0.0000 0.0000 -0.0001 0.0002 0.0000 0.0003 -0.0006 0.0000 -0.0006 0.0004 0.0000 0.0001 0.0000 0.0000 -0.0000 0.0000 0.0000 -0.0002 -0.0010 -0.0000 30.0001 0.0002 -0.0001 -29.9998 0.0005 0.0002 -0.0000 0.0000 0.0000 -1.0249 0.4881 0.2086 -1.0249 0.4881 0.2086 85.6158 -18.1366 -85.2615 -8.6070 44.4479 24.2252 -97.1534 11.8425 55.8242 8.4230 -1.9354 5.6213 0.0001 -0.0001 0.0000 -0.0000 0.0000 0.0000 0.0003 -0.0007 0.0000 0.0001 -0.0001 0.0000 -0.0000 0.0000 0.0000 -0.0000 0.0000 0.0000 0.0001 0.0007 -0.0000 0.0001 -0.0011 0.0000 0.0003 -0.0008 0.0000 -0.0000 0.0001 0.0000 -0.0000 0.0000 0.0000 -0.0000 -0.0009 0.0000 -29.9996 0.0002 0.0001 29.9996 -0.0003 0.0001 -0.0000 0.0000 0.0000 176.4968 -0.1940 -0.8286 -2.6942 -3.6858 -14.3292 10.6563 70.5644 -14.2718 -0.0000 25.3510 0.0000 178.1208 10.0354 -2.0379 -0.0830 -2.5110 -0.0108 -5.9997 67.8473 6.0700 -0.0001 25.3508 0.0000
8.2354 97.2510 -25.2421 4.7536 10.1185 -2.5218 -0.2611 0.9807 0.0553 -0.2611 0.9808 0.0553 -0.2619 0.9837 0.0554 -86.1506 -12.6478 88.4540 2.1202 45.4765 1.7296 -22.1370 20.7895 -37.2052 -1.4421 1.4049 0.3503 0.0001 0.0000 0.0000 -0.0000 0.0000 0.0000 -0.0008 -0.0013 -0.0000 0.0001 -0.0004 0.0000 -0.0000 0.0000 0.0000 -0.0000 0.0000 0.0000 -0.0000 0.0002 0.0000 0.0003 -0.0006 0.0000 -0.0006 0.0004 0.0000 0.0001 0.0000 0.0000 -0.0000 0.0000 0.0000 -0.0002 -0.0010 -0.0000 30.0001 0.0002 -0.0001 -29.9998 0.0005 0.0002 -0.0000 0.0000 0.0000 -1.0695 0.4874 0.1860 -1.0695 0.4874 0.1860 85.3102 -17.9695 -85.3350 -10.9887 43.3060 24.7030 -99.1298 14.1515 56.1593 8.3486 -1.6237 5.8336 0.0001 -0.0001 0.0000 -0.0000 0.0000 0.0000 0.0003 -0.0006 0.0000 0.0001 -0.0001 0.0000 -0.0000 0.0000 0.0000 -0.0000 0.0000 0.0000 0.0001 0.0007 -0.0000 0.0001 -0.0012 0.0000 0.0003 -0.0008 0.0000 -0.0000 0.0001 0.0000 -0.0000 0.0000 0.0000 -0.0000 -0.0009 0.0000 -29.9996 0.0002 0.0001 29.9996 -0.0003 0.0001 -0.0000 0.0000 0.0000 176.4893 -0.1845 -0.8388 -2.7213 -3.7470 -14.3070 10.5955 70.5782 -14.2310 -0.0000 25.3510 0.0000 178.0906 10.0596 -2.0867 -0.0830 -2.5326 -0.0108 -6.0953 67.8112 6.1921 -0.0001 25.3508 0.0000
8.2160 97.2591 -25.3412 4.7878 10.0886 -2.4436 -0.2667 0.9916 0.0607 -0.2667 0.9918 0.0607 -0.2675 0.9947 0.0609 -86.2266 -12.7162 88.3361 1.6040 46.1598 -2.8338 -23.8977 18.2404 -42.2023 -1.6044 1.1097 0.3430 0.0001 0.0000 0.0000 -0.0000 0.0000 0.0000 -0.0008 -0.0013 -0.0000 0.0001 -0.0004 0.0000 -0.0000 0.0000 0.0000 -0.0000 0.0000 0.0000 -0.0000 0.0002 0.0000 0.0003 -0.0006 0.0000 -0.0006 0.0004 0.0000 0.0001 0.0000 0.0000 -0.0000 0.0000 0.0000 -0.0002 -0.0010 -0.0000 30.0001 0.0002 -0.0001 -29.9998 0.0005 0.0002 -0.0000 0.0000 0.0000 -1.1221 0.4926 0.1874 -1.1221 0.4926 0.1874 85.0026 -17.7844 -85.4119 -13.4056 42.2649 24.4787 -100.6804 16.0193 56.9340 8.1932 -1.3562 5.9851 0.0001 -0.0001 0.0000 -0.0000 0.0000 0.0000 0.0003 -0.0006 0.0000 0.0001 -0.0001 0.0000 -0.0000 0.0000 0.0000 -0.0000 0.0000 0.0000 0.0001 0.0007 -0.0000 0.0001 -0.0012 0.0000 0.0003 -0.0008 0.0000 -0.0000 0.0001 0.0000 -0.0000 0.0000 0.0000 -0.0000 -0.0009 0.0000 -29.9997 0.0002 0.0001 29.9996 -0.0003 0.0001 -0.0000 0.0000 0.0000 176.4882 -0.1677 -0.8471 -2.7492 -3.8130 -14.2620 10.5303 70.5932 -14.1758 -0.0000 25.3510 0.0000 178.0578 10.0933 -2.1240 -0.0830 -2.5523 -0.0110 -6.2802 67.7534 6.3987 -0.0001 25.3508 0.0000
8.2062 97.2664 -25.4476 4.8147 10.0621 -2.3358 -0.2670 1.0027 0.0565 -0.2670 1.0028 0.0565 -0.2679 1.0057 0.0567 -86.3048 -12.8127 88.2136 1.0037 46.9411 -7.5835 -24.3336 15.5774 -47.7669 -1.7263 0.7749 0.3148 0.0001 0.0000 0.0000 -0.0000 0.0000 0.0000 -0.0008 -0.0013 -0.0000 0.0001 -0.0004 0.0000 -0.0000 0.0000 0.0000 -0.0000 0.0000 0.0000 -0.0000 0.0002 0.0000 0.0003 -0.0006 0.0000 -0.0006 0.0004 0.0000 0.0001 0.0000 0.0000 -0.0000 0.0000 0.0000 -0.0002 -0.0010 -0.0000 30.0001 0.0002 -0.0001 -29.9998 0.0005 0.0002 -0.0000 0.0000 0.0000 -1.1783 0.4999 0.2146 -1.1783 0.4999 0.2146 84.7088 -17.5737 -85.4767 -15.7387 41.3704 23.4784 -101.8135 17.4178 57.9457 7.9705 -1.1192 6.0719 0.0001 -0.0001 0.0000 -0.0000 0.0000 0.0000 0.0003 -0.0006 0.0000 0.0001 -0.0001 0.0000 -0.0000 0.0000 0.0000 -0.0000 0.0000 0.0000 0.0001 0.0007 -0.0000 0.0001 -0.0011 0.0000 0.0003 -0.0008 0.0000 -0.0000 0.0001 0.0000 -0.0000 0.0000 0.0000 -0.0000 -0.0008 0.0000 -29.9996 0.0002 0.0001 29.9996 -0.0003 0.0001 -0.0000 0.0000 0.0000 176.4899 -0.1454 -0.8565 -2.7716 -3.8812 -14.1937 10.4610 70.6069 -14.1108 -0.0000 25.3510 0.0000 178.0232 10.1384 -2.1437 -0.0829 -2.5841 -0.0115 -6.5231 67.6886 6.6540 -0.0001 25.3508 0.0000
8.1910 97.2714 -25.5376 4.8340 10.0403 -2.1947 -0.2627 1.0110 0.0410 -0.2627 1.0111 0.0410 -0.2635 1.0141 0.0412 -86.3752 -12.9404 88.1302 0.3521 47.7919 -12.1524 -22.9949 12.9256 -53.8086 -1.8048 0.4203 0.2658 0.0001 0.0000 0.0000 -0.0000 0.0000 0.0000 -0.0008 -0.0013 -0.0000 0.0001 -0.0004 0.0000 -0.0000 0.0000 0.0000 -0.0000 0.0000 0.0000 -0.0000 0.0002 0.0000 0.0003 -0.0006 0.0000 -0.0006 0.0004 0.0000 0.0001 0.0000 0.0000 -0.0000 0.0000 0.0000 -0.0002 -0.0010 -0.0000 30.0001 0.0002 -0.0001 -29.9998 0.0005 0.0002 -0.0000 0.0000 0.0000 -1.2263 0.5077 0.2781 -1.2263 0.5077 0.2781 84.4632 -17.3268 -85.5092 -17.7098 40.7892 21.5813 -102.2612 18.5071 58.9796 7.6826 -0.8840 6.0699 0.0001 -0.0001 0.0000 -0.0000 0.0000 0.0000 0.0003 -0.0006 0.0000 0.0001 -0.0001 0.0000 -0.0000 0.0000 0.0000 -0.0000 0.0000 0.0000 0.0001 0.0007 -0.0000 0.0001 -0.0012 0.0000 0.0003 -0.0008 0.0000 -0.0000 0.0001 0.0000 -0.0000 0.0000 0.0000 -0.0000 -0.0008 0.0000 -29.9996 0.0002 0.0001 29.9996 -0.0003 0.0001 -0.0000 0.0000 0.0000 176.4920 -0.1197 -0.8656 -2.7789 -3.9478 -14.1054 10.3567 70.6207 -14.0066 -0.0000 25.3510 0.0000 177.9960 10.1747 -2.1299 -0.0830 -2.6170 -0.0121 -6.8227 67.6236 6.9375 -0.0001 25.3508 0.0000
8.1541 97.2737 -25.5965 4.8491 10.0230 -2.0355 -0.2599 1.0152 0.0273 -0.2599 1.0154 0.0273 -0.2607 1.0183 0.0273 -86.4491 -13.0749 88.0931 -0.1651 48.5873 -16.1822 -20.4326 10.3784 -59.8903 -1.8601 0.0816 0.2147 0.0001 0.0000 0.0000 -0.0000 0.0000 0.0000 -0.0008 -0.0013 -0.0000 0.0001 -0.0004 0.0000 -0.0000 0.0000 0.0000 -0.0000 0.0000 0.0000 -0.0000 0.0002 0.0000 0.0003 -0.0006 0.0000 -0.0006 0.0004 0.0000 0.0001 0.0000 0.0000 -0.0000 0.0000 0.0000 -0.0002 -0.0010 -0.0000 30.0001 0.0002 -0.0001 -29.9998 0.0005 0.0002 -0.0000 0.0000 0.0000 -1.2520 0.5137 0.3532 -1.2520 0.5137 0.3532 84.2826 -17.0763 -85.5116 -19.2638 40.4990 19.0425 -102.0487 19.4010 59.7002 7.3582 -0.6134 5.9894 0.0001 -0.0001 0.0000 -0.0000 0.0000 0.0000 0.0003 -0.0006 0.0000 0.0001 -0.0001 0.0000 -0.0000 0.0000 0.0000 -0.0000 0.0000 0.0000 0.0001 0.0007 -0.0000 0.0001 -0.0012 0.0000 0.0003 -0.0008 0.0000 -0.0000 0.0001 0.0000 -0.0000 0.0000 0.0000 -0.0000 -0.0009 0.0000 -29.9996 0.0002 0.0001 29.9996 -0.0003 0.0001 -0.0000 0.0000 0.0000 176.4946 -0.0877 -0.8729 -2.7779 -4.0125 -14.0024 10.2379 70.6316 -13.8847 -0.0000 25.3510 0.0000 177.9843 10.1896 -2.0865 -0.0830 -2.6418 -0.0122 -7.1435 67.5699 7.2111 -0.0001 25.3508 0.0000
8.1001 97.2738 -25.6324 4.8609 10.0090 -1.8671 -0.2606 1.0158 0.0218 -0.2606 1.0159 0.0218 -0.2613 1.0189 0.0218 -86.5297 -13.2112 88.0943 -0.4773 49.2622 -19.5574 -17.0638 7.9370 -65.6882 -1.9139 -0.2358 0.1678 0.0001 0.0000 0.0000 -0.0000 0.0000 0.0000 -0.0008 -0.0013 -0.0000 0.0001 -0.0004 0.0000 -0.0000 0.0000 0.0000 -0.0000 0.0000 0.0000 -0.0000 0.0002 0.0000 0.0003 -0.0006 0.0000 -0.0006 0.0004 0.0000 0.0001 0.0000 0.0000 -0.0000 0.0000 0.0000 -0.0002 -0.0010 -0.0000 30.0001 0.0002 -0.0001 -29.9998 0.0005 0.0002 -0.0000 0.0000 0.0000 -1.2561 0.5164 0.4272 -1.2561 0.5164 0.4272 84.1634 -16.8346 -85.4904 -20.3586 40.4895 16.1095 -101.1917 20.3336 59.9687 7.0091 -0.2864 5.8411 0.0001 -0.0001 0.0000 -0.0000 0.0000 0.0000 0.0003 -0.0006 0.0000 0.0001 -0.0001 0.0000 -0.0000 0.0000 0.0000 -0.0000 0.0000 0.0000 0.0001 0.0007 -0.0000 0.0001 -0.0011 0.0000 0.0003 -0.0008 0.0000 -0.0000 0.0001 0.0000 -0.0000 0.0000 0.0000 -0.0000 -0.0009 0.0000 -29.9996 0.0002 0.0001 29.9996 -0.0003 0.0001 -0.0000 0.0000 0.0000 176.4983 -0.0482 -0.8767 -2.7737 -4.0758 -13.8859 10.1353 70.6387 -13.7751 -0.0000 25.3510 0.0000 177.9854 10.1868 -2.0227 -0.0830 -2.6567 -0.0118 -7.4666 67.5247 7.4646 -0.0001 25.3508 0.0000
8.0470 97.2727 -25.6560 4.8653 9.9939 -1.6925 -0.2674 1.0139 0.0376 -0.2675 1.0141 0.0376 -0.2682 1.0170 0.0378 -86.6377 -13.3384 88.1328 -0.4428 49.6373 -21.8590 -12.9966 5.6745 -70.9688 -2.0069 -0.5273 0.1247 0.0001 0.0000 0.0000 -0.0000 0.0000 0.0000 -0.0008 -0.0013 -0.0000 0.0001 -0.0004 0.0000 -0.0000 0.0000 0.0000 -0.0000 0.0000 0.0000 -0.0000 0.0003 0.0000 0.0003 -0.0006 0.0000 -0.0006 0.0004 0.0000 0.0001 0.0000 0.0000 -0.0000 0.0000 0.0000 -0.0002 -0.0010 -0.0000 30.0001 0.0002 -0.0001 -29.9998 0.0005 0.0002 -0.0000 0.0000 0.0000 -1.2309 0.5077 0.4848 -1.2309 0.5077 0.4848 84.1309 -16.6371 -85.4538 -20.8125 40.7969 13.1857 -99.1957 21.7882 59.3316 6.6429 0.1585 5.6111 0.0001 -0.0001 0.0000 -0.0000 0.0000 0.0000 0.0003 -0.0006 0.0000 0.0001 -0.0001 0.0000 -0.0000 0.0000 0.0000 -0.0000 0.0000 0.0000 0.0001 0.0007 -0.0000 0.0001 -0.0011 0.0000 0.0003 -0.0008 0.0000 -0.0000 0.0001 0.0000 -0.0000 0.0000 0.0000 -0.0000 -0.0008 0.0000 -29.9996 0.0002 0.0001 29.9996 -0.0003 0.0001 -0.0000 0.0000 0.0000 176.5088 0.0042 -0.8721 -2.7706 -4.1503 -13.7624 10.0623 70.6488 -13.6908 -0.0000 25.3510 0.0000 177.9924 10.1787 -1.9407 -0.0830 -2.6809 -0.0118 -7.7730 67.4942 7.6948 -0.0001 25.3508 0.0000
8.0115 97.2717 -25.6913 4.8606 9.9691 -1.5074 -0.2792 1.0152 0.0690 -0.2792 1.0154 0.0690 -0.2801 1.0183 0.0692 -86.7854 -13.4511 88.1729 -0.1566 49.7652 -23.4724 -8.6711 3.3699 -75.4761 -2.1435 -0.8127 0.0832 0.0001 0.0000 0.0000 -0.0000 0.0000 0.0000 -0.0008 -0.0013 -0.0000 0.0001 -0.0004 0.0000 -0.0000 0.0000 0.0000 -0.0000 0.0000 0.0000 -0.0001 0.0002 0.0000 0.0003 -0.0006 0.0000 -0.0006 0.0004 0.0000 0.0001 0.0000 0.0000 -0.0000 0.0000 0.0000 -0.0002 -0.0010 -0.0000 30.0001 0.0002 -0.0001 -29.9998 0.0005 0.0002 -0.0000 0.0000 0.0000 -1.1832 0.4836 0.5263 -1.1832 0.4836 0.5263 84.1609 -16.4966 -85.4300 -20.8028 41.2555 10.7258 -96.3173 23.7766 57.8798 6.2815 0.6693 5.3400 0.0001 -0.0001 0.0000 -0.0000 0.0000 0.0000 0.0003 -0.0006 0.0000 0.0001 -0.0001 0.0000 -0.0000 0.0000 0.0000 -0.0000 0.0000 0.0000 0.0001 0.0007 -0.0000 0.0001 -0.0012 0.0000 0.0003 -0.0008 0.0000 -0.0000 0.0001 0.0000 -0.0000 0.0000 0.0000 -0.0000 -0.0008 0.0000 -29.9996 0.0002 0.0001 29.9996 -0.0003 0.0001 -0.0000 0.0000 0.0000 176.5282 0.0574 -0.8500 -2.7715 -4.2419 -13.6510 9.9973 70.6751 -13.6097 -0.0000 25.3510 0.0000 177.9951 10.1743 -1.8520 -0.0830 -2.7207 -0.0123 -8.0733 67.4679 7.9343 -0.0001 25.3508 0.0000
7.9854 97.2706 -25.7413 4.8440 9.9345 -1.3074 -0.2920 1.0189 0.1083 -0.2920 1.0191 0.1083 -0.2928 1.0220 0.1086 -86.9666 -13.5519 88.1975 0.2823 49.7073 -24.5863 -4.1994 0.9286 -79.2118 -2.3276 -1.1098 0.0382 0.0001 0.0000 0.0000 -0.0000 0.0000 0.0000 -0.0008 -0.0013 -0.0000 0.0001 -0.0004 0.0000 -0.0000 0.0000 0.0000 -0.0000 0.0000 0.0000 -0.0000 0.0002 0.0000 0.0003 -0.0006 0.0000 -0.0006 0.0004 0.0000 0.0001 0.0000 0.0000 -0.0000 0.0000 0.0000 -0.0002 -0.0010 -0.0000 30.0001 0.0003 -0.0002 -29.9998 0.0005 0.0002 -0.0000 0.0000 0.0000 -1.1242 0.4475 0.5555 -1.1242 0.4475 0.5555 84.2358 -16.4015 -85.4247 -20.5118 41.7853 8.6901 -92.5297 26.0573 55.6026 5.9274 1.2144 5.0419 0.0001 -0.0001 0.0000 -0.0000 0.0000 0.0000 0.0003 -0.0006 0.0000 0.0001 -0.0001 0.0000 -0.0000 0.0000 0.0000 -0.0000 0.0000 0.0000 0.0001 0.0007 -0.0000 0.0001 -0.0011 0.0000 0.0003 -0.0008 0.0000 -0.0000 0.0001 0.0000 -0.0000 0.0000 0.0000 -0.0000 -0.0009 0.0000 -29.9996 0.0002 0.0001 29.9995 -0.0003 0.0001 -0.0000 0.0000 0.0000 176.5576 0.1079 -0.8109 -2.7777 -4.3458 -13.5479 9.9493 70.7175 -13.5377 -0.0000 25.3510 0.0000 178.0012 10.1759 -1.7650 -0.0830 -2.7782 -0.0131 -8.3968 67.4435 8.2089 -0.0001 25.3508 0.0000
7.9561 97.2674 -25.8109 4.7973 9.8818 -1.0772 -0.2996 1.0258 0.1475 -0.2996 1.0259 0.1475 -0.3005 1.0289 0.1480 -87.1728 -13.6520 88.2051 0.8123 49.4964 -25.1147 0.2824 -1.5596 -81.9301 -2.5650 -1.4053 -0.0142 0.0001 0.0000 0.0000 -0.0000 0.0000 0.0000 -0.0008 -0.0013 -0.0000 0.0001 -0.0004 0.0000 -0.0000 0.0000 0.0000 -0.0000 0.0000 0.0000 -0.0000 0.0002 0.0000 0.0003 -0.0006 0.0000 -0.0006 0.0004 0.0000 0.0001 0.0000 0.0000 -0.0000 0.0000 0.0000 -0.0002 -0.0010 -0.0000 30.0001 0.0002 -0.0001 -29.9998 0.0005 0.0002 -0.0000 0.0000 0.0000 -1.0572 0.4046 0.5706 -1.0572 0.4046 0.5706 84.3502 -16.3641 -85.4444 -20.0606 42.3754 7.2023 -87.4458 28.4153 52.2032 5.5957 1.7865 4.7149 0.0001 -0.0001 0.0000 -0.0000 0.0000 0.0000 0.0003 -0.0006 0.0000 0.0001 -0.0001 0.0000 -0.0000 0.0000 0.0000 -0.0000 0.0000 0.0000 0.0001 0.0007 -0.0000 0.0001 -0.0012 0.0000 0.0003 -0.0008 0.0000 -0.0000 0.0001 0.0000 -0.0000 0.0000 0.0000 -0.0000 -0.0008 0.0000 -29.9996 0.0002 0.0001 29.9996 -0.0003 0.0001 -0.0000 0.0000 0.0000 176.6096 0.1502 -0.7645 -2.7882 -4.4648 -13.4343 9.9437 70.7824 -13.4974 -0.0000 25.3510 0.0000 178.0355 10.1851 -1.6874 -0.0831 -2.8708 -0.0131 -8.7845 67.4270 8.5554 -0.0001 25.3508 0.0000
7.9425 97.2606 -25.8844 4.7202 9.8118 -0.8161 -0.3026 1.0343 0.1766 -0.3026 1.0345 0.1767 -0.3035 1.0375 0.1772 -87.3838 -13.7699 88.2217 1.3472 49.2200 -25.3411 4.9321 -4.2007 -83.8661 -2.8575 -1.7215 -0.0816 0.0001 0.0000 0.0000 -0.0000 0.0000 0.0000 -0.0008 -0.0013 -0.0000 0.0001 -0.0004 0.0000 -0.0000 0.0000 0.0000 -0.0000 0.0000 0.0000 -0.0000 0.0002 0.0000 0.0003 -0.0006 0.0000 -0.0006 0.0004 0.0000 0.0001 0.0000 0.0000 -0.0000 0.0000 0.0000 -0.0002 -0.0010 -0.0000 30.0001 0.0002 -0.0001 -29.9998 0.0005 0.0002 -0.0000 0.0000 0.0000 -0.9767 0.3693 0.5760 -0.9767 0.3693 0.5760 84.4924 -16.3504 -85.4848 -19.6078 42.9992 6.1574 -81.3437 30.5074 47.9637 5.2912 2.3322 4.3733 0.0001 -0.0001 0.0000 -0.0000 0.0000 0.0000 0.0003 -0.0006 0.0000 0.0001 -0.0001 0.0000 -0.0000 0.0000 0.0000 -0.0000 0.0000 0.0000 0.0001 0.0007 -0.0000 0.0001 -0.0012 0.0000 0.0003 -0.0008 0.0000 -0.0000 0.0001 0.0000 -0.0000 0.0000 0.0000 -0.0000 -0.0009 0.0000 -29.9996 0.0002 0.0001 29.9996 -0.0003 0.0001 -0.0000 0.0000 0.0000 176.6843 0.1797 -0.7331 -2.7981 -4.5970 -13.3061 9.9336 70.8688 -13.4475 -0.0000 25.3510 0.0000 178.0850 10.1580 -1.6002 -0.0830 -2.9285 -0.0127 -9.1832 67.3948 8.9286 -0.0001 25.3508 0.0000
7.9586 97.2506 -25.9523 4.6191 9.7258 -0.5278 -0.3037 1.0445 0.1954 -0.3038 1.0447 0.1954 -0.3046 1.0477 0.1960 -87.5886 -13.8969 88.2473 1.8341 48.9451 -25.4174 9.8201 -7.0181 -85.0511 -3.2058 -2.0678 -0.1694 0.0001 0.0000 0.0000 -0.0000 0.0000 0.0000 -0.0008 -0.0013 -0.0000 0.0001 -0.0004 0.0000 -0.0000 0.0000 0.0000 -0.0000 0.0000 0.0000 -0.0000 0.0002 0.0000 0.0003 -0.0006 0.0000 -0.0006 0.0004 0.0000 0.0001 0.0000 0.0000 -0.0000 0.0000 0.0000 -0.0002 -0.0010 -0.0000 30.0001 0.0002 -0.0001 -29.9998 0.0005 0.0001 -0.0000 0.0000 0.0000 -0.8816 0.3408 0.5763 -0.8816 0.3408 0.5763 84.6590 -16.3556 -85.5391 -18.5996 44.2225 4.3206 -74.5493 31.9285 43.1729 4.4322 2.3994 3.5294 0.0001 -0.0001 0.0000 -0.0000 0.0000 0.0000 0.0003 -0.0006 0.0000 0.0001 -0.0001 0.0000 -0.0000 0.0000 0.0000 -0.0000 0.0000 0.0000 0.0001 0.0007 -0.0000 0.0001 -0.0012 0.0000 0.0003 -0.0008 0.0000 -0.0000 0.0001 0.0000 -0.0000 0.0000 0.0000 -0.0000 -0.0008 0.0000 -29.9996 0.0002 0.0001 29.9996 -0.0003 0.0001 -0.0000 0.0000 0.0000 176.7789 0.1940 -0.7232 -2.8056 -4.7373 -13.1684 9.8848 70.9731 -13.3569 -0.0000 25.3510 0.0000 178.1352 10.0839 -1.4909 -0.0830 -2.9375 -0.0127 -9.5559 67.3473 9.2983 -0.0001 25.3508 0.0000
8.0055 97.2371 -26.0085 4.4872 9.6181 -0.2077 -0.3022 1.0543 0.1964 -0.3023 1.0545 0.1964 -0.3031 1.0575 0.1971 -87.7644 -14.0389 88.2933 2.1870 48.7849 -25.4249 15.0957 -9.9560 -85.1989 -3.6165 -2.4309 -0.2851 0.0001 0.0000 0.0000 -0.0000 0.0000 0.0000 -0.0008 -0.0013 -0.0000 0.0001 -0.0004 0.0000 -0.0000 0.0000 0.0000 -0.0000 0.0000 0.0000 -0.0000 0.0002 0.0000 0.0003 -0.0006 0.0000 -0.0006 0.0004 0.0000 0.0001 0.0000 0.0000 -0.0000 0.0000 0.0000 -0.0002 -0.0010 -0.0000 30.0001 0.0002 -0.0001 -29.9998 0.0005 0.0002 -0.0000 0.0000 0.0000 -0.7770 0.3274 0.5716 -0.7770 0.3274 0.5716 84.8487 -16.3649 -85.6010 -17.4642 45.5139 2.5436 -67.0338 32.5547 38.0542 3.6640 2.3812 2.7862 0.0001 -0.0001 0.0000 -0.0000 0.0000 0.0000 0.0003 -0.0006 0.0000 0.0001 -0.0001 0.0000 -0.0000 0.0000 0.0000 -0.0000 0.0000 0.0000 0.0001 0.0007 -0.0000 0.0001 -0.0012 0.0000 0.0003 -0.0008 0.0000 -0.0000 0.0001 0.0000 -0.0000 0.0000 0.0000 -0.0000 -0.0008 0.0000 -29.9996 0.0002 0.0001 29.9996 -0.0003 0.0001 -0.0000 0.0000 0.0000 176.8968 0.1872 -0.7372 -2.8087 -4.8792 -13.0409 9.7537 71.0925 -13.1810 -0.0000 25.3511 0.0000 178.1899 9.9494 -1.3349 -0.0831 -2.8915 -0.0134 -9.8579 67.2894 9.6178 -0.0001 25.3508 0.0000
8.0357 97.2218 -26.0496 4.3367 9.4953 0.1220 -0.3007 1.0604 0.1933 -0.3008 1.0605 0.1934 -0.3017 1.0636 0.1940 -87.9050 -14.1832 88.3713 2.4563 48.6820 -25.5115 20.6697 -12.7843 -84.4583 -4.0831 -2.8145 -0.4331 0.0001 0.0000 0.0000 -0.0000 0.0000 0.0000 -0.0008 -0.0013 -0.0000 0.0001 -0.0004 0.0000 -0.0000 0.0000 0.0000 -0.0000 0.0000 0.0000 -0.0001 0.0002 0.0000 0.0003 -0.0006 0.0000 -0.0006 0.0004 0.0000 0.0001 0.0000 0.0000 -0.0000 0.0000 0.0000 -0.0002 -0.0010 -0.0000 30.0001 0.0002 -0.0001 -29.9998 0.0005 0.0002 -0.0000 0.0000 0.0000 -0.6706 0.3279 0.5536 -0.6706 0.3279 0.5536 85.0533 -16.3762 -85.6617 -16.3008 46.8348 0.9171 -59.1632 32.4384 33.1578 3.0062 2.2879 2.1584 0.0001 -0.0001 0.0000 -0.0000 0.0000 0.0000 0.0003 -0.0006 0.0000 0.0001 -0.0001 0.0000 -0.0000 0.0000 0.0000 -0.0000 0.0000 0.0000 0.0001 0.0007 -0.0000 0.0001 -0.0011 0.0000 0.0003 -0.0008 0.0000 -0.0000 0.0001 0.0000 -0.0000 0.0000 0.0000 -0.0000 -0.0009 0.0000 -29.9996 0.0002 0.0001 29.9996 -0.0002 0.0000 -0.0000 0.0000 0.0000 177.0259 0.1700 -0.7602 -2.8066 -5.0209 -12.9360 9.5761 71.2158 -12.9564 -0.0000 25.3510 0.0000 178.2727 9.7960 -1.1497 -0.0831 -2.8586 -0.0134 -10.1195 67.2561 9.8896 -0.0001 25.3508 0.0000
8.0402 97.2055 -26.0690 4.1772 9.3617 0.4512 -0.3020 1.0615 0.1919 -0.3021 1.0617 0.1919 -0.3029 1.0648 0.1925 -88.0168 -14.3243 88.4796 2.7091 48.5800 -25.7429 26.6375 -15.3966 -82.9250 -4.6183 -3.2303 -0.6229 0.0001 0.0000 0.0000 -0.0000 0.0000 0.0000 -0.0008 -0.0013 -0.0000 0.0001 -0.0004 0.0000 -0.0000 0.0000 0.0000 -0.0000 0.0000 0.0000 -0.0000 0.0002 0.0000 0.0003 -0.0006 0.0000 -0.0006 0.0004 0.0000 0.0001 0.0000 0.0000 -0.0000 0.0000 0.0000 -0.0002 -0.0010 -0.0000 30.0001 0.0002 -0.0001 -29.9998 0.0005 0.0002 -0.0000 0.0000 0.0000 -0.5616 0.3411 0.5218 -0.5616 0.3411 0.5218 85.2739 -16.3857 -85.7208 -15.0829 48.1714 -0.5286 -51.1797 31.6212 28.6476 2.4555 2.1486 1.6409 0.0001 -0.0001 0.0000 -0.0000 0.0000 0.0000 0.0003 -0.0006 0.0000 0.0001 -0.0001 0.0000 -0.0000 0.0000 0.0000 -0.0000 0.0000 0.0000 0.0001 0.0007 -0.0000 0.0001 -0.0012 0.0000 0.0003 -0.0008 0.0000 -0.0000 0.0001 0.0000 -0.0000 0.0000 0.0000 -0.0000 -0.0009 0.0000 -29.9997 0.0002 0.0001 29.9996 -0.0002 0.0000 -0.0000 0.0000 0.0000 177.1617 0.1518 -0.7846 -2.8035 -5.1699 -12.8505 9.3815 71.3427 -12.7145 -0.0000 25.3510 0.0000 178.3814 9.6280 -0.9390 -0.0830 -2.8423 -0.0126 -10.3391 67.2540 10.1054 -0.0001 25.3508 0.0000
8.0350 97.1885 -26.0432 4.0140 9.2199 0.7687 -0.3066 1.0541 0.1986 -0.3067 1.0543 0.1986 -0.3075 1.0574 0.1992 -88.0982 -14.4460 88.6072 2.9561 48.4519 -26.1053 33.0961 -17.6201 -80.5676 -5.2387 -3.6738 -0.8685 0.0001 0.0000 0.0000 -0.0000 0.0000 0.0000 -0.0008 -0.0013 -0.0000 0.0001 -0.0004 0.0000 -0.0000 0.0000 0.0000 -0.0000 0.0000 0.0000 -0.0000 0.0003 0.0000 0.0003 -0.0006 0.0000 -0.0006 0.0004 0.0000 0.0001 0.0000 0.0000 -0.0000 0.0000 0.0000 -0.0002 -0.0010 -0.0000 30.0001 0.0002 -0.0001 -29.9998 0.0005 0.0002 -0.0000 0.0000 0.0000 -0.4597 0.3691 0.4769 -0.4597 0.3691 0.4769 85.5132 -16.3996 -85.7780 -13.7110 49.4995 -1.6862 -43.2761 30.1853 24.6576 2.0123 1.9862 1.2262 0.0001 -0.0001 0.0000 -0.0000 0.0000 0.0000 0.0003 -0.0006 0.0000 0.0001 -0.0001 0.0000 -0.0000 0.0000 0.0000 -0.0000 0.0000 0.0000 0.0001 0.0007 -0.0000 0.0001 -0.0012 0.0000 0.0003 -0.0008 0.0000 -0.0000 0.0001 0.0000 -0.0000 0.0000 0.0000 -0.0000 -0.0009 0.0000 -29.9996 0.0002 0.0001 29.9996 -0.0003 0.0001 -0.0000 0.0000 0.0000 177.3076 0.1432 -0.7995 -2.8076 -5.3395 -12.7874 9.2008 71.4777 -12.4921 -0.0000 25.3511 0.0000 178.5023 9.4166 -0.7027 -0.0830 -2.8085 -0.0117 -10.4890 67.2839 10.2493 -0.0001 25.3508 0.0000
8.0536 97.1718 -25.9989 3.8492 9.0739 1.0707 -0.3092 1.0406 0.2141 -0.3092 1.0407 0.2141 -0.3102 1.0437 0.2147 -90.0000 -16.6933 90.0000 3.1276 48.2988 -26.3506 39.5319 -19.3307 -77.7863 -5.8604 -4.0552 -1.1523 0.0001 0.0000 0.0000 -0.0000 0.0000 0.0000 -0.0008 -0.0013 -0.0000 0.0001 -0.0004 0.0000 -0.0000 0.0000 0.0000 -0.0000 0.0000 0.0000 -0.0000 0.0002 0.0000 0.0003 -0.0006 0.0000 -0.0006 0.0004 0.0000 0.0001 0.0000 0.0000 -0.0000 0.0000 0.0000 -0.0002 -0.0010 -0.0000 30.0001 0.0002 -0.0001 -29.9998 0.0005 0.0002 -0.0000 0.0000 0.0000 -0.3783 0.4068 0.4212 -0.3783 0.4068 0.4212 85.7420 -16.4403 -85.8390 -12.2817 50.7886 -2.4231 -35.6462 28.3104 21.1839 1.6654 1.8242 0.9035 0.0001 -0.0001 0.0000 -0.0000 0.0000 0.0000 0.0003 -0.0006 0.0000 0.0001 -0.0001 0.0000 -0.0000 0.0000 0.0000 -0.0000 0.0000 0.0000 0.0001 0.0007 -0.0000 0.0001 -0.0012 0.0000 0.0003 -0.0008 0.0000 -0.0000 0.0001 0.0000 -0.0000 0.0000 0.0000 -0.0000 -0.0008 0.0000 -29.9997 0.0002 0.0001 29.9996 -0.0003 0.0001 -0.0000 0.0000 0.0000 177.4618 0.1469 -0.7955 -2.8195 -5.5332 -12.7438 9.0363 71.6233 -12.2979 -0.0000 25.3510 0.0000 178.6132 9.1811 -0.4660 -0.0829 -2.7543 -0.0112 -10.5915 67.3216 10.3665 -0.0001 25.3508 0.0000
8.0970 97.1555 -25.9651 3.6839 8.9232 1.3555 -0.3090 1.0224 0.2376 -0.3090 1.0226 0.2377 -0.3099 1.0256 0.2383 -90.0000 -16.6696 90.0000 2.9813 48.4194 -26.1668 45.8354 -20.6240 -74.7983 -6.1874 -4.0788 -1.4130 0.0001 0.0000 0.0000 -0.0000 0.0000 0.0000 -0.0008 -0.0013 -0.0000 0.0001 -0.0004 0.0000 -0.0000 0.0000 0.0000 -0.0000 0.0000 0.0000 -0.0000 0.0002 0.0000 0.0003 -0.0006 0.0000 -0.0006 0.0004 0.0000 0.0001 0.0000 0.0000 -0.0000 0.0000 0.0000 -0.0002 -0.0010 -0.0000 30.0001 0.0002 -0.0001 -29.9998 0.0005 0.0001 -0.0000 0.0000 0.0000 -0.3196 0.4508 0.3594 -0.3196 0.4507 0.3594 85.9626 -16.5102 -85.9004 -10.8882 52.0505 -2.6994 -28.3288 26.0412 18.2715 1.4012 1.6720 0.6538 0.0001 -0.0001 0.0000 -0.0000 0.0000 0.0000 0.0003 -0.0006 0.0000 0.0001 -0.0001 0.0000 -0.0000 0.0000 0.0000 -0.0000 0.0000 0.0000 0.0001 0.0007 -0.0000 0.0001 -0.0012 0.0000 0.0003 -0.0008 0.0000 -0.0000 0.0001 0.0000 -0.0000 0.0000 0.0000 -0.0000 -0.0008 0.0000 -29.9997 0.0002 0.0001 29.9996 -0.0003 0.0001 -0.0000 0.0000 0.0000 177.6214 0.1565 -0.7787 -2.8387 -5.7454 -12.7145 8.8748 71.7780 -12.1172 -0.0000 25.3510 0.0000 178.7131 8.9480 -0.2529 -0.0830 -2.6958 -0.0110 -10.6868 67.3516 10.5009 -0.0001 25.3508 0.0000
8.1643 97.1399 -25.9750 3.5201 8.7586 1.6190 -0.3050 1.0024 0.2669 -0.3050 1.0026 0.2669 -0.3060 1.0055 0.2677 -90.0000 -16.6214 90.0000 2.8350 48.3254 -25.7041 51.7348 -21.5525 -71.7480 -6.5285 -4.0500 -1.6923 0.0001 0.0000 0.0000 -0.0000 0.0000 0.0000 -0.0008 -0.0013 -0.0000 0.0001 -0.0004 0.0000 -0.0000 0.0000 0.0000 -0.0000 0.0000 0.0000 -0.0000 0.0002 0.0000 0.0003 -0.0006 0.0000 -0.0006 0.0004 0.0000 0.0001 0.0000 0.0000 -0.0000 0.0000 0.0000 -0.0002 -0.0010 -0.0000 30.0001 0.0002 -0.0001 -29.9998 0.0005 0.0002 -0.0000 0.0000 0.0000 -0.2985 0.4949 0.3012 -0.2985 0.4949 0.3012 86.1730 -16.6086 -85.9617 -9.5423 53.2946 -2.4261 -21.4749 23.4106 16.1637 1.2176 1.5320 0.4641 0.0001 -0.0001 0.0000 -0.0000 0.0000 0.0000 0.0003 -0.0006 0.0000 0.0001 -0.0001 0.0000 -0.0000 0.0000 0.0000 -0.0000 0.0000 0.0000 0.0001 0.0007 -0.0000 0.0001 -0.0012 0.0000 0.0003 -0.0008 0.0000 -0.0000 0.0001 0.0000 -0.0000 0.0000 0.0000 -0.0000 -0.0009 0.0000 -29.9996 0.0002 0.0001 29.9996 -0.0003 0.0001 -0.0000 0.0000 0.0000 177.7844 0.1488 -0.7542 -2.8663 -5.9641 -12.6964 8.6812 71.9393 -11.9167 -0.0000 25.3510 0.0000 178.8007 8.7384 -0.0973 -0.0830 -2.6507 -0.0104 -10.8268 67.3569 10.7123 -0.0001 25.3508 0.0000
8.2473 97.1259 -26.0110 3.3657 8.5859 1.8621 -0.3010 0.9816 0.2967 -0.3010 0.9817 0.2967 -0.3020 0.9846 0.2975 -90.0000 -16.5723 90.0000 2.7996 48.0722 -25.1616 57.2550 -22.1104 -68.6936 -6.8726 -3.9792 -1.9882 0.0001 0.0000 0.0000 -0.0000 0.0000 0.0000 -0.0008 -0.0013 -0.0000 0.0001 -0.0004 0.0000 -0.0000 0.0000 0.0000 -0.0000 0.0000 0.0000 -0.0000 0.0002 0.0000 0.0003 -0.0006 0.0000 -0.0006 0.0004 0.0000 0.0001 0.0000 0.0000 -0.0000 0.0000 0.0000 -0.0002 -0.0010 -0.0000 30.0001 0.0002 -0.0001 -29.9998 0.0005 0.0002 -0.0000 0.0000 0.0000 -0.3057 0.5299 0.2556 -0.3057 0.5299 0.2556 86.3733 -16.7154 -86.0252 -8.2028 54.5253 -1.8854 -15.2149 20.4032 15.0499 1.0940 1.4072 0.3180 0.0001 -0.0001 0.0000 -0.0000 0.0000 0.0000 0.0003 -0.0006 0.0000 0.0001 -0.0001 0.0000 -0.0000 0.0000 0.0000 -0.0000 0.0000 0.0000 0.0001 0.0007 -0.0000 0.0001 -0.0012 0.0000 0.0003 -0.0008 0.0000 -0.0000 0.0001 0.0000 -0.0000 0.0000 0.0000 -0.0000 -0.0009 0.0000 -29.9996 0.0002 0.0001 29.9996 -0.0003 0.0001 -0.0000 0.0000 0.0000 177.9384 0.1108 -0.7287 -2.8978 -6.1608 -12.6885 8.4428 72.0988 -11.6757 -0.0000 25.3510 0.0000 178.8729 8.5406 0.0136 -0.0830 -2.6070 -0.0098 -11.0017 67.3401 10.9824 -0.0001 25.3508 0.0000
8.3478 97.1145 -26.0483 3.2207 8.4083 2.0873 -0.2966 0.9605 0.3257 -0.2966 0.9607 0.3257 -0.2976 0.9635 0.3267 -90.0000 -16.5322 90.0000 2.8983 47.6771 -24.6178 62.4125 -22.2679 -65.7119 -7.2104 -3.8729 -2.3005 0.0001 0.0000 0.0000 -0.0000 0.0000 0.0000 -0.0008 -0.0013 -0.0000 0.0001 -0.0004 0.0000 -0.0000 0.0000 0.0000 -0.0000 0.0000 0.0000 -0.0000 0.0002 0.0000 0.0003 -0.0006 0.0000 -0.0006 0.0004 0.0000 0.0001 0.0000 0.0000 -0.0000 0.0000 0.0000 -0.0002 -0.0010 -0.0000 30.0001 0.0002 -0.0001 -29.9998 0.0005 0.0002 -0.0000 0.0000 0.0000 -0.3347 0.5524 0.2223 -0.3347 0.5524 0.2223 86.5577 -16.8247 -86.0786 -6.8119 55.7432 -1.2400 -9.5298 17.1442 14.9896 1.0145 1.2957 0.2032 0.0001 -0.0001 0.0000 -0.0000 0.0000 0.0000 0.0003 -0.0006 0.0000 0.0001 -0.0001 0.0000 -0.0000 0.0000 0.0000 -0.0000 0.0000 0.0000 0.0001 0.0007 -0.0000 0.0001 -0.0012 0.0000 0.0003 -0.0008 0.0000 -0.0000 0.0001 0.0000 -0.0000 0.0000 0.0000 -0.0000 -0.0009 0.0000 -29.9996 0.0002 0.0001 29.9996 -0.0003 0.0001 -0.0000 0.0000 0.0000 178.0777 0.0406 -0.6961 -2.9277 -6.3231 -12.6874 8.1918 72.2484 -11.4181 -0.0000 25.3510 0.0000 178.9278 8.3532 0.0993 -0.0829 -2.5879 -0.0093 -11.1908 67.3297 11.2884 -0.0001 25.3508 0.0000
8.4672 97.1064 -26.0593 3.0869 8.2307 2.2892 -0.2924 0.9318 0.3589 -0.2924 0.9319 0.3589 -0.2932 0.9346 0.3599 -90.0000 -16.5086 90.0000 3.1510 47.0679 -24.1102 67.0074 -21.8885 -63.0017 -7.5346 -3.7271 -2.6289 0.0001 0.0000 0.0000 -0.0000 0.0000 0.0000 -0.0008 -0.0013 -0.0000 0.0001 -0.0004 0.0000 -0.0000 0.0000 0.0000 -0.0000 0.0000 0.0000 -0.0001 0.0002 0.0000 0.0003 -0.0006 0.0000 -0.0006 0.0004 0.0000 0.0001 0.0000 0.0000 -0.0000 0.0000 0.0000 -0.0002 -0.0010 -0.0000 30.0001 0.0002 -0.0001 -29.9998 0.0005 0.0001 -0.0000 0.0000 0.0000 -0.3833 0.5651 0.1947 -0.3833 0.5651 0.1947 86.7203 -16.9470 -86.1208 -5.2601 56.9613 -0.5907 -4.6084 13.8372 16.2996 0.9767 1.1865 0.1146 0.0001 -0.0001 0.0000 -0.0000 0.0000 0.0000 0.0003 -0.0006 0.0000 0.0001 -0.0001 0.0000 -0.0000 0.0000 0.0000 -0.0000 0.0000 0.0000 0.0001 0.0007 -0.0000 0.0001 -0.0012 0.0000 0.0003 -0.0008 0.0000 -0.0000 0.0001 0.0000 -0.0000 0.0000 0.0000 -0.0000 -0.0008 0.0000 -29.9996 0.0002 0.0001 29.9996 -0.0003 0.0001 -0.0000 0.0000 0.0000 178.1898 -0.0601 -0.6413 -2.9490 -6.4335 -12.6805 8.0214 72.3705 -11.2254 -0.0000 25.3510 0.0000 178.9634 8.1665 0.1704 -0.0829 -2.5985 -0.0094 -11.3708 67.3467 11.6047 -0.0001 25.3508 0.0000
8.5811 97.0983 -26.0442 2.9589 8.0624 2.4775 -0.2860 0.8936 0.3950 -0.2861 0.8937 0.3950 -0.2870 0.8962 0.3962 -90.0000 -16.5018 90.0000 3.5147 46.3416 -23.7329 71.1972 -20.9831 -60.5827 -7.8342 -3.5570 -2.9725 0.0001 0.0000 0.0000 -0.0000 0.0000 0.0000 -0.0008 -0.0013 -0.0000 0.0001 -0.0004 0.0000 -0.0000 0.0000 0.0000 -0.0000 0.0000 0.0000 -0.0001 0.0002 0.0000 0.0003 -0.0006 0.0000 -0.0006 0.0004 0.0000 0.0001 0.0000 0.0000 -0.0000 0.0000 0.0000 -0.0002 -0.0010 -0.0000 30.0001 0.0002 -0.0001 -29.9998 0.0005 0.0002 -0.0000 0.0000 0.0000 -0.4369 0.5747 0.1661 -0.4369 0.5747 0.1661 86.8705 -17.0831 -86.1415 -3.5039 58.1354 -0.0429 -0.4058 10.6587 18.7618 0.9659 1.0779 0.0459 0.0001 -0.0001 0.0000 -0.0000 0.0000 0.0000 0.0003 -0.0006 0.0000 0.0001 -0.0001 0.0000 -0.0000 0.0000 0.0000 -0.0000 0.0000 0.0000 0.0001 0.0007 -0.0000 0.0001 -0.0011 0.0000 0.0003 -0.0008 0.0000 -0.0000 0.0001 0.0000 -0.0000 0.0000 0.0000 -0.0000 -0.0009 0.0000 -29.9996 0.0002 0.0001 29.9996 -0.0003 0.0001 -0.0000 0.0000 0.0000 178.2856 -0.1557 -0.5625 -2.9639 -6.5197 -12.6498 8.0053 72.4677 -11.1734 -0.0000 25.3510 0.0000 178.9995 7.9804 0.2343 -0.0829 -2.6217 -0.0094 -11.5560 67.3841 11.9244 -0.0001 25.3508 0.0000
8.6772 97.0884 -26.0190 2.8342 7.9053 2.6548 -0.2770 0.8485 0.4328 -0.2770 0.8486 0.4329 -0.2778 0.8511 0.4341 -90.0000 -16.5084 90.0000 4.0056 45.5593 -23.5106 75.0330 -19.6226 -58.4826 -8.1036 -3.3741 -3.3252 0.0001 0.0000 0.0000 -0.0000 0.0000 0.0000 -0.0008 -0.0013 -0.0000 0.0001 -0.0004 0.0000 -0.0000 0.0000 0.0000 -0.0000 0.0000 0.0000 -0.0000 0.0002 0.0000 0.0003 -0.0006 0.0000 -0.0006 0.0004 0.0000 0.0001 0.0000 0.0000 -0.0000 0.0000 0.0000 -0.0002 -0.0010 -0.0000 30.0001 0.0002 -0.0001 -29.9998 0.0005 0.0001 -0.0000 0.0000 0.0000 -0.4877 0.5790 0.1355 -0.4877 0.5790 0.1355 87.0058 -17.2384 -86.1444 -1.5866 59.2511 0.4155 3.1565 7.7244 22.1386 0.9710 0.9670 -0.0071 0.0001 -0.0001 0.0000 -0.0000 0.0000 0.0000 0.0003 -0.0006 0.0000 0.0001 -0.0001 0.0000 -0.0000 0.0000 0.0000 -0.0000 0.0000 0.0000 0.0001 0.0007 -0.0000 0.0001 -0.0012 0.0000 0.0003 -0.0008 0.0000 -0.0000 0.0001 0.0000 -0.0000 0.0000 0.0000 -0.0000 -0.0009 0.0000 -29.9996 0.0002 0.0001 29.9996 -0.0003 0.0001 -0.0000 0.0000 0.0000 178.3729 -0.2331 -0.4642 -2.9760 -6.6004 -12.6011 8.1284 72.5490 -11.2518 -0.0000 25.3510 0.0000 179.0464 7.7975 0.2808 -0.0829 -2.6373 -0.0092 -11.7699 67.4193 12.2654 -0.0001 25.3508 0.0000
8.7469 97.0753 -26.0114 2.7110 7.7616 2.8170 -0.2632 0.7993 0.4706 -0.2633 0.7994 0.4707 -0.2641 0.8018 0.4721 -90.0000 -16.5203 90.0000 4.6392 44.7414 -23.4421 78.4192 -17.7371 -56.8529 -8.3333 -3.1903 -3.6801 0.0001 0.0000 0.0000 -0.0000 0.0000 0.0000 -0.0008 -0.0013 -0.0000 0.0001 -0.0004 0.0000 -0.0000 0.0000 0.0000 -0.0000 0.0000 0.0000 -0.0001 0.0002 0.0000 0.0003 -0.0006 0.0000 -0.0006 0.0004 0.0000 0.0001 0.0000 0.0000 -0.0000 0.0000 0.0000 -0.0002 -0.0010 -0.0000 30.0001 0.0002 -0.0001 -29.9998 0.0005 0.0002 -0.0000 0.0000 0.0000 -0.5219 0.5660 0.0998 -0.5219 0.5660 0.0998 87.1180 -17.4312 -86.1225 0.4923 60.2481 0.8408 5.8325 5.2616 26.3774 0.9917 0.8460 -0.0432 0.0001 -0.0001 0.0000 -0.0000 0.0000 0.0000 0.0003 -0.0006 0.0000 0.0001 -0.0001 0.0000 -0.0000 0.0000 0.0000 -0.0000 0.0000 0.0000 0.0001 0.0007 -0.0000 0.0001 -0.0012 0.0000 0.0003 -0.0008 0.0000 -0.0000 0.0001 0.0000 -0.0000 0.0000 0.0000 -0.0000 -0.0009 0.0000 -29.9996 0.0002 0.0001 29.9996 -0.0003 0.0001 -0.0000 0.0000 0.0000 178.4548 -0.2813 -0.3528 -2.9847 -6.6895 -12.5344 8.4022 72.6179 -11.4755 -0.0000 25.3510 0.0000 179.1119 7.6328 0.2826 -0.0829 -2.6354 -0.0087 -12.0552 67.4254 12.6727 -0.0001 25.3508 0.0000
8.8123 97.0621 -26.0320 2.5876 7.6144 2.9714 -0.2477 0.7531 0.5040 -0.2477 0.7532 0.5040 -0.2485 0.7553 0.5055 -90.0000 -16.5220 90.0000 5.3861 43.8190 -23.3039 81.3280 -15.6138 -55.7313 -8.5223 -3.0016 -4.0307 0.0001 0.0000 0.0000 -0.0000 0.0000 0.0000 -0.0008 -0.0013 -0.0000 0.0001 -0.0004 0.0000 -0.0000 0.0000 0.0000 -0.0000 0.0000 0.0000 -0.0000 0.0002 0.0000 0.0003 -0.0006 0.0000 -0.0006 0.0004 0.0000 0.0001 0.0000 0.0000 -0.0000 0.0000 0.0000 -0.0002 -0.0010 -0.0000 30.0001 0.0002 -0.0001 -29.9998 0.0005 0.0002 -0.0000 0.0000 0.0000 -0.5323 0.5367 0.0578 -0.5323 0.5367 0.0578 87.2102 -17.6536 -86.0998 2.5909 61.1530 1.3926 7.8595 3.2802 31.0957 1.0132 0.7129 -0.0670 0.0001 -0.0001 0.0000 -0.0000 0.0000 0.0000 0.0003 -0.0006 0.0000 0.0001 -0.0001 0.0000 -0.0000 0.0000 0.0000 -0.0000 0.0000 0.0000 0.0001 0.0007 -0.0000 0.0001 -0.0012 0.0000 0.0003 -0.0008 0.0000 -0.0000 0.0001 0.0000 -0.0000 0.0000 0.0000 -0.0000 -0.0009 0.0000 -29.9996 0.0002 0.0001 29.9996 -0.0003 0.0001 -0.0000 0.0000 0.0000 178.5354 -0.3175 -0.2379 -2.9903 -6.7933 -12.4844 8.6807 72.6829 -11.7041 -0.0000 25.3510 0.0000 179.1811 7.4958 0.2489 -0.0829 -2.6563 -0.0083 -12.4054 67.4184 13.1509 -0.0001 25.3508 0.0000
8.8871 97.0502 -26.0671 2.4684 7.4600 3.1170 -0.2326 0.7139 0.5286 -0.2327 0.7140 0.5286 -0.2333 0.7161 0.5301 -87.7654 -14.0649 89.0807 6.2049 42.8864 -23.0795 83.8702 -13.3304 -55.0304 -8.6670 -2.8172 -4.3677 0.0001 0.0000 0.0000 -0.0000 0.0000 0.0000 -0.0008 -0.0013 -0.0000 0.0001 -0.0004 0.0000 -0.0000 0.0000 0.0000 -0.0000 0.0000 0.0000 -0.0000 0.0002 0.0000 0.0003 -0.0006 0.0000 -0.0006 0.0004 0.0000 0.0001 0.0000 0.0000 -0.0000 0.0000 0.0000 -0.0002 -0.0010 -0.0000 30.0001 0.0002 -0.0001 -29.9998 0.0005 0.0001 -0.0000 0.0000 0.0000 -0.5195 0.4918 0.0130 -0.5195 0.4918 0.0130 87.2914 -17.8836 -86.0704 4.5881 61.9815 2.1336 9.3364 1.7627 36.0472 1.0270 0.5701 -0.0807 0.0001 -0.0001 0.0000 -0.0000 0.0000 0.0000 0.0003 -0.0006 0.0000 0.0001 -0.0001 0.0000 -0.0000 0.0000 0.0000 -0.0000 0.0000 0.0000 0.0001 0.0007 -0.0000 0.0001 -0.0012 0.0000 0.0003 -0.0008 0.0000 -0.0000 0.0001 0.0000 -0.0000 0.0000 0.0000 -0.0000 -0.0009 0.0000 -29.9996 0.0002 0.0001 29.9996 -0.0003 0.0001 -0.0000 0.0000 0.0000 178.6127 -0.3561 -0.1278 -2.9958 -6.9030 -12.4632 8.9041 72.7497 -11.8797 -0.0000 25.3510 0.0000 179.2414 7.3674 0.1898 -0.0829 -2.6886 -0.0082 -12.7994 67.4017 13.6804 -0.0001 25.3508 0.0000
8.9924 97.0410 -26.0973 2.3606 7.2919 3.2491 -0.2227 0.6865 0.5347 -0.2227 0.6866 0.5347 -0.2234 0.6886 0.5364 -87.6072 -13.9270 89.0707 7.2298 41.9648 -22.6664 85.8803 -10.9860 -54.9168 -8.7564 -2.6557 -4.6751 0.0001 0.0000 0.0000 -0.0000 0.0000 0.0000 -0.0008 -0.0013 -0.0000 0.0001 -0.0004 0.0000 -0.0000 0.0000 0.0000 -0.0000 0.0000 0.0000 -0.0000 0.0003 0.0000 0.0003 -0.0006 0.0000 -0.0006 0.0004 0.0000 0.0001 0.0000 0.0000 -0.0000 0.0000 0.0000 -0.0002 -0.0010 -0.0000 30.0001 0.0002 -0.0001 -29.9998 0.0005 0.0002 -0.0000 0.0000 0.0000 -0.4694 0.4311 -0.0370 -0.4694 0.4311 -0.0370 87.3670 -18.1008 -86.0321 6.3392 62.6984 3.0919 10.0370 0.8435 41.1248 1.0311 0.4185 -0.0833 0.0001 -0.0001 0.0000 -0.0000 0.0000 0.0000 0.0003 -0.0006 0.0000 0.0001 -0.0001 0.0000 -0.0000 0.0000 0.0000 -0.0000 0.0000 0.0000 0.0001 0.0007 -0.0000 0.0001 -0.0012 0.0000 0.0003 -0.0008 0.0000 -0.0000 0.0001 0.0000 -0.0000 0.0000 0.0000 -0.0000 -0.0009 0.0000 -29.9996 0.0002 0.0001 29.9996 -0.0003 0.0001 -0.0000 0.0000 0.0000 178.6797 -0.4215 -0.0499 -2.9986 -7.0019 -12.4771 8.9874 72.8200 -11.9134 -0.0000 25.3510 0.0000 179.2744 7.2230 0.1123 -0.0829 -2.7226 -0.0082 -13.2227 67.3820 14.2493 -0.0001 25.3508 0.0000
9.1195 97.0333 -26.1127 2.2624 7.1168 3.3690 -0.2176 0.6655 0.5262 -0.2176 0.6656 0.5262 -0.2182 0.6676 0.5278 -87.4410 -13.7912 89.0591 8.4785 41.1114 -21.9761 87.4562 -8.7538 -55.2896 -8.7917 -2.5263 -4.9434 0.0001 0.0000 0.0000 -0.0000 0.0000 0.0000 -0.0008 -0.0013 -0.0000 0.0001 -0.0004 0.0000 -0.0000 0.0000 0.0000 -0.0000 0.0000 0.0000 -0.0000 0.0002 0.0000 0.0003 -0.0006 0.0000 -0.0006 0.0004 0.0000 0.0001 0.0000 0.0000 -0.0000 0.0000 0.0000 -0.0002 -0.0010 -0.0000 30.0001 0.0002 -0.0001 -29.9998 0.0005 0.0002 -0.0000 0.0000 0.0000 -0.3964 0.3680 -0.0971 -0.3964 0.3679 -0.0971 87.4447 -18.2952 -85.9920 7.8878 63.2868 4.0685 10.1093 0.3489 46.1356 1.0234 0.2707 -0.0788 0.0001 -0.0001 0.0000 -0.0000 0.0000 0.0000 0.0003 -0.0006 0.0000 0.0001 -0.0001 0.0000 -0.0000 0.0000 0.0000 -0.0000 0.0000 0.0000 0.0001 0.0007 -0.0000 0.0001 -0.0011 0.0000 0.0003 -0.0008 0.0000 -0.0000 0.0001 0.0000 -0.0000 0.0000 0.0000 -0.0000 -0.0009 0.0000 -29.9996 0.0002 0.0001 29.9996 -0.0003 0.0001 -0.0000 0.0000 0.0000 178.7335 -0.5037 -0.0101 -2.9963 -7.0891 -12.4940 9.0020 72.8893 -11.8739 -0.0000 25.3510 0.0000 179.2885 7.0571 0.0478 -0.0829 -2.7454 -0.0086 -13.6057 67.3675 14.7718 -0.0001 25.3508 0.0000
9.2532 97.0257 -26.1181 2.1703 6.9409 3.4764 -0.2155 0.6462 0.5083 -0.2155 0.6463 0.5084 -0.2162 0.6482 0.5098 -87.2757 -13.6530 89.0432 9.8665 40.2896 -20.8663 88.6674 -6.7685 -56.0963 -8.7737 -2.4247 -5.1724 0.0001 0.0000 0.0000 -0.0000 0.0000 0.0000 -0.0008 -0.0013 -0.0000 0.0001 -0.0004 0.0000 -0.0000 0.0000 0.0000 -0.0000 0.0000 0.0000 -0.0000 0.0002 0.0000 0.0003 -0.0006 0.0000 -0.0006 0.0004 0.0000 0.0001 0.0000 0.0000 -0.0000 0.0000 0.0000 -0.0002 -0.0010 -0.0000 30.0001 0.0002 -0.0001 -29.9998 0.0005 0.0002 -0.0000 0.0000 0.0000 -0.3110 0.3103 -0.1702 -0.3110 0.3103 -0.1702 87.5190 -18.4666 -85.9521 9.2593 63.7472 4.9689 9.6616 0.1415 50.9783 1.0063 0.1333 -0.0703 0.0001 -0.0001 0.0000 -0.0000 0.0000 0.0000 0.0003 -0.0006 0.0000 0.0001 -0.0001 0.0000 -0.0000 0.0000 0.0000 -0.0000 0.0000 0.0000 0.0001 0.0007 -0.0000 0.0001 -0.0012 0.0000 0.0003 -0.0008 0.0000 -0.0000 0.0001 0.0000 -0.0000 0.0000 0.0000 -0.0000 -0.0008 0.0000 -29.9996 0.0002 0.0001 29.9996 -0.0003 0.0001 -0.0000 0.0000 0.0000 178.7772 -0.5856 0.0050 -2.9912 -7.1726 -12.5017 9.0268 72.9532 -11.8407 -0.0000 25.3510 0.0000 179.2964 6.8766 0.0044 -0.0829 -2.7508 -0.0090 -13.9241 67.3539 15.2121 -0.0001 25.3508 0.0000
9.3621 97.0164 -26.1169 2.0824 6.7704 3.5612 -0.2155 0.6294 0.4830 -0.2155 0.6294 0.4830 -0.2162 0.6313 0.4845 -87.1240 -13.5192 89.0027 11.4094 39.5803 -19.1383 89.3704 -5.1714 -57.3140 -8.6970 -2.3479 -5.3422 0.0001 0.0000 0.0000 -0.0000 0.0000 0.0000 -0.0008 -0.0013 -0.0000 0.0001 -0.0004 0.0000 -0.0000 0.0000 0.0000 -0.0000 0.0000 0.0000 -0.0000 0.0002 0.0000 0.0003 -0.0006 0.0000 -0.0006 0.0004 0.0000 0.0001 0.0000 0.0000 -0.0000 0.0000 0.0000 -0.0002 -0.0010 -0.0000 30.0001 0.0002 -0.0001 -29.9998 0.0005 0.0001 -0.0000 0.0000 0.0000 -0.2204 0.2675 -0.2566 -0.2204 0.2675 -0.2566 87.5856 -18.6094 -85.9040 10.4162 64.0106 5.5928 8.5619 0.2159 55.4573 0.9893 0.0126 -0.0577 0.0001 -0.0001 0.0000 -0.0000 0.0000 0.0000 0.0003 -0.0006 0.0000 0.0001 -0.0001 0.0000 -0.0000 0.0000 0.0000 -0.0000 0.0000 0.0000 0.0001 0.0007 -0.0000 0.0001 -0.0012 0.0000 0.0003 -0.0008 0.0000 -0.0000 0.0001 0.0000 -0.0000 0.0000 0.0000 -0.0000 -0.0009 0.0000 -29.9997 0.0002 0.0001 29.9996 -0.0003 0.0001 -0.0000 0.0000 0.0000 178.8152 -0.6497 0.0035 -2.9888 -7.2649 -12.4875 9.1689 73.0078 -11.9210 -0.0000 25.3510 0.0000 179.3199 6.6868 -0.0211 -0.0829 -2.7288 -0.0091 -14.1717 67.3318 15.5331 -0.0001 25.3508 0.0000
9.4302 97.0046 -26.1234 1.9949 6.6068 3.6224 -0.2164 0.6117 0.4574 -0.2164 0.6118 0.4575 -0.2170 0.6136 0.4588 -86.9761 -13.3863 88.9409 12.9042 39.1257 -16.9339 89.7138 -3.8610 -58.5421 -8.5455 -2.1862 -5.4552 0.0001 0.0000 0.0000 -0.0000 0.0000 0.0000 -0.0008 -0.0013 -0.0000 0.0001 -0.0004 0.0000 -0.0000 0.0000 0.0000 -0.0000 0.0000 0.0000 -0.0001 0.0002 0.0000 0.0003 -0.0006 0.0000 -0.0006 0.0004 0.0000 0.0001 0.0000 0.0000 -0.0000 0.0000 0.0000 -0.0002 -0.0010 -0.0000 30.0001 0.0002 -0.0001 -29.9998 0.0005 0.0002 -0.0000 0.0000 0.0000 -0.1349 0.2297 -0.3551 -0.1349 0.2297 -0.3551 87.6495 -18.7421 -85.8660 11.4730 64.1160 5.8978 6.9738 0.4296 59.5065 0.9753 -0.0916 -0.0432 0.0001 -0.0001 0.0000 -0.0000 0.0000 0.0000 0.0003 -0.0006 0.0000 0.0001 -0.0001 0.0000 -0.0000 0.0000 0.0000 -0.0000 0.0000 0.0000 0.0001 0.0007 -0.0000 0.0001 -0.0012 0.0000 0.0003 -0.0008 0.0000 -0.0000 0.0001 0.0000 -0.0000 0.0000 0.0000 -0.0000 -0.0009 0.0000 -29.9996 0.0002 0.0001 29.9996 -0.0003 0.0001 -0.0000 0.0000 0.0000 178.8550 -0.6962 0.0002 -2.9890 -7.3704 -12.4592 9.4335 73.0575 -12.1233 -0.0000 25.3510 0.0000 179.3720 6.5043 -0.0565 -0.0829 -2.6891 -0.0081 -14.4035 67.2913 15.7945 -0.0001 25.3508 0.0000
9.4811 96.9913 -26.1473 1.9057 6.4487 3.6599 -0.2142 0.5965 0.4314 -0.2142 0.5965 0.4314 -0.2148 0.5983 0.4327 -86.8391 -13.2577 88.8469 14.3525 38.8885 -14.3599 89.7111 -2.8021 -59.6256 -8.3519 -1.9688 -5.5057 0.0001 0.0000 0.0000 -0.0000 0.0000 0.0000 -0.0008 -0.0013 -0.0000 0.0001 -0.0004 0.0000 -0.0000 0.0000 0.0000 -0.0000 0.0000 0.0000 -0.0000 0.0002 0.0000 0.0003 -0.0006 0.0000 -0.0006 0.0004 0.0000 0.0001 0.0000 0.0000 -0.0000 0.0000 0.0000 -0.0002 -0.0010 -0.0000 30.0001 0.0002 -0.0001 -29.9998 0.0005 0.0002 -0.0000 0.0000 0.0000 -0.0636 0.1865 -0.4566 -0.0636 0.1865 -0.4566 87.7112 -18.8652 -85.8334 12.4718 64.0979 5.9344 4.9901 0.7073 63.1197 0.9662 -0.1830 -0.0272 0.0001 -0.0001 0.0000 -0.0000 0.0000 0.0000 0.0003 -0.0006 0.0000 0.0001 -0.0001 0.0000 -0.0000 0.0000 0.0000 -0.0000 0.0000 0.0000 0.0001 0.0007 -0.0000 0.0001 -0.0012 0.0000 0.0003 -0.0008 0.0000 -0.0000 0.0001 0.0000 -0.0000 0.0000 0.0000 -0.0000 -0.0008 0.0000 -29.9997 0.0002 0.0001 29.9996 -0.0003 0.0001 -0.0000 0.0000 0.0000 178.8950 -0.7209 0.0108 -2.9892 -7.4946 -12.4388 9.7960 73.1036 -12.4248 -0.0000 25.3510 0.0000 179.4387 6.3433 -0.0976 -0.0829 -2.6515 -0.0067 -14.5942 67.2391 15.9936 -0.0001 25.3508 0.0000
9.5536 96.9776 -26.2000 1.8151 6.2953 3.6548 -0.2044 0.5855 0.4028 -0.2044 0.5856 0.4028 -0.2050 0.5873 0.4040 -86.7278 -13.1423 88.7110 15.5476 38.9331 -11.3903 89.2171 -1.8941 -60.3102 -8.1321 -1.6691 -5.4821 0.0001 0.0000 0.0000 -0.0000 0.0000 0.0000 -0.0008 -0.0013 -0.0000 0.0001 -0.0004 0.0000 -0.0000 0.0000 0.0000 -0.0000 0.0000 0.0000 -0.0000 0.0002 0.0000 0.0003 -0.0006 0.0000 -0.0006 0.0004 0.0000 0.0001 0.0000 0.0000 -0.0000 0.0000 0.0000 -0.0002 -0.0010 -0.0000 30.0001 0.0002 -0.0001 -29.9998 0.0005 0.0002 -0.0000 0.0000 0.0000 -0.0205 0.1301 -0.5447 -0.0205 0.1301 -0.5447 87.7659 -18.9686 -85.8179 13.3468 63.9625 5.7012 2.5172 1.0263 66.1029 0.9705 -0.2615 -0.0088 0.0001 -0.0001 0.0000 -0.0000 0.0000 0.0000 0.0003 -0.0006 0.0000 0.0001 -0.0001 0.0000 -0.0000 0.0000 0.0000 -0.0000 0.0000 0.0000 0.0001 0.0007 -0.0000 0.0001 -0.0012 0.0000 0.0003 -0.0008 0.0000 -0.0000 0.0001 0.0000 -0.0000 0.0000 0.0000 -0.0000 -0.0009 0.0000 -29.9996 0.0002 0.0001 29.9996 -0.0003 0.0001 -0.0000 0.0000 0.0000 178.9367 -0.7341 0.0468 -2.9922 -7.6286 -12.4491 10.2645 73.1458 -12.8362 -0.0000 25.3510 0.0000 179.4955 6.2195 -0.1354 -0.0829 -2.6331 -0.0065 -14.6679 67.1804 16.0735 -0.0001 25.3508 0.0000
9.6450 96.9637 -26.2579 1.7299 6.1445 3.6103 -0.1901 0.5773 0.3699 -0.1901 0.5773 0.3699 -0.1906 0.5791 0.3710 -86.6407 -13.0353 88.5533 16.4341 39.1739 -8.3681 88.3250 -0.7980 -60.6468 -7.8893 -1.2984 -5.4023 0.0001 0.0000 0.0000 -0.0000 0.0000 0.0000 -0.0008 -0.0013 -0.0000 0.0001 -0.0004 0.0000 -0.0000 0.0000 0.0000 -0.0000 0.0000 0.0000 -0.0000 0.0003 0.0000 0.0003 -0.0007 0.0000 -0.0006 0.0004 0.0000 0.0001 0.0000 0.0000 -0.0000 0.0000 0.0000 -0.0002 -0.0010 -0.0000 30.0001 0.0002 -0.0001 -29.9998 0.0005 0.0002 -0.0000 0.0000 0.0000 0.0003 0.0639 -0.6103 0.0003 0.0639 -0.6103 87.8095 -19.0439 -85.8257 14.1219 63.7829 5.3318 -0.3540 1.3190 68.6228 0.9875 -0.3346 0.0126 0.0001 -0.0001 0.0000 -0.0000 0.0000 0.0000 0.0003 -0.0006 0.0000 0.0001 -0.0001 0.0000 -0.0000 0.0000 0.0000 -0.0000 0.0000 0.0000 0.0001 0.0007 -0.0000 0.0001 -0.0012 0.0000 0.0003 -0.0008 0.0000 -0.0000 0.0001 0.0000 -0.0000 0.0000 0.0000 -0.0000 -0.0008 0.0000 -29.9996 0.0002 0.0001 29.9996 -0.0003 0.0001 -0.0000 0.0000 0.0000 178.9758 -0.7605 0.0827 -2.9957 -7.7518 -12.4863 10.7471 73.1891 -13.2653 -0.0000 25.3510 0.0000 179.5382 6.1047 -0.1691 -0.0828 -2.6143 -0.0073 -14.6480 67.1201 16.0533 -0.0001 25.3507 0.0000
9.7197 96.9494 -26.3053 1.6509 5.9982 3.5331 -0.1728 0.5686 0.3334 -0.1728 0.5686 0.3334 -0.1733 0.5703 0.3344 -86.5687 -12.9393 88.3906 17.0397 39.5449 -5.4575 87.0558 0.6091 -60.6955 -7.6246 -0.8729 -5.2767 0.0001 0.0000 0.0000 -0.0000 0.0000 0.0000 -0.0008 -0.0013 -0.0000 0.0001 -0.0004 0.0000 -0.0000 0.0000 0.0000 -0.0000 0.0000 0.0000 -0.0000 0.0002 0.0000 0.0003 -0.0006 0.0000 -0.0006 0.0004 0.0000 0.0001 0.0000 0.0000 -0.0000 0.0000 0.0000 -0.0002 -0.0010 -0.0000 30.0001 0.0003 -0.0002 -29.9998 0.0005 0.0002 -0.0000 0.0000 0.0000 0.0023 -0.0103 -0.6594 0.0023 -0.0103 -0.6594 87.8474 -19.1065 -85.8594 14.8171 63.5804 4.8676 -3.6046 1.5482 70.7692 1.0185 -0.4071 0.0376 0.0001 -0.0001 0.0000 -0.0000 0.0000 0.0000 0.0003 -0.0006 0.0000 0.0001 -0.0001 0.0000 -0.0000 0.0000 0.0000 -0.0000 0.0000 0.0000 0.0001 0.0007 -0.0000 0.0001 -0.0012 0.0000 0.0003 -0.0008 0.0000 -0.0000 0.0001 0.0000 -0.0000 0.0000 0.0000 -0.0000 -0.0008 0.0000 -29.9996 0.0002 0.0001 29.9996 -0.0003 0.0001 -0.0000 0.0000 0.0000 179.0097 -0.8036 0.1030 -2.9964 -7.8577 -12.5411 11.2022 73.2365 -13.6690 -0.0000 25.3510 0.0000 179.5886 5.9935 -0.2054 -0.0829 -2.5998 -0.0076 -14.5890 67.0691 15.9679 -0.0001 25.3508 0.0000
9.7413 96.9346 -26.3301 1.5803 5.8613 3.4143 -0.1497 0.5553 0.2914 -0.1497 0.5554 0.2914 -0.1501 0.5571 0.2923 -86.5120 -12.8429 88.2282 17.2629 40.0233 -2.8413 85.1600 2.5286 -60.2666 -7.3429 -0.3684 -5.0984 0.0001 0.0000 0.0000 -0.0000 0.0000 0.0000 -0.0008 -0.0013 -0.0000 0.0001 -0.0004 0.0000 -0.0000 0.0000 0.0000 -0.0000 0.0000 0.0000 -0.0000 0.0002 0.0000 0.0003 -0.0006 0.0000 -0.0006 0.0004 0.0000 0.0001 0.0000 0.0000 -0.0000 0.0000 0.0000 -0.0002 -0.0010 -0.0000 30.0001 0.0002 -0.0001 -29.9998 0.0005 0.0002 -0.0000 0.0000 0.0000 -0.0285 -0.0903 -0.6886 -0.0285 -0.0903 -0.6886 87.8813 -19.1696 -85.9337 15.3288 63.3652 4.3708 -7.3652 1.6585 72.4095 1.0741 -0.4823 0.0691 0.0001 -0.0001 0.0000 -0.0000 0.0000 0.0000 0.0003 -0.0006 0.0000 0.0001 -0.0001 0.0000 -0.0000 0.0000 0.0000 -0.0000 0.0000 0.0000 0.0001 0.0007 -0.0000 0.0001 -0.0012 0.0000 0.0003 -0.0008 0.0000 -0.0000 0.0001 0.0000 -0.0000 0.0000 0.0000 -0.0000 -0.0009 0.0000 -29.9996 0.0002 0.0001 29.9996 -0.0003 0.0001 -0.0000 0.0000 0.0000 179.0338 -0.8593 0.0811 -2.9908 -7.9399 -12.6062 11.5965 73.2883 -14.0137 -0.0000 25.3510 0.0000 179.6693 5.8894 -0.2529 -0.0829 -2.5985 -0.0065 -14.5031 67.0416 15.8092 -0.0001 25.3508 0.0000
9.7583 96.9213 -26.3515 1.5147 5.7298 3.2670 -0.1197 0.5377 0.2423 -0.1197 0.5378 0.2423 -0.1201 0.5394 0.2431 -86.4694 -12.7450 88.0883 17.2107 40.5246 -0.4420 82.7566 4.7324 -59.5021 -7.0453 0.1702 -4.8844 0.0001 0.0000 0.0000 -0.0000 0.0000 0.0000 -0.0008 -0.0013 -0.0000 0.0001 -0.0004 0.0000 -0.0000 0.0000 0.0000 -0.0000 0.0000 0.0000 -0.0000 0.0002 0.0000 0.0003 -0.0006 0.0000 -0.0006 0.0004 0.0000 0.0001 0.0000 0.0000 -0.0000 0.0000 0.0000 -0.0002 -0.0010 -0.0000 30.0001 0.0002 -0.0001 -29.9998 0.0005 0.0002 -0.0000 0.0000 0.0000 -0.0910 -0.1601 -0.6945 -0.0910 -0.1601 -0.6945 87.9081 -19.2365 -86.0449 15.5591 63.1316 3.9974 -11.4165 1.6388 73.6777 1.1556 -0.5658 0.1077 0.0001 -0.0001 0.0000 -0.0000 0.0000 0.0000 0.0003 -0.0006 0.0000 0.0001 -0.0001 0.0000 -0.0000 0.0000 0.0000 -0.0000 0.0000 0.0000 0.0001 0.0007 -0.0000 0.0001 -0.0012 0.0000 0.0003 -0.0008 0.0000 -0.0000 0.0001 0.0000 -0.0000 0.0000 0.0000 -0.0000 -0.0009 0.0000 -29.9996 0.0002 0.0001 29.9996 -0.0003 0.0001 -0.0000 0.0000 0.0000 179.0559 -0.9260 0.0091 -2.9879 -7.9997 -12.6583 11.9667 73.3397 -14.3328 -0.0000 25.3510 0.0000 179.7501 5.7982 -0.3176 -0.0829 -2.6127 -0.0055 -14.3866 67.0283 15.6177 -0.0001 25.3508 0.0000
9.8010 96.9099 -26.3816 1.4526 5.6007 3.0969 -0.0837 0.5155 0.1851 -0.0837 0.5156 0.1851 -0.0840 0.5172 0.1858 -86.4396 -12.6540 87.9822 16.9676 40.9787 1.7903 79.9405 7.0978 -58.5223 -6.7335 0.7126 -4.6469 0.0001 0.0000 0.0000 -0.0000 0.0000 0.0000 -0.0008 -0.0013 -0.0000 0.0001 -0.0004 0.0000 -0.0000 0.0000 0.0000 -0.0000 0.0000 0.0000 -0.0001 0.0002 0.0000 0.0003 -0.0006 0.0000 -0.0006 0.0004 0.0000 0.0001 0.0000 0.0000 -0.0000 0.0000 0.0000 -0.0002 -0.0010 -0.0000 30.0001 0.0002 -0.0001 -29.9998 0.0006 0.0002 -0.0000 0.0000 0.0000 -0.1770 -0.2175 -0.6807 -0.1770 -0.2175 -0.6807 87.9274 -19.3038 -86.1899 15.4929 62.8687 3.7916 -15.6799 1.5187 74.6509 1.2674 -0.6640 0.1563 0.0001 -0.0001 0.0000 -0.0000 0.0000 0.0000 0.0003 -0.0006 0.0000 0.0001 -0.0001 0.0000 -0.0000 0.0000 0.0000 -0.0000 0.0000 0.0000 0.0001 0.0007 -0.0000 0.0001 -0.0012 0.0000 0.0003 -0.0008 0.0000 -0.0000 0.0001 0.0000 -0.0000 0.0000 0.0000 -0.0000 -0.0009 0.0000 -29.9996 0.0002 0.0001 29.9996 -0.0003 0.0001 -0.0000 0.0000 0.0000 179.0781 -1.0007 -0.1073 -2.9885 -8.0451 -12.7000 12.3189 73.3924 -14.6309 -0.0000 25.3511 0.0000 179.8118 5.7137 -0.4119 -0.0829 -2.6239 -0.0053 -14.2488 67.0104 15.4316 -0.0001 25.3508 0.0000
9.8895 96.9006 -26.4337 1.3928 5.4746 2.8964 -0.0415 0.4834 0.1191 -0.0415 0.4835 0.1191 -0.0416 0.4849 0.1194 -86.4117 -12.5857 87.9502 16.5932 41.3529 3.7127 76.7459 9.5232 -57.3190 -6.4220 1.2371 -4.3943 0.0001 0.0000 0.0000 -0.0000 0.0000 0.0000 -0.0008 -0.0013 -0.0000 0.0001 -0.0004 0.0000 -0.0000 0.0000 0.0000 -0.0000 0.0000 0.0000 -0.0000 0.0002 0.0000 0.0003 -0.0006 0.0000 -0.0006 0.0004 0.0000 0.0001 0.0000 0.0000 -0.0000 0.0000 0.0000 -0.0002 -0.0010 -0.0000 30.0001 0.0002 -0.0001 -29.9998 0.0005 0.0002 -0.0000 0.0000 0.0000 -0.2787 -0.2524 -0.6497 -0.2787 -0.2524 -0.6497 87.9415 -19.3757 -86.3699 15.0566 62.5383 3.8095 -20.1988 1.3390 75.1868 1.4213 -0.7806 0.2202 0.0001 -0.0001 0.0000 -0.0000 0.0000 0.0000 0.0003 -0.0006 0.0000 0.0001 -0.0001 0.0000 -0.0000 0.0000 0.0000 -0.0000 0.0000 0.0000 0.0001 0.0007 -0.0000 0.0001 -0.0011 0.0000 0.0003 -0.0008 0.0000 -0.0000 0.0001 0.0000 -0.0000 0.0000 0.0000 -0.0000 -0.0009 0.0000 -29.9996 0.0002 0.0001 29.9996 -0.0003 0.0001 -0.0000 0.0000 0.0000 179.0982 -1.0792 -0.2689 -2.9913 -8.0789 -12.7479 12.6398 73.4526 -14.8919 -0.0000 25.3510 0.0000 179.8414 5.6288 -0.5648 -0.0829 -2.6003 -0.0058 -14.0904 66.9623 15.2822 -0.0001 25.3508 0.0000
9.9960 96.8927 -26.4990 1.3294 5.3494 2.6698 0.0057 0.4435 0.0490 0.0057 0.4436 0.0490 0.0057 0.4449 0.0492 -86.3786 -12.5297 87.9717 15.7565 42.1675 6.1198 73.3891 11.7727 -55.9662 -5.5465 1.4951 -3.7428 0.0001 0.0000 0.0000 -0.0000 0.0000 0.0000 -0.0008 -0.0013 -0.0000 0.0001 -0.0004 0.0000 -0.0000 0.0000 0.0000 -0.0000 0.0000 0.0000 -0.0000 0.0002 0.0000 0.0003 -0.0006 0.0000 -0.0006 0.0004 0.0000 0.0001 0.0000 0.0000 -0.0000 0.0000 0.0000 -0.0002 -0.0010 -0.0000 30.0001 0.0003 -0.0002 -29.9998 0.0005 0.0002 -0.0000 0.0000 0.0000 -0.3757 -0.2706 -0.6138 -0.3757 -0.2706 -0.6138 87.9570 -19.4530 -86.5530 14.3743 62.1200 4.0057 -24.8317 1.1297 75.2766 1.6261 -0.9172 0.3040 0.0001 -0.0001 0.0000 -0.0000 0.0000 0.0000 0.0003 -0.0006 0.0000 0.0001 -0.0001 0.0000 -0.0000 0.0000 0.0000 -0.0000 0.0000 0.0000 0.0001 0.0007 -0.0000 0.0001 -0.0012 0.0000 0.0003 -0.0008 0.0000 -0.0000 0.0001 0.0000 -0.0000 0.0000 0.0000 -0.0000 -0.0008 0.0000 -29.9996 0.0002 0.0001 29.9996 -0.0003 0.0001 -0.0000 0.0000 0.0000 179.1186 -1.1526 -0.4415 -2.9956 -8.1125 -12.8244 12.9524 73.5216 -15.1389 -0.0000 25.3510 0.0000 179.8627 5.5549 -0.7629 -0.0829 -2.5772 -0.0060 -13.9227 66.9064 15.1630 -0.0001 25.3508 0.0000
10.1075 96.8849 -26.5725 1.2641 5.2244 2.4177 0.0575 0.3991 -0.0240 0.0575 0.3991 -0.0240 0.0577 0.4003 -0.0241 -86.3472 -12.4877 88.0325 14.9178 42.9115 8.2414 69.7624 13.9643 -54.4080 -4.7391 1.6698 -3.1467 0.0001 0.0000 0.0000 -0.0000 0.0000 0.0000 -0.0008 -0.0013 -0.0000 0.0001 -0.0004 0.0000 -0.0000 0.0000 0.0000 -0.0000 0.0000 0.0000 -0.0000 0.0002 0.0000 0.0003 -0.0006 0.0000 -0.0006 0.0004 0.0000 0.0001 0.0000 0.0000 -0.0000 0.0000 0.0000 -0.0002 -0.0010 -0.0000 30.0001 0.0002 -0.0001 -29.9998 0.0005 0.0002 -0.0000 0.0000 0.0000 -0.4625 -0.2782 -0.5756 -0.4625 -0.2782 -0.5756 87.9645 -19.5081 -86.7298 13.5414 61.6032 4.3230 -29.5344 0.9107 74.9494 1.8949 -1.0735 0.4151 0.0001 -0.0001 0.0000 -0.0000 0.0000 0.0000 0.0003 -0.0006 0.0000 0.0001 -0.0001 0.0000 -0.0000 0.0000 0.0000 -0.0000 0.0000 0.0000 0.0001 0.0007 -0.0000 0.0001 -0.0012 0.0000 0.0003 -0.0008 0.0000 -0.0000 0.0001 0.0000 -0.0000 0.0000 0.0000 -0.0000 -0.0009 0.0000 -29.9996 0.0002 0.0001 29.9996 -0.0003 0.0001 -0.0000 0.0000 0.0000 179.1347 -1.2190 -0.6168 -2.9987 -8.1493 -12.9257 13.2812 73.5972 -15.3987 -0.0000 25.3510 0.0000 179.8825 5.4772 -0.9934 -0.0829 -2.5309 -0.0061 -13.7302 66.8344 15.0477 -0.0001 25.3508 0.0000
10.2185 96.8776 -26.6570 1.1957 5.1003 2.1226 0.1169 0.3499 -0.0952 0.1169 0.3499 -0.0952 0.1172 0.3510 -0.0955 -86.3298 -12.4712 88.1365 14.1268 43.5433 9.9014 65.8417 16.1571 -52.6198 -4.0281 1.7805 -2.6240 0.0001 0.0000 0.0000 -0.0000 0.0000 0.0000 -0.0008 -0.0013 -0.0000 0.0001 -0.0004 0.0000 -0.0000 0.0000 0.0000 -0.0000 0.0000 0.0000 -0.0000 0.0003 0.0000 0.0003 -0.0006 0.0000 -0.0006 0.0004 0.0000 0.0001 0.0000 0.0000 -0.0000 0.0000 0.0000 -0.0002 -0.0010 -0.0000 30.0001 0.0002 -0.0001 -29.9998 0.0005 0.0002 -0.0000 0.0000 0.0000 -0.5285 -0.2753 -0.5410 -0.5285 -0.2753 -0.5410 87.9497 -19.5208 -86.8885 12.5804 60.9739 4.7081 -34.2919 0.6899 74.0708 2.2280 -1.2417 0.5577 0.0001 -0.0001 0.0000 -0.0000 0.0000 0.0000 0.0003 -0.0006 0.0000 0.0001 -0.0001 0.0000 -0.0000 0.0000 0.0000 -0.0000 0.0000 0.0000 0.0001 0.0007 -0.0000 0.0001 -0.0012 0.0000 0.0003 -0.0008 0.0000 -0.0000 0.0001 0.0000 -0.0000 0.0000 0.0000 -0.0000 -0.0009 0.0000 -29.9996 0.0002 0.0001 29.9996 -0.0003 0.0001 -0.0000 0.0000 0.0000 179.1440 -1.2742 -0.7860 -2.9988 -8.1923 -13.0607 13.6749 73.6806 -15.7220 -0.0000 25.3510 0.0000 179.9059 5.4221 -1.2618 -0.0829 -2.5058 -0.0059 -13.4908 66.7702 14.9245 -0.0001 25.3508 0.0000
10.3309 96.8707 -26.7508 1.1249 4.9851 1.7896 0.1819 0.2965 -0.1571 0.1819 0.2966 -0.1571 0.1824 0.2975 -0.1575 -86.3221 -12.4619 88.2626 13.4343 44.1481 11.1255 61.6612 18.3495 -50.5594 -3.4041 1.8346 -2.1687 0.0001 0.0000 0.0000 -0.0000 0.0000 0.0000 -0.0008 -0.0013 -0.0000 0.0001 -0.0004 0.0000 -0.0000 0.0000 0.0000 -0.0000 0.0000 0.0000 -0.0000 0.0003 0.0000 0.0003 -0.0007 0.0000 -0.0006 0.0004 0.0000 0.0001 0.0000 0.0000 -0.0000 0.0000 0.0000 -0.0002 -0.0010 -0.0000 30.0001 0.0002 -0.0001 -29.9998 0.0005 0.0002 -0.0000 0.0000 0.0000 -0.5783 -0.2677 -0.5165 -0.5783 -0.2677 -0.5165 87.9104 -19.5021 -87.0244 11.5289 60.2560 5.1622 -39.0905 0.5378 72.8289 2.6239 -1.4219 0.7374 0.0001 -0.0001 0.0000 -0.0000 0.0000 0.0000 0.0003 -0.0006 0.0000 0.0001 -0.0001 0.0000 -0.0000 0.0000 0.0000 -0.0000 0.0000 0.0000 0.0001 0.0007 -0.0000 0.0001 -0.0012 0.0000 0.0003 -0.0008 0.0000 -0.0000 0.0001 0.0000 -0.0000 0.0000 0.0000 -0.0000 -0.0009 0.0000 -29.9996 0.0002 0.0001 29.9996 -0.0003 0.0001 -0.0000 0.0000 0.0000 179.1481 -1.3125 -0.9479 -2.9964 -8.2417 -13.2149 14.1481 73.7655 -16.1285 -0.0000 25.3510 0.0000 179.9299 5.3860 -1.5513 -0.0829 -2.4828 -0.0057 -13.1784 66.7094 14.7599 -0.0001 25.3508 0.0000
10.4542 96.8646 -26.8516 1.0516 4.8805 1.4263 0.2515 0.2398 -0.2094 0.2515 0.2399 -0.2094 0.2522 0.2406 -0.2100 -86.3217 -12.4508 88.4019 12.8290 44.7422 12.0296 57.1883 20.4297 -48.1857 -2.8594 1.8481 -1.7750 0.0001 0.0000 0.0000 -0.0000 0.0000 0.0000 -0.0008 -0.0013 -0.0000 0.0001 -0.0004 0.0000 -0.0000 0.0000 0.0000 -0.0000 0.0000 0.0000 -0.0000 0.0002 0.0000 0.0003 -0.0006 0.0000 -0.0006 0.0004 0.0000 0.0001 0.0000 0.0000 -0.0000 0.0000 0.0000 -0.0002 -0.0010 -0.0000 30.0001 0.0002 -0.0001 -29.9998 0.0005 0.0001 -0.0000 0.0000 0.0000 -0.6184 -0.2578 -0.5007 -0.6184 -0.2578 -0.5007 87.8506 -19.4639 -87.1426 10.3818 59.4444 5.7136 -43.9311 0.5111 71.3428 3.0856 -1.6133 0.9617 0.0001 -0.0001 0.0000 -0.0000 0.0000 0.0000 0.0003 -0.0006 0.0000 0.0001 -0.0001 0.0000 -0.0000 0.0000 0.0000 -0.0000 0.0000 0.0000 0.0001 0.0007 -0.0000 0.0001 -0.0011 0.0000 0.0003 -0.0008 0.0000 -0.0000 0.0001 0.0000 -0.0000 0.0000 0.0000 -0.0000 -0.0009 0.0000 -29.9996 0.0002 0.0001 29.9996 -0.0003 0.0001 -0.0000 0.0000 0.0000 179.1528 -1.3349 -1.1060 -2.9956 -8.2958 -13.3799 14.6908 73.8493 -16.6094 -0.0000 25.3510 0.0000 179.9479 5.3731 -1.8504 -0.0829 -2.4722 -0.0057 -12.7902 66.6590 14.5510 -0.0001 25.3508 0.0000
10.5993 96.8595 -26.9595 0.9795 4.7915 1.0333 0.3234 0.1793 -0.2500 0.3234 0.1793 -0.2500 0.3243 0.1799 -0.2507 -86.3303 -12.4289 88.5429 12.2463 45.3531 12.7116 52.1521 22.3956 -45.3278 -2.3678 1.8329 -1.4227 0.0001 0.0000 0.0000 -0.0000 0.0000 0.0000 -0.0008 -0.0013 -0.0000 0.0001 -0.0004 0.0000 -0.0000 0.0000 0.0000 -0.0000 0.0000 0.0000 -0.0000 0.0002 0.0000 0.0003 -0.0006 0.0000 -0.0006 0.0004 0.0000 0.0001 0.0000 0.0000 -0.0000 0.0000 0.0000 -0.0002 -0.0010 -0.0000 30.0001 0.0002 -0.0001 -29.9998 0.0005 0.0002 -0.0000 0.0000 0.0000 -0.6494 -0.2478 -0.4929 -0.6494 -0.2478 -0.4929 87.7658 -19.4094 -87.2426 9.0858 58.5090 6.4319 -48.8131 0.6627 69.6112 3.6248 -1.8097 1.2405 0.0001 -0.0001 0.0000 -0.0000 0.0000 0.0000 0.0003 -0.0006 0.0000 0.0001 -0.0001 0.0000 -0.0000 0.0000 0.0000 -0.0000 0.0000 0.0000 0.0001 0.0007 -0.0000 0.0001 -0.0012 0.0000 0.0003 -0.0008 0.0000 -0.0000 0.0001 0.0000 -0.0000 0.0000 0.0000 -0.0000 -0.0008 0.0000 -29.9996 0.0002 0.0001 29.9996 -0.0003 0.0001 -0.0000 0.0000 0.0000 179.1588 -1.3447 -1.2647 -2.9983 -8.3477 -13.5506 15.2940 73.9308 -17.1581 -0.0000 25.3510 0.0000 179.9479 5.3762 -2.1449 -0.0829 -2.4505 -0.0064 -12.2860 66.6128 14.2694 -0.0001 25.3508 0.0000
10.7438 96.8554 -27.0677 0.9138 4.7144 0.6337 0.3937 0.1144 -0.2884 0.3937 0.1145 -0.2884 0.3949 0.1148 -0.2892 -86.3488 -12.3962 88.6736 11.6701 45.9378 13.2606 46.7686 24.0792 -42.2526 -1.9492 1.7943 -1.1246 0.0001 0.0000 0.0000 -0.0000 0.0000 0.0000 -0.0008 -0.0013 -0.0000 0.0001 -0.0004 0.0000 -0.0000 0.0000 0.0000 -0.0000 0.0000 0.0000 -0.0000 0.0002 0.0000 0.0003 -0.0006 0.0000 -0.0006 0.0004 0.0000 0.0001 0.0000 0.0000 -0.0000 0.0000 0.0000 -0.0002 -0.0010 -0.0000 30.0001 0.0002 -0.0001 -29.9998 0.0005 0.0002 -0.0000 0.0000 0.0000 -0.6759 -0.2361 -0.4837 -0.6759 -0.2361 -0.4837 87.6574 -19.3478 -87.3402 7.5751 57.5160 7.4291 -53.6758 1.0018 67.7078 4.2371 -2.0074 1.5767 0.0001 -0.0001 0.0000 -0.0000 0.0000 0.0000 0.0003 -0.0006 0.0000 0.0001 -0.0001 0.0000 -0.0000 0.0000 0.0000 -0.0000 0.0000 0.0000 0.0001 0.0007 -0.0000 0.0001 -0.0012 0.0000 0.0003 -0.0008 0.0000 -0.0000 0.0001 0.0000 -0.0000 0.0000 0.0000 -0.0000 -0.0009 0.0000 -29.9996 0.0002 0.0001 29.9996 -0.0003 0.0001 -0.0000 0.0000 0.0000 179.1633 -1.3595 -1.4244 -3.0042 -8.3852 -13.7243 15.8948 74.0113 -17.7075 -0.0000 25.3510 0.0000 179.9398 5.3850 -2.4095 -0.0828 -2.4154 -0.0072 -11.6999 66.5716 13.9176 -0.0001 25.3508 0.0000
10.8732 96.8526 -27.1709 0.8539 4.6488 0.2361 0.4622 0.0427 -0.3302 0.4622 0.0428 -0.3302 0.4636 0.0429 -0.3312 -86.3773 -12.3631 88.8040 11.0741 46.4672 13.6928 41.1151 25.4599 -39.0326 -1.5997 1.7432 -0.8767 0.0001 0.0000 0.0000 -0.0000 0.0000 0.0000 -0.0008 -0.0013 -0.0000 0.0001 -0.0004 0.0000 -0.0000 0.0000 0.0000 -0.0000 0.0000 0.0000 -0.0000 0.0002 0.0000 0.0003 -0.0006 0.0000 -0.0006 0.0004 0.0000 0.0001 0.0000 0.0000 -0.0000 0.0000 0.0000 -0.0002 -0.0010 -0.0000 30.0001 0.0003 -0.0002 -29.9998 0.0005 0.0002 -0.0000 0.0000 0.0000 -0.6980 -0.2171 -0.4676 -0.6980 -0.2171 -0.4676 87.5238 -19.2751 -87.4459 5.8339 56.4912 8.7522 -58.4730 1.5496 65.6521 4.9202 -2.1953 1.9726 0.0001 -0.0001 0.0000 -0.0000 0.0000 0.0000 0.0003 -0.0006 0.0000 0.0001 -0.0001 0.0000 -0.0000 0.0000 0.0000 -0.0000 0.0000 0.0000 0.0001 0.0007 -0.0000 0.0001 -0.0012 0.0000 0.0003 -0.0008 0.0000 -0.0000 0.0001 0.0000 -0.0000 0.0000 0.0000 -0.0000 -0.0009 0.0000 -29.9997 0.0002 0.0001 29.9996 -0.0003 0.0001 -0.0000 0.0000 0.0000 179.1668 -1.3830 -1.5902 -3.0127 -8.4041 -13.8979 16.4671 74.0932 -18.2287 -0.0000 25.3510 0.0000 179.9347 5.4183 -2.6255 -0.0829 -2.4119 -0.0079 -11.0408 66.5603 13.4838 -0.0001 25.3508 0.0000
10.9736 96.8516 -27.2544 0.8032 4.6021 -0.1469 0.5243 -0.0384 -0.3759 0.5243 -0.0384 -0.3760 0.5258 -0.0386 -0.3771 -86.4099 -12.3143 88.9353 10.3786 46.8698 14.0232 35.2650 26.5116 -35.8978 -1.3203 1.6920 -0.6743 0.0001 0.0000 0.0000 -0.0000 0.0000 0.0000 -0.0008 -0.0013 -0.0000 0.0001 -0.0004 0.0000 -0.0000 0.0000 0.0000 -0.0000 0.0000 0.0000 -0.0000 0.0003 0.0000 0.0003 -0.0006 0.0000 -0.0006 0.0004 0.0000 0.0001 0.0000 0.0000 -0.0000 0.0000 0.0000 -0.0002 -0.0010 -0.0000 30.0001 0.0002 -0.0001 -29.9998 0.0005 0.0002 -0.0000 0.0000 0.0000 -0.7082 -0.1884 -0.4499 -0.7082 -0.1884 -0.4499 87.3588 -19.2071 -87.5685 3.7592 55.4498 10.5156 -63.0440 2.3081 63.3723 5.6705 -2.3481 2.4213 0.0001 -0.0001 0.0000 -0.0000 0.0000 0.0000 0.0003 -0.0006 0.0000 0.0001 -0.0001 0.0000 -0.0000 0.0000 0.0000 -0.0000 0.0000 0.0000 0.0001 0.0007 -0.0000 0.0001 -0.0012 0.0000 0.0003 -0.0008 0.0000 -0.0000 0.0001 0.0000 -0.0000 0.0000 0.0000 -0.0000 -0.0009 0.0000 -29.9996 0.0002 0.0001 29.9996 -0.0003 0.0001 -0.0000 0.0000 0.0000 179.1703 -1.4183 -1.7851 -3.0210 -8.3943 -14.0527 16.9592 74.1843 -18.6686 -0.0000 25.3510 0.0000 179.9383 5.4917 -2.7624 -0.0829 -2.4779 -0.0087 -10.3104 66.6080 12.9455 -0.0001 25.3508 0.0000
11.0506 96.8505 -27.3296 0.7559 4.5683 -0.5073 0.5820 -0.1262 -0.4279 0.5820 -0.1262 -0.4279 0.5837 -0.1266 -0.4292 -86.4387 -12.2507 89.0704 9.5864 47.1587 14.2569 29.3181 27.2490 -33.0376 -1.1038 1.6458 -0.5091 0.0001 0.0000 0.0000 -0.0000 0.0000 0.0000 -0.0008 -0.0013 -0.0000 0.0001 -0.0004 0.0000 -0.0000 0.0000 0.0000 -0.0000 0.0000 0.0000 -0.0000 0.0002 0.0000 0.0003 -0.0006 0.0000 -0.0006 0.0004 0.0000 0.0001 0.0000 0.0000 -0.0000 0.0000 0.0000 -0.0002 -0.0010 -0.0000 30.0001 0.0002 -0.0001 -29.9998 0.0005 0.0002 -0.0000 0.0000 0.0000 -0.7060 -0.1523 -0.4320 -0.7060 -0.1523 -0.4320 87.1739 -19.1444 -87.6996 1.3946 54.3657 12.6193 -67.3602 3.2580 60.9616 6.4777 -2.4460 2.9184 0.0001 -0.0001 0.0000 -0.0000 0.0000 0.0000 0.0003 -0.0006 0.0000 0.0001 -0.0001 0.0000 -0.0000 0.0000 0.0000 -0.0000 0.0000 0.0000 0.0001 0.0007 -0.0000 0.0001 -0.0012 0.0000 0.0003 -0.0008 0.0000 -0.0000 0.0001 0.0000 -0.0000 0.0000 0.0000 -0.0000 -0.0009 0.0000 -29.9997 0.0002 0.0001 29.9996 -0.0003 0.0001 -0.0000 0.0000 0.0000 179.1741 -1.4581 -2.0064 -3.0249 -8.3650 -14.1816 17.3908 74.2852 -19.0463 -0.0000 25.3510 0.0000 179.9542 5.5988 -2.8693 -0.0830 -2.6011 -0.0098 -9.6254 66.6871 12.4219 -0.0001 25.3508 0.0000
11.1098 96.8476 -27.4195 0.7074 4.5422 -0.8462 0.6382 -0.2164 -0.4869 0.6382 -0.2163 -0.4869 0.6401 -0.2170 -0.4884 -86.4671 -12.1793 89.2039 8.7087 47.3524 14.4326 23.3532 27.6613 -30.5359 -0.9391 1.6104 -0.3721 0.0001 0.0000 0.0000 -0.0000 0.0000 0.0000 -0.0008 -0.0013 -0.0000 0.0001 -0.0004 0.0000 -0.0000 0.0000 0.0000 -0.0000 0.0000 0.0000 -0.0000 0.0002 0.0000 0.0003 -0.0006 0.0000 -0.0006 0.0004 0.0000 0.0001 0.0000 0.0000 -0.0000 0.0000 0.0000 -0.0002 -0.0010 -0.0000 30.0001 0.0002 -0.0001 -29.9998 0.0005 0.0002 -0.0000 0.0000 0.0000 -0.6954 -0.1100 -0.4071 -0.6954 -0.1100 -0.4071 86.9716 -19.0795 -87.8285 -0.8979 53.4100 14.6505 -71.4309 4.4238 58.4986 7.0913 -2.3759 3.3515 0.0001 -0.0001 0.0000 -0.0000 0.0000 0.0000 0.0003 -0.0006 0.0000 0.0001 -0.0001 0.0000 -0.0000 0.0000 0.0000 -0.0000 0.0000 0.0000 0.0001 0.0007 -0.0000 0.0001 -0.0012 0.0000 0.0003 -0.0008 0.0000 -0.0000 0.0001 0.0000 -0.0000 0.0000 0.0000 -0.0000 -0.0008 0.0000 -29.9996 0.0002 0.0001 29.9996 -0.0003 0.0001 -0.0000 0.0000 0.0000 179.1800 -1.4972 -2.2412 -3.0258 -8.3230 -14.2895 17.7988 74.3904 -19.3977 -0.0000 25.3510 0.0000 179.9837 5.7297 -2.9643 -0.0830 -2.7421 -0.0107 -8.9985 66.7602 11.9295 -0.0001 25.3508 0.0000
11.1630 96.8398 -27.5489 0.6495 4.5201 -1.1555 0.6950 -0.3046 -0.5531 0.6950 -0.3046 -0.5532 0.6971 -0.3055 -0.5548 -86.4967 -12.1107 89.3324 7.7284 47.4589 14.5940 17.5166 27.6257 -28.6711 -0.8250 1.5910 -0.2576 0.0001 0.0000 0.0000 -0.0000 0.0000 0.0000 -0.0008 -0.0013 -0.0000 0.0001 -0.0004 0.0000 -0.0000 0.0000 0.0000 -0.0000 0.0000 0.0000 -0.0000 0.0002 0.0000 0.0003 -0.0006 0.0000 -0.0006 0.0004 0.0000 0.0001 0.0000 0.0000 -0.0000 0.0000 0.0000 -0.0002 -0.0010 -0.0000 30.0001 0.0002 -0.0001 -29.9998 0.0005 0.0002 -0.0000 0.0000 0.0000 -0.6747 -0.0691 -0.3908 -0.6747 -0.0691 -0.3908 86.7476 -19.0103 -87.9531 -3.0877 52.6253 16.4835 -75.1670 5.8171 56.0776 7.3621 -2.1244 3.6343 0.0001 -0.0001 0.0000 -0.0000 0.0000 0.0000 0.0003 -0.0006 0.0000 0.0001 -0.0001 0.0000 -0.0000 0.0000 0.0000 -0.0000 0.0000 0.0000 0.0001 0.0007 -0.0000 0.0001 -0.0012 0.0000 0.0003 -0.0008 0.0000 -0.0000 0.0001 0.0000 -0.0000 0.0000 0.0000 -0.0000 -0.0009 0.0000 -29.9996 0.0002 0.0001 29.9996 -0.0003 0.0001 -0.0000 0.0000 0.0000 179.1991 -1.5320 -2.4868 -3.0284 -8.2705 -14.3648 18.2262 74.4956 -19.7636 -0.0000 25.3510 0.0000 -179.9717 5.8850 -3.0577 -0.0830 -2.8790 -0.0113 -8.4509 66.7974 11.4893 -0.0001 25.3508 0.0000
11.2391 96.8276 -27.7006 0.5799 4.4956 -1.4378 0.7506 -0.3850 -0.6153 0.7507 -0.3850 -0.6153 0.7529 -0.3862 -0.6171 -86.5187 -12.0298 89.4462 6.6925 47.5234 14.7658 11.9029 27.1243 -27.4085 -0.7497 1.5920 -0.1588 0.0001 0.0000 0.0000 -0.0000 0.0000 0.0000 -0.0008 -0.0013 -0.0000 0.0001 -0.0004 0.0000 -0.0000 0.0000 0.0000 -0.0000 0.0000 0.0000 -0.0000 0.0002 0.0000 0.0003 -0.0007 0.0000 -0.0006 0.0004 0.0000 0.0001 0.0000 0.0000 -0.0000 0.0000 0.0000 -0.0002 -0.0010 -0.0000 30.0001 0.0002 -0.0001 -29.9998 0.0005 0.0002 -0.0000 0.0000 0.0000 -0.6516 -0.0403 -0.3960 -0.6516 -0.0403 -0.3960 86.5159 -18.9563 -88.0744 -5.5156 51.8056 18.4632 -78.6866 7.3728 53.8564 7.5990 -1.8706 3.9037 0.0001 -0.0001 0.0000 -0.0000 0.0000 0.0000 0.0003 -0.0006 0.0000 0.0001 -0.0001 0.0000 -0.0000 0.0000 0.0000 -0.0000 0.0000 0.0000 0.0001 0.0007 -0.0000 0.0001 -0.0012 0.0000 0.0003 -0.0008 0.0000 -0.0000 0.0001 0.0000 -0.0000 0.0000 0.0000 -0.0000 -0.0008 0.0000 -29.9996 0.0002 0.0001 29.9996 -0.0003 0.0001 -0.0000 0.0000 0.0000 179.2318 -1.5637 -2.7271 -3.0296 -8.2165 -14.4241 18.6803 74.5992 -20.1541 -0.0000 25.3510 0.0000 -179.9273 6.0605 -3.1686 -0.0830 -3.0369 -0.0123 -7.9991 66.8194 11.1462 -0.0001 25.3508 0.0000
11.3393 96.8114 -27.8501 0.4997 4.4672 -1.6945 0.8050 -0.4581 -0.6724 0.8051 -0.4581 -0.6725 0.8073 -0.4595 -0.6745 -86.5308 -11.9384 89.5409 5.6224 47.5833 14.9226 6.5705 26.2402 -26.8152 -0.7069 1.6082 -0.0702 0.0001 0.0000 0.0000 -0.0000 0.0000 0.0000 -0.0008 -0.0013 -0.0000 0.0001 -0.0004 0.0000 -0.0000 0.0000 0.0000 -0.0000 0.0000 0.0000 -0.0000 0.0002 0.0000 0.0003 -0.0006 0.0000 -0.0006 0.0004 0.0000 0.0001 0.0000 0.0000 -0.0000 0.0000 0.0000 -0.0002 -0.0010 -0.0000 30.0001 0.0002 -0.0001 -29.9998 0.0005 0.0002 -0.0000 0.0000 0.0000 -0.6319 -0.0270 -0.4169 -0.6319 -0.0270 -0.4169 86.2756 -18.9131 -88.2032 -8.0821 50.9796 20.5149 -82.0113 9.0528 51.8689 7.7858 -1.5963 4.1578 0.0001 -0.0001 0.0000 -0.0000 0.0000 0.0000 0.0003 -0.0006 0.0000 0.0001 -0.0001 0.0000 -0.0000 0.0000 0.0000 -0.0000 0.0000 0.0000 0.0001 0.0007 -0.0000 0.0001 -0.0012 0.0000 0.0003 -0.0008 0.0000 -0.0000 0.0001 0.0000 -0.0000 0.0000 0.0000 -0.0000 -0.0009 0.0000 -29.9996 0.0002 0.0001 29.9996 -0.0003 0.0001 -0.0000 0.0000 0.0000 179.2730 -1.5955 -2.9471 -3.0264 -8.1618 -14.4868 19.1438 74.7044 -20.5524 -0.0000 25.3510 0.0000 -179.8852 6.2494 -3.3047 -0.0832 -3.2362 -0.0142 -7.6612 66.8526 10.9289 -0.0001 25.3508 0.0000
11.4498 96.7915 -27.9846 0.4042 4.4362 -1.9171 0.8587 -0.5228 -0.7215 0.8588 -0.5228 -0.7215 0.8612 -0.5243 -0.7237 -86.5339 -11.8502 89.6036 4.5319 47.6632 14.9207 1.6428 24.9741 -27.2615 -0.7089 1.6314 0.0094 0.0001 0.0000 0.0000 -0.0000 0.0000 0.0000 -0.0008 -0.0013 -0.0000 0.0001 -0.0004 0.0000 -0.0000 0.0000 0.0000 -0.0000 0.0000 0.0000 -0.0000 0.0002 0.0000 0.0003 -0.0006 0.0000 -0.0006 0.0004 0.0000 0.0001 0.0000 0.0000 -0.0000 0.0000 0.0000 -0.0002 -0.0010 -0.0000 30.0001 0.0002 -0.0001 -29.9998 0.0005 0.0002 -0.0000 0.0000 0.0000 -0.6226 -0.0392 -0.4497 -0.6226 -0.0392 -0.4497 86.0153 -18.8714 -88.3813 -10.8709 50.1466 22.7073 -85.0597 10.8042 50.1415 7.9219 -1.3142 4.3882 0.0001 -0.0001 0.0000 -0.0000 0.0000 0.0000 0.0003 -0.0007 0.0000 0.0001 -0.0001 0.0000 -0.0000 0.0000 0.0000 -0.0000 0.0000 0.0000 0.0001 0.0007 -0.0000 0.0001 -0.0012 0.0000 0.0003 -0.0008 0.0000 -0.0000 0.0001 0.0000 -0.0000 0.0000 0.0000 -0.0000 -0.0009 0.0000 -29.9996 0.0002 0.0001 29.9996 -0.0003 0.0001 -0.0000 0.0000 0.0000 179.3205 -1.6306 -3.1177 -3.0125 -8.1003 -14.5777 19.6050 74.8145 -20.9467 -0.0000 25.3510 0.0000 -179.8334 6.4674 -3.4398 -0.0833 -3.5250 -0.0165 -7.4130 66.9345 10.8058 -0.0001 25.3508 0.0000
11.5411 96.7694 -28.1139 0.2961 4.4073 -2.1085 0.9141 -0.5842 -0.7643 0.9143 -0.5842 -0.7644 0.9169 -0.5859 -0.7666 -86.5358 -11.7730 89.6434 3.4733 47.7768 14.5377 -2.9898 23.5103 -28.5937 -0.7533 1.6534 0.0836 0.0001 0.0000 0.0000 -0.0000 0.0000 0.0000 -0.0008 -0.0013 -0.0000 0.0001 -0.0004 0.0000 -0.0000 0.0000 0.0000 -0.0000 0.0000 0.0000 -0.0000 0.0002 0.0000 0.0003 -0.0006 0.0000 -0.0006 0.0004 0.0000 0.0001 0.0000 0.0000 -0.0000 0.0000 0.0000 -0.0002 -0.0010 -0.0000 30.0001 0.0003 -0.0002 -29.9998 0.0005 0.0002 -0.0000 0.0000 0.0000 -0.6199 -0.0706 -0.4931 -0.6199 -0.0706 -0.4931 85.7387 -18.8249 -88.6148 -13.7620 49.3149 24.9219 -87.8301 12.5990 48.5738 8.0103 -1.0250 4.5879 0.0001 0.0000 0.0000 -0.0000 0.0000 0.0000 0.0003 -0.0006 0.0000 0.0001 -0.0001 0.0000 -0.0000 0.0000 0.0000 -0.0000 0.0000 0.0000 0.0001 0.0007 -0.0000 0.0001 -0.0011 0.0000 0.0003 -0.0008 0.0000 -0.0000 0.0001 0.0000 -0.0000 0.0000 0.0000 -0.0000 -0.0008 0.0000 -29.9997 0.0002 0.0001 29.9996 -0.0003 0.0001 -0.0000 0.0000 0.0000 179.3798 -1.6699 -3.2543 -2.9942 -8.0260 -14.6761 20.0747 74.9254 -21.3515 -0.0000 25.3510 0.0000 -179.7588 6.6964 -3.5371 -0.0833 -3.8473 -0.0184 -7.1656 67.0399 10.6705 -0.0001 25.3508 0.0000
11.6143 96.7456 -28.2472 0.1767 4.3814 -2.2674 0.9721 -0.6444 -0.8034 0.9722 -0.6444 -0.8035 0.9749 -0.6463 -0.8059 -86.5386 -11.7009 89.6652 2.4317 47.9525 13.6576 -7.3427 21.9292 -30.7284 -0.8383 1.6551 0.1526 0.0001 0.0000 0.0000 -0.0000 0.0000 0.0000 -0.0008 -0.0013 -0.0000 0.0001 -0.0004 0.0000 -0.0000 0.0000 0.0000 -0.0000 0.0000 0.0000 -0.0000 0.0002 0.0000 0.0003 -0.0006 0.0000 -0.0006 0.0004 0.0000 0.0001 0.0000 0.0000 -0.0000 0.0000 0.0000 -0.0002 -0.0010 -0.0000 30.0001 0.0002 -0.0001 -29.9998 0.0005 0.0002 -0.0000 0.0000 0.0000 -0.6234 -0.1106 -0.5375 -0.6234 -0.1106 -0.5375 85.4546 -18.7738 -88.8776 -16.6786 48.4886 27.0698 -90.3027 14.4429 47.1297 8.0483 -0.7264 4.7528 0.0001 -0.0001 0.0000 -0.0000 0.0000 0.0000 0.0003 -0.0006 0.0000 0.0001 -0.0001 0.0000 -0.0000 0.0000 0.0000 -0.0000 0.0000 0.0000 0.0001 0.0007 -0.0000 0.0001 -0.0012 0.0000 0.0003 -0.0008 0.0000 -0.0000 0.0001 0.0000 -0.0000 0.0000 0.0000 -0.0000 -0.0009 0.0000 -29.9996 0.0002 0.0001 29.9996 -0.0003 0.0001 -0.0000 0.0000 0.0000 179.4542 -1.7139 -3.3673 -2.9744 -7.9394 -14.7760 20.5321 75.0385 -21.7475 -0.0000 25.3510 0.0000 -179.6651 6.9248 -3.5950 -0.0834 -4.1654 -0.0200 -6.9115 67.1454 10.5199 -0.0001 25.3508 0.0000
11.6720 96.7185 -28.3969 0.0431 4.3607 -2.3705 1.0339 -0.7042 -0.8449 1.0340 -0.7042 -0.8451 1.0369 -0.7062 -0.8474 -86.5526 -11.6435 89.6420 1.3139 48.2617 11.8551 -11.1593 20.1919 -33.9678 -0.9783 1.5938 0.2063 0.0001 0.0000 0.0000 -0.0000 0.0000 0.0000 -0.0008 -0.0013 -0.0000 0.0001 -0.0004 0.0000 -0.0000 0.0000 0.0000 -0.0000 0.0000 0.0000 -0.0000 0.0002 0.0000 0.0003 -0.0006 0.0000 -0.0006 0.0004 0.0000 0.0001 0.0000 0.0000 -0.0000 0.0000 0.0000 -0.0002 -0.0010 -0.0000 30.0001 0.0002 -0.0001 -29.9998 0.0005 0.0002 -0.0000 0.0000 0.0000 -0.6362 -0.1466 -0.5604 -0.6362 -0.1466 -0.5604 85.1760 -18.7068 -89.1412 -19.6336 47.6713 29.0445 -92.2762 16.3121 45.8629 8.0285 -0.4268 4.8718 0.0001 -0.0001 0.0000 -0.0000 0.0000 0.0000 0.0003 -0.0006 0.0000 0.0001 -0.0001 0.0000 -0.0000 0.0000 0.0000 -0.0000 0.0000 0.0000 0.0001 0.0007 -0.0000 0.0001 -0.0011 0.0000 0.0003 -0.0008 0.0000 -0.0000 0.0001 0.0000 -0.0000 0.0000 0.0000 -0.0000 -0.0008 0.0000 -29.9996 0.0002 0.0001 29.9996 -0.0003 0.0001 -0.0000 0.0000 0.0000 179.5482 -1.7638 -3.4426 -2.9503 -7.8361 -14.8911 20.8934 75.1620 -22.0539 -0.0000 25.3510 0.0000 -179.5557 7.1390 -3.5883 -0.0835 -4.4372 -0.0219 -6.6340 67.2255 10.3390 -0.0001 25.3508 0.0000
11.7196 96.6898 -28.5644 -0.1000 4.3449 -2.4213 1.0983 -0.7640 -0.8951 1.0985 -0.7641 -0.8953 1.1015 -0.7663 -0.8979 -86.5816 -11.6289 89.5916 0.0955 48.7267 9.1306 -14.2760 18.2600 -38.0343 -1.1469 1.4557 0.2403 0.0001 0.0000 0.0000 -0.0000 0.0000 0.0000 -0.0008 -0.0013 -0.0000 0.0001 -0.0004 0.0000 -0.0000 0.0000 0.0000 -0.0000 0.0000 0.0000 -0.0000 0.0002 0.0000 0.0003 -0.0006 0.0000 -0.0006 0.0004 0.0000 0.0001 0.0000 0.0000 -0.0000 0.0000 0.0000 -0.0002 -0.0010 -0.0000 30.0001 0.0002 -0.0001 -29.9998 0.0005 0.0001 -0.0000 0.0000 0.0000 -0.6527 -0.1664 -0.5534 -0.6527 -0.1664 -0.5534 84.9222 -18.6193 -89.3798 -22.5402 46.8374 30.6473 -93.7375 18.1392 44.8869 7.9471 -0.1419 4.9493 0.0001 -0.0001 0.0000 -0.0000 0.0000 0.0000 0.0003 -0.0006 0.0000 0.0001 -0.0001 0.0000 -0.0000 0.0000 0.0000 -0.0000 0.0000 0.0000 0.0001 0.0007 -0.0000 0.0001 -0.0012 0.0000 0.0003 -0.0008 0.0000 -0.0000 0.0001 0.0000 -0.0000 0.0000 0.0000 -0.0000 -0.0009 0.0000 -29.9996 0.0002 0.0001 29.9996 -0.0003 0.0001 -0.0000 0.0000 0.0000 179.6507 -1.8129 -3.4900 -2.9161 -7.7175 -15.0120 21.1418 75.2875 -22.2501 -0.0000 25.3510 0.0000 -179.4367 7.3558 -3.5258 -0.0837 -4.6915 -0.0243 -6.3494 67.2892 10.1407 -0.0001 25.3508 0.0000
11.7531 96.6608 -28.7427 -0.2522 4.3291 -2.4192 1.1643 -0.8227 -0.9550 1.1645 -0.8229 -0.9552 1.1678 -0.8252 -0.9579 -86.6191 -11.6486 89.5260 -1.2111 49.3589 5.6382 -16.5206 16.0873 -42.7134 -1.3126 1.2441 0.2527 0.0001 0.0000 0.0000 -0.0000 0.0000 0.0000 -0.0008 -0.0013 -0.0000 0.0001 -0.0004 0.0000 -0.0000 0.0000 0.0000 -0.0000 0.0000 0.0000 -0.0000 0.0002 0.0000 0.0003 -0.0006 0.0000 -0.0006 0.0004 0.0000 0.0001 0.0000 0.0000 -0.0000 0.0000 0.0000 -0.0002 -0.0010 -0.0000 30.0001 0.0002 -0.0001 -29.9998 0.0005 0.0002 -0.0000 0.0000 0.0000 -0.6701 -0.1679 -0.5217 -0.6701 -0.1679 -0.5217 84.7030 -18.5148 -89.5768 -25.3207 46.0081 31.7486 -94.6607 19.8693 44.1924 7.8056 0.1240 4.9863 0.0001 -0.0001 0.0000 -0.0000 0.0000 0.0000 0.0003 -0.0006 0.0000 0.0001 -0.0001 0.0000 -0.0000 0.0000 0.0000 -0.0000 0.0000 0.0000 0.0001 0.0007 -0.0000 0.0001 -0.0011 0.0000 0.0003 -0.0008 0.0000 -0.0000 0.0001 0.0000 -0.0000 0.0000 0.0000 -0.0000 -0.0009 0.0000 -29.9996 0.0002 0.0001 29.9996 -0.0003 0.0001 -0.0000 0.0000 0.0000 179.7649 -1.8623 -3.5118 -2.8748 -7.5776 -15.1191 21.3087 75.3978 -22.3657 -0.0000 25.3510 0.0000 -179.3047 7.5853 -3.4186 -0.0839 -4.9677 -0.0269 -6.0972 67.3561 9.9574 -0.0001 25.3508 0.0000
11.7622 96.6273 -28.9291 -0.4121 4.3015 -2.3374 1.2273 -0.8753 -1.0244 1.2276 -0.8755 -1.0247 1.2309 -0.8779 -1.0275 -86.6629 -11.7056 89.4470 -2.6429 50.1963 1.4236 -17.2350 13.6101 -48.0936 -1.4636 0.9629 0.2368 0.0001 0.0000 0.0000 -0.0000 0.0000 0.0000 -0.0008 -0.0013 -0.0000 0.0001 -0.0004 0.0000 -0.0000 0.0000 0.0000 -0.0000 0.0000 0.0000 -0.0000 0.0002 0.0000 0.0003 -0.0006 0.0000 -0.0006 0.0004 0.0000 0.0001 0.0000 0.0000 -0.0000 0.0000 0.0000 -0.0002 -0.0010 -0.0000 30.0001 0.0002 -0.0001 -29.9998 0.0005 0.0002 -0.0000 0.0000 0.0000 -0.6871 -0.1505 -0.4611 -0.6871 -0.1505 -0.4611 84.5470 -18.3838 -89.6622 -27.8078 45.3077 31.9481 -94.6970 21.3426 43.7573 7.5977 0.3686 4.9681 0.0001 -0.0001 0.0000 -0.0000 0.0000 0.0000 0.0003 -0.0006 0.0000 0.0001 -0.0001 0.0000 -0.0000 0.0000 0.0000 -0.0000 0.0000 0.0000 0.0001 0.0007 -0.0000 0.0001 -0.0012 0.0000 0.0003 -0.0008 0.0000 -0.0000 0.0001 0.0000 -0.0000 0.0000 0.0000 -0.0000 -0.0008 0.0000 -29.9997 0.0002 0.0001 29.9996 -0.0003 0.0001 -0.0000 0.0000 0.0000 179.8894 -1.9122 -3.4675 -2.8196 -7.4267 -15.1996 21.4195 75.4807 -22.4331 -0.0000 25.3510 0.0000 -179.1557 7.8155 -3.2770 -0.0840 -5.2720 -0.0287 -5.9768 67.4266 9.8814 -0.0001 25.3508 0.0000
11.7695 96.5930 -29.1106 -0.5707 4.2561 -2.1944 1.2809 -0.9175 -1.0920 1.2812 -0.9177 -1.0923 1.2847 -0.9203 -1.0953 -86.7014 -11.7811 89.3564 -4.0321 51.1572 -2.8574 -16.5261 11.0038 -53.9053 -1.5735 0.6480 0.2034 0.0001 0.0000 0.0000 -0.0000 0.0000 0.0000 -0.0008 -0.0013 -0.0000 0.0001 -0.0004 0.0000 -0.0000 0.0000 0.0000 -0.0000 0.0000 0.0000 -0.0000 0.0002 0.0000 0.0003 -0.0006 0.0000 -0.0006 0.0004 0.0000 0.0001 0.0000 0.0000 -0.0000 0.0000 0.0000 -0.0002 -0.0010 -0.0000 30.0001 0.0003 -0.0002 -29.9998 0.0005 0.0002 -0.0000 0.0000 0.0000 -0.7003 -0.1354 -0.3869 -0.7003 -0.1354 -0.3869 84.4450 -18.2543 -89.6809 -29.9549 44.7719 31.3582 -93.9424 22.5257 43.3503 7.3428 0.6121 4.9047 0.0001 -0.0001 0.0000 -0.0000 0.0000 0.0000 0.0003 -0.0006 0.0000 0.0001 -0.0001 0.0000 -0.0000 0.0000 0.0000 -0.0000 0.0000 0.0000 0.0001 0.0007 -0.0000 0.0001 -0.0012 0.0000 0.0003 -0.0008 0.0000 -0.0000 0.0001 0.0000 -0.0000 0.0000 0.0000 -0.0000 -0.0009 0.0000 -29.9996 0.0002 0.0001 29.9996 -0.0003 0.0001 -0.0000 0.0000 0.0000 -179.9884 -1.9554 -3.3530 -2.7503 -7.2891 -15.2512 21.5224 75.5404 -22.5007 -0.0000 25.3510 0.0000 -179.0123 8.0217 -3.1328 -0.0842 -5.5775 -0.0308 -6.0007 67.4946 9.9444 -0.0001 25.3508 0.0000
11.7871 96.5580 -29.2861 -0.7233 4.1947 -2.0018 1.3226 -0.9492 -1.1519 1.3230 -0.9495 -1.1522 1.3266 -0.9521 -1.1553 -86.7302 -11.8713 89.2702 -5.2244 52.1636 -6.9467 -14.6604 8.3605 -59.8815 -1.6440 0.3274 0.1630 0.0001 0.0000 0.0000 -0.0000 0.0000 0.0000 -0.0008 -0.0013 -0.0000 0.0001 -0.0004 0.0000 -0.0000 0.0000 0.0000 -0.0000 0.0000 0.0000 -0.0000 0.0002 0.0000 0.0003 -0.0006 0.0000 -0.0006 0.0004 0.0000 0.0001 0.0000 0.0000 -0.0000 0.0000 0.0000 -0.0002 -0.0010 -0.0000 30.0001 0.0002 -0.0001 -29.9998 0.0005 0.0002 -0.0000 0.0000 0.0000 -0.7047 -0.1302 -0.3085 -0.7047 -0.1302 -0.3085 84.3894 -18.1336 -89.6610 -31.7928 44.4251 30.2028 -92.4522 23.4854 42.8300 7.0583 0.8650 4.8022 0.0001 -0.0001 0.0000 -0.0000 0.0000 0.0000 0.0003 -0.0006 0.0000 0.0001 -0.0001 0.0000 -0.0000 0.0000 0.0000 -0.0000 0.0000 0.0000 0.0001 0.0007 -0.0000 0.0001 -0.0011 0.0000 0.0003 -0.0008 0.0000 -0.0000 0.0001 0.0000 -0.0000 0.0000 0.0000 -0.0000 -0.0009 0.0000 -29.9996 0.0002 0.0001 29.9996 -0.0003 0.0001 -0.0000 0.0000 0.0000 -179.8716 -1.9884 -3.1746 -2.6750 -7.1672 -15.2661 21.6589 75.5752 -22.6062 -0.0000 25.3510 0.0000 -178.8875 8.1811 -2.9902 -0.0844 -5.8337 -0.0331 -6.1368 67.5363 10.1235 -0.0001 25.3508 0.0000
11.8272 96.5295 -29.4572 -0.8607 4.1071 -1.7448 1.3407 -0.9666 -1.1875 1.3411 -0.9669 -1.1879 1.3447 -0.9694 -1.1911 -86.7468 -11.9584 89.2253 -5.9475 53.1235 -10.4201 -11.5250 5.6975 -66.0019 -1.7079 0.0191 0.1196 0.0001 0.0000 0.0000 -0.0000 0.0000 0.0000 -0.0008 -0.0013 -0.0000 0.0001 -0.0004 0.0000 -0.0000 0.0000 0.0000 -0.0000 0.0000 0.0000 -0.0000 0.0002 0.0000 0.0003 -0.0006 0.0000 -0.0006 0.0004 0.0000 0.0001 0.0000 0.0000 -0.0000 0.0000 0.0000 -0.0002 -0.0010 -0.0000 30.0001 0.0002 -0.0001 -29.9998 0.0005 0.0002 -0.0000 0.0000 0.0000 -0.6832 -0.1465 -0.2439 -0.6832 -0.1465 -0.2439 84.4095 -18.0352 -89.5930 -33.1244 44.3830 28.5098 -89.8965 24.2622 41.8955 6.7545 1.1577 4.6514 0.0001 -0.0001 0.0000 -0.0000 0.0000 0.0000 0.0003 -0.0006 0.0000 0.0001 -0.0001 0.0000 -0.0000 0.0000 0.0000 -0.0000 0.0000 0.0000 0.0001 0.0007 -0.0000 0.0001 -0.0012 0.0000 0.0003 -0.0008 0.0000 -0.0000 0.0001 0.0000 -0.0000 0.0000 0.0000 -0.0000 -0.0009 0.0000 -29.9996 0.0002 0.0001 29.9996 -0.0003 0.0001 -0.0000 0.0000 0.0000 -179.7660 -2.0124 -2.9011 -2.6039 -7.0657 -15.2189 21.8950 75.5676 -22.8167 -0.0000 25.3510 0.0000 -178.8009 8.2747 -2.8561 -0.0846 -6.0223 -0.0359 -6.4244 67.5388 10.4697 -0.0001 25.3508 0.0000
11.8760 96.5063 -29.6383 -0.9774 3.9960 -1.4460 1.3321 -0.9769 -1.1912 1.3326 -0.9772 -1.1916 1.3361 -0.9798 -1.1948 -86.7628 -12.0150 89.2228 -6.1293 53.9131 -13.2000 -7.8541 3.0095 -71.6412 -1.7966 -0.2651 0.0816 0.0001 0.0000 0.0000 -0.0000 0.0000 0.0000 -0.0008 -0.0013 -0.0000 0.0001 -0.0004 0.0000 -0.0000 0.0000 0.0000 -0.0000 0.0000 0.0000 -0.0001 0.0002 0.0000 0.0003 -0.0006 0.0000 -0.0006 0.0004 0.0000 0.0001 0.0000 0.0000 -0.0000 0.0000 0.0000 -0.0002 -0.0010 -0.0000 30.0001 0.0002 -0.0001 -29.9998 0.0005 0.0002 -0.0000 0.0000 0.0000 -0.6258 -0.1805 -0.2055 -0.6258 -0.1805 -0.2055 84.5022 -17.9600 -89.4693 -33.9413 44.5875 26.6556 -86.5890 25.0437 40.4687 6.4519 1.4884 4.4727 0.0001 -0.0001 0.0000 -0.0000 0.0000 0.0000 0.0003 -0.0006 0.0000 0.0001 -0.0001 0.0000 -0.0000 0.0000 0.0000 -0.0000 0.0000 0.0000 0.0001 0.0007 -0.0000 0.0001 -0.0012 0.0000 0.0003 -0.0008 0.0000 -0.0000 0.0001 0.0000 -0.0000 0.0000 0.0000 -0.0000 -0.0008 0.0000 -29.9996 0.0002 0.0001 29.9996 -0.0003 0.0001 -0.0000 0.0000 0.0000 -179.6684 -2.0399 -2.5555 -2.5508 -6.9828 -15.1222 22.2403 75.5284 -23.1449 -0.0000 25.3510 0.0000 -178.7451 8.3320 -2.7349 -0.0848 -6.1755 -0.0390 -6.8277 67.5097 10.9422 -0.0001 25.3508 0.0000
11.9222 96.4882 -29.8328 -1.0720 3.8697 -1.1163 1.2980 -0.9861 -1.1632 1.2984 -0.9863 -1.1635 1.3018 -0.9891 -1.1666 -86.7821 -12.0500 89.2694 -5.7769 54.4936 -15.4568 -3.9240 0.2110 -76.7291 -1.9208 -0.5482 0.0459 0.0001 0.0000 0.0000 -0.0000 0.0000 0.0000 -0.0008 -0.0013 -0.0000 0.0001 -0.0004 0.0000 -0.0000 0.0000 0.0000 -0.0000 0.0000 0.0000 -0.0000 0.0002 0.0000 0.0003 -0.0006 0.0000 -0.0006 0.0004 0.0000 0.0001 0.0000 0.0000 -0.0000 0.0000 0.0000 -0.0002 -0.0010 -0.0000 30.0001 0.0002 -0.0001 -29.9998 0.0005 0.0002 -0.0000 0.0000 0.0000 -0.5342 -0.2244 -0.1925 -0.5342 -0.2244 -0.1925 84.6539 -17.9105 -89.3135 -34.3290 44.9631 24.8233 -82.6774 25.8472 38.5535 6.1586 1.8461 4.2756 0.0001 -0.0001 0.0000 -0.0000 0.0000 0.0000 0.0003 -0.0006 0.0000 0.0001 -0.0001 0.0000 -0.0000 0.0000 0.0000 -0.0000 0.0000 0.0000 0.0001 0.0007 -0.0000 0.0001 -0.0011 0.0000 0.0003 -0.0008 0.0000 -0.0000 0.0001 0.0000 -0.0000 0.0000 0.0000 -0.0000 -0.0009 0.0000 -29.9997 0.0002 0.0001 29.9996 -0.0003 0.0001 -0.0000 0.0000 0.0000 -179.5829 -2.0696 -2.1598 -2.5199 -6.9101 -14.9915 22.6661 75.4638 -23.5529 -0.0000 25.3510 0.0000 -178.7122 8.3840 -2.6143 -0.0850 -6.3329 -0.0420 -7.3035 67.4674 11.4863 -0.0001 25.3508 0.0000
11.9572 96.4706 -30.0312 -1.1347 3.7262 -0.7470 1.2291 -0.9979 -1.0869 1.2295 -0.9981 -1.0873 1.2328 -1.0009 -1.0902 -86.8154 -12.0556 89.3783 -4.6812 54.8214 -17.2855 0.1711 -2.8729 -80.8572 -2.1136 -0.8367 0.0095 0.0001 0.0000 0.0000 -0.0000 0.0000 0.0000 -0.0008 -0.0013 -0.0000 0.0001 -0.0004 0.0000 -0.0000 0.0000 0.0000 -0.0000 0.0000 0.0000 -0.0000 0.0002 0.0000 0.0003 -0.0006 0.0000 -0.0006 0.0004 0.0000 0.0001 0.0000 0.0000 -0.0000 0.0000 0.0000 -0.0002 -0.0010 -0.0000 30.0001 0.0002 -0.0001 -29.9998 0.0005 0.0002 -0.0000 0.0000 0.0000 -0.3970 -0.2709 -0.2194 -0.3970 -0.2709 -0.2194 84.8674 -17.9133 -89.1462 -34.2480 45.5329 23.2491 -77.9759 26.7306 35.8234 5.8772 2.2420 4.0529 0.0001 -0.0001 0.0000 -0.0000 0.0000 0.0000 0.0003 -0.0006 0.0000 0.0001 -0.0001 0.0000 -0.0000 0.0000 0.0000 -0.0000 0.0000 0.0000 0.0001 0.0007 -0.0000 0.0001 -0.0011 0.0000 0.0003 -0.0008 0.0000 -0.0000 0.0001 0.0000 -0.0000 0.0000 0.0000 -0.0000 -0.0009 0.0000 -29.9996 0.0002 0.0001 29.9996 -0.0003 0.0001 -0.0000 0.0000 0.0000 -179.5289 -2.1187 -1.7227 -2.5106 -6.8270 -14.8430 23.0964 75.3718 -23.9529 -0.0000 25.3510 0.0000 -178.7080 8.4368 -2.4626 -0.0852 -6.5232 -0.0445 -7.8236 67.4303 12.0558 -0.0001 25.3508 0.0000
11.9885 96.4553 -30.2041 -1.1753 3.5670 -0.3472 1.1368 -1.0127 -0.9706 1.1370 -1.0129 -0.9707 1.1401 -1.0157 -0.9734 -86.8677 -12.0285 89.5245 -3.1420 54.9702 -19.0115 4.3804 -6.2535 -83.9954 -2.3715 -1.1573 -0.0329 0.0001 0.0000 0.0000 -0.0000 0.0000 0.0000 -0.0008 -0.0013 -0.0000 0.0001 -0.0004 0.0000 -0.0000 0.0000 0.0000 -0.0000 0.0000 0.0000 -0.0000 0.0002 0.0000 0.0003 -0.0006 0.0000 -0.0006 0.0004 0.0000 0.0001 0.0000 0.0000 -0.0000 0.0000 0.0000 -0.0002 -0.0010 -0.0000 30.0001 0.0002 -0.0001 -29.9998 0.0005 0.0002 -0.0000 0.0000 0.0000 -0.2329 -0.3138 -0.2822 -0.2329 -0.3138 -0.2822 85.1125 -17.9515 -88.9674 -33.8955 46.2403 21.9182 -72.6266 27.5656 32.4915 5.5892 2.6315 3.7962 0.0001 -0.0001 0.0000 -0.0000 0.0000 0.0000 0.0003 -0.0006 0.0000 0.0001 -0.0001 0.0000 -0.0000 0.0000 0.0000 -0.0000 0.0000 0.0000 0.0001 0.0007 -0.0000 0.0001 -0.0012 0.0000 0.0003 -0.0008 0.0000 -0.0000 0.0001 0.0000 -0.0000 0.0000 0.0000 -0.0000 -0.0008 0.0000 -29.9996 0.0002 0.0001 29.9996 -0.0003 0.0001 -0.0000 0.0000 0.0000 -179.5100 -2.1938 -1.2858 -2.4927 -6.7321 -14.7112 23.3799 75.2788 -24.1963 -0.0000 25.3510 0.0000 -178.7270 8.4654 -2.2719 -0.0855 -6.7313 -0.0471 -8.3664 67.4120 12.6274 -0.0001 25.3508 0.0000
12.0237 96.4406 -30.3495 -1.2014 3.3948 0.0793 1.0301 -1.0289 -0.8295 1.0304 -1.0290 -0.8297 1.0333 -1.0319 -0.8320 -86.9365 -11.9978 89.6969 -1.3135 54.9799 -20.7049 8.7700 -9.8864 -86.2255 -2.6950 -1.5297 -0.0866 0.0001 0.0000 0.0000 -0.0000 0.0000 0.0000 -0.0008 -0.0013 -0.0000 0.0001 -0.0004 0.0000 -0.0000 0.0000 0.0000 -0.0000 0.0000 0.0000 -0.0000 0.0002 0.0000 0.0003 -0.0006 0.0000 -0.0006 0.0004 0.0000 0.0001 0.0000 0.0000 -0.0000 0.0000 0.0000 -0.0002 -0.0010 -0.0000 30.0001 0.0002 -0.0001 -29.9998 0.0005 0.0002 -0.0000 0.0000 0.0000 -0.0547 -0.3575 -0.3619 -0.0547 -0.3575 -0.3619 85.3777 -17.9987 -88.7746 -32.9469 47.6172 19.9887 -66.6859 28.1945 28.7179 4.7595 2.5903 3.1234 0.0001 -0.0001 0.0000 -0.0000 0.0000 0.0000 0.0003 -0.0007 0.0000 0.0001 -0.0001 0.0000 -0.0000 0.0000 0.0000 -0.0000 0.0000 0.0000 0.0001 0.0007 -0.0000 0.0001 -0.0011 0.0000 0.0003 -0.0008 0.0000 -0.0000 0.0001 0.0000 -0.0000 0.0000 0.0000 -0.0000 -0.0009 0.0000 -29.9996 0.0002 0.0001 29.9996 -0.0003 0.0001 -0.0000 0.0000 0.0000 -179.5123 -2.2866 -0.8752 -2.4645 -6.6321 -14.5827 23.5089 75.1899 -24.2778 -0.0000 25.3510 0.0000 -178.7660 8.4533 -2.0538 -0.0857 -6.9220 -0.0499 -8.9411 67.3964 13.2170 -0.0001 25.3508 0.0000
12.0677 96.4316 -30.4763 -1.2125 3.2075 0.5472 0.9107 -1.0434 -0.6657 0.9109 -1.0435 -0.6658 0.9134 -1.0464 -0.6677 -87.0254 -11.9848 89.8805 0.7772 54.8774 -22.3677 13.4635 -13.7698 -87.2839 -3.1039 -1.9551 -0.1569 0.0001 0.0000 0.0000 -0.0000 0.0000 0.0000 -0.0008 -0.0013 -0.0000 0.0001 -0.0004 0.0000 -0.0000 0.0000 0.0000 -0.0000 0.0000 0.0000 -0.0000 0.0002 0.0000 0.0003 -0.0006 0.0000 -0.0006 0.0004 0.0000 0.0001 0.0000 0.0000 -0.0000 0.0000 0.0000 -0.0002 -0.0010 -0.0000 30.0001 0.0002 -0.0001 -29.9998 0.0005 0.0002 -0.0000 0.0000 0.0000 0.1310 -0.4096 -0.4517 0.1310 -0.4096 -0.4517 85.6676 -18.0393 -88.5435 -31.7855 49.0614 18.1729 -60.0608 28.4223 24.5805 3.9752 2.4940 2.4995 0.0001 -0.0001 0.0000 -0.0000 0.0000 0.0000 0.0003 -0.0006 0.0000 0.0001 -0.0001 0.0000 -0.0000 0.0000 0.0000 -0.0000 0.0000 0.0000 0.0001 0.0007 -0.0000 0.0001 -0.0011 0.0000 0.0003 -0.0008 0.0000 -0.0000 0.0001 0.0000 -0.0000 0.0000 0.0000 -0.0000 -0.0009 0.0000 -29.9996 0.0002 0.0001 29.9996 -0.0003 0.0001 -0.0000 0.0000 0.0000 -179.5339 -2.3866 -0.5317 -2.4267 -6.5389 -14.4248 23.4601 75.1080 -24.1644 -0.0000 25.3510 0.0000 -178.8281 8.3937 -1.8122 -0.0861 -7.0776 -0.0533 -9.5881 67.3674 13.8629 -0.0001 25.3508 0.0000
12.1184 96.4222 -30.6174 -1.2177 3.0043 1.0554 0.7891 -1.0468 -0.4958 0.7892 -1.0469 -0.4959 0.7915 -1.0499 -0.4974 -87.1439 -12.0048 90.0211 2.9599 54.7591 -24.0788 18.4580 -17.7443 -87.1956 -3.5805 -2.4351 -0.2443 0.0001 0.0000 0.0000 -0.0000 0.0000 0.0000 -0.0008 -0.0013 -0.0000 0.0001 -0.0004 0.0000 -0.0000 0.0000 0.0000 -0.0000 0.0000 0.0000 -0.0000 0.0002 0.0000 0.0003 -0.0006 0.0000 -0.0006 0.0004 0.0000 0.0001 0.0000 0.0000 -0.0000 0.0000 0.0000 -0.0002 -0.0010 -0.0000 30.0001 0.0002 -0.0001 -29.9998 0.0005 0.0002 -0.0000 0.0000 0.0000 0.3098 -0.4753 -0.5572 0.3098 -0.4753 -0.5572 85.9674 -18.0683 -88.2716 -30.4925 50.4938 16.3257 -53.0957 28.0754 20.4626 3.2662 2.3547 1.9534 0.0001 -0.0001 0.0000 -0.0000 0.0000 0.0000 0.0003 -0.0006 0.0000 0.0001 -0.0001 0.0000 -0.0000 0.0000 0.0000 -0.0000 0.0000 0.0000 0.0001 0.0007 -0.0000 0.0001 -0.0011 0.0000 0.0003 -0.0008 0.0000 -0.0000 0.0001 0.0000 -0.0000 0.0000 0.0000 -0.0000 -0.0008 0.0000 -29.9996 0.0002 0.0001 29.9996 -0.0003 0.0001 -0.0000 0.0000 0.0000 -179.5619 -2.4866 -0.2563 -2.3822 -6.4660 -14.2113 23.3148 75.0331 -23.9399 -0.0000 25.3510 0.0000 -178.9005 8.3138 -1.5730 -0.0862 -7.2134 -0.0560 -10.3255 67.3098 14.5933 -0.0001 25.3508 0.0000
12.1803 96.4131 -30.7739 -1.2217 2.7861 1.6012 0.6702 -1.0357 -0.3287 0.6703 -1.0358 -0.3288 0.6722 -1.0388 -0.3296 -87.2974 -12.0631 90.1120 5.1836 54.6443 -25.8363 23.6833 -21.5257 -86.0762 -4.1026 -2.9547 -0.3468 0.0001 0.0000 0.0000 -0.0000 0.0000 0.0000 -0.0008 -0.0013 -0.0000 0.0001 -0.0004 0.0000 -0.0000 0.0000 0.0000 -0.0000 0.0000 0.0000 -0.0000 0.0002 0.0000 0.0003 -0.0006 0.0000 -0.0006 0.0004 0.0000 0.0001 0.0000 0.0000 -0.0000 0.0000 0.0000 -0.0002 -0.0010 -0.0000 30.0001 0.0002 -0.0001 -29.9998 0.0005 0.0002 -0.0000 0.0000 0.0000 0.4762 -0.5610 -0.6629 0.4762 -0.5610 -0.6629 86.2752 -18.0648 -87.9490 -29.0940 51.8852 14.4670 -45.9439 27.1655 16.5706 2.6459 2.1863 1.4901 0.0001 -0.0001 0.0000 -0.0000 0.0000 0.0000 0.0003 -0.0006 0.0000 0.0001 -0.0001 0.0000 -0.0000 0.0000 0.0000 -0.0000 0.0000 0.0000 0.0001 0.0007 -0.0000 0.0001 -0.0012 0.0000 0.0003 -0.0008 0.0000 -0.0000 0.0001 0.0000 -0.0000 0.0000 0.0000 -0.0000 -0.0009 0.0000 -29.9997 0.0002 0.0001 29.9996 -0.0003 0.0001 -0.0000 0.0000 0.0000 -179.5827 -2.5780 -0.0330 -2.3371 -6.4247 -13.9437 23.1013 74.9645 -23.6393 -0.0000 25.3510 0.0000 -178.9793 8.2415 -1.3476 -0.0864 -7.3825 -0.0584 -11.1630 67.2468 15.4276 -0.0001 25.3508 0.0000
12.2724 96.3952 -30.9367 -1.2273 2.5505 2.2000 0.5546 -1.0059 -0.1652 0.5547 -1.0060 -0.1653 0.5563 -1.0089 -0.1658 -90.0000 -14.6324 90.0000 7.4837 54.5062 -27.6524 29.3403 -25.0045 -83.7369 -4.6968 -3.4996 -0.4694 0.0001 0.0000 0.0000 -0.0000 0.0000 0.0000 -0.0008 -0.0013 -0.0000 0.0001 -0.0004 0.0000 -0.0000 0.0000 0.0000 -0.0000 0.0000 0.0000 -0.0000 0.0003 0.0000 0.0003 -0.0006 0.0000 -0.0006 0.0004 0.0000 0.0001 0.0000 0.0000 -0.0000 0.0000 0.0000 -0.0002 -0.0010 -0.0000 30.0001 0.0002 -0.0001 -29.9998 0.0005 0.0002 -0.0000 0.0000 0.0000 0.6203 -0.6736 -0.7594 0.6203 -0.6736 -0.7594 86.6030 -17.9961 -87.5655 -27.5080 53.2482 12.5999 -38.6096 25.6508 13.1150 2.1194 1.9971 1.1023 0.0001 -0.0001 0.0000 -0.0000 0.0000 0.0000 0.0003 -0.0006 0.0000 0.0001 -0.0001 0.0000 -0.0000 0.0000 0.0000 -0.0000 0.0000 0.0000 0.0001 0.0007 -0.0000 0.0001 -0.0011 0.0000 0.0003 -0.0008 0.0000 -0.0000 0.0001 0.0000 -0.0000 0.0000 0.0000 -0.0000 -0.0009 0.0000 -29.9997 0.0002 0.0001 29.9996 -0.0003 0.0001 -0.0000 0.0000 0.0000 -179.5813 -2.6450 0.1377 -2.3041 -6.4407 -13.5959 22.8449 74.9054 -23.2888 -0.0000 25.3510 0.0000 -179.0733 8.1637 -1.1487 -0.0868 -7.5784 -0.0617 -12.1301 67.1762 16.4117 -0.0001 25.3508 0.0000
12.3878 96.3781 -31.0850 -1.2375 2.3038 2.8352 0.4419 -0.9651 0.0020 0.4419 -0.9651 0.0020 0.4432 -0.9680 0.0020 -90.0000 -14.5090 90.0000 9.9304 54.2717 -29.5724 35.3082 -28.0245 -80.4099 -5.3691 -4.0627 -0.6112 0.0001 0.0000 0.0000 -0.0000 0.0000 0.0000 -0.0008 -0.0013 -0.0000 0.0001 -0.0004 0.0000 -0.0000 0.0000 0.0000 -0.0000 0.0000 0.0000 -0.0000 0.0002 0.0000 0.0003 -0.0006 0.0000 -0.0006 0.0004 0.0000 0.0001 0.0000 0.0000 -0.0000 0.0000 0.0000 -0.0002 -0.0010 -0.0000 30.0001 0.0002 -0.0001 -29.9998 0.0005 0.0002 -0.0000 0.0000 0.0000 0.7415 -0.7939 -0.8593 0.7415 -0.7939 -0.8593 86.9492 -17.8825 -87.1478 -25.6675 54.6010 10.7344 -31.3446 23.5995 10.3073 1.6904 1.7992 0.7894 0.0001 -0.0001 0.0000 -0.0000 0.0000 0.0000 0.0003 -0.0006 0.0000 0.0001 -0.0001 0.0000 -0.0000 0.0000 0.0000 -0.0000 0.0000 0.0000 0.0001 0.0007 -0.0000 0.0001 -0.0012 0.0000 0.0003 -0.0008 0.0000 -0.0000 0.0001 0.0000 -0.0000 0.0000 0.0000 -0.0000 -0.0008 0.0000 -29.9996 0.0002 0.0001 29.9996 -0.0003 0.0001 -0.0000 0.0000 0.0000 -179.5620 -2.6903 0.2930 -2.2882 -6.4968 -13.1863 22.6491 74.8417 -22.9904 -0.0000 25.3510 0.0000 -179.1747 8.0339 -0.9638 -0.0872 -7.7202 -0.0653 -13.1460 67.0745 17.4619 -0.0001 25.3508 0.0000
12.5054 96.3679 -31.2264 -1.2523 2.0485 3.4964 0.3321 -0.9179 0.1771 0.3321 -0.9179 0.1771 0.3331 -0.9206 0.1776 -90.0000 -14.3627 90.0000 12.4341 54.0345 -31.5217 41.5425 -30.4766 -76.2666 -6.0233 -4.5235 -0.7656 0.0001 0.0000 0.0000 -0.0000 0.0000 0.0000 -0.0008 -0.0013 -0.0000 0.0001 -0.0004 0.0000 -0.0000 0.0000 0.0000 -0.0000 0.0000 0.0000 -0.0000 0.0002 0.0000 0.0003 -0.0006 0.0000 -0.0006 0.0004 0.0000 0.0001 0.0000 0.0000 -0.0000 0.0000 0.0000 -0.0002 -0.0010 -0.0000 30.0001 0.0002 -0.0001 -29.9998 0.0005 0.0002 -0.0000 0.0000 0.0000 0.8391 -0.9082 -0.9669 0.8391 -0.9082 -0.9669 87.3013 -17.7469 -86.7255 -23.5367 55.9269 8.8660 -24.2834 21.1176 8.2617 1.3519 1.6079 0.5439 0.0001 -0.0001 0.0000 -0.0000 0.0000 0.0000 0.0003 -0.0006 0.0000 0.0001 -0.0001 0.0000 -0.0000 0.0000 0.0000 -0.0000 0.0000 0.0000 0.0001 0.0007 -0.0000 0.0001 -0.0012 0.0000 0.0003 -0.0008 0.0000 -0.0000 0.0001 0.0000 -0.0000 0.0000 0.0000 -0.0000 -0.0009 0.0000 -29.9996 0.0002 0.0001 29.9996 -0.0003 0.0001 -0.0000 0.0000 0.0000 -179.5326 -2.7183 0.4538 -2.2864 -6.5838 -12.7358 22.5552 74.7677 -22.7839 -0.0000 25.3510 0.0000 -179.2735 7.8154 -0.7835 -0.0872 -7.7277 -0.0673 -14.1513 66.9059 18.5090 -0.0001 25.3508 0.0000
12.6187 96.3762 -31.3670 -1.2733 1.7872 4.1848 0.2274 -0.8674 0.3678 0.2274 -0.8674 0.3678 0.2282 -0.8700 0.3688 -90.0000 -14.1784 90.0000 14.8531 54.0079 -33.2937 47.7444 -32.2096 -71.5048 -6.4256 -4.6064 -0.9078 0.0001 0.0000 0.0000 -0.0000 0.0000 0.0000 -0.0008 -0.0013 -0.0000 0.0001 -0.0004 0.0000 -0.0000 0.0000 0.0000 -0.0000 0.0000 0.0000 -0.0000 0.0002 0.0000 0.0003 -0.0006 0.0000 -0.0006 0.0004 0.0000 0.0001 0.0000 0.0000 -0.0000 0.0000 0.0000 -0.0002 -0.0010 -0.0000 30.0001 0.0002 -0.0001 -29.9998 0.0005 0.0002 -0.0000 0.0000 0.0000 0.8938 -1.0036 -1.0803 0.8938 -1.0036 -1.0803 87.6467 -17.6069 -86.3629 -20.9968 57.2179 7.1073 -17.5987 18.2672 7.2222 1.1039 1.4309 0.3577 0.0001 -0.0001 0.0000 -0.0000 0.0000 0.0000 0.0003 -0.0006 0.0000 0.0001 -0.0001 0.0000 -0.0000 0.0000 0.0000 -0.0000 0.0000 0.0000 0.0001 0.0007 -0.0000 0.0001 -0.0012 0.0000 0.0003 -0.0008 0.0000 -0.0000 0.0001 0.0000 -0.0000 0.0000 0.0000 -0.0000 -0.0009 0.0000 -29.9996 0.0002 0.0001 29.9996 -0.0003 0.0001 -0.0000 0.0000 0.0000 -179.4990 -2.7241 0.6445 -2.2939 -6.7124 -12.2642 22.5960 74.6845 -22.7025 -0.0000 25.3510 0.0000 -179.3659 7.4591 -0.5914 -0.0871 -7.5124 -0.0663 -15.0849 66.6420 19.4879 -0.0001 25.3508 0.0000
12.7289 96.3913 -31.5132 -1.2858 1.5310 4.8848 0.1232 -0.8229 0.5772 0.1232 -0.8229 0.5772 0.1235 -0.8253 0.5789 -90.0000 -13.9706 90.0000 17.3628 53.7279 -34.9277 53.9511 -33.2970 -66.4258 -6.8658 -4.6417 -1.0711 0.0001 0.0000 0.0000 -0.0000 0.0000 0.0000 -0.0008 -0.0013 -0.0000 0.0001 -0.0004 0.0000 -0.0000 0.0000 0.0000 -0.0000 0.0000 0.0000 -0.0000 0.0002 0.0000 0.0003 -0.0006 0.0000 -0.0006 0.0004 0.0000 0.0001 0.0000 0.0000 -0.0000 0.0000 0.0000 -0.0002 -0.0010 -0.0000 30.0001 0.0002 -0.0001 -29.9998 0.0005 0.0002 -0.0000 0.0000 0.0000 0.9120 -1.0803 -1.1903 0.9120 -1.0803 -1.1903 87.9652 -17.4966 -86.0761 -18.0852 58.5158 5.5264 -11.3743 15.1577 7.1222 0.9292 1.2748 0.2185 0.0001 -0.0001 0.0000 -0.0000 0.0000 0.0000 0.0003 -0.0006 0.0000 0.0001 -0.0001 0.0000 -0.0000 0.0000 0.0000 -0.0000 0.0000 0.0000 0.0001 0.0007 -0.0000 0.0001 -0.0011 0.0000 0.0003 -0.0008 0.0000 -0.0000 0.0001 0.0000 -0.0000 0.0000 0.0000 -0.0000 -0.0009 0.0000 -29.9996 0.0002 0.0001 29.9996 -0.0003 0.0001 -0.0000 0.0000 0.0000 -179.4764 -2.7182 0.8433 -2.2999 -6.8676 -11.7994 22.6469 74.6141 -22.6304 -0.0000 25.3510 0.0000 -179.4639 7.0394 -0.3787 -0.0867 -7.1856 -0.0645 -15.9420 66.3348 20.3888 -0.0001 25.3508 0.0000
12.8435 96.4003 -31.6507 -1.2889 1.2845 5.5896 0.0223 -0.7861 0.7965 0.0223 -0.7861 0.7966 0.0224 -0.7884 0.7989 -90.0000 -13.7640 90.0000 19.8824 53.2337 -36.3481 59.9384 -33.7231 -61.2808 -7.3254 -4.6224 -1.2524 0.0001 0.0000 0.0000 -0.0000 0.0000 0.0000 -0.0008 -0.0013 -0.0000 0.0001 -0.0004 0.0000 -0.0000 0.0000 0.0000 -0.0000 0.0000 0.0000 -0.0000 0.0003 0.0000 0.0003 -0.0006 0.0000 -0.0006 0.0004 0.0000 0.0001 0.0000 0.0000 -0.0000 0.0000 0.0000 -0.0002 -0.0010 -0.0000 30.0001 0.0002 -0.0001 -29.9998 0.0005 0.0002 -0.0000 0.0000 0.0000 0.8978 -1.1342 -1.3062 0.8978 -1.1342 -1.3062 88.2438 -17.4163 -85.8546 -14.8209 59.8374 4.0846 -5.6610 11.8669 7.9213 0.8109 1.1424 0.1148 0.0001 -0.0001 0.0000 -0.0000 0.0000 0.0000 0.0003 -0.0006 0.0000 0.0001 -0.0001 0.0000 -0.0000 0.0000 0.0000 -0.0000 0.0000 0.0000 0.0001 0.0007 -0.0000 0.0001 -0.0011 0.0000 0.0003 -0.0008 0.0000 -0.0000 0.0001 0.0000 -0.0000 0.0000 0.0000 -0.0000 -0.0008 0.0000 -29.9996 0.0002 0.0001 29.9996 -0.0003 0.0001 -0.0000 0.0000 0.0000 -179.4632 -2.7089 1.0304 -2.3038 -7.0317 -11.3429 22.6499 74.5594 -22.5107 -0.0000 25.3510 0.0000 -179.5703 6.6067 -0.1464 -0.0865 -6.8358 -0.0635 -16.7431 66.0280 21.2404 -0.0001 25.3508 0.0000
12.9483 96.4027 -31.7601 -1.2793 1.0611 6.2936 -0.0678 -0.7601 1.0145 -0.0679 -0.7601 1.0146 -0.0681 -0.7623 1.0175 -90.0000 -13.5974 90.0000 22.2886 52.4775 -37.3051 65.1950 -33.4912 -56.4601 -7.7883 -4.5241 -1.4493 0.0001 0.0000 0.0000 -0.0000 0.0000 0.0000 -0.0008 -0.0013 -0.0000 0.0001 -0.0004 0.0000 -0.0000 0.0000 0.0000 -0.0000 0.0000 0.0000 -0.0000 0.0002 0.0000 0.0003 -0.0006 0.0000 -0.0006 0.0004 0.0000 0.0001 0.0000 0.0000 -0.0000 0.0000 0.0000 -0.0002 -0.0010 -0.0000 30.0001 0.0002 -0.0001 -29.9998 0.0005 0.0002 -0.0000 0.0000 0.0000 0.8388 -1.1648 -1.4140 0.8388 -1.1648 -1.4140 88.4479 -17.3866 -85.7176 -11.0383 61.1954 2.7294 -0.7892 8.4128 9.8787 0.7457 1.0309 0.0399 0.0001 -0.0001 0.0000 -0.0000 0.0000 0.0000 0.0003 -0.0006 0.0000 0.0001 -0.0001 0.0000 -0.0000 0.0000 0.0000 -0.0000 0.0000 0.0000 0.0001 0.0007 -0.0000 0.0001 -0.0012 0.0000 0.0003 -0.0008 0.0000 -0.0000 0.0001 0.0000 -0.0000 0.0000 0.0000 -0.0000 -0.0008 0.0000 -29.9996 0.0002 0.0001 29.9996 -0.0003 0.0001 -0.0000 0.0000 0.0000 -179.4626 -2.7029 1.1726 -2.3063 -7.1842 -10.8829 22.5552 74.5246 -22.2907 -0.0000 25.3511 0.0000 -179.6846 6.1998 0.1093 -0.0863 -6.5100 -0.0628 -17.4983 65.7460 22.0534 -0.0001 25.3508 0.0000
13.0437 96.3994 -31.8431 -1.2611 0.8614 6.9889 -0.1469 -0.7411 1.2204 -0.1469 -0.7411 1.2206 -0.1473 -0.7432 1.2241 -90.0000 -13.4972 90.0000 24.5411 51.5697 -37.8254 69.7823 -32.7424 -52.0620 -8.2324 -4.3572 -1.6585 0.0001 0.0000 0.0000 -0.0000 0.0000 0.0000 -0.0008 -0.0013 -0.0000 0.0001 -0.0004 0.0000 -0.0000 0.0000 0.0000 -0.0000 0.0000 0.0000 -0.0000 0.0002 0.0000 0.0003 -0.0006 0.0000 -0.0006 0.0004 0.0000 0.0001 0.0000 0.0000 -0.0000 0.0000 0.0000 -0.0002 -0.0010 -0.0000 30.0001 0.0002 -0.0001 -29.9998 0.0005 0.0002 -0.0000 0.0000 0.0000 0.7517 -1.1868 -1.5065 0.7517 -1.1868 -1.5065 88.5874 -17.4105 -85.6545 -6.8990 62.5318 1.4487 3.3829 4.9479 12.8874 0.7162 0.9347 -0.0159 0.0001 -0.0001 0.0000 -0.0000 0.0000 0.0000 0.0003 -0.0006 0.0000 0.0001 -0.0001 0.0000 -0.0000 0.0000 0.0000 -0.0000 0.0000 0.0000 0.0001 0.0007 -0.0000 0.0001 -0.0012 0.0000 0.0003 -0.0008 0.0000 -0.0000 0.0002 0.0000 -0.0000 0.0000 0.0000 -0.0000 -0.0009 0.0000 -29.9996 0.0002 0.0001 29.9996 -0.0003 0.0001 -0.0000 0.0000 0.0000 -179.4716 -2.6985 1.2561 -2.3052 -7.3156 -10.3959 22.4036 74.4943 -22.0110 -0.0000 25.3510 0.0000 -179.8021 5.8130 0.3736 -0.0861 -6.1930 -0.0616 -18.2155 65.4767 22.8355 -0.0001 25.3508 0.0000
13.1424 96.3978 -31.9154 -1.2365 0.6828 7.6699 -0.2151 -0.7281 1.4092 -0.2151 -0.7281 1.4095 -0.2157 -0.7302 1.4133 -90.0000 -13.4282 90.0000 26.6028 50.5880 -38.0218 73.7256 -31.5736 -48.1208 -8.6425 -4.1312 -1.8739 0.0001 0.0000 0.0000 -0.0000 0.0000 0.0000 -0.0008 -0.0013 -0.0000 0.0001 -0.0004 0.0000 -0.0000 0.0000 0.0000 -0.0000 0.0000 0.0000 -0.0000 0.0002 0.0000 0.0003 -0.0006 0.0000 -0.0006 0.0004 0.0000 0.0001 0.0000 0.0000 -0.0000 0.0000 0.0000 -0.0002 -0.0010 -0.0000 30.0001 0.0002 -0.0001 -29.9998 0.0005 0.0002 -0.0000 0.0000 0.0000 0.6459 -1.2009 -1.5807 0.6459 -1.2009 -1.5807 88.6720 -17.4717 -85.6391 -2.4852 63.8333 0.2387 6.9679 1.6496 16.7835 0.7087 0.8438 -0.0579 0.0001 -0.0001 0.0000 -0.0000 0.0000 0.0000 0.0003 -0.0006 0.0000 0.0001 -0.0001 0.0000 -0.0000 0.0000 0.0000 -0.0000 0.0000 0.0000 0.0001 0.0007 -0.0000 0.0001 -0.0012 0.0000 0.0003 -0.0008 0.0000 -0.0000 0.0001 0.0000 -0.0000 0.0000 0.0000 -0.0000 -0.0009 0.0000 -29.9996 0.0002 0.0001 29.9996 -0.0003 0.0001 -0.0000 0.0000 0.0000 -179.4864 -2.6888 1.2873 -2.3029 -7.4307 -9.8843 22.2218 74.4606 -21.7000 -0.0000 25.3510 0.0000 -179.9238 5.4317 0.6369 -0.0858 -5.8605 -0.0601 -18.8894 65.2051 23.5806 -0.0001 25.3508 0.0000
13.2573 96.3986 -31.9982 -1.2115 0.5348 8.3151 -0.2652 -0.7266 1.5620 -0.2653 -0.7267 1.5624 -0.2660 -0.7288 1.5667 -90.0000 -13.4106 90.0000 28.3224 49.5409 -37.8094 76.8372 -30.0431 -44.8010 -9.0022 -3.8365 -2.0965 0.0001 0.0000 0.0000 -0.0000 0.0000 0.0000 -0.0008 -0.0013 -0.0000 0.0001 -0.0004 0.0000 -0.0000 0.0000 0.0000 -0.0000 0.0000 0.0000 -0.0000 0.0002 0.0000 0.0003 -0.0006 0.0000 -0.0006 0.0004 0.0000 0.0001 0.0000 0.0000 -0.0000 0.0000 0.0000 -0.0002 -0.0010 -0.0000 30.0001 0.0002 -0.0001 -29.9998 0.0005 0.0002 -0.0000 0.0000 0.0000 0.5246 -1.1997 -1.6177 0.5246 -1.1997 -1.6177 88.6910 -17.5667 -85.6807 2.0102 65.0692 -0.6910 9.7934 -1.2254 21.7339 0.7223 0.7436 -0.0868 0.0001 -0.0001 0.0000 -0.0000 0.0000 0.0000 0.0003 -0.0006 0.0000 0.0001 -0.0001 0.0000 -0.0000 0.0000 0.0000 -0.0000 0.0000 0.0000 0.0001 0.0007 -0.0000 0.0001 -0.0012 0.0000 0.0003 -0.0008 0.0000 -0.0000 0.0001 0.0000 -0.0000 0.0000 0.0000 -0.0000 -0.0008 0.0000 -29.9997 0.0002 0.0001 29.9996 -0.0003 0.0001 -0.0000 0.0000 0.0000 -179.5028 -2.6563 1.2743 -2.3032 -7.5335 -9.3728 22.0223 74.4152 -21.3756 -0.0000 25.3510 0.0000 179.9516 5.0507 0.8829 -0.0855 -5.4841 -0.0582 -19.4966 64.9195 24.2775 -0.0001 25.3508 0.0000
13.3773 96.4023 -32.0994 -1.1943 0.4117 8.9130 -0.2990 -0.7339 1.6794 -0.2991 -0.7340 1.6799 -0.2999 -0.7360 1.6844 -90.0000 -13.4365 90.0000 29.7798 48.5065 -37.3688 79.2945 -28.2563 -41.9414 -9.3051 -3.4876 -2.3148 0.0001 0.0000 0.0000 -0.0000 0.0000 0.0000 -0.0008 -0.0013 -0.0000 0.0001 -0.0004 0.0000 -0.0000 0.0000 0.0000 -0.0000 0.0000 0.0000 -0.0000 0.0002 0.0000 0.0003 -0.0006 0.0000 -0.0006 0.0004 0.0000 0.0001 0.0000 0.0000 -0.0000 0.0000 0.0000 -0.0002 -0.0010 -0.0000 30.0001 0.0002 -0.0001 -29.9998 0.0005 0.0002 -0.0000 0.0000 0.0000 0.4061 -1.1820 -1.6176 0.4061 -1.1820 -1.6176 88.6850 -17.6748 -85.7492 6.4665 66.1589 -1.4815 11.9887 -3.4174 27.5053 0.7411 0.6286 -0.1043 0.0001 -0.0001 0.0000 -0.0000 0.0000 0.0000 0.0003 -0.0006 0.0000 0.0001 -0.0001 0.0000 -0.0000 0.0000 0.0000 -0.0000 0.0000 0.0000 0.0001 0.0007 -0.0000 0.0001 -0.0012 0.0000 0.0003 -0.0008 0.0000 -0.0000 0.0001 0.0000 -0.0000 0.0000 0.0000 -0.0000 -0.0008 0.0000 -29.9996 0.0002 0.0001 29.9996 -0.0003 0.0001 -0.0000 0.0000 0.0000 -179.5188 -2.5958 1.2591 -2.3030 -7.6380 -8.9045 21.8309 74.3629 -21.0685 -0.0000 25.3510 0.0000 179.8321 4.6760 1.1029 -0.0852 -5.0798 -0.0552 -20.0366 64.6244 24.9160 -0.0001 25.3508 0.0000
13.4927 96.4068 -32.2053 -1.1836 0.3104 9.4549 -0.3212 -0.7508 1.7672 -0.3213 -0.7509 1.7677 -0.3220 -0.7529 1.7724 -90.0000 -13.5034 90.0000 31.0359 47.5165 -36.7884 81.2084 -26.2406 -39.4489 -9.5486 -3.0946 -2.5243 0.0001 0.0000 0.0000 -0.0000 0.0000 0.0000 -0.0008 -0.0013 -0.0000 0.0001 -0.0004 0.0000 -0.0000 0.0000 0.0000 -0.0000 0.0000 0.0000 -0.0000 0.0002 0.0000 0.0003 -0.0006 0.0000 -0.0006 0.0004 0.0000 0.0001 0.0000 0.0000 -0.0000 0.0000 0.0000 -0.0002 -0.0010 -0.0000 30.0001 0.0002 -0.0001 -29.9998 0.0005 0.0002 -0.0000 0.0000 0.0000 0.3017 -1.1451 -1.5870 0.3017 -1.1451 -1.5870 88.6681 -17.7942 -85.8360 10.7307 67.0748 -2.1529 13.6044 -4.8780 33.8663 0.7544 0.5007 -0.1122 0.0001 -0.0001 0.0000 -0.0000 0.0000 0.0000 0.0003 -0.0006 0.0000 0.0001 -0.0001 0.0000 -0.0000 0.0000 0.0000 -0.0000 0.0000 0.0000 0.0001 0.0007 -0.0000 0.0001 -0.0012 0.0000 0.0003 -0.0008 0.0000 -0.0000 0.0001 0.0000 -0.0000 0.0000 0.0000 -0.0000 -0.0009 0.0000 -29.9997 0.0002 0.0001 29.9996 -0.0003 0.0001 -0.0000 0.0000 0.0000 -179.5416 -2.5107 1.2548 -2.2970 -7.7441 -8.4971 21.6488 74.3058 -20.7822 -0.0000 25.3510 0.0000 179.7152 4.3047 1.2908 -0.0848 -4.6478 -0.0516 -20.5062 64.3221 25.4911 -0.0001 25.3508 0.0000
13.5946 96.4025 -32.2962 -1.1836 0.2372 9.8860 -0.3298 -0.7848 1.8205 -0.3299 -0.7850 1.8210 -0.3308 -0.7872 1.8260 -90.0000 -13.5841 90.0000 31.9817 46.5981 -36.1061 82.5056 -23.9194 -37.3903 -9.7230 -2.6578 -2.7275 0.0001 0.0000 0.0000 -0.0000 0.0000 0.0000 -0.0008 -0.0013 -0.0000 0.0001 -0.0004 0.0000 -0.0000 0.0000 0.0000 -0.0000 0.0000 0.0000 -0.0000 0.0002 0.0000 0.0003 -0.0007 0.0000 -0.0006 0.0004 0.0000 0.0001 0.0000 0.0000 -0.0000 0.0000 0.0000 -0.0002 -0.0010 -0.0000 30.0001 0.0002 -0.0001 -29.9998 0.0005 0.0002 -0.0000 0.0000 0.0000 0.2336 -1.0766 -1.5235 0.2336 -1.0766 -1.5235 88.6416 -17.9227 -85.9545 14.4583 67.6843 -2.6055 14.3307 -5.4103 40.6546 0.7613 0.3640 -0.1100 0.0001 -0.0001 0.0000 -0.0000 0.0000 0.0000 0.0003 -0.0006 0.0000 0.0001 -0.0001 0.0000 -0.0000 0.0000 0.0000 -0.0000 0.0000 0.0000 0.0001 0.0007 -0.0000 0.0001 -0.0012 0.0000 0.0003 -0.0008 0.0000 -0.0000 0.0001 0.0000 -0.0000 0.0000 0.0000 -0.0000 -0.0009 0.0000 -29.9996 0.0002 0.0001 29.9996 -0.0003 0.0001 -0.0000 0.0000 0.0000 -179.5789 -2.3939 1.2742 -2.2841 -7.8513 -8.2047 21.5014 74.2420 -20.5484 -0.0000 25.3510 0.0000 179.6050 3.9626 1.4266 -0.0845 -4.2194 -0.0479 -20.8569 64.0381 25.9458 -0.0001 25.3508 0.0000
13.6956 96.3964 -32.3748 -1.1913 0.1822 10.2015 -0.3282 -0.8297 1.8523 -0.3283 -0.8299 1.8529 -0.3292 -0.8321 1.8579 -90.0000 -13.7038 90.0000 32.7383 45.7705 -35.3258 83.3745 -21.3710 -35.7592 -9.8245 -2.2132 -2.9223 0.0001 0.0000 0.0000 -0.0000 0.0000 0.0000 -0.0008 -0.0013 -0.0000 0.0001 -0.0004 0.0000 -0.0000 0.0000 0.0000 -0.0000 0.0000 0.0000 -0.0000 0.0002 0.0000 0.0003 -0.0006 0.0000 -0.0006 0.0004 0.0000 0.0001 0.0000 0.0000 -0.0000 0.0000 0.0000 -0.0002 -0.0010 -0.0000 30.0001 0.0002 -0.0001 -29.9998 0.0005 0.0002 -0.0000 0.0000 0.0000 0.1982 -0.9931 -1.4441 0.1982 -0.9931 -1.4441 88.6029 -18.0401 -86.0895 17.8065 68.0456 -3.0581 14.2483 -5.3521 47.2893 0.7559 0.2327 -0.1015 0.0001 -0.0001 0.0000 -0.0000 0.0000 0.0000 0.0003 -0.0006 0.0000 0.0001 -0.0001 0.0000 -0.0000 0.0000 0.0000 -0.0000 0.0000 0.0000 0.0001 0.0007 -0.0000 0.0001 -0.0012 0.0000 0.0003 -0.0008 0.0000 -0.0000 0.0001 0.0000 -0.0000 0.0000 0.0000 -0.0000 -0.0009 0.0000 -29.9996 0.0002 0.0001 29.9996 -0.0003 0.0001 -0.0000 0.0000 0.0000 -179.6251 -2.2623 1.3163 -2.2724 -7.9552 -8.0212 21.4126 74.1742 -20.3872 -0.0000 25.3510 0.0000 179.5060 3.6763 1.5200 -0.0842 -3.8480 -0.0439 -21.0854 63.7947 26.2614 -0.0001 25.3508 0.0000
13.7999 96.3893 -32.4568 -1.2054 0.1348 10.4046 -0.3182 -0.8782 1.8682 -0.3184 -0.8784 1.8688 -0.3191 -0.8807 1.8738 -90.0000 -13.8638 90.0000 33.3458 44.9752 -34.3157 83.8325 -18.7747 -34.6273 -9.8483 -1.7723 -3.1126 0.0001 0.0000 0.0000 -0.0000 0.0000 0.0000 -0.0008 -0.0013 -0.0000 0.0001 -0.0004 0.0000 -0.0000 0.0000 0.0000 -0.0000 0.0000 0.0000 -0.0000 0.0002 0.0000 0.0003 -0.0006 0.0000 -0.0006 0.0004 0.0000 0.0001 0.0000 0.0000 -0.0000 0.0000 0.0000 -0.0002 -0.0010 -0.0000 30.0001 0.0002 -0.0001 -29.9998 0.0005 0.0002 -0.0000 0.0000 0.0000 0.1920 -0.9054 -1.3588 0.1920 -0.9054 -1.3588 88.5551 -18.1485 -86.2298 20.7421 68.1991 -3.5914 13.4948 -4.9254 53.5479 0.7413 0.1146 -0.0897 0.0001 -0.0001 0.0000 -0.0000 0.0000 0.0000 0.0003 -0.0006 0.0000 0.0001 -0.0001 0.0000 -0.0000 0.0000 0.0000 -0.0000 0.0000 0.0000 0.0001 0.0007 -0.0000 0.0001 -0.0012 0.0000 0.0003 -0.0008 0.0000 -0.0000 0.0001 0.0000 -0.0000 0.0000 0.0000 -0.0000 -0.0009 0.0000 -29.9996 0.0002 0.0001 29.9996 -0.0003 0.0001 -0.0000 0.0000 0.0000 -179.6805 -2.1346 1.3767 -2.2598 -8.0472 -7.9375 21.3850 74.1028 -20.2986 -0.0000 25.3510 0.0000 179.4178 3.4542 1.5783 -0.0839 -3.5595 -0.0399 -21.1982 63.6001 26.4410 -0.0001 25.3508 0.0000
13.9107 96.3894 -32.5642 -1.2241 0.0810 10.4326 -0.2952 -0.9229 1.8628 -0.2953 -0.9232 1.8634 -0.2960 -0.9257 1.8684 -90.0000 -14.0774 90.0000 33.7144 44.2536 -32.8454 83.7544 -16.2692 -34.1870 -9.7466 -1.2947 -3.3167 0.0001 0.0000 0.0000 -0.0000 0.0000 0.0000 -0.0008 -0.0013 -0.0000 0.0001 -0.0004 0.0000 -0.0000 0.0000 0.0000 -0.0000 0.0000 0.0000 -0.0000 0.0002 0.0000 0.0003 -0.0007 0.0000 -0.0006 0.0004 0.0000 0.0001 0.0000 0.0000 -0.0000 0.0000 0.0000 -0.0002 -0.0010 -0.0000 30.0001 0.0002 -0.0001 -29.9998 0.0005 0.0002 -0.0000 0.0000 0.0000 0.2168 -0.8242 -1.2727 0.2168 -0.8242 -1.2727 88.4896 -18.2341 -86.3737 23.0216 68.0797 -4.3197 11.9833 -4.2354 59.0960 0.7294 0.0177 -0.0761 0.0001 -0.0001 0.0000 -0.0000 0.0000 0.0000 0.0003 -0.0006 0.0000 0.0001 -0.0001 0.0000 -0.0000 0.0000 0.0000 -0.0000 0.0000 0.0000 0.0001 0.0007 -0.0000 0.0001 -0.0012 0.0000 0.0003 -0.0008 0.0000 -0.0000 0.0001 0.0000 -0.0000 0.0000 0.0000 -0.0000 -0.0008 0.0000 -29.9996 0.0002 0.0001 29.9996 -0.0003 0.0001 -0.0000 0.0000 0.0000 -179.7555 -2.0442 1.4553 -2.2380 -8.1054 -7.9980 21.4502 74.0250 -20.3169 -0.0000 25.3510 0.0000 179.3366 3.3041 1.5758 -0.0838 -3.3555 -0.0372 -21.1163 63.4488 26.4034 -0.0001 25.3508 0.0000
14.0190 96.3890 -32.6863 -1.2427 0.0106 10.3124 -0.2609 -0.9578 1.8422 -0.2610 -0.9580 1.8428 -0.2616 -0.9606 1.8477 -90.0000 -14.3152 90.0000 34.0048 43.6528 -30.9297 83.2382 -13.9278 -34.2704 -9.5410 -0.8664 -3.4788 0.0001 0.0000 0.0000 -0.0000 0.0000 0.0000 -0.0008 -0.0013 -0.0000 0.0001 -0.0004 0.0000 -0.0000 0.0000 0.0000 -0.0000 0.0000 0.0000 -0.0000 0.0002 0.0000 0.0003 -0.0006 0.0000 -0.0006 0.0004 0.0000 0.0001 0.0000 0.0000 -0.0000 0.0000 0.0000 -0.0002 -0.0010 -0.0000 30.0001 0.0002 -0.0001 -29.9998 0.0005 0.0002 -0.0000 0.0000 0.0000 0.2511 -0.7571 -1.1942 0.2511 -0.7571 -1.1942 88.4144 -18.3083 -86.5272 24.7598 67.8194 -5.1592 9.9715 -3.5617 63.9020 0.7231 -0.0616 -0.0623 0.0001 -0.0001 0.0000 -0.0000 0.0000 0.0000 0.0003 -0.0006 0.0000 0.0001 -0.0001 0.0000 -0.0000 0.0000 0.0000 -0.0000 0.0000 0.0000 0.0001 0.0007 -0.0000 0.0001 -0.0012 0.0000 0.0003 -0.0008 0.0000 -0.0000 0.0001 0.0000 -0.0000 0.0000 0.0000 -0.0000 -0.0009 0.0000 -29.9996 0.0002 0.0001 29.9996 -0.0003 0.0001 -0.0000 0.0000 0.0000 -179.8516 -2.0026 1.5494 -2.2088 -8.1235 -8.1696 21.6333 73.9301 -20.4590 -0.0000 25.3510 0.0000 179.2657 3.1786 1.5235 -0.0837 -3.1800 -0.0346 -20.8624 63.3196 26.1697 -0.0001 25.3508 0.0000
14.1236 96.3848 -32.8093 -1.2602 -0.0783 10.0571 -0.2148 -0.9821 1.8079 -0.2149 -0.9824 1.8085 -0.2154 -0.9850 1.8133 -90.0000 -14.5691 90.0000 34.1895 43.2037 -28.5738 82.3895 -11.7564 -34.7778 -9.2533 -0.4883 -3.5988 0.0001 0.0000 0.0000 -0.0000 0.0000 0.0000 -0.0008 -0.0013 -0.0000 0.0001 -0.0004 0.0000 -0.0000 0.0000 0.0000 -0.0000 0.0000 0.0000 -0.0000 0.0002 0.0000 0.0003 -0.0006 0.0000 -0.0006 0.0004 0.0000 0.0001 0.0000 0.0000 -0.0000 0.0000 0.0000 -0.0002 -0.0010 -0.0000 30.0001 0.0002 -0.0001 -29.9998 0.0005 0.0002 -0.0000 0.0000 0.0000 0.2804 -0.7045 -1.1210 0.2804 -0.7045 -1.1210 88.3326 -18.3714 -86.6863 26.0548 67.5176 -5.9540 7.5706 -3.0551 67.9464 0.7235 -0.1286 -0.0483 0.0001 -0.0001 0.0000 -0.0000 0.0000 0.0000 0.0003 -0.0006 0.0000 0.0001 -0.0001 0.0000 -0.0000 0.0000 0.0000 -0.0000 0.0000 0.0000 0.0001 0.0007 -0.0000 0.0001 -0.0011 0.0000 0.0003 -0.0008 0.0000 -0.0000 0.0001 0.0000 -0.0000 0.0000 0.0000 -0.0000 -0.0008 0.0000 -29.9997 0.0002 0.0001 29.9996 -0.0003 0.0001 -0.0000 0.0000 0.0000 -179.9620 -2.0089 1.6540 -2.1798 -8.1033 -8.4368 21.9350 73.8131 -20.7225 -0.0000 25.3510 0.0000 179.2097 3.0632 1.4214 -0.0835 -3.0142 -0.0316 -20.4648 63.2014 25.7691 -0.0001 25.3508 0.0000
14.2329 96.3766 -32.9287 -1.2713 -0.1958 9.6130 -0.1518 -0.9928 1.7481 -0.1517 -0.9931 1.7487 -0.1522 -0.9957 1.7534 -90.0000 -14.8369 90.0000 34.1721 42.9015 -25.5582 81.0385 -9.9210 -35.8191 -8.9257 -0.1329 -3.6986 0.0001 0.0000 0.0000 -0.0000 0.0000 0.0000 -0.0008 -0.0013 -0.0000 0.0001 -0.0004 0.0000 -0.0000 0.0000 0.0000 -0.0000 0.0000 0.0000 -0.0000 0.0002 0.0000 0.0003 -0.0006 0.0000 -0.0006 0.0004 0.0000 0.0001 0.0000 0.0000 -0.0000 0.0000 0.0000 -0.0002 -0.0010 -0.0000 30.0001 0.0002 -0.0001 -29.9998 0.0005 0.0002 -0.0000 0.0000 0.0000 0.2840 -0.6673 -1.0227 0.2840 -0.6673 -1.0227 88.2433 -18.4381 -86.8584 26.5460 67.2606 -6.4743 4.7634 -2.8283 71.0485 0.7387 -0.1854 -0.0338 0.0001 -0.0001 0.0000 -0.0000 0.0000 0.0000 0.0003 -0.0006 0.0000 0.0001 -0.0001 0.0000 -0.0000 0.0000 0.0000 -0.0000 0.0000 0.0000 0.0001 0.0007 -0.0000 0.0001 -0.0012 0.0000 0.0003 -0.0008 0.0000 -0.0000 0.0001 0.0000 -0.0000 0.0000 0.0000 -0.0000 -0.0009 0.0000 -29.9996 0.0002 0.0001 29.9996 -0.0003 0.0001 -0.0000 0.0000 0.0000 179.9041 -2.0920 1.7607 -2.1438 -8.0262 -8.8479 22.3154 73.6667 -21.0758 -0.0000 25.3510 0.0000 179.1720 2.9479 1.2421 -0.0834 -2.8498 -0.0280 -19.8805 63.0971 25.1578 -0.0001 25.3508 0.0000
14.3521 96.3668 -33.0536 -1.2797 -0.3323 9.0446 -0.0750 -0.9988 1.6574 -0.0750 -0.9991 1.6578 -0.0752 -1.0018 1.6623 -87.4896 -12.4581 89.4143 33.9438 42.8218 -22.1816 79.3752 -8.2516 -37.0418 -8.5777 0.2218 -3.7697 0.0001 0.0000 0.0000 -0.0000 0.0000 0.0000 -0.0008 -0.0013 -0.0000 0.0001 -0.0004 0.0000 -0.0000 0.0000 0.0000 -0.0000 0.0000 0.0000 -0.0001 0.0002 0.0000 0.0003 -0.0006 0.0000 -0.0006 0.0004 0.0000 0.0001 0.0000 0.0000 -0.0000 0.0000 0.0000 -0.0002 -0.0010 -0.0000 30.0001 0.0002 -0.0001 -29.9998 0.0005 0.0002 -0.0000 0.0000 0.0000 0.2626 -0.6342 -0.9132 0.2626 -0.6342 -0.9132 88.1523 -18.5153 -87.0439 26.4303 67.0883 -6.5884 1.6457 -2.8721 73.4614 0.7658 -0.2401 -0.0182 0.0001 -0.0001 0.0000 -0.0000 0.0000 0.0000 0.0003 -0.0006 0.0000 0.0001 -0.0001 0.0000 -0.0000 0.0000 0.0000 -0.0000 0.0000 0.0000 0.0001 0.0007 -0.0000 0.0001 -0.0012 0.0000 0.0003 -0.0008 0.0000 -0.0000 0.0001 0.0000 -0.0000 0.0000 0.0000 -0.0000 -0.0009 0.0000 -29.9997 0.0002 0.0001 29.9996 -0.0003 0.0001 -0.0000 0.0000 0.0000 179.7516 -2.2314 1.8681 -2.0890 -7.9077 -9.3749 22.6622 73.5128 -21.4113 -0.0000 25.3510 0.0000 179.1360 2.8436 1.0153 -0.0833 -2.7007 -0.0251 -19.1644 63.0097 24.4191 -0.0001 25.3508 0.0000
14.4753 96.3592 -33.1889 -1.2915 -0.4837 8.3749 0.0137 -1.0032 1.5403 0.0137 -1.0034 1.5407 0.0138 -1.0062 1.5449 -87.3404 -12.5020 89.2537 33.4759 42.9639 -18.6054 77.4787 -6.5932 -38.2728 -8.2156 0.5859 -3.8083 0.0001 0.0000 0.0000 -0.0000 0.0000 0.0000 -0.0008 -0.0013 -0.0000 0.0001 -0.0004 0.0000 -0.0000 0.0000 0.0000 -0.0000 0.0000 0.0000 -0.0000 0.0002 0.0000 0.0003 -0.0006 0.0000 -0.0006 0.0004 0.0000 0.0001 0.0000 0.0000 -0.0000 0.0000 0.0000 -0.0002 -0.0010 -0.0000 30.0001 0.0003 -0.0002 -29.9998 0.0005 0.0002 -0.0000 0.0000 0.0000 0.2222 -0.5974 -0.8041 0.2222 -0.5974 -0.8041 88.0638 -18.6066 -87.2367 25.8082 67.0116 -6.2796 -1.7479 -3.1553 75.3445 0.8068 -0.2984 -0.0006 0.0001 -0.0001 0.0000 -0.0000 0.0000 0.0000 0.0003 -0.0006 0.0000 0.0001 -0.0001 0.0000 -0.0000 0.0000 0.0000 -0.0000 0.0000 0.0000 0.0001 0.0007 -0.0000 0.0001 -0.0011 0.0000 0.0003 -0.0008 0.0000 -0.0000 0.0001 0.0000 -0.0000 0.0000 0.0000 -0.0000 -0.0009 0.0000 -29.9997 0.0002 0.0001 29.9995 -0.0003 0.0001 -0.0000 0.0000 0.0000 179.5868 -2.4091 1.9632 -2.0167 -7.7591 -9.9845 22.9747 73.3535 -21.7241 -0.0000 25.3510 0.0000 179.1040 2.7565 0.7525 -0.0832 -2.5719 -0.0228 -18.3338 62.9376 23.5765 -0.0001 25.3508 0.0000
14.5897 96.3526 -33.3351 -1.3149 -0.6536 7.5752 0.1183 -1.0082 1.3891 0.1183 -1.0084 1.3894 0.1186 -1.0112 1.3932 -87.2281 -12.5129 89.0590 32.5802 43.3644 -14.8448 75.2209 -4.8827 -39.3338 -7.8431 0.9832 -3.8063 0.0001 0.0000 0.0000 -0.0000 0.0000 0.0000 -0.0008 -0.0013 -0.0000 0.0001 -0.0004 0.0000 -0.0000 0.0000 0.0000 -0.0000 0.0000 0.0000 -0.0000 0.0002 0.0000 0.0003 -0.0006 0.0000 -0.0006 0.0004 0.0000 0.0001 0.0000 0.0000 -0.0000 0.0000 0.0000 -0.0002 -0.0010 -0.0000 30.0001 0.0002 -0.0001 -29.9998 0.0005 0.0002 -0.0000 0.0000 0.0000 0.1536 -0.5430 -0.7067 0.1536 -0.5430 -0.7067 87.9881 -18.7311 -87.4250 24.4335 67.0790 -5.2839 -5.4903 -3.7004 76.5842 0.8666 -0.3660 0.0203 0.0001 -0.0001 0.0000 -0.0000 0.0000 0.0000 0.0003 -0.0006 0.0000 0.0001 -0.0001 0.0000 -0.0000 0.0000 0.0000 -0.0000 0.0000 0.0000 0.0001 0.0007 -0.0000 0.0001 -0.0012 0.0000 0.0003 -0.0008 0.0000 -0.0000 0.0001 0.0000 -0.0000 0.0000 0.0000 -0.0000 -0.0009 0.0000 -29.9997 0.0002 0.0001 29.9996 -0.0003 0.0001 -0.0000 0.0000 0.0000 179.4186 -2.6185 2.0284 -1.9383 -7.5819 -10.6627 23.3249 73.1738 -22.0818 -0.0000 25.3510 0.0000 179.0884 2.6883 0.4481 -0.0831 -2.4681 -0.0212 -17.3527 62.8904 22.5977 -0.0001 25.3508 0.0000
14.6918 96.3458 -33.4893 -1.3498 -0.8345 6.6908 0.2330 -1.0143 1.2080 0.2331 -1.0145 1.2082 0.2337 -1.0174 1.2117 -87.1459 -12.5065 88.8713 31.3243 43.8682 -11.0690 72.7161 -3.0414 -40.1901 -7.4655 1.4035 -3.7706 0.0001 0.0000 0.0000 -0.0000 0.0000 0.0000 -0.0008 -0.0013 -0.0000 0.0001 -0.0004 0.0000 -0.0000 0.0000 0.0000 -0.0000 0.0000 0.0000 -0.0000 0.0002 0.0000 0.0003 -0.0006 0.0000 -0.0006 0.0004 0.0000 0.0001 0.0000 0.0000 -0.0000 0.0000 0.0000 -0.0002 -0.0010 -0.0000 30.0001 0.0002 -0.0001 -29.9998 0.0005 0.0002 -0.0000 0.0000 0.0000 0.0559 -0.4677 -0.6157 0.0559 -0.4677 -0.6157 87.9271 -18.8757 -87.5954 22.4595 67.1881 -3.7616 -9.4627 -4.3458 77.3669 0.9490 -0.4477 0.0459 0.0001 -0.0001 0.0000 -0.0000 0.0000 0.0000 0.0003 -0.0006 0.0000 0.0001 -0.0001 0.0000 -0.0000 0.0000 0.0000 -0.0000 0.0000 0.0000 0.0001 0.0007 -0.0000 0.0001 -0.0012 0.0000 0.0003 -0.0008 0.0000 -0.0000 0.0001 0.0000 -0.0000 0.0000 0.0000 -0.0000 -0.0009 0.0000 -29.9996 0.0002 0.0001 29.9996 -0.0003 0.0001 -0.0000 0.0000 0.0000 179.2624 -2.8331 2.0316 -1.8664 -7.4046 -11.3181 23.7759 72.9751 -22.5439 -0.0000 25.3510 0.0000 179.0956 2.6283 0.1190 -0.0831 -2.3754 -0.0195 -16.2724 62.8572 21.5168 -0.0001 25.3508 0.0000
14.7855 96.3371 -33.6500 -1.3964 -1.0211 5.7515 0.3558 -1.0204 0.9993 0.3559 -1.0205 0.9995 0.3569 -1.0233 1.0023 -87.0964 -12.4871 88.6778 29.7616 44.4177 -7.3358 69.9989 -1.0229 -40.8435 -7.0845 1.8336 -3.7031 0.0001 0.0000 0.0000 -0.0000 0.0000 0.0000 -0.0008 -0.0013 -0.0000 0.0001 -0.0004 0.0000 -0.0000 0.0000 0.0000 -0.0000 0.0000 0.0000 -0.0000 0.0002 0.0000 0.0003 -0.0006 0.0000 -0.0006 0.0004 0.0000 0.0001 0.0000 0.0000 -0.0000 0.0000 0.0000 -0.0002 -0.0010 -0.0000 30.0001 0.0002 -0.0001 -29.9998 0.0005 0.0002 -0.0000 0.0000 0.0000 -0.0685 -0.3798 -0.5384 -0.0685 -0.3797 -0.5384 87.8812 -19.0353 -87.7426 19.9376 67.3023 -1.7814 -13.6075 -5.0194 77.7487 1.0592 -0.5492 0.0782 0.0001 -0.0001 0.0000 -0.0000 0.0000 0.0000 0.0003 -0.0006 0.0000 0.0001 -0.0001 0.0000 -0.0000 0.0000 0.0000 -0.0000 0.0000 0.0000 0.0001 0.0007 -0.0000 0.0001 -0.0012 0.0000 0.0003 -0.0008 0.0000 -0.0000 0.0001 0.0000 -0.0000 0.0000 0.0000 -0.0000 -0.0009 0.0000 -29.9996 0.0002 0.0001 29.9996 -0.0003 0.0001 -0.0000 0.0000 0.0000 179.1149 -3.0458 2.0088 -1.7968 -7.2372 -11.9618 24.3305 72.7690 -23.1142 -0.0000 25.3510 0.0000 179.1240 2.5778 -0.2206 -0.0830 -2.3005 -0.0178 -15.1248 62.8362 20.3594 -0.0001 25.3508 0.0000
14.8761 96.3205 -33.8124 -1.4561 -1.2147 4.7351 0.4887 -1.0215 0.7601 0.4888 -1.0216 0.7602 0.4902 -1.0245 0.7625 -87.1090 -12.4558 88.4737 27.8130 45.0341 -3.7311 66.9940 1.1871 -41.1159 -6.6651 2.2557 -3.5753 0.0001 0.0000 0.0000 -0.0000 0.0000 0.0000 -0.0008 -0.0013 -0.0000 0.0001 -0.0004 0.0000 -0.0000 0.0000 0.0000 -0.0000 0.0000 0.0000 -0.0000 0.0002 0.0000 0.0003 -0.0006 0.0000 -0.0006 0.0004 0.0000 0.0001 0.0000 0.0000 -0.0000 0.0000 0.0000 -0.0002 -0.0010 -0.0000 30.0001 0.0002 -0.0001 -29.9998 0.0005 0.0002 -0.0000 0.0000 0.0000 -0.2287 -0.2873 -0.4878 -0.2287 -0.2873 -0.4878 87.8578 -19.2026 -87.8481 16.6839 67.3842 0.7622 -17.9178 -5.6776 77.5769 1.2087 -0.6771 0.1200 0.0001 -0.0001 0.0000 -0.0000 0.0000 0.0000 0.0003 -0.0006 0.0000 0.0001 -0.0001 0.0000 -0.0000 0.0000 0.0000 -0.0000 0.0000 0.0000 0.0001 0.0007 -0.0000 0.0001 -0.0012 0.0000 0.0003 -0.0008 0.0000 -0.0000 0.0001 0.0000 -0.0000 0.0000 0.0000 -0.0000 -0.0008 0.0000 -29.9996 0.0002 0.0001 29.9996 -0.0003 0.0001 -0.0000 0.0000 0.0000 178.9780 -3.2554 1.9619 -1.7362 -7.0925 -12.6158 25.0144 72.5687 -23.8165 -0.0000 25.3510 0.0000 179.1671 2.5286 -0.5846 -0.0831 -2.2081 -0.0165 -13.8752 62.7964 19.0919 -0.0001 25.3508 0.0000
14.9681 96.3013 -33.9658 -1.5218 -1.4068 3.6654 0.6261 -1.0143 0.5058 0.6262 -1.0143 0.5059 0.6280 -1.0172 0.5074 -87.1621 -12.4231 88.2768 25.1987 46.3835 0.5424 63.7658 3.4507 -41.0264 -5.5340 2.2519 -3.0006 0.0001 0.0000 0.0000 -0.0000 0.0000 0.0000 -0.0008 -0.0013 -0.0000 0.0001 -0.0004 0.0000 -0.0000 0.0000 0.0000 -0.0000 0.0000 0.0000 -0.0000 0.0002 0.0000 0.0003 -0.0006 0.0000 -0.0006 0.0004 0.0000 0.0001 0.0000 0.0000 -0.0000 0.0000 0.0000 -0.0002 -0.0010 -0.0000 30.0001 0.0002 -0.0001 -29.9998 0.0005 0.0002 -0.0000 0.0000 0.0000 -0.4124 -0.2056 -0.4356 -0.4124 -0.2056 -0.4356 87.8612 -19.3643 -87.9079 12.9130 67.3673 3.6892 -22.2903 -6.2355 76.8836 1.4045 -0.8359 0.1746 0.0001 -0.0001 0.0000 -0.0000 0.0000 0.0000 0.0003 -0.0006 0.0000 0.0001 -0.0001 0.0000 -0.0000 0.0000 0.0000 -0.0000 0.0000 0.0000 0.0001 0.0007 -0.0000 0.0001 -0.0012 0.0000 0.0003 -0.0008 0.0000 -0.0000 0.0001 0.0000 -0.0000 0.0000 0.0000 -0.0000 -0.0008 0.0000 -29.9996 0.0002 0.0001 29.9996 -0.0003 0.0001 -0.0000 0.0000 0.0000 178.8522 -3.4568 1.8709 -1.6922 -6.9679 -13.2655 25.7459 72.3784 -24.5641 -0.0000 25.3510 0.0000 179.2082 2.4713 -0.9749 -0.0830 -2.0732 -0.0155 -12.5558 62.7178 17.7494 -0.0001 25.3508 0.0000
15.0533 96.2808 -34.1081 -1.5917 -1.5934 2.5563 0.7659 -0.9983 0.2420 0.7660 -0.9984 0.2420 0.7682 -1.0012 0.2427 -87.2385 -12.3824 88.0969 22.4627 47.7059 4.5935 60.2680 5.7396 -40.6475 -4.5054 2.1734 -2.4532 0.0001 0.0000 0.0000 -0.0000 0.0000 0.0000 -0.0008 -0.0013 -0.0000 0.0001 -0.0004 0.0000 -0.0000 0.0000 0.0000 -0.0000 0.0000 0.0000 -0.0000 0.0002 0.0000 0.0003 -0.0006 0.0000 -0.0006 0.0004 0.0000 0.0001 0.0000 0.0000 -0.0000 0.0000 0.0000 -0.0002 -0.0010 -0.0000 30.0001 0.0002 -0.0001 -29.9998 0.0005 0.0002 -0.0000 0.0000 0.0000 -0.6080 -0.1414 -0.3807 -0.6080 -0.1414 -0.3807 87.8921 -19.5077 -87.9232 8.7733 67.2179 6.8845 -26.6974 -6.6481 75.7005 1.6569 -1.0303 0.2462 0.0001 -0.0001 0.0000 -0.0000 0.0000 0.0000 0.0003 -0.0006 0.0000 0.0001 -0.0001 0.0000 -0.0000 0.0000 0.0000 -0.0000 0.0000 0.0000 0.0001 0.0007 -0.0000 0.0001 -0.0012 0.0000 0.0003 -0.0008 0.0000 -0.0000 0.0001 0.0000 -0.0000 0.0000 0.0000 -0.0000 -0.0009 0.0000 -29.9997 0.0002 0.0001 29.9996 -0.0003 0.0001 -0.0000 0.0000 0.0000 178.7337 -3.6497 1.7323 -1.6619 -6.8571 -13.9032 26.4912 72.1949 -25.3232 -0.0000 25.3510 0.0000 179.2514 2.3733 -1.3871 -0.0829 -1.8318 -0.0137 -11.1863 62.5676 16.3448 -0.0001 25.3508 0.0000
15.1262 96.2638 -34.2384 -1.6640 -1.7685 1.4091 0.9080 -0.9715 -0.0283 0.9081 -0.9716 -0.0283 0.9107 -0.9743 -0.0283 -87.3534 -12.3169 87.9444 19.6853 49.0408 8.2286 56.2687 7.9824 -39.9167 -3.5977 2.0378 -1.9448 0.0001 0.0000 0.0000 -0.0000 0.0000 0.0000 -0.0008 -0.0013 -0.0000 0.0001 -0.0004 0.0000 -0.0000 0.0000 0.0000 -0.0000 0.0000 0.0000 -0.0000 0.0002 0.0000 0.0003 -0.0006 0.0000 -0.0006 0.0004 0.0000 0.0001 0.0000 0.0000 -0.0000 0.0000 0.0000 -0.0002 -0.0010 -0.0000 30.0001 0.0002 -0.0001 -29.9998 0.0005 0.0002 -0.0000 0.0000 0.0000 -0.8033 -0.1059 -0.3208 -0.8033 -0.1059 -0.3208 87.9592 -19.6107 -87.8837 4.3245 66.8432 10.2472 -31.0915 -6.8904 73.8585 2.0007 -1.2548 0.3438 0.0001 -0.0001 0.0000 -0.0000 0.0000 0.0000 0.0003 -0.0006 0.0000 0.0001 -0.0001 0.0000 -0.0000 0.0000 0.0000 -0.0000 0.0000 0.0000 0.0001 0.0007 -0.0000 0.0001 -0.0011 0.0000 0.0003 -0.0008 0.0000 -0.0000 0.0001 0.0000 -0.0000 0.0000 0.0000 -0.0000 -0.0009 0.0000 -29.9996 0.0002 0.0001 29.9996 -0.0003 0.0001 -0.0000 0.0000 0.0000 178.6234 -3.8301 1.5350 -1.6492 -6.7647 -14.5224 27.2462 72.0237 -26.0902 -0.0000 25.3510 0.0000 179.3015 2.2177 -1.8167 -0.0828 -1.4578 -0.0108 -9.7737 62.3420 14.8718 -0.0001 25.3508 0.0000
15.1959 96.2448 -34.3656 -1.7323 -1.9311 0.2438 1.0477 -0.9374 -0.2942 1.0479 -0.9375 -0.2943 1.0508 -0.9402 -0.2951 -87.4982 -12.2206 87.8163 16.9286 50.3060 11.5579 51.9137 10.0773 -39.0269 -2.8303 1.8667 -1.5043 0.0001 0.0000 0.0000 -0.0000 0.0000 0.0000 -0.0008 -0.0013 -0.0000 0.0001 -0.0004 0.0000 -0.0000 0.0000 0.0000 -0.0000 0.0000 0.0000 -0.0000 0.0002 0.0000 0.0003 -0.0006 0.0000 -0.0006 0.0004 0.0000 0.0001 0.0000 0.0000 -0.0000 0.0000 0.0000 -0.0002 -0.0010 -0.0000 30.0001 0.0002 -0.0001 -29.9998 0.0005 0.0002 -0.0000 0.0000 0.0000 -0.9867 -0.0907 -0.2587 -0.9867 -0.0907 -0.2587 88.0397 -19.6831 -87.8271 -0.2403 66.2550 13.5901 -35.4467 -6.9263 71.6101 2.4175 -1.5042 0.4686 0.0001 -0.0001 0.0000 -0.0000 0.0000 0.0000 0.0002 -0.0006 0.0000 0.0001 -0.0001 0.0000 -0.0000 0.0000 0.0000 -0.0000 0.0000 0.0000 0.0001 0.0007 -0.0000 0.0001 -0.0012 0.0000 0.0003 -0.0008 0.0000 -0.0000 0.0001 0.0000 -0.0000 0.0000 0.0000 -0.0000 -0.0009 0.0000 -29.9996 0.0002 0.0001 29.9996 -0.0003 0.0001 -0.0000 0.0000 0.0000 178.5126 -3.9933 1.3352 -1.6556 -6.6907 -15.1605 28.0058 71.8613 -26.8605 -0.0000 25.3510 0.0000 179.3429 1.9832 -2.2549 -0.0828 -0.9041 -0.0066 -8.3379 62.0100 13.3606 -0.0001 25.3508 0.0000
15.2725 96.2233 -34.4953 -1.7977 -2.0833 -0.9336 1.1831 -0.8986 -0.5521 1.1834 -0.8987 -0.5522 1.1866 -0.9013 -0.5537 -87.6598 -12.0981 87.7136 14.2145 51.4716 14.6013 47.3836 11.9694 -38.0517 -2.2094 1.6841 -1.1443 0.0001 0.0000 0.0000 -0.0000 0.0000 0.0000 -0.0008 -0.0013 -0.0000 0.0001 -0.0004 0.0000 -0.0000 0.0000 0.0000 -0.0000 0.0000 0.0000 -0.0000 0.0002 0.0000 0.0003 -0.0006 0.0000 -0.0006 0.0004 0.0000 0.0001 0.0000 0.0000 -0.0000 0.0000 0.0000 -0.0002 -0.0010 -0.0000 30.0001 0.0002 -0.0001 -29.9998 0.0005 0.0002 -0.0000 0.0000 0.0000 -1.1524 -0.0902 -0.1946 -1.1524 -0.0902 -0.1946 88.1317 -19.7344 -87.7669 -4.8420 65.4542 16.8584 -39.7494 -6.7241 69.0962 2.9115 -1.7739 0.6251 0.0001 -0.0001 0.0000 -0.0000 0.0000 0.0000 0.0003 -0.0006 0.0000 0.0001 -0.0001 0.0000 -0.0000 0.0000 0.0000 -0.0000 0.0000 0.0000 0.0001 0.0007 -0.0000 0.0001 -0.0012 0.0000 0.0003 -0.0008 0.0000 -0.0000 0.0001 0.0000 -0.0000 0.0000 0.0000 -0.0000 -0.0009 0.0000 -29.9996 0.0002 0.0001 29.9996 -0.0003 0.0001 -0.0000 0.0000 0.0000 178.4050 -4.1392 1.1063 -1.6807 -6.6360 -15.7818 28.7762 71.7052 -27.6386 -0.0000 25.3510 0.0000 179.3776 1.8632 -2.7021 -0.0827 -0.5552 -0.0041 -6.9464 61.7571 11.8944 -0.0001 25.3508 0.0000
15.3576 96.1980 -34.6303 -1.8609 -2.2248 -2.1185 1.3115 -0.8552 -0.7935 1.3118 -0.8553 -0.7937 1.3155 -0.8577 -0.7959 -87.8354 -11.9086 87.6406 11.4856 52.4883 17.2894 42.8324 13.5601 -37.0585 -1.7349 1.5117 -0.8662 0.0001 0.0000 0.0000 -0.0000 0.0000 0.0000 -0.0008 -0.0013 -0.0000 0.0001 -0.0004 0.0000 -0.0000 0.0000 0.0000 -0.0000 0.0000 0.0000 -0.0000 0.0002 0.0000 0.0003 -0.0006 0.0000 -0.0006 0.0004 0.0000 0.0001 0.0000 0.0000 -0.0000 0.0000 0.0000 -0.0002 -0.0010 -0.0000 30.0001 0.0002 -0.0001 -29.9998 0.0005 0.0001 -0.0000 0.0000 0.0000 -1.2836 -0.1109 -0.1302 -1.2836 -0.1109 -0.1302 88.2293 -19.7628 -87.7059 -9.3964 64.3979 19.9595 -43.9294 -6.2640 66.3239 3.4919 -2.0446 0.8189 0.0001 -0.0001 0.0000 -0.0000 0.0000 0.0000 0.0003 -0.0006 0.0000 0.0001 -0.0001 0.0000 -0.0000 0.0000 0.0000 -0.0000 0.0000 0.0000 0.0001 0.0007 -0.0000 0.0001 -0.0012 0.0000 0.0003 -0.0008 0.0000 -0.0000 0.0001 0.0000 -0.0000 0.0000 0.0000 -0.0000 -0.0008 0.0000 -29.9996 0.0002 0.0001 29.9996 -0.0003 0.0001 -0.0000 0.0000 0.0000 178.2995 -4.2676 0.8559 -1.7251 -6.6083 -16.3921 29.5570 71.5639 -28.4238 -0.0000 25.3510 0.0000 179.4197 2.0465 -3.1548 -0.0828 -0.7847 -0.0060 -5.6252 61.7671 10.4944 -0.0001 25.3508 0.0000
15.4325 96.1689 -34.7623 -1.9235 -2.3606 -3.2998 1.4352 -0.8037 -1.0215 1.4357 -0.8039 -1.0218 1.4395 -0.8060 -1.0246 -88.0148 -11.6261 87.5634 8.6749 53.3301 19.6660 38.1698 15.0718 -36.0534 -1.3687 1.3562 -0.6502 0.0001 0.0000 0.0000 -0.0000 0.0000 0.0000 -0.0008 -0.0013 -0.0000 0.0001 -0.0004 0.0000 -0.0000 0.0000 0.0000 -0.0000 0.0000 0.0000 -0.0000 0.0002 0.0000 0.0003 -0.0006 0.0000 -0.0006 0.0004 0.0000 0.0001 0.0000 0.0000 -0.0000 0.0000 0.0000 -0.0002 -0.0010 -0.0000 30.0001 0.0002 -0.0001 -29.9998 0.0005 0.0002 -0.0000 0.0000 0.0000 -1.3869 -0.1611 -0.0684 -1.3869 -0.1611 -0.0684 88.3070 -19.7765 -87.6440 -13.8218 63.1692 22.9062 -47.9971 -5.5349 63.4339 4.1532 -2.3085 1.0528 0.0001 0.0000 0.0000 -0.0000 0.0000 0.0000 0.0003 -0.0006 0.0000 0.0001 -0.0001 0.0000 -0.0000 0.0000 0.0000 -0.0000 0.0000 0.0000 0.0001 0.0007 -0.0000 0.0001 -0.0012 0.0000 0.0003 -0.0008 0.0000 -0.0000 0.0001 0.0000 -0.0000 0.0000 0.0000 -0.0000 -0.0009 0.0000 -29.9997 0.0002 0.0001 29.9996 -0.0003 0.0001 -0.0000 0.0000 0.0000 178.1935 -4.3861 0.6051 -1.7815 -6.5997 -17.0035 30.3348 71.4371 -29.2021 -0.0000 25.3510 0.0000 179.4873 2.4673 -3.6026 -0.0829 -1.4853 -0.0116 -4.3499 61.9937 9.1179 -0.0001 25.3508 0.0000
15.4971 96.1364 -34.8903 -1.9864 -2.4904 -4.4749 1.5551 -0.7441 -1.2351 1.5557 -0.7443 -1.2355 1.5598 -0.7463 -1.2387 -88.1901 -11.3418 87.4782 5.8763 54.0022 21.7708 33.4938 16.4468 -35.0655 -1.0939 1.2240 -0.4861 0.0001 0.0000 0.0000 -0.0000 0.0000 0.0000 -0.0008 -0.0013 -0.0000 0.0001 -0.0004 0.0000 -0.0000 0.0000 0.0000 -0.0000 0.0000 0.0000 -0.0000 0.0002 0.0000 0.0003 -0.0006 0.0000 -0.0006 0.0004 0.0000 0.0001 0.0000 0.0000 -0.0000 0.0000 0.0000 -0.0002 -0.0010 -0.0000 30.0001 0.0002 -0.0001 -29.9998 0.0005 0.0002 -0.0000 0.0000 0.0000 -1.4690 -0.2364 -0.0138 -1.4690 -0.2364 -0.0138 88.3584 -19.7790 -87.5787 -18.0991 61.8190 25.7443 -51.9390 -4.5252 60.4702 4.8881 -2.5503 1.3280 0.0001 -0.0001 0.0000 -0.0000 0.0000 0.0000 0.0003 -0.0006 0.0000 0.0001 -0.0001 0.0000 -0.0000 0.0000 0.0000 -0.0000 0.0000 0.0000 0.0001 0.0007 -0.0000 0.0001 -0.0012 0.0000 0.0003 -0.0008 0.0000 -0.0000 0.0001 0.0000 -0.0000 0.0000 0.0000 -0.0000 -0.0008 0.0000 -29.9996 0.0002 0.0001 29.9996 -0.0003 0.0001 -0.0000 0.0000 0.0000 178.0851 -4.4953 0.3569 -1.8454 -6.5989 -17.6132 31.1128 71.3144 -29.9757 -0.0000 25.3510 0.0000 179.5726 2.9304 -4.0589 -0.0831 -2.2688 -0.0182 -3.0951 62.2433 7.7371 -0.0001 25.3508 0.0000
15.5571 96.0970 -35.0290 -2.0468 -2.6133 -5.6275 1.6696 -0.6770 -1.4385 1.6703 -0.6772 -1.4391 1.6746 -0.6791 -1.4428 -88.3499 -11.1045 87.4127 3.0652 54.5126 23.6352 28.8803 17.5063 -34.1982 -0.8956 1.1191 -0.3635 0.0001 0.0000 0.0000 -0.0000 0.0000 0.0000 -0.0008 -0.0013 -0.0000 0.0001 -0.0004 0.0000 -0.0000 0.0000 0.0000 -0.0000 0.0000 0.0000 -0.0000 0.0002 0.0000 0.0003 -0.0006 0.0000 -0.0006 0.0004 0.0000 0.0001 0.0000 0.0000 -0.0000 0.0000 0.0000 -0.0002 -0.0010 -0.0000 30.0001 0.0002 -0.0001 -29.9998 0.0005 0.0002 -0.0000 0.0000 0.0000 -1.5282 -0.3342 0.0448 -1.5282 -0.3342 0.0448 88.3701 -19.7321 -87.5085 -22.1489 60.3754 28.5230 -55.6817 -3.1900 57.3426 5.6880 -2.7350 1.6414 0.0001 -0.0001 0.0000 -0.0000 0.0000 0.0000 0.0003 -0.0006 0.0000 0.0001 -0.0001 0.0000 -0.0000 0.0000 0.0000 -0.0000 0.0000 0.0000 0.0001 0.0007 -0.0000 0.0001 -0.0012 0.0000 0.0003 -0.0008 0.0000 -0.0000 0.0001 0.0000 -0.0000 0.0000 0.0000 -0.0000 -0.0008 0.0000 -29.9997 0.0002 0.0001 29.9996 -0.0003 0.0001 -0.0000 0.0000 0.0000 177.9723 -4.6010 0.1173 -1.9092 -6.5915 -18.2128 31.8673 71.1866 -30.7245 -0.0000 25.3510 0.0000 179.6627 3.3298 -4.5334 -0.0833 -2.9036 -0.0239 -1.8907 62.3905 6.3914 -0.0001 25.3508 0.0000
15.6158 96.0523 -35.1962 -2.1016 -2.7282 -6.7456 1.7721 -0.6093 -1.6177 1.7730 -0.6095 -1.6184 1.7774 -0.6112 -1.6225 -88.4737 -10.8685 87.3759 0.2398 54.9207 25.4034 24.2611 18.2955 -33.5209 -0.7486 1.0377 -0.2682 0.0001 0.0000 0.0000 -0.0000 0.0000 0.0000 -0.0008 -0.0013 -0.0000 0.0001 -0.0004 0.0000 -0.0000 0.0000 0.0000 -0.0000 0.0000 0.0000 -0.0000 0.0002 0.0000 0.0003 -0.0006 0.0000 -0.0006 0.0004 0.0000 0.0001 0.0000 0.0000 -0.0000 0.0000 0.0000 -0.0002 -0.0010 -0.0000 30.0001 0.0002 -0.0001 -29.9998 0.0005 0.0001 -0.0000 0.0000 0.0000 -1.5681 -0.4378 0.0801 -1.5681 -0.4378 0.0801 88.3676 -19.6873 -87.4301 -25.8990 58.9043 31.2308 -59.2308 -1.5337 54.0734 6.5259 -2.8351 1.9846 0.0001 -0.0001 0.0000 -0.0000 0.0000 0.0000 0.0003 -0.0006 0.0000 0.0001 -0.0001 0.0000 -0.0000 0.0000 0.0000 -0.0000 0.0000 0.0000 0.0001 0.0007 -0.0000 0.0001 -0.0011 0.0000 0.0003 -0.0008 0.0000 -0.0000 0.0001 0.0000 -0.0000 0.0000 0.0000 -0.0000 -0.0008 0.0000 -29.9996 0.0002 0.0001 29.9996 -0.0003 0.0001 -0.0000 0.0000 0.0000 177.8574 -4.7066 -0.1006 -1.9665 -6.5743 -18.8134 32.5479 71.0565 -31.4114 -0.0000 25.3510 0.0000 179.7549 3.7389 -4.9948 -0.0837 -3.5145 -0.0302 -0.7052 62.4942 5.0616 -0.0001 25.3508 0.0000
15.6668 96.0034 -35.3846 -2.1502 -2.8302 -7.8265 1.8629 -0.5484 -1.7814 1.8639 -0.5486 -1.7823 1.8684 -0.5501 -1.7866 -88.5598 -10.6558 87.3846 -2.5258 55.2591 27.0355 19.4749 18.9342 -33.0267 -0.6362 0.9757 -0.1900 0.0001 0.0000 0.0000 -0.0000 0.0000 0.0000 -0.0008 -0.0013 -0.0000 0.0001 -0.0004 0.0000 -0.0000 0.0000 0.0000 -0.0000 0.0000 0.0000 -0.0000 0.0003 0.0000 0.0003 -0.0006 0.0000 -0.0006 0.0004 0.0000 0.0001 0.0000 0.0000 -0.0000 0.0000 0.0000 -0.0002 -0.0010 -0.0000 30.0001 0.0002 -0.0001 -29.9998 0.0005 0.0002 -0.0000 0.0000 0.0000 -1.5936 -0.5340 0.1066 -1.5936 -0.5340 0.1067 88.3508 -19.6183 -87.3465 -29.2644 57.4585 33.7533 -62.5612 0.3721 50.7357 7.3638 -2.8020 2.3498 0.0001 -0.0001 0.0000 -0.0000 0.0000 0.0000 0.0003 -0.0006 0.0000 0.0001 -0.0001 0.0000 -0.0000 0.0000 0.0000 -0.0000 0.0000 0.0000 0.0001 0.0007 -0.0000 0.0001 -0.0012 0.0000 0.0003 -0.0008 0.0000 -0.0000 0.0001 0.0000 -0.0000 0.0000 0.0000 -0.0000 -0.0008 0.0000 -29.9997 0.0002 0.0001 29.9996 -0.0003 0.0001 -0.0000 0.0000 0.0000 177.7440 -4.8033 -0.2950 -2.0206 -6.5518 -19.4154 33.1579 70.9276 -32.0400 -0.0000 25.3510 0.0000 179.8526 4.1602 -5.4300 -0.0840 -4.1060 -0.0364 0.4770 62.5637 3.7316 -0.0001 25.3508 0.0000
15.7034 95.9620 -35.5543 -2.1828 -2.9115 -8.8385 1.9338 -0.5036 -1.9148 1.9349 -0.5038 -1.9159 1.9396 -0.5052 -1.9205 -88.6028 -10.5492 87.4600 -4.9945 55.5148 28.4573 14.7572 19.2611 -33.1557 -0.5618 0.9357 -0.1270 0.0001 0.0000 0.0000 -0.0000 0.0000 0.0000 -0.0008 -0.0013 -0.0000 0.0001 -0.0004 0.0000 -0.0000 0.0000 0.0000 -0.0000 0.0000 0.0000 -0.0000 0.0002 0.0000 0.0003 -0.0006 0.0000 -0.0006 0.0004 0.0000 0.0001 0.0000 0.0000 -0.0000 0.0000 0.0000 -0.0002 -0.0010 -0.0000 30.0001 0.0002 -0.0001 -29.9998 0.0005 0.0002 -0.0000 0.0000 0.0000 -1.6017 -0.6008 0.1114 -1.6017 -0.6008 0.1114 88.3226 -19.5181 -87.2634 -31.7003 56.4740 35.4727 -65.5851 2.3924 47.2974 7.7087 -2.4610 2.5601 0.0001 -0.0001 0.0000 -0.0000 0.0000 0.0000 0.0003 -0.0006 0.0000 0.0001 -0.0001 0.0000 -0.0000 0.0000 0.0000 -0.0000 0.0000 0.0000 0.0001 0.0007 -0.0000 0.0001 -0.0012 0.0000 0.0003 -0.0008 0.0000 -0.0000 0.0001 0.0000 -0.0000 0.0000 0.0000 -0.0000 -0.0009 0.0000 -29.9996 0.0002 0.0001 29.9996 -0.0003 0.0001 -0.0000 0.0000 0.0000 177.6276 -4.8850 -0.4524 -2.0706 -6.5156 -20.0034 33.6919 70.7967 -32.6045 -0.0000 25.3510 0.0000 179.9417 4.5447 -5.8211 -0.0844 -4.6063 -0.0413 1.6360 62.5873 2.4334 -0.0001 25.3508 0.0000
15.7361 95.9264 -35.6871 -2.2027 -2.9773 -9.7754 1.9866 -0.4770 -2.0214 1.9877 -0.4773 -2.0227 1.9925 -0.4785 -2.0275 -88.6270 -10.4594 87.5824 -7.3359 55.6617 29.8462 10.2725 19.3602 -34.0222 -0.5147 0.9141 -0.0743 0.0001 0.0000 0.0000 -0.0000 0.0000 0.0000 -0.0008 -0.0013 -0.0000 0.0001 -0.0004 0.0000 -0.0000 0.0000 0.0000 -0.0000 0.0000 0.0000 -0.0000 0.0003 0.0000 0.0003 -0.0006 0.0000 -0.0006 0.0004 0.0000 0.0001 0.0000 0.0000 -0.0000 0.0000 0.0000 -0.0002 -0.0010 -0.0000 30.0001 0.0002 -0.0001 -29.9998 0.0005 0.0002 -0.0000 0.0000 0.0000 -1.5975 -0.6281 0.0971 -1.5975 -0.6281 0.0971 88.2923 -19.3899 -87.2082 -33.6859 55.5772 36.7980 -68.3499 4.4223 43.9367 7.8960 -2.0313 2.7188 0.0001 -0.0001 0.0000 -0.0000 0.0000 0.0000 0.0003 -0.0006 0.0000 0.0001 -0.0001 0.0000 -0.0000 0.0000 0.0000 -0.0000 0.0000 0.0000 0.0001 0.0007 -0.0000 0.0001 -0.0011 0.0000 0.0003 -0.0008 0.0000 -0.0000 0.0001 0.0000 -0.0000 0.0000 0.0000 -0.0000 -0.0009 0.0000 -29.9996 0.0002 0.0001 29.9995 -0.0003 0.0001 -0.0000 0.0000 0.0000 177.5153 -4.9640 -0.5851 -2.1211 -6.4610 -20.5557 34.1785 70.6662 -33.1256 -0.0000 25.3510 0.0000 -179.9920 4.8496 -6.1708 -0.0847 -4.9353 -0.0450 2.7501 62.5270 1.2038 -0.0001 25.3508 0.0000
15.7716 95.8974 -35.7885 -2.2139 -3.0318 -10.6355 2.0237 -0.4648 -2.1015 2.0251 -0.4651 -2.1029 2.0298 -0.4663 -2.1079 -88.6363 -10.3530 87.7249 -9.5744 55.7400 31.1295 5.9827 19.3313 -35.5733 -0.4892 0.9053 -0.0276 0.0001 0.0000 0.0000 -0.0000 0.0000 0.0000 -0.0008 -0.0013 -0.0000 0.0001 -0.0004 0.0000 -0.0000 0.0000 0.0000 -0.0000 0.0000 0.0000 -0.0000 0.0002 0.0000 0.0003 -0.0006 0.0000 -0.0006 0.0004 0.0000 0.0001 0.0000 0.0000 -0.0000 0.0000 0.0000 -0.0002 -0.0010 -0.0000 30.0001 0.0002 -0.0001 -29.9998 0.0005 0.0002 -0.0000 0.0000 0.0000 -1.5819 -0.6271 0.0683 -1.5819 -0.6271 0.0683 88.2701 -19.2859 -87.1677 -35.3914 54.6628 37.8308 -70.8881 6.4215 40.7153 8.0268 -1.5681 2.8634 0.0001 -0.0001 0.0000 -0.0000 0.0000 0.0000 0.0003 -0.0006 0.0000 0.0001 -0.0001 0.0000 -0.0000 0.0000 0.0000 -0.0000 0.0000 0.0000 0.0001 0.0007 -0.0000 0.0001 -0.0011 0.0000 0.0003 -0.0008 0.0000 -0.0000 0.0002 0.0000 -0.0000 0.0000 0.0000 -0.0000 -0.0009 0.0000 -29.9997 0.0002 0.0001 29.9996 -0.0003 0.0001 -0.0000 0.0000 0.0000 177.4112 -5.0460 -0.7053 -2.1704 -6.3929 -21.0692 34.6026 70.5492 -33.5856 -0.0000 25.3510 0.0000 -179.9492 5.0788 -6.4788 -0.0849 -5.1125 -0.0481 3.8049 62.3964 0.0576 -0.0001 25.3508 0.0000
15.8010 95.8674 -35.8740 -2.2231 -3.0712 -11.3658 2.0453 -0.4679 -2.1489 2.0467 -0.4682 -2.1504 2.0515 -0.4694 -2.1553 -88.6370 -10.2333 87.8594 -11.5633 55.7558 31.9515 1.8657 19.1806 -38.1157 -0.4941 0.9026 0.0148 0.0001 0.0000 0.0000 -0.0000 0.0000 0.0000 -0.0008 -0.0013 -0.0000 0.0001 -0.0004 0.0000 -0.0000 0.0000 0.0000 -0.0000 0.0000 0.0000 -0.0000 0.0002 0.0000 0.0003 -0.0006 0.0000 -0.0006 0.0004 0.0000 0.0001 0.0000 0.0000 -0.0000 0.0000 0.0000 -0.0002 -0.0010 -0.0000 30.0001 0.0002 -0.0001 -29.9998 0.0005 0.0002 -0.0000 0.0000 0.0000 -1.5512 -0.5989 0.0245 -1.5512 -0.5989 0.0245 88.2479 -19.2114 -87.1395 -36.7567 53.7136 38.4669 -73.1392 8.2420 37.6729 8.1042 -1.0791 2.9948 0.0001 -0.0001 0.0000 -0.0000 0.0000 0.0000 0.0002 -0.0006 0.0000 0.0001 -0.0001 0.0000 -0.0000 0.0000 0.0000 -0.0000 0.0000 0.0000 0.0001 0.0007 -0.0000 0.0001 -0.0012 0.0000 0.0003 -0.0008 0.0000 -0.0000 0.0001 0.0000 -0.0000 0.0000 0.0000 -0.0000 -0.0009 0.0000 -29.9996 0.0002 0.0001 29.9996 -0.0003 0.0001 -0.0000 0.0000 0.0000 177.3277 -5.1321 -0.8291 -2.2146 -6.3088 -21.4998 34.9287 70.4636 -33.9374 -0.0000 25.3510 0.0000 -179.9182 5.2480 -6.7349 -0.0849 -5.1480 -0.0497 4.7011 62.1957 -0.9049 -0.0001 25.3508 0.0000
15.8228 95.8387 -35.9550 -2.2341 -3.1069 -11.9699 2.0596 -0.4739 -2.1852 2.0611 -0.4742 -2.1867 2.0658 -0.4753 -2.1917 -88.6480 -10.1408 87.9722 -13.3033 55.7880 32.0616 -2.1352 19.0148 -41.4395 -0.5267 0.8915 0.0538 0.0001 0.0000 0.0000 -0.0000 0.0000 0.0000 -0.0008 -0.0013 -0.0000 0.0001 -0.0004 0.0000 -0.0000 0.0000 0.0000 -0.0000 0.0000 0.0000 -0.0000 0.0002 0.0000 0.0003 -0.0006 0.0000 -0.0006 0.0004 0.0000 0.0001 0.0000 0.0000 -0.0000 0.0000 0.0000 -0.0002 -0.0010 -0.0000 30.0001 0.0002 -0.0001 -29.9998 0.0005 0.0002 -0.0000 0.0000 0.0000 -1.5134 -0.5600 -0.0324 -1.5134 -0.5600 -0.0324 88.2016 -19.1262 -87.1300 -37.9056 52.7551 38.8484 -75.1499 9.9857 34.8724 8.1247 -0.5867 3.1178 0.0001 -0.0001 0.0000 -0.0000 0.0000 0.0000 0.0003 -0.0006 0.0000 0.0001 -0.0001 0.0000 -0.0000 0.0000 0.0000 -0.0000 0.0000 0.0000 0.0001 0.0007 -0.0000 0.0001 -0.0012 0.0000 0.0003 -0.0008 0.0000 -0.0000 0.0001 0.0000 -0.0000 0.0000 0.0000 -0.0000 -0.0008 0.0000 -29.9997 0.0002 0.0001 29.9996 -0.0003 0.0001 -0.0000 0.0000 0.0000 177.2649 -5.2185 -0.9537 -2.2516 -6.2136 -21.8380 35.1791 70.3922 -34.2004 -0.0000 25.3511 0.0000 -179.8840 5.3896 -6.9535 -0.0850 -5.1409 -0.0502 5.3959 61.9820 -1.6560 -0.0001 25.3508 0.0000
15.8346 95.8134 -36.0375 -2.2489 -3.1440 -12.4549 2.0670 -0.4803 -2.2065 2.0685 -0.4806 -2.2080 2.0732 -0.4818 -2.2131 -90.0000 -11.7361 90.0000 -14.8939 55.8539 31.4133 -5.9185 18.8177 -45.3652 -0.5825 0.8628 0.0882 0.0001 0.0000 0.0000 -0.0000 0.0000 0.0000 -0.0008 -0.0013 -0.0000 0.0001 -0.0004 0.0000 -0.0000 0.0000 0.0000 -0.0000 0.0000 0.0000 -0.0001 0.0002 0.0000 0.0003 -0.0006 0.0000 -0.0006 0.0004 0.0000 0.0001 0.0000 0.0000 -0.0000 0.0000 0.0000 -0.0002 -0.0010 -0.0000 30.0001 0.0002 -0.0001 -29.9998 0.0005 0.0002 -0.0000 0.0000 0.0000 -1.4735 -0.5134 -0.1058 -1.4735 -0.5134 -0.1058 88.1308 -19.0531 -87.1450 -38.8754 51.8258 39.0268 -76.9273 11.7251 32.3581 8.0701 -0.1203 3.2200 0.0001 -0.0001 0.0000 -0.0000 0.0000 0.0000 0.0003 -0.0006 0.0000 0.0001 -0.0001 0.0000 -0.0000 0.0000 0.0000 -0.0000 0.0000 0.0000 0.0001 0.0007 -0.0000 0.0001 -0.0012 0.0000 0.0003 -0.0008 0.0000 -0.0000 0.0001 0.0000 -0.0000 0.0000 0.0000 -0.0000 -0.0009 0.0000 -29.9996 0.0002 0.0001 29.9996 -0.0003 0.0001 -0.0000 0.0000 0.0000 177.2252 -5.3029 -1.0658 -2.2843 -6.1135 -22.0997 35.3551 70.3299 -34.3813 -0.0000 25.3510 0.0000 -179.8419 5.5139 -7.1365 -0.0849 -5.1089 -0.0499 5.8955 61.7608 -2.2078 -0.0001 25.3508 0.0000
15.8336 95.7937 -36.1342 -2.2711 -3.1918 -12.7649 2.0643 -0.4869 -2.2137 2.0658 -0.4872 -2.2153 2.0705 -0.4885 -2.2203 -90.0000 -11.6459 90.0000 -16.3379 55.9772 29.3925 -9.2164 18.3713 -49.8835 -0.6667 0.7965 0.1126 0.0001 0.0000 0.0000 -0.0000 0.0000 0.0000 -0.0008 -0.0013 -0.0000 0.0001 -0.0004 0.0000 -0.0000 0.0000 0.0000 -0.0000 0.0000 0.0000 -0.0000 0.0002 0.0000 0.0003 -0.0006 0.0000 -0.0006 0.0004 0.0000 0.0001 0.0000 0.0000 -0.0000 0.0000 0.0000 -0.0002 -0.0010 -0.0000 30.0001 0.0002 -0.0001 -29.9998 0.0005 0.0002 -0.0000 0.0000 0.0000 -1.4299 -0.4561 -0.1875 -1.4299 -0.4561 -0.1875 88.0271 -19.0155 -87.1773 -39.6060 50.9398 38.9109 -78.3646 13.4758 30.3134 7.9580 0.3100 3.3181 0.0001 -0.0001 0.0000 -0.0000 0.0000 0.0000 0.0003 -0.0006 0.0000 0.0001 -0.0001 0.0000 -0.0000 0.0000 0.0000 -0.0000 0.0000 0.0000 0.0001 0.0007 -0.0000 0.0001 -0.0012 0.0000 0.0003 -0.0008 0.0000 -0.0000 0.0001 0.0000 -0.0000 0.0000 0.0000 -0.0000 -0.0009 0.0000 -29.9996 0.0002 0.0001 29.9996 -0.0003 0.0001 -0.0000 0.0000 0.0000 177.2194 -5.3851 -1.1441 -2.3127 -6.0158 -22.2655 35.4083 70.2779 -34.4367 -0.0000 25.3510 0.0000 -179.7954 5.6101 -7.2575 -0.0849 -5.0530 -0.0486 6.1465 61.5426 -2.5025 -0.0001 25.3508 0.0000
15.8329 95.7777 -36.2419 -2.2958 -3.2587 -12.9387 2.0528 -0.4922 -2.2129 2.0542 -0.4925 -2.2145 2.0590 -0.4938 -2.2196 -90.0000 -11.5990 90.0000 -17.7213 56.1421 26.2533 -11.8133 17.5702 -54.7012 -0.7607 0.6900 0.1253 0.0001 0.0000 0.0000 -0.0000 0.0000 0.0000 -0.0008 -0.0013 -0.0000 0.0001 -0.0004 0.0000 -0.0000 0.0000 0.0000 -0.0000 0.0000 0.0000 -0.0000 0.0002 0.0000 0.0003 -0.0006 0.0000 -0.0006 0.0004 0.0000 0.0001 0.0000 0.0000 -0.0000 0.0000 0.0000 -0.0002 -0.0010 -0.0000 30.0001 0.0002 -0.0001 -29.9998 0.0005 0.0002 -0.0000 0.0000 0.0000 -1.3772 -0.3860 -0.2710 -1.3772 -0.3860 -0.2710 87.8914 -18.9640 -87.2188 -40.1229 50.1209 38.5062 -79.4713 15.2227 28.7068 7.7988 0.7045 3.4140 0.0001 -0.0001 0.0000 -0.0000 0.0000 0.0000 0.0003 -0.0006 0.0000 0.0001 -0.0001 0.0000 -0.0000 0.0000 0.0000 -0.0000 0.0000 0.0000 0.0001 0.0007 -0.0000 0.0001 -0.0012 0.0000 0.0003 -0.0008 0.0000 -0.0000 0.0002 0.0000 -0.0000 0.0000 0.0000 -0.0000 -0.0009 0.0000 -29.9997 0.0002 0.0001 29.9996 -0.0003 0.0001 -0.0000 0.0000 0.0000 177.2241 -5.4642 -1.1804 -2.3316 -5.9326 -22.3683 35.3769 70.2301 -34.4103 -0.0000 25.3510 0.0000 -179.7685 5.6476 -7.3214 -0.0848 -4.9382 -0.0473 6.2452 61.3146 -2.6258 -0.0001 25.3508 0.0000
15.8422 95.7618 -36.3553 -2.3196 -3.3466 -13.0008 2.0345 -0.4947 -2.2052 2.0359 -0.4951 -2.2067 2.0406 -0.4963 -2.2118 -90.0000 -11.6041 90.0000 -19.1083 56.3701 22.3823 -13.5182 16.3425 -59.7862 -0.8465 0.5457 0.1260 0.0001 0.0000 0.0000 -0.0000 0.0000 0.0000 -0.0008 -0.0013 -0.0000 0.0001 -0.0004 0.0000 -0.0000 0.0000 0.0000 -0.0000 0.0000 0.0000 -0.0000 0.0002 0.0000 0.0003 -0.0006 0.0000 -0.0006 0.0004 0.0000 0.0001 0.0000 0.0000 -0.0000 0.0000 0.0000 -0.0002 -0.0010 -0.0000 30.0001 0.0002 -0.0001 -29.9998 0.0005 0.0002 -0.0000 0.0000 0.0000 -1.3184 -0.3012 -0.3635 -1.3184 -0.3012 -0.3635 87.7317 -18.8983 -87.2668 -40.4673 49.3626 37.8092 -80.2451 16.9144 27.4815 7.5999 1.0648 3.5054 0.0001 -0.0001 0.0000 -0.0000 0.0000 0.0000 0.0003 -0.0006 0.0000 0.0001 -0.0001 0.0000 -0.0000 0.0000 0.0000 -0.0000 0.0000 0.0000 0.0001 0.0007 -0.0000 0.0001 -0.0012 0.0000 0.0003 -0.0008 0.0000 -0.0000 0.0001 0.0000 -0.0000 0.0000 0.0000 -0.0000 -0.0009 0.0000 -29.9996 0.0002 0.0001 29.9996 -0.0003 0.0001 -0.0000 0.0000 0.0000 177.2346 -5.5380 -1.1675 -2.3428 -5.8689 -22.4312 35.2851 70.1841 -34.3276 -0.0000 25.3510 0.0000 -179.7724 5.6156 -7.3326 -0.0847 -4.7485 -0.0463 6.2429 61.0691 -2.6245 -0.0001 25.3508 0.0000
15.8710 95.7451 -36.4712 -2.3420 -3.4664 -12.9248 2.0114 -0.4890 -2.1875 2.0128 -0.4893 -2.1890 2.0174 -0.4906 -2.1940 -90.0000 -11.6974 90.0000 -20.5196 56.7024 17.9857 -13.7245 14.4748 -65.4007 -0.9167 0.3627 0.1112 0.0001 0.0000 0.0000 -0.0000 0.0000 0.0000 -0.0008 -0.0013 -0.0000 0.0001 -0.0004 0.0000 -0.0000 0.0000 0.0000 -0.0000 0.0000 0.0000 -0.0000 0.0002 0.0000 0.0003 -0.0006 0.0000 -0.0006 0.0004 0.0000 0.0001 0.0000 0.0000 -0.0000 0.0000 0.0000 -0.0002 -0.0010 -0.0000 30.0001 0.0002 -0.0001 -29.9998 0.0005 0.0002 -0.0000 0.0000 0.0000 -1.2650 -0.2019 -0.4341 -1.2650 -0.2019 -0.4341 87.5478 -18.8079 -87.3054 -40.5869 48.6830 36.6425 -80.4637 18.4397 26.7184 7.3634 1.3860 3.5861 0.0001 0.0000 0.0000 -0.0000 0.0000 0.0000 0.0003 -0.0006 0.0000 0.0001 0.0000 0.0000 -0.0000 0.0000 0.0000 -0.0000 0.0000 0.0000 0.0001 0.0007 -0.0000 0.0001 -0.0012 0.0000 0.0003 -0.0008 0.0000 -0.0000 0.0002 0.0000 -0.0000 0.0000 0.0000 -0.0000 -0.0008 0.0000 -29.9996 0.0002 0.0001 29.9996 -0.0003 0.0001 -0.0000 0.0000 0.0000 177.2513 -5.6119 -1.0945 -2.3426 -5.8320 -22.4591 35.0822 70.1461 -34.1439 -0.0000 25.3510 0.0000 -179.8168 5.4774 -7.2871 -0.0845 -4.4427 -0.0451 6.1110 60.7917 -2.4588 -0.0001 25.3507 0.0000
15.9016 95.7291 -36.5881 -2.3642 -3.6085 -12.7610 1.9876 -0.4735 -2.1605 1.9890 -0.4738 -2.1620 1.9936 -0.4750 -2.1669 -90.0000 -11.8585 90.0000 -21.8397 57.0892 13.8199 -12.6688 12.2161 -71.1280 -0.9613 0.1715 0.0896 0.0001 0.0000 0.0000 -0.0000 0.0000 0.0000 -0.0008 -0.0013 -0.0000 0.0001 -0.0004 0.0000 -0.0000 0.0000 0.0000 -0.0000 0.0000 0.0000 -0.0000 0.0002 0.0000 0.0003 -0.0006 0.0000 -0.0006 0.0004 0.0000 0.0001 0.0000 0.0000 -0.0000 0.0000 0.0000 -0.0002 -0.0010 -0.0000 30.0001 0.0002 -0.0001 -29.9998 0.0005 0.0002 -0.0000 0.0000 0.0000 -1.2170 -0.1064 -0.4781 -1.2170 -0.1064 -0.4781 87.3604 -18.7010 -87.3231 -40.5571 48.0623 35.1021 -80.1186 19.7437 26.1722 7.1020 1.6888 3.6492 0.0001 -0.0001 0.0000 -0.0000 0.0000 0.0000 0.0003 -0.0006 0.0000 0.0001 -0.0001 0.0000 -0.0000 0.0000 0.0000 -0.0000 0.0000 0.0000 0.0001 0.0007 -0.0000 0.0001 -0.0012 0.0000 0.0003 -0.0008 0.0000 -0.0000 0.0001 0.0000 -0.0000 0.0000 0.0000 -0.0000 -0.0009 0.0000 -29.9996 0.0002 0.0001 29.9996 -0.0003 0.0001 -0.0000 0.0000 0.0000 177.2660 -5.6988 -1.0041 -2.3318 -5.8097 -22.4612 34.7762 70.1210 -33.8640 -0.0000 25.3510 0.0000 -179.8737 5.2832 -7.2189 -0.0843 -4.1002 -0.0429 5.8791 60.5148 -2.1724 -0.0001 25.3508 0.0000
15.9266 95.7152 -36.7010 -2.3840 -3.7673 -12.5292 1.9617 -0.4496 -2.1252 1.9630 -0.4499 -2.1266 1.9676 -0.4509 -2.1315 -90.0000 -12.0652 90.0000 -22.9553 57.5219 10.0613 -10.6825 9.6816 -76.7972 -0.9856 -0.0156 0.0663 0.0001 0.0000 0.0000 -0.0000 0.0000 0.0000 -0.0008 -0.0013 -0.0000 0.0001 -0.0004 0.0000 -0.0000 0.0000 0.0000 -0.0000 0.0000 0.0000 -0.0000 0.0002 0.0000 0.0003 -0.0006 0.0000 -0.0006 0.0004 0.0000 0.0001 0.0000 0.0000 -0.0000 0.0000 0.0000 -0.0002 -0.0010 -0.0000 30.0001 0.0002 -0.0001 -29.9998 0.0005 0.0002 -0.0000 0.0000 0.0000 -1.1705 -0.0247 -0.4975 -1.1705 -0.0247 -0.4975 87.1694 -18.5812 -87.3262 -40.4663 47.5139 33.3341 -79.1956 20.8638 25.6896 6.8223 1.9827 3.6883 0.0001 -0.0001 0.0000 -0.0000 0.0000 0.0000 0.0003 -0.0006 0.0000 0.0001 -0.0001 0.0000 -0.0000 0.0000 0.0000 -0.0000 0.0000 0.0000 0.0001 0.0007 -0.0000 0.0001 -0.0011 0.0000 0.0003 -0.0008 0.0000 -0.0000 0.0001 0.0000 -0.0000 0.0000 0.0000 -0.0000 -0.0009 0.0000 -29.9997 0.0002 0.0001 29.9996 -0.0003 0.0001 -0.0000 0.0000 0.0000 177.2789 -5.7957 -0.9067 -2.3160 -5.8009 -22.4362 34.4025 70.1084 -33.5200 -0.0000 25.3510 0.0000 -179.9374 5.0503 -7.1309 -0.0840 -3.7378 -0.0399 5.5771 60.2406 -1.8030 -0.0001 25.3508 0.0000
15.9468 95.7098 -36.7982 -2.3973 -3.9437 -12.2138 1.9267 -0.4150 -2.0734 1.9279 -0.4152 -2.0747 1.9325 -0.4163 -2.0796 -90.0000 -12.2978 90.0000 -23.5589 57.9794 7.0488 -7.8593 6.8187 -82.1327 -1.0094 -0.1872 0.0440 0.0001 0.0000 0.0000 -0.0000 0.0000 0.0000 -0.0008 -0.0013 -0.0000 0.0001 -0.0004 0.0000 -0.0000 0.0000 0.0000 -0.0000 0.0000 0.0000 -0.0000 0.0002 0.0000 0.0003 -0.0006 0.0000 -0.0006 0.0004 0.0000 0.0001 0.0000 0.0000 -0.0000 0.0000 0.0000 -0.0002 -0.0010 -0.0000 30.0001 0.0002 -0.0001 -29.9998 0.0005 0.0002 -0.0000 0.0000 0.0000 -1.1100 0.0239 -0.4898 -1.1100 0.0239 -0.4898 86.9884 -18.4568 -87.2995 -40.3144 47.1053 31.3914 -77.3360 21.7958 25.1300 6.5291 2.2788 3.6868 0.0001 -0.0001 0.0000 -0.0000 0.0000 0.0000 0.0003 -0.0006 0.0000 0.0001 -0.0001 0.0000 -0.0000 0.0000 0.0000 -0.0000 0.0000 0.0000 0.0001 0.0007 -0.0000 0.0001 -0.0012 0.0000 0.0003 -0.0008 0.0000 -0.0000 0.0001 0.0000 -0.0000 0.0000 0.0000 -0.0000 -0.0009 0.0000 -29.9996 0.0002 0.0001 29.9996 -0.0003 0.0001 -0.0000 0.0000 0.0000 177.2990 -5.8972 -0.8023 -2.3049 -5.8176 -22.3923 33.9224 70.1304 -33.0748 -0.0000 25.3511 0.0000 179.9798 4.7657 -7.0069 -0.0838 -3.3480 -0.0364 5.2085 59.9714 -1.3482 -0.0001 25.3508 0.0000
15.9699 95.7052 -36.8848 -2.4028 -4.1296 -11.8396 1.8787 -0.3737 -2.0030 1.8797 -0.3739 -2.0042 1.8843 -0.3749 -2.0089 -90.0000 -12.5101 90.0000 -23.4601 58.4010 4.4459 -4.8170 3.7290 -86.8368 -1.0489 -0.3481 0.0255 0.0001 0.0000 0.0000 -0.0000 0.0000 0.0000 -0.0008 -0.0013 -0.0000 0.0001 -0.0004 0.0000 -0.0000 0.0000 0.0000 -0.0000 0.0000 0.0000 -0.0000 0.0002 0.0000 0.0003 -0.0006 0.0000 -0.0006 0.0004 0.0000 0.0001 0.0000 0.0000 -0.0000 0.0000 0.0000 -0.0002 -0.0010 -0.0000 30.0001 0.0002 -0.0001 -29.9998 0.0005 0.0002 -0.0000 0.0000 0.0000 -1.0251 0.0439 -0.4776 -1.0251 0.0439 -0.4776 86.8308 -18.3509 -87.2379 -40.0681 46.8114 29.4073 -74.7091 22.6663 24.4304 6.2330 2.5819 3.6514 0.0001 -0.0001 0.0000 -0.0000 0.0000 0.0000 0.0003 -0.0006 0.0000 0.0001 -0.0001 0.0000 -0.0000 0.0000 0.0000 -0.0000 0.0000 0.0000 0.0001 0.0007 -0.0000 0.0001 -0.0012 0.0000 0.0003 -0.0008 0.0000 -0.0000 0.0002 0.0000 -0.0000 0.0000 0.0000 -0.0000 -0.0008 0.0000 -29.9996 0.0002 0.0001 29.9996 -0.0003 0.0001 -0.0000 0.0000 0.0000 177.3275 -5.9967 -0.6993 -2.3063 -5.8544 -22.3444 33.3464 70.1919 -32.5356 -0.0000 25.3510 0.0000 179.8772 4.4353 -6.8524 -0.0836 -2.9227 -0.0329 4.7931 59.7010 -0.8361 -0.0001 25.3508 0.0000
15.9950 95.6998 -36.9698 -2.4010 -4.3233 -11.4148 1.8168 -0.3294 -1.9155 1.8178 -0.3295 -1.9166 1.8222 -0.3304 -1.9212 -90.0000 -12.6909 90.0000 -22.7505 58.7486 2.1210 -1.7152 0.4298 -90.8879 -1.1134 -0.5109 0.0093 0.0001 0.0000 0.0000 -0.0000 0.0000 0.0000 -0.0008 -0.0013 -0.0000 0.0001 -0.0004 0.0000 -0.0000 0.0000 0.0000 -0.0000 0.0000 0.0000 -0.0000 0.0002 0.0000 0.0003 -0.0006 0.0000 -0.0006 0.0004 0.0000 0.0001 0.0000 0.0000 -0.0000 0.0000 0.0000 -0.0002 -0.0010 -0.0000 30.0001 0.0002 -0.0001 -29.9998 0.0005 0.0002 -0.0000 0.0000 0.0000 -0.9114 0.0416 -0.4712 -0.9114 0.0416 -0.4712 86.7040 -18.2663 -87.1429 -39.7355 46.6094 27.4617 -71.4097 23.5446 23.5785 5.9401 2.8906 3.5842 0.0001 -0.0001 0.0000 -0.0000 0.0000 0.0000 0.0003 -0.0006 0.0000 0.0001 -0.0001 0.0000 -0.0000 0.0000 0.0000 -0.0000 0.0000 0.0000 0.0001 0.0007 -0.0000 0.0001 -0.0012 0.0000 0.0003 -0.0008 0.0000 -0.0000 0.0001 0.0000 -0.0000 0.0000 0.0000 -0.0000 -0.0008 0.0000 -29.9997 0.0002 0.0001 29.9996 -0.0003 0.0001 -0.0000 0.0000 0.0000 177.3617 -6.0934 -0.6008 -2.3208 -5.9053 -22.2772 32.7262 70.2814 -31.9519 -0.0000 25.3510 0.0000 179.7719 4.1250 -6.6753 -0.0834 -2.5869 -0.0301 4.3290 59.4902 -0.2764 -0.0001 25.3508 0.0000
16.0179 95.6854 -37.0668 -2.3927 -4.5295 -10.9160 1.7384 -0.2823 -1.8150 1.7393 -0.2825 -1.8158 1.7437 -0.2833 -1.8204 -90.0000 -12.8360 90.0000 -21.3440 58.9548 0.1092 1.3583 -3.0839 -93.9529 -1.2219 -0.6791 -0.0063 0.0001 0.0000 0.0000 -0.0000 0.0000 0.0000 -0.0008 -0.0013 -0.0000 0.0001 -0.0004 0.0000 -0.0000 0.0000 0.0000 -0.0000 0.0000 0.0000 -0.0000 0.0002 0.0000 0.0003 -0.0006 0.0000 -0.0006 0.0004 0.0000 0.0001 0.0000 0.0000 -0.0000 0.0000 0.0000 -0.0002 -0.0010 -0.0000 30.0001 0.0002 -0.0001 -29.9998 0.0005 0.0002 -0.0000 0.0000 0.0000 -0.7658 0.0179 -0.4726 -0.7658 0.0179 -0.4726 86.6233 -18.1956 -87.0035 -39.2906 46.5263 25.6956 -67.1847 24.4596 22.3242 5.6542 3.2207 3.4744 0.0001 -0.0001 0.0000 -0.0000 0.0000 0.0000 0.0003 -0.0006 0.0000 0.0001 -0.0001 0.0000 -0.0000 0.0000 0.0000 -0.0000 0.0000 0.0000 0.0001 0.0007 -0.0000 0.0001 -0.0012 0.0000 0.0003 -0.0008 0.0000 -0.0000 0.0001 0.0000 -0.0000 0.0000 0.0000 -0.0000 -0.0008 0.0000 -29.9996 0.0002 0.0001 29.9996 -0.0002 0.0000 -0.0000 0.0000 0.0000 177.4105 -6.1803 -0.4979 -2.3598 -5.9765 -22.1602 32.1076 70.3960 -31.3615 -0.0000 25.3510 0.0000 179.6860 3.9439 -6.4633 -0.0834 -2.5724 -0.0304 3.7898 59.4565 0.3414 -0.0001 25.3508 0.0000
16.0384 95.6685 -37.1797 -2.3831 -4.7462 -10.3506 1.6529 -0.2333 -1.7076 1.6536 -0.2334 -1.7083 1.6578 -0.2340 -1.7126 -90.0000 -12.9500 90.0000 -19.5123 59.0523 -1.8153 4.4130 -6.8073 -96.1888 -1.3810 -0.8734 -0.0239 0.0001 0.0000 0.0000 -0.0000 0.0000 0.0000 -0.0008 -0.0013 -0.0000 0.0001 -0.0004 0.0000 -0.0000 0.0000 0.0000 -0.0000 0.0000 0.0000 -0.0001 0.0002 0.0000 0.0003 -0.0006 0.0000 -0.0006 0.0004 0.0000 0.0001 0.0000 0.0000 -0.0000 0.0000 0.0000 -0.0002 -0.0010 -0.0000 30.0001 0.0002 -0.0001 -29.9998 0.0005 0.0002 -0.0000 0.0000 0.0000 -0.6126 -0.0108 -0.4872 -0.6126 -0.0108 -0.4872 86.5885 -18.1425 -86.8248 -38.4560 46.9739 23.5551 -62.2680 25.3159 20.5656 4.9784 3.2254 3.0573 0.0001 -0.0001 0.0000 -0.0000 0.0000 0.0000 0.0003 -0.0006 0.0000 0.0001 -0.0001 0.0000 -0.0000 0.0000 0.0000 -0.0000 0.0000 0.0000 0.0001 0.0007 -0.0000 0.0001 -0.0011 0.0000 0.0003 -0.0008 0.0000 -0.0000 0.0001 0.0000 -0.0000 0.0000 0.0000 -0.0000 -0.0009 0.0000 -29.9996 0.0002 0.0001 29.9996 -0.0003 0.0001 -0.0000 0.0000 0.0000 177.4715 -6.2544 -0.3795 -2.4081 -6.0657 -21.9928 31.5113 70.5206 -30.7908 -0.0000 25.3510 0.0000 179.6225 3.8871 -6.2294 -0.0836 -2.8385 -0.0334 3.1645 59.5661 1.0327 -0.0001 25.3508 0.0000
16.0630 95.6498 -37.3044 -2.3739 -4.9752 -9.7156 1.5648 -0.1813 -1.6006 1.5654 -0.1814 -1.6012 1.5695 -0.1819 -1.6054 -90.0000 -13.0484 90.0000 -17.3495 59.0214 -3.7468 7.5364 -10.7075 -97.7520 -1.6206 -1.1226 -0.0476 0.0001 0.0000 0.0000 -0.0000 0.0000 0.0000 -0.0008 -0.0013 -0.0000 0.0001 -0.0004 0.0000 -0.0000 0.0000 0.0000 -0.0000 0.0000 0.0000 -0.0000 0.0002 0.0000 0.0003 -0.0006 0.0000 -0.0006 0.0004 0.0000 0.0001 0.0000 0.0000 -0.0000 0.0000 0.0000 -0.0002 -0.0010 -0.0000 30.0001 0.0002 -0.0001 -29.9998 0.0005 0.0002 -0.0000 0.0000 0.0000 -0.4639 -0.0371 -0.5124 -0.4639 -0.0371 -0.5124 86.5990 -18.1036 -86.6144 -37.4461 47.5737 21.4553 -56.7936 26.0278 18.3351 4.2599 3.1219 2.5845 0.0001 -0.0001 0.0000 -0.0000 0.0000 0.0000 0.0003 -0.0006 0.0000 0.0001 -0.0001 0.0000 -0.0000 0.0000 0.0000 -0.0000 0.0000 0.0000 0.0001 0.0007 -0.0000 0.0001 -0.0011 0.0000 0.0003 -0.0008 0.0000 -0.0000 0.0001 0.0000 -0.0000 0.0000 0.0000 -0.0000 -0.0009 0.0000 -29.9996 0.0002 0.0001 29.9996 -0.0003 0.0001 -0.0000 0.0000 0.0000 177.5405 -6.3232 -0.2355 -2.4574 -6.1687 -21.7753 30.9375 70.6444 -30.2378 -0.0000 25.3510 0.0000 179.5572 3.8249 -5.9557 -0.0837 -3.1237 -0.0365 2.4794 59.6865 1.7814 -0.0001 25.3508 0.0000
16.0999 95.6399 -37.4334 -2.3637 -5.2094 -9.0064 1.4768 -0.1304 -1.4962 1.4773 -0.1305 -1.4967 1.4812 -0.1309 -1.5007 -90.0000 -13.1448 90.0000 -14.9052 58.9041 -5.6984 10.9114 -14.7860 -98.4806 -1.9202 -1.4238 -0.0808 0.0001 0.0000 0.0000 -0.0000 0.0000 0.0000 -0.0008 -0.0013 -0.0000 0.0001 -0.0004 0.0000 -0.0000 0.0000 0.0000 -0.0000 0.0000 0.0000 -0.0000 0.0002 0.0000 0.0003 -0.0006 0.0000 -0.0006 0.0004 0.0000 0.0001 0.0000 0.0000 -0.0000 0.0000 0.0000 -0.0002 -0.0010 -0.0000 30.0001 0.0002 -0.0001 -29.9998 0.0005 0.0002 -0.0000 0.0000 0.0000 -0.3346 -0.0522 -0.5385 -0.3346 -0.0522 -0.5385 86.6800 -18.0538 -86.3629 -36.3496 48.2677 19.5498 -50.5760 26.3168 15.5219 3.5834 2.9892 2.1186 0.0001 -0.0001 0.0000 -0.0000 0.0000 0.0000 0.0002 -0.0006 0.0000 0.0001 -0.0001 0.0000 -0.0000 0.0000 0.0000 -0.0000 0.0000 0.0000 0.0001 0.0007 -0.0000 0.0001 -0.0012 0.0000 0.0003 -0.0008 0.0000 -0.0000 0.0001 0.0000 -0.0000 0.0000 0.0000 -0.0000 -0.0008 0.0000 -29.9996 0.0002 0.0001 29.9996 -0.0002 0.0000 -0.0000 0.0000 0.0000 177.6124 -6.3907 -0.0409 -2.5024 -6.2683 -21.5061 30.4281 70.7450 -29.7363 -0.0000 25.3510 0.0000 179.4724 3.6504 -5.6296 -0.0838 -3.2076 -0.0373 1.7585 59.7161 2.5665 -0.0001 25.3508 0.0000
16.1470 95.6329 -37.5453 -2.3518 -5.4417 -8.2512 1.3895 -0.0825 -1.3862 1.3899 -0.0824 -1.3866 1.3937 -0.0827 -1.3903 -90.0000 -13.2165 90.0000 -12.3173 58.7564 -7.8172 14.5978 -18.9612 -98.3221 -2.2779 -1.7832 -0.1251 0.0001 0.0000 0.0000 -0.0000 0.0000 0.0000 -0.0008 -0.0013 -0.0000 0.0001 -0.0004 0.0000 -0.0000 0.0000 0.0000 -0.0000 0.0000 0.0000 -0.0000 0.0002 0.0000 0.0003 -0.0006 0.0000 -0.0006 0.0004 0.0000 0.0001 0.0000 0.0000 -0.0000 0.0000 0.0000 -0.0002 -0.0010 -0.0000 30.0001 0.0002 -0.0001 -29.9998 0.0005 0.0002 -0.0000 0.0000 0.0000 -0.2190 -0.0545 -0.5713 -0.2190 -0.0545 -0.5713 86.8243 -17.9968 -86.0783 -35.2239 49.0457 17.7915 -43.9300 26.0157 12.4811 2.9783 2.8276 1.6882 0.0001 -0.0001 0.0000 -0.0000 0.0000 0.0000 0.0003 -0.0006 0.0000 0.0001 -0.0001 0.0000 -0.0000 0.0000 0.0000 -0.0000 0.0000 0.0000 0.0001 0.0007 -0.0000 0.0001 -0.0012 0.0000 0.0003 -0.0008 0.0000 -0.0000 0.0001 0.0000 -0.0000 0.0000 0.0000 -0.0000 -0.0009 0.0000 -29.9996 0.0002 0.0001 29.9996 -0.0003 0.0001 -0.0000 0.0000 0.0000 177.6877 -6.4518 0.1767 -2.5397 -6.3665 -21.1871 29.9520 70.8172 -29.2551 -0.0000 25.3510 0.0000 179.3724 3.3845 -5.2556 -0.0838 -3.1395 -0.0362 1.0626 59.6900 3.3299 -0.0001 25.3508 0.0000
16.1979 95.6296 -37.6426 -2.3353 -5.6707 -7.4634 1.3021 -0.0364 -1.2661 1.3025 -0.0363 -1.2664 1.3060 -0.0365 -1.2699 -90.0000 -13.2757 90.0000 -9.5426 58.5885 -10.2066 18.6887 -23.1345 -97.2090 -2.6967 -2.2055 -0.1812 0.0001 0.0000 0.0000 -0.0000 0.0000 0.0000 -0.0008 -0.0013 -0.0000 0.0001 -0.0004 0.0000 -0.0000 0.0000 0.0000 -0.0000 0.0000 0.0000 -0.0000 0.0002 0.0000 0.0003 -0.0006 0.0000 -0.0006 0.0004 0.0000 0.0001 0.0000 0.0000 -0.0000 0.0000 0.0000 -0.0002 -0.0010 -0.0000 30.0001 0.0002 -0.0001 -29.9998 0.0005 0.0002 -0.0000 0.0000 0.0000 -0.1139 -0.0445 -0.6123 -0.1139 -0.0445 -0.6123 87.0153 -17.9377 -85.7660 -34.0519 49.8959 16.1315 -37.0748 25.0745 9.4378 2.4509 2.6488 1.3067 0.0001 -0.0001 0.0000 -0.0000 0.0000 0.0000 0.0003 -0.0006 0.0000 0.0001 -0.0001 0.0000 -0.0000 0.0000 0.0000 -0.0000 0.0000 0.0000 0.0001 0.0007 -0.0000 0.0001 -0.0012 0.0000 0.0003 -0.0008 0.0000 -0.0000 0.0001 0.0000 -0.0000 0.0000 0.0000 -0.0000 -0.0008 0.0000 -29.9997 0.0002 0.0001 29.9996 -0.0003 0.0001 -0.0000 0.0000 0.0000 177.7590 -6.5112 0.4063 -2.5653 -6.4611 -20.8370 29.4789 70.8729 -28.7656 -0.0000 25.3510 0.0000 179.2714 3.1403 -4.8384 -0.0837 -3.1382 -0.0356 0.4073 59.7120 4.0535 -0.0001 25.3508 0.0000
16.2500 95.6227 -37.7212 -2.3093 -5.8940 -6.6471 1.2108 0.0066 -1.1262 1.2110 0.0067 -1.1264 1.2144 0.0067 -1.1296 -90.0000 -13.3335 90.0000 -6.4977 58.3978 -12.9630 23.3459 -27.1189 -94.8375 -3.1884 -2.6818 -0.2507 0.0001 0.0000 0.0000 -0.0000 0.0000 0.0000 -0.0008 -0.0013 -0.0000 0.0001 -0.0004 0.0000 -0.0000 0.0000 0.0000 -0.0000 0.0000 0.0000 -0.0000 0.0002 0.0000 0.0003 -0.0006 0.0000 -0.0006 0.0004 0.0000 0.0001 0.0000 0.0000 -0.0000 0.0000 0.0000 -0.0002 -0.0010 -0.0000 30.0001 0.0002 -0.0001 -29.9998 0.0005 0.0002 -0.0000 0.0000 0.0000 -0.0176 -0.0182 -0.6635 -0.0176 -0.0182 -0.6635 87.2626 -17.8884 -85.4293 -32.7766 50.8672 14.6024 -30.1391 23.3576 6.5927 2.0083 2.4601 0.9757 0.0001 -0.0001 0.0000 -0.0000 0.0000 0.0000 0.0003 -0.0006 0.0000 0.0001 -0.0001 0.0000 -0.0000 0.0000 0.0000 -0.0000 0.0000 0.0000 0.0001 0.0007 -0.0000 0.0001 -0.0011 0.0000 0.0003 -0.0008 0.0000 -0.0000 0.0001 0.0000 -0.0000 0.0000 0.0000 -0.0000 -0.0009 0.0000 -29.9997 0.0002 0.0001 29.9995 -0.0003 0.0001 -0.0000 0.0000 0.0000 177.8125 -6.5797 0.6457 -2.5683 -6.5357 -20.4650 28.9879 70.9118 -28.2402 -0.0000 25.3510 0.0000 179.1689 2.9686 -4.3669 -0.0838 -3.3042 -0.0364 -0.1835 59.8314 4.7077 -0.0001 25.3508 0.0000
16.3084 95.6161 -37.7940 -2.2738 -6.1050 -5.8355 1.1165 0.0451 -0.9687 1.1167 0.0452 -0.9689 1.1199 0.0453 -0.9717 -90.0000 -13.3648 90.0000 -3.3833 58.0930 -15.8354 28.5569 -30.6803 -91.4254 -3.7593 -3.2066 -0.3373 0.0001 0.0000 0.0000 -0.0000 0.0000 0.0000 -0.0008 -0.0013 -0.0000 0.0001 -0.0004 0.0000 -0.0000 0.0000 0.0000 -0.0000 0.0000 0.0000 -0.0000 0.0002 0.0000 0.0003 -0.0006 0.0000 -0.0006 0.0004 0.0000 0.0001 0.0000 0.0000 -0.0000 0.0000 0.0000 -0.0002 -0.0010 -0.0000 30.0001 0.0002 -0.0001 -29.9998 0.0005 0.0002 -0.0000 0.0000 0.0000 0.0762 0.0168 -0.7376 0.0762 0.0168 -0.7376 87.5426 -17.8352 -85.0820 -31.4423 51.9374 13.2639 -23.3057 21.0444 4.2912 1.6512 2.2662 0.6983 0.0001 -0.0001 0.0000 -0.0000 0.0000 0.0000 0.0003 -0.0006 0.0000 0.0001 -0.0001 0.0000 -0.0000 0.0000 0.0000 -0.0000 0.0000 0.0000 0.0001 0.0007 -0.0000 0.0001 -0.0012 0.0000 0.0003 -0.0008 0.0000 -0.0000 0.0001 0.0000 -0.0000 0.0000 0.0000 -0.0000 -0.0008 0.0000 -29.9996 0.0002 0.0001 29.9996 -0.0003 0.0001 -0.0000 0.0000 0.0000 177.8526 -6.6515 0.8809 -2.5581 -6.5867 -20.1007 28.4688 70.9412 -27.6739 -0.0000 25.3510 0.0000 179.0612 2.8529 -3.8769 -0.0839 -3.5644 -0.0385 -0.7326 59.9952 5.3136 -0.0001 25.3508 0.0000
16.3720 95.6077 -37.8612 -2.2320 -6.3041 -5.0278 1.0212 0.0795 -0.7977 1.0213 0.0796 -0.7978 1.0242 0.0798 -0.8002 -90.0000 -13.3832 90.0000 -0.2551 57.6599 -18.7057 34.2823 -33.7332 -87.0962 -4.4157 -3.7674 -0.4426 0.0001 0.0000 0.0000 -0.0000 0.0000 0.0000 -0.0008 -0.0013 -0.0000 0.0001 -0.0004 0.0000 -0.0000 0.0000 0.0000 -0.0000 0.0000 0.0000 -0.0000 0.0002 0.0000 0.0003 -0.0006 0.0000 -0.0006 0.0004 0.0000 0.0001 0.0000 0.0000 -0.0000 0.0000 0.0000 -0.0002 -0.0010 -0.0000 30.0001 0.0002 -0.0001 -29.9998 0.0005 0.0002 -0.0000 0.0000 0.0000 0.1656 0.0571 -0.8220 0.1656 0.0571 -0.8220 87.8453 -17.7828 -84.7334 -30.0293 53.0904 12.1227 -16.6672 18.2315 2.6659 1.3718 2.0794 0.4708 0.0001 -0.0001 0.0000 -0.0000 0.0000 0.0000 0.0003 -0.0006 0.0000 0.0001 -0.0001 0.0000 -0.0000 0.0000 0.0000 -0.0000 0.0000 0.0000 0.0001 0.0007 -0.0000 0.0001 -0.0012 0.0000 0.0003 -0.0008 0.0000 -0.0000 0.0001 0.0000 -0.0000 0.0000 0.0000 -0.0000 -0.0009 0.0000 -29.9997 0.0002 0.0001 29.9996 -0.0003 0.0001 -0.0000 0.0000 0.0000 177.8843 -6.7194 1.1048 -2.5380 -6.6239 -19.7371 27.9270 70.9650 -27.0776 -0.0000 25.3510 0.0000 178.9477 2.7219 -3.3969 -0.0841 -3.7785 -0.0402 -1.2965 60.1326 5.9334 -0.0001 25.3508 0.0000
16.4352 95.6022 -37.9260 -2.1865 -6.4875 -4.2191 0.9290 0.1095 -0.6198 0.9291 0.1095 -0.6198 0.9318 0.1098 -0.6216 -90.0000 -13.4027 90.0000 2.7823 57.1113 -21.3619 40.1078 -36.0945 -82.1707 -5.1340 -4.3103 -0.5624 0.0001 0.0000 0.0000 -0.0000 0.0000 0.0000 -0.0008 -0.0013 -0.0000 0.0001 -0.0004 0.0000 -0.0000 0.0000 0.0000 -0.0000 0.0000 0.0000 -0.0000 0.0002 0.0000 0.0003 -0.0006 0.0000 -0.0006 0.0004 0.0000 0.0001 0.0000 0.0000 -0.0000 0.0000 0.0000 -0.0002 -0.0010 -0.0000 30.0001 0.0002 -0.0001 -29.9998 0.0005 0.0002 -0.0000 0.0000 0.0000 0.2362 0.0958 -0.8898 0.2362 0.0958 -0.8898 88.1578 -17.7283 -84.4058 -28.4426 54.3858 11.2391 -10.3474 14.8088 1.9617 1.1700 1.9071 0.2864 0.0001 -0.0001 0.0000 -0.0000 0.0000 0.0000 0.0003 -0.0006 0.0000 0.0001 -0.0001 0.0000 -0.0000 0.0000 0.0000 -0.0000 0.0000 0.0000 0.0001 0.0007 -0.0000 0.0001 -0.0012 0.0000 0.0003 -0.0008 0.0000 -0.0000 0.0001 0.0000 -0.0000 0.0000 0.0000 -0.0000 -0.0009 0.0000 -29.9996 0.0002 0.0001 29.9996 -0.0003 0.0001 -0.0000 0.0000 0.0000 177.9089 -6.7724 1.3105 -2.5062 -6.6564 -19.3649 27.3640 70.9874 -26.4562 -0.0000 25.3510 0.0000 178.8359 2.5574 -2.9464 -0.0841 -3.9018 -0.0412 -1.9266 60.2169 6.6116 -0.0001 25.3508 0.0000
16.4858 95.5940 -37.9995 -2.1390 -6.6541 -3.4109 0.8452 0.1369 -0.4526 0.8452 0.1370 -0.4527 0.8477 0.1374 -0.4540 -90.0000 -13.4436 90.0000 5.5505 56.6281 -23.5818 46.0045 -37.8899 -76.9841 -5.7532 -4.6400 -0.6962 0.0001 0.0000 0.0000 -0.0000 0.0000 0.0000 -0.0008 -0.0013 -0.0000 0.0001 -0.0004 0.0000 -0.0000 0.0000 0.0000 -0.0000 0.0000 0.0000 -0.0000 0.0002 0.0000 0.0003 -0.0006 0.0000 -0.0006 0.0004 0.0000 0.0001 0.0000 0.0000 -0.0000 0.0000 0.0000 -0.0002 -0.0010 -0.0000 30.0001 0.0002 -0.0001 -29.9998 0.0005 0.0002 -0.0000 0.0000 0.0000 0.2802 0.1220 -0.9217 0.2802 0.1220 -0.9217 88.4516 -17.6948 -84.1187 -26.7307 55.8031 10.5612 -4.3972 10.9147 2.3058 1.0310 1.7559 0.1377 0.0001 -0.0001 0.0000 -0.0000 0.0000 0.0000 0.0003 -0.0006 0.0000 0.0001 -0.0001 0.0000 -0.0000 0.0000 0.0000 -0.0000 0.0000 0.0000 0.0001 0.0007 -0.0000 0.0001 -0.0011 0.0000 0.0003 -0.0008 0.0000 -0.0000 0.0001 0.0000 -0.0000 0.0000 0.0000 -0.0000 -0.0009 0.0000 -29.9997 0.0002 0.0001 29.9996 -0.0003 0.0001 -0.0000 0.0000 0.0000 177.9326 -6.8098 1.5317 -2.4725 -6.6848 -19.0096 26.8046 71.0047 -25.8389 -0.0000 25.3510 0.0000 178.7388 2.4024 -2.5362 -0.0842 -4.0049 -0.0417 -2.6404 60.2764 7.3574 -0.0001 25.3508 0.0000
16.5252 95.5842 -38.0822 -2.0912 -6.8036 -2.6045 0.7691 0.1609 -0.2910 0.7692 0.1609 -0.2910 0.7714 0.1614 -0.2919 -90.0000 -13.4490 90.0000 7.9757 56.3261 -25.3546 51.8539 -39.1532 -71.6997 -6.1884 -4.6868 -0.8376 0.0001 0.0000 0.0000 -0.0000 0.0000 0.0000 -0.0008 -0.0013 -0.0000 0.0001 -0.0004 0.0000 -0.0000 0.0000 0.0000 -0.0000 0.0000 0.0000 -0.0000 0.0002 0.0000 0.0003 -0.0006 0.0000 -0.0006 0.0004 0.0000 0.0001 0.0000 0.0000 -0.0000 0.0000 0.0000 -0.0002 -0.0010 -0.0000 30.0001 0.0002 -0.0001 -29.9998 0.0005 0.0002 -0.0000 0.0000 0.0000 0.2997 0.1375 -0.9320 0.2997 0.1375 -0.9320 88.7350 -17.6629 -83.8692 -24.7446 57.3300 9.9460 1.1083 6.7437 3.7805 0.9409 1.6228 0.0178 0.0001 -0.0001 0.0000 -0.0000 0.0000 0.0000 0.0003 -0.0006 0.0000 0.0001 -0.0001 0.0000 -0.0000 0.0000 0.0000 -0.0000 0.0000 0.0000 0.0001 0.0007 -0.0000 0.0001 -0.0012 0.0000 0.0003 -0.0008 0.0000 -0.0000 0.0001 0.0000 -0.0000 0.0000 0.0000 -0.0000 -0.0008 0.0000 -29.9996 0.0002 0.0001 29.9996 -0.0003 0.0001 -0.0000 0.0000 0.0000 177.9597 -6.8276 1.7608 -2.4406 -6.7164 -18.6600 26.2603 71.0169 -25.2387 -0.0000 25.3510 0.0000 178.6579 2.3113 -2.1567 -0.0843 -4.1956 -0.0425 -3.4193 60.3632 8.1538 -0.0001 25.3508 0.0000
16.5599 95.5661 -38.1642 -2.0463 -6.9265 -1.8031 0.7075 0.1731 -0.1436 0.7076 0.1732 -0.1436 0.7096 0.1737 -0.1441 -90.0000 -13.4620 90.0000 10.3107 55.8917 -26.7824 57.3493 -39.9414 -66.5170 -6.6347 -4.6780 -0.9922 0.0001 0.0000 0.0000 -0.0000 0.0000 0.0000 -0.0008 -0.0013 -0.0000 0.0001 -0.0004 0.0000 -0.0000 0.0000 0.0000 -0.0000 0.0000 0.0000 -0.0000 0.0002 0.0000 0.0003 -0.0006 0.0000 -0.0006 0.0004 0.0000 0.0001 0.0000 0.0000 -0.0000 0.0000 0.0000 -0.0002 -0.0010 -0.0000 30.0001 0.0002 -0.0001 -29.9998 0.0005 0.0002 -0.0000 0.0000 0.0000 0.2728 0.1482 -0.8986 0.2728 0.1482 -0.8986 88.9848 -17.6452 -83.7024 -22.3350 59.0138 9.3950 5.9476 2.3456 6.7482 0.9024 1.4998 -0.0768 0.0001 -0.0001 0.0000 -0.0000 0.0000 0.0000 0.0003 -0.0006 0.0000 0.0001 -0.0001 0.0000 -0.0000 0.0000 0.0000 -0.0000 0.0000 0.0000 0.0001 0.0007 -0.0000 0.0001 -0.0011 0.0000 0.0003 -0.0008 0.0000 -0.0000 0.0001 0.0000 -0.0000 0.0000 0.0000 -0.0000 -0.0009 0.0000 -29.9996 0.0002 0.0001 29.9996 -0.0003 0.0001 -0.0000 0.0000 0.0000 177.9961 -6.8176 1.9950 -2.4132 -6.7582 -18.3110 25.7445 71.0276 -24.6713 -0.0000 25.3510 0.0000 178.5921 2.3260 -1.8103 -0.0845 -4.5476 -0.0444 -4.2604 60.5160 9.0041 -0.0001 25.3508 0.0000
16.6003 95.5467 -38.2233 -2.0049 -7.0280 -1.0145 0.6611 0.1777 -0.0117 0.6611 0.1778 -0.0117 0.6631 0.1783 -0.0118 -90.0000 -13.4849 90.0000 12.5233 55.3676 -27.9493 62.5070 -40.2976 -61.5002 -7.0780 -4.6199 -1.1576 0.0001 0.0000 0.0000 -0.0000 0.0000 0.0000 -0.0008 -0.0013 -0.0000 0.0001 -0.0004 0.0000 -0.0000 0.0000 0.0000 -0.0000 0.0000 0.0000 -0.0000 0.0003 0.0000 0.0003 -0.0006 0.0000 -0.0006 0.0004 0.0000 0.0001 0.0000 0.0000 -0.0000 0.0000 0.0000 -0.0002 -0.0010 -0.0000 30.0001 0.0003 -0.0002 -29.9998 0.0005 0.0002 -0.0000 0.0000 0.0000 0.1958 0.1521 -0.8053 0.1958 0.1521 -0.8053 89.1745 -17.6733 -83.6187 -19.7398 60.7669 9.1009 10.2608 -1.9631 10.9293 0.9009 1.3764 -0.1510 0.0001 -0.0001 0.0000 -0.0000 0.0000 0.0000 0.0003 -0.0006 0.0000 0.0001 -0.0001 0.0000 -0.0000 0.0000 0.0000 -0.0000 0.0000 0.0000 0.0001 0.0007 -0.0000 0.0001 -0.0012 0.0000 0.0003 -0.0008 0.0000 -0.0000 0.0001 0.0000 -0.0000 0.0000 0.0000 -0.0000 -0.0009 0.0000 -29.9996 0.0002 0.0001 29.9996 -0.0003 0.0001 -0.0000 0.0000 0.0000 178.0375 -6.7911 2.2211 -2.3862 -6.8043 -17.9562 25.2409 71.0401 -24.1205 -0.0000 25.3510 0.0000 178.5300 2.3876 -1.4837 -0.0847 -4.9770 -0.0467 -5.1097 60.7075 9.8664 -0.0001 25.3508 0.0000
16.6477 95.5286 -38.2536 -1.9663 -7.1113 -0.2448 0.6277 0.1764 0.1055 0.6277 0.1765 0.1055 0.6296 0.1770 0.1058 -90.0000 -13.5174 90.0000 14.5677 54.7731 -28.8783 67.4203 -40.2494 -56.6182 -7.5167 -4.5145 -1.3364 0.0001 0.0000 0.0000 -0.0000 0.0000 0.0000 -0.0008 -0.0013 -0.0000 0.0001 -0.0004 0.0000 -0.0000 0.0000 0.0000 -0.0000 0.0000 0.0000 -0.0000 0.0002 0.0000 0.0003 -0.0006 0.0000 -0.0006 0.0004 0.0000 0.0001 0.0000 0.0000 -0.0000 0.0000 0.0000 -0.0002 -0.0010 -0.0000 30.0001 0.0002 -0.0001 -29.9998 0.0005 0.0002 -0.0000 0.0000 0.0000 0.0799 0.1494 -0.6826 0.0799 0.1494 -0.6826 89.3042 -17.7359 -83.6078 -16.9778 62.5308 9.0965 14.1027 -5.9543 16.0912 0.9221 1.2484 -0.2080 0.0001 -0.0001 0.0000 -0.0000 0.0000 0.0000 0.0003 -0.0006 0.0000 0.0001 -0.0001 0.0000 -0.0000 0.0000 0.0000 -0.0000 0.0000 0.0000 0.0001 0.0007 -0.0000 0.0001 -0.0012 0.0000 0.0003 -0.0008 0.0000 -0.0000 0.0001 0.0000 -0.0000 0.0000 0.0000 -0.0000 -0.0009 0.0000 -29.9997 0.0002 0.0001 29.9996 -0.0003 0.0001 -0.0000 0.0000 0.0000 178.0805 -6.7544 2.4307 -2.3587 -6.8491 -17.5944 24.7471 71.0526 -23.5814 -0.0000 25.3510 0.0000 178.4672 2.4541 -1.1735 -0.0850 -5.4136 -0.0485 -5.9465 60.9077 10.7225 -0.0001 25.3508 0.0000
16.7035 95.5101 -38.2455 -1.9311 -7.1714 0.4808 0.6082 0.1677 0.2030 0.6082 0.1678 0.2030 0.6101 0.1683 0.2036 -90.0000 -13.5604 90.0000 16.2745 54.0909 -29.4919 72.0312 -39.7151 -51.8718 -7.9534 -4.3415 -1.5353 0.0001 0.0000 0.0000 -0.0000 0.0000 0.0000 -0.0008 -0.0013 -0.0000 0.0001 -0.0004 0.0000 -0.0000 0.0000 0.0000 -0.0000 0.0000 0.0000 -0.0001 0.0002 0.0000 0.0003 -0.0006 0.0000 -0.0006 0.0004 0.0000 0.0001 0.0000 0.0000 -0.0000 0.0000 0.0000 -0.0002 -0.0010 -0.0000 30.0001 0.0002 -0.0001 -29.9998 0.0005 0.0002 -0.0000 0.0000 0.0000 -0.0699 0.1438 -0.5266 -0.0699 0.1438 -0.5266 89.3523 -17.8364 -83.6677 -14.0514 64.2794 9.6879 17.1659 -9.3994 22.1819 0.9646 1.0914 -0.2444 0.0001 -0.0001 0.0000 -0.0000 0.0000 0.0000 0.0003 -0.0006 0.0000 0.0001 -0.0001 0.0000 -0.0000 0.0000 0.0000 -0.0000 0.0000 0.0000 0.0001 0.0007 -0.0000 0.0001 -0.0012 0.0000 0.0003 -0.0008 0.0000 -0.0000 0.0001 0.0000 -0.0000 0.0000 0.0000 -0.0000 -0.0009 0.0000 -29.9997 0.0002 0.0001 29.9996 -0.0003 0.0001 -0.0000 0.0000 0.0000 178.1163 -6.7111 2.6007 -2.3217 -6.8846 -17.2315 24.2528 71.0675 -23.0443 -0.0000 25.3510 0.0000 178.4034 2.5272 -0.8921 -0.0853 -5.8564 -0.0500 -6.7437 61.1202 11.5503 -0.0001 25.3508 0.0000
16.7606 95.4905 -38.2183 -1.8955 -7.2133 1.1579 0.5919 0.1537 0.2852 0.5919 0.1538 0.2852 0.5937 0.1542 0.2861 -90.0000 -13.6206 90.0000 17.6795 53.3536 -29.9084 76.1063 -38.6906 -47.4824 -8.3682 -4.1056 -1.7457 0.0001 0.0000 0.0000 -0.0000 0.0000 0.0000 -0.0008 -0.0013 -0.0000 0.0001 -0.0004 0.0000 -0.0000 0.0000 0.0000 -0.0000 0.0000 0.0000 -0.0000 0.0002 0.0000 0.0003 -0.0006 0.0000 -0.0006 0.0004 0.0000 0.0001 0.0000 0.0000 -0.0000 0.0000 0.0000 -0.0002 -0.0010 -0.0000 30.0001 0.0002 -0.0001 -29.9998 0.0005 0.0002 -0.0000 0.0000 0.0000 -0.2085 0.1468 -0.3580 -0.2085 0.1468 -0.3580 89.3509 -17.9321 -83.7298 -11.0661 65.9844 10.7864 19.5488 -12.1065 28.8712 1.0027 0.8985 -0.2614 0.0001 -0.0001 0.0000 -0.0000 0.0000 0.0000 0.0003 -0.0006 0.0000 0.0001 -0.0001 0.0000 -0.0000 0.0000 0.0000 -0.0000 0.0000 0.0000 0.0001 0.0007 -0.0000 0.0001 -0.0011 0.0000 0.0003 -0.0008 0.0000 -0.0000 0.0001 0.0000 -0.0000 0.0000 0.0000 -0.0000 -0.0009 0.0000 -29.9996 0.0002 0.0001 29.9996 -0.0003 0.0001 -0.0000 0.0000 0.0000 178.1385 -6.6643 2.7374 -2.2736 -6.9106 -16.8885 23.7420 71.0875 -22.4941 -0.0000 25.3510 0.0000 178.3393 2.6414 -0.6444 -0.0856 -6.3614 -0.0517 -7.5252 61.3636 12.3723 -0.0001 25.3508 0.0000
16.8146 95.4672 -38.1798 -1.8545 -7.2383 1.7862 0.5728 0.1389 0.3540 0.5728 0.1390 0.3540 0.5744 0.1395 0.3551 -90.0000 -13.7027 90.0000 18.8547 52.5639 -30.1827 79.6686 -37.2583 -43.4851 -8.7554 -3.8143 -1.9653 0.0001 0.0000 0.0000 -0.0000 0.0000 0.0000 -0.0008 -0.0013 -0.0000 0.0001 -0.0004 0.0000 -0.0000 0.0000 0.0000 -0.0000 0.0000 0.0000 -0.0000 0.0002 0.0000 0.0003 -0.0006 0.0000 -0.0006 0.0004 0.0000 0.0001 0.0000 0.0000 -0.0000 0.0000 0.0000 -0.0002 -0.0010 -0.0000 30.0001 0.0003 -0.0002 -29.9998 0.0005 0.0002 -0.0000 0.0000 0.0000 -0.3108 0.1514 -0.1882 -0.3108 0.1514 -0.1882 89.3142 -18.0754 -83.7759 -8.2102 67.6261 12.2747 21.2119 -14.0053 35.8975 1.0177 0.6781 -0.2607 0.0001 -0.0001 0.0000 -0.0000 0.0000 0.0000 0.0003 -0.0006 0.0000 0.0001 -0.0001 0.0000 -0.0000 0.0000 0.0000 -0.0000 0.0000 0.0000 0.0001 0.0007 -0.0000 0.0001 -0.0012 0.0000 0.0003 -0.0008 0.0000 -0.0000 0.0001 0.0000 -0.0000 0.0000 0.0000 -0.0000 -0.0009 0.0000 -29.9996 0.0002 0.0001 29.9996 -0.0003 0.0001 -0.0000 0.0000 0.0000 178.1441 -6.6127 2.8511 -2.2179 -6.9275 -16.5752 23.2206 71.1101 -21.9364 -0.0000 25.3510 0.0000 178.2721 2.7746 -0.4347 -0.0859 -6.8750 -0.0533 -8.3022 61.6073 13.1929 -0.0001 25.3508 0.0000
16.8541 95.4540 -38.1504 -1.8019 -7.2387 2.3325 0.5442 0.1274 0.4082 0.5442 0.1275 0.4082 0.5458 0.1279 0.4094 -90.0000 -13.8149 90.0000 19.7625 51.6760 -30.2661 82.5498 -35.4238 -40.0427 -9.1035 -3.4655 -2.1948 0.0001 0.0000 0.0000 -0.0000 0.0000 0.0000 -0.0008 -0.0013 -0.0000 0.0001 -0.0004 0.0000 -0.0000 0.0000 0.0000 -0.0000 0.0000 0.0000 -0.0000 0.0002 0.0000 0.0003 -0.0006 0.0000 -0.0006 0.0004 0.0000 0.0001 0.0000 0.0000 -0.0000 0.0000 0.0000 -0.0002 -0.0010 -0.0000 30.0001 0.0002 -0.0001 -29.9998 0.0005 0.0002 -0.0000 0.0000 0.0000 -0.3353 0.1513 -0.0358 -0.3353 0.1513 -0.0358 89.2650 -18.1908 -83.7585 -5.2027 69.0636 13.6667 21.7385 -14.8113 43.0832 0.9999 0.4400 -0.2409 0.0001 -0.0001 0.0000 -0.0000 0.0000 0.0000 0.0003 -0.0006 0.0000 0.0001 -0.0001 0.0000 -0.0000 0.0000 0.0000 -0.0000 0.0000 0.0000 0.0001 0.0007 -0.0000 0.0001 -0.0012 0.0000 0.0003 -0.0008 0.0000 -0.0000 0.0001 0.0000 -0.0000 0.0000 0.0000 -0.0000 -0.0008 0.0000 -29.9996 0.0002 0.0001 29.9996 -0.0003 0.0001 -0.0000 0.0000 0.0000 178.1199 -6.5493 2.9397 -2.1536 -6.9310 -16.3125 22.7191 71.1272 -21.4015 -0.0000 25.3510 0.0000 178.1989 2.9025 -0.2810 -0.0862 -7.3088 -0.0535 -9.0426 61.7987 13.9681 -0.0001 25.3508 0.0000
16.8866 95.4494 -38.1309 -1.7418 -7.2206 2.8060 0.5056 0.1202 0.4592 0.5057 0.1203 0.4592 0.5071 0.1206 0.4605 -90.0000 -13.9519 90.0000 20.5981 50.7059 -30.2489 84.8612 -33.3097 -37.1189 -9.4076 -3.0776 -2.4296 0.0001 0.0000 0.0000 -0.0000 0.0000 0.0000 -0.0008 -0.0013 -0.0000 0.0001 -0.0004 0.0000 -0.0000 0.0000 0.0000 -0.0000 0.0000 0.0000 -0.0001 0.0002 0.0000 0.0003 -0.0006 0.0000 -0.0006 0.0004 0.0000 0.0001 0.0000 0.0000 -0.0000 0.0000 0.0000 -0.0002 -0.0010 -0.0000 30.0001 0.0002 -0.0001 -29.9998 0.0005 0.0002 -0.0000 0.0000 0.0000 -0.2941 0.1461 0.0816 -0.2941 0.1461 0.0816 89.2200 -18.3173 -83.6916 -2.0127 70.2668 14.4337 21.3445 -14.8135 50.1426 0.9486 0.2191 -0.2121 0.0001 -0.0001 0.0000 -0.0000 0.0000 0.0000 0.0003 -0.0006 0.0000 0.0001 -0.0001 0.0000 -0.0000 0.0000 0.0000 -0.0000 0.0000 0.0000 0.0001 0.0007 -0.0000 0.0001 -0.0012 0.0000 0.0003 -0.0008 0.0000 -0.0000 0.0001 0.0000 -0.0000 0.0000 0.0000 -0.0000 -0.0009 0.0000 -29.9996 0.0002 0.0001 29.9996 -0.0003 0.0001 -0.0000 0.0000 0.0000 178.0744 -6.4741 3.0198 -2.0854 -6.9306 -16.0951 22.2683 71.1358 -20.9216 -0.0000 25.3510 0.0000 178.1092 2.9536 -0.1646 -0.0863 -7.5567 -0.0536 -9.6980 61.9009 14.6585 -0.0001 25.3508 0.0000
16.9185 95.4536 -38.1212 -1.6800 -7.1872 3.2140 0.4601 0.1176 0.5107 0.4601 0.1177 0.5107 0.4615 0.1180 0.5122 -90.0000 -14.1076 90.0000 21.4553 49.6535 -30.1676 86.6541 -30.9990 -34.7209 -9.6606 -2.6666 -2.6661 0.0001 0.0000 0.0000 -0.0000 0.0000 0.0000 -0.0008 -0.0013 -0.0000 0.0001 -0.0004 0.0000 -0.0000 0.0000 0.0000 -0.0000 0.0000 0.0000 -0.0000 0.0002 0.0000 0.0003 -0.0006 0.0000 -0.0006 0.0004 0.0000 0.0001 0.0000 0.0000 -0.0000 0.0000 0.0000 -0.0002 -0.0010 -0.0000 30.0001 0.0002 -0.0001 -29.9998 0.0005 0.0002 -0.0000 0.0000 0.0000 -0.2078 0.1340 0.1631 -0.2078 0.1340 0.1631 89.1851 -18.4458 -83.6042 1.3026 71.2331 14.4687 20.2351 -14.2695 56.9682 0.8749 0.0306 -0.1812 0.0001 -0.0001 0.0000 -0.0000 0.0000 0.0000 0.0003 -0.0006 0.0000 0.0001 -0.0001 0.0000 -0.0000 0.0000 0.0000 -0.0000 0.0000 0.0000 0.0001 0.0007 -0.0000 0.0001 -0.0012 0.0000 0.0003 -0.0008 0.0000 -0.0000 0.0001 0.0000 -0.0000 0.0000 0.0000 -0.0000 -0.0009 0.0000 -29.9996 0.0002 0.0001 29.9996 -0.0003 0.0001 -0.0000 0.0000 0.0000 178.0170 -6.3882 3.1002 -2.0170 -6.9312 -15.9205 21.8725 71.1372 -20.5010 -0.0000 25.3510 0.0000 178.0075 2.9568 -0.0705 -0.0864 -7.6874 -0.0547 -10.2640 61.9531 15.2627 -0.0001 25.3508 0.0000
16.9532 95.4630 -38.1065 -1.6237 -7.1358 3.5242 0.4114 0.1214 0.5635 0.4115 0.1215 0.5635 0.4127 0.1218 0.5652 -90.0000 -14.2894 90.0000 22.3991 48.5629 -30.0084 87.8571 -28.4496 -32.9923 -9.8479 -2.2558 -2.9004 0.0001 0.0000 0.0000 -0.0000 0.0000 0.0000 -0.0008 -0.0013 -0.0000 0.0001 -0.0004 0.0000 -0.0000 0.0000 0.0000 -0.0000 0.0000 0.0000 -0.0001 0.0002 0.0000 0.0003 -0.0006 0.0000 -0.0006 0.0004 0.0000 0.0001 0.0000 0.0000 -0.0000 0.0000 0.0000 -0.0002 -0.0010 -0.0000 30.0001 0.0002 -0.0001 -29.9998 0.0005 0.0002 -0.0000 0.0000 0.0000 -0.0877 0.1079 0.1979 -0.0877 0.1079 0.1979 89.1703 -18.5692 -83.5380 4.4144 71.8258 13.6261 18.5819 -13.2443 63.4430 0.7976 -0.1171 -0.1528 0.0001 -0.0001 0.0000 -0.0000 0.0000 0.0000 0.0003 -0.0006 0.0000 0.0001 -0.0001 0.0000 -0.0000 0.0000 0.0000 -0.0000 0.0000 0.0000 0.0001 0.0007 -0.0000 0.0001 -0.0012 0.0000 0.0003 -0.0008 0.0000 -0.0000 0.0001 0.0000 -0.0000 0.0000 0.0000 -0.0000 -0.0008 0.0000 -29.9997 0.0002 0.0001 29.9996 -0.0003 0.0001 -0.0000 0.0000 0.0000 177.9576 -6.2897 3.1815 -1.9589 -6.9356 -15.7994 21.5746 71.1271 -20.1828 -0.0000 25.3510 0.0000 177.8999 2.9045 0.0116 -0.0865 -7.7040 -0.0570 -10.6798 61.9812 15.7141 -0.0001 25.3508 0.0000
16.9843 95.4757 -38.0866 -1.5846 -7.0755 3.7501 0.3720 0.1290 0.6139 0.3720 0.1290 0.6139 0.3731 0.1294 0.6157 -90.0000 -14.4962 90.0000 23.3826 47.4568 -29.6119 88.5385 -25.8398 -31.9202 -9.9642 -1.8655 -3.1264 0.0001 0.0000 0.0000 -0.0000 0.0000 0.0000 -0.0008 -0.0013 -0.0000 0.0001 -0.0004 0.0000 -0.0000 0.0000 0.0000 -0.0000 0.0000 0.0000 -0.0000 0.0002 0.0000 0.0003 -0.0006 0.0000 -0.0006 0.0004 0.0000 0.0001 0.0000 0.0000 -0.0000 0.0000 0.0000 -0.0002 -0.0010 -0.0000 30.0001 0.0002 -0.0001 -29.9998 0.0005 0.0002 -0.0000 0.0000 0.0000 0.0247 0.0774 0.2111 0.0247 0.0774 0.2111 89.1723 -18.6660 -83.4946 7.1314 72.1185 12.3411 16.8000 -12.1454 69.2114 0.7283 -0.2260 -0.1302 0.0001 -0.0001 0.0000 -0.0000 0.0000 0.0000 0.0003 -0.0006 0.0000 0.0001 -0.0001 0.0000 -0.0000 0.0000 0.0000 -0.0000 0.0000 0.0000 0.0001 0.0007 -0.0000 0.0001 -0.0011 0.0000 0.0003 -0.0008 0.0000 -0.0000 0.0001 0.0000 -0.0000 0.0000 0.0000 -0.0000 -0.0008 0.0000 -29.9997 0.0002 0.0001 29.9996 -0.0003 0.0001 -0.0000 0.0000 0.0000 177.9108 -6.1899 3.2487 -1.9110 -6.9397 -15.7117 21.3556 71.1063 -19.9414 -0.0000 25.3510 0.0000 177.8124 2.8479 0.0882 -0.0867 -7.6972 -0.0592 -10.9717 62.0208 16.0375 -0.0001 25.3508 0.0000
17.0072 95.4913 -38.0606 -1.5639 -7.0102 3.9030 0.3433 0.1371 0.6601 0.3433 0.1372 0.6602 0.3443 0.1376 0.6621 -90.0000 -14.7311 90.0000 24.3871 46.3667 -28.9265 88.7937 -23.2365 -31.4115 -10.0116 -1.5016 -3.3412 0.0001 0.0000 0.0000 -0.0000 0.0000 0.0000 -0.0008 -0.0013 -0.0000 0.0001 -0.0004 0.0000 -0.0000 0.0000 0.0000 -0.0000 0.0000 0.0000 -0.0000 0.0002 0.0000 0.0003 -0.0006 0.0000 -0.0006 0.0004 0.0000 0.0001 0.0000 0.0000 -0.0000 0.0000 0.0000 -0.0002 -0.0010 -0.0000 30.0001 0.0002 -0.0001 -29.9998 0.0005 0.0002 -0.0000 0.0000 0.0000 0.1209 0.0543 0.2127 0.1209 0.0543 0.2127 89.1838 -18.7399 -83.4785 9.4033 72.1957 10.8859 14.9927 -11.1313 74.3042 0.6711 -0.3076 -0.1127 0.0001 -0.0001 0.0000 -0.0000 0.0000 0.0000 0.0003 -0.0006 0.0000 0.0001 -0.0001 0.0000 -0.0000 0.0000 0.0000 -0.0000 0.0000 0.0000 0.0001 0.0007 -0.0000 0.0001 -0.0012 0.0000 0.0003 -0.0008 0.0000 -0.0000 0.0001 0.0000 -0.0000 0.0000 0.0000 -0.0000 -0.0009 0.0000 -29.9996 0.0002 0.0001 29.9996 -0.0003 0.0001 -0.0000 0.0000 0.0000 177.8769 -6.0935 3.2937 -1.8693 -6.9414 -15.6450 21.2056 71.0765 -19.7648 -0.0000 25.3510 0.0000 177.7482 2.7819 0.1539 -0.0869 -7.6537 -0.0614 -11.1586 62.0593 16.2550 -0.0001 25.3508 0.0000
17.0143 95.5057 -38.0257 -1.5700 -6.9411 3.9502 0.3331 0.1426 0.6982 0.3331 0.1427 0.6982 0.3341 0.1431 0.7003 -90.0000 -15.0034 90.0000 25.4339 45.3451 -27.7955 88.4876 -20.7278 -31.6256 -9.9788 -1.1815 -3.5389 0.0001 0.0000 0.0000 -0.0000 0.0000 0.0000 -0.0008 -0.0013 -0.0000 0.0001 -0.0004 0.0000 -0.0000 0.0000 0.0000 -0.0000 0.0000 0.0000 -0.0001 0.0002 0.0000 0.0003 -0.0006 0.0000 -0.0006 0.0004 0.0000 0.0001 0.0000 0.0000 -0.0000 0.0000 0.0000 -0.0002 -0.0010 -0.0000 30.0001 0.0002 -0.0001 -29.9998 0.0005 0.0002 -0.0000 0.0000 0.0000 0.1859 0.0566 0.2095 0.1859 0.0566 0.2095 89.2093 -18.7869 -83.5256 11.0088 72.0826 9.5089 13.1966 -10.3325 78.2945 0.6339 -0.3652 -0.0999 0.0001 -0.0001 0.0000 -0.0000 0.0000 0.0000 0.0003 -0.0006 0.0000 0.0001 -0.0001 0.0000 -0.0000 0.0000 0.0000 -0.0000 0.0000 0.0000 0.0001 0.0007 -0.0000 0.0001 -0.0011 0.0000 0.0003 -0.0008 0.0000 -0.0000 0.0001 0.0000 -0.0000 0.0000 0.0000 -0.0000 -0.0008 0.0000 -29.9997 0.0002 0.0001 29.9996 -0.0003 0.0001 -0.0000 0.0000 0.0000 177.8586 -6.0038 3.3009 -1.8302 -6.9440 -15.6089 21.1564 71.0372 -19.6832 -0.0000 25.3510 0.0000 177.7304 2.7153 0.1931 -0.0868 -7.5530 -0.0623 -11.2187 62.0747 16.3327 -0.0001 25.3508 0.0000
17.0136 95.5203 -37.9886 -1.5938 -6.8760 3.9096 0.3385 0.1456 0.7266 0.3385 0.1457 0.7265 0.3395 0.1461 0.7287 -90.0000 -15.3017 90.0000 26.4922 44.4516 -26.2578 87.7618 -18.3959 -32.3336 -9.8662 -0.8832 -3.7152 0.0001 0.0000 0.0000 -0.0000 0.0000 0.0000 -0.0008 -0.0013 -0.0000 0.0001 -0.0004 0.0000 -0.0000 0.0000 0.0000 -0.0000 0.0000 0.0000 -0.0000 0.0003 0.0000 0.0003 -0.0006 0.0000 -0.0006 0.0004 0.0000 0.0001 0.0000 0.0000 -0.0000 0.0000 0.0000 -0.0002 -0.0010 -0.0000 30.0001 0.0002 -0.0001 -29.9998 0.0005 0.0002 -0.0000 0.0000 0.0000 0.2227 0.0859 0.2152 0.2227 0.0859 0.2152 89.2437 -18.8115 -83.6046 12.3202 71.8874 8.2469 11.3214 -9.7246 81.3162 0.6106 -0.4097 -0.0891 0.0001 -0.0001 0.0000 -0.0000 0.0000 0.0000 0.0003 -0.0006 0.0000 0.0001 -0.0001 0.0000 -0.0000 0.0000 0.0000 -0.0000 0.0000 0.0000 0.0001 0.0007 -0.0000 0.0001 -0.0012 0.0000 0.0003 -0.0008 0.0000 -0.0000 0.0001 0.0000 -0.0000 0.0000 0.0000 -0.0000 -0.0009 0.0000 -29.9996 0.0002 0.0001 29.9996 -0.0003 0.0001 -0.0000 0.0000 0.0000 177.8490 -5.9235 3.2766 -1.7899 -6.9513 -15.5990 21.1956 70.9946 -19.6921 -0.0000 25.3510 0.0000 177.7502 2.6572 0.2071 -0.0867 -7.4139 -0.0610 -11.1736 62.0622 16.2843 -0.0001 25.3508 0.0000
17.0100 95.5354 -37.9535 -1.6286 -6.8170 3.7913 0.3551 0.1478 0.7479 0.3551 0.1478 0.7479 0.3562 0.1483 0.7501 -88.1435 -13.3977 88.4617 27.4700 43.6890 -24.2864 86.6895 -16.2679 -33.3943 -9.6535 -0.5533 -3.8791 0.0001 0.0000 0.0000 -0.0000 0.0000 0.0000 -0.0008 -0.0013 -0.0000 0.0001 -0.0004 0.0000 -0.0000 0.0000 0.0000 -0.0000 0.0000 0.0000 -0.0000 0.0002 0.0000 0.0003 -0.0006 0.0000 -0.0006 0.0004 0.0000 0.0001 0.0000 0.0000 -0.0000 0.0000 0.0000 -0.0002 -0.0010 -0.0000 30.0001 0.0002 -0.0001 -29.9998 0.0005 0.0002 -0.0000 0.0000 0.0000 0.2388 0.1390 0.2290 0.2388 0.1390 0.2290 89.2875 -18.8205 -83.6954 13.4395 71.6647 7.1173 9.3050 -9.2990 83.5728 0.5971 -0.4468 -0.0792 0.0001 -0.0001 0.0000 -0.0000 0.0000 0.0000 0.0003 -0.0006 0.0000 0.0001 -0.0001 0.0000 -0.0000 0.0000 0.0000 -0.0000 0.0000 0.0000 0.0001 0.0007 -0.0000 0.0001 -0.0012 0.0000 0.0003 -0.0008 0.0000 -0.0000 0.0001 0.0000 -0.0000 0.0000 0.0000 -0.0000 -0.0009 0.0000 -29.9996 0.0002 0.0001 29.9996 -0.0003 0.0001 -0.0000 0.0000 0.0000 177.8449 -5.8551 3.2282 -1.7494 -6.9622 -15.6175 21.3075 70.9535 -19.7793 -0.0000 25.3510 0.0000 177.7930 2.6086 0.1949 -0.0865 -7.2565 -0.0587 -11.0325 62.0347 16.1285 -0.0001 25.3508 0.0000
17.0016 95.5500 -37.9223 -1.6708 -6.7664 3.5666 0.3831 0.1495 0.7605 0.3831 0.1496 0.7605 0.3842 0.1500 0.7628 -87.9291 -13.4946 88.4148 28.4287 43.0942 -21.7686 85.0733 -14.5078 -34.7040 -9.3802 -0.2147 -3.9941 0.0001 0.0000 0.0000 -0.0000 0.0000 0.0000 -0.0008 -0.0013 -0.0000 0.0001 -0.0004 0.0000 -0.0000 0.0000 0.0000 -0.0000 0.0000 0.0000 -0.0000 0.0002 0.0000 0.0003 -0.0006 0.0000 -0.0006 0.0004 0.0000 0.0001 0.0000 0.0000 -0.0000 0.0000 0.0000 -0.0002 -0.0010 -0.0000 30.0001 0.0002 -0.0001 -29.9998 0.0005 0.0002 -0.0000 0.0000 0.0000 0.2294 0.2218 0.2571 0.2294 0.2218 0.2571 89.3384 -18.8215 -83.7971 14.3116 71.4795 6.2174 6.9741 -9.1615 84.9465 0.5971 -0.4804 -0.0701 0.0001 -0.0001 0.0000 -0.0000 0.0000 0.0000 0.0003 -0.0006 0.0000 0.0001 -0.0001 0.0000 -0.0000 0.0000 0.0000 -0.0000 0.0000 0.0000 0.0001 0.0007 -0.0000 0.0001 -0.0011 0.0000 0.0003 -0.0008 0.0000 -0.0000 0.0001 0.0000 -0.0000 0.0000 0.0000 -0.0000 -0.0009 0.0000 -29.9996 0.0002 0.0001 29.9996 -0.0003 0.0001 -0.0000 0.0000 0.0000 177.8427 -5.8062 3.1572 -1.7167 -6.9718 -15.6793 21.5392 70.9143 -19.9908 -0.0000 25.3510 0.0000 177.8471 2.5709 0.1454 -0.0863 -7.0965 -0.0572 -10.7534 62.0093 15.8260 -0.0001 25.3507 0.0000
16.9843 95.5643 -37.8889 -1.7150 -6.7212 3.2625 0.4181 0.1525 0.7676 0.4181 0.1525 0.7677 0.4194 0.1531 0.7699 -87.7137 -13.5915 88.3575 29.3460 42.7427 -18.9538 83.0764 -12.9416 -35.9460 -9.0501 0.1414 -4.0433 0.0001 0.0000 0.0000 -0.0000 0.0000 0.0000 -0.0008 -0.0013 -0.0000 0.0001 -0.0004 0.0000 -0.0000 0.0000 0.0000 -0.0000 0.0000 0.0000 -0.0001 0.0002 0.0000 0.0003 -0.0006 0.0000 -0.0006 0.0004 0.0000 0.0001 0.0000 0.0000 -0.0000 0.0000 0.0000 -0.0002 -0.0010 -0.0000 30.0001 0.0002 -0.0001 -29.9998 0.0005 0.0002 -0.0000 0.0000 0.0000 0.1980 0.3171 0.3015 0.1980 0.3171 0.3015 89.3906 -18.8304 -83.9128 14.9425 71.3685 5.5742 4.3419 -9.2893 85.7569 0.6071 -0.5150 -0.0609 0.0001 -0.0001 0.0000 -0.0000 0.0000 0.0000 0.0003 -0.0006 0.0000 0.0001 -0.0001 0.0000 -0.0000 0.0000 0.0000 -0.0000 0.0000 0.0000 0.0001 0.0007 -0.0000 0.0001 -0.0011 0.0000 0.0003 -0.0008 0.0000 -0.0000 0.0001 0.0000 -0.0000 0.0000 0.0000 -0.0000 -0.0009 0.0000 -29.9996 0.0002 0.0001 29.9996 -0.0003 0.0001 -0.0000 0.0000 0.0000 177.8404 -5.7714 3.0823 -1.7006 -6.9746 -15.7670 21.9124 70.8673 -20.3383 -0.0000 25.3510 0.0000 177.9025 2.5359 0.0695 -0.0861 -6.9354 -0.0562 -10.3683 61.9899 15.4053 -0.0001 25.3508 0.0000
16.9590 95.5770 -37.8506 -1.7619 -6.6809 2.8924 0.4601 0.1578 0.7691 0.4602 0.1579 0.7691 0.4615 0.1583 0.7713 -87.4968 -13.6822 88.2793 30.1978 42.6151 -15.9425 80.7410 -11.4597 -37.1047 -8.6667 0.5002 -4.0246 0.0001 0.0000 0.0000 -0.0000 0.0000 0.0000 -0.0008 -0.0013 -0.0000 0.0001 -0.0004 0.0000 -0.0000 0.0000 0.0000 -0.0000 0.0000 0.0000 -0.0000 0.0002 0.0000 0.0003 -0.0006 0.0000 -0.0006 0.0004 0.0000 0.0001 0.0000 0.0000 -0.0000 0.0000 0.0000 -0.0002 -0.0010 -0.0000 30.0001 0.0002 -0.0001 -29.9998 0.0005 0.0002 -0.0000 0.0000 0.0000 0.1438 0.4237 0.3541 0.1438 0.4237 0.3541 89.4400 -18.8407 -84.0225 15.3554 71.2992 5.1470 1.4689 -9.5966 86.1302 0.6285 -0.5540 -0.0517 0.0001 -0.0001 0.0000 -0.0000 0.0000 0.0000 0.0003 -0.0006 0.0000 0.0001 -0.0001 0.0000 -0.0000 0.0000 0.0000 -0.0000 0.0000 0.0000 0.0001 0.0007 -0.0000 0.0001 -0.0012 0.0000 0.0003 -0.0008 0.0000 -0.0000 0.0001 0.0000 -0.0000 0.0000 0.0000 -0.0000 -0.0009 0.0000 -29.9996 0.0002 0.0001 29.9996 -0.0003 0.0001 -0.0000 0.0000 0.0000 177.8378 -5.7503 3.0064 -1.6978 -6.9684 -15.8732 22.4134 70.8086 -20.8036 -0.0000 25.3510 0.0000 177.9650 2.4982 -0.0335 -0.0860 -6.7605 -0.0548 -9.9054 61.9655 14.8914 -0.0001 25.3508 0.0000
16.9331 95.5886 -37.8085 -1.8112 -6.6459 2.4432 0.5111 0.1666 0.7619 0.5112 0.1666 0.7619 0.5127 0.1672 0.7642 -87.3143 -13.7650 88.1519 30.8541 42.6936 -12.8629 77.9028 -9.9078 -38.0489 -8.2701 0.9147 -3.9649 0.0001 0.0000 0.0000 -0.0000 0.0000 0.0000 -0.0008 -0.0013 -0.0000 0.0001 -0.0004 0.0000 -0.0000 0.0000 0.0000 -0.0000 0.0000 0.0000 -0.0000 0.0002 0.0000 0.0003 -0.0006 0.0000 -0.0006 0.0004 0.0000 0.0001 0.0000 0.0000 -0.0000 0.0000 0.0000 -0.0002 -0.0010 -0.0000 30.0001 0.0002 -0.0001 -29.9998 0.0005 0.0002 -0.0000 0.0000 0.0000 0.0624 0.5361 0.4113 0.0624 0.5361 0.4113 89.4865 -18.8585 -84.1095 15.3318 71.2461 5.0826 -1.7023 -10.0659 86.0546 0.6654 -0.6017 -0.0417 0.0001 -0.0001 0.0000 -0.0000 0.0000 0.0000 0.0003 -0.0006 0.0000 0.0001 -0.0001 0.0000 -0.0000 0.0000 0.0000 -0.0000 0.0000 0.0000 0.0001 0.0007 -0.0000 0.0001 -0.0012 0.0000 0.0003 -0.0008 0.0000 -0.0000 0.0001 0.0000 -0.0000 0.0000 0.0000 -0.0000 -0.0009 0.0000 -29.9996 0.0002 0.0001 29.9996 -0.0003 0.0001 -0.0000 0.0000 0.0000 177.8315 -5.7532 2.9354 -1.7061 -6.9431 -16.0186 23.0367 70.7316 -21.3772 -0.0000 25.3510 0.0000 178.0303 2.4433 -0.1784 -0.0858 -6.5313 -0.0539 -9.3584 61.9096 14.2822 -0.0001 25.3508 0.0000
16.9108 95.5994 -37.7714 -1.8625 -6.6122 1.9480 0.5682 0.1776 0.7451 0.5682 0.1777 0.7452 0.5699 0.1783 0.7474 -87.1707 -13.8266 87.9674 31.2600 42.9160 -9.8661 74.7488 -8.1168 -38.7231 -7.8645 1.3679 -3.8755 0.0001 0.0000 0.0000 -0.0000 0.0000 0.0000 -0.0008 -0.0013 -0.0000 0.0001 -0.0004 0.0000 -0.0000 0.0000 0.0000 -0.0000 0.0000 0.0000 -0.0000 0.0002 0.0000 0.0003 -0.0006 0.0000 -0.0006 0.0004 0.0000 0.0001 0.0000 0.0000 -0.0000 0.0000 0.0000 -0.0002 -0.0010 -0.0000 30.0001 0.0002 -0.0001 -29.9998 0.0005 0.0002 -0.0000 0.0000 0.0000 -0.0341 0.6442 0.4672 -0.0341 0.6442 0.4672 89.5338 -18.8905 -84.1828 14.8981 71.1397 5.3069 -5.1233 -10.5671 85.7278 0.7201 -0.6627 -0.0299 0.0001 -0.0001 0.0000 -0.0000 0.0000 0.0000 0.0003 -0.0006 0.0000 0.0001 -0.0001 0.0000 -0.0000 0.0000 0.0000 -0.0000 0.0000 0.0000 0.0001 0.0007 -0.0000 0.0001 -0.0011 0.0000 0.0003 -0.0008 0.0000 -0.0000 0.0001 0.0000 -0.0000 0.0000 0.0000 -0.0000 -0.0009 0.0000 -29.9997 0.0002 0.0001 29.9996 -0.0003 0.0001 -0.0000 0.0000 0.0000 177.8173 -5.7777 2.8674 -1.7124 -6.9021 -16.2005 23.6933 70.6506 -21.9787 -0.0000 25.3511 0.0000 178.0963 2.3751 -0.3503 -0.0856 -6.2542 -0.0532 -8.7726 61.8207 13.6289 -0.0001 25.3508 0.0000
16.8902 95.6094 -37.7377 -1.9162 -6.5779 1.4195 0.6312 0.1898 0.7164 0.6312 0.1898 0.7164 0.6331 0.1905 0.7185 -87.0665 -13.8678 87.7394 31.4039 43.2285 -6.9750 71.3641 -6.0554 -39.1528 -7.4507 1.8413 -3.7624 0.0001 0.0000 0.0000 -0.0000 0.0000 0.0000 -0.0008 -0.0013 -0.0000 0.0001 -0.0004 0.0000 -0.0000 0.0000 0.0000 -0.0000 0.0000 0.0000 -0.0000 0.0002 0.0000 0.0003 -0.0006 0.0000 -0.0006 0.0004 0.0000 0.0001 0.0000 0.0000 -0.0000 0.0000 0.0000 -0.0002 -0.0010 -0.0000 30.0001 0.0002 -0.0001 -29.9998 0.0005 0.0002 -0.0000 0.0000 0.0000 -0.1437 0.7443 0.5235 -0.1437 0.7443 0.5235 89.5796 -18.9356 -84.2576 14.1178 70.9474 5.7421 -8.7848 -11.0253 85.1809 0.7957 -0.7398 -0.0143 0.0001 -0.0001 0.0000 -0.0000 0.0000 0.0000 0.0003 -0.0006 0.0000 0.0001 -0.0001 0.0000 -0.0000 0.0000 0.0000 -0.0000 0.0000 0.0000 0.0001 0.0007 -0.0000 0.0001 -0.0011 0.0000 0.0003 -0.0008 0.0000 -0.0000 0.0001 0.0000 -0.0000 0.0000 0.0000 -0.0000 -0.0009 0.0000 -29.9996 0.0002 0.0001 29.9996 -0.0003 0.0001 -0.0000 0.0000 0.0000 177.7974 -5.8183 2.7929 -1.7130 -6.8473 -16.4035 24.3542 70.5689 -22.5872 -0.0000 25.3510 0.0000 178.1620 2.3037 -0.5360 -0.0854 -5.9557 -0.0526 -8.1541 61.7139 12.9379 -0.0001 25.3508 0.0000
16.8641 95.6195 -37.7046 -1.9703 -6.5410 0.8520 0.7029 0.2032 0.6647 0.7029 0.2033 0.6647 0.7050 0.2039 0.6666 -87.0235 -13.8820 87.4748 31.1717 43.6242 -4.3248 67.6583 -3.6606 -39.1954 -7.0353 2.3354 -3.6201 0.0001 0.0000 0.0000 -0.0000 0.0000 0.0000 -0.0008 -0.0013 -0.0000 0.0001 -0.0004 0.0000 -0.0000 0.0000 0.0000 -0.0000 0.0000 0.0000 -0.0000 0.0002 0.0000 0.0003 -0.0006 0.0000 -0.0006 0.0004 0.0000 0.0001 0.0000 0.0000 -0.0000 0.0000 0.0000 -0.0002 -0.0010 -0.0000 30.0001 0.0002 -0.0001 -29.9998 0.0005 0.0002 -0.0000 0.0000 0.0000 -0.2755 0.8333 0.5786 -0.2755 0.8333 0.5786 89.6216 -18.9941 -84.3467 12.8520 70.5912 6.4035 -12.7710 -11.3848 84.3479 0.9060 -0.8409 0.0080 0.0001 -0.0001 0.0000 -0.0000 0.0000 0.0000 0.0003 -0.0006 0.0000 0.0001 -0.0001 0.0000 -0.0000 0.0000 0.0000 -0.0000 0.0000 0.0000 0.0001 0.0007 -0.0000 0.0001 -0.0012 0.0000 0.0003 -0.0008 0.0000 -0.0000 0.0001 0.0000 -0.0000 0.0000 0.0000 -0.0000 -0.0009 0.0000 -29.9996 0.0002 0.0001 29.9996 -0.0003 0.0001 -0.0000 0.0000 0.0000 177.7735 -5.8761 2.6951 -1.7064 -6.7787 -16.6313 24.9633 70.5001 -23.1605 -0.0000 25.3510 0.0000 178.2307 2.2448 -0.7320 -0.0853 -5.6689 -0.0521 -7.4962 61.6069 12.1915 -0.0001 25.3508 0.0000
16.8295 95.6287 -37.6652 -2.0191 -6.4984 0.2588 0.7805 0.2175 0.5914 0.7805 0.2176 0.5914 0.7828 0.2182 0.5932 -87.0415 -13.8845 87.2206 30.6712 44.0456 -1.8797 63.7144 -1.0720 -38.9974 -6.6272 2.8173 -3.4538 0.0001 0.0000 0.0000 -0.0000 0.0000 0.0000 -0.0008 -0.0013 -0.0000 0.0001 -0.0004 0.0000 -0.0000 0.0000 0.0000 -0.0000 0.0000 0.0000 -0.0000 0.0003 0.0000 0.0003 -0.0006 0.0000 -0.0006 0.0004 0.0000 0.0001 0.0000 0.0000 -0.0000 0.0000 0.0000 -0.0002 -0.0010 -0.0000 30.0001 0.0003 -0.0002 -29.9998 0.0005 0.0002 -0.0000 0.0000 0.0000 -0.4264 0.9011 0.6439 -0.4264 0.9011 0.6439 89.6543 -19.0555 -84.4407 11.2075 70.0712 7.1977 -16.9953 -11.6548 83.2849 1.0581 -0.9715 0.0401 0.0001 -0.0001 0.0000 -0.0000 0.0000 0.0000 0.0003 -0.0006 0.0000 0.0001 -0.0001 0.0000 -0.0000 0.0000 0.0000 -0.0000 0.0000 0.0000 0.0001 0.0007 -0.0000 0.0001 -0.0012 0.0000 0.0003 -0.0008 0.0000 -0.0000 0.0001 0.0000 -0.0000 0.0000 0.0000 -0.0000 -0.0008 0.0000 -29.9996 0.0002 0.0001 29.9996 -0.0003 0.0001 -0.0000 0.0000 0.0000 177.7479 -5.9388 2.5633 -1.7031 -6.7024 -16.8696 25.5053 70.4467 -23.6845 -0.0000 25.3510 0.0000 178.2997 2.2089 -0.9366 -0.0851 -5.4197 -0.0514 -6.8244 61.5143 11.4162 -0.0001 25.3508 0.0000
16.7895 95.6368 -37.6260 -2.0627 -6.4481 -0.3560 0.8614 0.2322 0.5004 0.8615 0.2322 0.5005 0.8640 0.2329 0.5018 -87.1048 -13.8715 86.9841 29.4929 45.2031 1.1977 59.5616 1.5826 -38.6227 -5.5451 2.8261 -2.8935 0.0001 0.0000 0.0000 -0.0000 0.0000 0.0000 -0.0008 -0.0013 -0.0000 0.0001 -0.0004 0.0000 -0.0000 0.0000 0.0000 -0.0000 0.0000 0.0000 -0.0000 0.0002 0.0000 0.0003 -0.0006 0.0000 -0.0006 0.0004 0.0000 0.0001 0.0000 0.0000 -0.0000 0.0000 0.0000 -0.0002 -0.0010 -0.0000 30.0001 0.0002 -0.0001 -29.9998 0.0005 0.0002 -0.0000 0.0000 0.0000 -0.5910 0.9459 0.7214 -0.5910 0.9459 0.7214 89.6745 -19.0952 -84.5300 9.2986 69.4139 8.0831 -21.4052 -11.8474 81.9666 1.2609 -1.1369 0.0862 0.0001 -0.0001 0.0000 -0.0000 0.0000 0.0000 0.0003 -0.0006 0.0000 0.0001 -0.0001 0.0000 -0.0000 0.0000 0.0000 -0.0000 0.0000 0.0000 0.0001 0.0007 -0.0000 0.0001 -0.0012 0.0000 0.0003 -0.0008 0.0000 -0.0000 0.0001 0.0000 -0.0000 0.0000 0.0000 -0.0000 -0.0009 0.0000 -29.9996 0.0002 0.0001 29.9996 -0.0003 0.0001 -0.0000 0.0000 0.0000 177.7225 -5.9953 2.3847 -1.7086 -6.6257 -17.0921 26.0141 70.4050 -24.1856 -0.0000 25.3510 0.0000 178.3692 2.2052 -1.1566 -0.0850 -5.2158 -0.0509 -6.1518 61.4358 10.6316 -0.0001 25.3508 0.0000
16.7486 95.6412 -37.6060 -2.1000 -6.3841 -1.0011 0.9428 0.2451 0.3895 0.9429 0.2453 0.3896 0.9456 0.2460 0.3907 -87.2097 -13.8292 86.7945 27.9816 46.4008 4.1410 55.1392 4.1165 -38.0629 -4.5353 2.7053 -2.3421 0.0001 0.0000 0.0000 -0.0000 0.0000 0.0000 -0.0008 -0.0013 -0.0000 0.0001 -0.0004 0.0000 -0.0000 0.0000 0.0000 -0.0000 0.0000 0.0000 -0.0001 0.0002 0.0000 0.0003 -0.0006 0.0000 -0.0006 0.0004 0.0000 0.0001 0.0000 0.0000 -0.0000 0.0000 0.0000 -0.0002 -0.0010 -0.0000 30.0001 0.0002 -0.0001 -29.9998 0.0005 0.0002 -0.0000 0.0000 0.0000 -0.7616 0.9576 0.8128 -0.7616 0.9576 0.8128 89.6834 -19.1476 -84.6175 7.0589 68.5806 9.1069 -26.0144 -11.9081 80.1333 1.5436 -1.3399 0.1550 0.0001 -0.0001 0.0000 -0.0000 0.0000 0.0000 0.0003 -0.0006 0.0000 0.0001 -0.0001 0.0000 -0.0000 0.0000 0.0000 -0.0000 0.0000 0.0000 0.0001 0.0007 -0.0000 0.0001 -0.0012 0.0000 0.0003 -0.0008 0.0000 -0.0000 0.0001 0.0000 -0.0000 0.0000 0.0000 -0.0000 -0.0009 0.0000 -29.9997 0.0002 0.0001 29.9996 -0.0003 0.0001 -0.0000 0.0000 0.0000 177.7002 -6.0393 2.1609 -1.7322 -6.5443 -17.3072 26.5066 70.3721 -24.6710 -0.0000 25.3510 0.0000 178.4375 2.2570 -1.4078 -0.0850 -5.0635 -0.0507 -5.4736 61.3604 9.8351 -0.0001 25.3508 0.0000
16.7093 95.6440 -37.6065 -2.1300 -6.3097 -1.6793 1.0207 0.2598 0.2750 1.0208 0.2598 0.2751 1.0237 0.2607 0.2759 -87.3327 -13.7660 86.6577 26.2916 47.5316 6.8458 50.4950 6.5149 -37.3643 -3.6638 2.5319 -1.8553 0.0001 0.0000 0.0000 -0.0000 0.0000 0.0000 -0.0008 -0.0013 -0.0000 0.0001 -0.0004 0.0000 -0.0000 0.0000 0.0000 -0.0000 0.0000 0.0000 -0.0001 0.0003 0.0000 0.0003 -0.0006 0.0000 -0.0006 0.0004 0.0000 0.0001 0.0000 0.0000 -0.0000 0.0000 0.0000 -0.0002 -0.0010 -0.0000 30.0001 0.0003 -0.0002 -29.9998 0.0005 0.0002 -0.0000 0.0000 0.0000 -0.9199 0.9383 0.9041 -0.9199 0.9383 0.9041 89.6730 -19.1844 -84.6912 4.6970 67.6009 10.2254 -30.7446 -11.7768 77.7962 1.9190 -1.5741 0.2554 0.0001 -0.0001 0.0000 -0.0000 0.0000 0.0000 0.0003 -0.0006 0.0000 0.0001 -0.0001 0.0000 -0.0000 0.0000 0.0000 -0.0000 0.0000 0.0000 0.0001 0.0007 -0.0000 0.0001 -0.0012 0.0000 0.0003 -0.0008 0.0000 -0.0000 0.0001 0.0000 -0.0000 0.0000 0.0000 -0.0000 -0.0009 0.0000 -29.9996 0.0002 0.0001 29.9996 -0.0003 0.0001 -0.0000 0.0000 0.0000 177.6691 -6.0678 1.9081 -1.7605 -6.4611 -17.5361 26.9815 70.3324 -25.1314 -0.0000 25.3510 0.0000 178.5020 2.3310 -1.7021 -0.0849 -4.9023 -0.0499 -4.7953 61.2588 9.0383 -0.0001 25.3508 0.0000
16.6739 95.6472 -37.6206 -2.1526 -6.2293 -2.3812 1.0935 0.2789 0.1618 1.0936 0.2790 0.1618 1.0967 0.2799 0.1623 -87.4692 -13.6886 86.5613 24.5072 48.5725 9.2727 45.6621 8.7647 -36.5825 -2.9348 2.3299 -1.4408 0.0001 0.0000 0.0000 -0.0000 0.0000 0.0000 -0.0008 -0.0013 -0.0000 0.0001 -0.0004 0.0000 -0.0000 0.0000 0.0000 -0.0000 0.0000 0.0000 -0.0000 0.0002 0.0000 0.0003 -0.0006 0.0000 -0.0006 0.0004 0.0000 0.0001 0.0000 0.0000 -0.0000 0.0000 0.0000 -0.0002 -0.0010 -0.0000 30.0001 0.0002 -0.0001 -29.9998 0.0005 0.0002 -0.0000 0.0000 0.0000 -1.0581 0.8897 0.9866 -1.0581 0.8897 0.9866 89.6388 -19.2065 -84.7407 2.3025 66.4945 11.3850 -35.5082 -11.3942 75.0764 2.3740 -1.8256 0.3915 0.0001 -0.0001 0.0000 -0.0000 0.0000 0.0000 0.0003 -0.0006 0.0000 0.0001 -0.0001 0.0000 -0.0000 0.0000 0.0000 -0.0000 0.0000 0.0000 0.0001 0.0007 -0.0000 0.0001 -0.0011 0.0000 0.0003 -0.0008 0.0000 -0.0000 0.0001 0.0000 -0.0000 0.0000 0.0000 -0.0000 -0.0009 0.0000 -29.9996 0.0002 0.0001 29.9996 -0.0003 0.0001 -0.0000 0.0000 0.0000 177.6258 -6.0826 1.6466 -1.7889 -6.3791 -17.7795 27.4651 70.2794 -25.5942 -0.0000 25.3510 0.0000 178.5598 2.4073 -2.0327 -0.0847 -4.7125 -0.0484 -4.1251 61.1283 8.2570 -0.0001 25.3508 0.0000
16.6482 95.6507 -37.6366 -2.1704 -6.1433 -3.1051 1.1564 0.3069 0.0589 1.1566 0.3070 0.0589 1.1599 0.3078 0.0591 -87.6148 -13.5851 86.5064 22.6150 49.5147 11.2935 40.6636 10.7688 -35.7627 -2.3553 2.1216 -1.1014 0.0001 0.0000 0.0000 -0.0000 0.0000 0.0000 -0.0008 -0.0013 -0.0000 0.0001 -0.0004 0.0000 -0.0000 0.0000 0.0000 -0.0000 0.0000 0.0000 -0.0000 0.0003 0.0000 0.0003 -0.0006 0.0000 -0.0006 0.0004 0.0000 0.0001 0.0000 0.0000 -0.0000 0.0000 0.0000 -0.0002 -0.0010 -0.0000 30.0001 0.0002 -0.0001 -29.9998 0.0005 0.0002 -0.0000 0.0000 0.0000 -1.1579 0.8049 1.0402 -1.1579 0.8049 1.0402 89.5751 -19.2384 -84.7516 -0.0618 65.2081 12.5265 -40.2113 -10.6481 71.9183 2.9204 -2.0703 0.5719 0.0001 -0.0001 0.0000 -0.0000 0.0000 0.0000 0.0003 -0.0006 0.0000 0.0001 -0.0001 0.0000 -0.0000 0.0000 0.0000 -0.0000 0.0000 0.0000 0.0001 0.0007 -0.0000 0.0001 -0.0012 0.0000 0.0003 -0.0008 0.0000 -0.0000 0.0001 0.0000 -0.0000 0.0000 0.0000 -0.0000 -0.0009 0.0000 -29.9996 0.0002 0.0001 29.9996 -0.0003 0.0001 -0.0000 0.0000 0.0000 177.5673 -6.0816 1.3994 -1.8093 -6.3027 -18.0449 27.9847 70.2036 -26.0939 -0.0000 25.3510 0.0000 178.6093 2.4854 -2.4054 -0.0845 -4.5093 -0.0468 -3.4711 60.9863 7.5168 -0.0001 25.3508 0.0000
16.6303 95.6539 -37.6468 -2.1837 -6.0528 -3.8406 1.2083 0.3408 -0.0283 1.2084 0.3409 -0.0283 1.2119 0.3419 -0.0283 -87.7496 -13.4540 86.4791 20.6529 50.4007 12.9542 35.7114 12.4657 -34.8268 -1.9055 1.9274 -0.8346 0.0001 0.0000 0.0000 -0.0000 0.0000 0.0000 -0.0008 -0.0013 -0.0000 0.0001 -0.0004 0.0000 -0.0000 0.0000 0.0000 -0.0000 0.0000 0.0000 -0.0000 0.0002 0.0000 0.0003 -0.0006 0.0000 -0.0006 0.0004 0.0000 0.0001 0.0000 0.0000 -0.0000 0.0000 0.0000 -0.0002 -0.0010 -0.0000 30.0001 0.0002 -0.0001 -29.9998 0.0005 0.0002 -0.0000 0.0000 0.0000 -1.2261 0.7084 1.0640 -1.2261 0.7084 1.0640 89.4910 -19.2865 -84.7431 -2.4047 63.7677 13.6859 -44.7590 -9.5550 68.5924 3.5479 -2.2902 0.8009 0.0001 -0.0001 0.0000 -0.0000 0.0000 0.0000 0.0003 -0.0006 0.0000 0.0001 -0.0001 0.0000 -0.0000 0.0000 0.0000 -0.0000 0.0000 0.0000 0.0001 0.0007 -0.0000 0.0001 -0.0012 0.0000 0.0003 -0.0008 0.0000 -0.0000 0.0001 0.0000 -0.0000 0.0000 0.0000 -0.0000 -0.0009 0.0000 -29.9996 0.0002 0.0001 29.9996 -0.0002 0.0000 -0.0000 0.0000 0.0000 177.5031 -6.0794 1.1892 -1.8246 -6.2271 -18.3558 28.4957 70.1211 -26.5979 -0.0000 25.3510 0.0000 178.6509 2.5810 -2.7831 -0.0845 -4.3379 -0.0461 -2.7992 60.8625 6.7761 -0.0001 25.3508 0.0000
16.6085 95.6552 -37.6523 -2.1901 -5.9572 -4.5748 1.2496 0.3788 -0.1032 1.2498 0.3789 -0.1032 1.2533 0.3800 -0.1035 -87.8742 -13.3061 86.4761 18.6454 51.2362 14.3126 30.5721 13.9466 -33.7768 -1.5471 1.7501 -0.6188 0.0001 0.0000 0.0000 -0.0000 0.0000 0.0000 -0.0008 -0.0013 -0.0000 0.0001 -0.0004 0.0000 -0.0000 0.0000 0.0000 -0.0000 0.0000 0.0000 -0.0001 0.0003 0.0000 0.0003 -0.0006 0.0000 -0.0006 0.0004 0.0000 0.0001 0.0000 0.0000 -0.0000 0.0000 0.0000 -0.0002 -0.0010 -0.0000 30.0001 0.0002 -0.0001 -29.9998 0.0005 0.0002 -0.0000 0.0000 0.0000 -1.2674 0.6105 1.0651 -1.2674 0.6105 1.0651 89.3879 -19.3571 -84.7246 -4.7636 62.2056 14.9057 -49.1111 -8.1643 65.2229 4.2493 -2.4674 1.0812 0.0001 -0.0001 0.0000 -0.0000 0.0000 0.0000 0.0003 -0.0006 0.0000 0.0001 -0.0001 0.0000 -0.0000 0.0000 0.0000 -0.0000 0.0000 0.0000 0.0001 0.0007 -0.0000 0.0001 -0.0012 0.0000 0.0003 -0.0008 0.0000 -0.0000 0.0002 0.0000 -0.0000 0.0000 0.0000 -0.0000 -0.0008 0.0000 -29.9997 0.0002 0.0001 29.9996 -0.0003 0.0001 -0.0000 0.0000 0.0000 177.4376 -6.0784 1.0175 -1.8411 -6.1505 -18.7073 28.9773 70.0403 -27.0883 -0.0000 25.3510 0.0000 178.6907 2.7095 -3.1481 -0.0844 -4.2298 -0.0456 -2.1132 60.7718 6.0266 -0.0001 25.3508 0.0000
16.5705 95.6541 -37.6506 -2.1840 -5.8518 -5.2879 1.2754 0.4187 -0.1650 1.2756 0.4188 -0.1650 1.2792 0.4201 -0.1655 -87.9919 -13.1465 86.5044 16.5816 51.9756 15.3801 25.2530 15.0952 -32.8165 -1.2757 1.5974 -0.4471 0.0001 0.0000 0.0000 -0.0000 0.0000 0.0000 -0.0008 -0.0013 -0.0000 0.0001 -0.0004 0.0000 -0.0000 0.0000 0.0000 -0.0000 0.0000 0.0000 -0.0000 0.0002 0.0000 0.0003 -0.0006 0.0000 -0.0006 0.0004 0.0000 0.0001 0.0000 0.0000 -0.0000 0.0000 0.0000 -0.0002 -0.0010 -0.0000 30.0001 0.0002 -0.0001 -29.9998 0.0005 0.0002 -0.0000 0.0000 0.0000 -1.2726 0.5245 1.0414 -1.2726 0.5245 1.0414 89.2449 -19.3837 -84.6837 -7.0278 60.6032 16.1459 -53.1880 -6.5580 61.7805 5.0095 -2.5709 1.4076 0.0001 -0.0001 0.0000 -0.0000 0.0000 0.0000 0.0003 -0.0006 0.0000 0.0001 -0.0001 0.0000 -0.0000 0.0000 0.0000 -0.0000 0.0000 0.0000 0.0001 0.0007 -0.0000 0.0001 -0.0012 0.0000 0.0003 -0.0008 0.0000 -0.0000 0.0001 0.0000 -0.0000 0.0000 0.0000 -0.0000 -0.0009 0.0000 -29.9996 0.0002 0.0001 29.9996 -0.0003 0.0001 -0.0000 0.0000 0.0000 177.3743 -6.0810 0.9034 -1.8689 -6.0688 -19.0967 29.4295 69.9678 -27.5692 -0.0000 25.3510 0.0000 178.7339 2.9120 -3.4815 -0.0845 -4.2656 -0.0456 -1.4244 60.7575 5.2705 -0.0001 25.3508 0.0000
16.5315 95.6511 -37.6430 -2.1709 -5.7369 -5.9791 1.2895 0.4561 -0.2154 1.2897 0.4562 -0.2154 1.2933 0.4574 -0.2161 -88.1052 -12.9827 86.5591 14.4481 52.5616 16.3562 19.9721 15.9163 -32.1798 -1.0770 1.4744 -0.3132 0.0001 0.0000 0.0000 -0.0000 0.0000 0.0000 -0.0008 -0.0013 -0.0000 0.0001 -0.0004 0.0000 -0.0000 0.0000 0.0000 -0.0000 0.0000 0.0000 -0.0000 0.0002 0.0000 0.0003 -0.0006 0.0000 -0.0006 0.0004 0.0000 0.0001 0.0000 0.0000 -0.0000 0.0000 0.0000 -0.0002 -0.0010 -0.0000 30.0001 0.0002 -0.0001 -29.9998 0.0005 0.0002 -0.0000 0.0000 0.0000 -1.2501 0.4601 1.0035 -1.2501 0.4601 1.0035 89.0869 -19.4427 -84.6296 -9.2668 58.9800 17.4066 -57.0013 -4.7729 58.4219 5.8021 -2.5893 1.7755 0.0001 -0.0001 0.0000 -0.0000 0.0000 0.0000 0.0002 -0.0006 0.0000 0.0001 -0.0001 0.0000 -0.0000 0.0000 0.0000 -0.0000 0.0000 0.0000 0.0001 0.0007 -0.0000 0.0001 -0.0012 0.0000 0.0003 -0.0008 0.0000 -0.0000 0.0001 0.0000 -0.0000 0.0000 0.0000 -0.0000 -0.0008 0.0000 -29.9996 0.0002 0.0001 29.9996 -0.0003 0.0001 -0.0000 0.0000 0.0000 177.3135 -6.0855 0.8228 -1.9036 -5.9861 -19.4940 29.8796 69.9057 -28.0604 -0.0000 25.3510 0.0000 178.7792 3.1942 -3.7923 -0.0845 -4.4545 -0.0472 -0.7374 60.8235 4.5219 -0.0001 25.3508 0.0000
16.5008 95.6463 -37.6290 -2.1521 -5.6130 -6.6542 1.2941 0.4921 -0.2550 1.2943 0.4922 -0.2551 1.2980 0.4936 -0.2557 -88.2177 -12.8252 86.6244 12.2442 53.0279 17.2572 14.8266 16.4082 -31.9001 -0.9358 1.3796 -0.2081 0.0001 0.0000 0.0000 -0.0000 0.0000 0.0000 -0.0008 -0.0013 -0.0000 0.0001 -0.0004 0.0000 -0.0000 0.0000 0.0000 -0.0000 0.0000 0.0000 -0.0000 0.0002 0.0000 0.0003 -0.0006 0.0000 -0.0006 0.0004 0.0000 0.0001 0.0000 0.0000 -0.0000 0.0000 0.0000 -0.0002 -0.0010 -0.0000 30.0001 0.0002 -0.0001 -29.9998 0.0005 0.0002 -0.0000 0.0000 0.0000 -1.2056 0.4130 0.9580 -1.2056 0.4130 0.9580 88.9213 -19.4755 -84.5467 -11.3932 57.3680 18.6731 -60.5730 -2.8300 55.2037 6.6033 -2.5171 2.1782 0.0001 -0.0001 0.0000 -0.0000 0.0000 0.0000 0.0003 -0.0006 0.0000 0.0001 -0.0001 0.0000 -0.0000 0.0000 0.0000 -0.0000 0.0000 0.0000 0.0001 0.0007 -0.0000 0.0001 -0.0011 0.0000 0.0003 -0.0008 0.0000 -0.0000 0.0001 0.0000 -0.0000 0.0000 0.0000 -0.0000 -0.0008 0.0000 -29.9997 0.0002 0.0001 29.9996 -0.0003 0.0001 -0.0000 0.0000 0.0000 177.2529 -6.0861 0.7549 -1.9418 -5.9013 -19.8903 30.3170 69.8481 -28.5424 -0.0000 25.3511 0.0000 178.8207 3.5182 -4.0910 -0.0848 -4.7198 -0.0504 -0.0452 60.9317 3.7799 -0.0001 25.3508 0.0000
16.4827 95.6446 -37.6084 -2.1288 -5.4784 -7.2910 1.2870 0.5309 -0.2841 1.2872 0.5311 -0.2842 1.2908 0.5325 -0.2850 -88.3275 -12.7040 86.6856 9.9920 53.3193 18.0103 9.6465 16.5999 -32.3067 -0.8484 1.3113 -0.1207 0.0001 0.0000 0.0000 -0.0000 0.0000 0.0000 -0.0008 -0.0013 -0.0000 0.0001 -0.0004 0.0000 -0.0000 0.0000 0.0000 -0.0000 0.0000 0.0000 -0.0000 0.0002 0.0000 0.0003 -0.0006 0.0000 -0.0006 0.0004 0.0000 0.0001 0.0000 0.0000 -0.0000 0.0000 0.0000 -0.0002 -0.0010 -0.0000 30.0001 0.0002 -0.0001 -29.9998 0.0005 0.0002 -0.0000 0.0000 0.0000 -1.1348 0.3800 0.9070 -1.1348 0.3800 0.9070 88.7458 -19.4646 -84.4280 -13.4008 55.8018 20.0214 -63.9017 -0.7108 52.1038 7.3921 -2.3507 2.6061 0.0001 -0.0001 0.0000 -0.0000 0.0000 0.0000 0.0003 -0.0006 0.0000 0.0001 -0.0001 0.0000 -0.0000 0.0000 0.0000 -0.0000 0.0000 0.0000 0.0001 0.0007 -0.0000 0.0001 -0.0012 0.0000 0.0003 -0.0008 0.0000 -0.0000 0.0001 0.0000 -0.0000 0.0000 0.0000 -0.0000 -0.0009 0.0000 -29.9996 0.0002 0.0001 29.9996 -0.0002 0.0000 -0.0000 0.0000 0.0000 177.1958 -6.0754 0.7083 -1.9822 -5.8218 -20.2714 30.7496 69.7947 -29.0202 -0.0000 25.3510 0.0000 178.8513 3.8252 -4.3680 -0.0851 -4.9459 -0.0540 0.6394 61.0278 3.0659 -0.0001 25.3508 0.0000
16.4563 95.6489 -37.5792 -2.1069 -5.3379 -7.8859 1.2733 0.5734 -0.3025 1.2735 0.5736 -0.3026 1.2772 0.5752 -0.3035 -88.4295 -12.6192 86.7434 7.7830 53.4934 18.5811 4.6970 16.5522 -33.5749 -0.8081 1.2604 -0.0475 0.0001 0.0000 0.0000 -0.0000 0.0000 0.0000 -0.0008 -0.0013 -0.0000 0.0001 -0.0004 0.0000 -0.0000 0.0000 0.0000 -0.0000 0.0000 0.0000 -0.0000 0.0002 0.0000 0.0003 -0.0006 0.0000 -0.0006 0.0004 0.0000 0.0001 0.0000 0.0000 -0.0000 0.0000 0.0000 -0.0002 -0.0010 -0.0000 30.0001 0.0002 -0.0001 -29.9998 0.0005 0.0002 -0.0000 0.0000 0.0000 -1.0533 0.3489 0.8485 -1.0533 0.3489 0.8484 88.5621 -19.4274 -84.2912 -14.8276 54.6311 20.8847 -67.1457 1.5848 49.1053 7.7387 -1.9727 2.9037 0.0001 -0.0001 0.0000 -0.0000 0.0000 0.0000 0.0003 -0.0006 0.0000 0.0001 -0.0001 0.0000 -0.0000 0.0000 0.0000 -0.0000 0.0000 0.0000 0.0001 0.0007 -0.0000 0.0001 -0.0011 0.0000 0.0003 -0.0008 0.0000 -0.0000 0.0001 0.0000 -0.0000 0.0000 0.0000 -0.0000 -0.0008 0.0000 -29.9996 0.0002 0.0001 29.9996 -0.0003 0.0001 -0.0000 0.0000 0.0000 177.1430 -6.0572 0.6774 -2.0152 -5.7522 -20.6338 31.1643 69.7484 -29.4806 -0.0000 25.3510 0.0000 178.8909 4.0658 -4.6354 -0.0851 -5.0232 -0.0551 1.2663 61.0434 2.4156 -0.0001 25.3508 0.0000
16.4187 95.6584 -37.5422 -2.0878 -5.1927 -8.4496 1.2553 0.6199 -0.3078 1.2555 0.6200 -0.3078 1.2591 0.6218 -0.3087 -88.5202 -12.5712 86.7911 5.6895 53.5961 18.8618 -0.0037 16.3942 -35.6556 -0.8052 1.2160 0.0161 0.0001 0.0000 0.0000 -0.0000 0.0000 0.0000 -0.0008 -0.0013 -0.0000 0.0001 -0.0004 0.0000 -0.0000 0.0000 0.0000 -0.0000 0.0000 0.0000 -0.0000 0.0002 0.0000 0.0003 -0.0006 0.0000 -0.0006 0.0004 0.0000 0.0001 0.0000 0.0000 -0.0000 0.0000 0.0000 -0.0002 -0.0010 -0.0000 30.0001 0.0002 -0.0001 -29.9998 0.0005 0.0002 -0.0000 0.0000 0.0000 -0.9712 0.3128 0.7893 -0.9712 0.3128 0.7893 88.3744 -19.3677 -84.1399 -16.0678 53.5805 21.6311 -70.1975 3.9693 46.4115 7.9296 -1.5648 3.1541 0.0001 -0.0001 0.0000 -0.0000 0.0000 0.0000 0.0003 -0.0006 0.0000 0.0001 -0.0001 0.0000 -0.0000 0.0000 0.0000 -0.0000 0.0000 0.0000 0.0001 0.0007 -0.0000 0.0001 -0.0012 0.0000 0.0003 -0.0008 0.0000 -0.0000 0.0001 0.0000 -0.0000 0.0000 0.0000 -0.0000 -0.0009 0.0000 -29.9997 0.0002 0.0001 29.9996 -0.0003 0.0001 -0.0000 0.0000 0.0000 177.0971 -6.0320 0.6423 -2.0407 -5.6918 -20.9726 31.5523 69.7108 -29.9145 -0.0000 25.3510 0.0000 178.9442 4.2639 -4.8912 -0.0851 -4.9890 -0.0542 1.8500 60.9914 1.8082 -0.0001 25.3508 0.0000
16.3643 95.6708 -37.4849 -2.0725 -5.0439 -8.9364 1.2326 0.6727 -0.3003 1.2328 0.6729 -0.3004 1.2363 0.6748 -0.3013 -88.5978 -12.5800 86.8088 3.8844 53.6830 18.3571 -4.4506 16.1231 -38.8242 -0.8498 1.1576 0.0714 0.0001 0.0000 0.0000 -0.0000 0.0000 0.0000 -0.0008 -0.0013 -0.0000 0.0001 -0.0004 0.0000 -0.0000 0.0000 0.0000 -0.0000 0.0000 0.0000 -0.0000 0.0003 0.0000 0.0003 -0.0006 0.0000 -0.0006 0.0004 0.0000 0.0001 0.0000 0.0000 -0.0000 0.0000 0.0000 -0.0002 -0.0010 -0.0000 30.0001 0.0003 -0.0002 -29.9998 0.0005 0.0002 -0.0000 0.0000 0.0000 -0.9036 0.2632 0.7334 -0.9036 0.2632 0.7334 88.1825 -19.2709 -83.9812 -17.1877 52.5520 22.3718 -73.0040 6.4161 44.0974 8.0396 -1.1369 3.3926 0.0001 -0.0001 0.0000 -0.0000 0.0000 0.0000 0.0003 -0.0006 0.0000 0.0001 -0.0001 0.0000 -0.0000 0.0000 0.0000 -0.0000 0.0000 0.0000 0.0001 0.0007 -0.0000 0.0001 -0.0012 0.0000 0.0003 -0.0008 0.0000 -0.0000 0.0001 0.0000 -0.0000 0.0000 0.0000 -0.0000 -0.0009 0.0000 -29.9996 0.0002 0.0001 29.9996 -0.0003 0.0001 -0.0000 0.0000 0.0000 177.0701 -6.0054 0.6130 -2.0606 -5.6323 -21.2707 31.8686 69.6865 -30.2695 -0.0000 25.3510 0.0000 179.0113 4.4270 -5.0978 -0.0849 -4.8622 -0.0517 2.3708 60.8814 1.2647 -0.0001 25.3508 0.0000
16.3004 95.6834 -37.4144 -2.0549 -4.8937 -9.3418 1.2045 0.7285 -0.2843 1.2047 0.7287 -0.2843 1.2082 0.7308 -0.2851 -88.6622 -12.6222 86.8088 2.3013 53.8022 16.8999 -8.5354 15.8149 -42.6350 -0.9237 1.0683 0.1166 0.0001 0.0000 0.0000 -0.0000 0.0000 0.0000 -0.0008 -0.0013 -0.0000 0.0001 -0.0004 0.0000 -0.0000 0.0000 0.0000 -0.0000 0.0000 0.0000 -0.0000 0.0002 0.0000 0.0003 -0.0006 0.0000 -0.0006 0.0004 0.0000 0.0001 0.0000 0.0000 -0.0000 0.0000 0.0000 -0.0002 -0.0010 -0.0000 30.0001 0.0002 -0.0001 -29.9998 0.0005 0.0002 -0.0000 0.0000 0.0000 -0.8565 0.2135 0.6768 -0.8565 0.2135 0.6768 87.9803 -19.1577 -83.8406 -18.3318 51.6245 23.1727 -75.5906 8.8694 42.1248 8.0905 -0.7348 3.6097 0.0001 -0.0001 0.0000 -0.0000 0.0000 0.0000 0.0002 -0.0006 0.0000 0.0001 -0.0001 0.0000 -0.0000 0.0000 0.0000 -0.0000 0.0000 0.0000 0.0001 0.0007 -0.0000 0.0001 -0.0012 0.0000 0.0003 -0.0008 0.0000 -0.0000 0.0001 0.0000 -0.0000 0.0000 0.0000 -0.0000 -0.0009 0.0000 -29.9996 0.0002 0.0001 29.9996 -0.0003 0.0001 -0.0000 0.0000 0.0000 177.0585 -5.9858 0.5890 -2.0764 -5.5690 -21.5278 32.1079 69.6787 -30.5447 -0.0000 25.3510 0.0000 179.0738 4.5816 -5.2524 -0.0848 -4.7266 -0.0495 2.8325 60.7686 0.7868 -0.0001 25.3508 0.0000
16.2284 95.6977 -37.3321 -2.0321 -4.7430 -9.6668 1.1711 0.7832 -0.2599 1.1713 0.7834 -0.2599 1.1746 0.7855 -0.2607 -88.7165 -12.6784 86.7964 0.8507 53.9515 14.5136 -12.1423 15.4196 -46.8629 -1.0099 0.9404 0.1500 0.0001 0.0000 0.0000 -0.0000 0.0000 0.0000 -0.0008 -0.0013 -0.0000 0.0001 -0.0004 0.0000 -0.0000 0.0000 0.0000 -0.0000 0.0000 0.0000 -0.0000 0.0002 0.0000 0.0003 -0.0006 0.0000 -0.0006 0.0004 0.0000 0.0001 0.0000 0.0000 -0.0000 0.0000 0.0000 -0.0002 -0.0010 -0.0000 30.0001 0.0002 -0.0001 -29.9998 0.0005 0.0002 -0.0000 0.0000 0.0000 -0.8255 0.1740 0.6219 -0.8255 0.1740 0.6219 87.7662 -19.0488 -83.7272 -19.4961 50.7780 23.9662 -77.9840 11.3137 40.5080 8.0876 -0.3620 3.8070 0.0001 -0.0001 0.0000 -0.0000 0.0000 0.0000 0.0003 -0.0007 0.0000 0.0001 -0.0001 0.0000 -0.0000 0.0000 0.0000 -0.0000 0.0000 0.0000 0.0001 0.0007 -0.0000 0.0001 -0.0012 0.0000 0.0003 -0.0008 0.0000 -0.0000 0.0001 0.0000 -0.0000 0.0000 0.0000 -0.0000 -0.0009 0.0000 -29.9997 0.0002 0.0001 29.9996 -0.0002 0.0000 -0.0000 0.0000 0.0000 177.0611 -5.9725 0.5673 -2.0899 -5.5018 -21.7420 32.2695 69.6874 -30.7400 -0.0000 25.3510 0.0000 179.1281 4.7297 -5.3619 -0.0847 -4.5969 -0.0478 3.2279 60.6662 0.3818 -0.0001 25.3508 0.0000
16.1456 95.7128 -37.2478 -1.9989 -4.5936 -9.8635 1.1309 0.8332 -0.2355 1.1311 0.8334 -0.2355 1.1343 0.8358 -0.2362 -88.7610 -12.7687 86.7543 -0.5622 54.1379 10.8463 -14.7986 14.6767 -51.4369 -1.1015 0.7593 0.1638 0.0001 0.0000 0.0000 -0.0000 0.0000 0.0000 -0.0008 -0.0013 -0.0000 0.0001 -0.0004 0.0000 -0.0000 0.0000 0.0000 -0.0000 0.0000 0.0000 -0.0000 0.0002 0.0000 0.0003 -0.0006 0.0000 -0.0006 0.0004 0.0000 0.0001 0.0000 0.0000 -0.0000 0.0000 0.0000 -0.0002 -0.0010 -0.0000 30.0001 0.0002 -0.0001 -29.9998 0.0005 0.0002 -0.0000 0.0000 0.0000 -0.8208 0.1614 0.5877 -0.8208 0.1614 0.5877 87.5361 -18.9304 -83.6625 -20.7515 50.0284 24.7219 -79.9207 13.6225 39.5480 8.0347 -0.0661 3.9728 0.0001 -0.0001 0.0000 -0.0000 0.0000 0.0000 0.0003 -0.0006 0.0000 0.0001 -0.0001 0.0000 -0.0000 0.0000 0.0000 -0.0000 0.0000 0.0000 0.0001 0.0007 -0.0000 0.0001 -0.0012 0.0000 0.0003 -0.0008 0.0000 -0.0000 0.0001 0.0000 -0.0000 0.0000 0.0000 -0.0000 -0.0009 0.0000 -29.9997 0.0002 0.0001 29.9996 -0.0003 0.0001 -0.0000 0.0000 0.0000 177.0819 -5.9618 0.5491 -2.1022 -5.4321 -21.8808 32.3262 69.7150 -30.8263 -0.0000 25.3510 0.0000 179.1708 4.8730 -5.4123 -0.0846 -4.4782 -0.0463 3.4973 60.5762 0.1072 -0.0001 25.3508 0.0000
16.0569 95.7277 -37.1835 -1.9560 -4.4476 -9.9467 1.0897 0.8830 -0.2195 1.0899 0.8832 -0.2196 1.0930 0.8858 -0.2202 -88.8053 -12.9075 86.6965 -2.0353 54.4148 6.5006 -16.3399 13.5368 -56.2650 -1.1698 0.5385 0.1594 0.0001 0.0000 0.0000 -0.0000 0.0000 0.0000 -0.0008 -0.0013 -0.0000 0.0001 -0.0004 0.0000 -0.0000 0.0000 0.0000 -0.0000 0.0000 0.0000 -0.0000 0.0003 0.0000 0.0003 -0.0006 0.0000 -0.0006 0.0004 0.0000 0.0001 0.0000 0.0000 -0.0000 0.0000 0.0000 -0.0002 -0.0010 -0.0000 30.0001 0.0002 -0.0001 -29.9998 0.0005 0.0002 -0.0000 0.0000 0.0000 -0.8452 0.1743 0.5816 -0.8452 0.1743 0.5816 87.2994 -18.7995 -83.6303 -22.1233 49.3481 25.4075 -81.5241 15.8887 39.0970 7.9385 0.1737 4.1133 0.0001 -0.0001 0.0000 -0.0000 0.0000 0.0000 0.0003 -0.0006 0.0000 0.0001 -0.0001 0.0000 -0.0000 0.0000 0.0000 -0.0000 0.0000 0.0000 0.0001 0.0007 -0.0000 0.0001 -0.0012 0.0000 0.0003 -0.0008 0.0000 0.0001 0.0001 -0.0000 -0.0000 0.0000 0.0000 -0.0000 -0.0009 0.0000 -29.9996 0.0002 0.0001 29.9996 -0.0003 0.0001 -0.0000 0.0000 0.0000 177.1172 -5.9453 0.5348 -2.1131 -5.3689 -21.9502 32.2921 69.7589 -30.8220 -0.0000 25.3510 0.0000 179.2114 5.0258 -5.4243 -0.0844 -4.3816 -0.0447 3.6252 60.4943 -0.0291 -0.0001 25.3508 0.0000
15.9596 95.7410 -37.1418 -1.9054 -4.3038 -9.9281 1.0492 0.9331 -0.2151 1.0493 0.9333 -0.2151 1.0523 0.9359 -0.2157 -88.8446 -13.0816 86.6405 -3.5727 54.8101 1.9171 -16.7469 12.0848 -61.4654 -1.2012 0.2947 0.1415 0.0001 0.0000 0.0000 -0.0000 0.0000 0.0000 -0.0008 -0.0013 -0.0000 0.0001 -0.0004 0.0000 -0.0000 0.0000 0.0000 -0.0000 0.0000 0.0000 -0.0000 0.0002 0.0000 0.0003 -0.0006 0.0000 -0.0006 0.0004 0.0000 0.0001 0.0000 0.0000 -0.0000 0.0000 0.0000 -0.0002 -0.0010 -0.0000 30.0001 0.0002 -0.0001 -29.9998 0.0005 0.0002 -0.0000 0.0000 0.0000 -0.8956 0.2137 0.6009 -0.8956 0.2137 0.6009 87.0644 -18.6585 -83.6185 -23.5876 48.7140 25.9541 -82.8203 18.0846 39.0868 7.8049 0.3667 4.2292 0.0001 -0.0001 0.0000 -0.0000 0.0000 0.0000 0.0003 -0.0006 0.0000 0.0001 -0.0001 0.0000 -0.0000 0.0000 0.0000 -0.0000 0.0000 0.0000 0.0001 0.0007 -0.0000 0.0001 -0.0012 0.0000 0.0003 -0.0008 0.0000 -0.0000 0.0001 0.0000 -0.0000 0.0000 0.0000 -0.0000 -0.0008 0.0000 -29.9997 0.0002 0.0001 29.9996 -0.0003 0.0001 -0.0000 0.0000 0.0000 177.1642 -5.9184 0.5296 -2.1229 -5.3143 -21.9594 32.1841 69.8139 -30.7451 -0.0000 25.3510 0.0000 179.2522 5.1863 -5.4087 -0.0843 -4.3013 -0.0431 3.6155 60.4177 -0.0313 -0.0001 25.3507 0.0000
15.8537 95.7529 -37.1278 -1.8437 -4.1633 -9.7681 1.0084 0.9818 -0.2277 1.0086 0.9820 -0.2277 1.0114 0.9848 -0.2284 -88.8666 -13.2848 86.5963 -5.0406 55.3325 -2.4417 -15.7429 10.3119 -66.9169 -1.2007 0.0519 0.1141 0.0001 0.0000 0.0000 -0.0000 0.0000 0.0000 -0.0008 -0.0013 -0.0000 0.0001 -0.0004 0.0000 -0.0000 0.0000 0.0000 -0.0000 0.0000 0.0000 -0.0000 0.0002 0.0000 0.0003 -0.0006 0.0000 -0.0006 0.0004 0.0000 0.0001 0.0000 0.0000 -0.0000 0.0000 0.0000 -0.0002 -0.0010 -0.0000 30.0001 0.0002 -0.0001 -29.9998 0.0005 0.0002 -0.0000 0.0000 0.0000 -0.9709 0.2874 0.6692 -0.9709 0.2874 0.6692 86.8475 -18.5131 -83.6263 -25.1226 48.1489 26.1027 -83.5702 20.0328 39.6247 7.6322 0.5027 4.3096 0.0001 -0.0001 0.0000 -0.0000 0.0000 0.0000 0.0003 -0.0006 0.0000 0.0001 -0.0001 0.0000 -0.0000 0.0000 0.0000 -0.0000 0.0000 0.0000 0.0001 0.0007 -0.0000 0.0001 -0.0011 0.0000 0.0003 -0.0008 0.0000 -0.0000 0.0001 0.0000 -0.0000 0.0000 0.0000 -0.0000 -0.0009 0.0000 -29.9997 0.0002 0.0001 29.9996 -0.0003 0.0001 -0.0000 0.0000 0.0000 177.2251 -5.8738 0.5432 -2.1340 -5.2703 -21.8812 31.9917 69.8783 -30.5849 -0.0000 25.3511 0.0000 179.2823 5.3446 -5.3595 -0.0843 -4.2360 -0.0417 3.4161 60.3530 0.1593 -0.0001 25.3508 0.0000
15.7395 95.7641 -37.1147 -1.7668 -4.0264 -9.5039 0.9631 1.0276 -0.2497 0.9633 1.0279 -0.2498 0.9661 1.0307 -0.2505 -88.8766 -13.4942 86.5733 -6.2481 55.8890 -6.0614 -13.8306 8.4402 -72.4098 -1.1809 -0.1671 0.0874 0.0001 0.0000 0.0000 -0.0000 0.0000 0.0000 -0.0008 -0.0013 -0.0000 0.0001 -0.0004 0.0000 -0.0000 0.0000 0.0000 -0.0000 0.0000 0.0000 -0.0000 0.0002 0.0000 0.0003 -0.0006 0.0000 -0.0006 0.0004 0.0000 0.0001 0.0000 0.0000 -0.0000 0.0000 0.0000 -0.0002 -0.0010 -0.0000 30.0001 0.0002 -0.0001 -29.9998 0.0005 0.0002 -0.0000 0.0000 0.0000 -1.0497 0.3854 0.7662 -1.0497 0.3854 0.7662 86.6557 -18.3672 -83.6454 -26.5682 47.6616 25.7315 -83.8198 21.6499 40.4721 7.4304 0.6117 4.3556 0.0001 -0.0001 0.0000 -0.0000 0.0000 0.0000 0.0003 -0.0006 0.0000 0.0001 -0.0001 0.0000 -0.0000 0.0000 0.0000 -0.0000 0.0000 0.0000 0.0001 0.0007 -0.0000 0.0001 -0.0012 0.0000 0.0003 -0.0008 0.0000 -0.0000 0.0001 0.0000 -0.0000 0.0000 0.0000 -0.0000 -0.0008 0.0000 -29.9996 0.0002 0.0001 29.9996 -0.0003 0.0001 -0.0000 0.0000 0.0000 177.2828 -5.8196 0.5801 -2.1400 -5.2321 -21.7527 31.7209 69.9524 -30.3490 -0.0000 25.3510 0.0000 179.2863 5.4790 -5.2806 -0.0843 -4.1614 -0.0409 3.0926 60.2959 0.4808 -0.0001 25.3508 0.0000
15.6224 95.7750 -37.0940 -1.6742 -3.8920 -9.1588 0.9115 1.0710 -0.2748 0.9117 1.0712 -0.2749 0.9143 1.0742 -0.2757 -88.8812 -13.6938 86.5744 -7.1422 56.4234 -8.9032 -11.3685 6.4977 -77.8432 -1.1561 -0.3633 0.0645 0.0001 0.0000 0.0000 -0.0000 0.0000 0.0000 -0.0008 -0.0013 -0.0000 0.0001 -0.0004 0.0000 -0.0000 0.0000 0.0000 -0.0000 0.0000 0.0000 -0.0001 0.0002 0.0000 0.0003 -0.0006 0.0000 -0.0006 0.0004 0.0000 0.0001 0.0000 0.0000 -0.0000 0.0000 0.0000 -0.0002 -0.0010 -0.0000 30.0001 0.0002 -0.0001 -29.9998 0.0005 0.0001 -0.0000 0.0000 0.0000 -1.1179 0.5026 0.8769 -1.1179 0.5026 0.8769 86.4953 -18.2212 -83.6563 -27.8309 47.2612 24.8608 -83.6271 22.9724 41.4576 7.2093 0.7130 4.3708 0.0001 -0.0001 0.0000 -0.0000 0.0000 0.0000 0.0003 -0.0006 0.0000 0.0001 -0.0001 0.0000 -0.0000 0.0000 0.0000 -0.0000 0.0000 0.0000 0.0001 0.0007 -0.0000 0.0001 -0.0012 0.0000 0.0003 -0.0008 0.0000 -0.0000 0.0001 0.0000 -0.0000 0.0000 0.0000 -0.0000 -0.0009 0.0000 -29.9996 0.0002 0.0001 29.9996 -0.0002 0.0000 -0.0000 0.0000 0.0000 177.3311 -5.7584 0.6379 -2.1388 -5.1954 -21.5932 31.3727 70.0370 -30.0388 -0.0000 25.3510 0.0000 179.2638 5.5930 -5.1738 -0.0842 -4.0860 -0.0403 2.6847 60.2529 0.8914 -0.0001 25.3508 0.0000
15.5054 95.7871 -37.0584 -1.5568 -3.7570 -8.7168 0.8476 1.1103 -0.2950 0.8477 1.1105 -0.2951 0.8501 1.1136 -0.2959 -88.8987 -13.8604 86.6044 -7.4800 56.8200 -10.7506 -8.5519 4.4042 -82.9498 -1.1534 -0.5352 0.0470 0.0001 0.0000 0.0000 -0.0000 0.0000 0.0000 -0.0008 -0.0013 -0.0000 0.0001 -0.0004 0.0000 -0.0000 0.0000 0.0000 -0.0000 0.0000 0.0000 -0.0000 0.0002 0.0000 0.0003 -0.0006 0.0000 -0.0006 0.0004 0.0000 0.0001 0.0000 0.0000 -0.0000 0.0000 0.0000 -0.0002 -0.0010 -0.0000 30.0001 0.0002 -0.0001 -29.9998 0.0005 0.0002 -0.0000 0.0000 0.0000 -1.1458 0.6434 0.9861 -1.1458 0.6434 0.9861 86.3942 -18.0812 -83.6220 -28.7148 47.0264 23.3619 -82.7165 23.9535 42.3202 6.9760 0.8343 4.3437 0.0001 -0.0001 0.0000 -0.0000 0.0000 0.0000 0.0003 -0.0006 0.0000 0.0001 -0.0001 0.0000 -0.0000 0.0000 0.0000 -0.0000 0.0000 0.0000 0.0001 0.0007 -0.0000 0.0001 -0.0012 0.0000 0.0003 -0.0008 0.0000 -0.0000 0.0001 0.0000 -0.0000 0.0000 0.0000 -0.0000 -0.0009 0.0000 -29.9997 0.0002 0.0001 29.9996 -0.0003 0.0001 -0.0000 0.0000 0.0000 177.3615 -5.6857 0.7207 -2.1307 -5.1506 -21.3945 30.9368 70.1299 -29.6405 -0.0000 25.3510 0.0000 179.2046 5.6851 -5.0270 -0.0841 -4.0220 -0.0395 2.1899 60.2389 1.3910 -0.0001 25.3508 0.0000
15.3941 95.7991 -37.0150 -1.4195 -3.6176 -8.2150 0.7732 1.1444 -0.3031 0.7734 1.1446 -0.3031 0.7755 1.1479 -0.3040 -88.9475 -13.9907 86.6404 -7.4117 57.1113 -12.1015 -5.6466 2.0603 -87.4683 -1.1739 -0.6994 0.0337 0.0001 0.0000 0.0000 -0.0000 0.0000 0.0000 -0.0008 -0.0013 -0.0000 0.0001 -0.0004 0.0000 -0.0000 0.0000 0.0000 -0.0000 0.0000 0.0000 -0.0000 0.0002 0.0000 0.0003 -0.0006 0.0000 -0.0006 0.0004 0.0000 0.0001 0.0000 0.0000 -0.0000 0.0000 0.0000 -0.0002 -0.0010 -0.0000 30.0001 0.0002 -0.0001 -29.9998 0.0005 0.0002 -0.0000 0.0000 0.0000 -1.1323 0.7995 1.0770 -1.1323 0.7995 1.0770 86.3336 -17.9596 -83.5506 -29.2097 46.9389 21.5060 -81.2463 24.7627 42.8405 6.7430 0.9945 4.2842 0.0001 -0.0001 0.0000 -0.0000 0.0000 0.0000 0.0003 -0.0006 0.0000 0.0001 -0.0001 0.0000 -0.0000 0.0000 0.0000 -0.0000 0.0000 0.0000 0.0001 0.0007 -0.0000 0.0001 -0.0011 0.0000 0.0003 -0.0008 0.0000 -0.0000 0.0001 0.0000 -0.0000 0.0000 0.0000 -0.0000 -0.0009 0.0000 -29.9996 0.0002 0.0001 29.9996 -0.0003 0.0001 -0.0000 0.0000 0.0000 177.3778 -5.6024 0.8071 -2.1222 -5.0963 -21.1591 30.4481 70.2251 -29.1857 -0.0000 25.3510 0.0000 179.1127 5.7624 -4.8522 -0.0841 -3.9692 -0.0389 1.6503 60.2510 1.9401 -0.0001 25.3508 0.0000
15.2875 95.8110 -36.9706 -1.2695 -3.4744 -7.6696 0.6921 1.1765 -0.2973 0.6922 1.1767 -0.2974 0.6942 1.1801 -0.2982 -89.0270 -14.1109 86.6851 -7.0389 57.3098 -13.1506 -2.6816 -0.5529 -91.4064 -1.2195 -0.8697 0.0222 0.0001 0.0000 0.0000 -0.0000 0.0000 0.0000 -0.0008 -0.0013 -0.0000 0.0001 -0.0004 0.0000 -0.0000 0.0000 0.0000 -0.0000 0.0000 0.0000 -0.0000 0.0002 0.0000 0.0003 -0.0006 0.0000 -0.0006 0.0004 0.0000 0.0001 0.0000 0.0000 -0.0000 0.0000 0.0000 -0.0002 -0.0010 -0.0000 30.0001 0.0002 -0.0001 -29.9998 0.0005 0.0002 -0.0000 0.0000 0.0000 -1.0837 0.9629 1.1466 -1.0837 0.9629 1.1466 86.3030 -17.8596 -83.4533 -29.3401 46.9494 19.4665 -79.3030 25.5215 42.9857 6.5152 1.1942 4.2005 0.0001 -0.0001 0.0000 -0.0000 0.0000 0.0000 0.0003 -0.0006 0.0000 0.0001 -0.0001 0.0000 -0.0000 0.0000 0.0000 -0.0000 0.0000 0.0000 0.0001 0.0007 -0.0000 0.0001 -0.0012 0.0000 0.0003 -0.0008 0.0000 -0.0000 0.0001 0.0000 -0.0000 0.0000 0.0000 -0.0000 -0.0009 0.0000 -29.9997 0.0002 0.0001 29.9996 -0.0003 0.0001 -0.0000 0.0000 0.0000 177.3876 -5.5070 0.8833 -2.1146 -5.0415 -20.8947 29.8921 70.3283 -28.6618 -0.0000 25.3510 0.0000 178.9946 5.8277 -4.6524 -0.0841 -3.9239 -0.0390 1.0855 60.2822 2.5187 -0.0001 25.3508 0.0000
15.1780 95.8227 -36.9327 -1.1127 -3.3267 -7.0702 0.6065 1.2091 -0.2713 0.6066 1.2094 -0.2713 0.6083 1.2128 -0.2720 -89.1486 -14.2339 86.7515 -6.2745 57.3789 -14.0081 0.3992 -3.5287 -94.5258 -1.3302 -1.0650 0.0110 0.0001 0.0000 0.0000 -0.0000 0.0000 0.0000 -0.0008 -0.0013 -0.0000 0.0001 -0.0004 0.0000 -0.0000 0.0000 0.0000 -0.0000 0.0000 0.0000 -0.0000 0.0002 0.0000 0.0003 -0.0006 0.0000 -0.0006 0.0004 0.0000 0.0001 0.0000 0.0000 -0.0000 0.0000 0.0000 -0.0002 -0.0010 -0.0000 30.0001 0.0002 -0.0001 -29.9998 0.0005 0.0002 -0.0000 0.0000 0.0000 -0.9938 1.1236 1.1825 -0.9938 1.1236 1.1825 86.3215 -17.8319 -83.3173 -29.0017 47.0449 17.4071 -76.6618 26.3316 42.4325 6.2998 1.4551 4.0874 0.0001 -0.0001 0.0000 -0.0000 0.0000 0.0000 0.0003 -0.0006 0.0000 0.0001 -0.0001 0.0000 -0.0000 0.0000 0.0000 -0.0000 0.0000 0.0000 0.0001 0.0007 -0.0000 0.0001 -0.0012 0.0000 0.0003 -0.0008 0.0000 -0.0000 0.0002 0.0000 -0.0000 0.0000 0.0000 -0.0000 -0.0008 0.0000 -29.9997 0.0002 0.0001 29.9996 -0.0003 0.0001 -0.0000 0.0000 0.0000 177.3976 -5.3870 0.9393 -2.1128 -4.9954 -20.5898 29.2540 70.4399 -28.0482 -0.0000 25.3510 0.0000 178.8631 5.9071 -4.4118 -0.0841 -3.9379 -0.0396 0.4968 60.3565 3.1162 -0.0001 25.3508 0.0000
15.0689 95.8360 -36.9036 -0.9590 -3.1772 -6.4277 0.5204 1.2465 -0.2324 0.5205 1.2467 -0.2324 0.5220 1.2502 -0.2330 -89.2952 -14.3613 86.8382 -5.2370 57.4429 -14.9841 3.6376 -6.8688 -96.9135 -1.4783 -1.2966 -0.0027 0.0001 0.0000 0.0000 -0.0000 0.0000 0.0000 -0.0008 -0.0013 -0.0000 0.0001 -0.0004 0.0000 -0.0000 0.0000 0.0000 -0.0000 0.0000 0.0000 -0.0001 0.0002 0.0000 0.0003 -0.0006 0.0000 -0.0006 0.0004 0.0000 0.0001 0.0000 0.0000 -0.0000 0.0000 0.0000 -0.0002 -0.0010 -0.0000 30.0001 0.0002 -0.0001 -29.9998 0.0005 0.0002 -0.0000 0.0000 0.0000 -0.8786 1.2639 1.1929 -0.8786 1.2639 1.1929 86.3687 -17.8375 -83.1652 -28.4001 47.2025 15.5631 -73.4309 27.2315 41.2661 6.0977 1.7493 3.9485 0.0001 -0.0001 0.0000 -0.0000 0.0000 0.0000 0.0003 -0.0006 0.0000 0.0001 -0.0001 0.0000 -0.0000 0.0000 0.0000 -0.0000 0.0000 0.0000 0.0001 0.0007 -0.0000 0.0001 -0.0012 0.0000 0.0003 -0.0008 0.0000 -0.0000 0.0001 0.0000 -0.0000 0.0000 0.0000 -0.0000 -0.0008 0.0000 -29.9997 0.0002 0.0001 29.9996 -0.0002 0.0000 -0.0000 0.0000 0.0000 177.4158 -5.2453 0.9851 -2.1214 -4.9637 -20.2447 28.5902 70.5491 -27.3996 -0.0000 25.3510 0.0000 178.7385 6.0312 -4.1363 -0.0842 -4.0533 -0.0407 -0.1205 60.4807 3.7310 -0.0001 25.3508 0.0000
14.9667 95.8506 -36.8819 -0.8107 -3.0283 -5.7472 0.4343 1.2889 -0.1851 0.4343 1.2892 -0.1851 0.4356 1.2929 -0.1857 -89.4547 -14.4911 86.9427 -4.0237 57.4889 -16.0456 7.0698 -10.4654 -98.6371 -1.6598 -1.5716 -0.0207 0.0001 0.0000 0.0000 -0.0000 0.0000 0.0000 -0.0008 -0.0013 -0.0000 0.0001 -0.0004 0.0000 -0.0000 0.0000 0.0000 -0.0000 0.0000 0.0000 -0.0001 0.0002 0.0000 0.0003 -0.0006 0.0000 -0.0006 0.0004 0.0000 0.0001 0.0000 0.0000 -0.0000 0.0000 0.0000 -0.0002 -0.0010 -0.0000 30.0001 0.0002 -0.0001 -29.9998 0.0005 0.0002 -0.0000 0.0000 0.0000 -0.7399 1.3789 1.1837 -0.7399 1.3789 1.1837 86.4328 -17.8627 -83.0152 -27.3281 47.6859 13.4332 -69.6869 28.1201 39.6202 5.5880 1.8911 3.5683 0.0001 -0.0001 0.0000 -0.0000 0.0000 0.0000 0.0003 -0.0006 0.0000 0.0001 -0.0001 0.0000 -0.0000 0.0000 0.0000 -0.0000 0.0000 0.0000 0.0001 0.0007 -0.0000 0.0001 -0.0012 0.0000 0.0003 -0.0008 0.0000 -0.0000 0.0001 0.0000 -0.0000 0.0000 0.0000 -0.0000 -0.0008 0.0000 -29.9996 0.0002 0.0001 29.9996 -0.0003 0.0001 -0.0000 0.0000 0.0000 177.4415 -5.0858 1.0266 -2.1360 -4.9527 -19.8682 27.9034 70.6594 -26.7242 -0.0000 25.3510 0.0000 178.6189 6.2081 -3.8296 -0.0843 -4.2836 -0.0427 -0.7676 60.6573 4.3691 -0.0001 25.3508 0.0000
14.8810 95.8661 -36.8654 -0.6768 -2.8836 -5.0113 0.3493 1.3386 -0.1315 0.3494 1.3388 -0.1316 0.3504 1.3427 -0.1320 -89.6131 -14.6129 87.0657 -2.6464 57.5252 -17.1608 10.8131 -14.2988 -99.4589 -1.8906 -1.8945 -0.0458 0.0001 0.0000 0.0000 -0.0000 0.0000 0.0000 -0.0008 -0.0013 -0.0000 0.0001 -0.0004 0.0000 -0.0000 0.0000 0.0000 -0.0000 0.0000 0.0000 -0.0000 0.0002 0.0000 0.0003 -0.0006 0.0000 -0.0006 0.0004 0.0000 0.0001 0.0000 0.0000 -0.0000 0.0000 0.0000 -0.0002 -0.0010 -0.0000 30.0001 0.0002 -0.0001 -29.9998 0.0005 0.0002 -0.0000 0.0000 0.0000 -0.5716 1.4606 1.1510 -0.5716 1.4606 1.1510 86.5128 -17.9024 -82.8930 -25.8721 48.3575 11.2466 -65.2709 28.8679 37.4369 4.9380 1.9338 3.0747 0.0001 -0.0001 0.0000 -0.0000 0.0000 0.0000 0.0003 -0.0006 0.0000 0.0001 -0.0001 0.0000 -0.0000 0.0000 0.0000 -0.0000 0.0000 0.0000 0.0001 0.0007 -0.0000 0.0001 -0.0011 0.0000 0.0003 -0.0008 0.0000 -0.0000 0.0001 0.0000 -0.0000 0.0000 0.0000 -0.0000 -0.0008 0.0000 -29.9996 0.0002 0.0001 29.9996 -0.0003 0.0001 -0.0000 0.0000 0.0000 177.4782 -4.9054 1.0726 -2.1500 -4.9771 -19.4597 27.1724 70.7792 -26.0053 -0.0000 25.3510 0.0000 178.5051 6.4373 -3.4760 -0.0846 -4.6377 -0.0462 -1.4512 60.8901 5.0401 -0.0001 25.3508 0.0000
14.8037 95.8809 -36.8465 -0.5562 -2.7386 -4.2301 0.2667 1.3907 -0.0798 0.2668 1.3909 -0.0798 0.2675 1.3949 -0.0800 -89.7628 -14.7275 87.1898 -1.2225 57.5425 -18.3073 14.8068 -18.2066 -99.4149 -2.1672 -2.2639 -0.0788 0.0001 0.0000 0.0000 -0.0000 0.0000 0.0000 -0.0008 -0.0013 -0.0000 0.0001 -0.0004 0.0000 -0.0000 0.0000 0.0000 -0.0000 0.0000 0.0000 -0.0000 0.0002 0.0000 0.0003 -0.0006 0.0000 -0.0006 0.0004 0.0000 0.0001 0.0000 0.0000 -0.0000 0.0000 0.0000 -0.0002 -0.0010 -0.0000 30.0001 0.0002 -0.0001 -29.9998 0.0005 0.0002 -0.0000 0.0000 0.0000 -0.3902 1.5275 1.1070 -0.3902 1.5275 1.1070 86.6043 -17.9425 -82.7987 -24.2761 49.0675 9.1465 -60.3601 29.3628 35.0064 4.3146 1.9370 2.5985 0.0001 -0.0001 0.0000 -0.0000 0.0000 0.0000 0.0003 -0.0006 0.0000 0.0001 -0.0001 0.0000 -0.0000 0.0000 0.0000 -0.0000 0.0000 0.0000 0.0001 0.0007 -0.0000 0.0001 -0.0012 0.0000 0.0003 -0.0008 0.0000 -0.0000 0.0001 0.0000 -0.0000 0.0000 0.0000 -0.0000 -0.0008 0.0000 -29.9997 0.0002 0.0001 29.9996 -0.0003 0.0001 -0.0000 0.0000 0.0000 177.5190 -4.7182 1.1257 -2.1594 -5.0138 -19.0156 26.4307 70.8994 -25.2757 -0.0000 25.3510 0.0000 178.3914 6.6754 -3.0901 -0.0849 -5.0268 -0.0503 -2.1756 61.1381 5.7540 -0.0001 25.3508 0.0000
14.7307 95.8948 -36.8209 -0.4464 -2.5889 -3.4111 0.1857 1.4436 -0.0273 0.1857 1.4439 -0.0273 0.1863 1.4480 -0.0274 -89.9032 -14.8177 87.2981 0.1584 57.5363 -19.4661 19.1137 -22.0298 -98.5040 -2.4901 -2.6777 -0.1220 0.0001 0.0000 0.0000 -0.0000 0.0000 0.0000 -0.0008 -0.0013 -0.0000 0.0001 -0.0004 0.0000 -0.0000 0.0000 0.0000 -0.0000 0.0000 0.0000 -0.0000 0.0002 0.0000 0.0003 -0.0006 0.0000 -0.0006 0.0004 0.0000 0.0001 0.0000 0.0000 -0.0000 0.0000 0.0000 -0.0002 -0.0010 -0.0000 30.0001 0.0002 -0.0001 -29.9998 0.0005 0.0002 -0.0000 0.0000 0.0000 -0.2039 1.5877 1.0535 -0.2039 1.5877 1.0535 86.7012 -17.9768 -82.7283 -22.5835 49.8141 7.1340 -55.0762 29.5441 32.4617 3.7314 1.9022 2.1551 0.0001 -0.0001 0.0000 -0.0000 0.0000 0.0000 0.0003 -0.0006 0.0000 0.0001 -0.0001 0.0000 -0.0000 0.0000 0.0000 -0.0000 0.0000 0.0000 0.0001 0.0007 -0.0000 0.0001 -0.0012 0.0000 0.0003 -0.0008 0.0000 -0.0000 0.0001 0.0000 -0.0000 0.0000 0.0000 -0.0000 -0.0008 0.0000 -29.9996 0.0002 0.0001 29.9996 -0.0003 0.0001 -0.0000 0.0000 0.0000 177.5627 -4.5300 1.1837 -2.1639 -5.0501 -18.5295 25.7031 71.0136 -24.5608 -0.0000 25.3510 0.0000 178.2780 6.9033 -2.6872 -0.0852 -5.4098 -0.0540 -2.9565 61.3839 6.5310 -0.0001 25.3508 0.0000
14.6631 95.9078 -36.7757 -0.3510 -2.4264 -2.5474 0.1100 1.4898 0.0161 0.1100 1.4901 0.0161 0.1103 1.4944 0.0162 -90.0322 -14.9012 87.3742 1.3323 57.4908 -20.4962 23.8817 -25.5550 -96.5376 -2.8706 -3.1204 -0.1824 0.0001 0.0000 0.0000 -0.0000 0.0000 0.0000 -0.0008 -0.0013 -0.0000 0.0001 -0.0004 0.0000 -0.0000 0.0000 0.0000 -0.0000 0.0000 0.0000 -0.0000 0.0002 0.0000 0.0003 -0.0006 0.0000 -0.0006 0.0004 0.0000 0.0001 0.0000 0.0000 -0.0000 0.0000 0.0000 -0.0002 -0.0010 -0.0000 30.0001 0.0002 -0.0001 -29.9998 0.0005 0.0002 -0.0000 0.0000 0.0000 -0.0252 1.6506 1.0107 -0.0252 1.6506 1.0107 86.7900 -17.9584 -82.7046 -20.7632 50.6192 5.2394 -49.3536 29.3173 29.8839 3.1925 1.8314 1.7451 0.0001 -0.0001 0.0000 -0.0000 0.0000 0.0000 0.0003 -0.0006 0.0000 0.0001 -0.0001 0.0000 -0.0000 0.0000 0.0000 -0.0000 0.0000 0.0000 0.0001 0.0007 -0.0000 0.0001 -0.0011 0.0000 0.0003 -0.0008 0.0000 -0.0000 0.0001 0.0000 -0.0000 0.0000 0.0000 -0.0000 -0.0009 0.0000 -29.9996 0.0002 0.0001 29.9996 -0.0003 0.0001 -0.0000 0.0000 0.0000 177.6110 -4.3441 1.2860 -2.1568 -5.0760 -18.0346 24.9758 71.1274 -23.8538 -0.0000 25.3510 0.0000 178.1661 7.1061 -2.2730 -0.0856 -5.7596 -0.0578 -3.8141 61.6214 7.3918 -0.0001 25.3508 0.0000
14.5946 95.9224 -36.7092 -0.2688 -2.2486 -1.6615 0.0414 1.5295 0.0506 0.0414 1.5298 0.0506 0.0416 1.5341 0.0508 -90.0000 -15.5161 90.0000 2.3409 57.3350 -21.3226 28.9964 -28.6874 -93.8701 -3.3085 -3.5933 -0.2639 0.0001 0.0000 0.0000 -0.0000 0.0000 0.0000 -0.0008 -0.0013 -0.0000 0.0001 -0.0004 0.0000 -0.0000 0.0000 0.0000 -0.0000 0.0000 0.0000 -0.0001 0.0002 0.0000 0.0003 -0.0006 0.0000 -0.0006 0.0004 0.0000 0.0001 0.0000 0.0000 -0.0000 0.0000 0.0000 -0.0002 -0.0010 -0.0000 30.0001 0.0002 -0.0001 -29.9998 0.0005 0.0002 -0.0000 0.0000 0.0000 0.1330 1.7130 0.9829 0.1330 1.7130 0.9829 86.8819 -17.9264 -82.7048 -18.8965 51.4524 3.5066 -43.3649 28.7273 27.4370 2.7105 1.7323 1.3817 0.0001 -0.0001 0.0000 -0.0000 0.0000 0.0000 0.0003 -0.0006 0.0000 0.0001 -0.0001 0.0000 -0.0000 0.0000 0.0000 -0.0000 0.0000 0.0000 0.0001 0.0007 -0.0000 0.0001 -0.0012 0.0000 0.0003 -0.0008 0.0000 -0.0000 0.0001 0.0000 -0.0000 0.0000 0.0000 -0.0000 -0.0009 0.0000 -29.9996 0.0002 0.0001 29.9996 -0.0003 0.0001 -0.0000 0.0000 0.0000 177.6624 -4.1603 1.3923 -2.1330 -5.0876 -17.5344 24.1814 71.2512 -23.0910 -0.0000 25.3510 0.0000 178.0609 7.2895 -1.8563 -0.0859 -6.0792 -0.0613 -4.7228 61.8519 8.3067 -0.0001 25.3508 0.0000
14.5226 95.9400 -36.6248 -0.1996 -2.0560 -0.7645 -0.0192 1.5635 0.0779 -0.0192 1.5638 0.0779 -0.0192 1.5682 0.0781 -90.0000 -15.4898 90.0000 3.2559 57.0578 -22.0004 34.3779 -31.4089 -90.6519 -3.8051 -4.0924 -0.3689 0.0001 0.0000 0.0000 -0.0000 0.0000 0.0000 -0.0008 -0.0013 -0.0000 0.0001 -0.0004 0.0000 -0.0000 0.0000 0.0000 -0.0000 0.0000 0.0000 -0.0000 0.0002 0.0000 0.0003 -0.0006 0.0000 -0.0006 0.0004 0.0000 0.0001 0.0000 0.0000 -0.0000 0.0000 0.0000 -0.0002 -0.0010 -0.0000 30.0001 0.0002 -0.0001 -29.9998 0.0005 0.0002 -0.0000 0.0000 0.0000 0.2686 1.7672 0.9539 0.2686 1.7672 0.9539 86.9808 -17.8816 -82.7217 -17.0100 52.2961 1.9889 -37.2437 27.8109 25.2212 2.2930 1.6149 1.0706 0.0001 -0.0001 0.0000 -0.0000 0.0000 0.0000 0.0003 -0.0006 0.0000 0.0001 -0.0001 0.0000 -0.0000 0.0000 0.0000 -0.0000 0.0000 0.0000 0.0001 0.0007 -0.0000 0.0001 -0.0012 0.0000 0.0003 -0.0008 0.0000 -0.0000 0.0001 0.0000 -0.0000 0.0000 0.0000 -0.0000 -0.0009 0.0000 -29.9996 0.0002 0.0001 29.9996 -0.0003 0.0001 -0.0000 0.0000 0.0000 177.7201 -3.9791 1.4893 -2.0982 -5.0791 -17.0308 23.3051 71.3812 -22.2565 -0.0000 25.3510 0.0000 177.9647 7.4560 -1.4378 -0.0863 -6.3650 -0.0636 -5.6617 62.0707 9.2524 -0.0001 25.3508 0.0000
14.4484 95.9612 -36.5180 -0.1504 -1.8441 0.1330 -0.0688 1.5885 0.1010 -0.0688 1.5888 0.1010 -0.0690 1.5933 0.1013 -90.0000 -15.4870 90.0000 4.1124 56.5826 -22.4815 39.8245 -33.6217 -86.9925 -4.3723 -4.5970 -0.5036 0.0001 0.0000 0.0000 -0.0000 0.0000 0.0000 -0.0008 -0.0013 -0.0000 0.0001 -0.0004 0.0000 -0.0000 0.0000 0.0000 -0.0000 0.0000 0.0000 -0.0000 0.0002 0.0000 0.0003 -0.0006 0.0000 -0.0006 0.0004 0.0000 0.0001 0.0000 0.0000 -0.0000 0.0000 0.0000 -0.0002 -0.0010 -0.0000 30.0001 0.0002 -0.0001 -29.9998 0.0005 0.0002 -0.0000 0.0000 0.0000 0.3743 1.8096 0.9401 0.3743 1.8096 0.9401 87.0949 -17.8370 -82.7696 -15.0905 53.1476 0.8286 -31.0301 26.5516 23.3296 1.9461 1.4851 0.8106 0.0001 -0.0001 0.0000 -0.0000 0.0000 0.0000 0.0003 -0.0006 0.0000 0.0001 -0.0001 0.0000 -0.0000 0.0000 0.0000 -0.0000 0.0000 0.0000 0.0001 0.0007 -0.0000 0.0001 -0.0012 0.0000 0.0003 -0.0008 0.0000 -0.0000 0.0001 0.0000 -0.0000 0.0000 0.0000 -0.0000 -0.0008 0.0000 -29.9996 0.0002 0.0001 29.9996 -0.0003 0.0001 -0.0000 0.0000 0.0000 177.7948 -3.8001 1.5603 -2.0538 -5.0415 -16.5242 22.3166 71.5190 -21.3258 -0.0000 25.3510 0.0000 177.8849 7.5899 -1.0139 -0.0864 -6.5787 -0.0646 -6.5999 62.2636 10.1972 -0.0001 25.3508 0.0000
14.3755 95.9862 -36.3956 -0.1185 -1.6211 1.0177 -0.1098 1.6066 0.1224 -0.1098 1.6069 0.1224 -0.1101 1.6114 0.1227 -90.0000 -15.5135 90.0000 5.0142 55.9266 -22.8408 45.0861 -35.3177 -83.2605 -4.9852 -5.0935 -0.6667 0.0001 0.0000 0.0000 -0.0000 0.0000 0.0000 -0.0008 -0.0013 -0.0000 0.0001 -0.0004 0.0000 -0.0000 0.0000 0.0000 -0.0000 0.0000 0.0000 -0.0000 0.0002 0.0000 0.0003 -0.0006 0.0000 -0.0006 0.0004 0.0000 0.0001 0.0000 0.0000 -0.0000 0.0000 0.0000 -0.0002 -0.0010 -0.0000 30.0001 0.0002 -0.0001 -29.9998 0.0005 0.0002 -0.0000 0.0000 0.0000 0.4588 1.8304 0.9344 0.4588 1.8304 0.9344 87.2131 -17.7894 -82.8405 -13.0935 54.0041 -0.0307 -24.9190 25.0083 21.8123 1.6640 1.3537 0.5997 0.0001 -0.0001 0.0000 -0.0000 0.0000 0.0000 0.0003 -0.0006 0.0000 0.0001 -0.0001 0.0000 -0.0000 0.0000 0.0000 -0.0000 0.0000 0.0000 0.0001 0.0007 -0.0000 0.0001 -0.0012 0.0000 0.0003 -0.0008 0.0000 -0.0000 0.0001 0.0000 -0.0000 0.0000 0.0000 -0.0000 -0.0009 0.0000 -29.9997 0.0002 0.0001 29.9996 -0.0003 0.0001 -0.0000 0.0000 0.0000 177.8814 -3.6138 1.6095 -2.0055 -4.9935 -16.0187 21.2664 71.6586 -20.3429 -0.0000 25.3510 0.0000 177.8175 7.6833 -0.5861 -0.0866 -6.7077 -0.0650 -7.5052 62.4197 11.1057 -0.0001 25.3508 0.0000
14.3022 96.0136 -36.2597 -0.1018 -1.3906 1.8876 -0.1437 1.6205 0.1472 -0.1437 1.6209 0.1473 -0.1441 1.6254 0.1477 -90.0000 -15.5503 90.0000 5.5746 55.5543 -22.8056 50.1948 -36.5571 -79.4888 -5.3569 -5.1574 -0.8430 0.0001 0.0000 0.0000 -0.0000 0.0000 0.0000 -0.0008 -0.0013 -0.0000 0.0001 -0.0004 0.0000 -0.0000 0.0000 0.0000 -0.0000 0.0000 0.0000 -0.0000 0.0002 0.0000 0.0003 -0.0006 0.0000 -0.0006 0.0004 0.0000 0.0001 0.0000 0.0000 -0.0000 0.0000 0.0000 -0.0002 -0.0010 -0.0000 30.0001 0.0002 -0.0001 -29.9998 0.0005 0.0002 -0.0000 0.0000 0.0000 0.5249 1.8283 0.9239 0.5249 1.8283 0.9239 87.3358 -17.7476 -82.9278 -10.9656 54.8704 -0.6677 -19.0362 23.2135 20.7170 1.4381 1.2265 0.4318 0.0001 -0.0001 0.0000 -0.0000 0.0000 0.0000 0.0003 -0.0006 0.0000 0.0001 -0.0001 0.0000 -0.0000 0.0000 0.0000 -0.0000 0.0000 0.0000 0.0001 0.0007 -0.0000 0.0001 -0.0012 0.0000 0.0003 -0.0008 0.0000 -0.0000 0.0001 0.0000 -0.0000 0.0000 0.0000 -0.0000 -0.0008 0.0000 -29.9996 0.0002 0.0001 29.9996 -0.0003 0.0001 -0.0000 0.0000 0.0000 177.9777 -3.4138 1.6244 -1.9589 -4.9449 -15.4922 20.2017 71.7898 -19.3464 -0.0000 25.3510 0.0000 177.7627 7.7294 -0.1607 -0.0865 -6.7419 -0.0641 -8.3800 62.5328 11.9811 -0.0001 25.3508 0.0000
14.2291 96.0454 -36.1089 -0.1066 -1.1526 2.7425 -0.1659 1.6298 0.1795 -0.1659 1.6302 0.1797 -0.1664 1.6347 0.1801 -90.0000 -15.5809 90.0000 6.2126 54.9980 -22.7067 55.0475 -37.2820 -75.7077 -5.7336 -5.1675 -1.0421 0.0001 0.0000 0.0000 -0.0000 0.0000 0.0000 -0.0008 -0.0013 -0.0000 0.0001 -0.0004 0.0000 -0.0000 0.0000 0.0000 -0.0000 0.0000 0.0000 -0.0000 0.0002 0.0000 0.0003 -0.0006 0.0000 -0.0006 0.0004 0.0000 0.0001 0.0000 0.0000 -0.0000 0.0000 0.0000 -0.0002 -0.0010 -0.0000 30.0001 0.0002 -0.0001 -29.9998 0.0005 0.0002 -0.0000 0.0000 0.0000 0.5606 1.7987 0.8927 0.5606 1.7987 0.8927 87.4640 -17.7309 -83.0374 -8.6218 55.7792 -1.0516 -13.5148 21.1324 20.2237 1.2665 1.1020 0.3006 0.0001 -0.0001 0.0000 -0.0000 0.0000 0.0000 0.0003 -0.0006 0.0000 0.0001 -0.0001 0.0000 -0.0000 0.0000 0.0000 -0.0000 0.0000 0.0000 0.0001 0.0007 -0.0000 0.0001 -0.0012 0.0000 0.0003 -0.0008 0.0000 -0.0000 0.0001 0.0000 -0.0000 0.0000 0.0000 -0.0000 -0.0009 0.0000 -29.9996 0.0002 0.0001 29.9996 -0.0003 0.0001 -0.0000 0.0000 0.0000 178.0949 -3.1865 1.5860 -1.9258 -4.9115 -14.8954 19.2358 71.8972 -18.4380 -0.0000 25.3510 0.0000 177.7279 7.7131 0.2563 -0.0862 -6.6512 -0.0611 -9.2237 62.5897 12.8273 -0.0001 25.3508 0.0000
14.1613 96.0777 -35.9513 -0.1292 -0.9116 3.6006 -0.1778 1.6339 0.2129 -0.1779 1.6343 0.2130 -0.1783 1.6389 0.2136 -90.0000 -15.6183 90.0000 6.9515 54.2938 -22.6232 59.6370 -37.5662 -71.9517 -6.1227 -5.1456 -1.2598 0.0001 0.0000 0.0000 -0.0000 0.0000 0.0000 -0.0008 -0.0013 -0.0000 0.0001 -0.0004 0.0000 -0.0000 0.0000 0.0000 -0.0000 0.0000 0.0000 -0.0000 0.0002 0.0000 0.0003 -0.0006 0.0000 -0.0006 0.0004 0.0000 0.0001 0.0000 0.0000 -0.0000 0.0000 0.0000 -0.0002 -0.0010 -0.0000 30.0001 0.0002 -0.0001 -29.9998 0.0005 0.0002 -0.0000 0.0000 0.0000 0.5677 1.7647 0.8625 0.5677 1.7647 0.8625 87.5849 -17.7424 -83.1633 -6.1340 56.7349 -1.3064 -8.4157 18.8146 20.4871 1.1385 0.9834 0.1984 0.0001 -0.0001 0.0000 -0.0000 0.0000 0.0000 0.0003 -0.0006 0.0000 0.0001 -0.0001 0.0000 -0.0000 0.0000 0.0000 -0.0000 0.0000 0.0000 0.0001 0.0007 -0.0000 0.0001 -0.0012 0.0000 0.0003 -0.0008 0.0000 -0.0000 0.0001 0.0000 -0.0000 0.0000 0.0000 -0.0000 -0.0009 0.0000 -29.9996 0.0002 0.0001 29.9996 -0.0003 0.0001 -0.0000 0.0000 0.0000 178.2245 -2.9320 1.5658 -1.9049 -4.9132 -14.2755 18.4129 71.9884 -17.6580 -0.0000 25.3510 0.0000 177.7055 7.6747 0.6696 -0.0860 -6.5174 -0.0585 -10.0698 62.6236 13.6862 -0.0001 25.3508 0.0000
14.0970 96.1078 -35.7901 -0.1645 -0.6740 4.4461 -0.1818 1.6350 0.2507 -0.1819 1.6354 0.2507 -0.1823 1.6399 0.2514 -90.0000 -15.6653 90.0000 7.7564 53.4719 -22.5715 63.9627 -37.4364 -68.2513 -6.5187 -5.0868 -1.4944 0.0001 0.0000 0.0000 -0.0000 0.0000 0.0000 -0.0008 -0.0013 -0.0000 0.0001 -0.0004 0.0000 -0.0000 0.0000 0.0000 -0.0000 0.0000 0.0000 -0.0000 0.0002 0.0000 0.0003 -0.0006 0.0000 -0.0006 0.0004 0.0000 0.0001 0.0000 0.0000 -0.0000 0.0000 0.0000 -0.0002 -0.0010 -0.0000 30.0001 0.0002 -0.0001 -29.9998 0.0005 0.0002 -0.0000 0.0000 0.0000 0.5516 1.7287 0.8293 0.5516 1.7287 0.8293 87.6925 -17.7786 -83.2951 -3.5077 57.7352 -1.5289 -3.7173 16.3479 21.5536 1.0431 0.8714 0.1185 0.0001 -0.0001 0.0000 -0.0000 0.0000 0.0000 0.0003 -0.0006 0.0000 0.0001 -0.0001 0.0000 -0.0000 0.0000 0.0000 -0.0000 0.0000 0.0000 0.0001 0.0007 -0.0000 0.0001 -0.0012 0.0000 0.0003 -0.0008 0.0000 -0.0000 0.0001 0.0000 -0.0000 0.0000 0.0000 -0.0000 -0.0009 0.0000 -29.9996 0.0002 0.0001 29.9996 -0.0003 0.0001 -0.0000 0.0000 0.0000 178.3559 -2.6579 1.5439 -1.8876 -4.9557 -13.6437 17.6962 72.0754 -16.9690 -0.0000 25.3510 0.0000 177.6943 7.6372 1.0549 -0.0859 -6.3896 -0.0568 -10.9399 62.6521 14.5801 -0.0001 25.3508 0.0000
14.0272 96.1336 -35.6219 -0.2119 -0.4466 5.2683 -0.1737 1.6345 0.2898 -0.1737 1.6349 0.2899 -0.1742 1.6395 0.2907 -90.0000 -15.7163 90.0000 8.5665 52.4843 -22.5468 67.9602 -36.7598 -64.6502 -6.9252 -4.9775 -1.7522 0.0001 0.0000 0.0000 -0.0000 0.0000 0.0000 -0.0008 -0.0013 -0.0000 0.0001 -0.0004 0.0000 -0.0000 0.0000 0.0000 -0.0000 0.0000 0.0000 -0.0000 0.0003 0.0000 0.0003 -0.0006 0.0000 -0.0006 0.0004 0.0000 0.0001 0.0000 0.0000 -0.0000 0.0000 0.0000 -0.0002 -0.0010 -0.0000 30.0001 0.0002 -0.0001 -29.9998 0.0005 0.0002 -0.0000 0.0000 0.0000 0.5104 1.6942 0.7868 0.5104 1.6942 0.7868 87.7807 -17.8419 -83.4278 -0.7046 58.7781 -1.7910 0.5017 13.7958 23.8011 0.9786 0.7600 0.0567 0.0001 -0.0001 0.0000 -0.0000 0.0000 0.0000 0.0003 -0.0006 0.0000 0.0001 -0.0001 0.0000 -0.0000 0.0000 0.0000 -0.0000 0.0000 0.0000 0.0001 0.0007 -0.0000 0.0001 -0.0012 0.0000 0.0003 -0.0008 0.0000 -0.0000 0.0001 0.0000 -0.0000 0.0000 0.0000 -0.0000 -0.0008 0.0000 -29.9996 0.0002 0.0001 29.9996 -0.0003 0.0001 -0.0000 0.0000 0.0000 178.4886 -2.3723 1.5163 -1.8748 -5.0500 -13.0101 17.0984 72.1617 -16.3740 -0.0000 25.3511 0.0000 177.7019 7.6157 1.3863 -0.0858 -6.3111 -0.0553 -11.8725 62.6914 15.5469 -0.0001 25.3507 0.0000
13.9491 96.1562 -35.4471 -0.2676 -0.2332 6.0590 -0.1550 1.6336 0.3260 -0.1551 1.6340 0.3261 -0.1555 1.6385 0.3270 -90.0000 -15.7972 90.0000 9.4099 51.3782 -22.5469 71.7474 -35.6067 -61.2011 -7.3323 -4.8237 -2.0361 0.0001 0.0000 0.0000 -0.0000 0.0000 0.0000 -0.0008 -0.0013 -0.0000 0.0001 -0.0004 0.0000 -0.0000 0.0000 0.0000 -0.0000 0.0000 0.0000 -0.0000 0.0002 0.0000 0.0003 -0.0006 0.0000 -0.0006 0.0004 0.0000 0.0001 0.0000 0.0000 -0.0000 0.0000 0.0000 -0.0002 -0.0010 -0.0000 30.0001 0.0002 -0.0001 -29.9998 0.0005 0.0002 -0.0000 0.0000 0.0000 0.4608 1.6730 0.7457 0.4608 1.6730 0.7457 87.8632 -17.9205 -83.5568 2.1089 59.8096 -2.0634 4.2528 11.3778 27.1222 0.9350 0.6493 0.0096 0.0001 -0.0001 0.0000 -0.0000 0.0000 0.0000 0.0003 -0.0006 0.0000 0.0001 -0.0001 0.0000 -0.0000 0.0000 0.0000 -0.0000 0.0000 0.0000 0.0001 0.0007 -0.0000 0.0001 -0.0012 0.0000 0.0003 -0.0008 0.0000 -0.0000 0.0001 0.0000 -0.0000 0.0000 0.0000 -0.0000 -0.0009 0.0000 -29.9996 0.0002 0.0001 29.9996 -0.0003 0.0001 -0.0000 0.0000 0.0000 178.6193 -2.0972 1.4771 -1.8610 -5.1685 -12.3740 16.6052 72.2430 -15.8714 -0.0000 25.3510 0.0000 177.7277 7.6020 1.6723 -0.0856 -6.2691 -0.0533 -12.8390 62.7353 16.5498 -0.0001 25.3508 0.0000
13.8747 96.1772 -35.2724 -0.3304 -0.0338 6.8118 -0.1283 1.6315 0.3593 -0.1283 1.6319 0.3594 -0.1287 1.6365 0.3604 -90.2250 -15.3991 87.3397 10.2776 50.1849 -22.5349 75.1253 -34.0610 -58.1750 -7.7158 -4.6362 -2.3363 0.0001 0.0000 0.0000 -0.0000 0.0000 0.0000 -0.0008 -0.0013 -0.0000 0.0001 -0.0004 0.0000 -0.0000 0.0000 0.0000 -0.0000 0.0000 0.0000 -0.0001 0.0002 0.0000 0.0003 -0.0006 0.0000 -0.0006 0.0004 0.0000 0.0001 0.0000 0.0000 -0.0000 0.0000 0.0000 -0.0002 -0.0010 -0.0000 30.0001 0.0002 -0.0001 -29.9998 0.0005 0.0002 -0.0000 0.0000 0.0000 0.4117 1.6690 0.7076 0.4117 1.6690 0.7076 87.9397 -18.0190 -83.6838 4.8425 60.8149 -2.3059 7.5856 9.2148 31.3836 0.9035 0.5381 -0.0258 0.0001 -0.0001 0.0000 -0.0000 0.0000 0.0000 0.0003 -0.0006 0.0000 0.0001 -0.0001 0.0000 -0.0000 0.0000 0.0000 -0.0000 0.0000 0.0000 0.0001 0.0007 -0.0000 0.0001 -0.0012 0.0000 0.0003 -0.0008 0.0000 -0.0000 0.0001 0.0000 -0.0000 0.0000 0.0000 -0.0000 -0.0009 0.0000 -29.9996 0.0002 0.0001 29.9996 -0.0003 0.0001 -0.0000 0.0000 0.0000 178.7408 -1.8388 1.4157 -1.8344 -5.3012 -11.7344 16.1909 72.3207 -15.4452 -0.0000 25.3510 0.0000 177.7644 7.5838 1.9234 -0.0855 -6.2403 -0.0516 -13.8009 62.7778 17.5525 -0.0001 25.3508 0.0000
13.8195 96.1961 -35.0945 -0.3994 0.1430 7.4691 -0.0927 1.6276 0.3959 -0.0927 1.6280 0.3960 -0.0930 1.6326 0.3971 -90.1154 -15.3678 87.2424 11.1141 48.8710 -22.4317 78.0106 -32.0728 -55.7855 -8.0630 -4.4239 -2.6580 0.0001 0.0000 0.0000 -0.0000 0.0000 0.0000 -0.0008 -0.0013 -0.0000 0.0001 -0.0004 0.0000 -0.0000 0.0000 0.0000 -0.0000 0.0000 0.0000 -0.0000 0.0002 0.0000 0.0003 -0.0006 0.0000 -0.0006 0.0004 0.0000 0.0001 0.0000 0.0000 -0.0000 0.0000 0.0000 -0.0002 -0.0010 -0.0000 30.0001 0.0003 -0.0002 -29.9998 0.0005 0.0002 -0.0000 0.0000 0.0000 0.3746 1.6927 0.6752 0.3746 1.6927 0.6752 88.0088 -18.1512 -83.8209 7.3576 61.7496 -2.3846 10.2715 7.4042 36.6441 0.8836 0.4217 -0.0497 0.0001 -0.0001 0.0000 -0.0000 0.0000 0.0000 0.0003 -0.0006 0.0000 0.0001 -0.0001 0.0000 -0.0000 0.0000 0.0000 -0.0000 0.0000 0.0000 0.0001 0.0007 -0.0000 0.0001 -0.0012 0.0000 0.0003 -0.0008 0.0000 -0.0000 0.0001 0.0000 -0.0000 0.0000 0.0000 -0.0000 -0.0009 0.0000 -29.9996 0.0002 0.0001 29.9996 -0.0003 0.0001 -0.0000 0.0000 0.0000 178.8411 -1.6227 1.3064 -1.7814 -5.4293 -11.1228 15.8490 72.3913 -15.0946 -0.0000 25.3510 0.0000 177.8140 7.5350 2.1048 -0.0854 -6.2070 -0.0509 -14.7146 62.8266 18.5137 -0.0001 25.3508 0.0000
13.7823 96.2131 -34.9101 -0.4713 0.3076 8.0443 -0.0518 1.6208 0.4300 -0.0519 1.6212 0.4301 -0.0520 1.6257 0.4313 -89.9836 -15.3109 87.1313 11.9154 47.4946 -22.2017 80.5135 -29.8114 -54.0249 -8.3627 -4.2030 -2.9951 0.0001 0.0000 0.0000 -0.0000 0.0000 0.0000 -0.0008 -0.0013 -0.0000 0.0001 -0.0004 0.0000 -0.0000 0.0000 0.0000 -0.0000 0.0000 0.0000 -0.0000 0.0002 0.0000 0.0003 -0.0006 0.0000 -0.0006 0.0004 0.0000 0.0001 0.0000 0.0000 -0.0000 0.0000 0.0000 -0.0002 -0.0010 -0.0000 30.0001 0.0002 -0.0001 -29.9998 0.0005 0.0002 -0.0000 0.0000 0.0000 0.3513 1.7335 0.6474 0.3513 1.7335 0.6474 88.0875 -18.2993 -83.9733 9.6059 62.6204 -2.1653 12.3757 5.9247 42.3832 0.8640 0.3030 -0.0646 0.0001 -0.0001 0.0000 -0.0000 0.0000 0.0000 0.0003 -0.0006 0.0000 0.0001 -0.0001 0.0000 -0.0000 0.0000 0.0000 -0.0000 0.0000 0.0000 0.0001 0.0007 -0.0000 0.0001 -0.0012 0.0000 0.0003 -0.0008 0.0000 -0.0000 0.0001 0.0000 -0.0000 0.0000 0.0000 -0.0000 -0.0009 0.0000 -29.9996 0.0002 0.0001 29.9996 -0.0003 0.0001 -0.0000 0.0000 0.0000 178.9284 -1.4498 1.1935 -1.7137 -5.5243 -10.5704 15.5591 72.4463 -14.8047 -0.0000 25.3510 0.0000 177.8726 7.4580 2.2358 -0.0854 -6.1588 -0.0504 -15.5737 62.8824 19.4220 -0.0001 25.3507 0.0000
13.7479 96.2295 -34.7048 -0.5446 0.4654 8.5425 -0.0080 1.6095 0.4613 -0.0080 1.6099 0.4614 -0.0080 1.6144 0.4627 -89.8299 -15.2303 87.0146 12.7241 46.1365 -21.8928 82.7459 -27.3585 -52.7645 -8.6135 -3.9821 -3.3380 0.0001 0.0000 0.0000 -0.0000 0.0000 0.0000 -0.0008 -0.0013 -0.0000 0.0001 -0.0004 0.0000 -0.0000 0.0000 0.0000 -0.0000 0.0000 0.0000 -0.0000 0.0002 0.0000 0.0003 -0.0006 0.0000 -0.0006 0.0004 0.0000 0.0001 0.0000 0.0000 -0.0000 0.0000 0.0000 -0.0002 -0.0010 -0.0000 30.0001 0.0002 -0.0001 -29.9998 0.0005 0.0002 -0.0000 0.0000 0.0000 0.3391 1.7865 0.6226 0.3391 1.7865 0.6226 88.1759 -18.4579 -84.1302 11.6087 63.4397 -1.6619 13.9163 4.7288 48.4136 0.8378 0.1828 -0.0721 0.0001 -0.0001 0.0000 -0.0000 0.0000 0.0000 0.0003 -0.0006 0.0000 0.0001 -0.0001 0.0000 -0.0000 0.0000 0.0000 -0.0000 0.0000 0.0000 0.0001 0.0007 -0.0000 0.0001 -0.0012 0.0000 0.0003 -0.0008 0.0000 -0.0000 0.0001 0.0000 -0.0000 0.0000 0.0000 -0.0000 -0.0009 0.0000 -29.9996 0.0002 0.0001 29.9996 -0.0003 0.0001 -0.0000 0.0000 0.0000 179.0020 -1.3136 1.0904 -1.6304 -5.5840 -10.0865 15.3097 72.4874 -14.5671 -0.0000 25.3510 0.0000 177.9441 7.3576 2.3331 -0.0853 -6.1004 -0.0497 -16.3670 62.9554 20.2571 -0.0001 25.3508 0.0000
13.7053 96.2456 -34.4672 -0.6181 0.6206 8.9208 0.0368 1.5901 0.4901 0.0368 1.5905 0.4902 0.0369 1.5949 0.4916 -89.6417 -15.1143 86.9019 13.5626 44.7159 -21.3189 84.5209 -24.8699 -52.2425 -8.8032 -3.7729 -3.6823 0.0001 0.0000 0.0000 -0.0000 0.0000 0.0000 -0.0008 -0.0013 -0.0000 0.0001 -0.0004 0.0000 -0.0000 0.0000 0.0000 -0.0000 0.0000 0.0000 -0.0000 0.0002 0.0000 0.0003 -0.0006 0.0000 -0.0006 0.0004 0.0000 0.0001 0.0000 0.0000 -0.0000 0.0000 0.0000 -0.0002 -0.0010 -0.0000 30.0001 0.0002 -0.0001 -29.9998 0.0005 0.0002 -0.0000 0.0000 0.0000 0.3434 1.8499 0.5971 0.3434 1.8499 0.5971 88.2664 -18.6340 -84.2793 13.2923 64.1866 -0.7989 14.5967 3.7534 54.4537 0.8076 0.0637 -0.0723 0.0001 -0.0001 0.0000 -0.0000 0.0000 0.0000 0.0003 -0.0006 0.0000 0.0001 -0.0001 0.0000 -0.0000 0.0000 0.0000 -0.0000 0.0000 0.0000 0.0001 0.0007 -0.0000 0.0001 -0.0011 0.0000 0.0003 -0.0008 0.0000 -0.0000 0.0001 0.0000 -0.0000 0.0000 0.0000 -0.0000 -0.0009 0.0000 -29.9996 0.0002 0.0001 29.9996 -0.0003 0.0001 -0.0000 0.0000 0.0000 179.0570 -1.2200 1.0054 -1.5274 -5.5974 -9.7287 15.0690 72.5170 -14.3579 -0.0000 25.3510 0.0000 178.0352 7.2451 2.3920 -0.0852 -6.0374 -0.0483 -17.0339 63.0619 20.9473 -0.0001 25.3508 0.0000
13.6538 96.2614 -34.2177 -0.6908 0.7795 9.1992 0.0795 1.5647 0.5167 0.0796 1.5651 0.5168 0.0797 1.5695 0.5182 -89.4316 -14.9631 86.7867 14.4968 43.3124 -20.5119 85.9079 -22.5050 -52.2555 -8.9360 -3.5804 -4.0086 0.0001 0.0000 0.0000 -0.0000 0.0000 0.0000 -0.0008 -0.0013 -0.0000 0.0001 -0.0004 0.0000 -0.0000 0.0000 0.0000 -0.0000 0.0000 0.0000 -0.0000 0.0002 0.0000 0.0003 -0.0006 0.0000 -0.0006 0.0004 0.0000 0.0001 0.0000 0.0000 -0.0000 0.0000 0.0000 -0.0002 -0.0010 -0.0000 30.0001 0.0002 -0.0001 -29.9998 0.0005 0.0002 -0.0000 0.0000 0.0000 0.3624 1.9119 0.5653 0.3624 1.9119 0.5653 88.3564 -18.8180 -84.4071 14.7369 64.8462 0.1987 14.5833 2.9575 60.2485 0.7700 -0.0476 -0.0681 0.0001 -0.0001 0.0000 -0.0000 0.0000 0.0000 0.0003 -0.0006 0.0000 0.0001 -0.0001 0.0000 -0.0000 0.0000 0.0000 -0.0000 0.0000 0.0000 0.0001 0.0007 -0.0000 0.0001 -0.0012 0.0000 0.0003 -0.0008 0.0000 -0.0000 0.0001 0.0000 -0.0000 0.0000 0.0000 -0.0000 -0.0009 0.0000 -29.9996 0.0002 0.0001 29.9996 -0.0003 0.0001 -0.0000 0.0000 0.0000 179.1072 -1.1479 0.9447 -1.4251 -5.5785 -9.4941 14.8139 72.5400 -14.1472 -0.0000 25.3510 0.0000 178.1372 7.1495 2.4230 -0.0851 -5.9835 -0.0469 -17.5845 63.1902 21.5087 -0.0001 25.3508 0.0000
13.6001 96.2772 -33.9721 -0.7621 0.9434 9.3912 0.1199 1.5357 0.5403 0.1199 1.5360 0.5404 0.1202 1.5403 0.5419 -89.2014 -14.8144 86.6699 15.5578 41.9774 -19.4386 86.9697 -20.3542 -52.6642 -9.0154 -3.4041 -4.3068 0.0001 0.0000 0.0000 -0.0000 0.0000 0.0000 -0.0008 -0.0013 -0.0000 0.0001 -0.0004 0.0000 -0.0000 0.0000 0.0000 -0.0000 0.0000 0.0000 -0.0001 0.0002 0.0000 0.0003 -0.0006 0.0000 -0.0006 0.0004 0.0000 0.0001 0.0000 0.0000 -0.0000 0.0000 0.0000 -0.0002 -0.0010 -0.0000 30.0001 0.0002 -0.0001 -29.9998 0.0005 0.0002 -0.0000 0.0000 0.0000 0.3950 1.9673 0.5258 0.3950 1.9673 0.5258 88.4483 -18.9988 -84.5127 16.0121 65.4221 1.2340 13.9860 2.2717 65.6990 0.7265 -0.1484 -0.0612 0.0001 -0.0001 0.0000 -0.0000 0.0000 0.0000 0.0003 -0.0006 0.0000 0.0001 -0.0001 0.0000 -0.0000 0.0000 0.0000 -0.0000 0.0000 0.0000 0.0001 0.0007 -0.0000 0.0001 -0.0012 0.0000 0.0003 -0.0008 0.0000 -0.0000 0.0001 0.0000 -0.0000 0.0000 0.0000 -0.0000 -0.0009 0.0000 -29.9996 0.0002 0.0001 29.9996 -0.0003 0.0001 -0.0000 0.0000 0.0000 179.1607 -1.0884 0.9092 -1.3365 -5.5348 -9.3629 14.5727 72.5541 -13.9599 -0.0000 25.3510 0.0000 178.2441 7.0726 2.4342 -0.0851 -5.9339 -0.0457 -18.0211 63.3328 21.9460 -0.0001 25.3508 0.0000
13.5456 96.2924 -33.7493 -0.8302 1.1142 9.4661 0.1574 1.5025 0.5572 0.1574 1.5028 0.5573 0.1579 1.5070 0.5589 -88.9564 -14.6763 86.5525 16.7628 40.7915 -17.9245 87.5511 -18.5443 -53.5102 -9.0354 -3.2449 -4.5590 0.0001 0.0000 0.0000 -0.0000 0.0000 0.0000 -0.0008 -0.0013 -0.0000 0.0001 -0.0004 0.0000 -0.0000 0.0000 0.0000 -0.0000 0.0000 0.0000 -0.0000 0.0002 0.0000 0.0003 -0.0006 0.0000 -0.0006 0.0004 0.0000 0.0001 0.0000 0.0000 -0.0000 0.0000 0.0000 -0.0002 -0.0010 -0.0000 30.0001 0.0002 -0.0001 -29.9998 0.0005 0.0002 -0.0000 0.0000 0.0000 0.4434 2.0129 0.4717 0.4434 2.0129 0.4717 88.5292 -19.1690 -84.5872 17.1554 65.8484 2.0857 12.6556 1.6904 70.5102 0.6864 -0.2354 -0.0524 0.0001 -0.0001 0.0000 -0.0000 0.0000 0.0000 0.0003 -0.0006 0.0000 0.0001 -0.0001 0.0000 -0.0000 0.0000 0.0000 -0.0000 0.0000 0.0000 0.0001 0.0007 -0.0000 0.0001 -0.0012 0.0000 0.0003 -0.0008 0.0000 -0.0000 0.0001 0.0000 -0.0000 0.0000 0.0000 -0.0000 -0.0009 0.0000 -29.9996 0.0002 0.0001 29.9996 -0.0003 0.0001 -0.0000 0.0000 0.0000 179.2193 -1.0361 0.8878 -1.2717 -5.4711 -9.3358 14.4115 72.5513 -13.8620 -0.0000 25.3510 0.0000 178.3532 7.0280 2.4304 -0.0850 -5.8918 -0.0452 -18.2722 63.4935 22.1838 -0.0001 25.3508 0.0000
13.4901 96.3073 -33.5376 -0.8961 1.2881 9.4563 0.1945 1.4672 0.5661 0.1946 1.4675 0.5663 0.1952 1.4716 0.5679 -88.7162 -14.5565 86.4349 18.0512 39.7400 -15.9551 87.7640 -17.0746 -54.7225 -9.0006 -3.1025 -4.7678 0.0001 0.0000 0.0000 -0.0000 0.0000 0.0000 -0.0008 -0.0013 -0.0000 0.0001 -0.0004 0.0000 -0.0000 0.0000 0.0000 -0.0000 0.0000 0.0000 -0.0000 0.0002 0.0000 0.0003 -0.0006 0.0000 -0.0006 0.0004 0.0000 0.0001 0.0000 0.0000 -0.0000 0.0000 0.0000 -0.0002 -0.0010 -0.0000 30.0001 0.0002 -0.0001 -29.9998 0.0005 0.0002 -0.0000 0.0000 0.0000 0.4962 2.0533 0.4059 0.4962 2.0533 0.4059 88.5840 -19.3159 -84.6438 18.2356 66.1233 2.6131 10.8796 1.2088 74.7094 0.6527 -0.3093 -0.0433 0.0001 -0.0001 0.0000 -0.0000 0.0000 0.0000 0.0003 -0.0006 0.0000 0.0001 -0.0001 0.0000 -0.0000 0.0000 0.0000 -0.0000 0.0000 0.0000 0.0001 0.0007 -0.0000 0.0001 -0.0012 0.0000 0.0003 -0.0008 0.0000 -0.0000 0.0001 0.0000 -0.0000 0.0000 0.0000 -0.0000 -0.0009 0.0000 -29.9996 0.0002 0.0001 29.9996 -0.0003 0.0001 -0.0000 0.0000 0.0000 179.2808 -0.9876 0.8720 -1.2285 -5.4024 -9.3607 14.3777 72.5335 -13.8936 -0.0000 25.3510 0.0000 178.4681 7.0000 2.4229 -0.0850 -5.8562 -0.0446 -18.3823 63.6745 22.2646 -0.0001 25.3508 0.0000
13.4359 96.3218 -33.3281 -0.9594 1.4639 9.3786 0.2320 1.4310 0.5667 0.2321 1.4313 0.5668 0.2327 1.4354 0.5684 -88.4851 -14.4524 86.3163 19.3405 38.8893 -13.5834 87.7106 -15.8728 -56.1622 -8.9065 -2.9400 -4.9363 0.0001 0.0000 0.0000 -0.0000 0.0000 0.0000 -0.0008 -0.0013 -0.0000 0.0001 -0.0004 0.0000 -0.0000 0.0000 0.0000 -0.0000 0.0000 0.0000 -0.0000 0.0002 0.0000 0.0003 -0.0006 0.0000 -0.0006 0.0004 0.0000 0.0001 0.0000 0.0000 -0.0000 0.0000 0.0000 -0.0002 -0.0010 -0.0000 30.0001 0.0002 -0.0001 -29.9998 0.0005 0.0001 -0.0000 0.0000 0.0000 0.5477 2.0891 0.3304 0.5477 2.0891 0.3304 88.6244 -19.4518 -84.7046 19.1867 66.2504 2.8819 8.8151 0.8113 78.3326 0.6266 -0.3724 -0.0341 0.0001 -0.0001 0.0000 -0.0000 0.0000 0.0000 0.0003 -0.0006 0.0000 0.0001 -0.0001 0.0000 -0.0000 0.0000 0.0000 -0.0000 0.0000 0.0000 0.0001 0.0007 -0.0000 0.0001 -0.0012 0.0000 0.0003 -0.0008 0.0000 -0.0000 0.0001 0.0000 -0.0000 0.0000 0.0000 -0.0000 -0.0009 0.0000 -29.9996 0.0002 0.0001 29.9996 -0.0003 0.0001 -0.0000 0.0000 0.0000 179.3413 -0.9435 0.8675 -1.2007 -5.3317 -9.4254 14.4765 72.5029 -14.0578 -0.0000 25.3510 0.0000 178.5892 6.9890 2.4016 -0.0849 -5.8262 -0.0437 -18.3970 63.8645 22.2386 -0.0001 25.3508 0.0000
13.3884 96.3352 -33.1114 -1.0167 1.6424 9.2147 0.2695 1.3934 0.5525 0.2695 1.3937 0.5526 0.2702 1.3976 0.5540 -88.2706 -14.3534 86.1997 20.4254 38.4029 -10.7250 87.2753 -14.9251 -57.6451 -8.7466 -2.6911 -5.0502 0.0001 0.0000 0.0000 -0.0000 0.0000 0.0000 -0.0008 -0.0013 -0.0000 0.0001 -0.0004 0.0000 -0.0000 0.0000 0.0000 -0.0000 0.0000 0.0000 -0.0001 0.0002 0.0000 0.0003 -0.0006 0.0000 -0.0006 0.0004 0.0000 0.0001 0.0000 0.0000 -0.0000 0.0000 0.0000 -0.0002 -0.0010 -0.0000 30.0001 0.0002 -0.0001 -29.9998 0.0005 0.0002 -0.0000 0.0000 0.0000 0.5880 2.1200 0.2495 0.5880 2.1200 0.2495 88.6526 -19.5674 -84.7929 19.8720 66.1892 2.8370 6.4497 0.4928 81.1277 0.6186 -0.4253 -0.0249 0.0001 -0.0001 0.0000 -0.0000 0.0000 0.0000 0.0003 -0.0006 0.0000 0.0001 -0.0001 0.0000 -0.0000 0.0000 0.0000 -0.0000 0.0000 0.0000 0.0001 0.0007 -0.0000 0.0001 -0.0012 0.0000 0.0003 -0.0008 0.0000 -0.0000 0.0001 0.0000 -0.0000 0.0000 0.0000 -0.0000 -0.0009 0.0000 -29.9996 0.0002 0.0001 29.9996 -0.0003 0.0001 -0.0000 0.0000 0.0000 179.3910 -0.9129 0.8823 -1.1840 -5.2563 -9.5484 14.7379 72.4626 -14.3826 -0.0000 25.3510 0.0000 178.7161 7.0077 2.3544 -0.0850 -5.8120 -0.0431 -18.3054 64.0628 22.0916 -0.0001 25.3507 0.0000
13.3481 96.3503 -32.8877 -1.0684 1.8244 8.9896 0.3082 1.3540 0.5222 0.3083 1.3543 0.5223 0.3091 1.3581 0.5237 -88.0704 -14.2643 86.0902 21.2541 38.1791 -7.6161 86.6144 -14.0525 -58.9273 -8.5640 -2.3853 -5.1143 0.0001 0.0000 0.0000 -0.0000 0.0000 0.0000 -0.0008 -0.0013 -0.0000 0.0001 -0.0004 0.0000 -0.0000 0.0000 0.0000 -0.0000 0.0000 0.0000 -0.0000 0.0002 0.0000 0.0003 -0.0006 0.0000 -0.0006 0.0004 0.0000 0.0001 0.0000 0.0000 -0.0000 0.0000 0.0000 -0.0002 -0.0010 -0.0000 30.0001 0.0002 -0.0001 -29.9998 0.0005 0.0002 -0.0000 0.0000 0.0000 0.6081 2.1481 0.1838 0.6081 2.1481 0.1838 88.6689 -19.6654 -84.9118 20.3533 66.0357 2.6047 3.8299 0.1384 83.3253 0.6262 -0.4745 -0.0148 0.0001 -0.0001 0.0000 -0.0000 0.0000 0.0000 0.0003 -0.0006 0.0000 0.0001 -0.0001 0.0000 -0.0000 0.0000 0.0000 -0.0000 0.0000 0.0000 0.0001 0.0007 -0.0000 0.0001 -0.0012 0.0000 0.0003 -0.0008 0.0000 -0.0000 0.0001 0.0000 -0.0000 0.0000 0.0000 -0.0000 -0.0009 0.0000 -29.9996 0.0002 0.0001 29.9996 -0.0003 0.0001 -0.0000 0.0000 0.0000 179.4278 -0.8994 0.8997 -1.1668 -5.1756 -9.7165 15.0605 72.4296 -14.7643 -0.0000 25.3510 0.0000 178.8456 7.0491 2.2769 -0.0849 -5.8132 -0.0423 -18.1598 64.2673 21.8794 -0.0001 25.3508 0.0000
13.3126 96.3665 -32.6612 -1.1149 2.0116 8.7120 0.3491 1.3123 0.4775 0.3492 1.3126 0.4776 0.3501 1.3163 0.4789 -87.8818 -14.1899 85.9930 21.8247 38.1619 -4.4361 85.7795 -13.0964 -59.9759 -8.3635 -2.0271 -5.1353 0.0001 0.0000 0.0000 -0.0000 0.0000 0.0000 -0.0008 -0.0013 -0.0000 0.0001 -0.0004 0.0000 -0.0000 0.0000 0.0000 -0.0000 0.0000 0.0000 -0.0001 0.0002 0.0000 0.0003 -0.0006 0.0000 -0.0006 0.0004 0.0000 0.0001 0.0000 0.0000 -0.0000 0.0000 0.0000 -0.0002 -0.0010 -0.0000 30.0001 0.0002 -0.0001 -29.9998 0.0005 0.0002 -0.0000 0.0000 0.0000 0.6094 2.1777 0.1230 0.6094 2.1777 0.1230 88.6744 -19.7489 -85.0566 20.5923 65.8155 2.2722 0.9786 -0.2770 85.1258 0.6487 -0.5251 -0.0033 0.0001 -0.0001 0.0000 -0.0000 0.0000 0.0000 0.0003 -0.0006 0.0000 0.0001 -0.0001 0.0000 -0.0000 0.0000 0.0000 -0.0000 0.0000 0.0000 0.0001 0.0007 -0.0000 0.0001 -0.0012 0.0000 0.0003 -0.0008 0.0000 -0.0000 0.0001 0.0000 -0.0000 0.0000 0.0000 -0.0000 -0.0008 0.0000 -29.9996 0.0002 0.0001 29.9996 -0.0003 0.0001 -0.0000 0.0000 0.0000 179.4541 -0.8996 0.9079 -1.1496 -5.0886 -9.9159 15.4183 72.4060 -15.1736 -0.0000 25.3510 0.0000 178.9747 7.1088 2.1678 -0.0848 -5.8259 -0.0414 -17.9715 64.4777 21.6212 -0.0001 25.3508 0.0000
13.2829 96.3856 -32.4380 -1.1546 2.2090 8.3588 0.3926 1.2656 0.4149 0.3926 1.2658 0.4150 0.3938 1.2694 0.4162 -87.7069 -14.1383 85.9253 21.9766 38.3461 -1.3984 84.6792 -11.8029 -60.6589 -8.1517 -1.5984 -5.1108 0.0001 0.0000 0.0000 -0.0000 0.0000 0.0000 -0.0008 -0.0013 -0.0000 0.0001 -0.0004 0.0000 -0.0000 0.0000 0.0000 -0.0000 0.0000 0.0000 -0.0000 0.0003 0.0000 0.0003 -0.0006 0.0000 -0.0006 0.0004 0.0000 0.0001 0.0000 0.0000 -0.0000 0.0000 0.0000 -0.0002 -0.0010 -0.0000 30.0001 0.0002 -0.0001 -29.9998 0.0005 0.0002 -0.0000 0.0000 0.0000 0.5843 2.2124 0.0703 0.5843 2.2124 0.0703 88.6762 -19.8371 -85.2467 20.5628 65.5353 1.8749 -2.3422 -0.8054 86.4469 0.6931 -0.5820 0.0121 0.0001 -0.0001 0.0000 -0.0000 0.0000 0.0000 0.0003 -0.0006 0.0000 0.0001 -0.0001 0.0000 -0.0000 0.0000 0.0000 -0.0000 0.0000 0.0000 0.0001 0.0007 -0.0000 0.0001 -0.0012 0.0000 0.0003 -0.0008 0.0000 -0.0000 0.0001 0.0000 -0.0000 0.0000 0.0000 -0.0000 -0.0009 0.0000 -29.9996 0.0002 0.0001 29.9996 -0.0003 0.0001 -0.0000 0.0000 0.0000 179.4691 -0.9035 0.8879 -1.1392 -4.9996 -10.1403 15.8383 72.3932 -15.6313 -0.0000 25.3510 0.0000 179.0975 7.2000 2.0093 -0.0848 -5.8538 -0.0409 -17.7214 64.6916 21.3040 -0.0001 25.3508 0.0000
13.2540 96.4049 -32.2286 -1.1848 2.3804 8.0331 0.4296 1.2245 0.3568 0.4297 1.2247 0.3568 0.4308 1.2283 0.3579 -87.5593 -14.0955 85.8764 21.9272 38.5697 1.0846 83.6663 -10.5387 -61.0654 -7.9597 -1.2130 -5.0663 0.0001 0.0000 0.0000 -0.0000 0.0000 0.0000 -0.0008 -0.0013 -0.0000 0.0001 -0.0004 0.0000 -0.0000 0.0000 0.0000 -0.0000 0.0000 0.0000 -0.0000 0.0002 0.0000 0.0003 -0.0006 0.0000 -0.0006 0.0004 0.0000 0.0001 0.0000 0.0000 -0.0000 0.0000 0.0000 -0.0002 -0.0010 -0.0000 30.0001 0.0002 -0.0001 -29.9998 0.0005 0.0002 -0.0000 0.0000 0.0000 0.5541 2.2429 0.0305 0.5541 2.2429 0.0305 88.6774 -19.9161 -85.4222 20.4114 65.2998 1.5496 -5.3212 -1.3631 87.4054 0.7426 -0.6381 0.0281 0.0001 -0.0001 0.0000 -0.0000 0.0000 0.0000 0.0003 -0.0006 0.0000 0.0001 -0.0001 0.0000 -0.0000 0.0000 0.0000 -0.0000 0.0000 0.0000 0.0001 0.0007 -0.0000 0.0001 -0.0012 0.0000 0.0003 -0.0008 0.0000 -0.0000 0.0001 0.0000 -0.0000 0.0000 0.0000 -0.0000 -0.0008 0.0000 -29.9996 0.0002 0.0001 29.9996 -0.0003 0.0001 -0.0000 0.0000 0.0000 179.4775 -0.9053 0.8573 -1.1330 -4.9246 -10.3318 16.2259 72.3842 -16.0451 -0.0000 25.3510 0.0000 179.2051 7.2675 1.8533 -0.0848 -5.8705 -0.0399 -17.5007 64.8808 21.0238 -0.0001 25.3508 0.0000
13.2285 96.4214 -32.0620 -1.2078 2.5236 7.7500 0.4608 1.1899 0.3041 0.4609 1.1902 0.3042 0.4622 1.1936 0.3050 -87.4399 -14.0716 85.8442 21.7637 38.7804 3.0389 82.7950 -9.3997 -61.2517 -7.7956 -0.8841 -5.0157 0.0001 0.0000 0.0000 -0.0000 0.0000 0.0000 -0.0008 -0.0013 -0.0000 0.0001 -0.0004 0.0000 -0.0000 0.0000 0.0000 -0.0000 0.0000 0.0000 -0.0000 0.0002 0.0000 0.0003 -0.0006 0.0000 -0.0006 0.0004 0.0000 0.0001 0.0000 0.0000 -0.0000 0.0000 0.0000 -0.0002 -0.0010 -0.0000 30.0001 0.0002 -0.0001 -29.9998 0.0005 0.0002 -0.0000 0.0000 0.0000 0.5215 2.2681 0.0062 0.5215 2.2681 0.0062 88.6744 -19.9784 -85.5746 20.2055 65.1132 1.3026 -7.8835 -1.9023 88.1142 0.7927 -0.6923 0.0440 0.0001 -0.0001 0.0000 -0.0000 0.0000 0.0000 0.0003 -0.0006 0.0000 0.0001 -0.0001 0.0000 -0.0000 0.0000 0.0000 -0.0000 0.0000 0.0000 0.0001 0.0007 -0.0000 0.0001 -0.0011 0.0000 0.0003 -0.0008 0.0000 -0.0000 0.0001 0.0000 -0.0000 0.0000 0.0000 -0.0000 -0.0009 0.0000 -29.9996 0.0002 0.0001 29.9996 -0.0003 0.0001 -0.0000 0.0000 0.0000 179.4832 -0.9030 0.8207 -1.1295 -4.8679 -10.4883 16.5552 72.3803 -16.3934 -0.0000 25.3510 0.0000 179.2912 7.3281 1.7122 -0.0848 -5.8769 -0.0389 -17.3010 65.0272 20.7764 -0.0001 25.3508 0.0000
13.2285 96.4214 -32.0620 -1.2078 2.5236 7.7500 0.4608 1.1899 0.3041 0.4609 1.1902 0.3042 0.4622 1.1936 0.3050 -87.4399 -14.0716 85.8442 21.7637 38.7804 3.0389 82.7950 -9.3997 -61.2517 -7.7956 -0.8841 -5.0157 0.0001 0.0000 0.0000 -0.0000 0.0000 0.0000 -0.0008 -0.0013 -0.0000 0.0001 -0.0004 0.0000 -0.0000 0.0000 0.0000 -0.0000 0.0000 0.0000 -0.0000 0.0002 0.0000 0.0003 -0.0006 0.0000 -0.0006 0.0004 0.0000 0.0001 0.0000 0.0000 -0.0000 0.0000 0.0000 -0.0002 -0.0010 -0.0000 30.0001 0.0002 -0.0001 -29.9998 0.0005 0.0002 -0.0000 0.0000 0.0000 0.5215 2.2681 0.0062 0.5215 2.2681 0.0062 88.6744 -19.9784 -85.5746 20.2055 65.1132 1.3026 -7.8835 -1.9023 88.1142 0.7927 -0.6923 0.0440 0.0001 -0.0001 0.0000 -0.0000 0.0000 0.0000 0.0003 -0.0006 0.0000 0.0001 -0.0001 0.0000 -0.0000 0.0000 0.0000 -0.0000 0.0000 0.0000 0.0001 0.0007 -0.0000 0.0001 -0.0011 0.0000 0.0003 -0.0008 0.0000 -0.0000 0.0001 0.0000 -0.0000 0.0000 0.0000 -0.0000 -0.0009 0.0000 -29.9996 0.0002 0.0001 29.9996 -0.0003 0.0001 -0.0000 0.0000 0.0000 179.4832 -0.9030 0.8207 -1.1295 -4.8679 -10.4883 16.5552 72.3803 -16.3934 -0.0000 25.3510 0.0000 179.2912 7.3281 1.7122 -0.0848 -5.8769 -0.0389 -17.3010 65.0272 20.7764 -0.0001 25.3508 0.0000
