HIERARCHY
ROOT Hips
{
  OFFSET 0.0000 96.6554 0.0000
  CHANNELS 6 Xposition Yposition Zposition Yrotation Xrotation Zrotation
  JOINT Spine
  {
    OFFSET 0.0000 13.2344 0.0000
    CHANNELS 3 Yrotation Xrotation Zrotation
    JOINT Spine1
    {
      OFFSET 0.0000 12.9244 0.0000
      CHANNELS 3 Yrotation Xrotation Zrotation
      JOINT Spine2
      {
        OFFSET 0.0000 13.3596 0.0000
        CHANNELS 3 Yrotation Xrotation Zrotation
        JOINT LeftShoulder
        {
          OFFSET 7.2389 10.7865 0.0000
          CHANNELS 3 Yrotation Xrotation Zrotation
          JOINT LeftArm
          {
            OFFSET 0.0000 13.8402 0.0000
            CHANNELS 3 Yrotation Xrotation Zrotation
            JOINT LeftForeArm
            {
              OFFSET -0.0001 26.8373 0.0000
              CHANNELS 3 Yrotation Xrotation Zrotation
              JOINT LeftHand
              {
                OFFSET 0.0000 29.5519 0.0000
                CHANNELS 3 Yrotation Xrotation Zrotation
                JOINT LeftHandIndex1
                {
                  OFFSET -2.6557 8.3719 0.1068
                  CHANNELS 3 Yrotation Xrotation Zrotation
                  JOINT LeftHandIndex2
                  {
                    OFFSET 0.0000 4.7496 0.0000
                    CHANNELS 3 Yrotation Xrotation Zrotation
                    JOINT LeftHandIndex3
                    {
                      OFFSET 0.0000 2.9220 0.0000
                      CHANNELS 3 Yrotation Xrotation Zrotation
                      End Site
                      {
                        OFFSET 0.0000 1.3566 0.0000
                      }
                    }
                  }
                }
                JOINT LeftHandMiddle1
                {
                  OFFSET -0.5651 8.4368 0.1068
                  CHANNELS 3 Yrotation Xrotation Zrotation
                  JOINT LeftHandMiddle2
                  {
                    OFFSET 0.0000 4.8759 0.0000
                    CHANNELS 3 Yrotation Xrotation Zrotation
                    JOINT LeftHandMiddle3
                    {
                      OFFSET 0.0000 3.2160 0.0000
                      CHANNELS 3 Yrotation Xrotation Zrotation
                      End Site
                      {
                        OFFSET 0.0000 1.4991 0.0000
                      }
                    }
                  }
                }
                JOINT LeftHandPinky1
                {
                  OFFSET 3.2526 7.2771 0.1068
                  CHANNELS 3 Yrotation Xrotation Zrotation
                  JOINT LeftHandPinky2
                  {
                    OFFSET 0.0000 3.6852 0.0000
                    CHANNELS 3 Yrotation Xrotation Zrotation
                    JOINT LeftHandPinky3
                    {
                      OFFSET 0.0000 2.3164 0.0000
                      CHANNELS 3 Yrotation Xrotation Zrotation
                      End Site
                      {
                        OFFSET 0.0000 1.1205 0.0000
                      }
                    }
                  }
                }
                JOINT LeftHandRing1
                {
                  OFFSET 1.4936 8.0949 0.1069
                  CHANNELS 3 Yrotation Xrotation Zrotation
                  JOINT LeftHandRing2
                  {
                    OFFSET 0.0000 4.5543 0.0000
                    CHANNELS 3 Yrotation Xrotation Zrotation
                    JOINT LeftHandRing3
                    {
                      OFFSET 0.0000 2.9372 0.0000
                      CHANNELS 3 Yrotation Xrotation Zrotation
                      End Site
                      {
                        OFFSET 0.0000 1.3500 0.0000
                      }
                    }
                  }
                }
                JOINT LeftHandThumb1
                {
                  OFFSET -2.8891 2.1558 0.0984
                  CHANNELS 3 Yrotation Xrotation Zrotation
                  JOINT LeftHandThumb2
                  {
                    OFFSET 0.0000 4.1082 0.0000
                    CHANNELS 3 Yrotation Xrotation Zrotation
                    JOINT LeftHandThumb3
                    {
                      OFFSET 0.0000 3.1181 0.0000
                      CHANNELS 3 Yrotation Xrotation Zrotation
                      End Site
                      {
                        OFFSET 0.0000 1.7295 0.0000
                      }
                    }
                  }
                }
              }
            }
          }
        }
        JOINT Neck
        {
          OFFSET 0.0000 18.7818 0.0000
          CHANNELS 3 Yrotation Xrotation Zrotation
          JOINT Head
          {
            OFFSET 0.0000 11.3439 0.0000
            CHANNELS 3 Yrotation Xrotation Zrotation
            End Site
            {
              OFFSET 0.0000 8.1622 0.0000
            }
          }
        }
        JOINT RightShoulder
        {
          OFFSET -7.2390 10.7865 0.0000
          CHANNELS 3 Yrotation Xrotation Zrotation
          JOINT RightArm
          {
            OFFSET 0.0000 13.8401 0.0000
            CHANNELS 3 Yrotation Xrotation Zrotation
            JOINT RightForeArm
            {
              OFFSET 0.0000 26.8374 0.0000
              CHANNELS 3 Yrotation Xrotation Zrotation
              JOINT RightHand
              {
                OFFSET -0.0001 29.5519 0.0000
                CHANNELS 3 Yrotation Xrotation Zrotation
                JOINT RightHandIndex1
                {
                  OFFSET 2.6557 8.3720 0.1068
                  CHANNELS 3 Yrotation Xrotation Zrotation
                  JOINT RightHandIndex2
                  {
                    OFFSET 0.0000 4.7496 0.0000
                    CHANNELS 3 Yrotation Xrotation Zrotation
                    JOINT RightHandIndex3
                    {
                      OFFSET 0.0000 2.9221 0.0000
                      CHANNELS 3 Yrotation Xrotation Zrotation
                      End Site
                      {
                        OFFSET 0.0000 1.3566 0.0000
                      }
                    }
                  }
                }
                JOINT RightHandMiddle1
                {
                  OFFSET 0.5651 8.4369 0.1068
                  CHANNELS 3 Yrotation Xrotation Zrotation
                  JOINT RightHandMiddle2
                  {
                    OFFSET 0.0000 4.8760 0.0000
                    CHANNELS 3 Yrotation Xrotation Zrotation
                    JOINT RightHandMiddle3
                    {
                      OFFSET 0.0000 3.2161 0.0000
                      CHANNELS 3 Yrotation Xrotation Zrotation
                      End Site
                      {
                        OFFSET 0.0000 1.4991 0.0000
                      }
                    }
                  }
                }
                JOINT RightHandPinky1
                {
                  OFFSET -3.2526 7.2771 0.1068
                  CHANNELS 3 Yrotation Xrotation Zrotation
                  JOINT RightHandPinky2
                  {
                    OFFSET 0.0000 3.6852 0.0000
                    CHANNELS 3 Yrotation Xrotation Zrotation
                    JOINT RightHandPinky3
                    {
                      OFFSET 0.0000 2.3164 0.0000
                      CHANNELS 3 Yrotation Xrotation Zrotation
                      End Site
                      {
                        OFFSET 0.0000 1.1205 0.0000
                      }
                    }
                  }
                }
                JOINT RightHandRing1
                {
                  OFFSET -1.4937 8.0949 0.1068
                  CHANNELS 3 Yrotation Xrotation Zrotation
                  JOINT RightHandRing2
                  {
                    OFFSET 0.0000 4.5543 0.0000
                    CHANNELS 3 Yrotation Xrotation Zrotation
                    JOINT RightHandRing3
                    {
                      OFFSET 0.0000 2.9372 0.0000
                      CHANNELS 3 Yrotation Xrotation Zrotation
                      End Site
                      {
                        OFFSET 0.0000 1.3500 0.0000
                      }
                    }
                  }
                }
                JOINT RightHandThumb1
                {
                  OFFSET 2.8891 2.1558 0.0984
                  CHANNELS 3 Yrotation Xrotation Zrotation
                  JOINT RightHandThumb2
                  {
                    OFFSET 0.0000 4.1081 0.0000
                    CHANNELS 3 Yrotation Xrotation Zrotation
                    JOINT RightHandThumb3
                    {
                      OFFSET 0.0000 3.1181 0.0000
                      CHANNELS 3 Yrotation Xrotation Zrotation
                      End Site
                      {
                        OFFSET 0.0000 1.7295 0.0000
                      }
                    }
                  }
                }
              }
            }
          }
        }
      }
    }
  }
  JOINT LeftUpLeg
  {
    OFFSET 8.3288 0.0000 0.0000
    CHANNELS 3 Yrotation Xrotation Zrotation
    JOINT LeftLeg
    {
      OFFSET 0.0000 44.4203 0.0000
      CHANNELS 3 Yrotation Xrotation Zrotation
      JOINT LeftFoot
      {
        OFFSET 0.0000 44.5232 0.0000
        CHANNELS 3 Yrotation Xrotation Zrotation
        JOINT LeftToe
        {
          OFFSET 0.0000 14.9844 0.0000
          CHANNELS 3 Yrotation Xrotation Zrotation
          End Site
          {
            OFFSET 0.0000 3.5000 0.0000
          }
        }
      }
    }
  }
  JOINT RightUpLeg
  {
    OFFSET -8.3288 0.0000 0.0000
    CHANNELS 3 Yrotation Xrotation Zrotation
    JOINT RightLeg
    {
      OFFSET 0.0000 44.4203 0.0000
      CHANNELS 3 Yrotation Xrotation Zrotation
      JOINT RightFoot
      {
        OFFSET 0.0000 44.5232 0.0000
        CHANNELS 3 Yrotation Xrotation Zrotation
        JOINT RightToe
        {
          OFFSET 0.0000 14.9844 0.0000
          CHANNELS 3 Yrotation Xrotation Zrotation
          End Site
          {
            OFFSET 0.0000 3.5000 0.0000
          }
        }
      }
    }
  }
}
MOTION
Frames: 460
Frame Time: 0.016667
0.0000 96.6554 0.0000 0.0000 0.0000 0.0000 0.0000 0.0000 0.0000 0.0000 0.0000 0.0000 0.0000 0.0000 0.0000 -270.0000 90.0000 0.0000 0.0000 0.0000 0.0000 0.0000 0.0000 0.0000 0.0000 0.0000 0.0000 0.0000 0.0000 0.0001 0.0000 0.0000 0.0000 0.0000 -0.0013 -0.0008 0.0000 -0.0004 0.0001 0.0000 0.0000 0.0000 0.0000 0.0000 0.0000 0.0000 0.0003 0.0000 0.0000 -0.0006 0.0003 0.0000 0.0004 -0.0006 0.0000 0.0000 0.0001 0.0000 0.0000 0.0000 0.0000 -0.0010 -0.0002 0.0000 0.0002 30.0001 -0.0001 0.0005 -29.9998 0.0000 0.0000 0.0000 0.0000 0.0000 0.0000 0.0000 0.0000 0.0000 270.0001 90.0000 0.0000 0.0000 0.0000 0.0000 0.0000 0.0000 0.0000 0.0000 0.0000 0.0000 0.0000 -0.0001 0.0001 0.0000 0.0000 0.0000 0.0000 -0.0006 0.0003 0.0000 -0.0001 0.0001 0.0000 0.0000 0.0000 0.0000 0.0000 0.0000 0.0000 0.0007 0.0001 0.0000 -0.0012 0.0001 0.0000 -0.0008 0.0003 0.0000 0.0001 0.0000 0.0000 0.0000 0.0000 0.0000 -0.0009 0.0000 0.0000 0.0002 -29.9997 -0.0001 -0.0003 29.9996 0.0000 0.0000 0.0000 0.0000 0.0000 179.9999 0.0000 0.0001 0.0826 -0.1744 64.6492 -0.1930 0.0000 25.3510 0.0000 0.0000 0.0000 180.0000 0.0000 0.0000 -0.0827 0.1745 64.6492 0.1931 0.0000 25.3508 -0.0001 
10.1003 96.4655 -31.8304 -1.8489 -0.1513 0.7300 0.2638 -0.0071 0.3867 0.2638 -0.0070 0.3867 0.2646 -0.0070 0.3878 -255.8138 90.0000 0.0000 79.8120 75.1390 76.6636 -42.2780 5.6413 3.9645 -0.0215 0.0627 -0.4101 0.0000 0.0000 0.0001 0.0000 0.0000 0.0000 0.0000 -0.0013 -0.0008 0.0000 -0.0004 0.0001 0.0000 0.0000 0.0000 0.0000 0.0000 0.0000 0.0000 0.0002 0.0000 0.0000 -0.0006 0.0003 0.0000 0.0004 -0.0006 0.0000 0.0000 0.0001 0.0000 0.0000 0.0000 0.0000 -0.0010 -0.0002 0.0000 0.0002 30.0001 -0.0001 0.0005 -29.9998 0.0000 0.0000 0.0000 0.2482 2.2004 -0.0725 0.2482 2.2004 -0.0725 -60.8262 86.9605 48.5471 -70.1378 77.1522 -62.1540 36.5418 6.6753 -3.0058 0.0251 0.1183 0.3915 0.0000 -0.0001 0.0001 0.0000 0.0000 0.0000 0.0000 -0.0006 0.0003 0.0000 -0.0001 0.0001 0.0000 0.0000 0.0000 0.0000 0.0000 0.0000 0.0000 0.0007 0.0001 0.0000 -0.0012 0.0001 0.0000 -0.0008 0.0003 0.0000 0.0001 0.0000 0.0000 0.0000 0.0000 0.0000 -0.0008 0.0000 0.0000 0.0002 -29.9996 -0.0001 -0.0003 29.9996 0.0000 0.0000 0.0000 4.3832 0.9000 -179.8987 -0.0262 -4.3229 0.0838 -9.6613 69.8889 0.5044 0.0000 25.3510 0.0000 3.4364 -1.7123 -178.6166 -0.0032 -6.5826 -0.0825 5.3764 69.5613 -0.0257 0.0000 25.3508 -0.0001 
10.1217 96.4641 -31.8002 -1.8202 -0.1364 0.7250 0.2595 -0.0109 0.3849 0.2595 -0.0108 0.3849 0.2602 -0.0108 0.3861 -255.8028 90.0000 0.0000 79.7890 75.0937 76.7145 -42.2039 5.5781 4.0529 -0.0215 0.0634 -0.4114 0.0000 0.0000 0.0001 0.0000 0.0000 0.0000 0.0000 -0.0013 -0.0008 0.0000 -0.0004 0.0001 0.0000 0.0000 0.0000 0.0000 0.0000 0.0000 0.0000 0.0002 0.0000 0.0000 -0.0006 0.0003 0.0000 0.0004 -0.0006 0.0000 0.0000 0.0001 0.0000 0.0000 0.0000 0.0000 -0.0010 -0.0002 0.0000 0.0002 30.0001 -0.0001 0.0005 -29.9998 0.0000 0.0000 0.0000 0.2473 2.2080 -0.0756 0.2473 2.2080 -0.0756 -60.7576 86.9796 48.6077 -70.1659 77.1733 -62.2024 36.4997 6.7203 -3.0761 0.0253 0.1176 0.3917 0.0000 -0.0001 0.0001 0.0000 0.0000 0.0000 0.0000 -0.0006 0.0003 0.0000 -0.0001 0.0001 0.0000 0.0000 0.0000 0.0000 0.0000 0.0000 0.0000 0.0007 0.0001 0.0000 -0.0012 0.0001 0.0000 -0.0008 0.0003 0.0000 0.0001 0.0000 0.0000 0.0000 0.0000 0.0000 -0.0009 0.0000 0.0000 0.0002 -29.9997 -0.0001 -0.0003 29.9996 0.0000 0.0000 0.0000 4.3907 0.9118 -179.9038 -0.0258 -4.3057 0.0837 -9.6535 69.9128 0.4647 0.0000 25.3511 0.0000 3.4161 -1.7979 -178.6355 -0.0050 -6.7881 -0.0824 5.4228 69.6981 0.0018 0.0000 25.3508 -0.0001 
10.1262 96.4594 -31.7739 -1.7845 -0.1162 0.7156 0.2538 -0.0167 0.3835 0.2538 -0.0166 0.3835 0.2546 -0.0167 0.3847 -255.7905 90.0000 0.0000 79.7249 75.0443 76.7442 -42.1210 5.4868 4.1401 -0.0213 0.0643 -0.4127 0.0000 0.0000 0.0001 0.0000 0.0000 0.0000 0.0000 -0.0013 -0.0008 0.0000 -0.0004 0.0001 0.0000 0.0000 0.0000 0.0000 0.0000 0.0000 0.0000 0.0002 0.0000 0.0000 -0.0006 0.0003 0.0000 0.0004 -0.0006 0.0000 0.0000 0.0001 0.0000 0.0000 0.0000 0.0000 -0.0010 -0.0002 0.0000 0.0002 30.0001 -0.0001 0.0005 -29.9998 0.0000 0.0000 0.0000 0.2486 2.2146 -0.0799 0.2486 2.2146 -0.0799 -60.6886 87.0040 48.6649 -70.2139 77.1966 -62.2802 36.4510 6.7682 -3.1589 0.0255 0.1164 0.3911 0.0000 -0.0001 0.0001 0.0000 0.0000 0.0000 0.0000 -0.0006 0.0003 0.0000 -0.0001 0.0001 0.0000 0.0000 0.0000 0.0000 0.0000 0.0000 0.0000 0.0007 0.0001 0.0000 -0.0012 0.0001 0.0000 -0.0008 0.0003 0.0000 0.0001 0.0000 0.0000 0.0000 0.0000 0.0000 -0.0008 0.0000 0.0000 0.0002 -29.9997 -0.0001 -0.0003 29.9996 0.0000 0.0000 0.0000 4.3929 0.8254 -179.8938 -0.0254 -4.4660 0.0838 -9.7274 70.0211 0.3326 0.0000 25.3510 0.0000 3.3898 -2.0400 -178.6139 -0.0019 -7.2812 -0.0826 5.3962 69.9760 -0.0555 0.0000 25.3508 -0.0001 
10.1335 96.4533 -31.7564 -1.7547 -0.0992 0.6999 0.2477 -0.0216 0.3843 0.2477 -0.0215 0.3843 0.2485 -0.0216 0.3855 -255.7781 90.0000 0.0000 79.5950 75.0116 76.6976 -42.0764 5.3867 4.1678 -0.0211 0.0652 -0.4140 0.0000 0.0000 0.0001 0.0000 0.0000 0.0000 0.0000 -0.0013 -0.0008 0.0000 -0.0004 0.0001 0.0000 0.0000 0.0000 0.0000 0.0000 0.0000 0.0000 0.0002 0.0000 0.0000 -0.0006 0.0003 0.0000 0.0004 -0.0006 0.0000 0.0000 0.0001 0.0000 0.0000 0.0000 0.0000 -0.0010 -0.0002 0.0000 0.0002 30.0001 -0.0002 0.0005 -29.9998 0.0000 0.0000 0.0000 0.2554 2.2099 -0.0847 0.2554 2.2099 -0.0847 -60.6253 87.0250 48.7150 -70.2813 77.2068 -62.3850 36.4190 6.7920 -3.2229 0.0257 0.1159 0.3922 0.0000 -0.0001 0.0001 0.0000 0.0000 0.0000 0.0000 -0.0006 0.0003 0.0000 -0.0001 0.0001 0.0000 0.0000 0.0000 0.0000 0.0000 0.0000 0.0000 0.0007 0.0001 0.0000 -0.0012 0.0001 0.0000 -0.0008 0.0003 0.0000 0.0001 0.0000 0.0000 0.0000 0.0000 0.0000 -0.0009 0.0000 0.0000 0.0002 -29.9996 -0.0001 -0.0003 29.9996 0.0000 0.0000 0.0000 4.3948 0.7204 -179.8798 -0.0252 -4.6596 0.0838 -9.8076 70.1370 0.2028 0.0000 25.3510 0.0000 3.3598 -2.3853 -178.5909 0.0000 -7.9739 -0.0827 5.4111 70.3474 -0.0577 0.0000 25.3508 -0.0001 
10.1474 96.4495 -31.7470 -1.7268 -0.0820 0.6844 0.2421 -0.0269 0.3851 0.2421 -0.0268 0.3851 0.2429 -0.0269 0.3862 -255.7667 90.0000 0.0000 79.4293 74.9796 76.6181 -42.0431 5.2745 4.1718 -0.0208 0.0663 -0.4158 0.0000 0.0000 0.0001 0.0000 0.0000 0.0000 0.0000 -0.0013 -0.0008 0.0000 -0.0004 0.0001 0.0000 0.0000 0.0000 0.0000 0.0000 0.0000 0.0000 0.0002 0.0000 0.0000 -0.0006 0.0003 0.0000 0.0004 -0.0006 0.0000 0.0000 0.0001 0.0000 0.0000 0.0000 0.0000 -0.0010 -0.0002 0.0000 0.0002 30.0001 -0.0001 0.0005 -29.9998 0.0000 0.0000 0.0000 0.2643 2.2053 -0.0894 0.2643 2.2053 -0.0894 -60.5642 87.0457 48.7632 -70.3671 77.2143 -62.5110 36.3895 6.8080 -3.2840 0.0258 0.1152 0.3924 0.0000 -0.0001 0.0001 0.0000 0.0000 0.0000 0.0000 -0.0006 0.0003 0.0000 -0.0001 0.0001 0.0000 0.0000 0.0000 0.0000 0.0000 0.0000 0.0000 0.0007 0.0001 0.0000 -0.0012 0.0001 0.0000 -0.0008 0.0003 0.0000 0.0001 0.0000 0.0000 0.0000 0.0000 0.0000 -0.0008 0.0000 0.0000 0.0002 -29.9996 -0.0001 -0.0003 29.9996 0.0000 0.0000 0.0000 4.3928 0.6131 -179.8709 -0.0253 -4.8473 0.0838 -9.8746 70.2435 0.0931 0.0000 25.3510 0.0000 3.3306 -2.7327 -178.5781 0.0015 -8.6595 -0.0828 5.4608 70.7094 -0.0210 0.0000 25.3508 -0.0001 
10.1730 96.4462 -31.7423 -1.7059 -0.0662 0.6692 0.2390 -0.0320 0.3858 0.2390 -0.0319 0.3859 0.2397 -0.0320 0.3870 -255.7557 90.0000 0.0000 79.2228 74.9454 76.4995 -42.0227 5.1428 4.1463 -0.0204 0.0675 -0.4175 0.0000 0.0000 0.0001 0.0000 0.0000 0.0000 0.0000 -0.0013 -0.0008 0.0000 -0.0004 0.0001 0.0000 0.0000 0.0000 0.0000 0.0000 0.0000 0.0000 0.0003 0.0000 0.0000 -0.0006 0.0003 0.0000 0.0004 -0.0006 0.0000 0.0000 0.0001 0.0000 0.0000 0.0000 0.0000 -0.0010 -0.0002 0.0000 0.0002 30.0001 -0.0001 0.0005 -29.9998 0.0000 0.0000 0.0000 0.2751 2.2014 -0.0923 0.2751 2.2014 -0.0923 -60.4843 87.0618 48.8285 -70.4626 77.2204 -62.6473 36.3619 6.8169 -3.3411 0.0258 0.1145 0.3926 0.0000 -0.0001 0.0001 0.0000 0.0000 0.0000 0.0000 -0.0006 0.0003 0.0000 -0.0001 0.0001 0.0000 0.0000 0.0000 0.0000 0.0000 0.0000 0.0000 0.0007 0.0001 0.0000 -0.0012 0.0001 0.0000 -0.0008 0.0003 0.0000 0.0001 0.0000 0.0000 0.0000 0.0000 0.0000 -0.0009 0.0000 0.0000 0.0002 -29.9996 -0.0001 -0.0003 29.9996 0.0000 0.0000 0.0000 4.3874 0.5317 -179.8707 -0.0257 -4.9807 0.0839 -9.9106 70.3186 0.0281 0.0000 25.3510 0.0000 3.3086 -2.9555 -178.5807 0.0022 -9.0901 -0.0829 5.5284 70.9392 0.0389 0.0000 25.3507 -0.0001 
10.2026 96.4428 -31.7339 -1.6923 -0.0535 0.6528 0.2378 -0.0358 0.3872 0.2378 -0.0357 0.3872 0.2385 -0.0358 0.3884 -255.7417 90.0000 0.0000 78.9868 74.9077 76.3505 -42.0117 4.9991 4.1002 -0.0200 0.0688 -0.4187 0.0000 0.0000 0.0001 0.0000 0.0000 0.0000 0.0000 -0.0013 -0.0008 0.0000 -0.0004 0.0001 0.0000 0.0000 0.0000 0.0000 0.0000 0.0000 0.0000 0.0002 0.0000 0.0000 -0.0006 0.0003 0.0000 0.0004 -0.0006 0.0000 0.0000 0.0001 0.0000 0.0000 0.0000 0.0000 -0.0010 -0.0002 0.0000 0.0002 30.0001 -0.0001 0.0005 -29.9998 0.0000 0.0000 0.0000 0.2867 2.1972 -0.0926 0.2867 2.1972 -0.0926 -60.3653 87.0729 48.9304 -70.5597 77.2241 -62.7849 36.3356 6.8231 -3.3952 0.0260 0.1141 0.3937 0.0000 -0.0001 0.0001 0.0000 0.0000 0.0000 0.0000 -0.0006 0.0003 0.0000 -0.0001 0.0001 0.0000 0.0000 0.0000 0.0000 0.0000 0.0000 0.0000 0.0007 0.0001 0.0000 -0.0012 0.0001 0.0000 -0.0008 0.0003 0.0000 0.0001 0.0000 0.0000 0.0000 0.0000 0.0000 -0.0008 0.0000 0.0000 0.0002 -29.9996 -0.0001 -0.0003 29.9996 0.0000 0.0000 0.0000 4.3811 0.4504 -179.8719 -0.0262 -5.1255 0.0839 -9.9504 70.3966 -0.0295 0.0000 25.3510 0.0000 3.2911 -3.0592 -178.5833 0.0035 -9.2869 -0.0830 5.5741 71.0512 0.0824 0.0000 25.3508 -0.0001 
10.2316 96.4363 -31.7217 -1.6843 -0.0441 0.6349 0.2378 -0.0379 0.3891 0.2378 -0.0378 0.3891 0.2386 -0.0380 0.3903 -255.7238 90.0000 0.0000 78.7232 74.8682 76.1710 -42.0080 4.8490 4.0385 -0.0195 0.0701 -0.4194 0.0000 0.0000 0.0001 0.0000 0.0000 0.0000 0.0000 -0.0013 -0.0008 0.0000 -0.0004 0.0001 0.0000 0.0000 0.0000 0.0000 0.0000 0.0000 0.0000 0.0003 0.0000 0.0000 -0.0006 0.0003 0.0000 0.0004 -0.0006 0.0000 0.0000 0.0001 0.0000 0.0000 0.0000 0.0000 -0.0010 -0.0002 0.0000 0.0003 30.0001 -0.0001 0.0005 -29.9998 0.0000 0.0000 0.0000 0.2982 2.1921 -0.0903 0.2982 2.1921 -0.0903 -60.2003 87.0811 49.0779 -70.6633 77.2248 -62.9272 36.3103 6.8278 -3.4475 0.0260 0.1135 0.3939 0.0000 -0.0001 0.0001 0.0000 0.0000 0.0000 0.0000 -0.0006 0.0003 0.0000 -0.0001 0.0001 0.0000 0.0000 0.0000 0.0000 0.0000 0.0000 0.0000 0.0007 0.0001 0.0000 -0.0012 0.0001 0.0000 -0.0008 0.0003 0.0000 0.0001 0.0000 0.0000 0.0000 0.0000 0.0000 -0.0009 0.0000 0.0000 0.0002 -29.9996 -0.0001 -0.0003 29.9996 0.0000 0.0000 0.0000 4.3771 0.3556 -179.8712 -0.0268 -5.3094 0.0840 -10.0049 70.4902 -0.0966 0.0000 25.3510 0.0000 3.2762 -3.1023 -178.5826 0.0053 -9.3711 -0.0831 5.6022 71.1082 0.1127 0.0000 25.3508 -0.0001 
10.2575 96.4277 -31.7048 -1.6817 -0.0375 0.6154 0.2390 -0.0384 0.3911 0.2390 -0.0383 0.3911 0.2397 -0.0384 0.3923 -255.7003 90.0000 0.0000 78.4119 74.8305 75.9367 -42.0112 4.6959 3.9601 -0.0191 0.0715 -0.4206 0.0000 0.0000 0.0001 0.0000 0.0000 0.0000 0.0000 -0.0013 -0.0008 0.0000 -0.0004 0.0001 0.0000 0.0000 0.0000 0.0000 0.0000 0.0000 0.0000 0.0002 0.0000 0.0000 -0.0006 0.0003 0.0000 0.0004 -0.0006 0.0000 0.0000 0.0001 0.0000 0.0000 0.0000 0.0000 -0.0010 -0.0002 0.0000 0.0002 30.0001 -0.0001 0.0005 -29.9998 0.0000 0.0000 0.0000 0.3077 2.1856 -0.0844 0.3077 2.1856 -0.0844 -59.9890 87.0853 49.2676 -70.7688 77.2209 -63.0705 36.2852 6.8320 -3.4978 0.0261 0.1129 0.3940 0.0000 -0.0001 0.0001 0.0000 0.0000 0.0000 0.0000 -0.0006 0.0003 0.0000 -0.0001 0.0001 0.0000 0.0000 0.0000 0.0000 0.0000 0.0000 0.0000 0.0007 0.0001 0.0000 -0.0012 0.0001 0.0000 -0.0008 0.0003 0.0000 0.0001 0.0000 0.0000 0.0000 0.0000 0.0000 -0.0009 0.0000 0.0000 0.0002 -29.9997 -0.0001 -0.0003 29.9996 0.0000 0.0000 0.0000 4.3783 0.2242 -179.8661 -0.0274 -5.5780 0.0841 -10.0881 70.6196 -0.1912 0.0000 25.3511 0.0000 3.2623 -3.1199 -178.5783 0.0064 -9.4152 -0.0832 5.6188 71.1483 0.1356 0.0000 25.3508 -0.0001 
10.2822 96.4177 -31.6830 -1.6811 -0.0310 0.5954 0.2404 -0.0385 0.3925 0.2404 -0.0385 0.3926 0.2411 -0.0386 0.3937 -255.6742 90.0000 0.0000 78.0635 74.8004 75.6561 -42.0164 4.5422 3.8742 -0.0186 0.0731 -0.4217 0.0000 0.0000 0.0001 0.0000 0.0000 0.0000 0.0000 -0.0013 -0.0008 0.0000 -0.0004 0.0001 0.0000 0.0000 0.0000 0.0000 0.0000 0.0000 0.0000 0.0002 0.0000 0.0000 -0.0006 0.0003 0.0000 0.0004 -0.0006 0.0000 0.0000 0.0001 0.0000 0.0000 0.0000 0.0000 -0.0010 -0.0002 0.0000 0.0002 30.0001 -0.0001 0.0005 -29.9998 0.0000 0.0000 0.0000 0.3146 2.1776 -0.0767 0.3146 2.1776 -0.0767 -59.7659 87.0901 49.4692 -70.8685 77.2134 -63.2070 36.2593 6.8385 -3.5471 0.0262 0.1125 0.3946 0.0000 -0.0001 0.0001 0.0000 0.0000 0.0000 0.0000 -0.0006 0.0003 0.0000 -0.0001 0.0001 0.0000 0.0000 0.0000 0.0000 0.0000 0.0000 0.0000 0.0007 0.0001 0.0000 -0.0012 0.0001 0.0000 -0.0008 0.0003 0.0000 0.0001 0.0000 0.0000 0.0000 0.0000 0.0000 -0.0009 0.0000 0.0000 0.0002 -29.9996 -0.0001 -0.0003 29.9996 0.0000 0.0000 0.0000 4.3844 0.0968 -179.8592 -0.0280 -5.8441 0.0842 -10.1734 70.7468 -0.2900 0.0000 25.3510 0.0000 3.2509 -3.1365 -178.5725 0.0065 -9.4632 -0.0833 5.6331 71.1934 0.1539 0.0000 25.3508 -0.0001 
10.3063 96.4099 -31.6561 -1.6802 -0.0248 0.5756 0.2412 -0.0384 0.3934 0.2412 -0.0383 0.3934 0.2419 -0.0384 0.3946 -255.6471 90.0000 0.0000 77.6959 74.7784 75.3463 -42.0260 4.3941 3.7840 -0.0181 0.0747 -0.4238 0.0000 0.0000 0.0001 0.0000 0.0000 0.0000 0.0000 -0.0013 -0.0008 0.0000 -0.0004 0.0001 0.0000 0.0000 0.0000 0.0000 0.0000 0.0000 0.0000 0.0002 0.0000 0.0000 -0.0006 0.0003 0.0000 0.0004 -0.0006 0.0000 0.0000 0.0001 0.0000 0.0000 0.0000 0.0000 -0.0010 -0.0002 0.0000 0.0002 30.0001 -0.0001 0.0005 -29.9998 0.0000 0.0000 0.0000 0.3195 2.1683 -0.0686 0.3195 2.1683 -0.0686 -59.5446 87.0944 49.6689 -70.9642 77.2026 -63.3385 36.2327 6.8477 -3.5956 0.0263 0.1123 0.3957 0.0000 -0.0001 0.0001 0.0000 0.0000 0.0000 0.0000 -0.0006 0.0003 0.0000 -0.0001 0.0001 0.0000 0.0000 0.0000 0.0000 0.0000 0.0000 0.0000 0.0007 0.0001 0.0000 -0.0012 0.0001 0.0000 -0.0008 0.0003 0.0000 0.0001 0.0000 0.0000 0.0000 0.0000 0.0000 -0.0009 0.0000 0.0000 0.0002 -29.9996 -0.0001 -0.0003 29.9996 0.0000 0.0000 0.0000 4.3925 -0.0079 -179.8519 -0.0284 -6.0709 0.0843 -10.2524 70.8561 -0.3839 0.0000 25.3510 0.0000 3.2405 -3.1506 -178.5665 0.0062 -9.5136 -0.0832 5.6461 71.2427 0.1692 0.0000 25.3508 -0.0001 
10.3305 96.4033 -31.6234 -1.6777 -0.0200 0.5582 0.2401 -0.0376 0.3933 0.2401 -0.0375 0.3933 0.2409 -0.0376 0.3945 -255.6203 90.0000 0.0000 77.2935 74.7703 74.9865 -42.0437 4.2617 3.6867 -0.0177 0.0762 -0.4249 0.0000 0.0000 0.0001 0.0000 0.0000 0.0000 0.0000 -0.0013 -0.0008 0.0000 -0.0004 0.0001 0.0000 0.0000 0.0000 0.0000 0.0000 0.0000 0.0000 0.0002 0.0000 0.0000 -0.0006 0.0003 0.0000 0.0004 -0.0006 0.0000 0.0000 0.0001 0.0000 0.0000 0.0000 0.0000 -0.0010 -0.0002 0.0000 0.0002 30.0001 -0.0001 0.0005 -29.9998 0.0000 0.0000 0.0000 0.3227 2.1586 -0.0625 0.3227 2.1586 -0.0625 -59.3646 87.0979 49.8282 -71.0599 77.1885 -63.4675 36.2068 6.8625 -3.6427 0.0264 0.1119 0.3958 0.0000 -0.0001 0.0001 0.0000 0.0000 0.0000 0.0000 -0.0006 0.0003 0.0000 -0.0001 0.0001 0.0000 0.0000 0.0000 0.0000 0.0000 0.0000 0.0000 0.0007 0.0001 0.0000 -0.0012 0.0001 0.0000 -0.0008 0.0003 0.0000 0.0001 0.0000 0.0000 0.0000 0.0000 0.0000 -0.0009 0.0000 0.0000 0.0002 -29.9996 -0.0001 -0.0003 29.9996 0.0000 0.0000 0.0000 4.4017 -0.0657 -179.8468 -0.0290 -6.2143 0.0844 -10.3234 70.9289 -0.4739 0.0000 25.3510 0.0000 3.2253 -3.1620 -178.5631 0.0063 -9.5696 -0.0832 5.6547 71.2972 0.1824 0.0000 25.3508 -0.0001 
10.3564 96.3971 -31.5908 -1.6740 -0.0146 0.5426 0.2374 -0.0370 0.3927 0.2374 -0.0370 0.3927 0.2381 -0.0371 0.3938 -255.5944 90.0000 0.0000 76.8746 74.7721 74.5955 -42.0732 4.1456 3.5871 -0.0172 0.0774 -0.4252 0.0000 0.0000 0.0001 0.0000 0.0000 0.0000 0.0000 -0.0013 -0.0008 0.0000 -0.0004 0.0001 0.0000 0.0000 0.0000 0.0000 0.0000 0.0000 0.0000 0.0002 0.0000 0.0000 -0.0006 0.0003 0.0000 0.0004 -0.0006 0.0000 0.0000 0.0001 0.0000 0.0000 0.0000 0.0000 -0.0010 -0.0002 0.0000 0.0002 30.0001 -0.0001 0.0005 -29.9998 0.0000 0.0000 0.0000 0.3257 2.1487 -0.0604 0.3257 2.1487 -0.0604 -59.2243 87.1010 49.9506 -71.1491 77.1748 -63.5872 36.1825 6.8830 -3.6888 0.0265 0.1116 0.3964 0.0000 -0.0001 0.0001 0.0000 0.0000 0.0000 0.0000 -0.0006 0.0003 0.0000 -0.0001 0.0001 0.0000 0.0000 0.0000 0.0000 0.0000 0.0000 0.0000 0.0007 0.0001 0.0000 -0.0012 0.0001 0.0000 -0.0008 0.0003 0.0000 0.0001 0.0000 0.0000 0.0000 0.0000 0.0000 -0.0009 0.0000 0.0000 0.0002 -29.9997 -0.0001 -0.0003 29.9996 0.0000 0.0000 0.0000 4.4123 -0.1115 -179.8439 -0.0302 -6.3342 0.0844 -10.4046 70.9937 -0.5826 0.0000 25.3510 0.0000 3.2015 -3.1811 -178.5634 0.0064 -9.6403 -0.0833 5.6624 71.3579 0.2007 0.0000 25.3508 -0.0001 
10.3847 96.3908 -31.5586 -1.6698 -0.0080 0.5251 0.2332 -0.0371 0.3925 0.2332 -0.0370 0.3925 0.2339 -0.0371 0.3937 -255.5686 90.0000 0.0000 76.4459 74.7811 74.1830 -42.1155 4.0438 3.4868 -0.0169 0.0786 -0.4259 0.0000 0.0000 0.0001 0.0000 0.0000 0.0000 0.0000 -0.0013 -0.0008 0.0000 -0.0004 0.0001 0.0000 0.0000 0.0000 0.0000 0.0000 0.0000 0.0000 0.0002 0.0000 0.0000 -0.0006 0.0003 0.0000 0.0004 -0.0006 0.0000 0.0000 0.0001 0.0000 0.0000 0.0000 0.0000 -0.0010 -0.0002 0.0000 0.0002 30.0001 -0.0001 0.0005 -29.9998 0.0000 0.0000 0.0000 0.3294 2.1389 -0.0622 0.3294 2.1389 -0.0622 -59.1060 87.1038 50.0527 -71.2327 77.1647 -63.6975 36.1590 6.9089 -3.7349 0.0266 0.1111 0.3965 0.0000 -0.0001 0.0001 0.0000 0.0000 0.0000 0.0000 -0.0006 0.0003 0.0000 -0.0001 0.0001 0.0000 0.0000 0.0000 0.0000 0.0000 0.0000 0.0000 0.0007 0.0001 0.0000 -0.0012 0.0001 0.0000 -0.0008 0.0003 0.0000 0.0001 0.0000 0.0000 0.0000 0.0000 0.0000 -0.0009 0.0000 0.0000 0.0002 -29.9996 -0.0001 -0.0003 29.9996 0.0000 0.0000 0.0000 4.4200 -0.1702 -179.8400 -0.0318 -6.4781 0.0846 -10.5194 71.0722 -0.7295 0.0000 25.3511 0.0000 3.1737 -3.2135 -178.5637 0.0062 -9.7344 -0.0832 5.6793 71.4280 0.2290 0.0000 25.3508 -0.0001 
10.4147 96.3777 -31.5261 -1.6626 0.0004 0.4989 0.2271 -0.0382 0.3947 0.2271 -0.0381 0.3947 0.2278 -0.0382 0.3959 -255.5439 90.0000 0.0000 76.0135 74.7986 73.7544 -42.1770 3.9602 3.3876 -0.0166 0.0797 -0.4271 0.0000 0.0000 0.0001 0.0000 0.0000 0.0000 0.0000 -0.0013 -0.0008 0.0000 -0.0004 0.0001 0.0000 0.0000 0.0000 0.0000 0.0000 0.0000 0.0000 0.0002 0.0000 0.0000 -0.0006 0.0003 0.0000 0.0004 -0.0006 0.0000 0.0000 0.0001 0.0000 0.0000 0.0000 0.0000 -0.0010 -0.0002 0.0000 0.0002 30.0001 -0.0001 0.0005 -29.9998 0.0000 0.0000 0.0000 0.3336 2.1294 -0.0693 0.3336 2.1294 -0.0693 -58.9821 87.1072 50.1635 -71.3037 77.1643 -63.7897 36.1350 6.9407 -3.7805 0.0268 0.1106 0.3966 0.0000 -0.0001 0.0001 0.0000 0.0000 0.0000 0.0000 -0.0006 0.0003 0.0000 -0.0001 0.0001 0.0000 0.0000 0.0000 0.0000 0.0000 0.0000 0.0000 0.0007 0.0001 0.0000 -0.0012 0.0001 0.0000 -0.0008 0.0003 0.0000 0.0001 0.0000 0.0000 0.0000 0.0000 0.0000 -0.0009 0.0000 0.0000 0.0002 -29.9997 -0.0001 -0.0003 29.9996 0.0000 0.0000 0.0000 4.4161 -0.2663 -179.8267 -0.0344 -6.6924 0.0848 -10.7218 71.1823 -0.9690 0.0000 25.3510 0.0000 3.1462 -3.2583 -178.5562 0.0049 -9.8490 -0.0831 5.7160 71.5041 0.2678 0.0000 25.3508 -0.0001 
10.4385 96.3636 -31.4935 -1.6513 0.0117 0.4618 0.2202 -0.0402 0.3997 0.2202 -0.0402 0.3997 0.2209 -0.0403 0.4009 -255.5236 90.0000 0.0000 75.5678 74.8192 73.3090 -42.2484 3.8885 3.2862 -0.0163 0.0807 -0.4278 0.0000 0.0000 0.0001 0.0000 0.0000 0.0000 0.0000 -0.0013 -0.0008 0.0000 -0.0004 0.0001 0.0000 0.0000 0.0000 0.0000 0.0000 0.0000 0.0000 0.0002 0.0000 0.0000 -0.0006 0.0003 0.0000 0.0004 -0.0006 0.0000 0.0000 0.0001 0.0000 0.0000 0.0000 0.0000 -0.0010 -0.0002 0.0000 0.0002 30.0001 -0.0001 0.0005 -29.9998 0.0000 0.0000 0.0000 0.3366 2.1214 -0.0801 0.3366 2.1214 -0.0801 -58.8032 87.1110 50.3337 -71.3654 77.1753 -63.8682 36.1082 6.9739 -3.8244 0.0269 0.1099 0.3968 0.0000 -0.0001 0.0001 0.0000 0.0000 0.0000 0.0000 -0.0006 0.0003 0.0000 -0.0001 0.0001 0.0000 0.0000 0.0000 0.0000 0.0000 0.0000 0.0000 0.0007 0.0001 0.0000 -0.0012 0.0001 0.0000 -0.0008 0.0003 0.0000 0.0001 0.0000 0.0000 0.0000 0.0000 0.0000 -0.0009 0.0000 0.0000 0.0002 -29.9996 -0.0001 -0.0003 29.9996 0.0000 0.0000 0.0000 4.4040 -0.3986 -179.7970 -0.0378 -6.9688 0.0851 -11.0132 71.3144 -1.3145 0.0000 25.3510 0.0000 3.1164 -3.3059 -178.5340 0.0029 -9.9613 -0.0830 5.7487 71.5745 0.2927 0.0000 25.3508 -0.0001 
10.4517 96.3479 -31.4606 -1.6349 0.0276 0.4157 0.2137 -0.0429 0.4071 0.2137 -0.0429 0.4071 0.2144 -0.0430 0.4083 -255.5105 90.0000 0.0000 75.1112 74.8346 72.8528 -42.3259 3.8226 3.1830 -0.0161 0.0817 -0.4290 0.0000 0.0000 0.0001 0.0000 0.0000 0.0000 0.0000 -0.0013 -0.0008 0.0000 -0.0004 0.0001 0.0000 0.0000 0.0000 0.0000 0.0000 0.0000 0.0000 0.0002 0.0000 0.0000 -0.0006 0.0003 0.0000 0.0004 -0.0006 0.0000 0.0000 0.0001 0.0000 0.0000 0.0000 0.0000 -0.0010 -0.0002 0.0000 0.0002 30.0001 -0.0001 0.0005 -29.9998 0.0000 0.0000 0.0000 0.3372 2.1139 -0.0949 0.3372 2.1139 -0.0949 -58.5234 87.1128 50.6104 -71.4216 77.1984 -63.9377 36.0762 7.0049 -3.8659 0.0271 0.1094 0.3979 0.0000 -0.0001 0.0001 0.0000 0.0000 0.0000 0.0000 -0.0006 0.0003 0.0000 -0.0001 0.0001 0.0000 0.0000 0.0000 0.0000 0.0000 0.0000 0.0000 0.0007 0.0001 0.0000 -0.0012 0.0001 0.0000 -0.0008 0.0003 0.0000 0.0001 0.0000 0.0000 0.0000 0.0000 0.0000 -0.0009 0.0000 0.0000 0.0002 -29.9996 -0.0001 -0.0003 29.9996 0.0000 0.0000 0.0000 4.3859 -0.5420 -179.7500 -0.0412 -7.2541 0.0854 -11.3822 71.4405 -1.7608 0.0000 25.3510 0.0000 3.0796 -3.3436 -178.4961 0.0008 -10.0435 -0.0828 5.7573 71.6261 0.2864 0.0000 25.3508 -0.0001 
10.4475 96.3363 -31.4293 -1.6087 0.0524 0.3587 0.2091 -0.0451 0.4174 0.2091 -0.0450 0.4174 0.2097 -0.0452 0.4186 -255.5069 90.0000 0.0000 74.6657 74.8308 72.4102 -42.4095 3.7587 3.0746 -0.0158 0.0825 -0.4293 0.0000 0.0000 0.0001 0.0000 0.0000 0.0000 0.0000 -0.0013 -0.0008 0.0000 -0.0004 0.0001 0.0000 0.0000 0.0000 0.0000 0.0000 0.0000 0.0000 0.0002 0.0000 0.0000 -0.0006 0.0003 0.0000 0.0004 -0.0006 0.0000 0.0000 0.0001 0.0000 0.0000 0.0000 0.0000 -0.0010 -0.0002 0.0000 0.0002 30.0001 -0.0001 0.0005 -29.9998 0.0000 0.0000 0.0000 0.3342 2.1043 -0.1153 0.3342 2.1043 -0.1153 -58.0080 87.1043 51.1286 -71.4953 77.2376 -64.0199 36.0348 7.0255 -3.9007 0.0272 0.1083 0.3982 0.0000 -0.0001 0.0001 0.0000 0.0000 0.0000 0.0000 -0.0006 0.0003 0.0000 -0.0001 0.0001 0.0000 0.0000 0.0000 0.0000 0.0000 0.0000 0.0000 0.0007 0.0001 0.0000 -0.0012 0.0001 0.0000 -0.0008 0.0003 0.0000 0.0001 0.0000 0.0000 0.0000 0.0000 0.0000 -0.0009 0.0000 0.0000 0.0002 -29.9996 -0.0001 -0.0003 29.9996 0.0000 0.0000 0.0000 4.3604 -0.6910 -179.6787 -0.0441 -7.5230 0.0857 -11.8556 71.5396 -2.3527 0.0000 25.3510 0.0000 3.0285 -3.3799 -178.4338 -0.0010 -10.1002 -0.0826 5.7157 71.6599 0.2197 0.0000 25.3508 -0.0001 
10.4345 96.3229 -31.4013 -1.5714 0.0857 0.2984 0.2059 -0.0454 0.4280 0.2059 -0.0454 0.4281 0.2065 -0.0455 0.4293 -255.5087 90.0000 0.0000 74.2183 74.8088 71.9697 -42.4858 3.6970 2.9620 -0.0156 0.0835 -0.4305 0.0000 0.0000 0.0001 0.0000 0.0000 0.0000 0.0000 -0.0013 -0.0008 0.0000 -0.0004 0.0001 0.0000 0.0000 0.0000 0.0000 0.0000 0.0000 0.0000 0.0002 0.0000 0.0000 -0.0006 0.0003 0.0000 0.0004 -0.0006 0.0000 0.0000 0.0001 0.0000 0.0000 0.0000 0.0000 -0.0010 -0.0002 0.0000 0.0002 30.0001 -0.0001 0.0005 -29.9998 0.0000 0.0000 0.0000 0.3300 2.0896 -0.1387 0.3300 2.0896 -0.1387 -57.2883 87.0857 51.8544 -71.6041 77.2847 -64.1382 35.9870 7.0300 -3.9264 0.0272 0.1072 0.3985 0.0000 -0.0001 0.0001 0.0000 0.0000 0.0000 0.0000 -0.0006 0.0003 0.0000 -0.0001 0.0001 0.0000 0.0000 0.0000 0.0000 0.0000 0.0000 0.0000 0.0007 0.0001 0.0000 -0.0012 0.0001 0.0000 -0.0008 0.0003 0.0000 0.0001 0.0000 0.0000 0.0000 0.0000 0.0000 -0.0009 0.0000 0.0000 0.0002 -29.9997 -0.0001 -0.0003 29.9996 0.0000 0.0000 0.0000 4.3305 -0.8431 -179.5963 -0.0472 -7.7719 0.0860 -12.3877 71.6163 -3.0426 0.0000 25.3510 0.0000 2.9578 -3.4336 -178.3600 -0.0027 -10.1703 -0.0825 5.6323 71.6961 0.1087 0.0000 25.3508 -0.0001 
10.4165 96.3067 -31.3781 -1.5231 0.1275 0.2399 0.2036 -0.0446 0.4373 0.2036 -0.0445 0.4373 0.2042 -0.0446 0.4386 -255.5112 90.0000 0.0000 73.7679 74.7759 71.5258 -42.5494 3.6425 2.8498 -0.0154 0.0845 -0.4317 0.0000 0.0000 0.0001 0.0000 0.0000 0.0000 0.0000 -0.0013 -0.0008 0.0000 -0.0004 0.0001 0.0000 0.0000 0.0000 0.0000 0.0000 0.0000 0.0000 0.0002 0.0000 0.0000 -0.0006 0.0003 0.0000 0.0004 -0.0006 0.0000 0.0000 0.0001 0.0000 0.0000 0.0000 0.0000 -0.0010 -0.0002 0.0000 0.0002 30.0001 -0.0001 0.0005 -29.9998 0.0000 0.0000 0.0000 0.3260 2.0698 -0.1626 0.3260 2.0698 -0.1626 -56.4219 87.0578 52.7258 -71.7615 77.3359 -64.3069 35.9347 7.0166 -3.9418 0.0271 0.1057 0.3979 0.0000 -0.0001 0.0001 0.0000 0.0000 0.0000 0.0000 -0.0006 0.0003 0.0000 -0.0001 0.0001 0.0000 0.0000 0.0000 0.0000 0.0000 0.0000 0.0000 0.0007 0.0001 0.0000 -0.0012 0.0001 0.0000 -0.0008 0.0003 0.0000 0.0001 0.0000 0.0000 0.0000 0.0000 0.0000 -0.0009 0.0000 0.0000 0.0002 -29.9997 -0.0001 -0.0003 29.9996 0.0000 0.0000 0.0000 4.3024 -1.0101 -179.5103 -0.0503 -8.0240 0.0863 -12.9520 71.6880 -3.8026 0.0000 25.3510 0.0000 2.8712 -3.5153 -178.2821 -0.0040 -10.2746 -0.0824 5.5188 71.7462 -0.0337 0.0000 25.3508 -0.0001 
10.3944 96.2873 -31.3633 -1.4550 0.1820 0.1901 0.2024 -0.0421 0.4412 0.2024 -0.0420 0.4412 0.2030 -0.0422 0.4425 -255.5090 90.0000 0.0000 73.3162 74.7347 71.0766 -42.5978 3.6071 2.7445 -0.0152 0.0854 -0.4324 0.0000 0.0000 0.0001 0.0000 0.0000 0.0000 0.0000 -0.0013 -0.0008 0.0000 -0.0004 0.0001 0.0000 0.0000 0.0000 0.0000 0.0000 0.0000 0.0000 0.0002 0.0000 0.0000 -0.0006 0.0003 0.0000 0.0004 -0.0006 0.0000 0.0000 0.0001 0.0000 0.0000 0.0000 0.0000 -0.0010 -0.0002 0.0000 0.0002 30.0001 -0.0001 0.0005 -29.9998 0.0000 0.0000 0.0000 0.3226 2.0419 -0.1845 0.3226 2.0419 -0.1845 -55.4012 87.0215 53.7466 -71.9929 77.3871 -64.5581 35.8789 6.9733 -3.9404 0.0269 0.1045 0.3983 0.0000 -0.0001 0.0001 0.0000 0.0000 0.0000 0.0000 -0.0006 0.0003 0.0000 -0.0001 0.0001 0.0000 0.0000 0.0000 0.0000 0.0000 0.0000 0.0000 0.0007 0.0001 0.0000 -0.0012 0.0001 0.0000 -0.0008 0.0003 0.0000 0.0001 0.0000 0.0000 0.0000 0.0000 0.0000 -0.0009 0.0000 0.0000 0.0002 -29.9996 -0.0001 -0.0003 29.9996 0.0000 0.0000 0.0000 4.2736 -1.2074 -179.4289 -0.0526 -8.2981 0.0866 -13.5359 71.7703 -4.6194 0.0000 25.3510 0.0000 2.7700 -3.6421 -178.2094 -0.0042 -10.4375 -0.0823 5.3918 71.8232 -0.1948 0.0000 25.3508 -0.0001 
10.3736 96.2658 -31.3598 -1.3659 0.2433 0.1499 0.2014 -0.0372 0.4394 0.2014 -0.0371 0.4395 0.2020 -0.0373 0.4408 -255.5013 90.0000 0.0000 72.8711 74.6870 70.6318 -42.6441 3.5941 2.6504 -0.0152 0.0863 -0.4336 0.0000 0.0000 0.0001 0.0000 0.0000 0.0000 0.0000 -0.0013 -0.0008 0.0000 -0.0004 0.0001 0.0000 0.0000 0.0000 0.0000 0.0000 0.0000 0.0000 0.0002 0.0000 0.0000 -0.0006 0.0003 0.0000 0.0004 -0.0006 0.0000 0.0000 0.0001 0.0000 0.0000 0.0000 0.0000 -0.0010 -0.0002 0.0000 0.0002 30.0001 -0.0001 0.0005 -29.9998 0.0000 0.0000 0.0000 0.3196 2.0062 -0.2038 0.3196 2.0062 -0.2038 -54.3455 86.9832 54.7969 -72.2911 77.4321 -64.8856 35.8270 6.9063 -3.9251 0.0266 0.1032 0.3986 0.0000 -0.0001 0.0001 0.0000 0.0000 0.0000 0.0000 -0.0006 0.0003 0.0000 -0.0001 0.0001 0.0000 0.0000 0.0000 0.0000 0.0000 0.0000 0.0000 0.0007 0.0001 0.0000 -0.0012 0.0001 0.0000 -0.0008 0.0003 0.0000 0.0001 0.0000 0.0000 0.0000 0.0000 0.0000 -0.0009 0.0000 0.0000 0.0002 -29.9996 -0.0001 -0.0003 29.9996 0.0000 0.0000 0.0000 4.2384 -1.4297 -179.3592 -0.0540 -8.5944 0.0868 -14.0921 71.8630 -5.4122 0.0000 25.3510 0.0000 2.6722 -3.7987 -178.1475 -0.0034 -10.6370 -0.0824 5.2912 71.9161 -0.3437 0.0000 25.3508 -0.0001 
10.3586 96.2447 -31.3709 -1.2544 0.3075 0.1186 0.1988 -0.0295 0.4334 0.1988 -0.0294 0.4334 0.1994 -0.0295 0.4347 -255.4914 90.0000 0.0000 72.4184 74.6370 70.1801 -42.6859 3.6046 2.5719 -0.0152 0.0872 -0.4357 0.0000 0.0000 0.0001 0.0000 0.0000 0.0000 0.0000 -0.0013 -0.0008 0.0000 -0.0004 0.0001 0.0000 0.0000 0.0000 0.0000 0.0000 0.0000 0.0000 0.0002 0.0000 0.0000 -0.0006 0.0003 0.0000 0.0004 -0.0006 0.0000 0.0000 0.0001 0.0000 0.0000 0.0000 0.0000 -0.0010 -0.0002 0.0000 0.0002 30.0001 -0.0001 0.0005 -29.9998 0.0000 0.0000 0.0000 0.3180 1.9639 -0.2220 0.3180 1.9639 -0.2220 -53.3195 86.9436 55.8089 -72.6398 77.4675 -65.2717 35.7838 6.8235 -3.8983 0.0263 0.1021 0.3989 0.0000 -0.0001 0.0001 0.0000 0.0000 0.0000 0.0000 -0.0006 0.0003 0.0000 -0.0001 0.0001 0.0000 0.0000 0.0000 0.0000 0.0000 0.0000 0.0000 0.0007 0.0001 0.0000 -0.0012 0.0001 0.0000 -0.0008 0.0003 0.0000 0.0001 0.0000 0.0000 0.0000 0.0000 0.0000 -0.0008 0.0000 0.0000 0.0002 -29.9996 -0.0001 -0.0003 29.9996 0.0000 0.0000 0.0000 4.2037 -1.6791 -179.3041 -0.0553 -8.9209 0.0871 -14.5755 71.9702 -6.1323 0.0000 25.3510 0.0000 2.5856 -3.9793 -178.0995 -0.0023 -10.8650 -0.0825 5.2439 72.0185 -0.4589 0.0000 25.3508 -0.0001 
10.3529 96.2235 -31.4019 -1.1061 0.3710 0.1035 0.1925 -0.0169 0.4213 0.1925 -0.0169 0.4213 0.1931 -0.0169 0.4226 -255.4832 90.0000 0.0000 71.9506 74.5913 69.7138 -42.7129 3.6528 2.5242 -0.0154 0.0878 -0.4369 0.0000 0.0000 0.0001 0.0000 0.0000 0.0000 0.0000 -0.0013 -0.0008 0.0000 -0.0004 0.0001 0.0000 0.0000 0.0000 0.0000 0.0000 0.0000 0.0000 0.0002 0.0000 0.0000 -0.0006 0.0003 0.0000 0.0004 -0.0006 0.0000 0.0000 0.0001 0.0000 0.0000 0.0000 0.0000 -0.0010 -0.0002 0.0000 0.0002 30.0001 -0.0002 0.0005 -29.9998 0.0000 0.0000 0.0000 0.3174 1.9146 -0.2410 0.3174 1.9146 -0.2410 -52.3873 86.9061 56.7165 -73.0328 77.4843 -65.7100 35.7587 6.7302 -3.8589 0.0259 0.1009 0.3988 0.0000 -0.0001 0.0001 0.0000 0.0000 0.0000 0.0000 -0.0006 0.0003 0.0000 -0.0001 0.0001 0.0000 0.0000 0.0000 0.0000 0.0000 0.0000 0.0000 0.0007 0.0001 0.0000 -0.0012 0.0001 0.0000 -0.0008 0.0003 0.0000 0.0001 0.0000 0.0000 0.0000 0.0000 0.0000 -0.0009 0.0000 0.0000 0.0002 -29.9996 -0.0001 -0.0003 29.9996 0.0000 0.0000 0.0000 4.1888 -1.9669 -179.2736 -0.0558 -9.2982 0.0873 -14.8899 72.1047 -6.6905 0.0000 25.3510 0.0000 2.5235 -4.1804 -178.0764 -0.0022 -11.1183 -0.0825 5.3046 72.1291 -0.5029 0.0000 25.3508 -0.0001 
10.3444 96.2017 -31.4372 -0.9308 0.4316 0.1030 0.1858 0.0011 0.4063 0.1858 0.0011 0.4063 0.1864 0.0012 0.4075 -255.4822 90.0000 0.0000 71.4881 74.5497 69.2580 -42.7281 3.7275 2.4975 -0.0157 0.0881 -0.4382 0.0000 0.0000 0.0001 0.0000 0.0000 0.0000 0.0000 -0.0013 -0.0008 0.0000 -0.0004 0.0001 0.0000 0.0000 0.0000 0.0000 0.0000 0.0000 0.0000 0.0002 0.0000 0.0000 -0.0006 0.0003 0.0000 0.0004 -0.0006 0.0000 0.0000 0.0001 0.0000 0.0000 0.0000 0.0000 -0.0010 -0.0002 0.0000 0.0002 30.0001 -0.0001 0.0005 -29.9998 0.0000 0.0000 0.0000 0.3139 1.8611 -0.2639 0.3139 1.8611 -0.2639 -51.5291 86.8665 57.5475 -73.4198 77.4844 -66.1460 35.7526 6.6426 -3.8139 0.0256 0.0999 0.3990 0.0000 -0.0001 0.0001 0.0000 0.0000 0.0000 0.0000 -0.0006 0.0003 0.0000 -0.0001 0.0001 0.0000 0.0000 0.0000 0.0000 0.0000 0.0000 0.0000 0.0007 0.0001 0.0000 -0.0012 0.0001 0.0000 -0.0008 0.0003 0.0000 0.0001 0.0000 0.0000 0.0000 0.0000 0.0000 -0.0009 0.0000 0.0000 0.0002 -29.9996 -0.0001 -0.0003 29.9996 0.0000 0.0000 0.0000 4.1971 -2.2633 -179.2572 -0.0553 -9.6890 0.0875 -15.0642 72.2462 -7.1144 0.0000 25.3510 0.0000 2.4811 -4.3876 -178.0681 -0.0020 -11.3906 -0.0825 5.4360 72.2542 -0.5002 0.0000 25.3508 -0.0001 
10.3265 96.1791 -31.4676 -0.7360 0.4893 0.1119 0.1804 0.0249 0.3917 0.1804 0.0250 0.3917 0.1810 0.0250 0.3929 -255.4891 90.0000 0.0000 71.0419 74.5093 68.8261 -42.7349 3.8211 2.4836 -0.0161 0.0883 -0.4403 0.0000 0.0000 0.0001 0.0000 0.0000 0.0000 0.0000 -0.0013 -0.0008 0.0000 -0.0004 0.0001 0.0000 0.0000 0.0000 0.0000 0.0000 0.0000 0.0000 0.0002 0.0000 0.0000 -0.0006 0.0003 0.0000 0.0004 -0.0006 0.0000 0.0000 0.0001 0.0000 0.0000 0.0000 0.0000 -0.0010 -0.0002 0.0000 0.0002 30.0001 -0.0001 0.0005 -29.9998 0.0000 0.0000 0.0000 0.3079 1.8049 -0.2922 0.3079 1.8049 -0.2922 -50.7310 86.8222 58.3197 -73.7810 77.4684 -66.5578 35.7655 6.5682 -3.7668 0.0253 0.0990 0.3993 0.0000 -0.0001 0.0001 0.0000 0.0000 0.0000 0.0000 -0.0006 0.0003 0.0000 -0.0001 0.0001 0.0000 0.0000 0.0000 0.0000 0.0000 0.0000 0.0000 0.0007 0.0001 0.0000 -0.0011 0.0001 0.0000 -0.0008 0.0003 0.0000 0.0001 0.0000 0.0000 0.0000 0.0000 0.0000 -0.0009 0.0000 0.0000 0.0002 -29.9996 -0.0001 -0.0003 29.9996 0.0000 0.0000 0.0000 4.2265 -2.5447 -179.2445 -0.0536 -10.0562 0.0875 -15.1283 72.3771 -7.4357 0.0000 25.3510 0.0000 2.4461 -4.5952 -178.0650 -0.0011 -11.6805 -0.0826 5.6026 72.3978 -0.4703 0.0000 25.3508 -0.0001 
10.2920 96.1564 -31.4862 -0.5217 0.5445 0.1300 0.1801 0.0578 0.3811 0.1801 0.0578 0.3811 0.1806 0.0580 0.3823 -255.5081 90.0000 0.0000 70.6421 74.4755 68.4481 -42.7281 3.9386 2.4821 -0.0166 0.0877 -0.4413 0.0000 0.0000 0.0001 0.0000 0.0000 0.0000 0.0000 -0.0013 -0.0008 0.0000 -0.0004 0.0001 0.0000 0.0000 0.0000 0.0000 0.0000 0.0000 0.0000 0.0002 0.0000 0.0000 -0.0006 0.0003 0.0000 0.0004 -0.0006 0.0000 0.0000 0.0001 0.0000 0.0000 0.0000 0.0000 -0.0010 -0.0002 0.0000 0.0002 30.0001 -0.0001 0.0005 -29.9998 0.0000 0.0000 0.0000 0.2982 1.7472 -0.3279 0.2982 1.7472 -0.3279 -49.9415 86.7656 59.0908 -74.0668 77.4280 -66.8931 35.8040 6.5253 -3.7216 0.0251 0.0979 0.3996 0.0000 -0.0001 0.0001 0.0000 0.0000 0.0000 0.0000 -0.0006 0.0003 0.0000 -0.0001 0.0001 0.0000 0.0000 0.0000 0.0000 0.0000 0.0000 0.0000 0.0007 0.0001 0.0000 -0.0012 0.0001 0.0000 -0.0008 0.0003 0.0000 0.0001 0.0000 0.0000 0.0000 0.0000 0.0000 -0.0008 0.0000 0.0000 0.0002 -29.9996 -0.0001 -0.0003 29.9996 0.0000 0.0000 0.0000 4.2847 -2.7946 -179.2299 -0.0512 -10.3728 0.0874 -15.0682 72.4901 -7.6505 0.0000 25.3510 0.0000 2.4085 -4.7984 -178.0632 0.0009 -11.9882 -0.0828 5.7890 72.5664 -0.4167 0.0000 25.3508 -0.0001 
10.2504 96.1325 -31.5026 -0.3020 0.5990 0.1536 0.1846 0.0955 0.3746 0.1846 0.0956 0.3747 0.1852 0.0959 0.3758 -255.5250 90.0000 0.0000 70.2912 74.4566 68.1201 -42.7155 4.0731 2.4838 -0.0171 0.0867 -0.4428 0.0000 0.0000 0.0001 0.0000 0.0000 0.0000 0.0000 -0.0013 -0.0008 0.0000 -0.0004 0.0001 0.0000 0.0000 0.0000 0.0000 0.0000 0.0000 0.0000 0.0002 0.0000 0.0000 -0.0006 0.0003 0.0000 0.0004 -0.0006 0.0000 0.0000 0.0001 0.0000 0.0000 0.0000 0.0000 -0.0010 -0.0002 0.0000 0.0002 30.0001 -0.0002 0.0005 -29.9998 0.0000 0.0000 0.0000 0.2903 1.6951 -0.3661 0.2903 1.6951 -0.3661 -49.1761 86.7007 59.8429 -74.2666 77.3691 -67.1389 35.8521 6.5157 -3.6837 0.0250 0.0969 0.4003 0.0000 -0.0001 0.0001 0.0000 0.0000 0.0000 0.0000 -0.0006 0.0003 0.0000 -0.0001 0.0001 0.0000 0.0000 0.0000 0.0000 0.0000 0.0000 0.0000 0.0007 0.0001 0.0000 -0.0012 0.0001 0.0000 -0.0008 0.0003 0.0000 0.0001 0.0000 0.0000 0.0000 0.0000 0.0000 -0.0009 0.0000 0.0000 0.0002 -29.9996 -0.0001 -0.0003 29.9996 0.0000 0.0000 0.0000 4.3504 -3.0392 -179.2165 -0.0492 -10.6814 0.0874 -14.9631 72.6070 -7.8240 0.0000 25.3510 0.0000 2.3618 -4.9989 -178.0645 0.0025 -12.2980 -0.0830 5.9765 72.7429 -0.3465 0.0000 25.3508 -0.0001 
10.2083 96.1078 -31.5260 -0.0840 0.6522 0.1781 0.1951 0.1376 0.3729 0.1951 0.1377 0.3729 0.1957 0.1381 0.3740 -255.5381 90.0000 0.0000 69.9989 74.4529 67.8496 -42.7066 4.2195 2.4833 -0.0177 0.0852 -0.4440 0.0000 0.0000 0.0001 0.0000 0.0000 0.0000 0.0000 -0.0013 -0.0008 0.0000 -0.0004 0.0001 0.0000 0.0000 0.0000 0.0000 0.0000 0.0000 0.0000 0.0002 0.0000 0.0000 -0.0006 0.0003 0.0000 0.0004 -0.0006 0.0000 0.0000 0.0001 0.0000 0.0000 0.0000 0.0000 -0.0010 -0.0002 0.0000 0.0002 30.0001 -0.0001 0.0005 -29.9998 0.0000 0.0000 0.0000 0.2849 1.6499 -0.4047 0.2849 1.6499 -0.4047 -48.3939 86.6263 60.6280 -74.4008 77.2893 -67.3133 35.9008 6.5349 -3.6553 0.0251 0.0962 0.4019 0.0000 -0.0001 0.0001 0.0000 0.0000 0.0000 0.0000 -0.0006 0.0003 0.0000 -0.0001 0.0001 0.0000 0.0000 0.0000 0.0000 0.0000 0.0000 0.0000 0.0007 0.0001 0.0000 -0.0012 0.0001 0.0000 -0.0008 0.0003 0.0000 0.0001 0.0000 0.0000 0.0000 0.0000 0.0000 -0.0009 0.0000 0.0000 0.0002 -29.9996 -0.0001 -0.0003 29.9996 0.0000 0.0000 0.0000 4.4029 -3.2964 -179.2053 -0.0489 -11.0115 0.0875 -14.8560 72.7348 -7.9783 0.0000 25.3510 0.0000 2.3096 -5.2023 -178.0681 0.0035 -12.6087 -0.0831 6.1634 72.9181 -0.2584 0.0000 25.3508 -0.0001 
10.1693 96.0809 -31.5694 0.1289 0.7022 0.1952 0.2140 0.1866 0.3805 0.2140 0.1866 0.3805 0.2147 0.1872 0.3816 -255.5461 90.0000 0.0000 69.8288 74.4519 67.7088 -42.7304 4.3693 2.4688 -0.0182 0.0828 -0.4444 0.0000 0.0000 0.0001 0.0000 0.0000 0.0000 0.0000 -0.0013 -0.0008 0.0000 -0.0004 0.0001 0.0000 0.0000 0.0000 0.0000 0.0000 0.0000 0.0000 0.0002 0.0000 0.0000 -0.0006 0.0003 0.0000 0.0004 -0.0006 0.0000 0.0000 0.0001 0.0000 0.0000 0.0000 0.0000 -0.0010 -0.0002 0.0000 0.0002 30.0001 -0.0001 0.0005 -29.9998 0.0000 0.0000 0.0000 0.2856 1.6149 -0.4411 0.2856 1.6149 -0.4411 -47.6179 86.5421 61.4161 -74.4356 77.1990 -67.3863 35.9423 6.5920 -3.6419 0.0254 0.0955 0.4040 0.0000 -0.0001 0.0001 0.0000 0.0000 0.0000 0.0000 -0.0006 0.0003 0.0000 -0.0001 0.0001 0.0000 0.0000 0.0000 0.0000 0.0000 0.0000 0.0000 0.0007 0.0001 0.0000 -0.0012 0.0001 0.0000 -0.0008 0.0003 0.0000 0.0001 0.0000 0.0000 0.0000 0.0000 0.0000 -0.0008 0.0000 0.0000 0.0002 -29.9996 -0.0001 -0.0003 29.9996 0.0000 0.0000 0.0000 4.4092 -3.5802 -179.1921 -0.0527 -11.3800 0.0880 -14.7779 72.8715 -8.1125 0.0000 25.3510 0.0000 2.2618 -5.4151 -178.0683 0.0036 -12.9185 -0.0831 6.3618 73.0831 -0.1431 0.0000 25.3508 -0.0001 
10.1292 96.0534 -31.6300 0.3398 0.7495 0.2085 0.2376 0.2404 0.3945 0.2376 0.2405 0.3945 0.2383 0.2412 0.3957 -255.5544 90.0000 0.0000 69.7331 74.4551 67.6465 -42.7641 4.5177 2.4453 -0.0186 0.0801 -0.4449 0.0000 0.0000 0.0001 0.0000 0.0000 0.0000 0.0000 -0.0013 -0.0008 0.0000 -0.0004 0.0001 0.0000 0.0000 0.0000 0.0000 0.0000 0.0000 0.0000 0.0002 0.0000 0.0000 -0.0006 0.0003 0.0000 0.0004 -0.0006 0.0000 0.0000 0.0001 0.0000 0.0000 0.0000 0.0000 -0.0010 -0.0002 0.0000 0.0002 30.0001 -0.0001 0.0005 -29.9998 0.0000 0.0000 0.0000 0.2908 1.5861 -0.4744 0.2908 1.5861 -0.4744 -46.8834 86.4522 62.1686 -74.4010 77.1046 -67.3912 35.9722 6.6747 -3.6390 0.0257 0.0947 0.4061 0.0000 -0.0001 0.0001 0.0000 0.0000 0.0000 0.0000 -0.0006 0.0003 0.0000 -0.0001 0.0001 0.0000 0.0000 0.0000 0.0000 0.0000 0.0000 0.0000 0.0007 0.0001 0.0000 -0.0012 0.0001 0.0000 -0.0008 0.0003 0.0000 0.0001 0.0000 0.0000 0.0000 0.0000 0.0000 -0.0008 0.0000 0.0000 0.0002 -29.9996 -0.0001 -0.0003 29.9996 0.0000 0.0000 0.0000 4.3644 -3.8742 -179.1778 -0.0587 -11.7508 0.0888 -14.7185 72.9949 -8.2129 0.0000 25.3510 0.0000 2.2296 -5.6267 -178.0662 0.0018 -13.2088 -0.0829 6.5693 73.2289 -0.0238 0.0000 25.3508 -0.0001 
10.0795 96.0282 -31.7023 0.5481 0.7971 0.2246 0.2640 0.2963 0.4124 0.2640 0.2964 0.4124 0.2648 0.2972 0.4137 -255.5656 90.0000 0.0000 69.6880 74.4637 67.6387 -42.7928 4.6614 2.4134 -0.0191 0.0773 -0.4454 0.0000 0.0000 0.0001 0.0000 0.0000 0.0000 0.0000 -0.0013 -0.0008 0.0000 -0.0004 0.0001 0.0000 0.0000 0.0000 0.0000 0.0000 0.0000 0.0000 0.0002 0.0000 0.0000 -0.0006 0.0003 0.0000 0.0004 -0.0006 0.0000 0.0000 0.0001 0.0000 0.0000 0.0000 0.0000 -0.0010 -0.0002 0.0000 0.0002 30.0001 -0.0001 0.0005 -29.9998 0.0000 0.0000 0.0000 0.2953 1.5594 -0.5069 0.2953 1.5594 -0.5069 -46.2651 86.3587 62.8081 -74.3185 77.0072 -67.3493 35.9906 6.7768 -3.6447 0.0262 0.0941 0.4081 0.0000 -0.0001 0.0001 0.0000 0.0000 0.0000 0.0000 -0.0006 0.0003 0.0000 -0.0001 0.0001 0.0000 0.0000 0.0000 0.0000 0.0000 0.0000 0.0000 0.0007 0.0001 0.0000 -0.0012 0.0001 0.0000 -0.0008 0.0003 0.0000 0.0001 0.0000 0.0000 0.0000 0.0000 0.0000 -0.0009 0.0000 0.0000 0.0002 -29.9996 -0.0001 -0.0003 29.9996 0.0000 0.0000 0.0000 4.2723 -4.1654 -179.1636 -0.0645 -12.0982 0.0896 -14.6801 73.0912 -8.2807 0.0000 25.3510 0.0000 2.2206 -5.8337 -178.0625 -0.0007 -13.4737 -0.0826 6.7645 73.3555 0.0680 0.0000 25.3508 -0.0001 
10.0066 96.0060 -31.7885 0.7466 0.8533 0.2508 0.2948 0.3505 0.4349 0.2948 0.3506 0.4349 0.2957 0.3516 0.4362 -255.5874 90.0000 0.0000 69.7036 74.4809 67.6992 -42.7968 4.7917 2.3671 -0.0195 0.0744 -0.4449 0.0000 0.0000 0.0001 0.0000 0.0000 0.0000 0.0000 -0.0013 -0.0008 0.0000 -0.0004 0.0001 0.0000 0.0000 0.0000 0.0000 0.0000 0.0000 0.0000 0.0002 0.0000 0.0000 -0.0006 0.0003 0.0000 0.0004 -0.0006 0.0000 0.0000 0.0001 0.0000 0.0000 0.0000 0.0000 -0.0010 -0.0002 0.0000 0.0002 30.0001 -0.0001 0.0005 -29.9998 0.0000 0.0000 0.0000 0.3064 1.5408 -0.5394 0.3064 1.5408 -0.5394 -45.8814 86.2625 63.2150 -74.1781 76.9046 -67.2511 35.9983 6.9024 -3.6589 0.0267 0.0937 0.4101 0.0000 -0.0001 0.0001 0.0000 0.0000 0.0000 0.0000 -0.0006 0.0003 0.0000 -0.0001 0.0001 0.0000 0.0000 0.0000 0.0000 0.0000 0.0000 0.0000 0.0007 0.0001 0.0000 -0.0012 0.0001 0.0000 -0.0008 0.0003 0.0000 0.0001 0.0000 0.0000 0.0000 0.0000 0.0000 -0.0008 0.0000 0.0000 0.0002 -29.9996 -0.0001 -0.0003 29.9996 0.0000 0.0000 0.0000 4.1299 -4.4337 -179.1498 -0.0687 -12.3607 0.0902 -14.6550 73.1129 -8.2908 0.0000 25.3510 0.0000 2.2559 -6.0477 -178.0486 -0.0001 -13.7106 -0.0827 6.8950 73.4571 0.0659 0.0000 25.3508 -0.0001 
9.9208 95.9875 -31.8815 0.9356 0.9291 0.2911 0.3302 0.3987 0.4599 0.3302 0.3988 0.4599 0.3312 0.3999 0.4613 -255.6295 90.0000 0.0000 69.7679 74.5063 67.8138 -42.7706 4.9081 2.3101 -0.0197 0.0716 -0.4432 0.0000 0.0000 0.0001 0.0000 0.0000 0.0000 0.0000 -0.0013 -0.0008 0.0000 -0.0004 0.0001 0.0000 0.0000 0.0000 0.0000 0.0000 0.0000 0.0000 0.0002 0.0000 0.0000 -0.0006 0.0003 0.0000 0.0004 -0.0006 0.0000 0.0000 0.0001 0.0000 0.0000 0.0000 0.0000 -0.0010 -0.0002 0.0000 0.0002 30.0001 -0.0002 0.0005 -29.9998 0.0000 0.0000 0.0000 0.3170 1.5276 -0.5729 0.3170 1.5276 -0.5729 -45.7400 86.1705 63.3770 -73.9721 76.8048 -67.0932 36.0105 7.0452 -3.6762 0.0274 0.0937 0.4134 0.0000 -0.0001 0.0001 0.0000 0.0000 0.0000 0.0000 -0.0006 0.0003 0.0000 -0.0001 0.0001 0.0000 0.0000 0.0000 0.0000 0.0000 0.0000 0.0000 0.0007 0.0001 0.0000 -0.0012 0.0001 0.0000 -0.0008 0.0003 0.0000 0.0001 0.0000 0.0000 0.0000 0.0000 0.0000 -0.0008 0.0000 0.0000 0.0002 -29.9996 -0.0001 -0.0003 29.9995 0.0000 0.0000 0.0000 3.9723 -4.6978 -179.1455 -0.0725 -12.5663 0.0907 -14.6402 73.0770 -8.2772 0.0000 25.3510 0.0000 2.3190 -6.2917 -178.0354 0.0037 -13.9526 -0.0832 6.9886 73.5538 0.0123 0.0000 25.3508 -0.0001 
9.8381 95.9711 -31.9743 1.1157 1.0299 0.3451 0.3683 0.4381 0.4877 0.3683 0.4381 0.4877 0.3694 0.4394 0.4892 -255.6900 90.0000 0.0000 69.8562 74.5461 67.9543 -42.7051 5.0184 2.2534 -0.0201 0.0694 -0.4431 0.0000 0.0000 0.0001 0.0000 0.0000 0.0000 0.0000 -0.0013 -0.0008 0.0000 -0.0004 0.0001 0.0000 0.0000 0.0000 0.0000 0.0000 0.0000 0.0000 0.0002 0.0000 0.0000 -0.0006 0.0003 0.0000 0.0004 -0.0006 0.0000 0.0000 0.0001 0.0000 0.0000 0.0000 0.0000 -0.0010 -0.0002 0.0000 0.0002 30.0001 -0.0001 0.0005 -29.9998 0.0000 0.0000 0.0000 0.3261 1.5197 -0.6093 0.3261 1.5197 -0.6093 -45.8208 86.0816 63.3143 -73.7162 76.7019 -66.8886 36.0331 7.2024 -3.6944 0.0282 0.0937 0.4162 0.0000 -0.0001 0.0001 0.0000 0.0000 0.0000 0.0000 -0.0006 0.0003 0.0000 -0.0001 0.0001 0.0000 0.0000 0.0000 0.0000 0.0000 0.0000 0.0000 0.0007 0.0001 0.0000 -0.0011 0.0001 0.0000 -0.0008 0.0003 0.0000 0.0001 0.0000 0.0000 0.0000 0.0000 0.0000 -0.0009 0.0000 0.0000 0.0002 -29.9996 -0.0001 -0.0003 29.9996 0.0000 0.0000 0.0000 3.8249 -4.9760 -179.1596 -0.0786 -12.7520 0.0916 -14.6369 73.0109 -8.2708 0.0000 25.3510 0.0000 2.3907 -6.5649 -178.0340 0.0078 -14.1997 -0.0837 7.0820 73.6494 -0.0392 0.0000 25.3508 -0.0001 
9.7648 95.9601 -32.0542 1.2833 1.1739 0.4183 0.4079 0.4626 0.5219 0.4079 0.4627 0.5219 0.4091 0.4641 0.5235 -255.7762 90.0000 0.0000 69.9900 74.6190 68.1338 -42.5935 5.1250 2.1842 -0.0202 0.0670 -0.4399 0.0000 0.0000 0.0001 0.0000 0.0000 0.0000 0.0000 -0.0013 -0.0008 0.0000 -0.0004 0.0001 0.0000 0.0000 0.0000 0.0000 0.0000 0.0000 0.0000 0.0002 0.0000 0.0000 -0.0006 0.0003 0.0000 0.0004 -0.0006 0.0000 0.0000 0.0001 0.0000 0.0000 0.0000 0.0000 -0.0010 -0.0002 0.0000 0.0002 30.0001 -0.0001 0.0005 -29.9998 0.0000 0.0000 0.0000 0.3315 1.5154 -0.6558 0.3315 1.5154 -0.6558 -46.2043 85.9953 62.9531 -73.3787 76.5813 -66.6083 36.0759 7.3785 -3.7131 0.0290 0.0943 0.4197 0.0000 -0.0001 0.0001 0.0000 0.0000 0.0000 0.0000 -0.0006 0.0003 0.0000 -0.0001 0.0001 0.0000 0.0000 0.0000 0.0000 0.0000 0.0000 0.0000 0.0007 0.0001 0.0000 -0.0012 0.0001 0.0000 -0.0008 0.0003 0.0000 0.0001 0.0000 0.0000 0.0000 0.0000 0.0000 -0.0009 0.0000 0.0000 0.0002 -29.9996 -0.0001 -0.0003 29.9996 0.0000 0.0000 0.0000 3.7214 -5.3125 -179.2018 -0.0892 -12.9851 0.0929 -14.7187 72.9473 -8.3762 0.0000 25.3511 0.0000 2.4474 -6.8676 -178.0614 0.0096 -14.4364 -0.0839 7.2165 73.7432 -0.0192 0.0000 25.3508 -0.0001 
9.6894 95.9536 -32.1195 1.4425 1.3526 0.5026 0.4461 0.4766 0.5642 0.4461 0.4767 0.5643 0.4474 0.4781 0.5659 -255.8770 90.0000 0.0000 70.1966 74.7115 68.3844 -42.4699 5.2312 2.0983 -0.0204 0.0646 -0.4371 0.0000 0.0000 0.0001 0.0000 0.0000 0.0000 0.0000 -0.0013 -0.0008 0.0000 -0.0004 0.0001 0.0000 0.0000 0.0000 0.0000 0.0000 0.0000 0.0000 0.0002 0.0000 0.0000 -0.0006 0.0003 0.0000 0.0004 -0.0006 0.0000 0.0000 0.0001 0.0000 0.0000 0.0000 0.0000 -0.0010 -0.0002 0.0000 0.0002 30.0001 -0.0001 0.0005 -29.9998 0.0000 0.0000 0.0000 0.3394 1.5104 -0.7148 0.3394 1.5104 -0.7148 -46.7670 85.9124 62.4152 -72.9436 76.4413 -66.2387 36.1353 7.5677 -3.7333 0.0300 0.0953 0.4241 0.0000 -0.0001 0.0001 0.0000 0.0000 0.0000 0.0000 -0.0006 0.0003 0.0000 -0.0001 0.0001 0.0000 0.0000 0.0000 0.0000 0.0000 0.0000 0.0000 0.0007 0.0001 0.0000 -0.0012 0.0001 0.0000 -0.0008 0.0003 0.0000 0.0001 0.0000 0.0000 0.0000 0.0000 0.0000 -0.0009 0.0000 0.0000 0.0002 -29.9996 -0.0001 -0.0003 29.9996 0.0000 0.0000 0.0000 3.6633 -5.7027 -179.2541 -0.1035 -13.2729 0.0948 -14.8918 72.8891 -8.6085 0.0000 25.3510 0.0000 2.4652 -7.1751 -178.1038 0.0110 -14.6344 -0.0841 7.3531 73.8246 0.0490 0.0000 25.3508 -0.0001 
9.6011 95.9506 -32.1772 1.5985 1.5564 0.5911 0.4816 0.4834 0.6144 0.4816 0.4835 0.6145 0.4831 0.4849 0.6163 -255.9838 90.0000 0.0000 70.4844 74.8222 68.7104 -42.3428 5.3409 1.9999 -0.0206 0.0622 -0.4348 0.0000 0.0000 0.0001 0.0000 0.0000 0.0000 0.0000 -0.0013 -0.0008 0.0000 -0.0004 0.0001 0.0000 0.0000 0.0000 0.0000 0.0000 0.0000 0.0000 0.0002 0.0000 0.0000 -0.0006 0.0003 0.0000 0.0004 -0.0006 0.0000 0.0000 0.0001 0.0000 0.0000 0.0000 0.0000 -0.0010 -0.0002 0.0000 0.0002 30.0001 -0.0001 0.0005 -29.9998 0.0000 0.0000 0.0000 0.3463 1.5002 -0.7830 0.3463 1.5002 -0.7830 -47.4117 85.8385 61.7959 -72.4076 76.2858 -65.7783 36.2062 7.7662 -3.7552 0.0310 0.0964 0.4274 0.0000 -0.0001 0.0001 0.0000 0.0000 0.0000 0.0000 -0.0006 0.0003 0.0000 -0.0001 0.0001 0.0000 0.0000 0.0000 0.0000 0.0000 0.0000 0.0000 0.0007 0.0001 0.0000 -0.0012 0.0001 0.0000 -0.0008 0.0003 0.0000 0.0001 0.0000 0.0000 0.0000 0.0000 0.0000 -0.0009 0.0000 0.0000 0.0002 -29.9996 -0.0001 -0.0003 29.9996 0.0000 0.0000 0.0000 3.6385 -6.1176 -179.3023 -0.1191 -13.5620 0.0969 -15.2124 72.8185 -9.0137 0.0000 25.3510 0.0000 2.4379 -7.4766 -178.1459 0.0133 -14.7811 -0.0844 7.4525 73.8845 0.1218 0.0000 25.3508 -0.0001 
9.4959 95.9618 -32.2429 1.7625 1.7866 0.6789 0.5093 0.4842 0.6757 0.5094 0.4843 0.6758 0.5109 0.4857 0.6777 -256.0897 90.0000 0.0000 70.9124 74.9532 69.1627 -42.2261 5.4582 1.8881 -0.0207 0.0593 -0.4302 0.0000 0.0000 0.0001 0.0000 0.0000 0.0000 0.0000 -0.0013 -0.0008 0.0000 -0.0004 0.0001 0.0000 0.0000 0.0000 0.0000 0.0000 0.0000 0.0000 0.0002 0.0000 0.0000 -0.0006 0.0003 0.0000 0.0004 -0.0006 0.0000 0.0000 0.0001 0.0000 0.0000 0.0000 0.0000 -0.0010 -0.0002 0.0000 0.0002 30.0001 -0.0001 0.0005 -29.9998 0.0000 0.0000 0.0000 0.3455 1.4784 -0.8573 0.3455 1.4784 -0.8573 -48.0926 85.7865 61.1450 -71.7038 76.1086 -65.1735 36.2888 7.9727 -3.7795 0.0321 0.0980 0.4320 0.0000 -0.0001 0.0001 0.0000 0.0000 0.0000 0.0000 -0.0006 0.0003 0.0000 -0.0001 0.0001 0.0000 0.0000 0.0000 0.0000 0.0000 0.0000 0.0000 0.0007 0.0001 0.0000 -0.0012 0.0001 0.0000 -0.0008 0.0003 0.0000 0.0001 0.0000 0.0000 0.0000 0.0000 0.0000 -0.0008 0.0000 0.0000 0.0002 -29.9996 -0.0001 -0.0003 29.9996 0.0000 0.0000 0.0000 3.6271 -6.5272 -179.3407 -0.1341 -13.7676 0.0990 -15.8010 72.7108 -9.6946 0.0000 25.3510 0.0000 2.3465 -7.7700 -178.1797 0.0152 -14.8494 -0.0847 7.4858 73.9009 0.1647 0.0000 25.3508 -0.0001 
9.3853 95.9747 -32.3364 1.9406 2.0264 0.7617 0.5281 0.4852 0.7459 0.5281 0.4853 0.7460 0.5297 0.4867 0.7482 -256.1711 90.0000 0.0000 71.4989 75.0877 69.7717 -42.1424 5.5808 1.7608 -0.0208 0.0564 -0.4269 0.0000 0.0000 0.0001 0.0000 0.0000 0.0000 0.0000 -0.0013 -0.0008 0.0000 -0.0004 0.0001 0.0000 0.0000 0.0000 0.0000 0.0000 0.0000 0.0000 0.0003 0.0000 0.0000 -0.0006 0.0003 0.0000 0.0004 -0.0006 0.0000 0.0000 0.0001 0.0000 0.0000 0.0000 0.0000 -0.0010 -0.0002 0.0000 0.0002 30.0001 -0.0001 0.0005 -29.9998 0.0000 0.0000 0.0000 0.3384 1.4475 -0.9310 0.3384 1.4475 -0.9310 -48.7802 85.7501 60.4930 -70.8784 75.9286 -64.4734 36.3678 8.1735 -3.8024 0.0333 0.0999 0.4373 0.0000 -0.0001 0.0001 0.0000 0.0000 0.0000 0.0000 -0.0006 0.0003 0.0000 -0.0001 0.0001 0.0000 0.0000 0.0000 0.0000 0.0000 0.0000 0.0000 0.0007 0.0001 0.0000 -0.0012 0.0001 0.0000 -0.0008 0.0003 0.0000 0.0001 0.0000 0.0000 0.0000 0.0000 0.0000 -0.0009 0.0000 0.0000 0.0002 -29.9996 -0.0001 -0.0003 29.9996 0.0000 0.0000 0.0000 3.5694 -6.8781 -179.3746 -0.1446 -13.8022 0.1003 -16.4865 72.5524 -10.4261 0.0000 25.3510 0.0000 2.2266 -8.0680 -178.2047 0.0177 -14.8709 -0.0850 7.4872 73.8754 0.1712 0.0000 25.3508 -0.0001 
9.2890 95.9898 -32.4566 2.1290 2.2638 0.8396 0.5396 0.4907 0.8235 0.5397 0.4908 0.8236 0.5413 0.4922 0.8260 -256.2357 90.0000 0.0000 72.2159 75.2175 70.5029 -42.0942 5.7108 1.6247 -0.0210 0.0532 -0.4232 0.0000 0.0000 0.0001 0.0000 0.0000 0.0000 0.0000 -0.0013 -0.0008 0.0000 -0.0004 0.0001 0.0000 0.0000 0.0000 0.0000 0.0000 0.0000 0.0000 0.0002 0.0000 0.0000 -0.0006 0.0003 0.0000 0.0004 -0.0006 0.0000 0.0000 0.0001 0.0000 0.0000 0.0000 0.0000 -0.0010 -0.0002 0.0000 0.0002 30.0001 -0.0001 0.0005 -29.9998 0.0000 0.0000 0.0000 0.3259 1.4073 -1.0029 0.3259 1.4073 -1.0029 -49.4768 85.7230 59.8370 -69.9698 75.7512 -63.7060 36.4467 8.3711 -3.8270 0.0345 0.1018 0.4426 0.0000 -0.0001 0.0001 0.0000 0.0000 0.0000 0.0000 -0.0006 0.0003 0.0000 -0.0001 0.0001 0.0000 0.0000 0.0000 0.0000 0.0000 0.0000 0.0000 0.0007 0.0001 0.0000 -0.0012 0.0001 0.0000 -0.0008 0.0003 0.0000 0.0001 0.0000 0.0000 0.0000 0.0000 0.0000 -0.0008 0.0000 0.0000 0.0002 -29.9997 -0.0001 -0.0003 29.9996 0.0000 0.0000 0.0000 3.4625 -7.1505 -179.4145 -0.1502 -13.6606 0.1008 -17.1115 72.3667 -11.0488 0.0000 25.3510 0.0000 2.0929 -8.3767 -178.2326 0.0185 -14.8843 -0.0851 7.5062 73.8279 0.1832 0.0000 25.3508 -0.0001 
9.2254 95.9968 -32.6116 2.3210 2.4740 0.9072 0.5435 0.5129 0.9115 0.5436 0.5130 0.9116 0.5452 0.5145 0.9142 -256.2927 90.0000 0.0000 73.0591 75.3349 71.3452 -42.0974 5.8544 1.4856 -0.0212 0.0494 -0.4190 0.0000 0.0000 0.0001 0.0000 0.0000 0.0000 0.0000 -0.0013 -0.0008 0.0000 -0.0004 0.0001 0.0000 0.0000 0.0000 0.0000 0.0000 0.0000 0.0000 0.0002 0.0000 0.0000 -0.0006 0.0003 0.0000 0.0004 -0.0006 0.0000 0.0000 0.0001 0.0000 0.0000 0.0000 0.0000 -0.0010 -0.0002 0.0000 0.0002 30.0001 -0.0001 0.0005 -29.9998 0.0000 0.0000 0.0000 0.3080 1.3481 -1.0744 0.3080 1.3481 -1.0744 -50.1156 85.7010 59.2435 -68.9520 75.5885 -62.8396 36.5375 8.5708 -3.8579 0.0358 0.1038 0.4491 0.0000 -0.0001 0.0001 0.0000 0.0000 0.0000 0.0000 -0.0006 0.0003 0.0000 -0.0001 0.0001 0.0000 0.0000 0.0000 0.0000 0.0000 0.0000 0.0000 0.0007 0.0001 0.0000 -0.0012 0.0001 0.0000 -0.0008 0.0003 0.0000 0.0001 0.0000 0.0000 0.0000 0.0000 0.0000 -0.0009 0.0000 0.0000 0.0002 -29.9996 -0.0001 -0.0003 29.9996 0.0000 0.0000 0.0000 3.3336 -7.2604 -179.4648 -0.1463 -13.2336 0.0998 -17.5714 72.1389 -11.4824 0.0000 25.3510 0.0000 1.9616 -8.6788 -178.2694 0.0161 -14.8938 -0.0848 7.5824 73.7569 0.2232 0.0000 25.3508 -0.0001 
9.1877 96.0078 -32.7779 2.5023 2.6472 0.9697 0.5443 0.5545 1.0057 0.5444 0.5547 1.0058 0.5459 0.5562 1.0087 -256.3540 90.0000 0.0000 73.9575 75.4427 72.2382 -42.1301 6.0073 1.3482 -0.0214 0.0455 -0.4157 0.0000 0.0000 0.0001 0.0000 0.0000 0.0000 0.0000 -0.0013 -0.0008 0.0000 -0.0004 0.0001 0.0000 0.0000 0.0000 0.0000 0.0000 0.0000 0.0000 0.0003 0.0000 0.0000 -0.0006 0.0003 0.0000 0.0004 -0.0006 0.0000 0.0000 0.0001 0.0000 0.0000 0.0000 0.0000 -0.0010 -0.0002 0.0000 0.0002 30.0001 -0.0001 0.0005 -29.9998 0.0000 0.0000 0.0000 0.2886 1.2713 -1.1418 0.2886 1.2713 -1.1418 -50.6462 85.6804 58.7614 -67.8667 75.4446 -61.9111 36.6488 8.7724 -3.8907 0.0371 0.1051 0.4551 0.0000 -0.0001 0.0001 0.0000 0.0000 0.0000 0.0000 -0.0006 0.0003 0.0000 -0.0001 0.0001 0.0000 0.0000 0.0000 0.0000 0.0000 0.0000 0.0000 0.0007 0.0001 0.0000 -0.0012 0.0001 0.0000 -0.0008 0.0003 0.0000 0.0001 0.0000 0.0000 0.0000 0.0000 0.0000 -0.0009 0.0000 0.0000 0.0002 -29.9996 -0.0001 -0.0003 29.9996 0.0000 0.0000 0.0000 3.2251 -7.3156 -179.5206 -0.1386 -12.7782 0.0983 -18.0109 71.9565 -11.8669 0.0000 25.3510 0.0000 1.8453 -8.9343 -178.3171 0.0106 -14.8689 -0.0841 7.6921 73.6619 0.2775 0.0000 25.3508 -0.0001 
9.1532 96.0280 -32.9482 2.6627 2.7889 1.0309 0.5441 0.6109 1.1032 0.5442 0.6110 1.1033 0.5458 0.6128 1.1065 -256.4204 90.0000 0.0000 74.8743 75.5434 73.1434 -42.1743 6.1698 1.2168 -0.0217 0.0414 -0.4123 0.0000 0.0000 0.0001 0.0000 0.0000 0.0000 0.0000 -0.0013 -0.0008 0.0000 -0.0004 0.0001 0.0000 0.0000 0.0000 0.0000 0.0000 0.0000 0.0000 0.0002 0.0000 0.0000 -0.0006 0.0003 0.0000 0.0004 -0.0006 0.0000 0.0000 0.0001 0.0000 0.0000 0.0000 0.0000 -0.0010 -0.0002 0.0000 0.0002 30.0001 -0.0001 0.0005 -29.9998 0.0000 0.0000 0.0000 0.2699 1.1862 -1.1997 0.2699 1.1862 -1.1997 -51.1165 85.6641 58.3409 -66.7345 75.3136 -60.9430 36.7811 8.9729 -3.9234 0.0384 0.1061 0.4616 0.0000 -0.0001 0.0001 0.0000 0.0000 0.0000 0.0000 -0.0006 0.0003 0.0000 -0.0001 0.0001 0.0000 0.0000 0.0000 0.0000 0.0000 0.0000 0.0000 0.0007 0.0001 0.0000 -0.0012 0.0001 0.0000 -0.0008 0.0003 0.0000 0.0001 0.0000 0.0000 0.0000 0.0000 0.0000 -0.0009 0.0000 0.0000 0.0002 -29.9996 -0.0001 -0.0003 29.9996 0.0000 0.0000 0.0000 3.1455 -7.3864 -179.5902 -0.1322 -12.5274 0.0973 -18.4220 71.9448 -12.1495 0.0000 25.3510 0.0000 1.7379 -9.1334 -178.3659 0.0055 -14.7861 -0.0834 7.7631 73.5358 0.2932 0.0000 25.3508 -0.0001 
9.1160 96.0564 -33.1074 2.7725 2.8900 1.0934 0.5457 0.6817 1.2006 0.5458 0.6818 1.2008 0.5473 0.6838 1.2042 -256.4931 90.0000 0.0000 75.7319 75.6402 73.9667 -42.2124 6.3544 1.1026 -0.0221 0.0376 -0.4098 0.0000 0.0000 0.0001 0.0000 0.0000 0.0000 0.0000 -0.0013 -0.0008 0.0000 -0.0004 0.0001 0.0000 0.0000 0.0000 0.0000 0.0000 0.0000 0.0000 0.0002 0.0000 0.0000 -0.0006 0.0003 0.0000 0.0004 -0.0006 0.0000 0.0000 0.0001 0.0000 0.0000 0.0000 0.0000 -0.0010 -0.0002 0.0000 0.0002 30.0001 -0.0001 0.0005 -29.9998 0.0000 0.0000 0.0000 0.2547 1.1040 -1.2384 0.2547 1.1040 -1.2384 -51.5973 85.6647 57.9116 -65.5665 75.1915 -59.9502 36.9450 9.1631 -3.9568 0.0397 0.1068 0.4681 0.0000 -0.0001 0.0001 0.0000 0.0000 0.0000 0.0000 -0.0006 0.0003 0.0000 -0.0001 0.0001 0.0000 0.0000 0.0000 0.0000 0.0000 0.0000 0.0000 0.0007 0.0001 0.0000 -0.0012 0.0001 0.0000 -0.0008 0.0003 0.0000 0.0001 0.0000 0.0000 0.0000 0.0000 0.0000 -0.0009 0.0000 0.0000 0.0002 -29.9996 -0.0001 -0.0003 29.9996 0.0000 0.0000 0.0000 3.1458 -7.5351 -179.7104 -0.1397 -12.8914 0.0986 -18.8513 72.4049 -12.3170 0.0000 25.3510 0.0000 1.6295 -9.2467 -178.4126 0.0009 -14.6218 -0.0828 7.7246 73.3761 0.2371 0.0000 25.3508 -0.0001 
9.0778 96.0885 -33.2595 2.8299 2.9698 1.1558 0.5507 0.7540 1.2956 0.5508 0.7542 1.2959 0.5524 0.7563 1.2995 -256.5782 90.0000 0.0000 76.4564 75.7399 74.6206 -42.2342 6.5663 1.0055 -0.0226 0.0342 -0.4072 0.0000 0.0000 0.0001 0.0000 0.0000 0.0000 0.0000 -0.0013 -0.0008 0.0000 -0.0004 0.0001 0.0000 0.0000 0.0000 0.0000 0.0000 0.0000 0.0000 0.0002 0.0000 0.0000 -0.0006 0.0003 0.0000 0.0004 -0.0006 0.0000 0.0000 0.0001 0.0000 0.0000 0.0000 0.0000 -0.0010 -0.0002 0.0000 0.0002 30.0001 -0.0001 0.0005 -29.9998 0.0000 0.0000 0.0000 0.2418 1.0385 -1.2606 0.2418 1.0385 -1.2606 -52.1811 85.6864 57.3890 -64.4157 75.0610 -58.9797 37.1331 9.3348 -3.9959 0.0409 0.1075 0.4749 0.0000 -0.0001 0.0001 0.0000 0.0000 0.0000 0.0000 -0.0006 0.0003 0.0000 -0.0001 0.0001 0.0000 0.0000 0.0000 0.0000 0.0000 0.0000 0.0000 0.0007 0.0001 0.0000 -0.0012 0.0001 0.0000 -0.0008 0.0003 0.0000 0.0001 0.0000 0.0000 0.0000 0.0000 0.0000 -0.0009 0.0000 0.0000 0.0002 -29.9996 -0.0001 -0.0003 29.9996 0.0000 0.0000 0.0000 3.3271 -7.6878 -179.8847 -0.1626 -13.6751 0.1023 -19.1884 73.1270 -12.3731 0.0000 25.3510 0.0000 1.5126 -9.3308 -178.4572 -0.0029 -14.4453 -0.0824 7.5801 73.2128 0.1287 0.0000 25.3508 -0.0001 
9.0485 96.1173 -33.4129 2.8389 3.0441 1.2144 0.5587 0.8193 1.3898 0.5588 0.8195 1.3901 0.5604 0.8218 1.3940 -256.6616 90.0000 0.0000 77.0833 75.8442 75.1512 -42.2452 6.8091 0.9260 -0.0232 0.0311 -0.4036 0.0000 0.0000 0.0001 0.0000 0.0000 0.0000 0.0000 -0.0013 -0.0008 0.0000 -0.0004 0.0001 0.0000 0.0000 0.0000 0.0000 0.0000 0.0000 0.0000 0.0002 0.0000 0.0000 -0.0006 0.0003 0.0000 0.0004 -0.0006 0.0000 0.0000 0.0001 0.0000 0.0000 0.0000 0.0000 -0.0010 -0.0002 0.0000 0.0002 30.0001 -0.0001 0.0005 -29.9998 0.0000 0.0000 0.0000 0.2313 0.9982 -1.2690 0.2313 0.9982 -1.2690 -52.9201 85.7271 56.7239 -63.2849 74.9331 -58.0407 37.3267 9.4744 -4.0358 0.0421 0.1083 0.4816 0.0000 -0.0001 0.0001 0.0000 0.0000 0.0000 0.0000 -0.0006 0.0003 0.0000 -0.0001 0.0001 0.0000 0.0000 0.0000 0.0000 0.0000 0.0000 0.0000 0.0007 0.0001 0.0000 -0.0012 0.0001 0.0000 -0.0008 0.0003 0.0000 0.0001 0.0000 0.0000 0.0000 0.0000 0.0000 -0.0009 0.0000 0.0000 0.0002 -29.9997 -0.0001 -0.0003 29.9996 0.0000 0.0000 0.0000 3.9051 -7.8187 179.9070 -0.1927 -14.6504 0.1075 -18.9993 73.9054 -12.1010 0.0000 25.3510 0.0000 1.3791 -9.4160 -178.5024 -0.0064 -14.2769 -0.0819 7.3482 73.0489 -0.0052 0.0000 25.3508 -0.0001 
9.0449 96.1428 -33.5752 2.7889 3.1180 1.2553 0.5648 0.8698 1.4832 0.5650 0.8701 1.4835 0.5665 0.8725 1.4876 -256.7432 90.0000 0.0000 77.4724 75.9612 75.4034 -42.2537 7.1039 0.8758 -0.0241 0.0286 -0.4022 0.0000 0.0000 0.0001 0.0000 0.0000 0.0000 0.0000 -0.0013 -0.0008 0.0000 -0.0004 0.0001 0.0000 0.0000 0.0000 0.0000 0.0000 0.0000 0.0000 0.0002 0.0000 0.0000 -0.0006 0.0003 0.0000 0.0004 -0.0006 0.0000 0.0000 0.0001 0.0000 0.0000 0.0000 0.0000 -0.0010 -0.0002 0.0000 0.0002 30.0001 -0.0001 0.0005 -29.9998 0.0000 0.0000 0.0000 0.2254 1.0070 -1.2524 0.2254 1.0070 -1.2524 -53.7500 85.7903 55.9842 -62.1897 74.8259 -57.1460 37.5097 9.5571 -4.0791 0.0430 0.1091 0.4878 0.0000 -0.0001 0.0001 0.0000 0.0000 0.0000 0.0000 -0.0006 0.0003 0.0000 -0.0001 0.0001 0.0000 0.0000 0.0000 0.0000 0.0000 0.0000 0.0000 0.0007 0.0001 0.0000 -0.0012 0.0001 0.0000 -0.0008 0.0003 0.0000 0.0001 0.0000 0.0000 0.0000 0.0000 0.0000 -0.0008 0.0000 0.0000 0.0002 -29.9996 -0.0001 -0.0003 29.9996 0.0000 0.0000 0.0000 4.6283 -7.8702 179.6834 -0.2302 -15.6818 0.1145 -18.2597 74.6453 -11.2489 0.0000 25.3510 0.0000 1.1966 -9.5268 -178.5444 -0.0105 -14.1471 -0.0814 7.0129 72.8931 -0.1377 0.0000 25.3508 -0.0001 
9.0765 96.1606 -33.7383 2.7059 3.1961 1.2710 0.5652 0.9081 1.5762 0.5654 0.9084 1.5767 0.5670 0.9108 1.5810 -256.8101 90.0000 0.0000 77.7187 76.0941 75.4762 -42.2816 7.4316 0.8362 -0.0250 0.0263 -0.3994 0.0000 0.0000 0.0001 0.0000 0.0000 0.0000 0.0000 -0.0013 -0.0008 0.0000 -0.0004 0.0001 0.0000 0.0000 0.0000 0.0000 0.0000 0.0000 0.0000 0.0002 -0.0001 0.0000 -0.0006 0.0003 0.0000 0.0004 -0.0006 0.0000 0.0000 0.0001 0.0000 0.0000 0.0000 0.0000 -0.0010 -0.0002 0.0000 0.0002 30.0001 -0.0001 0.0005 -29.9998 0.0000 0.0000 0.0000 0.2217 1.0485 -1.2206 0.2217 1.0485 -1.2206 -54.4846 85.8592 55.3526 -61.1345 74.7592 -56.2890 37.6745 9.5933 -4.1267 0.0437 0.1094 0.4936 0.0000 -0.0001 0.0001 0.0000 0.0000 0.0000 0.0000 -0.0006 0.0003 0.0000 -0.0001 0.0001 0.0000 0.0000 0.0000 0.0000 0.0000 0.0000 0.0000 0.0007 0.0001 0.0000 -0.0012 0.0001 0.0000 -0.0008 0.0003 0.0000 0.0001 0.0000 0.0000 0.0000 0.0000 0.0000 -0.0009 0.0000 0.0000 0.0002 -29.9997 -0.0001 -0.0003 29.9996 0.0000 0.0000 0.0000 5.4316 -7.8566 179.4592 -0.2738 -16.7334 0.1231 -16.9736 75.3446 -9.9353 0.0000 25.3510 0.0000 0.9628 -9.6540 -178.5807 -0.0164 -14.0418 -0.0807 6.6360 72.7447 -0.2272 0.0000 25.3508 -0.0001 
9.1365 96.1694 -33.8930 2.6048 3.2745 1.2635 0.5572 0.9400 1.6713 0.5574 0.9403 1.6718 0.5589 0.9428 1.6764 -256.8647 90.0000 0.0000 77.8990 76.2446 75.4677 -42.3350 7.7645 0.7899 -0.0259 0.0239 -0.3971 0.0000 0.0000 0.0001 0.0000 0.0000 0.0000 0.0000 -0.0013 -0.0008 0.0000 -0.0004 0.0001 0.0000 0.0000 0.0000 0.0000 0.0000 0.0000 0.0000 0.0002 0.0000 0.0000 -0.0006 0.0003 0.0000 0.0004 -0.0006 0.0000 0.0000 0.0001 0.0000 0.0000 0.0000 0.0000 -0.0010 -0.0002 0.0000 0.0002 30.0001 -0.0001 0.0005 -29.9998 0.0000 0.0000 0.0000 0.2207 1.1052 -1.1820 0.2207 1.1052 -1.1820 -55.0510 85.9187 54.8927 -60.0915 74.7403 -55.4403 37.8244 9.5944 -4.1766 0.0442 0.1093 0.4999 0.0000 -0.0001 0.0001 0.0000 0.0000 0.0000 0.0000 -0.0006 0.0003 0.0000 -0.0001 0.0001 0.0000 0.0000 0.0000 0.0000 0.0000 0.0000 0.0000 0.0007 0.0001 0.0000 -0.0012 0.0001 0.0000 -0.0008 0.0003 0.0000 0.0001 0.0000 0.0000 0.0000 0.0000 0.0000 -0.0009 0.0000 0.0000 0.0002 -29.9996 -0.0001 -0.0003 29.9996 0.0000 0.0000 0.0000 6.2856 -7.7778 179.2546 -0.3194 -17.7793 0.1328 -15.3629 76.0136 -8.4224 0.0000 25.3510 0.0000 0.6913 -9.7764 -178.6079 -0.0233 -13.9381 -0.0799 6.2377 72.5988 -0.2809 0.0000 25.3508 -0.0001 
9.2192 96.1790 -34.0347 2.4913 3.3430 1.2156 0.5327 0.9676 1.7734 0.5329 0.9680 1.7740 0.5343 0.9706 1.7788 -256.9114 90.0000 0.0000 77.9379 76.3864 75.2923 -42.4619 8.1040 0.7152 -0.0269 0.0214 -0.3956 0.0000 0.0000 0.0001 0.0000 0.0000 0.0000 0.0000 -0.0013 -0.0008 0.0000 -0.0004 0.0001 0.0000 0.0000 0.0000 0.0000 0.0000 0.0000 0.0000 0.0003 0.0000 0.0000 -0.0006 0.0003 0.0000 0.0004 -0.0006 0.0000 0.0000 0.0001 0.0000 0.0000 0.0000 0.0000 -0.0010 -0.0002 0.0000 0.0002 30.0001 -0.0001 0.0005 -29.9998 0.0000 0.0000 0.0000 0.2275 1.1675 -1.1411 0.2275 1.1675 -1.1411 -55.2975 85.9596 54.7382 -59.0097 74.8013 -54.5427 37.9657 9.5589 -4.2227 0.0445 0.1080 0.5052 0.0000 -0.0001 0.0001 0.0000 0.0000 0.0000 0.0000 -0.0006 0.0003 0.0000 -0.0001 0.0001 0.0000 0.0000 0.0000 0.0000 0.0000 0.0000 0.0000 0.0007 0.0001 0.0000 -0.0012 0.0001 0.0000 -0.0008 0.0003 0.0000 0.0001 0.0000 0.0000 0.0000 0.0000 0.0000 -0.0009 0.0000 0.0000 0.0002 -29.9996 -0.0001 -0.0003 29.9996 0.0000 0.0000 0.0000 7.1324 -7.6271 179.1165 -0.3548 -18.7063 0.1413 -13.4317 76.5410 -6.7061 0.0000 25.3510 0.0000 0.3906 -9.8764 -178.6050 -0.0312 -13.8258 -0.0789 5.8147 72.4521 -0.3163 0.0000 25.3508 -0.0001 
9.2938 96.1844 -34.1610 2.3948 3.3988 1.1395 0.4896 0.9934 1.8754 0.4898 0.9939 1.8761 0.4912 0.9965 1.8810 -256.9566 90.0000 0.0000 77.8865 76.4996 75.0180 -42.6778 8.4187 0.6037 -0.0277 0.0191 -0.3927 0.0000 0.0000 0.0001 0.0000 0.0000 0.0000 0.0000 -0.0013 -0.0008 0.0000 -0.0004 0.0001 0.0000 0.0000 0.0000 0.0000 0.0000 0.0000 0.0000 0.0002 0.0000 0.0000 -0.0006 0.0003 0.0000 0.0004 -0.0006 0.0000 0.0000 0.0001 0.0000 0.0000 0.0000 0.0000 -0.0010 -0.0002 0.0000 0.0002 30.0001 -0.0001 0.0005 -29.9998 0.0000 0.0000 0.0000 0.2419 1.2235 -1.0952 0.2419 1.2235 -1.0952 -55.1796 85.9999 54.9231 -57.8394 74.9232 -53.5523 38.1078 9.5061 -4.2588 0.0446 0.1057 0.5100 0.0000 -0.0001 0.0001 0.0000 0.0000 0.0000 0.0000 -0.0006 0.0003 0.0000 -0.0001 0.0001 0.0000 0.0000 0.0000 0.0000 0.0000 0.0000 0.0000 0.0007 0.0001 0.0000 -0.0012 0.0001 0.0000 -0.0008 0.0003 0.0000 0.0001 0.0000 0.0000 0.0000 0.0000 0.0000 -0.0009 0.0000 0.0000 0.0002 -29.9996 -0.0001 -0.0003 29.9996 0.0000 0.0000 0.0000 7.8439 -7.4071 179.0448 -0.3762 -19.4106 0.1472 -11.5475 77.0257 -5.0094 0.0000 25.3510 0.0000 0.1201 -9.9409 -178.5668 -0.0369 -13.6871 -0.0783 5.4158 72.3014 -0.3709 0.0000 25.3508 -0.0001 
9.3564 96.1881 -34.2726 2.3294 3.4525 1.0495 0.4314 1.0121 1.9723 0.4316 1.0125 1.9730 0.4327 1.0152 1.9782 -257.0075 90.0000 0.0000 77.7835 76.5970 74.6905 -42.9635 8.6839 0.4514 -0.0285 0.0173 -0.3923 0.0000 0.0000 0.0001 0.0000 0.0000 0.0000 0.0000 -0.0013 -0.0008 0.0000 -0.0004 0.0001 0.0000 0.0000 0.0000 0.0000 0.0000 0.0000 0.0000 0.0002 0.0000 0.0000 -0.0006 0.0003 0.0000 0.0004 -0.0006 0.0000 0.0000 0.0001 0.0000 0.0000 0.0000 0.0000 -0.0010 -0.0002 0.0000 0.0002 30.0001 -0.0001 0.0005 -29.9998 0.0000 0.0000 0.0000 0.2496 1.2774 -1.0344 0.2496 1.2774 -1.0344 -54.8613 86.0503 55.2953 -56.5785 75.0881 -52.4734 38.2531 9.4386 -4.2843 0.0447 0.1028 0.5155 0.0000 -0.0001 0.0001 0.0000 0.0000 0.0000 0.0000 -0.0006 0.0003 0.0000 -0.0001 0.0001 0.0000 0.0000 0.0000 0.0000 0.0000 0.0000 0.0000 0.0007 0.0001 0.0000 -0.0012 0.0001 0.0000 -0.0008 0.0003 0.0000 0.0001 0.0000 0.0000 0.0000 0.0000 0.0000 -0.0009 0.0000 0.0000 0.0002 -29.9996 -0.0001 -0.0003 29.9996 0.0000 0.0000 0.0000 8.3443 -7.1037 179.0038 -0.3927 -19.8703 0.1516 -9.8625 77.4767 -3.3746 0.0000 25.3510 0.0000 -0.0855 -9.9978 -178.5077 -0.0381 -13.5560 -0.0782 5.1046 72.1642 -0.4222 0.0000 25.3508 -0.0001 
9.4329 96.1806 -34.3696 2.3283 3.5191 0.9541 0.3487 1.0138 2.0625 0.3489 1.0143 2.0634 0.3498 1.0169 2.0687 -257.0726 90.0000 0.0000 77.6654 76.6952 74.3485 -43.3211 8.8402 0.2342 -0.0287 0.0159 -0.3888 0.0000 0.0000 0.0001 0.0000 0.0000 0.0000 0.0000 -0.0013 -0.0008 0.0000 -0.0004 0.0001 0.0000 0.0000 0.0000 0.0000 0.0000 0.0000 0.0000 0.0002 0.0000 0.0000 -0.0006 0.0003 0.0000 0.0004 -0.0006 0.0000 0.0000 0.0001 0.0000 0.0000 0.0000 0.0000 -0.0010 -0.0002 0.0000 0.0002 30.0001 -0.0001 0.0005 -29.9998 0.0000 0.0000 0.0000 0.2457 1.3251 -0.9609 0.2457 1.3251 -0.9609 -54.5899 86.0990 55.5873 -55.1928 75.3081 -51.2687 38.4059 9.3466 -4.2901 0.0445 0.0995 0.5203 0.0000 -0.0001 0.0001 0.0000 0.0000 0.0000 0.0000 -0.0006 0.0003 0.0000 -0.0001 0.0001 0.0000 0.0000 0.0000 0.0000 0.0000 0.0000 0.0000 0.0007 0.0001 0.0000 -0.0012 0.0001 0.0000 -0.0008 0.0003 0.0000 0.0001 0.0000 0.0000 0.0000 0.0000 0.0000 -0.0008 0.0000 0.0000 0.0002 -29.9996 -0.0001 -0.0003 29.9996 0.0000 0.0000 0.0000 8.4204 -6.6712 178.9672 -0.4130 -19.9096 0.1553 -8.8779 77.9012 -2.0809 0.0000 25.3510 0.0000 -0.1895 -10.0649 -178.4559 -0.0346 -13.4424 -0.0786 5.0294 72.0494 -0.3739 0.0000 25.3508 -0.0001 
9.5674 96.1782 -34.4587 2.3899 3.6012 0.8587 0.2471 1.0000 2.1471 0.2472 1.0005 2.1480 0.2479 1.0031 2.1535 -257.1532 90.0000 0.0000 77.4275 76.7912 73.8864 -43.7213 8.9122 -0.0306 -0.0286 0.0153 -0.3858 0.0000 0.0000 0.0001 0.0000 0.0000 0.0000 0.0000 -0.0013 -0.0008 0.0000 -0.0004 0.0001 0.0000 0.0000 0.0000 0.0000 0.0000 0.0000 0.0000 0.0002 0.0000 0.0000 -0.0006 0.0003 0.0000 0.0004 -0.0006 0.0000 0.0000 0.0001 0.0000 0.0000 0.0000 0.0000 -0.0010 -0.0002 0.0000 0.0002 30.0001 -0.0001 0.0005 -29.9998 0.0000 0.0000 0.0000 0.2334 1.3636 -0.8830 0.2334 1.3636 -0.8830 -54.3840 86.1515 55.7982 -53.6980 75.5326 -49.9517 38.5682 9.2309 -4.2750 0.0442 0.0964 0.5250 0.0000 -0.0001 0.0001 0.0000 0.0000 0.0000 0.0000 -0.0006 0.0003 0.0000 -0.0001 0.0001 0.0000 0.0000 0.0000 0.0000 0.0000 0.0000 0.0000 0.0007 0.0001 0.0000 -0.0012 0.0001 0.0000 -0.0008 0.0003 0.0000 0.0001 0.0000 0.0000 0.0000 0.0000 0.0000 -0.0009 0.0000 0.0000 0.0002 -29.9997 -0.0001 -0.0003 29.9996 0.0000 0.0000 0.0000 8.1169 -6.1407 178.9440 -0.4317 -19.5616 0.1572 -8.5705 78.2789 -1.1180 0.0000 25.3510 0.0000 -0.2524 -10.1469 -178.4441 -0.0340 -13.3468 -0.0787 5.2230 71.9546 -0.1356 0.0000 25.3508 -0.0001 
9.7564 96.1837 -34.5346 2.5108 3.6994 0.7658 0.1328 0.9721 2.2232 0.1329 0.9726 2.2242 0.1333 0.9751 2.2299 -257.2460 90.0000 0.0000 77.1060 76.9034 73.3498 -44.1447 8.8973 -0.3312 -0.0283 0.0153 -0.3817 0.0000 0.0000 0.0001 0.0000 0.0000 0.0000 0.0000 -0.0013 -0.0008 0.0000 -0.0004 0.0001 0.0000 0.0000 0.0000 0.0000 0.0000 0.0000 0.0000 0.0002 0.0000 0.0000 -0.0006 0.0003 0.0000 0.0004 -0.0006 0.0000 0.0000 0.0001 0.0000 0.0000 0.0000 0.0000 -0.0010 -0.0002 0.0000 0.0002 30.0001 -0.0001 0.0005 -29.9998 0.0000 0.0000 0.0000 0.2115 1.3896 -0.7996 0.2115 1.3896 -0.7996 -54.1698 86.2132 56.0127 -52.1175 75.7516 -48.5443 38.7311 9.0899 -4.2423 0.0438 0.0935 0.5289 0.0000 -0.0001 0.0001 0.0000 0.0000 0.0000 0.0000 -0.0006 0.0003 0.0000 -0.0001 0.0001 0.0000 0.0000 0.0000 0.0000 0.0000 0.0000 0.0000 0.0007 0.0001 0.0000 -0.0012 0.0001 0.0000 -0.0008 0.0003 0.0000 0.0001 0.0000 0.0000 0.0000 0.0000 0.0000 -0.0009 0.0000 0.0000 0.0002 -29.9996 -0.0001 -0.0003 29.9996 0.0000 0.0000 0.0000 7.5294 -5.6143 178.9533 -0.4325 -18.8893 0.1548 -8.8537 78.5687 -0.5096 0.0000 25.3510 0.0000 -0.3105 -10.2237 -178.4715 -0.0370 -13.2364 -0.0784 5.6281 71.8666 0.2660 0.0000 25.3508 -0.0001 
9.9772 96.1988 -34.5817 2.7177 3.8167 0.6756 0.0091 0.9278 2.2856 0.0091 0.9283 2.2867 0.0092 0.9307 2.2925 -257.3600 90.0000 0.0000 76.6704 77.0982 72.7241 -44.5708 8.7330 -0.6795 -0.0275 0.0163 -0.3792 0.0000 0.0000 0.0001 0.0000 0.0000 0.0000 0.0000 -0.0013 -0.0008 0.0000 -0.0004 0.0001 0.0000 0.0000 0.0000 0.0000 0.0000 0.0000 0.0000 0.0002 0.0000 0.0000 -0.0006 0.0003 0.0000 0.0004 -0.0006 0.0000 0.0000 0.0001 0.0000 0.0000 0.0000 0.0000 -0.0010 -0.0002 0.0000 0.0002 30.0001 -0.0001 0.0005 -29.9998 0.0000 0.0000 0.0000 0.1633 1.3939 -0.6948 0.1633 1.3939 -0.6948 -53.9028 86.2910 56.2923 -50.4475 75.9583 -47.0389 38.8835 8.9101 -4.1806 0.0431 0.0910 0.5324 0.0000 -0.0001 0.0001 0.0000 0.0000 0.0000 0.0000 -0.0006 0.0003 0.0000 -0.0001 0.0001 0.0000 0.0000 0.0000 0.0000 0.0000 0.0000 0.0000 0.0007 0.0001 0.0000 -0.0012 0.0001 0.0000 -0.0008 0.0003 0.0000 0.0001 0.0000 0.0000 0.0000 0.0000 0.0000 -0.0009 0.0000 0.0000 0.0002 -29.9996 -0.0001 -0.0003 29.9996 0.0000 0.0000 0.0000 6.5820 -5.1440 179.0001 -0.4021 -17.8399 0.1459 -9.6865 78.6771 -0.1989 0.0000 25.3510 0.0000 -0.4137 -10.2655 -178.5207 -0.0388 -13.0707 -0.0783 6.1721 71.7794 0.7722 0.0000 25.3508 -0.0001 
10.1745 96.2159 -34.6119 2.9904 3.9358 0.5787 -0.1228 0.8787 2.3378 -0.1228 0.8791 2.3389 -0.1231 0.8814 2.3448 -257.4563 90.0000 0.0000 76.1219 77.3668 72.0016 -45.0306 8.4536 -1.0747 -0.0264 0.0175 -0.3761 0.0000 0.0000 0.0001 0.0000 0.0000 0.0000 0.0000 -0.0013 -0.0008 0.0000 -0.0004 0.0001 0.0000 0.0000 0.0000 0.0000 0.0000 0.0000 0.0000 0.0002 0.0000 0.0000 -0.0006 0.0003 0.0000 0.0004 -0.0006 0.0000 0.0000 0.0001 0.0000 0.0000 0.0000 0.0000 -0.0010 -0.0002 0.0000 0.0002 30.0001 -0.0001 0.0005 -29.9998 0.0000 0.0000 0.0000 0.1069 1.3748 -0.5763 0.1069 1.3748 -0.5763 -53.5193 86.3766 56.6738 -48.7140 76.1470 -45.4594 39.0321 8.7022 -4.0921 0.0422 0.0889 0.5350 0.0000 -0.0001 0.0001 0.0000 0.0000 0.0000 0.0000 -0.0006 0.0003 0.0000 -0.0001 0.0001 0.0000 0.0000 0.0000 0.0000 0.0000 0.0000 0.0000 0.0007 0.0001 0.0000 -0.0012 0.0001 0.0000 -0.0008 0.0003 0.0000 0.0001 0.0000 0.0000 0.0000 0.0000 0.0000 -0.0009 0.0000 0.0000 0.0002 -29.9996 -0.0001 -0.0003 29.9996 0.0000 0.0000 0.0000 5.3961 -4.7361 179.0230 -0.3700 -16.6342 0.1369 -10.5722 78.6497 0.1877 0.0000 25.3511 0.0000 -0.5946 -10.2693 -178.5423 -0.0366 -12.8584 -0.0786 6.6605 71.6868 1.2216 0.0000 25.3508 -0.0001 
10.3424 96.2288 -34.6414 3.3218 4.0462 0.4697 -0.2599 0.8269 2.3813 -0.2600 0.8273 2.3825 -0.2607 0.8294 2.3884 -257.5295 90.0000 0.0000 75.4350 77.6630 71.1616 -45.5805 8.0846 -1.5233 -0.0249 0.0188 -0.3725 0.0000 0.0000 0.0001 0.0000 0.0000 0.0000 0.0000 -0.0013 -0.0008 0.0000 -0.0004 0.0001 0.0000 0.0000 0.0000 0.0000 0.0000 0.0000 0.0000 0.0002 0.0000 0.0000 -0.0006 0.0003 0.0000 0.0004 -0.0006 0.0000 0.0000 0.0001 0.0000 0.0000 0.0000 0.0000 -0.0010 -0.0002 0.0000 0.0002 30.0001 -0.0001 0.0005 -29.9998 0.0000 0.0000 0.0000 0.0435 1.3437 -0.4465 0.0435 1.3437 -0.4465 -53.0544 86.4775 57.1255 -46.9374 76.3119 -43.8209 39.1905 8.4735 -3.9855 0.0412 0.0871 0.5372 0.0000 -0.0001 0.0001 0.0000 0.0000 0.0000 0.0000 -0.0006 0.0003 0.0000 -0.0001 0.0001 0.0000 0.0000 0.0000 0.0000 0.0000 0.0000 0.0000 0.0007 0.0001 0.0000 -0.0012 0.0001 0.0000 -0.0008 0.0003 0.0000 0.0001 0.0000 0.0000 0.0000 0.0000 0.0000 -0.0009 0.0000 0.0000 0.0002 -29.9997 -0.0001 -0.0003 29.9996 0.0000 0.0000 0.0000 4.1111 -4.3518 179.0189 -0.3405 -15.3790 0.1288 -11.1894 78.5387 0.8306 0.0000 25.3510 0.0000 -0.8405 -10.2481 -178.5268 -0.0320 -12.6250 -0.0792 7.0795 71.5889 1.5925 0.0000 25.3508 -0.0001 
10.4859 96.2329 -34.6908 3.7433 4.1241 0.3331 -0.4003 0.7759 2.4133 -0.4005 0.7764 2.4145 -0.4014 0.7783 2.4206 -257.5763 90.0000 0.0000 74.5215 77.9620 70.1401 -46.3457 7.5936 -2.0578 -0.0231 0.0199 -0.3699 0.0000 0.0000 0.0001 0.0000 0.0000 0.0000 0.0000 -0.0013 -0.0008 0.0000 -0.0004 0.0001 0.0000 0.0000 0.0000 0.0000 0.0000 0.0000 0.0000 0.0002 0.0000 0.0000 -0.0006 0.0003 0.0000 0.0004 -0.0006 0.0000 0.0000 0.0001 0.0000 0.0000 0.0000 0.0000 -0.0010 -0.0002 0.0000 0.0003 30.0001 -0.0001 0.0005 -29.9998 0.0000 0.0000 0.0000 -0.0368 1.3125 -0.2973 -0.0368 1.3125 -0.2973 -52.4730 86.6051 57.6861 -45.1716 76.4619 -42.1553 39.3913 8.2237 -3.8681 0.0400 0.0853 0.5379 0.0000 -0.0001 0.0001 0.0000 0.0000 0.0000 0.0000 -0.0006 0.0003 0.0000 -0.0001 0.0001 0.0000 0.0000 0.0000 0.0000 0.0000 0.0000 0.0000 0.0007 0.0001 0.0000 -0.0012 0.0001 0.0000 -0.0008 0.0003 0.0000 0.0001 0.0000 0.0000 0.0000 0.0000 0.0000 -0.0009 0.0000 0.0000 0.0002 -29.9996 -0.0001 -0.0003 29.9996 0.0000 0.0000 0.0000 4.1384 -4.0328 179.0761 -0.2873 -14.2323 0.1187 -9.5777 78.3173 2.2059 0.0000 25.3510 0.0000 -1.1241 -10.2026 -178.4636 -0.0257 -12.3965 -0.0799 7.5045 71.4839 1.9006 0.0000 25.3508 -0.0001 
10.6447 96.2306 -34.7656 4.2385 4.1709 0.1724 -0.5386 0.7270 2.4355 -0.5389 0.7275 2.4367 -0.5402 0.7293 2.4428 -257.6065 90.0000 0.0000 73.3808 78.2585 68.9329 -47.3412 7.0148 -2.6360 -0.0211 0.0202 -0.3679 0.0000 0.0000 0.0001 0.0000 0.0000 0.0000 0.0000 -0.0013 -0.0008 0.0000 -0.0004 0.0001 0.0000 0.0000 0.0000 0.0000 0.0000 0.0000 0.0000 0.0002 0.0000 0.0000 -0.0006 0.0003 0.0000 0.0004 -0.0006 0.0000 0.0000 0.0001 0.0000 0.0000 0.0000 0.0000 -0.0010 -0.0002 0.0000 0.0002 30.0001 -0.0001 0.0005 -29.9998 0.0000 0.0000 0.0000 -0.1336 1.2943 -0.1352 -0.1336 1.2943 -0.1352 -51.7923 86.7417 58.3320 -43.3857 76.6229 -40.4189 39.6657 7.9830 -3.7431 0.0387 0.0828 0.5377 0.0000 -0.0001 0.0001 0.0000 0.0000 0.0000 0.0000 -0.0006 0.0003 0.0000 -0.0001 0.0001 0.0000 0.0000 0.0000 0.0000 0.0000 0.0000 0.0000 0.0007 0.0001 0.0000 -0.0012 0.0001 0.0000 -0.0008 0.0003 0.0000 0.0001 0.0000 0.0000 0.0000 0.0000 0.0000 -0.0009 0.0000 0.0000 0.0002 -29.9996 -0.0001 -0.0003 29.9996 0.0000 0.0000 0.0000 4.0469 -3.8704 179.1569 -0.2396 -13.3468 0.1108 -8.7390 77.9559 2.7054 0.0000 25.3510 0.0000 -1.3848 -10.1453 -178.3882 -0.0195 -12.1875 -0.0806 8.0692 71.3713 2.2529 0.0000 25.3508 -0.0001 
10.8373 96.2248 -34.8630 4.7906 4.1909 -0.0038 -0.6736 0.6806 2.4483 -0.6739 0.6811 2.4496 -0.6755 0.6828 2.4557 -257.6141 90.0000 0.0000 71.9727 78.5483 67.4948 -48.5493 6.3630 -3.2295 -0.0189 0.0192 -0.3659 0.0000 0.0000 0.0001 0.0000 0.0000 0.0000 0.0000 -0.0013 -0.0008 0.0000 -0.0004 0.0001 0.0000 0.0000 0.0000 0.0000 0.0000 0.0000 0.0000 0.0002 0.0000 0.0000 -0.0006 0.0003 0.0000 0.0004 -0.0006 0.0000 0.0000 0.0001 0.0000 0.0000 0.0000 0.0000 -0.0010 -0.0002 0.0000 0.0002 30.0001 -0.0001 0.0005 -29.9998 0.0000 0.0000 0.0000 -0.2411 1.2928 0.0318 -0.2411 1.2928 0.0318 -50.9773 86.8804 59.0978 -41.5104 76.8018 -38.5405 40.0130 7.7654 -3.6106 0.0374 0.0793 0.5357 0.0000 -0.0001 0.0001 0.0000 0.0000 0.0000 0.0000 -0.0006 0.0003 0.0000 -0.0001 0.0001 0.0000 0.0000 0.0000 0.0000 0.0000 0.0000 0.0000 0.0007 0.0001 0.0000 -0.0012 0.0001 0.0000 -0.0008 0.0003 0.0000 0.0001 0.0000 0.0000 0.0000 0.0000 0.0000 -0.0008 0.0000 0.0000 0.0002 -29.9996 -0.0001 -0.0003 29.9996 0.0000 0.0000 0.0000 3.8309 -3.8706 179.2538 -0.2024 -12.7319 0.1054 -8.3714 77.4949 2.7274 0.0000 25.3510 0.0000 -1.6152 -10.0801 -178.3233 -0.0143 -12.0006 -0.0812 8.8093 71.2516 2.7020 0.0000 25.3508 -0.0001 
11.1026 96.2128 -34.9678 5.4004 4.1703 -0.1789 -0.7926 0.6370 2.4394 -0.7930 0.6374 2.4407 -0.7949 0.6390 2.4467 -257.5906 90.0000 0.0000 70.1501 78.8724 65.6893 -50.0593 5.6161 -3.8229 -0.0167 0.0155 -0.3662 0.0000 0.0000 0.0001 0.0000 0.0000 0.0000 0.0000 -0.0013 -0.0008 0.0000 -0.0004 0.0001 0.0000 0.0000 0.0000 0.0000 0.0000 0.0000 0.0000 0.0002 0.0000 0.0000 -0.0006 0.0003 0.0000 0.0004 -0.0006 0.0000 0.0000 0.0001 0.0000 0.0000 0.0000 0.0000 -0.0010 -0.0002 0.0000 0.0002 30.0001 -0.0001 0.0005 -29.9998 0.0000 0.0000 0.0000 -0.3641 1.3226 0.2002 -0.3641 1.3226 0.2002 -49.9307 87.0286 60.0804 -39.3754 77.0308 -36.3177 40.4655 7.5980 -3.4801 0.0362 0.0743 0.5332 0.0000 -0.0001 0.0001 0.0000 0.0000 0.0000 0.0000 -0.0006 0.0003 0.0000 -0.0001 0.0001 0.0000 0.0000 0.0000 0.0000 0.0000 0.0000 0.0000 0.0007 0.0001 0.0000 -0.0012 0.0001 0.0000 -0.0008 0.0003 0.0000 0.0001 0.0000 0.0000 0.0000 0.0000 0.0000 -0.0009 0.0000 0.0000 0.0002 -29.9996 -0.0001 -0.0003 29.9996 0.0000 0.0000 0.0000 3.4897 -4.0489 179.3484 -0.1794 -12.4694 0.1024 -8.3017 76.9851 2.4710 0.0000 25.3510 0.0000 -1.8070 -9.9827 -178.3127 -0.0130 -11.8379 -0.0814 9.8286 71.1308 3.3510 0.0000 25.3508 -0.0001 
11.3975 96.2021 -35.0645 6.0289 4.1224 -0.3265 -0.8880 0.5981 2.4056 -0.8885 0.5985 2.4069 -0.8907 0.6000 2.4128 -257.5428 90.0000 0.0000 67.9056 79.2561 63.4859 -51.8106 4.8189 -4.3584 -0.0144 0.0091 -0.3665 0.0000 0.0000 0.0001 0.0000 0.0000 0.0000 0.0000 -0.0013 -0.0008 0.0000 -0.0004 0.0001 0.0000 0.0000 0.0000 0.0000 0.0000 0.0000 0.0000 0.0002 0.0000 0.0000 -0.0006 0.0003 0.0000 0.0004 -0.0006 0.0000 0.0000 0.0001 0.0000 0.0000 0.0000 0.0000 -0.0010 -0.0002 0.0000 0.0002 30.0001 -0.0001 0.0005 -29.9998 0.0000 0.0000 0.0000 -0.4999 1.3754 0.3704 -0.4999 1.3754 0.3704 -48.5989 87.1717 61.3401 -36.9931 77.2978 -33.7705 41.0289 7.4838 -3.3674 0.0352 0.0675 0.5294 0.0000 -0.0001 0.0001 0.0000 0.0000 0.0000 0.0000 -0.0006 0.0003 0.0000 -0.0001 0.0001 0.0000 0.0000 0.0000 0.0000 0.0000 0.0000 0.0000 0.0007 0.0001 0.0000 -0.0012 0.0001 0.0000 -0.0008 0.0003 0.0000 0.0001 0.0000 0.0000 0.0000 0.0000 0.0000 -0.0009 0.0000 0.0000 0.0002 -29.9996 -0.0001 -0.0003 29.9996 0.0000 0.0000 0.0000 3.1302 -4.2758 179.4142 -0.1624 -12.3636 0.1004 -8.2064 76.4854 2.2153 0.0000 25.3510 0.0000 -1.9909 -9.8683 -178.3519 -0.0146 -11.7169 -0.0812 10.9664 71.0282 4.0933 0.0000 25.3508 -0.0001 
11.6759 96.1928 -35.1598 6.6522 4.0578 -0.4401 -0.9594 0.5629 2.3451 -0.9599 0.5632 2.3463 -0.9623 0.5647 2.3522 -257.4537 90.0000 0.0000 65.1569 79.7073 60.7778 -53.7971 4.0126 -4.7965 -0.0123 -0.0004 -0.3683 0.0000 0.0000 0.0001 0.0000 0.0000 0.0000 0.0000 -0.0013 -0.0008 0.0000 -0.0004 0.0001 0.0000 0.0000 0.0000 0.0000 0.0000 0.0000 0.0000 0.0002 0.0000 0.0000 -0.0006 0.0003 0.0000 0.0004 -0.0006 0.0000 0.0000 0.0001 0.0000 0.0000 0.0000 0.0000 -0.0010 -0.0002 0.0000 0.0002 30.0001 -0.0001 0.0005 -29.9998 0.0000 0.0000 0.0000 -0.6408 1.4391 0.5418 -0.6408 1.4391 0.5418 -46.9740 87.3152 62.8889 -34.4119 77.5873 -30.9615 41.7092 7.4201 -3.2730 0.0342 0.0590 0.5242 0.0000 -0.0001 0.0001 0.0000 0.0000 0.0000 0.0000 -0.0006 0.0003 0.0000 -0.0001 0.0001 0.0000 0.0000 0.0000 0.0000 0.0000 0.0000 0.0000 0.0007 0.0001 0.0000 -0.0012 0.0001 0.0000 -0.0008 0.0003 0.0000 0.0001 0.0000 0.0000 0.0000 0.0000 0.0000 -0.0008 0.0000 0.0000 0.0002 -29.9996 -0.0001 -0.0003 29.9996 0.0000 0.0000 0.0000 2.7538 -4.4855 179.4392 -0.1524 -12.3343 0.0992 -8.0751 76.0549 2.0147 0.0000 25.3510 0.0000 -2.1685 -9.7638 -178.4169 -0.0165 -11.6523 -0.0810 12.1061 70.9468 4.8292 0.0000 25.3508 -0.0001 
11.8628 96.1880 -35.2627 7.2368 3.9778 -0.4922 -0.9911 0.5278 2.2445 -0.9916 0.5281 2.2456 -0.9941 0.5295 2.2513 -257.2935 90.0000 0.0000 61.4841 80.2985 57.0850 -56.1740 3.2872 -5.0579 -0.0107 -0.0150 -0.3707 0.0000 0.0000 0.0001 0.0000 0.0000 0.0000 0.0000 -0.0013 -0.0008 0.0000 -0.0004 0.0001 0.0000 0.0000 0.0000 0.0000 0.0000 0.0000 0.0000 0.0002 0.0000 0.0000 -0.0006 0.0003 0.0000 0.0004 -0.0006 0.0000 0.0000 0.0001 0.0000 0.0000 0.0000 0.0000 -0.0010 -0.0002 0.0000 0.0002 30.0001 -0.0001 0.0005 -29.9998 0.0000 0.0000 0.0000 -0.7848 1.5078 0.7064 -0.7848 1.5078 0.7064 248.3831 90.0000 0.0000 -31.5653 77.9110 -27.8152 42.5385 7.4257 -3.2141 0.0335 0.0487 0.5182 0.0000 -0.0001 0.0001 0.0000 0.0000 0.0000 0.0000 -0.0006 0.0003 0.0000 -0.0001 0.0001 0.0000 0.0000 0.0000 0.0000 0.0000 0.0000 0.0000 0.0007 0.0001 0.0000 -0.0012 0.0001 0.0000 -0.0008 0.0003 0.0000 0.0001 0.0000 0.0000 0.0000 0.0000 0.0000 -0.0009 0.0000 0.0000 0.0002 -29.9996 -0.0001 -0.0003 29.9996 0.0000 0.0000 0.0000 2.3215 -4.6436 179.4172 -0.1451 -12.3526 0.0985 -7.6785 75.7611 2.2214 0.0000 25.3510 0.0000 -2.3286 -9.7259 -178.4878 -0.0128 -11.7238 -0.0814 13.1136 70.9136 5.4397 0.0000 25.3508 -0.0001 
11.9660 96.1774 -35.3552 7.7763 3.8836 -0.4956 -0.9894 0.4950 2.1131 -0.9898 0.4953 2.1140 -0.9924 0.4966 2.1194 -257.0947 90.0000 0.0000 56.3694 81.0512 51.8934 -58.8497 2.6813 -5.1383 -0.0097 -0.0344 -0.3736 0.0000 0.0000 0.0001 0.0000 0.0000 0.0000 0.0000 -0.0013 -0.0008 0.0000 -0.0004 0.0001 0.0000 0.0000 0.0000 0.0000 0.0000 0.0000 0.0000 0.0002 0.0000 0.0000 -0.0006 0.0003 0.0000 0.0004 -0.0006 0.0000 0.0000 0.0001 0.0000 0.0000 0.0000 0.0000 -0.0010 -0.0002 0.0000 0.0002 30.0001 -0.0001 0.0005 -29.9998 0.0000 0.0000 0.0000 -0.9346 1.5744 0.8664 -0.9346 1.5744 0.8664 248.6083 90.0000 0.0000 -28.4028 78.2445 -24.3087 43.4371 7.4680 -3.2059 0.0330 0.0374 0.5119 0.0000 -0.0001 0.0001 0.0000 0.0000 0.0000 0.0000 -0.0006 0.0003 0.0000 -0.0001 0.0001 0.0000 0.0000 0.0000 0.0000 0.0000 0.0000 0.0000 0.0007 0.0001 0.0000 -0.0012 0.0001 0.0000 -0.0008 0.0003 0.0000 0.0001 0.0000 0.0000 0.0000 0.0000 0.0000 -0.0009 0.0000 0.0000 0.0002 -29.9997 -0.0001 -0.0003 29.9996 0.0000 0.0000 0.0000 1.8219 -4.7550 179.3618 -0.1337 -12.3685 0.0973 -7.2510 75.5598 2.6089 0.0000 25.3510 0.0000 -2.4496 -9.7693 -178.5572 -0.0035 -11.9771 -0.0823 14.0395 70.9542 5.9705 0.0000 25.3508 -0.0001 
12.0277 96.1511 -35.4248 8.2751 3.7780 -0.4596 -0.9654 0.4686 1.9603 -0.9657 0.4689 1.9611 -0.9682 0.4702 1.9662 -256.8712 90.0000 0.0000 49.0906 81.8923 44.4929 -61.6559 2.2470 -5.0312 -0.0093 -0.0579 -0.3765 0.0000 0.0000 0.0001 0.0000 0.0000 0.0000 0.0000 -0.0013 -0.0008 0.0000 -0.0004 0.0001 0.0000 0.0000 0.0000 0.0000 0.0000 0.0000 0.0000 0.0002 0.0000 0.0000 -0.0006 0.0003 0.0000 0.0004 -0.0006 0.0000 0.0000 0.0001 0.0000 0.0000 0.0000 0.0000 -0.0010 -0.0002 0.0000 0.0002 30.0001 -0.0001 0.0005 -29.9998 0.0000 0.0000 0.0000 -1.0829 1.6290 1.0138 -1.0829 1.6290 1.0138 248.8164 90.0000 0.0000 -24.9523 78.5646 -20.4894 44.3906 7.5315 -3.2462 0.0325 0.0256 0.5054 0.0000 -0.0001 0.0001 0.0000 0.0000 0.0000 0.0000 -0.0006 0.0003 0.0000 -0.0001 0.0001 0.0000 0.0000 0.0000 0.0000 0.0000 0.0000 0.0000 0.0007 0.0001 0.0000 -0.0012 0.0001 0.0000 -0.0008 0.0003 0.0000 0.0001 0.0000 0.0000 0.0000 0.0000 0.0000 -0.0009 0.0000 0.0000 0.0002 -29.9997 -0.0001 -0.0003 29.9996 0.0000 0.0000 0.0000 1.2946 -4.8418 179.2559 -0.1248 -12.3848 0.0963 -6.8104 75.4104 3.0961 0.0000 25.3510 0.0000 -2.5156 -9.8830 -178.6436 0.0081 -12.4036 -0.0836 14.9868 71.0682 6.5144 0.0000 25.3508 -0.0001 
12.0799 96.1157 -35.4613 8.7162 3.6590 -0.3772 -0.9182 0.4528 1.7836 -0.9185 0.4531 1.7842 -0.9209 0.4543 1.7890 -256.6170 90.0000 0.0000 37.8926 82.7611 33.1273 -64.4862 2.1328 -4.6641 -0.0097 -0.0858 -0.3769 0.0000 0.0000 0.0001 0.0000 0.0000 0.0000 0.0000 -0.0013 -0.0008 0.0000 -0.0004 0.0001 0.0000 0.0000 0.0000 0.0000 0.0000 0.0000 0.0000 0.0002 0.0000 0.0000 -0.0006 0.0003 0.0000 0.0004 -0.0006 0.0000 0.0000 0.0001 0.0000 0.0000 0.0000 0.0000 -0.0010 -0.0002 0.0000 0.0002 30.0001 -0.0001 0.0005 -29.9998 0.0000 0.0000 0.0000 -1.2242 1.6524 1.1360 -1.2242 1.6524 1.1360 249.0068 90.0000 0.0000 -21.1441 78.8562 -16.3173 45.4051 7.6067 -3.3499 0.0321 0.0132 0.5004 0.0000 -0.0001 0.0001 0.0000 0.0000 0.0000 0.0000 -0.0006 0.0003 0.0000 -0.0001 0.0001 0.0000 0.0000 0.0000 0.0000 0.0000 0.0000 0.0000 0.0007 0.0001 0.0000 -0.0012 0.0001 0.0000 -0.0008 0.0003 0.0000 0.0001 0.0000 0.0000 0.0000 0.0000 0.0000 -0.0009 0.0000 0.0000 0.0002 -29.9996 -0.0001 -0.0003 29.9996 0.0000 0.0000 0.0000 -0.7341 -3.1310 -179.7294 -4.2476 -9.0949 -1.5496 0.3688 73.7580 7.7679 0.0000 25.3510 0.0000 -2.4827 -10.1124 -178.7768 0.0198 -13.1068 -0.0850 16.0957 71.2867 7.2026 0.0000 25.3508 -0.0001 
12.1306 96.0730 -35.4947 9.1193 3.5265 -0.2655 -0.8630 0.4475 1.5933 -0.8633 0.4476 1.5937 -0.8656 0.4489 1.5981 -256.3523 90.0000 0.0000 22.1899 83.3501 17.2612 -67.5021 2.3479 -4.0452 -0.0110 -0.1192 -0.3776 0.0000 0.0000 0.0001 0.0000 0.0000 0.0000 0.0000 -0.0013 -0.0008 0.0000 -0.0004 0.0001 0.0000 0.0000 0.0000 0.0000 0.0000 0.0000 0.0000 0.0002 0.0000 0.0000 -0.0006 0.0003 0.0000 0.0004 -0.0006 0.0000 0.0000 0.0001 0.0000 0.0000 0.0000 0.0000 -0.0010 -0.0002 0.0000 0.0002 30.0001 -0.0001 0.0005 -29.9998 0.0000 0.0000 0.0000 -1.3550 1.6401 1.2330 -1.3550 1.6401 1.2330 249.1906 90.0000 0.0000 -16.9267 79.0756 -11.7756 46.4242 7.6635 -3.4673 0.0317 0.0009 0.4967 0.0000 -0.0001 0.0001 0.0000 0.0000 0.0000 0.0000 -0.0006 0.0003 0.0000 -0.0001 0.0001 0.0000 0.0000 0.0000 0.0000 0.0000 0.0000 0.0000 0.0007 0.0001 0.0000 -0.0012 0.0001 0.0000 -0.0008 0.0003 0.0000 0.0001 0.0000 0.0000 0.0000 0.0000 0.0000 -0.0009 0.0000 0.0000 0.0002 -29.9996 -0.0001 -0.0003 29.9996 0.0000 0.0000 0.0000 -1.1057 -2.9886 -179.9151 -4.0477 -8.7869 -1.5852 0.6036 73.5379 8.2224 0.0000 25.3510 0.0000 -2.3924 -10.4283 -178.9434 0.0387 -13.9994 -0.0875 17.3208 71.5327 8.0144 0.0000 25.3508 -0.0001 
12.1720 96.0371 -35.5442 9.5012 3.3714 -0.1322 -0.8073 0.4582 1.3928 -0.8075 0.4584 1.3931 -0.8097 0.4597 1.3970 -256.0920 90.0000 0.0000 3.8538 83.3590 -1.1921 -70.6219 2.8776 -3.2116 -0.0127 -0.1567 -0.3768 0.0000 0.0000 0.0001 0.0000 0.0000 0.0000 0.0000 -0.0013 -0.0008 0.0000 -0.0004 0.0001 0.0000 0.0000 0.0000 0.0000 0.0000 0.0000 0.0000 0.0003 0.0000 0.0000 -0.0006 0.0003 0.0000 0.0004 -0.0006 0.0000 0.0000 0.0001 0.0000 0.0000 0.0000 0.0000 -0.0010 -0.0002 0.0000 0.0002 30.0001 -0.0001 0.0005 -29.9998 0.0000 0.0000 0.0000 -1.4770 1.5951 1.3151 -1.4770 1.5951 1.3151 249.3622 90.0000 0.0000 -12.3779 79.2014 -6.9472 47.4290 7.6809 -3.5625 0.0312 -0.0111 0.4934 0.0000 -0.0001 0.0001 0.0000 0.0000 0.0000 0.0000 -0.0006 0.0003 0.0000 -0.0001 0.0001 0.0000 0.0000 0.0000 0.0000 0.0000 0.0000 0.0000 0.0007 0.0001 0.0000 -0.0012 0.0001 0.0000 -0.0008 0.0003 0.0000 0.0001 0.0000 0.0000 0.0000 0.0000 0.0000 -0.0009 0.0000 0.0000 0.0002 -29.9996 -0.0001 -0.0003 29.9996 0.0000 0.0000 0.0000 -1.3710 -2.8192 179.8759 -3.8406 -8.4732 -1.6318 0.9491 73.3254 8.7301 0.0000 25.3510 0.0000 -2.2880 -10.8132 -179.1302 0.0742 -15.0405 -0.0925 18.5940 71.7690 8.9035 0.0000 25.3508 -0.0001 
12.2710 96.0086 -35.6548 9.8715 3.1735 0.0291 -0.7641 0.5004 1.1811 -0.7642 0.5005 1.1813 -0.7664 0.5019 1.1846 -255.8425 90.0000 0.0000 -13.0453 82.7213 -18.1097 -73.8110 3.8674 -2.0051 -0.0148 -0.1994 -0.3763 0.0000 0.0000 0.0001 0.0000 0.0000 0.0000 0.0000 -0.0013 -0.0008 0.0000 -0.0004 0.0001 0.0000 0.0000 0.0000 0.0000 0.0000 0.0000 0.0000 0.0002 0.0000 0.0000 -0.0006 0.0003 0.0000 0.0004 -0.0006 0.0000 0.0000 0.0001 0.0000 0.0000 0.0000 0.0000 -0.0010 -0.0002 0.0000 0.0002 30.0001 -0.0001 0.0005 -29.9998 0.0000 0.0000 0.0000 -1.5862 1.5034 1.3883 -1.5862 1.5034 1.3883 249.5238 90.0000 0.0000 -7.7222 79.2122 -2.0802 48.4566 7.6249 -3.5834 0.0304 -0.0230 0.4919 0.0000 -0.0001 0.0001 0.0000 0.0000 0.0000 0.0000 -0.0006 0.0003 0.0000 -0.0001 0.0001 0.0000 0.0000 0.0000 0.0000 0.0000 0.0000 0.0000 0.0007 0.0001 0.0000 -0.0012 0.0001 0.0000 -0.0008 0.0003 0.0000 0.0001 0.0000 0.0000 0.0000 0.0000 0.0000 -0.0009 0.0000 0.0000 0.0002 -29.9996 -0.0001 -0.0003 29.9996 0.0000 0.0000 0.0000 -1.4792 -2.6495 179.6671 -3.5482 -8.2096 -1.7225 1.3727 73.1239 9.2636 0.0000 25.3510 0.0000 -2.2082 -11.2631 -179.3881 0.1167 -16.2055 -0.0993 20.0743 71.8795 10.0413 0.0000 25.3508 -0.0001 
12.4295 96.0104 -35.8438 10.2419 2.9373 0.1901 -0.7330 0.5678 0.9709 -0.7331 0.5679 0.9711 -0.7352 0.5696 0.9739 -255.5982 90.0000 0.0000 -25.8895 81.6388 -30.8721 -76.9964 5.3165 -0.4918 -0.0168 -0.2460 -0.3762 0.0000 0.0000 0.0001 0.0000 0.0000 0.0000 0.0000 -0.0013 -0.0008 0.0000 -0.0004 0.0001 0.0000 0.0000 0.0000 0.0000 0.0000 0.0000 0.0000 0.0002 0.0000 0.0000 -0.0006 0.0003 0.0000 0.0004 -0.0006 0.0000 0.0000 0.0001 0.0000 0.0000 0.0000 0.0000 -0.0010 -0.0002 0.0000 0.0002 30.0001 -0.0001 0.0005 -29.9998 0.0000 0.0000 0.0000 -1.6886 1.3781 1.4478 -1.6886 1.3781 1.4478 249.6619 90.0000 0.0000 -3.4707 79.1278 2.3509 49.6007 7.5127 -3.5155 0.0295 -0.0351 0.4904 0.0000 -0.0001 0.0001 0.0000 0.0000 0.0000 0.0000 -0.0006 0.0003 0.0000 -0.0001 0.0001 0.0000 0.0000 0.0000 0.0000 0.0000 0.0000 0.0000 0.0007 0.0001 0.0000 -0.0012 0.0001 0.0000 -0.0008 0.0003 0.0000 0.0001 0.0000 0.0000 0.0000 0.0000 0.0000 -0.0009 0.0000 0.0000 0.0002 -29.9996 -0.0001 -0.0003 29.9996 0.0000 0.0000 0.0000 -1.5490 -2.5180 179.4916 -3.2696 -8.0545 -1.8242 1.7553 72.9503 9.6864 0.0000 25.3510 0.0000 -2.1974 -11.7455 -179.6893 0.1512 -17.3922 -0.1059 21.8563 71.7949 11.5341 0.0000 25.3508 -0.0001 
12.6257 96.0469 -36.0653 10.6146 2.6711 0.3293 -0.7099 0.6534 0.7724 -0.7100 0.6536 0.7725 -0.7120 0.6555 0.7747 -255.3688 90.0000 0.0000 -34.6659 80.3785 -39.4667 -80.4103 7.2329 1.2606 -0.0187 -0.2996 -0.3788 0.0000 0.0000 0.0001 0.0000 0.0000 0.0000 0.0000 -0.0013 -0.0008 0.0000 -0.0004 0.0001 0.0000 0.0000 0.0000 0.0000 0.0000 0.0000 0.0000 0.0002 0.0000 0.0000 -0.0006 0.0003 0.0000 0.0004 -0.0006 0.0000 0.0000 0.0001 0.0000 0.0000 0.0000 0.0000 -0.0010 -0.0002 0.0000 0.0002 30.0001 -0.0001 0.0005 -29.9998 0.0000 0.0000 0.0000 -1.7966 1.2475 1.5058 -1.7966 1.2475 1.5058 249.7569 90.0000 0.0000 0.2683 78.9667 6.2586 50.8727 7.3479 -3.3582 0.0284 -0.0472 0.4895 0.0000 -0.0001 0.0001 0.0000 0.0000 0.0000 0.0000 -0.0006 0.0003 0.0000 -0.0001 0.0001 0.0000 0.0000 0.0000 0.0000 0.0000 0.0000 0.0000 0.0007 0.0001 0.0000 -0.0012 0.0001 0.0000 -0.0008 0.0003 0.0000 0.0001 0.0000 0.0000 0.0000 0.0000 0.0000 -0.0009 0.0000 0.0000 0.0002 -29.9996 -0.0001 -0.0003 29.9996 0.0000 0.0000 0.0000 -1.6221 -2.4442 179.3493 -3.0245 -8.0090 -1.9369 2.1389 72.7884 10.0715 0.0000 25.3510 0.0000 -2.4073 -12.2320 -179.9893 0.1647 -18.5854 -0.1097 23.8244 71.5729 13.4246 0.0000 25.3508 -0.0001 
12.7542 96.0791 -36.3346 10.9769 2.3692 0.4053 -0.6842 0.7560 0.6030 -0.6842 0.7562 0.6031 -0.6862 0.7584 0.6048 -255.1653 90.0000 0.0000 -40.2809 79.2241 -44.7644 -83.7154 9.7349 3.4417 -0.0201 -0.3617 -0.3895 0.0000 0.0000 0.0001 0.0000 0.0000 0.0000 0.0000 -0.0013 -0.0008 0.0000 -0.0004 0.0001 0.0000 0.0000 0.0000 0.0000 0.0000 0.0000 0.0000 0.0002 0.0000 0.0000 -0.0006 0.0003 0.0000 0.0004 -0.0006 0.0000 0.0000 0.0001 0.0000 0.0000 0.0000 0.0000 -0.0010 -0.0002 0.0000 0.0002 30.0001 -0.0001 0.0005 -29.9998 0.0000 0.0000 0.0000 -1.9201 1.1339 1.5514 -1.9201 1.1339 1.5514 249.7644 90.0000 0.0000 3.5202 78.7520 9.6838 52.3011 7.1108 -3.0798 0.0272 -0.0595 0.4894 0.0000 -0.0001 0.0001 0.0000 0.0000 0.0000 0.0000 -0.0006 0.0003 0.0000 -0.0001 0.0001 0.0000 0.0000 0.0000 0.0000 0.0000 0.0000 0.0000 0.0007 0.0001 0.0000 -0.0012 0.0001 0.0000 -0.0008 0.0003 0.0000 0.0001 0.0000 0.0000 0.0000 0.0000 0.0000 -0.0009 0.0000 0.0000 0.0002 -29.9996 -0.0001 -0.0003 29.9996 0.0000 0.0000 0.0000 -1.7576 -2.4675 179.2420 -2.7982 -8.1170 -2.0758 2.5938 72.6178 10.5983 0.0000 25.3510 0.0000 -2.8629 -12.6721 179.8141 0.1784 -19.7194 -0.1138 25.9050 71.2638 15.7313 0.0000 25.3508 -0.0001 
12.8686 96.1065 -36.6200 11.3107 2.0631 0.4130 -0.6425 0.8547 0.4620 -0.6426 0.8548 0.4621 -0.6445 0.8573 0.4634 -254.9670 90.0000 0.0000 -44.3337 78.1787 -48.3950 -86.6743 12.8329 5.9443 -0.0215 -0.4389 -0.4142 0.0000 0.0000 0.0001 0.0000 0.0000 0.0000 0.0000 -0.0013 -0.0008 0.0000 -0.0004 0.0001 0.0000 0.0000 0.0000 0.0000 0.0000 0.0000 0.0000 0.0002 0.0000 0.0000 -0.0006 0.0003 0.0000 0.0004 -0.0006 0.0000 0.0000 0.0001 0.0000 0.0000 0.0000 0.0000 -0.0010 -0.0002 0.0000 0.0002 30.0001 -0.0001 0.0005 -29.9998 0.0000 0.0000 0.0000 -2.0609 1.0585 1.5791 -2.0609 1.0585 1.5791 249.7232 90.0000 0.0000 6.6735 78.4913 13.0340 53.8233 6.8199 -2.7438 0.0258 -0.0720 0.4886 0.0000 -0.0001 0.0001 0.0000 0.0000 0.0000 0.0000 -0.0006 0.0003 0.0000 -0.0001 0.0001 0.0000 0.0000 0.0000 0.0000 0.0000 0.0000 0.0000 0.0007 0.0001 0.0000 -0.0011 0.0001 0.0000 -0.0008 0.0003 0.0000 0.0001 0.0000 0.0000 0.0000 0.0000 0.0000 -0.0009 0.0000 0.0000 0.0002 -29.9997 -0.0001 -0.0003 29.9996 0.0000 0.0000 0.0000 -1.9906 -2.5508 179.1554 -2.6287 -8.3318 -2.1842 3.0260 72.4605 11.1885 0.0000 25.3510 0.0000 -3.3298 -12.9759 179.7101 0.2039 -20.7433 -0.1201 28.0569 71.0531 18.2412 0.0000 25.3508 -0.0001 
13.0053 96.1193 -36.9229 11.6055 1.7681 0.3601 -0.5824 0.9390 0.3483 -0.5824 0.9391 0.3483 -0.5841 0.9419 0.3493 -254.7735 90.0000 0.0000 -47.6876 77.1639 -51.2420 -89.0627 16.5117 8.7008 -0.0232 -0.5401 -0.4585 0.0000 0.0000 0.0001 0.0000 0.0000 0.0000 0.0000 -0.0013 -0.0008 0.0000 -0.0004 0.0001 0.0000 0.0000 0.0000 0.0000 0.0000 0.0000 0.0000 0.0002 0.0000 0.0000 -0.0006 0.0003 0.0000 0.0004 -0.0006 0.0000 0.0000 0.0001 0.0000 0.0000 0.0000 0.0000 -0.0010 -0.0002 0.0000 0.0002 30.0001 -0.0001 0.0005 -29.9998 0.0000 0.0000 0.0000 -2.2106 1.0243 1.5796 -2.2106 1.0243 1.5796 -27.1039 87.4018 82.0319 9.7755 78.1687 16.3610 55.4285 6.4878 -2.3864 0.0243 -0.0842 0.4875 0.0000 -0.0001 0.0001 0.0000 0.0000 0.0000 0.0000 -0.0006 0.0003 0.0000 -0.0001 0.0001 0.0000 0.0000 0.0000 0.0000 0.0000 0.0000 0.0000 0.0007 0.0001 0.0000 -0.0012 0.0001 0.0000 -0.0008 0.0003 0.0000 0.0001 0.0000 0.0000 0.0000 0.0000 0.0000 -0.0009 0.0000 0.0000 0.0002 -29.9996 -0.0001 -0.0003 29.9996 0.0000 0.0000 0.0000 -2.2730 -2.6603 179.0781 -2.5583 -8.6137 -2.2108 3.3908 72.3265 11.7091 0.0000 25.3510 0.0000 -3.7265 -13.1472 179.6407 0.2212 -21.5532 -0.1248 30.1525 70.9267 20.7508 0.0000 25.3508 -0.0001 
13.1985 96.1605 -37.1594 11.8303 1.5122 0.2298 -0.4906 0.9868 0.2712 -0.4906 0.9870 0.2712 -0.4921 0.9898 0.2720 -254.5960 90.0000 0.0000 -50.2051 76.2848 -53.1713 -90.5157 20.8517 11.9752 -0.0265 -0.6829 -0.5401 0.0000 0.0000 0.0001 0.0000 0.0000 0.0000 0.0000 -0.0013 -0.0008 0.0000 -0.0004 0.0001 0.0000 0.0000 0.0000 0.0000 0.0000 0.0000 0.0000 0.0002 -0.0001 0.0000 -0.0006 0.0003 0.0000 0.0004 -0.0006 0.0000 0.0000 0.0001 0.0000 0.0000 0.0000 0.0000 -0.0010 -0.0002 0.0000 0.0002 30.0001 -0.0001 0.0005 -29.9998 0.0000 0.0000 0.0000 -2.3689 1.0636 1.5512 -2.3689 1.0636 1.5512 -28.2083 87.2595 80.9009 13.0168 77.7281 19.8432 57.1094 6.0932 -2.0199 0.0227 -0.0958 0.4867 0.0000 -0.0001 0.0001 0.0000 0.0000 0.0000 0.0000 -0.0006 0.0003 0.0000 -0.0001 0.0001 0.0000 0.0000 0.0000 0.0000 0.0000 0.0000 0.0000 0.0007 0.0001 0.0000 -0.0012 0.0001 0.0000 -0.0008 0.0003 0.0000 0.0001 0.0000 0.0000 0.0000 0.0000 0.0000 -0.0008 0.0000 0.0000 0.0002 -29.9996 -0.0001 -0.0003 29.9996 0.0000 0.0000 0.0000 -2.5115 -2.7627 179.0064 -2.5834 -8.9095 -2.1163 3.7067 72.2048 12.1193 0.0000 25.3510 0.0000 -3.8813 -13.1376 179.5734 0.2085 -21.9683 -0.1232 32.2307 70.9828 23.1654 0.0000 25.3508 -0.0001 
13.3653 96.2109 -37.2977 11.9919 1.3009 0.0578 -0.3736 1.0002 0.2128 -0.3736 1.0004 0.2128 -0.3747 1.0033 0.2135 -254.4306 90.0000 0.0000 -52.1821 75.4390 -54.4957 -90.8322 25.6544 15.7612 -0.0324 -0.8875 -0.6724 0.0000 0.0000 0.0001 0.0000 0.0000 0.0000 0.0000 -0.0013 -0.0008 0.0000 -0.0004 0.0001 0.0000 0.0000 0.0000 0.0000 0.0000 0.0000 0.0000 0.0002 0.0000 0.0000 -0.0006 0.0003 0.0000 0.0004 -0.0006 0.0000 0.0000 0.0001 0.0000 0.0000 0.0000 0.0000 -0.0010 -0.0002 0.0000 0.0002 30.0001 -0.0001 0.0005 -29.9998 0.0000 0.0000 0.0000 -2.5220 1.1458 1.5081 -2.5220 1.1458 1.5081 -29.3709 87.1698 79.7300 16.3643 77.1515 23.4154 58.7927 5.6396 -1.6603 0.0209 -0.1067 0.4865 0.0000 -0.0001 0.0001 0.0000 0.0000 0.0000 0.0000 -0.0006 0.0003 0.0000 -0.0001 0.0001 0.0000 0.0000 0.0000 0.0000 0.0000 0.0000 0.0000 0.0007 0.0001 0.0000 -0.0012 0.0001 0.0000 -0.0008 0.0003 0.0000 0.0001 0.0000 0.0000 0.0000 0.0000 0.0000 -0.0009 0.0000 0.0000 0.0002 -29.9996 -0.0001 -0.0003 29.9996 0.0000 0.0000 0.0000 -2.6368 -2.8235 178.9349 -2.5516 -9.1526 -1.9708 3.9761 72.0946 12.4864 0.0000 25.3510 0.0000 -3.7800 -12.9991 179.5206 0.1867 -21.9279 -0.1189 33.9860 71.1547 25.0308 0.0000 25.3508 -0.0001 
13.4948 96.2673 -37.3633 12.1046 1.1280 -0.1387 -0.2419 0.9880 0.1661 -0.2419 0.9881 0.1661 -0.2426 0.9910 0.1666 -254.2787 90.0000 0.0000 -53.5588 74.5670 -55.1759 -89.8634 30.7023 20.0971 -0.0422 -1.1780 -0.8725 0.0000 0.0000 0.0001 0.0000 0.0000 0.0000 0.0000 -0.0013 -0.0008 0.0000 -0.0004 0.0001 0.0000 0.0000 0.0000 0.0000 0.0000 0.0000 0.0000 0.0003 0.0000 0.0000 -0.0006 0.0003 0.0000 0.0004 -0.0006 0.0000 0.0000 0.0001 0.0000 0.0000 0.0000 0.0000 -0.0010 -0.0002 0.0000 0.0002 30.0001 -0.0001 0.0005 -29.9998 0.0000 0.0000 0.0000 -2.6614 1.2488 1.4614 -2.6614 1.2488 1.4614 -30.6183 87.0987 78.4601 19.6535 76.4723 26.9337 60.4914 5.1286 -1.3293 0.0190 -0.1173 0.4865 0.0000 -0.0001 0.0001 0.0000 0.0000 0.0000 0.0000 -0.0006 0.0003 0.0000 -0.0001 0.0001 0.0000 0.0000 0.0000 0.0000 0.0000 0.0000 0.0000 0.0007 0.0001 0.0000 -0.0012 0.0001 0.0000 -0.0008 0.0003 0.0000 0.0001 0.0000 0.0000 0.0000 0.0000 0.0000 -0.0008 0.0000 0.0000 0.0002 -29.9996 -0.0001 -0.0003 29.9996 0.0000 0.0000 0.0000 -2.6715 -2.8454 178.8784 -2.4602 -9.3502 -1.8017 4.1766 72.0096 12.7916 0.0000 25.3510 0.0000 -3.4755 -12.7340 179.5129 0.1802 -21.4889 -0.1169 35.2288 71.4308 26.1345 0.0000 25.3508 -0.0001 
13.5901 96.3038 -37.3736 12.1614 1.0001 -0.3490 -0.1048 0.9499 0.1312 -0.1048 0.9500 0.1312 -0.1051 0.9528 0.1316 -254.1807 90.0000 0.0000 -54.0406 73.6361 -54.9093 -87.0015 35.7489 25.4224 -0.0594 -1.5783 -1.1775 0.0000 0.0000 0.0001 0.0000 0.0000 0.0000 0.0000 -0.0013 -0.0008 0.0000 -0.0004 0.0001 0.0000 0.0000 0.0000 0.0000 0.0000 0.0000 0.0000 0.0002 0.0000 0.0000 -0.0006 0.0003 0.0000 0.0004 -0.0006 0.0000 0.0000 0.0001 0.0000 0.0000 0.0000 0.0000 -0.0010 -0.0002 0.0000 0.0002 30.0001 -0.0001 0.0005 -29.9998 0.0000 0.0000 0.0000 -2.7703 1.3605 1.4296 -2.7703 1.3605 1.4296 -31.9909 87.0342 77.0403 22.6974 75.7029 30.2081 62.2686 4.5574 -1.0479 0.0168 -0.1277 0.4876 0.0000 -0.0001 0.0001 0.0000 0.0000 0.0000 0.0000 -0.0006 0.0003 0.0000 -0.0001 0.0001 0.0000 0.0000 0.0000 0.0000 0.0000 0.0000 0.0000 0.0007 0.0001 0.0000 -0.0012 0.0001 0.0000 -0.0008 0.0003 0.0000 0.0001 0.0000 0.0000 0.0000 0.0000 0.0000 -0.0009 0.0000 0.0000 0.0002 -29.9996 -0.0001 -0.0003 29.9996 0.0000 0.0000 0.0000 -2.6377 -2.8355 178.8748 -2.3630 -9.5086 -1.6302 4.2787 71.9701 12.9633 0.0000 25.3510 0.0000 -2.9729 -12.3219 179.5515 0.1892 -20.5202 -0.1170 35.6128 71.7305 26.0533 0.0000 25.3508 -0.0001 
13.6715 96.3283 -37.3854 12.1781 0.8980 -0.5550 0.0284 0.9017 0.1010 0.0284 0.9018 0.1010 0.0285 0.9044 0.1013 -254.1421 90.0000 0.0000 -53.5122 72.6544 -53.5344 -82.5099 40.4770 31.7822 -0.0861 -2.1115 -1.6127 0.0000 0.0000 0.0001 0.0000 0.0000 0.0000 0.0000 -0.0013 -0.0008 0.0000 -0.0004 0.0001 0.0000 0.0000 0.0000 0.0000 0.0000 0.0000 0.0000 0.0002 0.0000 0.0000 -0.0006 0.0003 0.0000 0.0004 -0.0006 0.0000 0.0000 0.0001 0.0000 0.0000 0.0000 0.0000 -0.0010 -0.0002 0.0000 0.0002 30.0001 -0.0001 0.0005 -29.9998 0.0000 0.0000 0.0000 -2.8500 1.4631 1.4216 -2.8500 1.4631 1.4216 -33.3432 86.9610 75.6251 25.4458 74.8293 33.1577 64.0892 3.9493 -0.7760 0.0146 -0.1388 0.4899 0.0000 -0.0001 0.0001 0.0000 0.0000 0.0000 0.0000 -0.0006 0.0003 0.0000 -0.0001 0.0001 0.0000 0.0000 0.0000 0.0000 0.0000 0.0000 0.0000 0.0007 0.0001 0.0000 -0.0012 0.0001 0.0000 -0.0008 0.0003 0.0000 0.0001 0.0000 0.0000 0.0000 0.0000 0.0000 -0.0009 0.0000 0.0000 0.0002 -29.9996 -0.0001 -0.0003 29.9996 0.0000 0.0000 0.0000 -2.6185 -2.8239 178.9172 -2.3233 -9.6501 -1.4829 4.3282 71.9619 13.0533 0.0000 25.3510 0.0000 -2.4709 -11.8763 179.5538 0.1779 -19.2876 -0.1130 35.4798 71.8488 25.3653 0.0000 25.3508 -0.0001 
13.7269 96.3391 -37.4051 12.1612 0.8060 -0.7547 0.1570 0.8524 0.0712 0.1570 0.8525 0.0712 0.1574 0.8550 0.0714 -254.1477 90.0000 0.0000 -52.0658 71.5871 -51.0888 -76.5018 44.6663 39.2372 -0.1255 -2.7983 -2.2080 0.0000 0.0000 0.0001 0.0000 0.0000 0.0000 0.0000 -0.0013 -0.0008 0.0000 -0.0004 0.0001 0.0000 0.0000 0.0000 0.0000 0.0000 0.0000 0.0000 0.0002 0.0000 0.0000 -0.0006 0.0003 0.0000 0.0004 -0.0006 0.0000 0.0000 0.0001 0.0000 0.0000 0.0000 0.0000 -0.0010 -0.0002 0.0000 0.0002 30.0001 -0.0001 0.0005 -29.9998 0.0000 0.0000 0.0000 -2.9059 1.5480 1.4339 -2.9059 1.5480 1.4339 -34.4223 86.8781 74.4767 27.9256 73.8702 35.8045 66.0188 3.3128 -0.5331 0.0122 -0.1516 0.4929 0.0000 -0.0001 0.0001 0.0000 0.0000 0.0000 0.0000 -0.0006 0.0003 0.0000 -0.0001 0.0001 0.0000 0.0000 0.0000 0.0000 0.0000 0.0000 0.0000 0.0007 0.0001 0.0000 -0.0012 0.0001 0.0000 -0.0008 0.0003 0.0000 0.0001 0.0000 0.0000 0.0000 0.0000 0.0000 -0.0008 0.0000 0.0000 0.0002 -29.9996 -0.0001 -0.0003 29.9996 0.0000 0.0000 0.0000 -2.6781 -2.8042 178.9930 -2.3662 -9.7749 -1.3688 4.3461 71.9824 13.1216 0.0000 25.3510 0.0000 -2.1180 -11.4223 179.5117 0.1470 -17.9315 -0.1059 34.8823 71.7635 24.3172 0.0000 25.3508 -0.0001 
13.7501 96.3530 -37.4342 12.0952 0.7107 -0.9298 0.2740 0.8112 0.0338 0.2740 0.8113 0.0338 0.2748 0.8136 0.0339 -254.2015 90.0000 0.0000 -49.4974 70.3067 -47.3270 -68.9118 47.9741 47.8432 -0.2003 -3.6352 -3.0381 0.0000 0.0000 0.0001 0.0000 0.0000 0.0000 0.0000 -0.0013 -0.0008 0.0000 -0.0004 0.0001 0.0000 0.0000 0.0000 0.0000 0.0000 0.0000 0.0000 0.0003 0.0000 0.0000 -0.0006 0.0003 0.0000 0.0004 -0.0006 0.0000 0.0000 0.0001 0.0000 0.0000 0.0000 0.0000 -0.0010 -0.0002 0.0000 0.0002 30.0001 -0.0001 0.0005 -29.9998 0.0000 0.0000 0.0000 -2.9263 1.5999 1.4672 -2.9263 1.5999 1.4672 -35.1658 86.7525 73.6232 30.3249 72.8209 38.3396 68.1985 2.6884 -0.3540 0.0099 -0.1686 0.4962 0.0000 -0.0001 0.0001 0.0000 0.0000 0.0000 0.0000 -0.0006 0.0003 0.0000 -0.0001 0.0001 0.0000 0.0000 0.0000 0.0000 0.0000 0.0000 0.0000 0.0007 0.0001 0.0000 -0.0012 0.0001 0.0000 -0.0008 0.0003 0.0000 0.0001 0.0000 0.0000 0.0000 0.0000 0.0000 -0.0008 0.0000 0.0000 0.0002 -29.9996 -0.0001 -0.0003 29.9996 0.0000 0.0000 0.0000 -2.9492 -2.7508 179.0882 -2.6167 -9.8563 -1.2981 4.3351 72.0247 13.1955 0.0000 25.3510 0.0000 -2.0321 -10.9258 179.4437 0.1097 -16.5403 -0.0987 33.5969 71.3853 22.9153 0.0000 25.3508 -0.0001 
13.7848 96.3585 -37.4495 11.9899 0.6078 -1.0577 0.3770 0.7765 -0.0194 0.3771 0.7766 -0.0194 0.3782 0.7789 -0.0194 -254.2603 90.0000 0.0000 -46.6232 68.7697 -42.9949 -60.1104 50.1366 57.3761 -0.3027 -4.5893 -4.0872 0.0000 0.0000 0.0001 0.0000 0.0000 0.0000 0.0000 -0.0013 -0.0008 0.0000 -0.0004 0.0001 0.0000 0.0000 0.0000 0.0000 0.0000 0.0000 0.0000 0.0002 0.0000 0.0000 -0.0006 0.0003 0.0000 0.0004 -0.0006 0.0000 0.0000 0.0001 0.0000 0.0000 0.0000 0.0000 -0.0010 -0.0002 0.0000 0.0002 30.0001 -0.0001 0.0005 -29.9998 0.0000 0.0000 0.0000 -2.9195 1.6304 1.5055 -2.9195 1.6304 1.5055 -35.6731 86.6081 72.9853 32.6265 71.6879 40.7395 70.4514 2.1298 -0.2270 0.0076 -0.1890 0.4991 0.0000 -0.0001 0.0001 0.0000 0.0000 0.0000 0.0000 -0.0006 0.0003 0.0000 -0.0001 0.0001 0.0000 0.0000 0.0000 0.0000 0.0000 0.0000 0.0000 0.0007 0.0001 0.0000 -0.0012 0.0001 0.0000 -0.0008 0.0003 0.0000 0.0001 0.0000 0.0000 0.0000 0.0000 0.0000 -0.0009 0.0000 0.0000 0.0002 -29.9997 -0.0001 -0.0003 29.9996 0.0000 0.0000 0.0000 -3.4101 -2.6506 179.1548 -3.0965 -9.8645 -1.2314 4.2849 72.0463 13.2199 0.0000 25.3510 0.0000 -2.1927 -10.3803 179.4025 0.0829 -15.2341 -0.0938 31.2904 70.8191 20.8752 0.0000 25.3508 -0.0001 
13.8511 96.3603 -37.4437 11.8466 0.4974 -1.1338 0.4689 0.7471 -0.0902 0.4689 0.7472 -0.0902 0.4703 0.7494 -0.0904 -254.2994 90.0000 0.0000 -43.7817 66.9802 -38.4126 -50.7156 51.0308 67.2784 -0.4394 -5.6091 -5.3616 0.0000 0.0000 0.0001 0.0000 0.0000 0.0000 0.0000 -0.0013 -0.0008 0.0000 -0.0004 0.0001 0.0000 0.0000 0.0000 0.0000 0.0000 0.0000 0.0000 0.0002 0.0000 0.0000 -0.0006 0.0003 0.0000 0.0004 -0.0006 0.0000 0.0000 0.0001 0.0000 0.0000 0.0000 0.0000 -0.0010 -0.0002 0.0000 0.0002 30.0001 -0.0001 0.0005 -29.9998 0.0000 0.0000 0.0000 -2.8912 1.6466 1.5379 -2.8912 1.6466 1.5379 -35.9439 86.4528 72.5729 34.8495 70.4432 43.0164 72.7499 1.6418 -0.1444 0.0057 -0.2126 0.5014 0.0000 -0.0001 0.0001 0.0000 0.0000 0.0000 0.0000 -0.0006 0.0003 0.0000 -0.0001 0.0001 0.0000 0.0000 0.0000 0.0000 0.0000 0.0000 0.0000 0.0007 0.0001 0.0000 -0.0012 0.0001 0.0000 -0.0008 0.0003 0.0000 0.0001 0.0000 0.0000 0.0000 0.0000 0.0000 -0.0009 0.0000 0.0000 0.0002 -29.9996 -0.0001 -0.0003 29.9996 0.0000 0.0000 0.0000 -4.0041 -2.4968 179.1702 -3.7711 -9.7975 -1.1446 4.1813 72.0482 13.1565 0.0000 25.3510 0.0000 -2.4732 -9.8166 179.3871 0.0621 -14.0719 -0.0904 27.8369 70.1799 17.9026 0.0000 25.3508 -0.0001 
13.9481 96.3489 -37.3890 11.6519 0.3735 -1.1334 0.5482 0.7264 -0.1872 0.5482 0.7265 -0.1872 0.5499 0.7286 -0.1878 -254.3098 90.0000 0.0000 -41.9269 65.4160 -35.3925 -41.4535 50.5825 76.6082 -0.7019 -5.6970 -6.1143 0.0000 0.0000 0.0001 0.0000 0.0000 0.0000 0.0000 -0.0013 -0.0008 0.0000 -0.0004 0.0001 0.0000 0.0000 0.0000 0.0000 0.0000 0.0000 0.0000 0.0002 -0.0001 0.0000 -0.0006 0.0003 0.0000 0.0004 -0.0006 0.0000 0.0000 0.0001 0.0000 0.0000 0.0000 0.0000 -0.0010 -0.0002 0.0000 0.0002 30.0001 -0.0001 0.0005 -29.9998 0.0000 0.0000 0.0000 -2.8424 1.6465 1.5560 -2.8424 1.6465 1.5560 -35.8323 86.2820 72.5365 37.1437 69.1126 45.3068 75.1378 1.3119 -0.1854 0.0040 -0.2413 0.5013 0.0000 -0.0001 0.0001 0.0000 0.0000 0.0000 0.0000 -0.0006 0.0003 0.0000 -0.0001 0.0001 0.0000 0.0000 0.0000 0.0000 0.0000 0.0000 0.0000 0.0007 0.0001 0.0000 -0.0012 0.0001 0.0000 -0.0008 0.0003 0.0000 0.0001 0.0000 0.0000 0.0000 0.0000 0.0000 -0.0009 0.0000 0.0000 0.0002 -29.9996 -0.0001 -0.0003 29.9996 0.0000 0.0000 0.0000 -4.6993 -2.2526 179.0951 -4.6504 -9.6174 -1.0227 4.0051 72.0310 12.9540 0.0000 25.3510 0.0000 -2.7907 -9.2569 179.3880 0.0491 -13.1896 -0.0884 24.2186 69.6554 14.8415 0.0000 25.3508 -0.0001 
14.0337 96.3317 -37.2880 11.4309 0.2444 -1.0832 0.6136 0.7084 -0.2989 0.6137 0.7085 -0.2989 0.6155 0.7106 -0.2997 -254.3159 90.0000 0.0000 -40.2385 63.7134 -32.4112 -32.8981 49.1235 84.7524 -1.0209 -5.6348 -6.8343 0.0000 0.0000 0.0001 0.0000 0.0000 0.0000 0.0000 -0.0013 -0.0008 0.0000 -0.0004 0.0001 0.0000 0.0000 0.0000 0.0000 0.0000 0.0000 0.0000 0.0002 0.0000 0.0000 -0.0006 0.0003 0.0000 0.0004 -0.0006 0.0000 0.0000 0.0001 0.0000 0.0000 0.0000 0.0000 -0.0010 -0.0002 0.0000 0.0002 30.0001 -0.0001 0.0005 -29.9998 0.0000 0.0000 0.0000 -2.7812 1.6435 1.5653 -2.7812 1.6435 1.5653 -35.5536 86.0945 72.6733 39.3978 67.7145 47.5243 77.5172 1.1600 -0.3354 0.0029 -0.2736 0.4992 0.0000 -0.0001 0.0001 0.0000 0.0000 0.0000 0.0000 -0.0006 0.0003 0.0000 -0.0001 0.0001 0.0000 0.0000 0.0000 0.0000 0.0000 0.0000 0.0000 0.0007 0.0001 0.0000 -0.0012 0.0001 0.0000 -0.0008 0.0003 0.0000 0.0001 0.0000 0.0000 0.0000 0.0000 0.0000 -0.0009 0.0000 0.0000 0.0002 -29.9996 -0.0001 -0.0003 29.9996 0.0000 0.0000 0.0000 -5.3691 -1.9437 178.9487 -5.5855 -9.3425 -0.8841 3.8159 71.9951 12.6808 0.0000 25.3511 0.0000 -3.1547 -8.7152 179.3978 0.0424 -12.4941 -0.0874 21.0301 69.2271 12.2080 0.0000 25.3508 -0.0001 
14.1065 96.3088 -37.1565 11.1984 0.1211 -1.0020 0.6651 0.6889 -0.4158 0.6652 0.6890 -0.4159 0.6671 0.6910 -0.4171 -254.3035 90.0000 0.0000 -38.6037 61.9288 -29.3078 -25.3205 47.0010 91.5036 -1.3862 -5.4854 -7.5440 0.0000 0.0000 0.0001 0.0000 0.0000 0.0000 0.0000 -0.0013 -0.0008 0.0000 -0.0004 0.0001 0.0000 0.0000 0.0000 0.0000 0.0000 0.0000 0.0000 0.0002 0.0000 0.0000 -0.0006 0.0003 0.0000 0.0004 -0.0006 0.0000 0.0000 0.0001 0.0000 0.0000 0.0000 0.0000 -0.0010 -0.0002 0.0000 0.0002 30.0001 -0.0002 0.0005 -29.9998 0.0000 0.0000 0.0000 -2.7127 1.6467 1.5701 -2.7127 1.6467 1.5701 -35.1767 85.8874 72.9285 41.5124 66.2507 49.5814 79.7168 1.1992 -0.5383 0.0022 -0.3079 0.4960 0.0000 -0.0001 0.0001 0.0000 0.0000 0.0000 0.0000 -0.0006 0.0003 0.0000 -0.0001 0.0001 0.0000 0.0000 0.0000 0.0000 0.0000 0.0000 0.0000 0.0007 0.0001 0.0000 -0.0012 0.0001 0.0000 -0.0008 0.0003 0.0000 0.0001 0.0000 0.0000 0.0000 0.0000 0.0000 -0.0009 0.0000 0.0000 0.0002 -29.9996 -0.0001 -0.0003 29.9996 0.0000 0.0000 0.0000 -5.9481 -1.5945 178.7490 -6.4832 -8.9949 -0.7354 3.6326 71.9448 12.3751 0.0000 25.3510 0.0000 -3.5498 -8.1887 179.3901 0.0361 -11.8519 -0.0865 18.0391 68.7890 9.7544 0.0000 25.3508 -0.0001 
14.1877 96.2908 -37.0069 10.9625 0.0093 -0.9308 0.6955 0.6646 -0.5186 0.6956 0.6647 -0.5186 0.6976 0.6667 -0.5201 -254.2664 90.0000 0.0000 -36.7029 60.0902 -25.7573 -18.7503 44.6161 96.6739 -1.8013 -5.2430 -8.2131 0.0000 0.0000 0.0001 0.0000 0.0000 0.0000 0.0000 -0.0013 -0.0008 0.0000 -0.0004 0.0001 0.0000 0.0000 0.0000 0.0000 0.0000 0.0000 0.0000 0.0002 0.0000 0.0000 -0.0006 0.0003 0.0000 0.0004 -0.0006 0.0000 0.0000 0.0001 0.0000 0.0000 0.0000 0.0000 -0.0010 -0.0002 0.0000 0.0002 30.0001 -0.0001 0.0005 -29.9998 0.0000 0.0000 0.0000 -2.6365 1.6730 1.5641 -2.6365 1.6730 1.5641 -34.5379 85.6503 73.4864 43.4336 64.7518 51.4159 81.7887 1.5238 -0.8423 0.0023 -0.3454 0.4922 0.0000 -0.0001 0.0001 0.0000 0.0000 0.0000 0.0000 -0.0006 0.0003 0.0000 -0.0001 0.0001 0.0000 0.0000 0.0000 0.0000 0.0000 0.0000 0.0000 0.0007 0.0001 0.0000 -0.0012 0.0001 0.0000 -0.0008 0.0003 0.0000 0.0001 0.0000 0.0000 0.0000 0.0000 0.0000 -0.0009 0.0000 0.0000 0.0002 -29.9997 -0.0001 -0.0003 29.9996 0.0000 0.0000 0.0000 -6.3355 -1.2178 178.5239 -7.2301 -8.6013 -0.5660 3.4831 71.8926 12.0839 0.0000 25.3510 0.0000 -3.9352 -7.6894 179.3786 0.0285 -11.1513 -0.0855 15.5071 68.3340 7.6418 0.0000 25.3508 -0.0001 
14.2865 96.2795 -36.8696 10.7273 -0.0828 -0.9050 0.7118 0.6295 -0.5955 0.7118 0.6297 -0.5955 0.7139 0.6315 -0.5973 -254.2190 90.0000 0.0000 -34.8490 58.3433 -22.2227 -12.8076 42.2435 100.7506 -2.2427 -4.9362 -8.8004 0.0000 0.0000 0.0001 0.0000 0.0000 0.0000 0.0000 -0.0013 -0.0008 0.0000 -0.0004 0.0001 0.0000 0.0000 0.0000 0.0000 0.0000 0.0000 0.0000 0.0002 0.0000 0.0000 -0.0006 0.0003 0.0000 0.0004 -0.0006 0.0000 0.0000 0.0001 0.0000 0.0000 0.0000 0.0000 -0.0010 -0.0002 0.0000 0.0002 30.0001 -0.0002 0.0005 -29.9998 0.0000 0.0000 0.0000 -2.5578 1.7215 1.5472 -2.5578 1.7215 1.5472 -33.8918 85.4139 74.1125 45.0677 63.2860 52.9504 83.8021 2.1444 -1.2175 0.0032 -0.3860 0.4887 0.0000 -0.0001 0.0001 0.0000 0.0000 0.0000 0.0000 -0.0006 0.0003 0.0000 -0.0001 0.0001 0.0000 0.0000 0.0000 0.0000 0.0000 0.0000 0.0000 0.0007 0.0001 0.0000 -0.0012 0.0001 0.0000 -0.0008 0.0003 0.0000 0.0001 0.0000 0.0000 0.0000 0.0000 0.0000 -0.0008 0.0000 0.0000 0.0002 -29.9996 -0.0001 -0.0003 29.9996 0.0000 0.0000 0.0000 -6.5690 -0.8769 178.3250 -7.8203 -8.2457 -0.3865 3.3842 71.8581 11.8714 0.0000 25.3510 0.0000 -4.2337 -7.2301 179.3746 0.0167 -10.3506 -0.0842 14.1642 67.8855 6.5749 0.0000 25.3508 -0.0001 
14.3895 96.2764 -36.7563 10.4925 -0.1556 -0.9218 0.7162 0.5847 -0.6480 0.7163 0.5848 -0.6481 0.7184 0.5865 -0.6500 -254.1679 90.0000 0.0000 -32.9747 56.6560 -18.7156 -7.3476 40.0672 103.9211 -2.7182 -4.5571 -9.2789 0.0000 0.0000 0.0001 0.0000 0.0000 0.0000 0.0000 -0.0013 -0.0008 0.0000 -0.0004 0.0001 0.0000 0.0000 0.0000 0.0000 0.0000 0.0000 0.0000 0.0002 -0.0001 0.0000 -0.0006 0.0003 0.0000 0.0004 -0.0006 0.0000 0.0000 0.0001 0.0000 0.0000 0.0000 0.0000 -0.0010 -0.0002 0.0000 0.0002 30.0001 -0.0001 0.0005 -29.9998 0.0000 0.0000 0.0000 -2.4790 1.7815 1.5262 -2.4790 1.7815 1.5262 -33.3353 85.1851 74.7073 46.4559 61.8684 54.2273 85.7910 3.0738 -1.6307 0.0048 -0.4299 0.4853 0.0000 -0.0001 0.0001 0.0000 0.0000 0.0000 0.0000 -0.0006 0.0003 0.0000 -0.0001 0.0001 0.0000 0.0000 0.0000 0.0000 0.0000 0.0000 0.0000 0.0007 0.0001 0.0000 -0.0012 0.0001 0.0000 -0.0008 0.0003 0.0000 0.0001 0.0000 0.0000 0.0000 0.0000 0.0000 -0.0009 0.0000 0.0000 0.0002 -29.9997 -0.0001 -0.0003 29.9996 0.0000 0.0000 0.0000 -6.6694 -0.5870 178.1664 -8.2634 -7.9466 -0.2101 3.3395 71.8359 11.7532 0.0000 25.3511 0.0000 -4.4296 -6.7976 179.4071 0.0076 -9.5017 -0.0833 13.6465 67.3941 6.2390 0.0000 25.3508 -0.0001 
14.4477 96.2813 -36.6885 10.2532 -0.2025 -0.9883 0.7018 0.5312 -0.6665 0.7019 0.5313 -0.6666 0.7039 0.5329 -0.6685 -254.0467 90.0000 0.0000 -30.6689 55.0370 -14.9181 -2.4626 38.5042 105.9692 -3.2374 -4.0934 -9.5788 0.0000 0.0000 0.0001 0.0000 0.0000 0.0000 0.0000 -0.0013 -0.0008 0.0000 -0.0004 0.0001 0.0000 0.0000 0.0000 0.0000 0.0000 0.0000 0.0000 0.0002 0.0000 0.0000 -0.0006 0.0003 0.0000 0.0004 -0.0006 0.0000 0.0000 0.0001 0.0000 0.0000 0.0000 0.0000 -0.0010 -0.0002 0.0000 0.0002 30.0001 -0.0001 0.0005 -29.9998 0.0000 0.0000 0.0000 -2.3909 1.8480 1.5016 -2.3909 1.8480 1.5016 -33.0535 84.9626 75.0898 47.6738 60.5527 55.2953 87.7443 4.4916 -2.1264 0.0076 -0.4810 0.4849 0.0000 -0.0001 0.0001 0.0000 0.0000 0.0000 0.0000 -0.0006 0.0003 0.0000 -0.0001 0.0001 0.0000 0.0000 0.0000 0.0000 0.0000 0.0000 0.0000 0.0007 0.0001 0.0000 -0.0012 0.0001 0.0000 -0.0008 0.0003 0.0000 0.0001 0.0000 0.0000 0.0000 0.0000 0.0000 -0.0009 0.0000 0.0000 0.0002 -29.9996 -0.0001 -0.0003 29.9996 0.0000 0.0000 0.0000 -6.5953 -0.3812 178.0660 -8.4950 -7.7545 -0.0405 3.3589 71.8354 11.7771 0.0000 25.3510 0.0000 -4.4195 -6.3897 179.4925 0.0044 -8.6545 -0.0830 13.2411 66.8278 5.9159 0.0000 25.3508 -0.0001 
14.4654 96.2849 -36.6425 9.9993 -0.2326 -1.0799 0.6699 0.4749 -0.6613 0.6699 0.4750 -0.6614 0.6719 0.4764 -0.6633 56.7856 87.2357 -47.0166 -27.9507 53.5540 -10.8925 1.9347 37.5422 107.0841 -3.7424 -3.5886 -9.6976 0.0000 0.0000 0.0001 0.0000 0.0000 0.0000 0.0000 -0.0013 -0.0008 0.0000 -0.0004 0.0001 0.0000 0.0000 0.0000 0.0000 0.0000 0.0000 0.0000 0.0002 0.0000 0.0000 -0.0006 0.0003 0.0000 0.0004 -0.0006 0.0000 0.0000 0.0001 0.0000 0.0000 0.0000 0.0000 -0.0010 -0.0002 0.0000 0.0002 30.0001 -0.0001 0.0005 -29.9998 0.0000 0.0000 0.0000 -2.2914 1.9040 1.4656 -2.2914 1.9040 1.4656 -32.9502 84.7573 75.3086 48.7862 59.3561 56.2090 89.6654 6.3550 -2.7008 0.0114 -0.5409 0.4885 0.0000 -0.0001 0.0001 0.0000 0.0000 0.0000 0.0000 -0.0006 0.0003 0.0000 -0.0001 0.0001 0.0000 0.0000 0.0000 0.0000 0.0000 0.0000 0.0000 0.0007 0.0001 0.0000 -0.0012 0.0001 0.0000 -0.0008 0.0003 0.0000 0.0001 0.0000 0.0000 0.0000 0.0000 0.0000 -0.0009 0.0000 0.0000 0.0002 -29.9996 -0.0001 -0.0003 29.9996 0.0000 0.0000 0.0000 -6.4171 -0.2471 178.0207 -8.5778 -7.6733 0.1066 3.3795 71.8656 11.8737 0.0000 25.3510 0.0000 -4.2061 -5.9928 179.5887 0.0017 -7.8596 -0.0828 13.0292 66.3293 5.6660 0.0000 25.3508 -0.0001 
14.4549 96.2858 -36.5992 9.7238 -0.2496 -1.1777 0.6248 0.4147 -0.6404 0.6248 0.4148 -0.6405 0.6267 0.4160 -0.6423 59.1137 86.7513 -44.4564 -24.7131 52.1778 -6.5935 5.8950 37.1849 107.4259 -4.2100 -3.0555 -9.6408 0.0000 0.0000 0.0001 0.0000 0.0000 0.0000 0.0000 -0.0013 -0.0008 0.0000 -0.0004 0.0001 0.0000 0.0000 0.0000 0.0000 0.0000 0.0000 0.0000 0.0002 0.0000 0.0000 -0.0006 0.0003 0.0000 0.0004 -0.0006 0.0000 0.0000 0.0001 0.0000 0.0000 0.0000 0.0000 -0.0010 -0.0002 0.0000 0.0002 30.0001 -0.0001 0.0005 -29.9998 0.0000 0.0000 0.0000 -2.1843 1.9474 1.4205 -2.1843 1.9474 1.4205 -33.0594 84.5834 75.3272 49.8024 58.2868 56.9695 91.5449 8.6452 -3.3257 0.0164 -0.6129 0.4982 0.0000 -0.0001 0.0001 0.0000 0.0000 0.0000 0.0000 -0.0006 0.0003 0.0000 -0.0001 0.0001 0.0000 0.0000 0.0000 0.0000 0.0000 0.0000 0.0000 0.0007 0.0001 0.0000 -0.0012 0.0001 0.0000 -0.0008 0.0003 0.0000 0.0001 0.0000 0.0000 0.0000 0.0000 0.0000 -0.0009 0.0000 0.0000 0.0002 -29.9996 -0.0001 -0.0003 29.9996 0.0000 0.0000 0.0000 -6.1668 -0.1750 178.0270 -8.5640 -7.6898 0.2158 3.3892 71.9234 12.0027 0.0000 25.3510 0.0000 -3.8355 -5.6225 179.6723 -0.0026 -7.1093 -0.0826 12.9595 65.8755 5.4533 0.0000 25.3508 -0.0001 
14.4273 96.2814 -36.5524 9.4072 -0.2571 -1.2623 0.5640 0.3517 -0.6036 0.5640 0.3518 -0.6036 0.5657 0.3528 -0.6054 61.0800 86.2347 -42.2850 -20.2701 50.8799 -1.5246 8.8515 37.7930 106.5663 -4.5968 -2.5179 -9.3924 0.0000 0.0000 0.0001 0.0000 0.0000 0.0000 0.0000 -0.0013 -0.0008 0.0000 -0.0004 0.0001 0.0000 0.0000 0.0000 0.0000 0.0000 0.0000 0.0000 0.0002 0.0000 0.0000 -0.0006 0.0003 0.0000 0.0004 -0.0006 0.0000 0.0000 0.0001 0.0000 0.0000 0.0000 0.0000 -0.0010 -0.0002 0.0000 0.0002 30.0001 -0.0001 0.0005 -29.9998 0.0000 0.0000 0.0000 -2.0694 1.9679 1.3632 -2.0694 1.9679 1.3632 -33.3862 84.4636 75.1394 50.6994 57.4067 57.4933 93.2214 11.5184 -4.0872 0.0232 -0.7049 0.5214 0.0000 -0.0001 0.0001 0.0000 0.0000 0.0000 0.0000 -0.0006 0.0003 0.0000 -0.0001 0.0001 0.0000 0.0000 0.0000 0.0000 0.0000 0.0000 0.0000 0.0007 0.0001 0.0000 -0.0012 0.0001 0.0000 -0.0008 0.0003 0.0000 0.0001 0.0000 0.0000 0.0000 0.0000 0.0000 -0.0009 0.0000 0.0000 0.0002 -29.9997 -0.0001 -0.0003 29.9996 0.0000 0.0000 0.0000 -5.8518 -0.1590 178.0959 -8.4801 -7.8134 0.2522 3.3836 72.0203 12.1441 0.0000 25.3510 0.0000 -3.3935 -5.3244 179.7328 -0.0069 -6.4367 -0.0823 12.8617 65.4572 5.1985 0.0000 25.3508 -0.0001 
14.4085 96.2745 -36.4917 9.0544 -0.2689 -1.3373 0.4897 0.2925 -0.5521 0.4897 0.2926 -0.5521 0.4911 0.2934 -0.5537 62.0894 85.7158 -41.1121 -14.7305 49.3754 4.1856 10.6356 39.1722 104.7448 -4.8950 -1.9773 -9.0172 0.0000 0.0000 0.0001 0.0000 0.0000 0.0000 0.0000 -0.0013 -0.0008 0.0000 -0.0004 0.0001 0.0000 0.0000 0.0000 0.0000 0.0000 0.0000 0.0000 0.0002 0.0000 0.0000 -0.0006 0.0003 0.0000 0.0004 -0.0006 0.0000 0.0000 0.0001 0.0000 0.0000 0.0000 0.0000 -0.0010 -0.0002 0.0000 0.0002 30.0001 -0.0001 0.0005 -29.9998 0.0000 0.0000 0.0000 -1.9450 1.9732 1.2861 -1.9450 1.9732 1.2861 -33.7226 84.3744 74.9366 51.4386 56.6737 57.7279 94.5162 14.8116 -4.9632 0.0323 -0.8224 0.5625 0.0000 -0.0001 0.0001 0.0000 0.0000 0.0000 0.0000 -0.0006 0.0003 0.0000 -0.0001 0.0001 0.0000 0.0000 0.0000 0.0000 0.0000 0.0000 0.0000 0.0007 0.0001 0.0000 -0.0012 0.0001 0.0000 -0.0008 0.0003 0.0000 0.0001 0.0000 0.0000 0.0000 0.0000 0.0000 -0.0008 0.0000 0.0000 0.0002 -29.9997 -0.0001 -0.0003 29.9996 0.0000 0.0000 0.0000 -5.5300 -0.1360 178.1874 -8.4078 -7.9587 0.2448 3.3808 72.1384 12.2892 0.0000 25.3510 0.0000 -3.0439 -5.0618 179.7995 -0.0085 -5.8450 -0.0823 12.6041 65.1007 4.8971 0.0000 25.3508 -0.0001 
14.4037 96.2687 -36.4003 8.6640 -0.2866 -1.4111 0.4039 0.2388 -0.4847 0.4039 0.2388 -0.4847 0.4051 0.2395 -0.4862 62.2312 85.2060 -40.8450 -8.6002 47.6267 10.0081 11.4593 40.9578 102.2418 -5.0968 -1.4262 -8.5711 0.0000 0.0000 0.0001 0.0000 0.0000 0.0000 0.0000 -0.0013 -0.0008 0.0000 -0.0004 0.0001 0.0000 0.0000 0.0000 0.0000 0.0000 0.0000 0.0000 0.0002 0.0000 0.0000 -0.0006 0.0003 0.0000 0.0004 -0.0006 0.0000 0.0000 0.0001 0.0000 0.0000 0.0000 0.0000 -0.0010 -0.0002 0.0000 0.0002 30.0001 -0.0002 0.0005 -29.9998 0.0000 0.0000 0.0000 -1.8101 1.9677 1.1812 -1.8101 1.9677 1.1812 -34.0007 84.3119 74.7903 51.9745 56.0878 57.6357 95.3896 18.4511 -5.9463 0.0448 -0.9747 0.6260 0.0000 -0.0001 0.0001 0.0000 0.0000 0.0000 0.0000 -0.0006 0.0003 0.0000 -0.0001 0.0001 0.0000 0.0000 0.0000 0.0000 0.0000 0.0000 0.0000 0.0007 0.0001 0.0000 -0.0012 0.0001 0.0000 -0.0008 0.0003 0.0000 0.0001 0.0000 0.0000 0.0000 0.0000 0.0000 -0.0009 0.0000 0.0000 0.0002 -29.9996 -0.0001 -0.0003 29.9996 0.0000 0.0000 0.0000 -5.2379 -0.0972 178.2893 -8.3963 -8.1020 0.2155 3.3782 72.2674 12.4276 0.0000 25.3510 0.0000 -2.7739 -4.8068 179.8782 -0.0091 -5.3350 -0.0823 12.2372 64.8252 4.5842 0.0000 25.3508 -0.0001 
14.4249 96.2689 -36.2804 8.2027 -0.3142 -1.4840 0.3070 0.1945 -0.3954 0.3070 0.1946 -0.3954 0.3079 0.1952 -0.3966 61.6173 84.7362 -41.3739 -2.1612 45.6502 15.5385 10.8123 42.8011 98.9120 -5.1904 -0.8675 -8.1175 0.0000 0.0000 0.0001 0.0000 0.0000 0.0000 0.0000 -0.0013 -0.0008 0.0000 -0.0004 0.0001 0.0000 0.0000 0.0000 0.0000 0.0000 0.0000 0.0000 0.0002 0.0000 0.0000 -0.0006 0.0003 0.0000 0.0004 -0.0006 0.0000 0.0000 0.0001 0.0000 0.0000 0.0000 0.0000 -0.0010 -0.0002 0.0000 0.0002 30.0001 -0.0001 0.0005 -29.9998 0.0000 0.0000 0.0000 -1.6585 1.9501 1.0339 -1.6585 1.9501 1.0339 -34.1373 84.2879 74.7991 52.1420 55.7375 57.0002 95.6031 22.5278 -7.1879 0.0634 -1.1800 0.7284 0.0000 -0.0001 0.0001 0.0000 0.0000 0.0000 0.0000 -0.0006 0.0003 0.0000 -0.0001 0.0001 0.0000 0.0000 0.0000 0.0000 0.0000 0.0000 0.0000 0.0007 0.0001 0.0000 -0.0012 0.0001 0.0000 -0.0008 0.0003 0.0000 0.0001 0.0000 0.0000 0.0000 0.0000 0.0000 -0.0009 0.0000 0.0000 0.0002 -29.9996 -0.0001 -0.0003 29.9996 0.0000 0.0000 0.0000 -5.0150 -0.0355 178.3941 -8.5372 -8.2311 0.1810 3.3620 72.4076 12.5196 0.0000 25.3510 0.0000 -2.5960 -4.5399 179.9609 -0.0116 -4.9035 -0.0822 11.7791 64.6432 4.3108 0.0000 25.3508 -0.0001 
14.4399 96.2686 -36.1777 7.6682 -0.3493 -1.5500 0.2023 0.1580 -0.2908 0.2023 0.1581 -0.2908 0.2029 0.1585 -0.2917 60.9811 84.3060 -41.9371 3.6956 43.5616 20.0992 9.5207 44.2298 95.0372 -5.2080 -0.2623 -7.6708 0.0000 0.0000 0.0001 0.0000 0.0000 0.0000 0.0000 -0.0013 -0.0008 0.0000 -0.0004 0.0001 0.0000 0.0000 0.0000 0.0000 0.0000 0.0000 0.0000 0.0002 0.0000 0.0000 -0.0006 0.0003 0.0000 0.0004 -0.0006 0.0000 0.0000 0.0001 0.0000 0.0000 0.0000 0.0000 -0.0010 -0.0002 0.0000 0.0002 30.0001 -0.0001 0.0005 -29.9998 0.0000 0.0000 0.0000 -1.4784 1.9269 0.8549 -1.4784 1.9269 0.8549 -34.2218 84.2855 74.8602 51.9777 55.5379 55.8870 95.1846 26.9089 -8.6591 0.0908 -1.4532 0.8762 0.0000 -0.0001 0.0001 0.0000 0.0000 0.0000 0.0000 -0.0006 0.0003 0.0000 -0.0001 0.0001 0.0000 0.0000 0.0000 0.0000 0.0000 0.0000 0.0000 0.0007 0.0001 0.0000 -0.0012 0.0001 0.0000 -0.0008 0.0003 0.0000 0.0001 0.0000 0.0000 0.0000 0.0000 0.0000 -0.0009 0.0000 0.0000 0.0002 -29.9996 -0.0001 -0.0003 29.9996 0.0000 0.0000 0.0000 -4.8495 0.0417 178.4813 -8.8317 -8.3354 0.1633 3.3229 72.5507 12.5475 0.0000 25.3510 0.0000 -2.4399 -4.3309 -179.9579 -0.0145 -4.5629 -0.0821 11.2734 64.4969 4.0728 0.0000 25.3508 -0.0001 
14.4348 96.2661 -36.1187 7.0639 -0.3885 -1.6059 0.0918 0.1272 -0.1738 0.0918 0.1273 -0.1738 0.0921 0.1277 -0.1743 60.2845 83.9212 -42.5784 8.7344 41.4730 23.5986 8.0105 45.1864 90.7228 -5.1696 0.3854 -7.2279 0.0000 0.0000 0.0001 0.0000 0.0000 0.0000 0.0000 -0.0013 -0.0008 0.0000 -0.0004 0.0001 0.0000 0.0000 0.0000 0.0000 0.0000 0.0000 0.0000 0.0002 -0.0001 0.0000 -0.0006 0.0003 0.0000 0.0004 -0.0006 0.0000 0.0000 0.0001 0.0000 0.0000 0.0000 0.0000 -0.0010 -0.0002 0.0000 0.0002 30.0001 -0.0001 0.0005 -29.9998 0.0000 0.0000 0.0000 -1.2703 1.8991 0.6506 -1.2703 1.8991 0.6506 -34.3386 84.2961 74.8771 51.4904 55.4184 54.3093 94.1046 31.5137 -10.4092 0.1333 -1.8228 1.0939 0.0000 -0.0001 0.0001 0.0000 0.0000 0.0000 0.0000 -0.0006 0.0003 0.0000 -0.0001 0.0001 0.0000 0.0000 0.0000 0.0000 0.0000 0.0000 0.0000 0.0007 0.0001 0.0000 -0.0012 0.0001 0.0000 -0.0008 0.0003 0.0000 0.0001 0.0000 0.0000 0.0000 0.0000 0.0000 -0.0009 0.0000 0.0000 0.0002 -29.9996 -0.0001 -0.0003 29.9996 0.0000 0.0000 0.0000 -4.7221 0.1321 178.5451 -9.2414 -8.4053 0.1579 3.2562 72.6891 12.5240 0.0000 25.3510 0.0000 -2.2555 -4.2266 -179.8755 -0.0164 -4.3644 -0.0821 10.7509 64.3937 3.8581 0.0000 25.3508 -0.0001 
14.4298 96.2540 -36.1208 6.3555 -0.4243 -1.6413 -0.0239 0.1018 -0.0437 -0.0239 0.1018 -0.0437 -0.0240 0.1021 -0.0438 59.5383 83.6167 -43.2953 12.4685 39.6781 25.6811 6.6282 45.3879 85.9091 -5.0931 1.0991 -6.7980 0.0000 0.0000 0.0001 0.0000 0.0000 0.0000 0.0000 -0.0013 -0.0008 0.0000 -0.0004 0.0001 0.0000 0.0000 0.0000 0.0000 0.0000 0.0000 0.0000 0.0002 0.0000 0.0000 -0.0006 0.0003 0.0000 0.0004 -0.0006 0.0000 0.0000 0.0001 0.0000 0.0000 0.0000 0.0000 -0.0010 -0.0002 0.0000 0.0002 30.0001 -0.0001 0.0005 -29.9998 0.0000 0.0000 0.0000 -1.0214 1.8690 0.4182 -1.0214 1.8690 0.4182 -34.5855 84.3143 74.7317 50.5057 55.3959 52.0999 92.0443 36.3102 -12.6689 0.2009 -2.3087 1.4157 0.0000 -0.0001 0.0001 0.0000 0.0000 0.0000 0.0000 -0.0006 0.0003 0.0000 -0.0001 0.0001 0.0000 0.0000 0.0000 0.0000 0.0000 0.0000 0.0000 0.0007 0.0001 0.0000 -0.0012 0.0001 0.0000 -0.0008 0.0003 0.0000 0.0001 0.0000 0.0000 0.0000 0.0000 0.0000 -0.0009 0.0000 0.0000 0.0002 -29.9997 -0.0001 -0.0003 29.9996 0.0000 0.0000 0.0000 -4.6040 0.2438 178.5721 -9.7450 -8.4095 0.1573 3.1341 72.8131 12.4367 0.0000 25.3510 0.0000 -1.9384 -4.3196 -179.8170 -0.0177 -4.4507 -0.0820 10.3414 64.3901 3.7370 0.0000 25.3507 -0.0001 
14.4729 96.2349 -36.1596 5.5710 -0.4534 -1.6510 -0.1393 0.0793 0.0885 -0.1393 0.0793 0.0885 -0.1397 0.0796 0.0888 59.0899 83.3823 -43.7109 15.2649 38.2053 26.8788 5.6069 45.1072 80.9083 -4.9618 1.8072 -6.3501 0.0000 0.0000 0.0001 0.0000 0.0000 0.0000 0.0000 -0.0013 -0.0008 0.0000 -0.0004 0.0001 0.0000 0.0000 0.0000 0.0000 0.0000 0.0000 0.0000 0.0003 -0.0001 0.0000 -0.0006 0.0003 0.0000 0.0004 -0.0006 0.0000 0.0000 0.0001 0.0000 0.0000 0.0000 0.0000 -0.0010 -0.0002 0.0000 0.0002 30.0001 -0.0001 0.0005 -29.9998 0.0000 0.0000 0.0000 -0.7473 1.8409 0.1741 -0.7473 1.8409 0.1741 -34.9650 84.3280 74.3836 49.1765 55.3797 49.4902 89.0078 41.1227 -15.6011 0.2960 -2.8942 1.8336 0.0000 -0.0001 0.0001 0.0000 0.0000 0.0000 0.0000 -0.0006 0.0003 0.0000 -0.0001 0.0001 0.0000 0.0000 0.0000 0.0000 0.0000 0.0000 0.0000 0.0007 0.0001 0.0000 -0.0012 0.0001 0.0000 -0.0008 0.0003 0.0000 0.0001 0.0000 0.0000 0.0000 0.0000 0.0000 -0.0008 0.0000 0.0000 0.0002 -29.9997 -0.0001 -0.0003 29.9996 0.0000 0.0000 0.0000 -4.4556 0.3678 178.5617 -10.2649 -8.3674 0.1574 2.9605 72.9291 12.3040 0.0000 25.3510 0.0000 -1.5213 -4.5466 -179.8167 -0.0210 -4.7304 -0.0819 10.0846 64.4533 3.7592 0.0000 25.3508 -0.0001 
14.5676 96.2130 -36.2183 4.7275 -0.4752 -1.6420 -0.2523 0.0587 0.2213 -0.2523 0.0588 0.2213 -0.2530 0.0590 0.2219 58.8516 83.2000 -43.9010 17.5061 36.9757 27.5593 4.9260 44.4691 75.7544 -4.7797 2.5007 -5.8703 0.0000 0.0000 0.0001 0.0000 0.0000 0.0000 0.0000 -0.0013 -0.0008 0.0000 -0.0004 0.0001 0.0000 0.0000 0.0000 0.0000 0.0000 0.0000 0.0000 0.0003 -0.0001 0.0000 -0.0006 0.0003 0.0000 0.0004 -0.0006 0.0000 0.0000 0.0001 0.0000 0.0000 0.0000 0.0000 -0.0010 -0.0002 0.0000 0.0002 30.0001 -0.0001 0.0005 -29.9998 0.0000 0.0000 0.0000 -0.4579 1.8139 -0.0756 -0.4579 1.8139 -0.0756 -35.3626 84.3346 73.9720 47.5524 55.3065 46.5135 84.8623 45.8050 -19.3941 0.4255 -3.5732 2.3622 0.0000 -0.0001 0.0001 0.0000 0.0000 0.0000 0.0000 -0.0006 0.0003 0.0000 -0.0001 0.0001 0.0000 0.0000 0.0000 0.0000 0.0000 0.0000 0.0000 0.0007 0.0001 0.0000 -0.0012 0.0001 0.0000 -0.0008 0.0003 0.0000 0.0001 0.0000 0.0000 0.0000 0.0000 0.0000 -0.0009 0.0000 0.0000 0.0002 -29.9996 -0.0001 -0.0003 29.9996 0.0000 0.0000 0.0000 -4.2887 0.4987 178.5265 -10.8020 -8.2888 0.1509 2.7555 73.0354 12.1472 0.0000 25.3510 0.0000 -1.0482 -4.8640 -179.8694 -0.0267 -5.1406 -0.0815 9.9515 64.5608 3.9198 0.0000 25.3508 -0.0001 
14.7004 96.1885 -36.2817 3.8128 -0.4846 -1.6192 -0.3574 0.0426 0.3573 -0.3574 0.0426 0.3573 -0.3585 0.0428 0.3584 58.4775 83.0803 -44.2066 19.6416 36.0249 27.9472 4.4914 43.4102 70.2798 -4.3932 3.0786 -5.1893 0.0000 0.0000 0.0001 0.0000 0.0000 0.0000 0.0000 -0.0013 -0.0008 0.0000 -0.0004 0.0001 0.0000 0.0000 0.0000 0.0000 0.0000 0.0000 0.0000 0.0002 0.0000 0.0000 -0.0006 0.0003 0.0000 0.0004 -0.0006 0.0000 0.0000 0.0001 0.0000 0.0000 0.0000 0.0000 -0.0010 -0.0002 0.0000 0.0002 30.0001 -0.0001 0.0005 -29.9998 0.0000 0.0000 0.0000 -0.1605 1.7829 -0.3314 -0.1605 1.7829 -0.3314 -35.7286 84.3364 73.5726 45.5493 55.1318 43.0447 79.1735 50.1407 -24.4016 0.6020 -4.3254 3.0367 0.0000 -0.0001 0.0001 0.0000 0.0000 0.0000 0.0000 -0.0006 0.0003 0.0000 -0.0001 0.0001 0.0000 0.0000 0.0000 0.0000 0.0000 0.0000 0.0000 0.0007 0.0001 0.0000 -0.0011 0.0001 0.0000 -0.0008 0.0003 0.0000 0.0001 0.0000 0.0000 0.0000 0.0000 0.0000 -0.0008 0.0000 0.0000 0.0002 -29.9996 -0.0001 -0.0003 29.9996 0.0000 0.0000 0.0000 -4.0946 0.6419 178.4637 -11.3690 -8.1529 0.1394 2.5382 73.1158 11.9827 0.0000 25.3510 0.0000 -0.5425 -5.2427 -179.9613 -0.0338 -5.6274 -0.0810 9.9124 64.6935 4.2148 0.0000 25.3508 -0.0001 
14.8127 96.1679 -36.3315 2.8565 -0.4870 -1.5927 -0.4516 0.0378 0.4948 -0.4516 0.0379 0.4948 -0.4529 0.0380 0.4963 57.7964 83.0011 -44.7889 22.4446 35.4051 28.4954 3.9206 42.1965 64.6103 -3.5803 3.2033 -4.1007 0.0000 0.0000 0.0001 0.0000 0.0000 0.0000 0.0000 -0.0013 -0.0008 0.0000 -0.0004 0.0001 0.0000 0.0000 0.0000 0.0000 0.0000 0.0000 0.0000 0.0003 0.0000 0.0000 -0.0006 0.0003 0.0000 0.0004 -0.0006 0.0000 0.0000 0.0001 0.0000 0.0000 0.0000 0.0000 -0.0010 -0.0002 0.0000 0.0003 30.0001 -0.0001 0.0005 -29.9998 0.0000 0.0000 0.0000 0.1315 1.7343 -0.5895 0.1315 1.7343 -0.5895 -36.0790 84.3283 73.1882 43.3427 54.8497 39.2068 71.9013 53.9534 -30.8338 0.8317 -5.1298 3.8621 0.0000 -0.0001 0.0001 0.0000 0.0000 0.0000 0.0000 -0.0006 0.0003 0.0000 -0.0001 0.0001 0.0000 0.0000 0.0000 0.0000 0.0000 0.0000 0.0000 0.0007 0.0001 0.0000 -0.0012 0.0001 0.0000 -0.0008 0.0003 0.0000 0.0001 0.0000 0.0000 0.0000 0.0000 0.0000 -0.0009 0.0000 0.0000 0.0002 -29.9996 -0.0001 -0.0003 29.9996 0.0000 0.0000 0.0000 -3.8805 0.7976 178.3822 -11.9626 -7.9785 0.1337 2.3198 73.1730 11.8128 0.0000 25.3510 0.0000 -0.0559 -5.6120 179.9568 -0.0407 -6.0838 -0.0806 9.8496 64.8158 4.5319 0.0000 25.3508 -0.0001 
14.8942 96.1487 -36.3726 1.8753 -0.4851 -1.5629 -0.5408 0.0459 0.6324 -0.5408 0.0459 0.6324 -0.5424 0.0461 0.6343 56.9764 82.9479 -45.4932 25.1137 34.9233 29.0160 3.2189 40.8932 58.8237 -2.8575 3.1898 -3.1636 0.0000 0.0000 0.0001 0.0000 0.0000 0.0000 0.0000 -0.0013 -0.0008 0.0000 -0.0004 0.0001 0.0000 0.0000 0.0000 0.0000 0.0000 0.0000 0.0000 0.0003 0.0000 0.0000 -0.0006 0.0003 0.0000 0.0004 -0.0006 0.0000 0.0000 0.0001 0.0000 0.0000 0.0000 0.0000 -0.0010 -0.0002 0.0000 0.0002 30.0001 -0.0001 0.0005 -29.9998 0.0000 0.0000 0.0000 0.4239 1.6623 -0.8515 0.4239 1.6623 -0.8515 -36.4901 84.3091 72.7269 41.1541 54.4839 35.2953 63.0450 57.0377 -38.7475 1.1183 -5.8587 4.7793 0.0000 -0.0001 0.0001 0.0000 0.0000 0.0000 0.0000 -0.0006 0.0003 0.0000 -0.0001 0.0001 0.0000 0.0000 0.0000 0.0000 0.0000 0.0000 0.0000 0.0007 0.0001 0.0000 -0.0012 0.0001 0.0000 -0.0008 0.0003 0.0000 0.0001 0.0000 0.0000 0.0000 0.0000 0.0000 -0.0008 0.0000 0.0000 0.0002 -29.9997 -0.0001 -0.0003 29.9996 0.0000 0.0000 0.0000 -3.6536 0.9533 178.2883 -12.5715 -7.7896 0.1339 2.0954 73.2136 11.6347 0.0000 25.3510 0.0000 0.4018 -5.9363 179.8922 -0.0477 -6.4424 -0.0800 9.7310 64.8943 4.8322 0.0000 25.3508 -0.0001 
14.9304 96.1360 -36.3970 0.8740 -0.4795 -1.5357 -0.6183 0.0697 0.7660 -0.6183 0.0697 0.7661 -0.6201 0.0699 0.7683 56.1457 82.9211 -46.1846 27.5925 34.6488 29.4819 2.2381 39.4533 52.8306 -2.2383 3.0832 -2.3923 0.0000 0.0000 0.0001 0.0000 0.0000 0.0000 0.0000 -0.0013 -0.0008 0.0000 -0.0004 0.0001 0.0000 0.0000 0.0000 0.0000 0.0000 0.0000 0.0000 0.0002 0.0000 0.0000 -0.0006 0.0003 0.0000 0.0004 -0.0006 0.0000 0.0000 0.0001 0.0000 0.0000 0.0000 0.0000 -0.0010 -0.0002 0.0000 0.0002 30.0001 -0.0001 0.0005 -29.9998 0.0000 0.0000 0.0000 0.7058 1.5538 -1.1074 0.7058 1.5538 -1.1074 -37.0240 84.2840 72.1515 39.1760 54.3150 32.0770 52.7969 59.1594 -47.8596 1.4345 -5.8834 5.3798 0.0000 -0.0001 0.0001 0.0000 0.0000 0.0000 0.0000 -0.0006 0.0003 0.0000 -0.0001 0.0001 0.0000 0.0000 0.0000 0.0000 0.0000 0.0000 0.0000 0.0007 0.0001 0.0000 -0.0012 0.0001 0.0000 -0.0008 0.0003 0.0000 0.0001 0.0000 0.0000 0.0000 0.0000 0.0000 -0.0008 0.0000 0.0000 0.0002 -29.9997 -0.0001 -0.0003 29.9996 0.0000 0.0000 0.0000 -3.4287 1.0883 178.1974 -13.1881 -7.6118 0.1310 1.8599 73.2372 11.4621 0.0000 25.3510 0.0000 0.8314 -6.1883 179.8667 -0.0537 -6.6584 -0.0796 9.5170 64.9135 5.0717 0.0000 25.3508 -0.0001 
14.9506 96.1258 -36.4260 -0.1208 -0.4683 -1.5148 -0.6877 0.1037 0.8935 -0.6878 0.1038 0.8936 -0.6898 0.1041 0.8962 55.4741 82.9270 -46.6798 29.5896 34.6224 29.7317 1.2284 38.0788 46.6967 -1.7281 2.9245 -1.7798 0.0000 0.0000 0.0001 0.0000 0.0000 0.0000 0.0000 -0.0013 -0.0008 0.0000 -0.0004 0.0001 0.0000 0.0000 0.0000 0.0000 0.0000 0.0000 0.0000 0.0002 0.0000 0.0000 -0.0006 0.0003 0.0000 0.0004 -0.0006 0.0000 0.0000 0.0001 0.0000 0.0000 0.0000 0.0000 -0.0010 -0.0002 0.0000 0.0002 30.0001 -0.0001 0.0005 -29.9998 0.0000 0.0000 0.0000 0.9709 1.4156 -1.3372 0.9709 1.4156 -1.3372 -37.6139 84.2533 71.5657 37.2865 54.0807 28.8043 41.7324 60.2770 -57.5963 1.7790 -5.8468 5.9596 0.0000 -0.0001 0.0001 0.0000 0.0000 0.0000 0.0000 -0.0006 0.0002 0.0000 -0.0001 0.0001 0.0000 0.0000 0.0000 0.0000 0.0000 0.0000 0.0000 0.0007 0.0001 0.0000 -0.0012 0.0001 0.0000 -0.0008 0.0003 0.0000 0.0001 0.0000 0.0000 0.0000 0.0000 0.0000 -0.0009 0.0000 0.0000 0.0002 -29.9997 -0.0001 -0.0003 29.9996 0.0000 0.0000 0.0000 -3.2136 1.2018 178.1176 -13.7769 -7.4543 0.1155 1.6217 73.2549 11.3203 0.0000 25.3510 0.0000 1.2617 -6.4251 179.8716 -0.0577 -6.8123 -0.0793 9.2487 64.8961 5.2555 0.0000 25.3508 -0.0001 
14.9699 96.1155 -36.4607 -1.0923 -0.4532 -1.4970 -0.7544 0.1464 1.0115 -0.7545 0.1465 1.0116 -0.7567 0.1469 1.0145 54.9119 82.9625 -47.0925 31.0818 34.7884 29.7662 0.2823 36.8055 40.4866 -1.3170 2.7496 -1.3025 0.0000 0.0000 0.0001 0.0000 0.0000 0.0000 0.0000 -0.0013 -0.0008 0.0000 -0.0004 0.0001 0.0000 0.0000 0.0000 0.0000 0.0000 0.0000 0.0000 0.0002 0.0000 0.0000 -0.0006 0.0003 0.0000 0.0004 -0.0006 0.0000 0.0000 0.0001 0.0000 0.0000 0.0000 0.0000 -0.0010 -0.0002 0.0000 0.0002 30.0001 -0.0001 0.0005 -29.9998 0.0000 0.0000 0.0000 1.2183 1.2519 -1.5285 1.2183 1.2519 -1.5285 -38.3412 84.2000 70.8299 35.6056 53.8073 25.6445 30.4895 60.3788 -67.3499 2.1400 -5.7487 6.5063 0.0000 -0.0001 0.0001 0.0000 0.0000 0.0000 0.0000 -0.0006 0.0003 0.0000 -0.0001 0.0001 0.0000 0.0000 0.0000 0.0000 0.0000 0.0000 0.0000 0.0007 0.0001 0.0000 -0.0012 0.0001 0.0000 -0.0008 0.0003 0.0000 0.0001 0.0000 0.0000 0.0000 0.0000 0.0000 -0.0008 0.0000 0.0000 0.0002 -29.9996 -0.0001 -0.0003 29.9996 0.0000 0.0000 0.0000 -3.0144 1.2999 178.0472 -14.3248 -7.3205 0.0859 1.3877 73.2779 11.2178 0.0000 25.3510 0.0000 1.7001 -6.6698 179.8849 -0.0607 -6.9506 -0.0790 8.9783 64.8590 5.4217 0.0000 25.3508 -0.0001 
15.0013 96.1101 -36.5039 -2.0001 -0.4321 -1.4789 -0.8206 0.2012 1.1095 -0.8207 0.2013 1.1097 -0.8230 0.2019 1.1129 54.5287 83.0309 -47.2891 31.9015 35.1984 29.4015 -0.6805 35.5532 34.2000 -0.9944 2.5917 -0.9462 0.0000 0.0000 0.0001 0.0000 0.0000 0.0000 0.0000 -0.0013 -0.0008 0.0000 -0.0004 0.0001 0.0000 0.0000 0.0000 0.0000 0.0000 0.0000 0.0000 0.0002 0.0000 0.0000 -0.0006 0.0003 0.0000 0.0004 -0.0006 0.0000 0.0000 0.0001 0.0000 0.0000 0.0000 0.0000 -0.0010 -0.0002 0.0000 0.0002 30.0001 -0.0001 0.0005 -29.9998 0.0000 0.0000 0.0000 1.4316 1.0557 -1.6541 1.4316 1.0557 -1.6541 -39.3318 84.1115 69.8069 34.1698 53.4949 22.6572 19.9200 59.5717 -76.2131 2.5056 -5.5875 7.0075 0.0000 -0.0001 0.0001 0.0000 0.0000 0.0000 0.0000 -0.0006 0.0003 0.0000 -0.0001 0.0001 0.0000 0.0000 0.0000 0.0000 0.0000 0.0000 0.0000 0.0007 0.0001 0.0000 -0.0011 0.0001 0.0000 -0.0008 0.0003 0.0000 0.0001 0.0000 0.0000 0.0000 0.0000 0.0000 -0.0009 0.0000 0.0000 0.0002 -29.9996 -0.0001 -0.0003 29.9996 0.0000 0.0000 0.0000 -2.8528 1.3777 177.9875 -14.8018 -7.2273 0.0368 1.1840 73.3246 11.1966 0.0000 25.3510 0.0000 2.1634 -6.9385 179.8838 -0.0630 -7.0823 -0.0788 8.7701 64.7909 5.5916 0.0000 25.3508 -0.0001 
15.0365 96.1038 -36.5323 -2.8333 -0.4038 -1.4616 -0.8836 0.2657 1.1881 -0.8837 0.2658 1.1883 -0.8862 0.2666 1.1917 54.1957 83.1084 -47.4312 32.3125 35.7085 28.8334 -1.7260 34.2177 27.9362 -0.7408 2.4661 -0.6793 0.0000 0.0000 0.0001 0.0000 0.0000 0.0000 0.0000 -0.0013 -0.0008 0.0000 -0.0004 0.0001 0.0000 0.0000 0.0000 0.0000 0.0000 0.0000 0.0000 0.0003 0.0000 0.0000 -0.0006 0.0003 0.0000 0.0004 -0.0006 0.0000 0.0000 0.0001 0.0000 0.0000 0.0000 0.0000 -0.0010 -0.0002 0.0000 0.0002 30.0001 -0.0001 0.0005 -29.9998 0.0000 0.0000 0.0000 1.6189 0.8448 -1.7305 1.6189 0.8448 -1.7305 -40.5525 84.0052 68.5336 32.9891 53.1729 19.8748 10.4295 58.1091 -83.8630 2.8627 -5.3798 7.4523 0.0000 -0.0001 0.0001 0.0000 0.0000 0.0000 0.0000 -0.0006 0.0003 0.0000 -0.0001 0.0001 0.0000 0.0000 0.0000 0.0000 0.0000 0.0000 0.0000 0.0007 0.0001 0.0000 -0.0011 0.0001 0.0000 -0.0008 0.0003 0.0000 0.0001 0.0000 0.0000 0.0000 0.0000 0.0000 -0.0009 0.0000 0.0000 0.0002 -29.9996 -0.0001 -0.0003 29.9996 0.0000 0.0000 0.0000 -2.7169 1.4433 177.9348 -15.2275 -7.1555 -0.0168 1.0234 73.3848 11.2317 0.0000 25.3510 0.0000 2.6406 -7.2097 179.8620 -0.0652 -7.2056 -0.0786 8.6531 64.7102 5.7861 0.0000 25.3508 -0.0001 
15.0691 96.0994 -36.5444 -3.5900 -0.3678 -1.4458 -0.9410 0.3371 1.2491 -0.9412 0.3373 1.2493 -0.9439 0.3382 1.2528 53.9247 83.1891 -47.5015 32.4272 36.2593 28.1200 -2.9096 32.7811 21.7434 -0.5385 2.3780 -0.4792 0.0000 0.0000 0.0001 0.0000 0.0000 0.0000 0.0000 -0.0013 -0.0008 0.0000 -0.0004 0.0001 0.0000 0.0000 0.0000 0.0000 0.0000 0.0000 0.0000 0.0002 0.0000 0.0000 -0.0006 0.0003 0.0000 0.0004 -0.0006 0.0000 0.0000 0.0001 0.0000 0.0000 0.0000 0.0000 -0.0010 -0.0002 0.0000 0.0002 30.0001 -0.0001 0.0005 -29.9998 0.0000 0.0000 0.0000 1.7727 0.6245 -1.7638 1.7727 0.6245 -1.7638 -41.9523 83.8906 67.0745 32.0282 52.8709 17.2750 2.0671 56.2504 -90.2702 3.2017 -5.1460 7.8351 0.0000 -0.0001 0.0001 0.0000 0.0000 0.0000 0.0000 -0.0006 0.0003 0.0000 -0.0001 0.0001 0.0000 0.0000 0.0000 0.0000 0.0000 0.0000 0.0000 0.0007 0.0001 0.0000 -0.0011 0.0001 0.0000 -0.0008 0.0003 0.0000 0.0001 0.0000 0.0000 0.0000 0.0000 0.0000 -0.0008 0.0000 0.0000 0.0002 -29.9997 -0.0001 -0.0003 29.9996 0.0000 0.0000 0.0000 -2.6003 1.5031 177.8895 -15.6158 -7.0942 -0.0712 0.9069 73.4505 11.3019 0.0000 25.3510 0.0000 3.1087 -7.4703 179.8343 -0.0668 -7.3098 -0.0784 8.5885 64.6235 5.9763 0.0000 25.3508 -0.0001 
15.0862 96.0924 -36.5425 -4.2276 -0.3172 -1.4315 -1.0033 0.4121 1.2897 -1.0036 0.4122 1.2900 -1.0063 0.4134 1.2936 53.8219 83.2826 -47.4435 32.3296 36.7670 27.2921 -4.5452 31.1370 15.5989 -0.3752 2.3365 -0.3385 0.0000 0.0000 0.0001 0.0000 0.0000 0.0000 0.0000 -0.0013 -0.0008 0.0000 -0.0004 0.0001 0.0000 0.0000 0.0000 0.0000 0.0000 0.0000 0.0000 0.0002 0.0000 0.0000 -0.0006 0.0003 0.0000 0.0004 -0.0006 0.0000 0.0000 0.0001 0.0000 0.0000 0.0000 0.0000 -0.0010 -0.0002 0.0000 0.0002 30.0001 -0.0001 0.0005 -29.9998 0.0000 0.0000 0.0000 1.8925 0.4000 -1.7517 1.8925 0.4000 -1.7517 -43.5761 83.7614 65.3370 31.3009 52.5410 14.9404 -5.2592 54.3280 -95.4516 3.5403 -4.8631 8.1375 0.0000 -0.0001 0.0001 0.0000 0.0000 0.0000 0.0000 -0.0006 0.0003 0.0000 -0.0001 0.0000 0.0000 0.0000 0.0000 0.0000 0.0000 0.0000 0.0000 0.0007 0.0001 0.0000 -0.0011 0.0001 0.0000 -0.0008 0.0003 0.0000 0.0001 0.0000 0.0000 0.0000 0.0000 0.0000 -0.0009 0.0000 0.0000 0.0002 -29.9997 -0.0001 -0.0003 29.9996 0.0000 0.0000 0.0000 -2.4930 1.5549 177.8546 -15.9403 -7.0435 -0.1196 0.8476 73.5227 11.3966 0.0000 25.3510 0.0000 3.5201 -7.7008 179.8119 -0.0672 -7.3690 -0.0784 8.5354 64.5332 6.1228 0.0000 25.3508 -0.0001 
15.0848 96.0898 -36.5357 -4.7694 -0.2530 -1.4160 -1.0602 0.4826 1.3141 -1.0605 0.4828 1.3144 -1.0634 0.4842 1.3181 53.9356 83.3783 -47.1862 32.1335 37.1916 26.4244 -6.5807 29.2004 9.5499 -0.2343 2.3618 -0.2271 0.0000 0.0000 0.0001 0.0000 0.0000 0.0000 0.0000 -0.0013 -0.0008 0.0000 -0.0004 0.0001 0.0000 0.0000 0.0000 0.0000 0.0000 0.0000 0.0000 0.0002 0.0000 0.0000 -0.0006 0.0003 0.0000 0.0004 -0.0006 0.0000 0.0000 0.0001 0.0000 0.0000 0.0000 0.0000 -0.0010 -0.0002 0.0000 0.0003 30.0001 -0.0001 0.0005 -29.9998 0.0000 0.0000 0.0000 1.9797 0.1870 -1.7173 1.9797 0.1870 -1.7173 -45.3394 83.6273 63.4264 30.6194 52.1895 12.7821 -11.7744 52.4068 -99.7911 3.8893 -4.5112 8.3534 0.0000 -0.0001 0.0001 0.0000 0.0000 0.0000 0.0000 -0.0006 0.0003 0.0000 -0.0001 0.0001 0.0000 0.0000 0.0000 0.0000 0.0000 0.0000 0.0000 0.0007 0.0001 0.0000 -0.0011 0.0001 0.0000 -0.0008 0.0003 0.0000 0.0001 0.0000 0.0000 0.0000 0.0000 0.0000 -0.0008 0.0000 0.0000 0.0002 -29.9996 -0.0001 -0.0003 29.9996 0.0000 0.0000 0.0000 -2.3796 1.5846 177.8265 -16.1980 -7.0050 -0.1589 0.8099 73.5927 11.4861 0.0000 25.3510 0.0000 3.8531 -7.8989 179.8017 -0.0665 -7.3827 -0.0784 8.4440 64.4447 6.2127 0.0000 25.3508 -0.0001 
15.0689 96.0926 -36.5315 -5.2312 -0.1797 -1.3982 -1.1104 0.5490 1.3264 -1.1106 0.5492 1.3267 -1.1137 0.5508 1.3304 54.2029 83.4724 -46.7958 31.7888 37.6096 25.5121 -8.8889 26.9516 3.6751 -0.1075 2.4199 -0.1548 0.0000 0.0000 0.0001 0.0000 0.0000 0.0000 0.0000 -0.0013 -0.0008 0.0000 -0.0004 0.0001 0.0000 0.0000 0.0000 0.0000 0.0000 0.0000 0.0000 0.0002 0.0000 0.0000 -0.0006 0.0003 0.0000 0.0004 -0.0006 0.0000 0.0000 0.0001 0.0000 0.0000 0.0000 0.0000 -0.0010 -0.0002 0.0000 0.0002 30.0001 -0.0001 0.0005 -29.9998 0.0000 0.0000 0.0000 2.0407 -0.0119 -1.6728 2.0407 -0.0119 -1.6728 -47.2086 83.4910 61.3889 29.9206 51.8708 10.7068 -17.5945 50.4693 -103.4604 4.2187 -4.1356 8.4957 0.0000 -0.0001 0.0001 0.0000 0.0000 0.0000 0.0000 -0.0006 0.0003 0.0000 -0.0001 0.0001 0.0000 0.0000 0.0000 0.0000 0.0000 0.0000 0.0000 0.0007 0.0001 0.0000 -0.0011 0.0001 0.0000 -0.0008 0.0003 0.0000 0.0001 0.0000 0.0000 0.0000 0.0000 0.0000 -0.0008 0.0000 0.0000 0.0002 -29.9996 -0.0001 -0.0003 29.9996 0.0000 0.0000 0.0000 -2.2564 1.5990 177.8039 -16.3947 -6.9721 -0.1909 0.7733 73.6568 11.5529 0.0000 25.3510 0.0000 4.1082 -8.0680 179.8010 -0.0652 -7.3590 -0.0785 8.3075 64.3577 6.2561 0.0000 25.3508 -0.0001 
15.0401 96.0981 -36.5290 -5.5856 -0.1002 -1.3793 -1.1482 0.6095 1.3248 -1.1485 0.6097 1.3251 -1.1517 0.6114 1.3288 54.7218 83.5538 -46.2320 31.1915 38.0494 24.5137 -11.7286 24.2726 -1.9710 0.0073 2.5096 -0.1407 0.0000 0.0000 0.0001 0.0000 0.0000 0.0000 0.0000 -0.0013 -0.0008 0.0000 -0.0004 0.0001 0.0000 0.0000 0.0000 0.0000 0.0000 0.0000 0.0000 0.0003 0.0000 0.0000 -0.0006 0.0003 0.0000 0.0004 -0.0006 0.0000 0.0000 0.0001 0.0000 0.0000 0.0000 0.0000 -0.0010 -0.0002 0.0000 0.0003 30.0001 -0.0001 0.0005 -29.9998 0.0000 0.0000 0.0000 2.0618 -0.1907 -1.6183 2.0618 -0.1907 -1.6183 -49.0401 83.3576 59.3870 29.1675 51.5961 8.7046 -22.7428 48.5944 -106.4485 4.5169 -3.7427 8.5645 0.0000 -0.0001 0.0001 0.0000 0.0000 0.0000 0.0000 -0.0006 0.0003 0.0000 -0.0001 0.0001 0.0000 0.0000 0.0000 0.0000 0.0000 0.0000 0.0000 0.0007 0.0001 0.0000 -0.0011 0.0001 0.0000 -0.0008 0.0003 0.0000 0.0001 0.0000 0.0000 0.0000 0.0000 0.0000 -0.0009 0.0000 0.0000 0.0002 -29.9996 -0.0001 -0.0003 29.9996 0.0000 0.0000 0.0000 -2.1136 1.6026 177.7988 -16.5109 -6.9502 -0.2216 0.7379 73.7198 11.5783 0.0000 25.3510 0.0000 4.2566 -8.2093 179.8091 -0.0639 -7.3060 -0.0786 8.1193 64.2761 6.2542 0.0000 25.3508 -0.0001 
15.0060 96.1040 -36.5228 -5.8577 -0.0197 -1.3583 -1.1786 0.6650 1.3150 -1.1789 0.6652 1.3153 -1.1821 0.6671 1.3189 55.4032 83.6265 -45.5264 30.2782 38.5802 23.3508 -14.8930 21.1158 -7.2665 0.1149 2.6123 -0.1834 0.0000 0.0000 0.0001 0.0000 0.0000 0.0000 0.0000 -0.0013 -0.0008 0.0000 -0.0004 0.0001 0.0000 0.0000 0.0000 0.0000 0.0000 0.0000 0.0000 0.0002 0.0000 0.0000 -0.0006 0.0003 0.0000 0.0004 -0.0006 0.0000 0.0000 0.0001 0.0000 0.0000 0.0000 0.0000 -0.0010 -0.0002 0.0000 0.0002 30.0001 -0.0001 0.0005 -29.9998 0.0000 0.0000 0.0000 2.0517 -0.3553 -1.5624 2.0517 -0.3553 -1.5624 -50.6753 83.2260 57.5910 28.3221 51.3427 6.7230 -27.2819 46.8126 -108.8216 4.7796 -3.3365 8.5679 0.0000 -0.0001 0.0001 0.0000 0.0000 0.0000 0.0000 -0.0006 0.0003 0.0000 -0.0001 0.0001 0.0000 0.0000 0.0000 0.0000 0.0000 0.0000 0.0000 0.0007 0.0001 0.0000 -0.0012 0.0001 0.0000 -0.0008 0.0003 0.0000 0.0001 0.0000 0.0000 0.0000 0.0000 0.0000 -0.0009 0.0000 0.0000 0.0002 -29.9997 -0.0001 -0.0003 29.9996 0.0000 0.0000 0.0000 -1.9601 1.6120 177.8032 -16.5658 -6.9266 -0.2569 0.7216 73.7886 11.5948 0.0000 25.3510 0.0000 4.3391 -8.3338 179.8137 -0.0623 -7.2315 -0.0788 7.9177 64.1899 6.2358 0.0000 25.3508 -0.0001 
14.9690 96.1069 -36.5039 -6.0592 0.0648 -1.3349 -1.2030 0.7151 1.3000 -1.2033 0.7153 1.3004 -1.2065 0.7173 1.3039 56.1244 83.6920 -44.8065 29.0259 39.2263 22.0320 -18.2422 17.4139 -12.1644 0.2188 2.7111 -0.2837 0.0000 0.0000 0.0001 0.0000 0.0000 0.0000 0.0000 -0.0013 -0.0008 0.0000 -0.0004 0.0001 0.0000 0.0000 0.0000 0.0000 0.0000 0.0000 0.0000 0.0002 0.0000 0.0000 -0.0006 0.0003 0.0000 0.0004 -0.0006 0.0000 0.0000 0.0001 0.0000 0.0000 0.0000 0.0000 -0.0010 -0.0002 0.0000 0.0002 30.0001 -0.0001 0.0005 -29.9998 0.0000 0.0000 0.0000 2.0316 -0.5038 -1.5148 2.0316 -0.5038 -1.5148 -52.2003 83.0916 55.9217 27.3402 51.1171 4.6979 -31.2869 45.1666 -110.6493 5.0049 -2.9220 8.5109 0.0000 -0.0001 0.0001 0.0000 0.0000 0.0000 0.0000 -0.0006 0.0003 0.0000 -0.0001 0.0001 0.0000 0.0000 0.0000 0.0000 0.0000 0.0000 0.0000 0.0007 0.0001 0.0000 -0.0012 0.0001 0.0000 -0.0008 0.0003 0.0000 0.0001 0.0000 0.0000 0.0000 0.0000 0.0000 -0.0008 0.0000 0.0000 0.0002 -29.9996 -0.0001 -0.0003 29.9996 0.0000 0.0000 0.0000 -1.8019 1.6260 177.8098 -16.5789 -6.8913 -0.2909 0.7341 73.8566 11.6115 0.0000 25.3511 0.0000 4.3763 -8.4488 179.8087 -0.0605 -7.1406 -0.0789 7.7352 64.0984 6.2223 0.0000 25.3508 -0.0001 
14.9314 96.1076 -36.4602 -6.1602 0.1493 -1.3104 -1.2179 0.7584 1.2798 -1.2182 0.7587 1.2801 -1.2215 0.7608 1.2836 56.6919 83.7387 -44.2686 27.1473 40.0953 20.3952 -21.9984 13.0147 -16.5341 0.3141 2.7808 -0.4727 0.0000 0.0000 0.0001 0.0000 0.0000 0.0000 0.0000 -0.0013 -0.0008 0.0000 -0.0004 0.0001 0.0000 0.0000 0.0000 0.0000 0.0000 0.0000 0.0000 0.0002 0.0000 0.0000 -0.0006 0.0003 0.0000 0.0004 -0.0006 0.0000 0.0000 0.0001 0.0000 0.0000 0.0000 0.0000 -0.0010 -0.0002 0.0000 0.0002 30.0001 -0.0001 0.0005 -29.9998 0.0000 0.0000 0.0000 2.0058 -0.6252 -1.4831 2.0058 -0.6252 -1.4831 -53.8969 82.9722 54.1312 26.1002 50.9965 2.4923 -34.6788 43.9072 -111.7934 5.1760 -2.5200 8.3847 0.0000 -0.0001 0.0001 0.0000 0.0000 0.0000 0.0000 -0.0006 0.0003 0.0000 -0.0001 0.0001 0.0000 0.0000 0.0000 0.0000 0.0000 0.0000 0.0000 0.0007 0.0001 0.0000 -0.0011 0.0001 0.0000 -0.0008 0.0003 0.0000 0.0001 0.0000 0.0000 0.0000 0.0000 0.0000 -0.0008 0.0000 0.0000 0.0002 -29.9996 -0.0001 -0.0003 29.9996 0.0000 0.0000 0.0000 -1.6556 1.6610 177.8174 -16.5614 -6.8253 -0.3141 0.7742 73.9193 11.6037 0.0000 25.3510 0.0000 4.3615 -8.5379 179.7850 -0.0590 -7.0196 -0.0791 7.6212 63.9966 6.2419 0.0000 25.3508 -0.0001 
14.8916 96.1077 -36.4020 -6.1813 0.2324 -1.2861 -1.2270 0.7922 1.2528 -1.2274 0.7925 1.2532 -1.2307 0.7947 1.2566 57.0635 83.7648 -43.9395 24.5093 41.2033 18.3171 -25.9970 8.0172 -20.2002 0.3992 2.7861 -0.7418 0.0000 0.0000 0.0001 0.0000 0.0000 0.0000 0.0000 -0.0013 -0.0008 0.0000 -0.0004 0.0001 0.0000 0.0000 0.0000 0.0000 0.0000 0.0000 0.0000 0.0002 0.0000 0.0000 -0.0006 0.0003 0.0000 0.0004 -0.0006 0.0000 0.0000 0.0001 0.0000 0.0000 0.0000 0.0000 -0.0010 -0.0002 0.0000 0.0002 30.0001 -0.0001 0.0005 -29.9998 0.0000 0.0000 0.0000 1.9879 -0.7134 -1.4570 1.9879 -0.7134 -1.4570 -55.7272 82.8782 52.2390 24.5506 50.9467 0.0840 -37.6326 43.0750 -112.4249 5.2956 -2.1407 8.1953 0.0000 -0.0001 0.0001 0.0000 0.0000 0.0000 0.0000 -0.0006 0.0003 0.0000 -0.0001 0.0001 0.0000 0.0000 0.0000 0.0000 0.0000 0.0000 0.0000 0.0007 0.0001 0.0000 -0.0012 0.0001 0.0000 -0.0008 0.0003 0.0000 0.0001 0.0000 0.0000 0.0000 0.0000 0.0000 -0.0008 0.0000 0.0000 0.0002 -29.9996 -0.0001 -0.0003 29.9996 0.0000 0.0000 0.0000 -1.5191 1.7106 177.8331 -16.5174 -6.7352 -0.3322 0.8207 73.9748 11.5590 0.0000 25.3510 0.0000 4.3065 -8.5952 179.7494 -0.0580 -6.8645 -0.0792 7.5602 63.8869 6.2829 0.0000 25.3508 -0.0001 
14.8408 96.1084 -36.3403 -6.1309 0.3151 -1.2597 -1.2342 0.8150 1.2178 -1.2345 0.8153 1.2182 -1.2379 0.8176 1.2215 57.2175 83.7786 -43.8345 20.8894 42.5355 15.6114 -30.1778 2.4774 -22.9719 0.4708 2.6957 -1.0744 0.0000 0.0000 0.0001 0.0000 0.0000 0.0000 0.0000 -0.0013 -0.0008 0.0000 -0.0004 0.0001 0.0000 0.0000 0.0000 0.0000 0.0000 0.0000 0.0000 0.0003 0.0000 0.0000 -0.0006 0.0003 0.0000 0.0004 -0.0006 0.0000 0.0000 0.0001 0.0000 0.0000 0.0000 0.0000 -0.0010 -0.0002 0.0000 0.0002 30.0001 -0.0001 0.0005 -29.9998 0.0000 0.0000 0.0000 1.9821 -0.7635 -1.4283 1.9821 -0.7635 -1.4283 -57.5667 82.8031 50.3443 22.2690 50.8359 -2.9329 -39.9603 42.7715 -112.6180 5.3749 -1.7909 7.9532 0.0000 -0.0001 0.0001 0.0000 0.0000 0.0000 0.0000 -0.0006 0.0003 0.0000 -0.0001 0.0001 0.0000 0.0000 0.0000 0.0000 0.0000 0.0000 0.0000 0.0007 0.0001 0.0000 -0.0012 0.0001 0.0000 -0.0008 0.0003 0.0000 0.0001 0.0000 0.0000 0.0000 0.0000 0.0000 -0.0009 0.0000 0.0000 0.0002 -29.9997 -0.0001 -0.0003 29.9996 0.0000 0.0000 0.0000 -1.3961 1.7650 177.8526 -16.4377 -6.6231 -0.3503 0.8626 74.0159 11.4877 0.0000 25.3510 0.0000 4.2125 -8.6180 179.7093 -0.0568 -6.6722 -0.0794 7.5215 63.7712 6.3179 0.0000 25.3508 -0.0001 
14.7698 96.1161 -36.2909 -5.9799 0.3980 -1.2296 -1.2412 0.8203 1.1712 -1.2415 0.8206 1.1715 -1.2449 0.8229 1.1747 57.0438 83.7823 -44.0776 15.3856 44.1601 11.5914 -34.6385 -3.4137 -24.2895 0.5131 2.4591 -1.4656 0.0000 0.0000 0.0001 0.0000 0.0000 0.0000 0.0000 -0.0013 -0.0008 0.0000 -0.0004 0.0001 0.0000 0.0000 0.0000 0.0000 0.0000 0.0000 0.0000 0.0002 0.0000 0.0000 -0.0006 0.0003 0.0000 0.0004 -0.0006 0.0000 0.0000 0.0001 0.0000 0.0000 0.0000 0.0000 -0.0010 -0.0002 0.0000 0.0002 30.0001 -0.0001 0.0005 -29.9998 0.0000 0.0000 0.0000 1.9920 -0.7469 -1.3816 1.9920 -0.7469 -1.3816 -59.2569 82.7292 48.5838 18.9637 50.6237 -6.6208 -41.4191 43.0930 -112.3012 5.4050 -1.4795 7.6673 0.0000 -0.0001 0.0001 0.0000 0.0000 0.0000 0.0000 -0.0006 0.0003 0.0000 -0.0001 0.0001 0.0000 0.0000 0.0000 0.0000 0.0000 0.0000 0.0000 0.0007 0.0001 0.0000 -0.0012 0.0001 0.0000 -0.0008 0.0003 0.0000 0.0001 0.0000 0.0000 0.0000 0.0000 0.0000 -0.0009 0.0000 0.0000 0.0002 -29.9997 -0.0001 -0.0003 29.9996 0.0000 0.0000 0.0000 -1.2917 1.8156 177.8771 -16.2964 -6.4900 -0.3694 0.8864 74.0329 11.3790 0.0000 25.3510 0.0000 4.0645 -8.5874 179.6779 -0.0542 -6.4176 -0.0797 7.4701 63.6436 6.2918 0.0000 25.3508 -0.0001 
14.6903 96.1263 -36.2542 -5.7528 0.4739 -1.2000 -1.2470 0.8154 1.1188 -1.2473 0.8157 1.1191 -1.2507 0.8180 1.1221 56.6400 83.7747 -44.5798 8.1015 45.7830 6.2004 -39.5112 -9.1119 -23.7214 0.5220 2.0720 -1.8455 0.0000 0.0000 0.0001 0.0000 0.0000 0.0000 0.0000 -0.0013 -0.0008 0.0000 -0.0004 0.0001 0.0000 0.0000 0.0000 0.0000 0.0000 0.0000 0.0000 0.0002 0.0000 0.0000 -0.0006 0.0003 0.0000 0.0004 -0.0006 0.0000 0.0000 0.0001 0.0000 0.0000 0.0000 0.0000 -0.0010 -0.0002 0.0000 0.0002 30.0001 -0.0001 0.0005 -29.9998 0.0000 0.0000 0.0000 2.0034 -0.6739 -1.3118 2.0034 -0.6739 -1.3118 -60.6377 82.6337 47.1062 15.0142 50.2541 -10.5950 -42.0707 43.6996 -111.4948 5.3944 -1.1746 7.3657 0.0000 -0.0001 0.0001 0.0000 0.0000 0.0000 0.0000 -0.0006 0.0003 0.0000 -0.0001 0.0001 0.0000 0.0000 0.0000 0.0000 0.0000 0.0000 0.0000 0.0007 0.0001 0.0000 -0.0012 0.0001 0.0000 -0.0008 0.0003 0.0000 0.0001 0.0000 0.0000 0.0000 0.0000 0.0000 -0.0009 0.0000 0.0000 0.0002 -29.9996 -0.0001 -0.0002 29.9996 0.0000 0.0000 0.0000 -1.2096 1.8653 177.9095 -16.1249 -6.3556 -0.3855 0.8920 74.0369 11.2307 0.0000 25.3510 0.0000 3.8755 -8.5241 179.6599 -0.0511 -6.1402 -0.0800 7.4068 63.5155 6.2120 0.0000 25.3508 -0.0001 
14.6094 96.1385 -36.2165 -5.4633 0.5431 -1.1712 -1.2503 0.8041 1.0642 -1.2507 0.8044 1.0645 -1.2541 0.8066 1.0674 56.1283 83.7618 -45.2231 -0.6765 47.0922 -0.4040 -45.1769 -14.0825 -21.0953 0.5023 1.5577 -2.1541 0.0000 0.0000 0.0001 0.0000 0.0000 0.0000 0.0000 -0.0013 -0.0008 0.0000 -0.0004 0.0001 0.0000 0.0000 0.0000 0.0000 0.0000 0.0000 0.0000 0.0002 0.0000 0.0000 -0.0006 0.0003 0.0000 0.0004 -0.0006 0.0000 0.0000 0.0001 0.0000 0.0000 0.0000 0.0000 -0.0010 -0.0002 0.0000 0.0002 30.0001 -0.0001 0.0005 -29.9998 0.0000 0.0000 0.0000 2.0124 -0.5606 -1.2286 2.0124 -0.5606 -1.2286 -61.6328 82.5213 45.9782 10.9147 49.7067 -14.4235 -42.1124 44.3821 -110.2134 5.3539 -0.8568 7.0634 0.0000 -0.0001 0.0001 0.0000 0.0000 0.0000 0.0000 -0.0006 0.0003 0.0000 -0.0001 0.0001 0.0000 0.0000 0.0000 0.0000 0.0000 0.0000 0.0000 0.0007 0.0001 0.0000 -0.0012 0.0001 0.0000 -0.0008 0.0003 0.0000 0.0001 0.0001 0.0000 0.0000 0.0000 0.0000 -0.0008 0.0000 0.0000 0.0002 -29.9996 -0.0001 -0.0003 29.9996 0.0000 0.0000 0.0000 -1.1505 1.9122 177.9477 -15.9344 -6.2216 -0.4008 0.8912 74.0273 11.0610 0.0000 25.3510 0.0000 3.6543 -8.4403 179.6496 -0.0484 -5.8525 -0.0802 7.3459 63.3883 6.1004 0.0000 25.3508 -0.0001 
14.5318 96.1488 -36.1647 -5.0949 0.6091 -1.1461 -1.2462 0.7851 1.0128 -1.2465 0.7853 1.0131 -1.2500 0.7875 1.0158 55.8353 83.7785 -45.6861 -10.7708 47.8623 -8.0712 -52.0608 -17.2404 -16.0438 0.4499 0.9446 -2.3603 0.0000 0.0000 0.0001 0.0000 0.0000 0.0000 0.0000 -0.0013 -0.0008 0.0000 -0.0004 0.0001 0.0000 0.0000 0.0000 0.0000 0.0000 0.0000 0.0000 0.0002 0.0000 0.0000 -0.0006 0.0003 0.0000 0.0004 -0.0006 0.0000 0.0000 0.0001 0.0000 0.0000 0.0000 0.0000 -0.0010 -0.0002 0.0000 0.0002 30.0001 -0.0001 0.0005 -29.9998 0.0000 0.0000 0.0000 2.0112 -0.4100 -1.1444 2.0112 -0.4100 -1.1444 -61.8351 82.3843 45.5899 6.6476 48.8800 -18.0440 -41.0040 44.9421 -108.0080 5.2921 -0.4778 6.7767 0.0000 -0.0001 0.0001 0.0000 0.0000 0.0000 0.0000 -0.0006 0.0003 0.0000 -0.0001 0.0001 0.0000 0.0000 0.0000 0.0000 0.0000 0.0000 0.0000 0.0007 0.0001 0.0000 -0.0012 0.0001 0.0000 -0.0008 0.0003 0.0000 0.0001 0.0000 0.0000 0.0000 0.0000 0.0000 -0.0009 0.0000 0.0000 0.0002 -29.9997 -0.0001 -0.0003 29.9996 0.0000 0.0000 0.0000 -1.1190 1.9456 177.9910 -15.7114 -6.0955 -0.4148 0.9009 73.9999 10.8945 0.0000 25.3510 0.0000 3.4017 -8.3434 179.6425 -0.0466 -5.5699 -0.0805 7.3207 63.2713 5.9753 0.0000 25.3508 -0.0001 
14.4552 96.1613 -36.1062 -4.6740 0.6762 -1.1260 -1.2252 0.7578 0.9648 -1.2255 0.7580 0.9650 -1.2289 0.7601 0.9677 56.0327 83.8369 -45.6665 -20.8758 47.8830 -15.7497 -59.8522 -17.9132 -9.4902 0.3877 0.3115 -2.4589 0.0000 0.0000 0.0001 0.0000 0.0000 0.0000 0.0000 -0.0013 -0.0008 0.0000 -0.0004 0.0001 0.0000 0.0000 0.0000 0.0000 0.0000 0.0000 0.0000 0.0002 -0.0001 0.0000 -0.0006 0.0003 0.0000 0.0004 -0.0006 0.0000 0.0000 0.0001 0.0000 0.0000 0.0000 0.0000 -0.0010 -0.0002 0.0000 0.0002 30.0001 -0.0002 0.0005 -29.9998 0.0000 0.0000 0.0000 1.9834 -0.2471 -1.0607 1.9834 -0.2471 -1.0607 -61.5647 82.2445 45.6627 2.9545 47.9791 -20.8029 -39.4566 45.1078 -105.1798 5.2188 -0.0409 6.5033 0.0000 -0.0001 0.0001 0.0000 0.0000 0.0000 0.0000 -0.0006 0.0003 0.0000 -0.0001 0.0001 0.0000 0.0000 0.0000 0.0000 0.0000 0.0000 0.0000 0.0007 0.0001 0.0000 -0.0012 0.0001 0.0000 -0.0008 0.0003 0.0000 0.0001 0.0000 0.0000 0.0000 0.0000 0.0000 -0.0009 0.0000 0.0000 0.0002 -29.9996 -0.0001 -0.0003 29.9995 0.0000 0.0000 0.0000 -1.0964 1.9674 178.0360 -15.4483 -5.9800 -0.4200 0.9049 73.9657 10.7263 0.0000 25.3510 0.0000 3.1417 -8.2371 179.6376 -0.0445 -5.2950 -0.0807 7.3435 63.1690 5.8563 0.0000 25.3508 -0.0001 
14.3822 96.1765 -36.0503 -4.2110 0.7442 -1.1073 -1.1784 0.7221 0.9155 -1.1786 0.7223 0.9157 -1.1819 0.7243 0.9182 56.7226 83.9218 -45.1433 -30.2152 47.3033 -22.7443 -67.8458 -15.9552 -2.5450 0.3309 -0.3119 -2.4815 0.0000 0.0000 0.0001 0.0000 0.0000 0.0000 0.0000 -0.0013 -0.0008 0.0000 -0.0004 0.0001 0.0000 0.0000 0.0000 0.0000 0.0000 0.0000 0.0000 0.0002 -0.0001 0.0000 -0.0006 0.0003 0.0000 0.0004 -0.0006 0.0000 0.0000 0.0001 0.0000 0.0000 0.0000 0.0000 -0.0010 -0.0002 0.0000 0.0002 30.0001 -0.0001 0.0005 -29.9998 0.0000 0.0000 0.0000 1.9125 -0.0839 -0.9700 1.9125 -0.0839 -0.9700 -61.1320 82.1307 45.9501 -0.0854 47.1235 -22.7769 -37.6836 44.9340 -101.7867 5.1331 0.4364 6.2351 0.0000 -0.0001 0.0001 0.0000 0.0000 0.0000 0.0000 -0.0006 0.0003 0.0000 -0.0001 0.0001 0.0000 0.0000 0.0000 0.0000 0.0000 0.0000 0.0000 0.0007 0.0001 0.0000 -0.0011 0.0001 0.0000 -0.0008 0.0003 0.0000 0.0001 0.0000 0.0000 0.0000 0.0000 0.0000 -0.0008 0.0000 0.0000 0.0002 -29.9996 -0.0001 -0.0003 29.9996 0.0000 0.0000 0.0000 -1.0746 1.9819 178.0858 -15.1456 -5.8754 -0.4218 0.8988 73.9304 10.5501 0.0000 25.3510 0.0000 2.8756 -8.1169 179.6295 -0.0419 -5.0176 -0.0809 7.4133 63.0752 5.7530 0.0000 25.3508 -0.0001 
14.3120 96.1937 -35.9977 -3.6953 0.8108 -1.0857 -1.0986 0.6785 0.8605 -1.0988 0.6787 0.8607 -1.1019 0.6806 0.8631 57.8545 84.0408 -44.1724 -37.6840 46.6727 -28.0813 -74.5382 -11.7220 3.6309 0.2889 -0.8798 -2.4911 0.0000 0.0000 0.0001 0.0000 0.0000 0.0000 0.0000 -0.0013 -0.0008 0.0000 -0.0004 0.0001 0.0000 0.0000 0.0000 0.0000 0.0000 0.0000 0.0000 0.0002 0.0000 0.0000 -0.0006 0.0003 0.0000 0.0004 -0.0006 0.0000 0.0000 0.0001 0.0000 0.0000 0.0000 0.0000 -0.0010 -0.0002 0.0000 0.0002 30.0001 -0.0001 0.0005 -29.9998 0.0000 0.0000 0.0000 1.7787 0.0573 -0.8620 1.7787 0.0573 -0.8620 -60.6337 82.0768 46.3996 -2.3015 46.4224 -23.8752 -35.6458 44.3432 -97.4937 5.0286 0.9747 5.9653 0.0000 -0.0001 0.0001 0.0000 0.0000 0.0000 0.0000 -0.0006 0.0003 0.0000 -0.0001 0.0001 0.0000 0.0000 0.0000 0.0000 0.0000 0.0000 0.0000 0.0007 0.0001 0.0000 -0.0012 0.0001 0.0000 -0.0008 0.0003 0.0000 0.0001 0.0000 0.0000 0.0000 0.0000 0.0000 -0.0008 0.0000 0.0000 0.0002 -29.9997 -0.0001 -0.0003 29.9996 0.0000 0.0000 0.0000 -1.0353 1.9905 178.1411 -14.7788 -5.7882 -0.4241 0.8686 73.8989 10.3436 0.0000 25.3510 0.0000 2.6009 -7.9745 179.6041 -0.0397 -4.7361 -0.0811 7.5586 62.9908 5.6890 0.0000 25.3508 -0.0001 
14.2385 96.2101 -35.9338 -3.1434 0.8729 -1.0622 -0.9979 0.6359 0.7997 -0.9980 0.6361 0.7998 -1.0008 0.6379 0.8021 58.8702 84.1944 -43.2992 -43.4031 46.1882 -31.8387 -79.4888 -6.4465 8.4991 0.2663 -1.4112 -2.5171 0.0000 0.0000 0.0001 0.0000 0.0000 0.0000 0.0000 -0.0013 -0.0008 0.0000 -0.0004 0.0001 0.0000 0.0000 0.0000 0.0000 0.0000 0.0000 0.0000 0.0002 0.0000 0.0000 -0.0006 0.0003 0.0000 0.0004 -0.0006 0.0000 0.0000 0.0001 0.0000 0.0000 0.0000 0.0000 -0.0010 -0.0002 0.0000 0.0002 30.0001 -0.0001 0.0005 -29.9998 0.0000 0.0000 0.0000 1.5921 0.1711 -0.7357 1.5921 0.1711 -0.7357 -60.0407 82.0617 46.9910 -4.1359 45.8258 -24.5776 -33.3341 43.5320 -92.4800 4.8984 1.5314 5.6888 0.0000 -0.0001 0.0001 0.0000 0.0000 0.0000 0.0000 -0.0006 0.0003 0.0000 -0.0001 0.0001 0.0000 0.0000 0.0000 0.0000 0.0000 0.0000 0.0000 0.0007 0.0001 0.0000 -0.0011 0.0001 0.0000 -0.0008 0.0003 0.0000 0.0001 0.0000 0.0000 0.0000 0.0000 0.0000 -0.0009 0.0000 0.0000 0.0002 -29.9996 -0.0001 -0.0003 29.9996 0.0000 0.0000 0.0000 -0.9620 1.9996 178.2033 -14.3665 -5.7154 -0.4289 0.8202 73.8758 10.0907 0.0000 25.3510 0.0000 2.3194 -7.8267 179.5694 -0.0382 -4.4693 -0.0812 7.7406 62.9160 5.6365 0.0000 25.3508 -0.0001 
14.1609 96.2241 -35.8560 -2.5594 0.9298 -1.0393 -0.8846 0.5961 0.7347 -0.8847 0.5962 0.7348 -0.8872 0.5979 0.7369 59.6380 84.3807 -42.6588 -47.6148 45.9421 -34.2267 -83.0950 -0.6242 12.3924 0.2602 -1.9546 -2.5866 0.0000 0.0000 0.0001 0.0000 0.0000 0.0000 0.0000 -0.0013 -0.0008 0.0000 -0.0004 0.0001 0.0000 0.0000 0.0000 0.0000 0.0000 0.0000 0.0000 0.0002 0.0000 0.0000 -0.0006 0.0003 0.0000 0.0004 -0.0006 0.0000 0.0000 0.0001 0.0000 0.0000 0.0000 0.0000 -0.0010 -0.0002 0.0000 0.0002 30.0001 -0.0001 0.0005 -29.9998 0.0000 0.0000 0.0000 1.3618 0.2686 -0.5966 1.3618 0.2686 -0.5966 -59.4375 82.0780 47.6409 -5.7407 45.3248 -25.0630 -30.8436 42.5607 -86.9714 4.7413 2.0765 5.4107 0.0000 -0.0001 0.0001 0.0000 0.0000 0.0000 0.0000 -0.0006 0.0003 0.0000 -0.0001 0.0001 0.0000 0.0000 0.0000 0.0000 0.0000 0.0000 0.0000 0.0007 0.0001 0.0000 -0.0012 0.0001 0.0000 -0.0008 0.0003 0.0000 0.0001 0.0000 0.0000 0.0000 0.0000 0.0000 -0.0009 0.0000 0.0000 0.0002 -29.9996 -0.0001 -0.0003 29.9996 0.0000 0.0000 0.0000 -0.8565 2.0156 178.2713 -13.9318 -5.6508 -0.4333 0.7752 73.8628 9.7976 0.0000 25.3510 0.0000 2.0303 -7.6864 179.5380 -0.0366 -4.2349 -0.0814 7.9301 62.8566 5.5672 0.0000 25.3508 -0.0001 
14.0842 96.2356 -35.7581 -1.9295 0.9780 -1.0191 -0.7652 0.5637 0.6653 -0.7652 0.5638 0.6654 -0.7674 0.5655 0.6673 59.6425 84.5927 -42.7910 -50.0227 46.2570 -35.0154 -85.1214 5.0732 15.7805 0.2713 -2.4962 -2.7501 0.0000 0.0000 0.0001 0.0000 0.0000 0.0000 0.0000 -0.0013 -0.0008 0.0000 -0.0004 0.0001 0.0000 0.0000 0.0000 0.0000 0.0000 0.0000 0.0000 0.0002 0.0000 0.0000 -0.0006 0.0003 0.0000 0.0004 -0.0006 0.0000 0.0000 0.0001 0.0000 0.0000 0.0000 0.0000 -0.0010 -0.0002 0.0000 0.0002 30.0001 -0.0001 0.0005 -29.9998 0.0000 0.0000 0.0000 1.0739 0.3442 -0.4467 1.0739 0.3442 -0.4467 -58.8774 82.1307 48.3085 -7.1469 44.9748 -25.3816 -28.0540 41.3699 -80.8623 4.5497 2.6031 5.1413 0.0000 -0.0001 0.0001 0.0000 0.0000 0.0000 0.0000 -0.0007 0.0003 0.0000 -0.0001 0.0001 0.0000 0.0000 0.0000 0.0000 0.0000 0.0000 0.0000 0.0007 0.0001 0.0000 -0.0011 0.0001 0.0000 -0.0008 0.0003 0.0000 0.0001 0.0000 0.0000 0.0000 0.0000 0.0000 -0.0009 0.0000 0.0000 0.0002 -29.9996 -0.0001 -0.0003 29.9996 0.0000 0.0000 0.0000 -0.7155 2.0449 178.3432 -13.4826 -5.5885 -0.4392 0.7787 73.8590 9.4895 0.0000 25.3510 0.0000 1.7243 -7.5537 179.5232 -0.0342 -4.0390 -0.0815 8.0965 62.8135 5.4406 0.0000 25.3508 -0.0001 
14.0229 96.2471 -35.6562 -1.2719 1.0228 -1.0023 -0.6602 0.5420 0.5962 -0.6603 0.5421 0.5963 -0.6622 0.5437 0.5980 58.8280 84.8410 -43.8087 -51.3180 46.9145 -34.8211 -85.9799 10.5980 19.0030 0.2945 -3.0664 -2.9900 0.0000 0.0000 0.0001 0.0000 0.0000 0.0000 0.0000 -0.0013 -0.0008 0.0000 -0.0004 0.0001 0.0000 0.0000 0.0000 0.0000 0.0000 0.0000 0.0000 0.0002 0.0000 0.0000 -0.0006 0.0003 0.0000 0.0004 -0.0006 0.0000 0.0000 0.0001 0.0000 0.0000 0.0000 0.0000 -0.0010 -0.0002 0.0000 0.0002 30.0001 -0.0001 0.0005 -29.9998 0.0000 0.0000 0.0000 0.7856 0.4003 -0.3050 0.7856 0.4003 -0.3050 -58.1577 82.1877 49.1310 -8.8258 44.7744 -25.7577 -25.0491 39.9325 -74.2765 4.1357 2.9625 4.6919 0.0000 -0.0001 0.0001 0.0000 0.0000 0.0000 0.0000 -0.0006 0.0003 0.0000 -0.0001 0.0001 0.0000 0.0000 0.0000 0.0000 0.0000 0.0000 0.0000 0.0007 0.0001 0.0000 -0.0011 0.0001 0.0000 -0.0008 0.0003 0.0000 0.0001 0.0000 0.0000 0.0000 0.0000 0.0000 -0.0008 0.0000 0.0000 0.0002 -29.9996 -0.0001 -0.0003 29.9996 0.0000 0.0000 0.0000 -0.5606 2.0709 178.4153 -13.0167 -5.5266 -0.4507 0.8453 73.8506 9.2296 0.0000 25.3510 0.0000 1.4141 -7.4058 179.5162 -0.0321 -3.8402 -0.0816 8.2547 62.7752 5.2776 0.0000 25.3508 -0.0001 
13.9774 96.2605 -35.5626 -0.5966 1.0672 -0.9892 -0.5713 0.5313 0.5277 -0.5713 0.5313 0.5278 -0.5730 0.5329 0.5293 57.4144 85.1042 -45.4396 -51.8815 47.7203 -34.0149 -85.9269 16.0215 22.2120 0.3248 -3.6865 -3.3001 0.0000 0.0000 0.0001 0.0000 0.0000 0.0000 0.0000 -0.0013 -0.0008 0.0000 -0.0004 0.0001 0.0000 0.0000 0.0000 0.0000 0.0000 0.0000 0.0000 0.0002 0.0000 0.0000 -0.0006 0.0003 0.0000 0.0004 -0.0006 0.0000 0.0000 0.0001 0.0000 0.0000 0.0000 0.0000 -0.0010 -0.0002 0.0000 0.0002 30.0001 -0.0001 0.0005 -29.9998 0.0000 0.0000 0.0000 0.5126 0.4388 -0.1722 0.5126 0.4388 -0.1722 -57.1867 82.2379 50.1584 -10.8923 44.8134 -26.1585 -21.9970 38.2635 -67.4419 3.4373 3.0068 3.9770 0.0000 -0.0001 0.0001 0.0000 0.0000 0.0000 0.0000 -0.0006 0.0003 0.0000 -0.0001 0.0001 0.0000 0.0000 0.0000 0.0000 0.0000 0.0000 0.0000 0.0007 0.0001 0.0000 -0.0012 0.0001 0.0000 -0.0008 0.0003 0.0000 0.0001 0.0000 0.0000 0.0000 0.0000 0.0000 -0.0009 0.0000 0.0000 0.0002 -29.9996 -0.0001 -0.0003 29.9996 0.0000 0.0000 0.0000 -0.4052 2.0820 178.4887 -12.5283 -5.4721 -0.4666 0.9462 73.8345 9.0180 0.0000 25.3510 0.0000 1.1113 -7.2192 179.5126 -0.0303 -3.5929 -0.0818 8.4137 62.7250 5.0894 0.0000 25.3508 -0.0001 
13.9444 96.2791 -35.4951 0.0893 1.1137 -0.9809 -0.4993 0.5308 0.4590 -0.4994 0.5309 0.4590 -0.5008 0.5324 0.4603 55.5399 85.3751 -47.5334 -51.7994 48.5996 -32.7981 -84.8859 21.6923 25.7880 0.3537 -4.3838 -3.7121 0.0000 0.0000 0.0001 0.0000 0.0000 0.0000 0.0000 -0.0013 -0.0008 0.0000 -0.0004 0.0001 0.0000 0.0000 0.0000 0.0000 0.0000 0.0000 0.0000 0.0002 0.0000 0.0000 -0.0006 0.0003 0.0000 0.0004 -0.0006 0.0000 0.0000 0.0001 0.0000 0.0000 0.0000 0.0000 -0.0010 -0.0002 0.0000 0.0002 30.0001 -0.0001 0.0005 -29.9998 0.0000 0.0000 0.0000 0.2679 0.4602 -0.0451 0.2679 0.4602 -0.0451 -55.8941 82.3003 51.4860 -12.6150 45.0076 -26.3712 -18.8652 36.3694 -60.3731 2.8158 2.9825 3.3535 0.0000 -0.0001 0.0001 0.0000 0.0000 0.0000 0.0000 -0.0006 0.0003 0.0000 -0.0001 0.0001 0.0000 0.0000 0.0000 0.0000 0.0000 0.0000 0.0000 0.0007 0.0001 0.0000 -0.0012 0.0001 0.0000 -0.0008 0.0003 0.0000 0.0001 0.0000 0.0000 0.0000 0.0000 0.0000 -0.0008 0.0000 0.0000 0.0002 -29.9997 -0.0001 -0.0003 29.9996 0.0000 0.0000 0.0000 -0.2630 2.0623 178.5672 -12.0086 -5.4443 -0.4817 1.0468 73.8137 8.8478 0.0000 25.3510 0.0000 0.8516 -6.9872 179.5092 -0.0277 -3.2674 -0.0819 8.6015 62.6438 4.8800 0.0000 25.3508 -0.0001 
13.9051 96.2992 -35.4351 0.7655 1.1605 -0.9744 -0.4329 0.5339 0.3878 -0.4329 0.5340 0.3878 -0.4342 0.5356 0.3889 53.5741 85.6308 -49.7168 -51.6331 49.4904 -31.7255 -82.5841 27.2434 29.9938 0.3817 -5.1142 -4.2054 0.0000 0.0000 0.0001 0.0000 0.0000 0.0000 0.0000 -0.0013 -0.0008 0.0000 -0.0004 0.0001 0.0000 0.0000 0.0000 0.0000 0.0000 0.0000 0.0000 0.0002 0.0000 0.0000 -0.0006 0.0003 0.0000 0.0004 -0.0006 0.0000 0.0000 0.0001 0.0000 0.0000 0.0000 0.0000 -0.0010 -0.0002 0.0000 0.0002 30.0001 -0.0001 0.0005 -29.9998 0.0000 0.0000 0.0000 0.0434 0.4681 0.0985 0.0434 0.4681 0.0985 -54.3928 82.3782 53.0063 -14.0175 45.3682 -26.3854 -15.8000 34.1922 -53.3576 2.2805 2.9084 2.8245 0.0000 -0.0001 0.0001 0.0000 0.0000 0.0000 0.0000 -0.0006 0.0003 0.0000 -0.0001 0.0001 0.0000 0.0000 0.0000 0.0000 0.0000 0.0000 0.0000 0.0007 0.0001 0.0000 -0.0011 0.0001 0.0000 -0.0008 0.0003 0.0000 0.0001 0.0000 0.0000 0.0000 0.0000 0.0000 -0.0009 0.0000 0.0000 0.0002 -29.9996 -0.0001 -0.0003 29.9996 0.0000 0.0000 0.0000 -0.1437 2.0213 178.6497 -11.4895 -5.4436 -0.4907 1.1110 73.7992 8.6698 0.0000 25.3510 0.0000 0.6206 -6.7338 179.5120 -0.0239 -2.9040 -0.0821 8.7944 62.5484 4.6598 0.0000 25.3508 -0.0001 
13.8617 96.3193 -35.3631 1.4215 1.2076 -0.9704 -0.3667 0.5411 0.3151 -0.3667 0.5412 0.3151 -0.3678 0.5428 0.3161 51.5476 85.8734 -51.9616 -51.4929 50.3632 -30.9026 -79.0288 32.4330 34.9276 0.3928 -5.7851 -4.7362 0.0000 0.0000 0.0001 0.0000 0.0000 0.0000 0.0000 -0.0013 -0.0008 0.0000 -0.0004 0.0001 0.0000 0.0000 0.0000 0.0000 0.0000 0.0000 0.0000 0.0003 0.0000 0.0000 -0.0006 0.0003 0.0000 0.0004 -0.0006 0.0000 0.0000 0.0001 0.0000 0.0000 0.0000 0.0000 -0.0010 -0.0002 0.0000 0.0002 30.0001 -0.0001 0.0005 -29.9998 0.0000 0.0000 0.0000 -0.1639 0.4598 0.2591 -0.1639 0.4598 0.2591 -52.7001 82.4657 54.7086 -15.0980 45.8956 -26.1850 -12.9192 31.7147 -46.5139 1.8261 2.8028 2.3806 0.0000 -0.0001 0.0001 0.0000 0.0000 0.0000 0.0000 -0.0006 0.0003 0.0000 -0.0001 0.0001 0.0000 0.0000 0.0000 0.0000 0.0000 0.0000 0.0000 0.0007 0.0001 0.0000 -0.0012 0.0001 0.0000 -0.0008 0.0003 0.0000 0.0001 0.0000 0.0000 0.0000 0.0000 0.0000 -0.0009 0.0000 0.0000 0.0002 -29.9996 -0.0001 -0.0003 29.9996 0.0000 0.0000 0.0000 -0.0427 1.9676 178.7357 -10.9870 -5.4616 -0.4966 1.1436 73.7918 8.4771 0.0000 25.3510 0.0000 0.4111 -6.4905 179.5185 -0.0201 -2.5665 -0.0823 9.0032 62.4710 4.4567 0.0000 25.3508 -0.0001 
13.8272 96.3370 -35.2531 2.0378 1.2542 -0.9779 -0.2958 0.5538 0.2458 -0.2958 0.5538 0.2458 -0.2966 0.5555 0.2465 49.9302 86.0785 -53.7317 -51.6873 51.3037 -31.0717 -74.0824 36.9791 40.7262 0.3002 -5.9438 -5.0751 0.0000 0.0000 0.0001 0.0000 0.0000 0.0000 0.0000 -0.0013 -0.0008 0.0000 -0.0004 0.0001 0.0000 0.0000 0.0000 0.0000 0.0000 0.0000 0.0000 0.0002 0.0000 0.0000 -0.0006 0.0003 0.0000 0.0004 -0.0006 0.0000 0.0000 0.0001 0.0000 0.0000 0.0000 0.0000 -0.0010 -0.0002 0.0000 0.0002 30.0001 -0.0001 0.0005 -29.9998 0.0000 0.0000 0.0000 -0.3506 0.4297 0.4316 -0.3506 0.4297 0.4316 -50.8346 82.5607 56.5700 -15.7004 46.6465 -25.6120 -10.2246 28.9808 -39.8670 1.4455 2.6763 2.0219 0.0000 -0.0001 0.0001 0.0000 0.0000 0.0000 0.0000 -0.0006 0.0003 0.0000 -0.0001 0.0001 0.0000 0.0000 0.0000 0.0000 0.0000 0.0000 0.0000 0.0007 0.0001 0.0000 -0.0012 0.0001 0.0000 -0.0008 0.0003 0.0000 0.0001 0.0000 0.0000 0.0000 0.0000 0.0000 -0.0008 0.0000 0.0000 0.0002 -29.9997 -0.0001 -0.0003 29.9996 0.0000 0.0000 0.0000 0.0396 1.9087 178.8355 -10.5156 -5.4966 -0.5088 1.1407 73.7951 8.2689 0.0000 25.3510 0.0000 0.2200 -6.1996 179.5320 -0.0161 -2.1732 -0.0824 9.2168 62.3868 4.2840 0.0000 25.3508 -0.0001 
13.8120 96.3553 -35.1196 2.6211 1.2990 -1.0014 -0.2196 0.5675 0.1866 -0.2196 0.5676 0.1866 -0.2202 0.5693 0.1872 48.4264 86.2631 -55.3538 -51.7927 52.1587 -31.3142 -68.0121 40.6936 47.3505 0.1813 -6.0487 -5.4566 0.0000 0.0000 0.0001 0.0000 0.0000 0.0000 0.0000 -0.0013 -0.0008 0.0000 -0.0004 0.0001 0.0000 0.0000 0.0000 0.0000 0.0000 0.0000 0.0000 0.0002 0.0000 0.0000 -0.0006 0.0003 0.0000 0.0004 -0.0006 0.0000 0.0000 0.0001 0.0000 0.0000 0.0000 0.0000 -0.0010 -0.0002 0.0000 0.0002 30.0001 -0.0001 0.0005 -29.9998 0.0000 0.0000 0.0000 -0.5341 0.3970 0.5921 -0.5341 0.3970 0.5921 -48.9774 82.6556 58.4158 -15.8643 47.5724 -24.6889 -7.7023 26.0829 -33.4937 1.1307 2.5403 1.7375 0.0000 -0.0001 0.0001 0.0000 0.0000 0.0000 0.0000 -0.0006 0.0003 0.0000 -0.0001 0.0001 0.0000 0.0000 0.0000 0.0000 0.0000 0.0000 0.0000 0.0007 0.0001 0.0000 -0.0012 0.0001 0.0000 -0.0008 0.0003 0.0000 0.0001 0.0000 0.0000 0.0000 0.0000 0.0000 -0.0009 0.0000 0.0000 0.0002 -29.9996 -0.0001 -0.0003 29.9996 0.0000 0.0000 0.0000 0.1186 1.8547 178.9516 -10.0678 -5.5443 -0.5236 1.1075 73.8130 8.0351 0.0000 25.3510 0.0000 0.0282 -5.6703 179.5527 -0.0094 -1.3300 -0.0826 9.3650 62.0911 4.0726 0.0000 25.3508 -0.0001 
13.8073 96.3749 -34.9726 3.1774 1.3438 -1.0388 -0.1412 0.5802 0.1380 -0.1412 0.5803 0.1380 -0.1416 0.5820 0.1384 46.8635 86.4313 -57.0088 -51.6505 52.9233 -31.4193 -61.1486 43.4811 54.6148 0.0339 -6.1052 -5.8695 0.0000 0.0000 0.0001 0.0000 0.0000 0.0000 0.0000 -0.0013 -0.0008 0.0000 -0.0004 0.0001 0.0000 0.0000 0.0000 0.0000 0.0000 0.0000 0.0000 0.0002 0.0000 0.0000 -0.0006 0.0003 0.0000 0.0004 -0.0006 0.0000 0.0000 0.0001 0.0000 0.0000 0.0000 0.0000 -0.0010 -0.0002 0.0000 0.0002 30.0001 -0.0001 0.0005 -29.9998 0.0000 0.0000 0.0000 -0.7112 0.3746 0.7317 -0.7112 0.3746 0.7317 -47.1457 82.7472 60.2337 -15.6456 48.6372 -23.4528 -5.2867 23.0336 -27.4543 0.8723 2.4038 1.5183 0.0000 -0.0001 0.0001 0.0000 0.0000 0.0000 0.0000 -0.0006 0.0003 0.0000 -0.0001 0.0001 0.0000 0.0000 0.0000 0.0000 0.0000 0.0000 0.0000 0.0007 0.0001 0.0000 -0.0012 0.0001 0.0000 -0.0008 0.0003 0.0000 0.0001 0.0000 0.0000 0.0000 0.0000 0.0000 -0.0008 0.0000 0.0000 0.0002 -29.9996 -0.0001 -0.0003 29.9996 0.0000 0.0000 0.0000 0.1984 1.8022 179.0779 -9.6472 -5.6034 -0.5350 1.0562 73.8428 7.7776 0.0000 25.3510 0.0000 -0.1748 -5.1728 179.5850 -0.0039 -0.5622 -0.0827 9.5064 61.8387 3.8900 0.0000 25.3508 -0.0001 
13.7986 96.3938 -34.8136 3.6981 1.3917 -1.0942 -0.0641 0.5899 0.1033 -0.0641 0.5900 0.1033 -0.0643 0.5917 0.1036 45.6437 86.5804 -58.2929 -50.8596 53.5574 -30.9276 -54.1670 45.2870 61.9421 -0.1522 -6.1098 -6.3070 0.0000 0.0000 0.0001 0.0000 0.0000 0.0000 0.0000 -0.0013 -0.0008 0.0000 -0.0004 0.0001 0.0000 0.0000 0.0000 0.0000 0.0000 0.0000 0.0000 0.0002 0.0000 0.0000 -0.0006 0.0003 0.0000 0.0004 -0.0006 0.0000 0.0000 0.0001 0.0000 0.0000 0.0000 0.0000 -0.0010 -0.0002 0.0000 0.0002 30.0001 -0.0001 0.0005 -29.9998 0.0000 0.0000 0.0000 -0.8732 0.3741 0.8265 -0.8732 0.3741 0.8265 -45.4158 82.8351 61.9487 -14.9172 49.8566 -21.7766 -2.7416 19.8772 -21.7582 0.6624 2.2694 1.3676 0.0000 -0.0001 0.0001 0.0000 0.0000 0.0000 0.0000 -0.0006 0.0003 0.0000 -0.0001 0.0001 0.0000 0.0000 0.0000 0.0000 0.0000 0.0000 0.0000 0.0007 0.0001 0.0000 -0.0012 0.0001 0.0000 -0.0008 0.0003 0.0000 0.0001 0.0000 0.0000 0.0000 0.0000 0.0000 -0.0009 0.0000 0.0000 0.0002 -29.9996 -0.0001 -0.0003 29.9996 0.0000 0.0000 0.0000 0.2779 1.7484 179.2111 -9.2665 -5.6741 -0.5448 1.0139 73.8823 7.5263 0.0000 25.3510 0.0000 -0.3911 -4.7778 179.6435 0.0000 0.0000 -0.0827 9.6302 61.6946 3.7317 0.0000 25.3508 -0.0001 
13.7755 96.4102 -34.6468 4.1942 1.4451 -1.1580 0.0110 0.5935 0.0760 0.0110 0.5935 0.0760 0.0110 0.5953 0.0762 45.1210 86.7266 -58.8480 -49.5726 54.0947 -29.9013 -47.3293 46.2691 69.1284 -0.3726 -6.0771 -6.7540 0.0000 0.0000 0.0001 0.0000 0.0000 0.0000 0.0000 -0.0013 -0.0008 0.0000 -0.0004 0.0001 0.0000 0.0000 0.0000 0.0000 0.0000 0.0000 0.0000 0.0002 0.0000 0.0000 -0.0006 0.0003 0.0000 0.0004 -0.0006 0.0000 0.0000 0.0001 0.0000 0.0000 0.0000 0.0000 -0.0010 -0.0002 0.0000 0.0002 30.0001 -0.0001 0.0005 -29.9998 0.0000 0.0000 0.0000 -1.0236 0.3983 0.8842 -1.0236 0.3983 0.8842 -43.8150 82.9267 63.5410 -13.7076 51.1548 -19.6655 -0.0384 16.5877 -16.4151 0.4902 2.1527 1.2630 0.0000 -0.0001 0.0001 0.0000 0.0000 0.0000 0.0000 -0.0006 0.0003 0.0000 -0.0001 0.0001 0.0000 0.0000 0.0000 0.0000 0.0000 0.0000 0.0000 0.0007 0.0001 0.0000 -0.0012 0.0001 0.0000 -0.0008 0.0003 0.0000 0.0001 0.0000 0.0000 0.0000 0.0000 0.0000 -0.0009 0.0000 0.0000 0.0002 -29.9996 -0.0001 -0.0003 29.9996 0.0000 0.0000 0.0000 0.3416 1.6934 179.3419 -8.9022 -5.7456 -0.5607 0.9855 73.9194 7.3186 0.0000 25.3510 0.0000 -0.5891 -4.6669 179.7217 0.0000 0.0000 -0.0827 9.8151 61.8332 3.6418 0.0000 25.3508 -0.0001 
13.7437 96.4234 -34.4717 4.6688 1.5040 -1.2219 0.0864 0.5876 0.0529 0.0864 0.5877 0.0530 0.0867 0.5895 0.0531 45.1967 86.8826 -58.7663 -47.9440 54.5016 -28.4686 -40.7734 46.4457 75.9827 -0.6236 -5.9970 -7.2116 0.0000 0.0000 0.0001 0.0000 0.0000 0.0000 0.0000 -0.0013 -0.0008 0.0000 -0.0004 0.0001 0.0000 0.0000 0.0000 0.0000 0.0000 0.0000 0.0000 0.0002 0.0000 0.0000 -0.0006 0.0003 0.0000 0.0004 -0.0006 0.0000 0.0000 0.0001 0.0000 0.0000 0.0000 0.0000 -0.0010 -0.0002 0.0000 0.0002 30.0001 -0.0001 0.0005 -29.9998 0.0000 0.0000 0.0000 -1.1678 0.4518 0.9139 -1.1678 0.4518 0.9139 -42.4018 83.0268 64.9573 -12.0435 52.5006 -17.1116 2.8507 13.1397 -11.5043 0.3467 2.0431 1.1989 0.0000 -0.0001 0.0001 0.0000 0.0000 0.0000 0.0000 -0.0006 0.0003 0.0000 -0.0001 0.0001 0.0000 0.0000 0.0000 0.0000 0.0000 0.0000 0.0000 0.0007 0.0001 0.0000 -0.0012 0.0001 0.0000 -0.0008 0.0003 0.0000 0.0001 0.0000 0.0000 0.0000 0.0000 0.0000 -0.0008 0.0000 0.0000 0.0002 -29.9996 -0.0001 -0.0003 29.9996 0.0000 0.0000 0.0000 0.3792 1.6369 179.4640 -8.5497 -5.8180 -0.5790 0.9442 73.9541 7.1373 0.0000 25.3510 0.0000 -0.7659 -4.5587 179.8072 0.0000 0.0000 -0.0827 9.9857 61.9760 3.5323 0.0000 25.3508 -0.0001 
13.7168 96.4344 -34.2861 5.1091 1.5724 -1.2757 0.1652 0.5643 0.0314 0.1652 0.5644 0.0314 0.1657 0.5661 0.0315 46.0628 87.0510 -57.8489 -45.9886 54.6670 -26.6005 -34.7976 45.7823 82.0149 -0.9118 -5.8340 -7.6898 0.0000 0.0000 0.0001 0.0000 0.0000 0.0000 0.0000 -0.0013 -0.0008 0.0000 -0.0004 0.0001 0.0000 0.0000 0.0000 0.0000 0.0000 0.0000 0.0000 0.0002 -0.0001 0.0000 -0.0006 0.0003 0.0000 0.0004 -0.0006 0.0000 0.0000 0.0001 0.0000 0.0000 0.0000 0.0000 -0.0010 -0.0002 0.0000 0.0002 30.0001 -0.0001 0.0005 -29.9998 0.0000 0.0000 0.0000 -1.3070 0.5513 0.9156 -1.3070 0.5513 0.9156 -41.2365 83.1442 66.1627 -9.8205 53.9181 -13.9974 6.3098 9.5378 -7.1466 0.2272 1.9173 1.1844 0.0000 -0.0001 0.0001 0.0000 0.0000 0.0000 0.0000 -0.0007 0.0003 0.0000 -0.0001 0.0001 0.0000 0.0000 0.0000 0.0000 0.0000 0.0000 0.0000 0.0007 0.0001 0.0000 -0.0012 0.0001 0.0000 -0.0008 0.0003 0.0000 0.0001 0.0000 0.0000 0.0000 0.0000 0.0000 -0.0009 0.0000 0.0000 0.0002 -29.9997 -0.0001 -0.0003 29.9996 0.0000 0.0000 0.0000 0.3700 1.5820 179.5631 -8.2485 -5.8922 -0.5856 0.8644 73.9916 6.9492 0.0000 25.3510 0.0000 -0.9064 -4.4570 179.8807 0.0000 0.0001 -0.0827 10.1596 62.1241 3.4219 0.0000 25.3508 -0.0001 
13.7011 96.4446 -34.0876 5.5170 1.6498 -1.3200 0.2467 0.5273 0.0092 0.2467 0.5274 0.0092 0.2475 0.5290 0.0093 47.9818 87.2070 -55.8612 -43.9121 54.6377 -24.4840 -29.4415 44.5265 87.1180 -1.2315 -5.5958 -8.1683 0.0000 0.0000 0.0001 0.0000 0.0000 0.0000 0.0000 -0.0013 -0.0008 0.0000 -0.0004 0.0001 0.0000 0.0000 0.0000 0.0000 0.0000 0.0000 0.0000 0.0002 0.0000 0.0000 -0.0006 0.0003 0.0000 0.0004 -0.0006 0.0000 0.0000 0.0001 0.0000 0.0000 0.0000 0.0000 -0.0010 -0.0002 0.0000 0.0002 30.0001 -0.0001 0.0005 -29.9998 0.0000 0.0000 0.0000 -1.4405 0.6751 0.9039 -1.4405 0.6751 0.9039 -40.2763 83.2767 67.1974 -7.1042 55.3496 -10.4376 10.2691 5.7892 -3.4731 0.1275 1.7714 1.2028 0.0000 -0.0001 0.0001 0.0000 0.0000 0.0000 0.0000 -0.0006 0.0003 0.0000 -0.0001 0.0001 0.0000 0.0000 0.0000 0.0000 0.0000 0.0000 0.0000 0.0007 0.0001 0.0000 -0.0012 0.0001 0.0000 -0.0008 0.0003 0.0000 0.0001 0.0000 0.0000 0.0000 0.0000 0.0000 -0.0009 0.0000 0.0000 0.0002 -29.9997 -0.0001 -0.0003 29.9996 0.0000 0.0000 0.0000 0.3084 1.5341 179.6378 -8.0255 -5.9557 -0.5787 0.7715 74.0287 6.7532 0.0000 25.3510 0.0000 -1.0152 -4.3598 179.9393 0.0000 0.0000 -0.0827 10.3479 62.2770 3.3294 0.0000 25.3508 -0.0001 
13.6922 96.4539 -33.8793 5.8949 1.7356 -1.3582 0.3284 0.4814 -0.0112 0.3284 0.4814 -0.0112 0.3294 0.4829 -0.0112 50.7904 87.3374 -52.9695 -41.8185 54.4049 -22.2388 -24.6258 42.9364 91.3132 -1.5810 -5.2929 -8.6265 0.0000 0.0000 0.0001 0.0000 0.0000 0.0000 0.0000 -0.0013 -0.0008 0.0000 -0.0004 0.0001 0.0000 0.0000 0.0000 0.0000 0.0000 0.0000 0.0000 0.0002 0.0000 0.0000 -0.0006 0.0003 0.0000 0.0004 -0.0006 0.0000 0.0000 0.0001 0.0000 0.0000 0.0000 0.0000 -0.0010 -0.0002 0.0000 0.0002 30.0001 -0.0001 0.0005 -29.9998 0.0000 0.0000 0.0000 -1.5649 0.8111 0.8831 -1.5649 0.8111 0.8831 -39.5071 83.4210 68.0684 -3.8979 56.7269 -6.4356 14.7366 1.9857 -0.5412 0.0449 1.6003 1.2378 0.0000 -0.0001 0.0001 0.0000 0.0000 0.0000 0.0000 -0.0006 0.0003 0.0000 -0.0001 0.0001 0.0000 0.0000 0.0000 0.0000 0.0000 0.0000 0.0000 0.0007 0.0001 0.0000 -0.0012 0.0001 0.0000 -0.0008 0.0003 0.0000 0.0001 0.0000 0.0000 0.0000 0.0000 0.0000 -0.0009 0.0000 0.0000 0.0002 -29.9996 -0.0001 -0.0003 29.9996 0.0000 0.0000 0.0000 0.1975 1.4929 179.6950 -7.8679 -6.0035 -0.5655 0.6698 74.0604 6.5602 0.0000 25.3510 0.0000 -1.0973 -4.2924 179.9893 -0.0003 -0.0487 -0.0827 10.5570 62.4563 3.2630 0.0000 25.3508 -0.0001 
13.6777 96.4636 -33.6541 6.2279 1.8354 -1.3889 0.4050 0.4282 -0.0231 0.4050 0.4283 -0.0231 0.4062 0.4295 -0.0231 53.9344 87.4125 -49.7250 -39.7877 53.8345 -19.9676 -20.1544 41.3222 94.4546 -1.9725 -4.9253 -9.0387 0.0000 0.0000 0.0001 0.0000 0.0000 0.0000 0.0000 -0.0013 -0.0008 0.0000 -0.0004 0.0001 0.0000 0.0000 0.0000 0.0000 0.0000 0.0000 0.0000 0.0002 -0.0001 0.0000 -0.0006 0.0003 0.0000 0.0004 -0.0006 0.0000 0.0000 0.0001 0.0000 0.0000 0.0000 0.0000 -0.0010 -0.0002 0.0000 0.0002 30.0001 -0.0001 0.0005 -29.9998 0.0000 0.0000 0.0000 -1.6664 0.9518 0.8478 -1.6664 0.9518 0.8478 -39.0124 83.5617 68.7011 -0.0733 57.9826 -1.8998 20.0682 -1.5250 1.4460 -0.0174 1.3892 1.2879 0.0000 -0.0001 0.0001 0.0000 0.0000 0.0000 0.0000 -0.0006 0.0003 0.0000 -0.0001 0.0001 0.0000 0.0000 0.0000 0.0000 0.0000 0.0000 0.0000 0.0007 0.0001 0.0000 -0.0011 0.0001 0.0000 -0.0008 0.0003 0.0000 0.0001 0.0000 0.0000 0.0000 0.0000 0.0000 -0.0009 0.0000 0.0000 0.0002 -29.9996 -0.0001 -0.0003 29.9996 0.0000 0.0000 0.0000 0.0350 1.4619 179.7324 -7.7696 -6.0191 -0.5521 0.5446 74.0775 6.3782 0.0000 25.3510 0.0000 -1.1530 -4.1852 -179.9624 0.0000 0.0000 -0.0827 10.7387 62.5927 3.1870 0.0000 25.3508 -0.0001 
13.6588 96.4711 -33.4237 6.5242 1.9472 -1.4135 0.4706 0.3780 -0.0265 0.4706 0.3781 -0.0265 0.4720 0.3792 -0.0266 56.7619 87.4171 -46.7949 -37.7486 52.9957 -17.6559 -15.8196 39.9460 96.8587 -2.3998 -4.5279 -9.3798 0.0000 0.0000 0.0001 0.0000 0.0000 0.0000 0.0000 -0.0013 -0.0008 0.0000 -0.0004 0.0001 0.0000 0.0000 0.0000 0.0000 0.0000 0.0000 0.0000 0.0002 -0.0001 0.0000 -0.0006 0.0003 0.0000 0.0004 -0.0006 0.0000 0.0000 0.0001 0.0000 0.0000 0.0000 0.0000 -0.0010 -0.0002 0.0000 0.0002 30.0001 -0.0001 0.0005 -29.9998 0.0000 0.0000 0.0000 -1.7389 1.0816 0.8047 -1.7389 1.0816 0.8047 -38.5631 83.6674 69.3138 4.4437 59.0361 3.1749 26.0347 -4.5789 2.5673 -0.0617 1.1418 1.3288 0.0000 -0.0001 0.0001 0.0000 0.0000 0.0000 0.0000 -0.0006 0.0003 0.0000 -0.0001 0.0001 0.0000 0.0000 0.0000 0.0000 0.0000 0.0000 0.0000 0.0007 0.0001 0.0000 -0.0012 0.0001 0.0000 -0.0008 0.0003 0.0000 0.0001 0.0000 0.0000 0.0000 0.0000 0.0000 -0.0009 0.0000 0.0000 0.0002 -29.9997 -0.0001 -0.0003 29.9996 0.0000 0.0000 0.0000 -0.1438 1.4386 179.7575 -7.7226 -6.0145 -0.5312 0.3969 74.0894 6.1736 0.0000 25.3510 0.0000 -1.1883 -4.1159 -179.9162 0.0000 0.0000 -0.0827 10.9221 62.7526 3.1297 0.0000 25.3508 -0.0001 
13.6378 96.4767 -33.1919 6.7891 2.0686 -1.4317 0.5218 0.3335 -0.0234 0.5218 0.3336 -0.0234 0.5234 0.3346 -0.0234 59.3627 87.3540 -44.1011 -35.5790 51.9729 -15.2086 -11.5664 38.9516 98.7376 -2.8519 -4.1282 -9.6347 0.0000 0.0000 0.0001 0.0000 0.0000 0.0000 0.0000 -0.0013 -0.0008 0.0000 -0.0004 0.0001 0.0000 0.0000 0.0000 0.0000 0.0000 0.0000 0.0000 0.0003 0.0000 0.0000 -0.0006 0.0003 0.0000 0.0004 -0.0006 0.0000 0.0000 0.0001 0.0000 0.0000 0.0000 0.0000 -0.0010 -0.0002 0.0000 0.0002 30.0001 -0.0001 0.0005 -29.9998 0.0000 0.0000 0.0000 -1.7818 1.1949 0.7614 -1.7818 1.1949 0.7614 -38.0975 83.7392 69.9559 9.6808 59.8214 8.8090 32.5717 -7.0829 2.8779 -0.0897 0.8677 1.3437 0.0000 -0.0001 0.0001 0.0000 0.0000 0.0000 0.0000 -0.0006 0.0003 0.0000 -0.0001 0.0001 0.0000 0.0000 0.0000 0.0000 0.0000 0.0000 0.0000 0.0007 0.0001 0.0000 -0.0012 0.0001 0.0000 -0.0008 0.0003 0.0000 0.0001 0.0000 0.0000 0.0000 0.0000 0.0000 -0.0008 0.0000 0.0000 0.0002 -29.9997 -0.0001 -0.0003 29.9996 0.0000 0.0000 0.0000 -0.3331 1.4226 179.7685 -7.7340 -5.9935 -0.4961 0.2320 74.0991 5.9335 0.0000 25.3510 0.0000 -1.2060 -4.0595 -179.8740 0.0000 0.0001 -0.0827 11.1039 62.9104 3.0834 0.0000 25.3508 -0.0001 
13.6153 96.4777 -32.9605 7.0060 2.2022 -1.4412 0.5502 0.2983 -0.0120 0.5502 0.2984 -0.0120 0.5518 0.2993 -0.0120 61.7132 87.2032 -41.6731 -33.0035 50.8022 -12.3924 -7.4398 38.7010 100.0149 -3.3182 -3.7665 -9.7719 0.0000 0.0000 0.0001 0.0000 0.0000 0.0000 0.0000 -0.0013 -0.0008 0.0000 -0.0004 0.0001 0.0000 0.0000 0.0000 0.0000 0.0000 0.0000 0.0000 0.0002 0.0000 0.0000 -0.0007 0.0003 0.0000 0.0004 -0.0006 0.0000 0.0000 0.0001 0.0000 0.0000 0.0000 0.0000 -0.0010 -0.0002 0.0000 0.0002 30.0001 -0.0001 0.0005 -29.9998 0.0000 0.0000 0.0000 -1.7839 1.2776 0.7283 -1.7839 1.2776 0.7283 -37.5227 83.7705 70.7087 15.6742 60.1709 15.0397 39.5608 -8.5443 2.2298 -0.0996 0.5920 1.3449 0.0000 -0.0001 0.0001 0.0000 0.0000 0.0000 0.0000 -0.0006 0.0003 0.0000 -0.0001 0.0001 0.0000 0.0000 0.0000 0.0000 0.0000 0.0000 0.0000 0.0007 0.0001 0.0000 -0.0012 0.0001 0.0000 -0.0008 0.0003 0.0000 0.0001 0.0000 0.0000 0.0000 0.0000 0.0000 -0.0009 0.0000 0.0000 0.0002 -29.9996 -0.0001 -0.0003 29.9996 0.0000 0.0000 0.0000 -0.5245 1.4179 179.7635 -7.8273 -5.9500 -0.4463 0.0572 74.1090 5.6459 0.0000 25.3510 0.0000 -1.1993 -4.0218 -179.8389 0.0000 0.0000 -0.0827 11.2839 63.0636 3.0574 0.0000 25.3508 -0.0001 
13.5848 96.4779 -32.7252 7.1771 2.3448 -1.4427 0.5626 0.2695 0.0055 0.5626 0.2696 0.0055 0.5643 0.2704 0.0055 63.8926 87.0026 -39.4250 -30.1672 49.6433 -9.4487 -3.4690 38.9525 100.8910 -3.7956 -3.3748 -9.7719 0.0000 0.0000 0.0001 0.0000 0.0000 0.0000 0.0000 -0.0013 -0.0008 0.0000 -0.0004 0.0001 0.0000 0.0000 0.0000 0.0000 0.0000 0.0000 0.0000 0.0002 0.0000 0.0000 -0.0006 0.0003 0.0000 0.0004 -0.0006 0.0000 0.0000 0.0001 0.0000 0.0000 0.0000 0.0000 -0.0010 -0.0002 0.0000 0.0002 30.0001 -0.0001 0.0005 -29.9998 0.0000 0.0000 0.0000 -1.7612 1.3344 0.7075 -1.7612 1.3344 0.7075 -36.8137 83.7763 71.5917 21.9101 60.0448 21.4305 46.5221 -8.9244 0.9131 -0.0967 0.3276 1.3188 0.0000 -0.0001 0.0001 0.0000 0.0000 0.0000 0.0000 -0.0006 0.0003 0.0000 -0.0001 0.0001 0.0000 0.0000 0.0000 0.0000 0.0000 0.0000 0.0000 0.0007 0.0001 0.0000 -0.0012 0.0001 0.0000 -0.0008 0.0003 0.0000 0.0001 0.0000 0.0000 0.0000 0.0000 0.0000 -0.0009 0.0000 0.0000 0.0002 -29.9996 -0.0001 -0.0003 29.9996 0.0000 0.0000 0.0000 -0.6926 1.4205 179.7534 -7.9480 -5.8877 -0.4018 -0.1213 74.1174 5.3411 0.0000 25.3510 0.0000 -1.1802 -3.9967 -179.8049 0.0000 0.0000 -0.0827 11.4370 63.2155 3.0360 0.0000 25.3508 -0.0001 
13.5489 96.4786 -32.4869 7.3050 2.4943 -1.4367 0.5638 0.2462 0.0273 0.5639 0.2462 0.0273 0.5655 0.2469 0.0274 65.8446 86.7725 -37.4114 -26.7856 48.4520 -6.1058 0.1292 39.7117 101.3944 -4.2531 -2.9798 -9.6553 0.0000 0.0000 0.0001 0.0000 0.0000 0.0000 0.0000 -0.0013 -0.0008 0.0000 -0.0004 0.0001 0.0000 0.0000 0.0000 0.0000 0.0000 0.0000 0.0000 0.0002 0.0000 0.0000 -0.0006 0.0003 0.0000 0.0004 -0.0006 0.0000 0.0000 0.0001 0.0000 0.0000 0.0000 0.0000 -0.0010 -0.0002 0.0000 0.0002 30.0001 -0.0001 0.0005 -29.9998 0.0000 0.0000 0.0000 -1.7234 1.3678 0.6955 -1.7234 1.3678 0.6955 -36.0468 83.7697 72.5294 27.9286 59.4786 27.5501 53.2647 -8.2694 -0.7109 -0.0858 0.0844 1.2671 0.0000 -0.0001 0.0001 0.0000 0.0000 0.0000 0.0000 -0.0006 0.0003 0.0000 -0.0001 0.0001 0.0000 0.0000 0.0000 0.0000 0.0000 0.0000 0.0000 0.0007 0.0001 0.0000 -0.0012 0.0001 0.0000 -0.0008 0.0003 0.0000 0.0001 0.0000 0.0000 0.0000 0.0000 0.0000 -0.0009 0.0000 0.0000 0.0002 -29.9996 -0.0001 -0.0003 29.9996 0.0000 0.0000 0.0000 -0.8309 1.4212 179.7399 -8.0756 -5.8178 -0.3656 -0.3094 74.1228 5.0255 0.0000 25.3510 0.0000 -1.1514 -3.9822 -179.7737 0.0000 0.0001 -0.0827 11.5638 63.3657 3.0200 0.0000 25.3508 -0.0001 
13.5188 96.4795 -32.2501 7.3711 2.6498 -1.4223 0.5539 0.2307 0.0534 0.5539 0.2308 0.0534 0.5556 0.2315 0.0536 67.4607 86.5092 -35.7489 -22.3377 47.3333 -1.9501 2.9060 41.1765 101.2576 -4.6402 -2.6208 -9.4244 0.0000 0.0000 0.0001 0.0000 0.0000 0.0000 0.0000 -0.0013 -0.0008 0.0000 -0.0004 0.0001 0.0000 0.0000 0.0000 0.0000 0.0000 0.0000 0.0000 0.0003 0.0000 0.0000 -0.0006 0.0003 0.0000 0.0004 -0.0006 0.0000 0.0000 0.0001 0.0000 0.0000 0.0000 0.0000 -0.0010 -0.0002 0.0000 0.0002 30.0001 -0.0001 0.0005 -29.9998 0.0000 0.0000 0.0000 -1.6755 1.3697 0.6932 -1.6755 1.3697 0.6932 -35.2881 83.7541 73.4402 33.1379 58.5610 32.8444 59.4155 -6.4271 -2.4266 -0.0686 -0.1282 1.2099 0.0000 -0.0001 0.0001 0.0000 0.0000 0.0000 0.0000 -0.0006 0.0003 0.0000 -0.0001 0.0001 0.0000 0.0000 0.0000 0.0000 0.0000 0.0000 0.0000 0.0007 0.0001 0.0000 -0.0012 0.0001 0.0000 -0.0008 0.0003 0.0000 0.0001 0.0000 0.0000 0.0000 0.0000 0.0000 -0.0009 0.0000 0.0000 0.0002 -29.9996 -0.0001 -0.0003 29.9996 0.0000 0.0000 0.0000 -0.9136 1.4051 179.7261 -8.2069 -5.7610 -0.3397 -0.5105 74.1262 4.6916 0.0000 25.3510 0.0000 -1.1112 -3.9819 -179.7543 0.0000 0.0001 -0.0827 11.6676 63.5096 3.0309 0.0000 25.3508 -0.0001 
13.4982 96.4811 -32.0194 7.3929 2.8081 -1.4027 0.5369 0.2226 0.0832 0.5369 0.2227 0.0832 0.5385 0.2234 0.0834 68.3599 86.2294 -34.8107 -16.9658 46.2435 2.7934 4.8324 43.0331 100.6225 -4.9378 -2.2731 -9.1151 0.0000 0.0000 0.0001 0.0000 0.0000 0.0000 0.0000 -0.0013 -0.0008 0.0000 -0.0004 0.0001 0.0000 0.0000 0.0000 0.0000 0.0000 0.0000 0.0000 0.0003 0.0000 0.0000 -0.0006 0.0003 0.0000 0.0004 -0.0006 0.0000 0.0000 0.0001 0.0000 0.0000 0.0000 0.0000 -0.0010 -0.0002 0.0000 0.0002 30.0001 -0.0001 0.0005 -29.9998 0.0000 0.0000 0.0000 -1.6275 1.3515 0.6956 -1.6275 1.3515 0.6956 -34.4845 83.7379 74.3772 37.1877 57.5212 37.0151 64.9361 -3.7841 -3.8893 -0.0495 -0.3111 1.1541 0.0000 -0.0001 0.0001 0.0000 0.0000 0.0000 0.0000 -0.0006 0.0003 0.0000 -0.0001 0.0001 0.0000 0.0000 0.0000 0.0000 0.0000 0.0000 0.0000 0.0007 0.0001 0.0000 -0.0012 0.0001 0.0000 -0.0008 0.0003 0.0000 0.0001 0.0000 0.0000 0.0000 0.0000 0.0000 -0.0009 0.0000 0.0000 0.0002 -29.9997 -0.0001 -0.0003 29.9996 0.0000 0.0000 0.0000 -0.9453 1.3700 179.7198 -8.3346 -5.7274 -0.3292 -0.6921 74.1272 4.3735 0.0000 25.3510 0.0000 -1.0647 -4.0007 -179.7464 -0.0001 -0.0163 -0.0827 11.7620 63.6554 3.0712 0.0000 25.3508 -0.0001 
13.4774 96.4829 -31.7931 7.3760 2.9704 -1.3781 0.5154 0.2213 0.1158 0.5154 0.2214 0.1158 0.5170 0.2220 0.1161 68.6045 85.9455 -34.5308 -10.9633 45.0472 7.8335 5.9849 45.0389 99.5468 -5.1462 -1.9101 -8.7545 0.0000 0.0000 0.0001 0.0000 0.0000 0.0000 0.0000 -0.0013 -0.0008 0.0000 -0.0004 0.0001 0.0000 0.0000 0.0000 0.0000 0.0000 0.0000 0.0000 0.0002 0.0000 0.0000 -0.0006 0.0003 0.0000 0.0004 -0.0006 0.0000 0.0000 0.0001 0.0000 0.0000 0.0000 0.0000 -0.0010 -0.0002 0.0000 0.0002 30.0001 -0.0002 0.0005 -29.9998 0.0000 0.0000 0.0000 -1.5839 1.3185 0.6985 -1.5839 1.3185 0.6985 -33.6386 83.7217 75.3454 40.1051 56.5145 40.0795 69.8973 -0.6117 -4.9629 -0.0298 -0.4736 1.1079 0.0000 -0.0001 0.0001 0.0000 0.0000 0.0000 0.0000 -0.0006 0.0003 0.0000 -0.0001 0.0001 0.0000 0.0000 0.0000 0.0000 0.0000 0.0000 0.0000 0.0007 0.0001 0.0000 -0.0012 0.0001 0.0000 -0.0008 0.0003 0.0000 0.0001 0.0000 0.0000 0.0000 0.0000 0.0000 -0.0008 0.0000 0.0000 0.0002 -29.9996 -0.0001 -0.0003 29.9996 0.0000 0.0000 0.0000 -0.9283 1.3151 179.7151 -8.4423 -5.7105 -0.3353 -0.8436 74.1207 4.1019 0.0000 25.3510 0.0000 -1.0076 -4.0145 -179.7440 0.0000 0.0000 -0.0827 11.8264 63.7814 3.1076 0.0000 25.3508 -0.0001 
13.4386 96.4868 -31.5765 7.3093 3.1357 -1.3441 0.4858 0.2307 0.1535 0.4858 0.2307 0.1535 0.4872 0.2314 0.1539 68.1104 85.6711 -34.9987 -4.4095 43.6163 12.9951 5.8222 46.9516 97.5582 -5.2560 -1.4892 -8.3695 0.0000 0.0000 0.0001 0.0000 0.0000 0.0000 0.0000 -0.0013 -0.0008 0.0000 -0.0004 0.0001 0.0000 0.0000 0.0000 0.0000 0.0000 0.0000 0.0000 0.0002 0.0000 0.0000 -0.0006 0.0003 0.0000 0.0004 -0.0006 0.0000 0.0000 0.0001 0.0000 0.0000 0.0000 0.0000 -0.0010 -0.0002 0.0000 0.0002 30.0001 -0.0001 0.0005 -29.9998 0.0000 0.0000 0.0000 -1.5471 1.2714 0.6930 -1.5471 1.2714 0.6930 -32.8934 83.7138 76.1994 41.6180 55.7449 41.7472 74.0079 2.9189 -5.6742 -0.0085 -0.6186 1.0921 0.0000 -0.0001 0.0001 0.0000 0.0000 0.0000 0.0000 -0.0006 0.0003 0.0000 -0.0001 0.0001 0.0000 0.0000 0.0000 0.0000 0.0000 0.0000 0.0000 0.0007 0.0001 0.0000 -0.0012 0.0001 0.0000 -0.0008 0.0003 0.0000 0.0001 0.0000 0.0000 0.0000 0.0000 0.0000 -0.0009 0.0000 0.0000 0.0002 -29.9996 -0.0001 -0.0003 29.9996 0.0000 0.0000 0.0000 -0.8528 1.2327 179.7009 -8.5049 -5.7160 -0.3608 -0.9562 74.0976 3.9260 0.0000 25.3510 0.0000 -0.9359 -4.0523 -179.7400 0.0000 0.0000 -0.0827 11.8332 63.9101 3.1154 0.0000 25.3508 -0.0001 
13.3835 96.4925 -31.3758 7.2039 3.3004 -1.3028 0.4498 0.2472 0.1945 0.4498 0.2472 0.1945 0.4511 0.2480 0.1951 67.0716 85.4011 -36.0246 1.7740 42.0379 17.5085 5.0626 48.4718 94.9106 -5.2899 -0.9992 -7.9792 0.0000 0.0000 0.0001 0.0000 0.0000 0.0000 0.0000 -0.0013 -0.0008 0.0000 -0.0004 0.0001 0.0000 0.0000 0.0000 0.0000 0.0000 0.0000 0.0000 0.0002 0.0000 0.0000 -0.0006 0.0003 0.0000 0.0004 -0.0006 0.0000 0.0000 0.0001 0.0000 0.0000 0.0000 0.0000 -0.0010 -0.0002 0.0000 0.0002 30.0001 -0.0001 0.0005 -29.9998 0.0000 0.0000 0.0000 -1.5145 1.2202 0.6744 -1.5145 1.2202 0.6744 -32.3090 83.7222 76.8895 42.2884 55.1617 42.5656 77.3866 6.6255 -6.1316 0.0151 -0.7599 1.1035 0.0000 -0.0001 0.0001 0.0000 0.0000 0.0000 0.0000 -0.0006 0.0003 0.0000 -0.0001 0.0001 0.0000 0.0000 0.0000 0.0000 0.0000 0.0000 0.0000 0.0007 0.0001 0.0000 -0.0012 0.0001 0.0000 -0.0008 0.0003 0.0000 0.0001 0.0000 0.0000 0.0000 0.0000 0.0000 -0.0009 0.0000 0.0000 0.0002 -29.9996 -0.0001 -0.0003 29.9996 0.0000 0.0000 0.0000 -0.7444 1.1305 179.6809 -8.5474 -5.7497 -0.3956 -1.0529 74.0663 3.8126 0.0000 25.3510 0.0000 -0.8533 -4.1050 -179.7340 0.0000 0.0001 -0.0827 11.7801 64.0301 3.0862 0.0000 25.3508 -0.0001 
13.3217 96.4993 -31.1919 7.0611 3.4628 -1.2542 0.4088 0.2689 0.2375 0.4088 0.2689 0.2376 0.4101 0.2697 0.2383 65.8008 85.1249 -37.2873 7.2805 40.4274 21.1695 4.0382 49.5874 91.6922 -5.2637 -0.4526 -7.5842 0.0000 0.0000 0.0001 0.0000 0.0000 0.0000 0.0000 -0.0013 -0.0008 0.0000 -0.0004 0.0001 0.0000 0.0000 0.0000 0.0000 0.0000 0.0000 0.0000 0.0002 0.0000 0.0000 -0.0006 0.0003 0.0000 0.0004 -0.0006 0.0000 0.0000 0.0001 0.0000 0.0000 0.0000 0.0000 -0.0010 -0.0002 0.0000 0.0002 30.0001 -0.0001 0.0005 -29.9998 0.0000 0.0000 0.0000 -1.4834 1.1688 0.6433 -1.4834 1.1688 0.6433 -31.8285 83.7502 77.4833 42.3903 54.7249 42.7943 80.1381 10.4699 -6.4217 0.0428 -0.9087 1.1422 0.0000 -0.0001 0.0001 0.0000 0.0000 0.0000 0.0000 -0.0006 0.0003 0.0000 -0.0001 0.0001 0.0000 0.0000 0.0000 0.0000 0.0000 0.0000 0.0000 0.0007 0.0001 0.0000 -0.0011 0.0001 0.0000 -0.0008 0.0003 0.0000 0.0001 0.0000 0.0000 0.0000 0.0000 0.0000 -0.0009 0.0000 0.0000 0.0002 -29.9996 -0.0001 -0.0003 29.9996 0.0000 0.0000 0.0000 -0.6127 1.0141 179.6581 -8.5893 -5.8130 -0.4348 -1.1435 74.0341 3.7335 0.0000 25.3510 0.0000 -0.7641 -4.1709 -179.7322 0.0000 0.0000 -0.0827 11.6759 64.1385 3.0336 0.0000 25.3508 -0.0001 
13.2629 96.5087 -31.0266 6.8537 3.6207 -1.1957 0.3621 0.2939 0.2820 0.3621 0.2939 0.2821 0.3632 0.2948 0.2829 64.7148 84.8445 -38.3634 11.6155 39.0988 23.5862 2.9869 50.0811 87.6789 -5.1803 0.1697 -7.1869 0.0000 0.0000 0.0001 0.0000 0.0000 0.0000 0.0000 -0.0013 -0.0008 0.0000 -0.0004 0.0001 0.0000 0.0000 0.0000 0.0000 0.0000 0.0000 0.0000 0.0002 0.0000 0.0000 -0.0006 0.0003 0.0000 0.0004 -0.0006 0.0000 0.0000 0.0001 0.0000 0.0000 0.0000 0.0000 -0.0010 -0.0002 0.0000 0.0002 30.0001 -0.0001 0.0005 -29.9998 0.0000 0.0000 0.0000 -1.4509 1.1217 0.5898 -1.4509 1.1217 0.5898 -31.5008 83.8271 77.9420 41.9107 54.4757 42.3609 82.0360 14.5124 -6.7108 0.0784 -1.0717 1.2223 0.0000 -0.0001 0.0001 0.0000 0.0000 0.0000 0.0000 -0.0006 0.0003 0.0000 -0.0001 0.0001 0.0000 0.0000 0.0000 0.0000 0.0000 0.0000 0.0000 0.0007 0.0001 0.0000 -0.0012 0.0001 0.0000 -0.0008 0.0003 0.0000 0.0001 0.0000 0.0000 0.0000 0.0000 0.0000 -0.0009 0.0000 0.0000 0.0002 -29.9996 -0.0001 -0.0003 29.9996 0.0000 0.0000 0.0000 -0.4498 0.8835 179.6268 -8.6425 -5.9108 -0.4725 -1.2477 74.0017 3.6711 0.0000 25.3510 0.0000 -0.6686 -4.2755 -179.7435 -0.0002 -0.0487 -0.0827 11.5114 64.2543 2.9773 0.0000 25.3508 -0.0001 
13.2115 96.5179 -30.8658 6.5865 3.7717 -1.1329 0.3138 0.3199 0.3274 0.3138 0.3200 0.3275 0.3148 0.3209 0.3284 64.0124 84.5799 -39.0598 14.9268 38.0225 25.0838 2.1577 50.2731 83.3729 -5.0592 0.7889 -6.7899 0.0000 0.0000 0.0001 0.0000 0.0000 0.0000 0.0000 -0.0013 -0.0008 0.0000 -0.0004 0.0001 0.0000 0.0000 0.0000 0.0000 0.0000 0.0000 0.0000 0.0002 0.0000 0.0000 -0.0006 0.0003 0.0000 0.0004 -0.0006 0.0000 0.0000 0.0001 0.0000 0.0000 0.0000 0.0000 -0.0010 -0.0002 0.0000 0.0002 30.0001 -0.0002 0.0005 -29.9998 0.0000 0.0000 0.0000 -1.4159 1.0833 0.5208 -1.4159 1.0833 0.5208 -31.3435 83.9402 78.2326 41.1242 54.3077 41.5319 83.2255 18.7132 -7.0909 0.1269 -1.2671 1.3628 0.0000 -0.0001 0.0001 0.0000 0.0000 0.0000 0.0000 -0.0006 0.0003 0.0000 -0.0001 0.0001 0.0000 0.0000 0.0000 0.0000 0.0000 0.0000 0.0000 0.0007 0.0001 0.0000 -0.0012 0.0001 0.0000 -0.0008 0.0003 0.0000 0.0001 0.0000 0.0000 0.0000 0.0000 0.0000 -0.0009 0.0000 0.0000 0.0002 -29.9996 -0.0001 -0.0003 29.9996 0.0000 0.0000 0.0000 -0.2736 0.7528 179.5921 -8.7151 -6.0237 -0.5126 -1.3838 73.9658 3.5968 0.0000 25.3510 0.0000 -0.5777 -4.3334 -179.7643 0.0000 0.0000 -0.0827 11.2637 64.3138 2.8984 0.0000 25.3508 -0.0001 
13.1639 96.5277 -30.7051 6.2628 3.9158 -1.0682 0.2651 0.3489 0.3751 0.2651 0.3490 0.3751 0.2659 0.3500 0.3762 63.4287 84.3306 -39.6356 17.5062 37.1662 25.9599 1.5252 50.2839 78.7988 -4.9006 1.3886 -6.3858 0.0000 0.0000 0.0001 0.0000 0.0000 0.0000 0.0000 -0.0013 -0.0008 0.0000 -0.0004 0.0001 0.0000 0.0000 0.0000 0.0000 0.0000 0.0000 0.0000 0.0002 0.0000 0.0000 -0.0007 0.0003 0.0000 0.0004 -0.0006 0.0000 0.0000 0.0001 0.0000 0.0000 0.0000 0.0000 -0.0010 -0.0002 0.0000 0.0002 30.0001 -0.0001 0.0005 -29.9998 0.0000 0.0000 0.0000 -1.3761 1.0512 0.4388 -1.3761 1.0512 0.4388 -31.3178 84.0600 78.3847 40.1171 54.1720 40.4295 83.6925 23.0053 -7.6453 0.1904 -1.4904 1.5486 0.0000 -0.0001 0.0001 0.0000 0.0000 0.0000 0.0000 -0.0006 0.0003 0.0000 -0.0001 0.0001 0.0000 0.0000 0.0000 0.0000 0.0000 0.0000 0.0000 0.0007 0.0001 0.0000 -0.0012 0.0001 0.0000 -0.0008 0.0003 0.0000 0.0001 0.0000 0.0000 0.0000 0.0000 0.0000 -0.0008 0.0000 0.0000 0.0002 -29.9996 -0.0001 -0.0003 29.9996 0.0000 0.0000 0.0000 -0.0971 0.6269 179.5577 -8.8176 -6.1431 -0.5578 -1.5448 73.9280 3.5083 0.0000 25.3510 0.0000 -0.4960 -4.4142 -179.7893 0.0000 0.0000 -0.0827 10.9597 64.3919 2.8275 0.0000 25.3508 -0.0001 
13.1167 96.5366 -30.5438 5.8567 4.0478 -1.0006 0.2227 0.3817 0.4225 0.2227 0.3817 0.4225 0.2234 0.3829 0.4238 62.8868 84.1074 -40.1454 19.4323 36.5409 26.3246 0.9310 50.0830 73.6977 -4.6973 1.9755 -5.9715 0.0000 0.0000 0.0001 0.0000 0.0000 0.0000 0.0000 -0.0013 -0.0008 0.0000 -0.0004 0.0001 0.0000 0.0000 0.0000 0.0000 0.0000 0.0000 0.0000 0.0002 0.0000 0.0000 -0.0006 0.0003 0.0000 0.0004 -0.0006 0.0000 0.0000 0.0001 0.0000 0.0000 0.0000 0.0000 -0.0010 -0.0002 0.0000 0.0002 30.0001 -0.0001 0.0005 -29.9998 0.0000 0.0000 0.0000 -1.3345 1.0307 0.3471 -1.3345 1.0307 0.3471 -31.4617 84.1693 78.3636 38.8027 54.0534 38.9824 83.0034 27.3351 -8.6243 0.2749 -1.7314 1.7991 0.0000 -0.0001 0.0001 0.0000 0.0000 0.0000 0.0000 -0.0006 0.0003 0.0000 -0.0001 0.0001 0.0000 0.0000 0.0000 0.0000 0.0000 0.0000 0.0000 0.0007 0.0001 0.0000 -0.0012 0.0001 0.0000 -0.0008 0.0003 0.0000 0.0001 0.0000 0.0000 0.0000 0.0000 0.0000 -0.0009 0.0000 0.0000 0.0002 -29.9997 -0.0001 -0.0003 29.9996 0.0000 0.0000 0.0000 0.0607 0.5176 179.5154 -8.9765 -6.2632 -0.5999 -1.7537 73.8880 3.3825 0.0000 25.3510 0.0000 -0.4208 -4.4909 -179.8172 0.0000 0.0001 -0.0827 10.5607 64.4624 2.7448 0.0000 25.3508 -0.0001 
13.0684 96.5465 -30.3839 5.3911 4.1702 -0.9278 0.1888 0.4166 0.4634 0.1889 0.4166 0.4634 0.1894 0.4179 0.4648 62.5021 83.9110 -40.4733 21.8672 36.1830 26.8124 0.0684 49.7873 68.2816 -4.0755 2.2918 -5.1102 0.0000 0.0000 0.0001 0.0000 0.0000 0.0000 0.0000 -0.0013 -0.0008 0.0000 -0.0004 0.0001 0.0000 0.0000 0.0000 0.0000 0.0000 0.0000 0.0000 0.0003 0.0000 0.0000 -0.0006 0.0003 0.0000 0.0004 -0.0006 0.0000 0.0000 0.0001 0.0000 0.0000 0.0000 0.0000 -0.0010 -0.0002 0.0000 0.0002 30.0001 -0.0001 0.0005 -29.9998 0.0000 0.0000 0.0000 -1.2925 1.0155 0.2612 -1.2925 1.0155 0.2612 -31.7064 84.2687 78.2423 37.2448 53.9105 37.2610 81.4101 31.6203 -10.0722 0.3840 -1.9868 2.1115 0.0000 -0.0001 0.0001 0.0000 0.0000 0.0000 0.0000 -0.0006 0.0003 0.0000 -0.0001 0.0001 0.0000 0.0000 0.0000 0.0000 0.0000 0.0000 0.0000 0.0007 0.0001 0.0000 -0.0012 0.0001 0.0000 -0.0008 0.0003 0.0000 0.0001 0.0000 0.0000 0.0000 0.0000 0.0000 -0.0009 0.0000 0.0000 0.0002 -29.9996 -0.0001 -0.0003 29.9996 0.0000 0.0000 0.0000 0.1895 0.4319 179.4516 -9.1804 -6.3663 -0.6298 -2.0037 73.8452 3.2268 0.0000 25.3510 0.0000 -0.3408 -4.5651 -179.8506 0.0000 0.0001 -0.0827 10.1026 64.5259 2.6507 0.0000 25.3508 -0.0001 
13.0223 96.5575 -30.2294 4.8796 4.2849 -0.8486 0.1601 0.4530 0.4965 0.1601 0.4531 0.4965 0.1606 0.4544 0.4980 62.1603 83.7513 -40.7567 24.4006 35.9032 27.3688 -1.0903 49.3846 62.7146 -3.3700 2.4125 -4.1887 0.0000 0.0000 0.0001 0.0000 0.0000 0.0000 0.0000 -0.0013 -0.0008 0.0000 -0.0004 0.0001 0.0000 0.0000 0.0000 0.0000 0.0000 0.0000 0.0000 0.0002 -0.0001 0.0000 -0.0006 0.0003 0.0000 0.0004 -0.0006 0.0000 0.0000 0.0001 0.0000 0.0000 0.0000 0.0000 -0.0010 -0.0002 0.0000 0.0002 30.0001 -0.0001 0.0005 -29.9998 0.0000 0.0000 0.0000 -1.2451 0.9977 0.1845 -1.2451 0.9977 0.1845 -32.0468 84.3606 78.0157 35.5118 53.7155 35.3386 79.0304 35.8286 -12.0501 0.5221 -2.2529 2.4852 0.0000 -0.0001 0.0001 0.0000 0.0000 0.0000 0.0000 -0.0006 0.0003 0.0000 -0.0001 0.0001 0.0000 0.0000 0.0000 0.0000 0.0000 0.0000 0.0000 0.0007 0.0001 0.0000 -0.0011 0.0001 0.0000 -0.0008 0.0003 0.0000 0.0001 0.0000 0.0000 0.0000 0.0000 0.0000 -0.0009 0.0000 0.0000 0.0002 -29.9996 -0.0001 -0.0003 29.9996 0.0000 0.0000 0.0000 0.2891 0.3703 179.3701 -9.4185 -6.4479 -0.6519 -2.2924 73.7985 3.0420 0.0000 25.3510 0.0000 -0.2566 -4.6394 -179.8938 0.0000 0.0000 -0.0827 9.6019 64.5818 2.5484 0.0000 25.3508 -0.0001 
12.9716 96.5701 -30.0899 4.3128 4.3895 -0.7568 0.1312 0.4938 0.5212 0.1313 0.4939 0.5213 0.1317 0.4954 0.5228 61.8455 83.6333 -41.0163 26.6813 35.6713 27.8477 -2.5527 48.6764 57.0006 -2.7551 2.4551 -3.4051 0.0000 0.0000 0.0001 0.0000 0.0000 0.0000 0.0000 -0.0013 -0.0008 0.0000 -0.0004 0.0001 0.0000 0.0000 0.0000 0.0000 0.0000 0.0000 0.0000 0.0003 0.0000 0.0000 -0.0006 0.0003 0.0000 0.0004 -0.0006 0.0000 0.0000 0.0001 0.0000 0.0000 0.0000 0.0000 -0.0010 -0.0002 0.0000 0.0002 30.0001 -0.0001 0.0005 -29.9998 0.0000 0.0000 0.0000 -1.1760 0.9596 0.1178 -1.1760 0.9596 0.1178 -32.5781 84.4200 77.5548 33.6604 53.4425 33.2463 75.6320 39.8711 -14.7394 0.6961 -2.5181 2.9328 0.0000 -0.0001 0.0001 0.0000 0.0000 0.0000 0.0000 -0.0006 0.0003 0.0000 -0.0001 0.0001 0.0000 0.0000 0.0000 0.0000 0.0000 0.0000 0.0000 0.0007 0.0001 0.0000 -0.0012 0.0001 0.0000 -0.0008 0.0003 0.0000 0.0001 0.0000 0.0000 0.0000 0.0000 0.0000 -0.0009 0.0000 0.0000 0.0002 -29.9996 -0.0001 -0.0003 29.9996 0.0000 0.0000 0.0000 0.3392 0.3450 179.2613 -9.7047 -6.4972 -0.6625 -2.6310 73.7555 2.8155 0.0000 25.3510 0.0000 -0.1638 -4.7191 -179.9492 0.0000 0.0001 -0.0827 9.0407 64.6240 2.4179 0.0000 25.3508 -0.0001 
12.9028 96.5845 -29.9698 3.7129 4.4876 -0.6566 0.1041 0.5359 0.5396 0.1041 0.5360 0.5397 0.1044 0.5376 0.5412 61.6976 83.5593 -41.1154 28.5892 35.5698 28.1807 -3.9602 47.6800 51.0841 -2.2119 2.4395 -2.7211 0.0000 0.0000 0.0001 0.0000 0.0000 0.0000 0.0000 -0.0013 -0.0008 0.0000 -0.0004 0.0001 0.0000 0.0000 0.0000 0.0000 0.0000 0.0000 0.0000 0.0002 0.0000 0.0000 -0.0006 0.0003 0.0000 0.0004 -0.0006 0.0000 0.0000 0.0001 0.0000 0.0000 0.0000 0.0000 -0.0010 -0.0002 0.0000 0.0002 30.0001 -0.0001 0.0005 -29.9998 0.0000 0.0000 0.0000 -1.0934 0.9025 0.0631 -1.0934 0.9025 0.0631 -33.3044 84.4504 76.8643 31.7414 53.0519 31.0386 71.4780 43.7294 -18.0896 0.9116 -2.7838 3.4465 0.0000 -0.0001 0.0001 0.0000 0.0000 0.0000 0.0000 -0.0006 0.0003 0.0000 -0.0001 0.0001 0.0000 0.0000 0.0000 0.0000 0.0000 0.0000 0.0000 0.0007 0.0001 0.0000 -0.0012 0.0001 0.0000 -0.0008 0.0003 0.0000 0.0001 0.0000 0.0000 0.0000 0.0000 0.0000 -0.0009 0.0000 0.0000 0.0002 -29.9996 -0.0001 -0.0003 29.9996 0.0000 0.0000 0.0000 0.3628 0.3447 179.1340 -10.0098 -6.5271 -0.6643 -3.0148 73.7141 2.5499 0.0000 25.3510 0.0000 -0.0534 -4.9031 179.9951 -0.0007 -0.1899 -0.0827 8.4697 64.7451 2.2843 0.0000 25.3508 -0.0001 
12.8102 96.6001 -29.8666 3.0924 4.5829 -0.5509 0.0793 0.5774 0.5519 0.0793 0.5775 0.5519 0.0796 0.5792 0.5535 61.7547 83.5249 -41.0147 30.0601 35.6392 28.3436 -5.2386 46.4919 45.2473 -1.7611 2.3813 -2.1614 0.0000 0.0000 0.0001 0.0000 0.0000 0.0000 0.0000 -0.0013 -0.0008 0.0000 -0.0004 0.0001 0.0000 0.0000 0.0000 0.0000 0.0000 0.0000 0.0000 0.0002 0.0000 0.0000 -0.0006 0.0003 0.0000 0.0004 -0.0006 0.0000 0.0000 0.0001 0.0000 0.0000 0.0000 0.0000 -0.0010 -0.0002 0.0000 0.0002 30.0001 -0.0001 0.0005 -29.9998 0.0000 0.0000 0.0000 -1.0034 0.8326 0.0183 -1.0034 0.8326 0.0183 -34.1736 84.4589 76.0010 29.8317 52.5359 28.7741 66.5874 47.3404 -22.1980 1.1730 -3.0472 4.0229 0.0000 -0.0001 0.0001 0.0000 0.0000 0.0000 0.0000 -0.0006 0.0003 0.0000 -0.0001 0.0001 0.0000 0.0000 0.0000 0.0000 0.0000 0.0000 0.0000 0.0007 0.0001 0.0000 -0.0012 0.0001 0.0000 -0.0008 0.0003 0.0000 0.0001 0.0000 0.0000 0.0000 0.0000 0.0000 -0.0009 0.0000 0.0000 0.0002 -29.9996 -0.0001 -0.0003 29.9996 0.0000 0.0000 0.0000 0.3828 0.3605 178.9982 -10.3135 -6.5427 -0.6664 -3.4295 73.6732 2.2583 0.0000 25.3510 0.0000 0.0826 -5.1256 179.9455 -0.0017 -0.4375 -0.0827 7.8805 64.8832 2.1212 0.0000 25.3508 -0.0001 
12.6903 96.6173 -29.7866 2.4599 4.6758 -0.4377 0.0486 0.6181 0.5569 0.0486 0.6182 0.5569 0.0487 0.6200 0.5586 61.9544 83.5389 -40.8040 30.9633 35.9781 28.2397 -6.4194 45.0932 39.4044 -1.3915 2.2965 -1.7165 0.0000 0.0000 0.0001 0.0000 0.0000 0.0000 0.0000 -0.0013 -0.0008 0.0000 -0.0004 0.0001 0.0000 0.0000 0.0000 0.0000 0.0000 0.0000 0.0000 0.0002 0.0000 0.0000 -0.0006 0.0003 0.0000 0.0004 -0.0006 0.0000 0.0000 0.0001 0.0000 0.0000 0.0000 0.0000 -0.0010 -0.0002 0.0000 0.0002 30.0001 -0.0001 0.0005 -29.9998 0.0000 0.0000 0.0000 -0.8984 0.7581 -0.0181 -0.8984 0.7581 -0.0181 -35.1680 84.4332 74.9465 28.0639 51.8769 26.5195 60.8415 50.5838 -27.1908 1.4850 -3.3064 4.6669 0.0000 -0.0001 0.0001 0.0000 0.0000 0.0000 0.0000 -0.0006 0.0003 0.0000 -0.0001 0.0001 0.0000 0.0000 0.0000 0.0000 0.0000 0.0000 0.0000 0.0007 0.0001 0.0000 -0.0012 0.0001 0.0000 -0.0008 0.0003 0.0000 0.0001 0.0000 0.0000 0.0000 0.0000 0.0000 -0.0008 0.0000 0.0000 0.0002 -29.9996 -0.0001 -0.0003 29.9996 0.0000 0.0000 0.0000 0.4242 0.3997 178.8656 -10.6013 -6.5395 -0.6843 -3.8581 73.6313 1.9437 0.0000 25.3511 0.0000 0.2651 -5.2927 179.8997 -0.0021 -0.5481 -0.0827 7.2779 64.9408 1.9095 0.0000 25.3508 -0.0001 
12.5712 96.6351 -29.7239 1.8356 4.7678 -0.3179 0.0127 0.6546 0.5578 0.0127 0.6546 0.5578 0.0128 0.6566 0.5595 62.2385 83.5916 -40.5214 31.4279 36.5141 27.9175 -7.5746 43.5329 33.5121 -1.0879 2.2004 -1.3636 0.0000 0.0000 0.0001 0.0000 0.0000 0.0000 0.0000 -0.0013 -0.0008 0.0000 -0.0004 0.0001 0.0000 0.0000 0.0000 0.0000 0.0000 0.0000 0.0000 0.0002 0.0000 0.0000 -0.0006 0.0003 0.0000 0.0004 -0.0006 0.0000 0.0000 0.0001 0.0000 0.0000 0.0000 0.0000 -0.0010 -0.0002 0.0000 0.0002 30.0001 -0.0002 0.0005 -29.9998 0.0000 0.0000 0.0000 -0.7925 0.7044 -0.0521 -0.7925 0.7044 -0.0521 -36.2948 84.3847 73.7205 26.6270 51.1014 24.4011 54.1712 53.3616 -33.0624 1.8469 -3.5545 5.3648 0.0000 -0.0001 0.0001 0.0000 0.0000 0.0000 0.0000 -0.0006 0.0003 0.0000 -0.0001 0.0001 0.0000 0.0000 0.0000 0.0000 0.0000 0.0000 0.0000 0.0007 0.0001 0.0000 -0.0012 0.0001 0.0000 -0.0008 0.0003 0.0000 0.0001 0.0000 0.0000 0.0000 0.0000 0.0000 -0.0009 0.0000 0.0000 0.0002 -29.9996 -0.0001 -0.0003 29.9996 0.0000 0.0000 0.0000 0.4807 0.4563 178.7366 -10.8782 -6.5248 -0.7174 -4.2807 73.5888 1.6242 0.0000 25.3510 0.0000 0.4830 -5.3185 179.8411 -0.0013 -0.3619 -0.0827 6.7031 64.8417 1.6911 0.0000 25.3508 -0.0001 
12.4660 96.6537 -29.6732 1.2254 4.8587 -0.1933 -0.0259 0.6859 0.5549 -0.0259 0.6860 0.5549 -0.0260 0.6880 0.5565 62.6196 83.6755 -40.1436 31.5343 37.1719 27.4114 -8.7472 41.8474 27.5960 -0.8401 2.1063 -1.0869 0.0000 0.0000 0.0001 0.0000 0.0000 0.0000 0.0000 -0.0013 -0.0008 0.0000 -0.0004 0.0001 0.0000 0.0000 0.0000 0.0000 0.0000 0.0000 0.0000 0.0002 0.0000 0.0000 -0.0006 0.0003 0.0000 0.0004 -0.0006 0.0000 0.0000 0.0001 0.0000 0.0000 0.0000 0.0000 -0.0010 -0.0002 0.0000 0.0002 30.0001 -0.0001 0.0005 -29.9998 0.0000 0.0000 0.0000 -0.6925 0.6772 -0.0838 -0.6925 0.6772 -0.0838 -37.5202 84.3193 72.3716 25.5099 50.2285 22.4286 46.6128 55.6305 -39.7515 2.2623 -3.7803 6.1038 0.0000 -0.0001 0.0001 0.0000 0.0000 0.0000 0.0000 -0.0006 0.0003 0.0000 -0.0001 0.0001 0.0000 0.0000 0.0000 0.0000 0.0000 0.0000 0.0000 0.0007 0.0001 0.0000 -0.0012 0.0001 0.0000 -0.0008 0.0003 0.0000 0.0001 0.0000 0.0000 0.0000 0.0000 0.0000 -0.0008 0.0000 0.0000 0.0002 -29.9996 -0.0001 -0.0003 29.9996 0.0000 0.0000 0.0000 0.5417 0.5227 178.6079 -11.1524 -6.5033 -0.7622 -4.6884 73.5434 1.3144 0.0000 25.3510 0.0000 0.7259 -5.3128 179.7639 -0.0004 -0.1085 -0.0827 6.2082 64.7009 1.5279 0.0000 25.3508 -0.0001 
12.3870 96.6745 -29.6194 0.6443 4.9478 -0.0646 -0.0653 0.7096 0.5446 -0.0653 0.7097 0.5446 -0.0655 0.7118 0.5462 63.0961 83.7910 -39.6659 31.2560 37.9247 26.6767 -10.1230 39.9844 21.6061 -0.6397 2.0263 -0.8809 0.0000 0.0000 0.0001 0.0000 0.0000 0.0000 0.0000 -0.0013 -0.0008 0.0000 -0.0004 0.0001 0.0000 0.0000 0.0000 0.0000 0.0000 0.0000 0.0000 0.0002 0.0000 0.0000 -0.0006 0.0003 0.0000 0.0004 -0.0006 0.0000 0.0000 0.0001 0.0000 0.0000 0.0000 0.0000 -0.0010 -0.0002 0.0000 0.0002 30.0001 -0.0001 0.0005 -29.9998 0.0000 0.0000 0.0000 -0.6094 0.6899 -0.1121 -0.6094 0.6899 -0.1121 -38.8506 84.2356 70.8919 24.6889 49.4609 20.8999 38.2694 57.3371 -47.0706 2.6383 -3.7305 6.5647 0.0000 -0.0001 0.0001 0.0000 0.0000 0.0000 0.0000 -0.0006 0.0003 0.0000 -0.0001 0.0001 0.0000 0.0000 0.0000 0.0000 0.0000 0.0000 0.0000 0.0007 0.0001 0.0000 -0.0012 0.0001 0.0000 -0.0008 0.0003 0.0000 0.0001 0.0000 0.0000 0.0000 0.0000 0.0000 -0.0009 0.0000 0.0000 0.0002 -29.9997 -0.0001 -0.0003 29.9996 0.0000 0.0000 0.0000 0.6024 0.5959 178.4863 -11.4360 -6.4809 -0.8216 -5.0720 73.4959 1.0170 0.0000 25.3511 0.0000 0.9920 -5.5035 179.6624 -0.0010 -0.2536 -0.0827 5.8789 64.7517 1.5020 0.0000 25.3508 -0.0001 
12.3206 96.6946 -29.5333 0.0934 5.0342 0.0655 -0.1039 0.7291 0.5266 -0.1039 0.7292 0.5267 -0.1042 0.7313 0.5282 63.6732 83.9138 -39.0832 30.7927 38.6413 25.8288 -11.7316 37.9638 15.7324 -0.4786 1.9701 -0.7317 0.0000 0.0000 0.0001 0.0000 0.0000 0.0000 0.0000 -0.0013 -0.0008 0.0000 -0.0004 0.0001 0.0000 0.0000 0.0000 0.0000 0.0000 0.0000 0.0000 0.0002 0.0000 0.0000 -0.0006 0.0003 0.0000 0.0004 -0.0006 0.0000 0.0000 0.0001 0.0000 0.0000 0.0000 0.0000 -0.0010 -0.0002 0.0000 0.0003 30.0001 -0.0001 0.0005 -29.9998 0.0000 0.0000 0.0000 -0.5332 0.7222 -0.1369 -0.5332 0.7222 -0.1369 -40.1513 84.1309 69.4308 24.1729 48.7500 19.6572 29.3913 58.4691 -54.7870 2.9842 -3.5636 6.8599 0.0000 -0.0001 0.0001 0.0000 0.0000 0.0000 0.0000 -0.0006 0.0003 0.0000 -0.0001 0.0001 0.0000 0.0000 0.0000 0.0000 0.0000 0.0000 0.0000 0.0007 0.0001 0.0000 -0.0012 0.0001 0.0000 -0.0008 0.0003 0.0000 0.0001 0.0000 0.0000 0.0000 0.0000 0.0000 -0.0008 0.0000 0.0000 0.0002 -29.9996 -0.0001 -0.0003 29.9996 0.0000 0.0000 0.0000 0.6597 0.6771 178.3695 -11.7421 -6.4598 -0.8824 -5.4323 73.4522 0.7163 0.0000 25.3510 0.0000 1.2627 -5.8021 179.5530 -0.0025 -0.6374 -0.0827 5.6305 64.9256 1.5336 0.0000 25.3508 -0.0001 
12.2576 96.7134 -29.4215 -0.4294 5.1177 0.1978 -0.1389 0.7461 0.5022 -0.1390 0.7462 0.5023 -0.1394 0.7484 0.5037 64.3213 84.0367 -38.4186 30.2326 39.2924 24.9235 -13.5519 35.7392 10.0113 -0.3449 1.9385 -0.6248 0.0000 0.0000 0.0001 0.0000 0.0000 0.0000 0.0000 -0.0013 -0.0008 0.0000 -0.0004 0.0001 0.0000 0.0000 0.0000 0.0000 0.0000 0.0000 0.0000 0.0002 0.0000 0.0000 -0.0006 0.0003 0.0000 0.0004 -0.0006 0.0000 0.0000 0.0001 0.0000 0.0000 0.0000 0.0000 -0.0010 -0.0002 0.0000 0.0002 30.0001 -0.0001 0.0005 -29.9998 0.0000 0.0000 0.0000 -0.4703 0.7646 -0.1544 -0.4703 0.7646 -0.1544 -41.3979 84.0040 68.0225 23.9159 48.0374 18.5190 20.2252 59.0516 -62.6870 3.3313 -3.3984 7.1176 0.0000 -0.0001 0.0001 0.0000 0.0000 0.0000 0.0000 -0.0006 0.0003 0.0000 -0.0001 0.0001 0.0000 0.0000 0.0000 0.0000 0.0000 0.0000 0.0000 0.0007 0.0001 0.0000 -0.0011 0.0001 0.0000 -0.0008 0.0003 0.0000 0.0001 0.0000 0.0000 0.0000 0.0000 0.0000 -0.0008 0.0000 0.0000 0.0002 -29.9997 -0.0001 -0.0003 29.9996 0.0000 0.0000 0.0000 0.7063 0.7665 178.2495 -12.0716 -6.4356 -0.9363 -5.7735 73.4128 0.4090 0.0000 25.3510 0.0000 1.5231 -6.1241 179.4410 -0.0043 -1.0927 -0.0827 5.4078 65.1408 1.5782 0.0000 25.3508 -0.0001 
12.1934 96.7293 -29.2867 -0.9126 5.1980 0.3324 -0.1626 0.7605 0.4703 -0.1626 0.7606 0.4704 -0.1631 0.7628 0.4718 65.2104 84.1585 -37.4977 29.5621 39.8452 24.0004 -15.7747 33.2595 4.4102 -0.2318 1.9354 -0.5610 0.0000 0.0000 0.0001 0.0000 0.0000 0.0000 0.0000 -0.0013 -0.0008 0.0000 -0.0004 0.0001 0.0000 0.0000 0.0000 0.0000 0.0000 0.0000 0.0000 0.0002 -0.0001 0.0000 -0.0006 0.0003 0.0000 0.0004 -0.0006 0.0000 0.0000 0.0001 0.0000 0.0000 0.0000 0.0000 -0.0010 -0.0002 0.0000 0.0002 30.0001 -0.0001 0.0005 -29.9998 0.0000 0.0000 0.0000 -0.4379 0.8087 -0.1612 -0.4379 0.8087 -0.1612 -42.6969 83.8567 66.5687 23.8318 47.3752 17.3741 11.1772 59.1204 -70.3908 3.6710 -3.2422 7.3374 0.0000 -0.0001 0.0001 0.0000 0.0000 0.0000 0.0000 -0.0006 0.0003 0.0000 -0.0001 0.0001 0.0000 0.0000 0.0000 0.0000 0.0000 0.0000 0.0000 0.0007 0.0001 0.0000 -0.0012 0.0001 0.0000 -0.0008 0.0003 0.0000 0.0001 0.0000 0.0000 0.0000 0.0000 0.0000 -0.0008 0.0000 0.0000 0.0002 -29.9997 -0.0001 -0.0003 29.9996 0.0000 0.0000 0.0000 0.7363 0.8623 178.1232 -12.4134 -6.4037 -0.9803 -6.0910 73.3765 0.1058 0.0000 25.3510 0.0000 1.7556 -6.3627 179.3348 -0.0057 -1.4024 -0.0827 5.1552 65.2876 1.5821 0.0000 25.3508 -0.0001 
12.1187 96.7455 -29.1584 -1.3637 5.2790 0.4663 -0.1755 0.7723 0.4333 -0.1755 0.7724 0.4334 -0.1760 0.7747 0.4346 66.2669 84.2769 -36.4001 28.8149 40.3204 23.0953 -18.2161 30.5151 -1.0097 -0.1300 1.9558 -0.5283 0.0000 0.0000 0.0001 0.0000 0.0000 0.0000 0.0000 -0.0013 -0.0008 0.0000 -0.0004 0.0001 0.0000 0.0000 0.0000 0.0000 0.0000 0.0000 0.0000 0.0003 0.0000 0.0000 -0.0006 0.0003 0.0000 0.0004 -0.0006 0.0000 0.0000 0.0001 0.0000 0.0000 0.0000 0.0000 -0.0010 -0.0002 0.0000 0.0002 30.0001 -0.0001 0.0005 -29.9998 0.0000 0.0000 0.0000 -0.4264 0.8465 -0.1614 -0.4264 0.8465 -0.1614 -44.0955 83.7024 65.0203 23.7385 46.7948 16.1234 2.5984 58.6536 -77.7128 3.9979 -3.0865 7.5257 0.0000 -0.0001 0.0001 0.0000 0.0000 0.0000 0.0000 -0.0006 0.0003 0.0000 -0.0001 0.0001 0.0000 0.0000 0.0000 0.0000 0.0000 0.0000 0.0000 0.0007 0.0001 0.0000 -0.0012 0.0001 0.0000 -0.0008 0.0003 0.0000 0.0001 0.0000 0.0000 0.0000 0.0000 0.0000 -0.0009 0.0000 0.0000 0.0002 -29.9996 -0.0001 -0.0003 29.9996 0.0000 0.0000 0.0000 0.7608 0.9569 177.9977 -12.7351 -6.3670 -1.0228 -6.3966 73.3432 -0.1833 0.0000 25.3510 0.0000 1.9912 -6.6038 179.2452 -0.0069 -1.7109 -0.0826 4.8825 65.4304 1.5333 0.0000 25.3508 -0.0001 
12.0378 96.7612 -29.0336 -1.7838 5.3608 0.6001 -0.1784 0.7808 0.3912 -0.1784 0.7809 0.3913 -0.1789 0.7832 0.3924 67.2684 84.3779 -35.3467 28.0348 40.7174 22.2135 -20.8405 27.4846 -6.2153 -0.0333 2.0056 -0.5221 0.0000 0.0000 0.0001 0.0000 0.0000 0.0000 0.0000 -0.0013 -0.0008 0.0000 -0.0004 0.0001 0.0000 0.0000 0.0000 0.0000 0.0000 0.0000 0.0000 0.0002 0.0000 0.0000 -0.0006 0.0003 0.0000 0.0004 -0.0006 0.0000 0.0000 0.0001 0.0000 0.0000 0.0000 0.0000 -0.0010 -0.0002 0.0000 0.0002 30.0001 -0.0001 0.0005 -29.9998 0.0000 0.0000 0.0000 -0.4321 0.8805 -0.1557 -0.4321 0.8805 -0.1557 -45.5315 83.5451 63.4451 23.6108 46.2791 14.7954 -5.3548 57.6812 -84.5232 4.3148 -2.9126 7.6831 0.0000 -0.0001 0.0001 0.0000 0.0000 0.0000 0.0000 -0.0006 0.0003 0.0000 -0.0001 0.0001 0.0000 0.0000 0.0000 0.0000 0.0000 0.0000 0.0000 0.0007 0.0001 0.0000 -0.0011 0.0001 0.0000 -0.0008 0.0003 0.0000 0.0001 0.0000 0.0000 0.0000 0.0000 0.0000 -0.0008 0.0000 0.0000 0.0002 -29.9996 -0.0001 -0.0003 29.9996 0.0000 0.0000 0.0000 0.7836 1.0486 177.8741 -13.0291 -6.3279 -1.0647 -6.6940 73.3123 -0.4584 0.0000 25.3510 0.0000 2.2391 -6.8580 179.1638 -0.0078 -2.0363 -0.0826 4.6189 65.5776 1.4573 0.0000 25.3508 -0.0001 
11.9550 96.7763 -28.9122 -2.1536 5.4437 0.7348 -0.1735 0.7847 0.3461 -0.1735 0.7848 0.3461 -0.1740 0.7871 0.3472 67.8663 84.4516 -34.7005 27.2253 41.0576 21.3348 -23.9727 24.1102 -11.1324 0.0563 2.0589 -0.5627 0.0000 0.0000 0.0001 0.0000 0.0000 0.0000 0.0000 -0.0013 -0.0008 0.0000 -0.0004 0.0001 0.0000 0.0000 0.0000 0.0000 0.0000 0.0000 0.0000 0.0002 0.0000 0.0000 -0.0006 0.0003 0.0000 0.0004 -0.0006 0.0000 0.0000 0.0001 0.0000 0.0000 0.0000 0.0000 -0.0010 -0.0002 0.0000 0.0002 30.0001 -0.0001 0.0005 -29.9998 0.0000 0.0000 0.0000 -0.4539 0.9124 -0.1514 -0.4539 0.9124 -0.1514 -47.0619 83.4016 61.7879 23.4782 45.8254 13.4174 -12.4121 56.2436 -90.5479 4.6257 -2.6814 7.8024 0.0000 -0.0001 0.0001 0.0000 0.0000 0.0000 0.0000 -0.0006 0.0003 0.0000 -0.0001 0.0001 0.0000 0.0000 0.0000 0.0000 0.0000 0.0000 0.0000 0.0007 0.0001 0.0000 -0.0012 0.0001 0.0000 -0.0008 0.0003 0.0000 0.0001 0.0000 0.0000 0.0000 0.0000 0.0000 -0.0009 0.0000 0.0000 0.0002 -29.9996 -0.0001 -0.0003 29.9996 0.0000 0.0000 0.0000 0.7968 1.1320 177.7525 -13.2847 -6.2887 -1.1037 -6.9746 73.2833 -0.7073 0.0000 25.3510 0.0000 2.5010 -7.1212 179.0749 -0.0088 -2.3772 -0.0825 4.4287 65.7316 1.4083 0.0000 25.3508 -0.0001 
11.8781 96.7905 -28.7911 -2.4835 5.5312 0.8650 -0.1680 0.7853 0.3061 -0.1680 0.7854 0.3061 -0.1685 0.7877 0.3070 68.2248 84.5208 -34.3088 26.1458 41.5090 20.2903 -27.4035 20.3030 -15.6509 0.1396 2.0946 -0.6496 0.0000 0.0000 0.0001 0.0000 0.0000 0.0000 0.0000 -0.0013 -0.0008 0.0000 -0.0004 0.0001 0.0000 0.0000 0.0000 0.0000 0.0000 0.0000 0.0000 0.0002 0.0000 0.0000 -0.0006 0.0003 0.0000 0.0004 -0.0006 0.0000 0.0000 0.0001 0.0000 0.0000 0.0000 0.0000 -0.0010 -0.0002 0.0000 0.0002 30.0001 -0.0001 0.0005 -29.9998 0.0000 0.0000 0.0000 -0.4822 0.9413 -0.1624 -0.4822 0.9413 -0.1624 -48.7023 83.2700 60.0200 23.3711 45.4476 11.9904 -18.6093 54.4770 -95.7544 4.9165 -2.4336 7.8898 0.0000 -0.0001 0.0001 0.0000 0.0000 0.0000 0.0000 -0.0006 0.0003 0.0000 -0.0001 0.0001 0.0000 0.0000 0.0000 0.0000 0.0000 0.0000 0.0000 0.0007 0.0001 0.0000 -0.0012 0.0001 0.0000 -0.0008 0.0003 0.0000 0.0001 0.0000 0.0000 0.0000 0.0000 0.0000 -0.0009 0.0000 0.0000 0.0002 -29.9997 -0.0001 -0.0003 29.9996 0.0000 0.0000 0.0000 0.8098 1.1984 177.6384 -13.5027 -6.2571 -1.1387 -7.2414 73.2568 -0.9345 0.0000 25.3510 0.0000 2.7618 -7.3590 178.9687 -0.0105 -2.6730 -0.0825 4.3333 65.8685 1.4337 0.0000 25.3508 -0.0001 
11.8037 96.8052 -28.6717 -2.7796 5.6245 0.9859 -0.1632 0.7825 0.2722 -0.1632 0.7826 0.2722 -0.1636 0.7849 0.2730 68.5216 84.5927 -33.9876 24.5908 42.1569 18.9431 -30.9766 16.0119 -19.6993 0.2164 2.0961 -0.7792 0.0000 0.0000 0.0001 0.0000 0.0000 0.0000 0.0000 -0.0013 -0.0008 0.0000 -0.0004 0.0001 0.0000 0.0000 0.0000 0.0000 0.0000 0.0000 0.0000 0.0002 0.0000 0.0000 -0.0006 0.0003 0.0000 0.0004 -0.0006 0.0000 0.0000 0.0001 0.0000 0.0000 0.0000 0.0000 -0.0010 -0.0002 0.0000 0.0002 30.0001 -0.0001 0.0005 -29.9998 0.0000 0.0000 0.0000 -0.5010 0.9609 -0.1898 -0.5010 0.9609 -0.1898 -50.4554 83.1421 58.1425 23.2536 45.1165 10.5063 -24.0736 52.5760 -100.2311 5.1881 -2.1784 7.9399 0.0000 -0.0001 0.0001 0.0000 0.0000 0.0000 0.0000 -0.0006 0.0003 0.0000 -0.0001 0.0001 0.0000 0.0000 0.0000 0.0000 0.0000 0.0000 0.0000 0.0007 0.0001 0.0000 -0.0012 0.0001 0.0000 -0.0008 0.0003 0.0000 0.0001 0.0000 0.0000 0.0000 0.0000 0.0000 -0.0009 0.0000 0.0000 0.0002 -29.9996 -0.0001 -0.0003 29.9996 0.0000 0.0000 0.0000 0.8141 1.2505 177.5371 -13.6978 -6.2287 -1.1716 -7.5030 73.2320 -1.1496 0.0000 25.3510 0.0000 3.0185 -7.5755 178.8609 -0.0120 -2.9337 -0.0824 4.3052 65.9965 1.5098 0.0000 25.3508 -0.0001 
11.7247 96.8199 -28.5488 -3.0226 5.7253 1.0944 -0.1635 0.7764 0.2438 -0.1635 0.7765 0.2438 -0.1640 0.7788 0.2445 68.5688 84.6648 -33.9229 21.8810 43.2183 16.8086 -34.7049 11.1037 -23.0688 0.2789 2.0303 -0.9645 0.0000 0.0000 0.0001 0.0000 0.0000 0.0000 0.0000 -0.0013 -0.0008 0.0000 -0.0004 0.0001 0.0000 0.0000 0.0000 0.0000 0.0000 0.0000 0.0000 0.0002 0.0000 0.0000 -0.0006 0.0003 0.0000 0.0004 -0.0006 0.0000 0.0000 0.0001 0.0000 0.0000 0.0000 0.0000 -0.0010 -0.0002 0.0000 0.0002 30.0001 -0.0001 0.0005 -29.9998 0.0000 0.0000 0.0000 -0.4994 0.9662 -0.2296 -0.4994 0.9662 -0.2296 -52.2684 83.0171 56.2081 23.0015 44.8611 8.8150 -28.8076 50.8611 -103.9284 5.4289 -1.9404 7.9439 0.0000 -0.0001 0.0001 0.0000 0.0000 0.0000 0.0000 -0.0006 0.0003 0.0000 -0.0001 0.0001 0.0000 0.0000 0.0000 0.0000 0.0000 0.0000 0.0000 0.0007 0.0001 0.0000 -0.0011 0.0001 0.0000 -0.0008 0.0003 0.0000 0.0001 0.0000 0.0000 0.0000 0.0000 0.0000 -0.0009 0.0000 0.0000 0.0002 -29.9996 -0.0001 -0.0003 29.9996 0.0000 0.0000 0.0000 0.8064 1.2833 177.4526 -13.8666 -6.2045 -1.1987 -7.7598 73.2082 -1.3592 0.0000 25.3510 0.0000 3.2470 -7.7308 178.7690 -0.0122 -3.0962 -0.0824 4.3164 66.0958 1.6094 0.0000 25.3508 -0.0001 
11.6433 96.8345 -28.4217 -3.2178 5.8300 1.1978 -0.1711 0.7694 0.2173 -0.1711 0.7695 0.2173 -0.1716 0.7718 0.2179 68.3505 84.7425 -34.1362 17.7235 44.6115 13.6279 -38.3645 5.7253 -25.5532 0.3247 1.8814 -1.1804 0.0000 0.0000 0.0001 0.0000 0.0000 0.0000 0.0000 -0.0013 -0.0008 0.0000 -0.0004 0.0001 0.0000 0.0000 0.0000 0.0000 0.0000 0.0000 0.0000 0.0002 0.0000 0.0000 -0.0006 0.0003 0.0000 0.0004 -0.0006 0.0000 0.0000 0.0001 0.0000 0.0000 0.0000 0.0000 -0.0010 -0.0002 0.0000 0.0002 30.0001 -0.0001 0.0005 -29.9998 0.0000 0.0000 0.0000 -0.4807 0.9666 -0.2703 -0.4807 0.9666 -0.2703 -54.2055 82.9006 54.1525 22.4165 44.7416 6.7697 -32.8354 49.4778 -106.8834 5.6267 -1.7244 7.8976 0.0000 -0.0001 0.0001 0.0000 0.0000 0.0000 0.0000 -0.0006 0.0003 0.0000 -0.0001 0.0001 0.0000 0.0000 0.0000 0.0000 0.0000 0.0000 0.0000 0.0007 0.0001 0.0000 -0.0012 0.0001 0.0000 -0.0008 0.0003 0.0000 0.0001 0.0000 0.0000 0.0000 0.0000 0.0000 -0.0008 0.0000 0.0000 0.0002 -29.9996 -0.0001 -0.0003 29.9996 0.0000 0.0000 0.0000 0.7988 1.3104 177.3804 -14.0117 -6.1780 -1.2247 -8.0074 73.1842 -1.5721 0.0000 25.3510 0.0000 3.4286 -7.8543 178.6890 -0.0118 -3.2178 -0.0824 4.3325 66.1922 1.7133 0.0000 25.3508 -0.0001 
11.5582 96.8481 -28.2876 -3.3694 5.9371 1.2987 -0.1865 0.7614 0.1929 -0.1865 0.7615 0.1929 -0.1871 0.7638 0.1935 67.9606 84.8348 -34.5339 12.0339 46.1512 9.2702 -42.0667 0.0178 -26.9834 0.3526 1.6408 -1.3949 0.0000 0.0000 0.0001 0.0000 0.0000 0.0000 0.0000 -0.0013 -0.0008 0.0000 -0.0004 0.0001 0.0000 0.0000 0.0000 0.0000 0.0000 0.0000 0.0000 0.0002 0.0000 0.0000 -0.0006 0.0003 0.0000 0.0004 -0.0006 0.0000 0.0000 0.0001 0.0000 0.0000 0.0000 0.0000 -0.0010 -0.0002 0.0000 0.0002 30.0001 -0.0001 0.0005 -29.9998 0.0000 0.0000 0.0000 -0.4461 0.9684 -0.3113 -0.4461 0.9684 -0.3113 -56.2821 82.7849 51.9579 21.2777 44.7431 4.2619 -36.2236 48.5337 -109.2152 5.7774 -1.5311 7.7979 0.0000 -0.0001 0.0001 0.0000 0.0000 0.0000 0.0000 -0.0006 0.0003 0.0000 -0.0001 0.0001 0.0000 0.0000 0.0000 0.0000 0.0000 0.0000 0.0000 0.0007 0.0001 0.0000 -0.0011 0.0001 0.0000 -0.0008 0.0003 0.0000 0.0001 0.0000 0.0000 0.0000 0.0000 0.0000 -0.0008 0.0000 0.0000 0.0002 -29.9996 -0.0001 -0.0003 29.9996 0.0000 0.0000 0.0000 0.7954 1.3376 177.3168 -14.1361 -6.1448 -1.2497 -8.2420 73.1603 -1.7893 0.0000 25.3510 0.0000 3.5670 -7.9665 178.6161 -0.0115 -3.3272 -0.0824 4.3459 66.2921 1.8103 0.0000 25.3508 -0.0001 
11.4689 96.8596 -28.1490 -3.4584 6.0444 1.3989 -0.2152 0.7534 0.1710 -0.2152 0.7535 0.1710 -0.2158 0.7557 0.1715 67.3145 84.9370 -35.2034 4.3198 47.6576 3.2847 -46.0518 -5.5763 -26.9066 0.3521 1.2969 -1.5789 0.0000 0.0000 0.0001 0.0000 0.0000 0.0000 0.0000 -0.0013 -0.0008 0.0000 -0.0004 0.0001 0.0000 0.0000 0.0000 0.0000 0.0000 0.0000 0.0000 0.0002 0.0000 0.0000 -0.0006 0.0003 0.0000 0.0004 -0.0006 0.0000 0.0000 0.0001 0.0000 0.0000 0.0000 0.0000 -0.0010 -0.0002 0.0000 0.0003 30.0001 -0.0001 0.0005 -29.9998 0.0000 0.0000 0.0000 -0.3868 0.9782 -0.3485 -0.3868 0.9782 -0.3485 -58.3735 82.6510 49.7471 18.8657 44.8803 0.8655 -38.6368 48.4695 -110.7200 5.8557 -1.3758 7.6251 0.0000 -0.0001 0.0001 0.0000 0.0000 0.0000 0.0000 -0.0006 0.0003 0.0000 -0.0001 0.0001 0.0000 0.0000 0.0000 0.0000 0.0000 0.0000 0.0000 0.0007 0.0001 0.0000 -0.0012 0.0001 0.0000 -0.0008 0.0003 0.0000 0.0001 0.0000 0.0000 0.0000 0.0000 0.0000 -0.0009 0.0000 0.0000 0.0002 -29.9996 -0.0001 -0.0003 29.9996 0.0000 0.0000 0.0000 0.7837 1.3745 177.2625 -14.2464 -6.0917 -1.2782 -8.4477 73.1352 -2.0037 0.0000 25.3510 0.0000 3.6511 -8.1025 178.5526 -0.0116 -3.4765 -0.0824 4.3534 66.4119 1.8861 0.0000 25.3508 -0.0001 
11.3768 96.8702 -28.0119 -3.4990 6.1495 1.5019 -0.2548 0.7477 0.1506 -0.2549 0.7478 0.1507 -0.2556 0.7500 0.1511 66.2244 85.0335 -36.3290 -4.4527 48.6054 -3.6694 -50.5785 -10.4683 -25.2776 0.3310 0.9017 -1.6969 0.0000 0.0000 0.0001 0.0000 0.0000 0.0000 0.0000 -0.0013 -0.0008 0.0000 -0.0004 0.0001 0.0000 0.0000 0.0000 0.0000 0.0000 0.0000 0.0000 0.0002 -0.0001 0.0000 -0.0006 0.0003 0.0000 0.0004 -0.0006 0.0000 0.0000 0.0001 0.0000 0.0000 0.0000 0.0000 -0.0010 -0.0002 0.0000 0.0002 30.0001 -0.0001 0.0005 -29.9998 0.0000 0.0000 0.0000 -0.3103 0.9940 -0.3772 -0.3103 0.9940 -0.3772 -60.0353 82.4893 47.9600 15.2776 45.0149 -3.1999 -40.0808 48.9860 -111.4341 5.8628 -1.2234 7.3991 0.0000 -0.0001 0.0001 0.0000 0.0000 0.0000 0.0000 -0.0006 0.0003 0.0000 -0.0001 0.0001 0.0000 0.0000 0.0000 0.0000 0.0000 0.0000 0.0000 0.0007 0.0001 0.0000 -0.0012 0.0001 0.0000 -0.0008 0.0003 0.0000 0.0001 0.0000 0.0000 0.0000 0.0000 0.0000 -0.0008 0.0000 0.0000 0.0002 -29.9997 -0.0001 -0.0003 29.9996 0.0000 0.0000 0.0000 0.7677 1.4114 177.2088 -14.3358 -6.0278 -1.3083 -8.6237 73.1047 -2.2001 0.0000 25.3510 0.0000 3.6997 -8.2489 178.5024 -0.0113 -3.6375 -0.0824 4.3274 66.5327 1.9061 0.0000 25.3508 -0.0001 
11.2884 96.8814 -27.8849 -3.5036 6.2527 1.6043 -0.3010 0.7449 0.1338 -0.3010 0.7450 0.1338 -0.3019 0.7472 0.1342 64.7331 85.1272 -37.8706 -13.4453 48.7525 -10.8779 -55.8075 -14.2245 -22.2718 0.2994 0.5006 -1.7538 0.0000 0.0000 0.0001 0.0000 0.0000 0.0000 0.0000 -0.0013 -0.0008 0.0000 -0.0004 0.0001 0.0000 0.0000 0.0000 0.0000 0.0000 0.0000 0.0000 0.0002 0.0000 0.0000 -0.0006 0.0003 0.0000 0.0004 -0.0006 0.0000 0.0000 0.0001 0.0000 0.0000 0.0000 0.0000 -0.0010 -0.0002 0.0000 0.0002 30.0001 -0.0001 0.0005 -29.9998 0.0000 0.0000 0.0000 -0.2241 1.0114 -0.4006 -0.2241 1.0113 -0.4006 -61.2324 82.3113 46.6332 10.9107 45.0170 -7.6018 -40.6403 49.8111 -111.3370 5.8087 -1.0427 7.1399 0.0000 0.0000 0.0001 0.0000 0.0000 0.0000 0.0000 -0.0006 0.0003 0.0000 -0.0001 0.0001 0.0000 0.0000 0.0000 0.0000 0.0000 0.0000 0.0000 0.0007 0.0001 0.0000 -0.0011 0.0001 0.0000 -0.0008 0.0003 0.0000 0.0001 0.0000 0.0000 0.0000 0.0000 0.0000 -0.0009 0.0000 0.0000 0.0002 -29.9997 -0.0001 -0.0003 29.9996 0.0000 0.0000 0.0000 0.7515 1.4435 177.1599 -14.4043 -5.9596 -1.3393 -8.7788 73.0679 -2.3836 0.0000 25.3510 0.0000 3.7248 -8.3908 178.4665 -0.0107 -3.7876 -0.0824 4.2726 66.6467 1.8750 0.0000 25.3508 -0.0001 
11.2109 96.8953 -27.7813 -3.4711 6.3563 1.7016 -0.3472 0.7447 0.1236 -0.3472 0.7448 0.1236 -0.3482 0.7470 0.1240 63.1608 85.2285 -39.5182 -21.5095 48.1755 -17.3607 -61.8273 -16.1340 -18.1109 0.2574 0.1169 -1.7567 0.0000 0.0000 0.0001 0.0000 0.0000 0.0000 0.0000 -0.0013 -0.0008 0.0000 -0.0004 0.0001 0.0000 0.0000 0.0000 0.0000 0.0000 0.0000 0.0000 0.0002 0.0000 0.0000 -0.0006 0.0003 0.0000 0.0004 -0.0006 0.0000 0.0000 0.0001 0.0000 0.0000 0.0000 0.0000 -0.0010 -0.0002 0.0000 0.0002 30.0001 -0.0001 0.0005 -29.9998 0.0000 0.0000 0.0000 -0.1335 1.0218 -0.4241 -0.1335 1.0218 -0.4241 -61.7196 82.1352 46.0057 6.0901 44.8312 -11.8799 -40.0705 50.7075 -110.0379 5.6949 -0.7897 6.8624 0.0000 -0.0001 0.0001 0.0000 0.0000 0.0000 0.0000 -0.0006 0.0003 0.0000 -0.0001 0.0001 0.0000 0.0000 0.0000 0.0000 0.0000 0.0000 0.0000 0.0007 0.0001 0.0000 -0.0011 0.0001 0.0000 -0.0008 0.0003 0.0000 0.0001 0.0000 0.0000 0.0000 0.0000 0.0000 -0.0008 0.0000 0.0000 0.0002 -29.9996 -0.0001 -0.0003 29.9996 0.0000 0.0000 0.0000 0.7465 1.4650 177.1235 -14.4433 -5.8903 -1.3688 -8.9153 73.0219 -2.5679 0.0000 25.3510 0.0000 3.7270 -8.5036 178.4446 -0.0096 -3.8873 -0.0824 4.1952 66.7398 1.7943 0.0000 25.3508 -0.0001 
11.1393 96.9115 -27.6922 -3.4217 6.4657 1.7932 -0.3837 0.7447 0.1176 -0.3837 0.7448 0.1176 -0.3848 0.7470 0.1180 61.9500 85.3538 -40.8168 -28.1288 47.1994 -22.6452 -68.2306 -16.2915 -13.4600 0.2160 -0.2311 -1.7281 0.0000 0.0000 0.0001 0.0000 0.0000 0.0000 0.0000 -0.0013 -0.0008 0.0000 -0.0004 0.0001 0.0000 0.0000 0.0000 0.0000 0.0000 0.0000 0.0000 0.0002 0.0000 0.0000 -0.0006 0.0003 0.0000 0.0004 -0.0006 0.0000 0.0000 0.0001 0.0000 0.0000 0.0000 0.0000 -0.0010 -0.0002 0.0000 0.0002 30.0001 -0.0001 0.0005 -29.9998 0.0000 0.0000 0.0000 -0.0454 1.0121 -0.4509 -0.0454 1.0121 -0.4509 -61.6602 81.9833 45.9236 1.5580 44.4765 -15.4704 -38.8804 51.3104 -107.8402 5.5520 -0.4588 6.5828 0.0000 -0.0001 0.0001 0.0000 0.0000 0.0000 0.0000 -0.0006 0.0003 0.0000 -0.0001 0.0001 0.0000 0.0000 0.0000 0.0000 0.0000 0.0000 0.0000 0.0007 0.0001 0.0000 -0.0011 0.0001 0.0000 -0.0008 0.0003 0.0000 0.0001 0.0000 0.0000 0.0000 0.0000 0.0000 -0.0009 0.0000 0.0000 0.0002 -29.9996 -0.0001 -0.0003 29.9996 0.0000 0.0000 0.0000 0.7562 1.4734 177.0955 -14.4573 -5.8220 -1.3940 -9.0429 72.9701 -2.7605 0.0000 25.3510 0.0000 3.7142 -8.5972 178.4191 -0.0090 -3.9528 -0.0824 4.1330 66.8231 1.7229 0.0000 25.3508 -0.0001 
11.0710 96.9277 -27.6063 -3.3593 6.5830 1.8791 -0.4071 0.7444 0.1143 -0.4071 0.7445 0.1143 -0.4083 0.7467 0.1146 61.0714 85.5060 -41.7915 -33.3261 46.1045 -26.7370 -74.3024 -14.9314 -8.9381 0.1814 -0.5401 -1.7004 0.0000 0.0000 0.0001 0.0000 0.0000 0.0000 0.0000 -0.0013 -0.0008 0.0000 -0.0004 0.0001 0.0000 0.0000 0.0000 0.0000 0.0000 0.0000 0.0000 0.0002 0.0000 0.0000 -0.0006 0.0003 0.0000 0.0004 -0.0006 0.0000 0.0000 0.0001 0.0000 0.0000 0.0000 0.0000 -0.0010 -0.0002 0.0000 0.0002 30.0001 -0.0001 0.0005 -29.9998 0.0000 0.0000 0.0000 0.0358 0.9809 -0.4767 0.0358 0.9809 -0.4767 -61.2928 81.8652 46.1645 -2.3453 44.0820 -18.2727 -37.2545 51.5448 -104.7821 5.3899 -0.0629 6.3067 0.0000 -0.0001 0.0001 0.0000 0.0000 0.0000 0.0000 -0.0006 0.0003 0.0000 -0.0001 0.0001 0.0000 0.0000 0.0000 0.0000 0.0000 0.0000 0.0000 0.0007 0.0001 0.0000 -0.0012 0.0001 0.0000 -0.0008 0.0003 0.0000 0.0001 0.0000 0.0000 0.0000 0.0000 0.0000 -0.0008 0.0000 0.0000 0.0002 -29.9997 -0.0001 -0.0003 29.9996 0.0000 0.0000 0.0000 0.7757 1.4678 177.0730 -14.4418 -5.7531 -1.4177 -9.1639 72.9123 -2.9528 0.0000 25.3510 0.0000 3.6854 -8.6773 178.3874 -0.0089 -3.9919 -0.0824 4.0857 66.9007 1.6666 0.0000 25.3508 -0.0001 
11.0105 96.9429 -27.5170 -3.2748 6.7127 1.9590 -0.4076 0.7434 0.1111 -0.4076 0.7435 0.1111 -0.4088 0.7457 0.1114 60.5545 85.7094 -42.4043 -36.8158 45.2078 -29.3802 -79.3909 -12.1719 -4.9218 0.1534 -0.8123 -1.7147 0.0000 0.0000 0.0001 0.0000 0.0000 0.0000 0.0000 -0.0013 -0.0008 0.0000 -0.0004 0.0001 0.0000 0.0000 0.0000 0.0000 0.0000 0.0000 0.0000 0.0002 0.0000 0.0000 -0.0006 0.0003 0.0000 0.0004 -0.0006 0.0000 0.0000 0.0001 0.0000 0.0000 0.0000 0.0000 -0.0010 -0.0002 0.0000 0.0002 30.0001 -0.0001 0.0005 -29.9998 0.0000 0.0000 0.0000 0.0988 0.9267 -0.4891 0.0988 0.9267 -0.4891 -60.7938 81.8240 46.5784 -5.1313 43.8567 -19.9579 -35.2225 51.2141 -100.5208 5.2071 0.4177 6.0348 0.0000 -0.0001 0.0001 0.0000 0.0000 0.0000 0.0000 -0.0006 0.0003 0.0000 -0.0001 0.0001 0.0000 0.0000 0.0000 0.0000 0.0000 0.0000 0.0000 0.0007 0.0001 0.0000 -0.0012 0.0001 0.0000 -0.0008 0.0003 0.0000 0.0001 0.0000 0.0000 0.0000 0.0000 0.0000 -0.0009 0.0000 0.0000 0.0002 -29.9997 -0.0001 -0.0003 29.9996 0.0000 0.0000 0.0000 0.8007 1.4424 177.0600 -14.3749 -5.6844 -1.4466 -9.2825 72.8480 -3.1401 0.0000 25.3510 0.0000 3.6267 -8.7343 178.3465 -0.0096 -3.9770 -0.0824 4.0507 66.9589 1.6231 0.0000 25.3508 -0.0001 
10.9595 96.9572 -27.4299 -3.1589 6.8504 2.0424 -0.3968 0.7405 0.1039 -0.3969 0.7406 0.1040 -0.3980 0.7428 0.1043 60.2000 85.9526 -42.8585 -39.2284 44.5270 -31.0663 -83.4194 -8.6283 -1.4855 0.1302 -1.0727 -1.7672 0.0000 0.0000 0.0001 0.0000 0.0000 0.0000 0.0000 -0.0013 -0.0008 0.0000 -0.0004 0.0001 0.0000 0.0000 0.0000 0.0000 0.0000 0.0000 0.0000 0.0002 -0.0001 0.0000 -0.0006 0.0003 0.0000 0.0004 -0.0006 0.0000 0.0000 0.0001 0.0000 0.0000 0.0000 0.0000 -0.0010 -0.0002 0.0000 0.0002 30.0001 -0.0001 0.0005 -29.9998 0.0000 0.0000 0.0000 0.1494 0.8721 -0.4817 0.1494 0.8721 -0.4817 -60.3202 81.8491 46.9903 -7.1898 43.7523 -20.9909 -32.9940 50.5762 -95.5117 5.0099 0.9243 5.7606 0.0000 -0.0001 0.0001 0.0000 0.0000 0.0000 0.0000 -0.0006 0.0003 0.0000 -0.0001 0.0001 0.0000 0.0000 0.0000 0.0000 0.0000 0.0000 0.0000 0.0007 0.0001 0.0000 -0.0012 0.0001 0.0000 -0.0008 0.0003 0.0000 0.0001 0.0000 0.0000 0.0000 0.0000 0.0000 -0.0008 0.0000 0.0000 0.0002 -29.9996 -0.0001 -0.0003 29.9996 0.0000 0.0000 0.0000 0.8166 1.4075 177.0543 -14.2700 -5.6178 -1.4868 -9.3970 72.7860 -3.3231 0.0000 25.3510 0.0000 3.5362 -8.7592 178.2989 -0.0105 -3.8848 -0.0824 4.0046 66.9811 1.5630 0.0000 25.3508 -0.0001 
10.9104 96.9722 -27.3499 -3.0136 6.9915 2.1287 -0.3813 0.7398 0.0952 -0.3813 0.7399 0.0952 -0.3824 0.7421 0.0955 59.6309 86.2086 -43.5349 -40.9056 44.0659 -32.1269 -86.4212 -4.7383 1.4326 0.1101 -1.3286 -1.8499 0.0000 0.0000 0.0001 0.0000 0.0000 0.0000 0.0000 -0.0013 -0.0008 0.0000 -0.0004 0.0001 0.0000 0.0000 0.0000 0.0000 0.0000 0.0000 0.0000 0.0002 0.0000 0.0000 -0.0006 0.0003 0.0000 0.0004 -0.0006 0.0000 0.0000 0.0001 0.0000 0.0000 0.0000 0.0000 -0.0010 -0.0002 0.0000 0.0002 30.0001 -0.0001 0.0005 -29.9998 0.0000 0.0000 0.0000 0.1933 0.8197 -0.4574 0.1933 0.8197 -0.4574 -59.8272 81.9120 47.4407 -8.8649 43.7201 -21.6669 -30.5520 49.7041 -89.9330 4.7979 1.4333 5.4820 0.0000 -0.0001 0.0001 0.0000 0.0000 0.0000 0.0000 -0.0006 0.0003 0.0000 -0.0001 0.0001 0.0000 0.0000 0.0000 0.0000 0.0000 0.0000 0.0000 0.0007 0.0001 0.0000 -0.0011 0.0001 0.0000 -0.0008 0.0003 0.0000 0.0001 0.0000 0.0000 0.0000 0.0000 0.0000 -0.0008 0.0000 0.0000 0.0002 -29.9996 -0.0001 -0.0003 29.9996 0.0000 0.0000 0.0000 0.8171 1.3686 177.0502 -14.1434 -5.5500 -1.5320 -9.5060 72.7290 -3.5015 0.0000 25.3510 0.0000 3.4205 -8.7632 178.2518 -0.0114 -3.7371 -0.0823 3.9416 66.9741 1.4774 0.0000 25.3508 -0.0001 
10.8547 96.9875 -27.2808 -2.8273 7.1324 2.2122 -0.3665 0.7489 0.0882 -0.3665 0.7490 0.0882 -0.3676 0.7512 0.0885 58.2931 86.4536 -44.9914 -41.7240 43.9075 -32.4744 -88.2842 -0.5345 4.0945 0.0903 -1.5833 -1.9910 0.0000 0.0000 0.0001 0.0000 0.0000 0.0000 0.0000 -0.0013 -0.0008 0.0000 -0.0004 0.0001 0.0000 0.0000 0.0000 0.0000 0.0000 0.0000 0.0000 0.0002 0.0000 0.0000 -0.0006 0.0003 0.0000 0.0004 -0.0006 0.0000 0.0000 0.0001 0.0000 0.0000 0.0000 0.0000 -0.0010 -0.0002 0.0000 0.0002 30.0001 -0.0001 0.0005 -29.9998 0.0000 0.0000 0.0000 0.2304 0.7686 -0.4144 0.2304 0.7686 -0.4144 -59.2732 81.9988 47.9798 -10.3166 43.7471 -22.1432 -27.6553 48.5752 -83.5664 4.5632 1.9459 5.2033 0.0000 -0.0001 0.0001 0.0000 0.0000 0.0000 0.0000 -0.0006 0.0003 0.0000 -0.0001 0.0001 0.0000 0.0000 0.0000 0.0000 0.0000 0.0000 0.0000 0.0007 0.0001 0.0000 -0.0012 0.0001 0.0000 -0.0008 0.0003 0.0000 0.0002 0.0000 0.0000 0.0000 0.0000 0.0000 -0.0009 0.0000 0.0000 0.0002 -29.9997 -0.0001 -0.0003 29.9996 0.0000 0.0000 0.0000 0.7898 1.3292 177.0438 -14.0051 -5.4729 -1.5753 -9.5992 72.6794 -3.6658 0.0000 25.3510 0.0000 3.2898 -8.7741 178.2155 -0.0121 -3.5937 -0.0823 3.8714 66.9677 1.3573 0.0000 25.3508 -0.0001 
10.7953 97.0017 -27.2156 -2.6133 7.2721 2.2880 -0.3566 0.7671 0.0830 -0.3566 0.7672 0.0830 -0.3576 0.7695 0.0832 56.2361 86.6719 -47.1770 -41.9414 43.9067 -32.3132 -89.4460 3.8662 6.5828 0.0668 -1.8594 -2.1849 0.0000 0.0000 0.0001 0.0000 0.0000 0.0000 0.0000 -0.0013 -0.0008 0.0000 -0.0004 0.0001 0.0000 0.0000 0.0000 0.0000 0.0000 0.0000 0.0000 0.0002 0.0000 0.0000 -0.0006 0.0003 0.0000 0.0004 -0.0006 0.0000 0.0000 0.0001 0.0000 0.0000 0.0000 0.0000 -0.0010 -0.0002 0.0000 0.0002 30.0001 -0.0001 0.0005 -29.9998 0.0000 0.0000 0.0000 0.2608 0.7105 -0.3617 0.2608 0.7105 -0.3617 -58.6147 82.0949 48.6416 -12.5009 43.9384 -22.8042 -24.4513 47.2807 -76.7541 3.8841 2.1656 4.4882 0.0000 -0.0001 0.0001 0.0000 0.0000 0.0000 0.0000 -0.0006 0.0003 0.0000 -0.0001 0.0001 0.0000 0.0000 0.0000 0.0000 0.0000 0.0000 0.0000 0.0007 0.0001 0.0000 -0.0012 0.0001 0.0000 -0.0008 0.0003 0.0000 0.0001 0.0000 0.0000 0.0000 0.0000 0.0000 -0.0009 0.0000 0.0000 0.0002 -29.9996 -0.0001 -0.0002 29.9996 0.0000 0.0000 0.0000 0.7484 1.2938 177.0362 -13.8728 -5.3793 -1.6122 -9.6701 72.6315 -3.8152 0.0000 25.3510 0.0000 3.1660 -8.8027 178.1897 -0.0125 -3.4874 -0.0823 3.8258 66.9816 1.2315 0.0000 25.3508 -0.0001 
10.7410 97.0144 -27.1522 -2.3807 7.4123 2.3543 -0.3524 0.7904 0.0788 -0.3524 0.7905 0.0788 -0.3535 0.7929 0.0790 53.8621 86.8603 -49.6930 -41.7142 43.9656 -31.7639 -90.0357 8.3890 8.9529 0.0358 -2.1667 -2.4329 0.0000 0.0000 0.0001 0.0000 0.0000 0.0000 0.0000 -0.0013 -0.0008 0.0000 -0.0004 0.0001 0.0000 0.0000 0.0000 0.0000 0.0000 0.0000 0.0000 0.0002 0.0000 0.0000 -0.0006 0.0003 0.0000 0.0004 -0.0006 0.0000 0.0000 0.0001 0.0000 0.0000 0.0000 0.0000 -0.0010 -0.0002 0.0000 0.0002 30.0001 -0.0001 0.0005 -29.9998 0.0000 0.0000 0.0000 0.2842 0.6428 -0.3035 0.2842 0.6428 -0.3035 -57.8633 82.1976 49.3995 -14.6952 44.2079 -23.4193 -21.0992 45.8037 -69.7345 3.1817 2.2384 3.7465 0.0000 -0.0001 0.0001 0.0000 0.0000 0.0000 0.0000 -0.0006 0.0003 0.0000 -0.0001 0.0001 0.0000 0.0000 0.0000 0.0000 0.0000 0.0000 0.0000 0.0007 0.0001 0.0000 -0.0012 0.0001 0.0000 -0.0008 0.0003 0.0000 0.0001 0.0000 0.0000 0.0000 0.0000 0.0000 -0.0008 0.0000 0.0000 0.0002 -29.9996 -0.0001 -0.0003 29.9996 0.0000 0.0000 0.0000 0.7054 1.2631 177.0321 -13.7522 -5.2672 -1.6449 -9.7105 72.5824 -3.9457 0.0000 25.3510 0.0000 3.0473 -8.8390 178.1700 -0.0126 -3.3955 -0.0823 3.8149 67.0052 1.1230 0.0000 25.3508 -0.0001 
10.7027 97.0239 -27.0919 -2.1345 7.5570 2.4038 -0.3525 0.8181 0.0761 -0.3525 0.8182 0.0761 -0.3536 0.8206 0.0763 51.6301 86.9948 -52.0875 -41.1194 44.0494 -30.9773 -89.8308 13.0386 11.3469 -0.0092 -2.4970 -2.7509 0.0000 0.0000 0.0001 0.0000 0.0000 0.0000 0.0000 -0.0013 -0.0008 0.0000 -0.0004 0.0001 0.0000 0.0000 0.0000 0.0000 0.0000 0.0000 0.0000 0.0002 0.0000 0.0000 -0.0006 0.0003 0.0000 0.0004 -0.0006 0.0000 0.0000 0.0001 0.0000 0.0000 0.0000 0.0000 -0.0010 -0.0002 0.0000 0.0002 30.0001 -0.0001 0.0005 -29.9998 0.0000 0.0000 0.0000 0.3030 0.5614 -0.2453 0.3030 0.5614 -0.2453 -56.9449 82.3053 50.3258 -16.5307 44.5883 -23.8041 -17.6041 44.1056 -62.4767 2.5699 2.2391 3.1040 0.0000 -0.0001 0.0001 0.0000 0.0000 0.0000 0.0000 -0.0006 0.0003 0.0000 -0.0001 0.0001 0.0000 0.0000 0.0000 0.0000 0.0000 0.0000 0.0000 0.0007 0.0001 0.0000 -0.0012 0.0001 0.0000 -0.0008 0.0003 0.0000 0.0002 0.0000 0.0000 0.0000 0.0000 0.0000 -0.0008 0.0000 0.0000 0.0002 -29.9997 -0.0001 -0.0003 29.9996 0.0000 0.0000 0.0000 0.6844 1.2404 177.0328 -13.6594 -5.1191 -1.6681 -9.6810 72.5227 -4.0375 0.0000 25.3510 0.0000 2.9210 -8.8331 178.1580 -0.0120 -3.2072 -0.0824 3.8445 66.9811 1.0556 0.0000 25.3508 -0.0001 
10.6739 97.0333 -27.0333 -1.8912 7.7086 2.4383 -0.3486 0.8451 0.0753 -0.3487 0.8452 0.0753 -0.3497 0.8477 0.0755 49.7631 87.0854 -54.1241 -40.3980 44.0730 -30.1655 -88.9092 17.8838 13.9841 -0.0735 -2.8634 -3.1433 0.0000 0.0000 0.0001 0.0000 0.0000 0.0000 0.0000 -0.0013 -0.0008 0.0000 -0.0004 0.0001 0.0000 0.0000 0.0000 0.0000 0.0000 0.0000 0.0000 0.0002 0.0000 0.0000 -0.0006 0.0003 0.0000 0.0004 -0.0006 0.0000 0.0000 0.0001 0.0000 0.0000 0.0000 0.0000 -0.0010 -0.0002 0.0000 0.0002 30.0001 -0.0001 0.0005 -29.9998 0.0000 0.0000 0.0000 0.3154 0.4851 -0.1979 0.3154 0.4851 -0.1979 -55.8756 82.4108 51.4025 -17.9270 45.1061 -23.8794 -14.2461 42.2028 -55.3175 2.0574 2.1870 2.5664 0.0000 -0.0001 0.0001 0.0000 0.0000 0.0000 0.0000 -0.0006 0.0003 0.0000 -0.0001 0.0001 0.0000 0.0000 0.0000 0.0000 0.0000 0.0000 0.0000 0.0007 0.0001 0.0000 -0.0012 0.0001 0.0000 -0.0008 0.0003 0.0000 0.0001 0.0000 0.0000 0.0000 0.0000 0.0000 -0.0009 0.0000 0.0000 0.0002 -29.9996 -0.0001 -0.0003 29.9996 0.0000 0.0000 0.0000 0.6972 1.2172 177.0376 -13.5802 -4.9480 -1.6815 -9.6053 72.4531 -4.0985 0.0000 25.3510 0.0000 2.7717 -8.7686 178.1572 -0.0107 -2.8820 -0.0825 3.8679 66.8868 1.0060 0.0000 25.3508 -0.0001 
10.6451 97.0426 -26.9719 -1.6496 7.8699 2.4625 -0.3376 0.8692 0.0763 -0.3376 0.8693 0.0763 -0.3386 0.8718 0.0765 48.2730 87.1507 -55.7811 -39.6169 44.0255 -29.3749 -87.3153 22.7886 16.9121 -0.1621 -3.2592 -3.6030 0.0000 0.0000 0.0001 0.0000 0.0000 0.0000 0.0000 -0.0013 -0.0008 0.0000 -0.0004 0.0001 0.0000 0.0000 0.0000 0.0000 0.0000 0.0000 0.0000 0.0002 0.0000 0.0000 -0.0006 0.0003 0.0000 0.0004 -0.0006 0.0000 0.0000 0.0001 0.0000 0.0000 0.0000 0.0000 -0.0010 -0.0002 0.0000 0.0002 30.0001 -0.0001 0.0005 -29.9998 0.0000 0.0000 0.0000 0.3197 0.4200 -0.1622 0.3197 0.4200 -0.1622 -54.7154 82.5115 52.5759 -18.8755 45.7504 -23.6248 -11.1405 40.1028 -48.3942 1.6358 2.1033 2.1241 0.0000 -0.0001 0.0001 0.0000 0.0000 0.0000 0.0000 -0.0006 0.0003 0.0000 -0.0001 0.0001 0.0000 0.0000 0.0000 0.0000 0.0000 0.0000 0.0000 0.0007 0.0001 0.0000 -0.0012 0.0001 0.0000 -0.0008 0.0003 0.0000 0.0001 0.0000 0.0000 0.0000 0.0000 0.0000 -0.0008 0.0000 0.0000 0.0002 -29.9997 -0.0001 -0.0003 29.9996 0.0000 0.0000 0.0000 0.7342 1.1843 177.0469 -13.5070 -4.7642 -1.6890 -9.4959 72.3742 -4.1305 0.0000 25.3510 0.0000 2.5880 -8.6426 178.1711 -0.0088 -2.4137 -0.0825 3.8551 66.7210 0.9477 0.0000 25.3508 -0.0001 
10.6033 97.0530 -26.9014 -1.4091 8.0467 2.4782 -0.3186 0.8888 0.0806 -0.3186 0.8890 0.0806 -0.3195 0.8916 0.0808 47.4617 87.1833 -56.7479 -38.8032 43.8918 -28.6599 -84.8518 27.5577 20.1927 -0.2826 -3.6549 -4.1330 0.0000 0.0000 0.0001 0.0000 0.0000 0.0000 0.0000 -0.0013 -0.0008 0.0000 -0.0004 0.0001 0.0000 0.0000 0.0000 0.0000 0.0000 0.0000 0.0000 0.0002 0.0000 0.0000 -0.0006 0.0003 0.0000 0.0004 -0.0006 0.0000 0.0000 0.0001 0.0000 0.0000 0.0000 0.0000 -0.0010 -0.0002 0.0000 0.0002 30.0001 -0.0001 0.0005 -29.9998 0.0000 0.0000 0.0000 0.3253 0.3778 -0.1458 0.3253 0.3778 -0.1458 -53.5545 82.6084 53.7465 -19.1493 46.5758 -22.8756 -8.2563 37.8715 -41.6194 1.2933 2.0014 1.7737 0.0000 -0.0001 0.0001 0.0000 0.0000 0.0000 0.0000 -0.0006 0.0003 0.0000 -0.0001 0.0001 0.0000 0.0000 0.0000 0.0000 0.0000 0.0000 0.0000 0.0007 0.0001 0.0000 -0.0012 0.0001 0.0000 -0.0008 0.0003 0.0000 0.0001 0.0000 0.0000 0.0000 0.0000 0.0000 -0.0008 0.0000 0.0000 0.0002 -29.9996 -0.0001 -0.0003 29.9996 0.0000 0.0000 0.0000 0.7968 1.1256 177.0638 -13.4269 -4.5777 -1.6917 -9.3614 72.2812 -4.1286 0.0000 25.3510 0.0000 2.3445 -8.3403 178.2099 -0.0055 -1.5670 -0.0826 3.7435 66.3687 0.8304 0.0000 25.3508 -0.0001 
10.5446 97.0630 -26.8228 -1.1649 8.2341 2.5001 -0.3005 0.9049 0.0844 -0.3005 0.9051 0.0844 -0.3014 0.9077 0.0846 47.1306 87.1912 -57.2324 -37.9635 43.6890 -27.9636 -81.5838 31.9553 23.9614 -0.4338 -4.0338 -4.7264 0.0000 0.0000 0.0001 0.0000 0.0000 0.0000 0.0000 -0.0013 -0.0008 0.0000 -0.0004 0.0001 0.0000 0.0000 0.0000 0.0000 0.0000 0.0000 0.0000 0.0002 -0.0001 0.0000 -0.0006 0.0003 0.0000 0.0004 -0.0006 0.0000 0.0000 0.0001 0.0000 0.0000 0.0000 0.0000 -0.0010 -0.0002 0.0000 0.0002 30.0001 -0.0001 0.0005 -29.9998 0.0000 0.0000 0.0000 0.3507 0.3595 -0.1423 0.3507 0.3595 -0.1423 -52.4384 82.7077 54.8511 -18.8849 47.5514 -21.7650 -5.4982 35.5416 -35.0248 1.0162 1.8896 1.5024 0.0000 -0.0001 0.0001 0.0000 0.0000 0.0000 0.0000 -0.0006 0.0003 0.0000 -0.0001 0.0001 0.0000 0.0000 0.0000 0.0000 0.0000 0.0000 0.0000 0.0007 0.0001 0.0000 -0.0012 0.0001 0.0000 -0.0008 0.0003 0.0000 0.0001 0.0000 0.0000 0.0000 0.0000 0.0000 -0.0009 0.0000 0.0000 0.0002 -29.9996 -0.0001 -0.0003 29.9996 0.0000 0.0000 0.0000 0.8677 1.0423 177.0836 -13.3352 -4.4051 -1.6945 -9.2302 72.1792 -4.1220 0.0000 25.3510 0.0000 2.0738 -8.0640 178.2587 -0.0026 -0.7588 -0.0827 3.5866 66.0385 0.6814 0.0000 25.3508 -0.0001 
10.4745 97.0723 -26.7405 -0.9188 8.4256 2.5322 -0.2825 0.9204 0.0859 -0.2825 0.9205 0.0859 -0.2833 0.9232 0.0861 47.0326 87.1747 -57.4775 -37.0586 43.4146 -27.2092 -77.5674 35.9020 28.2927 -0.6194 -4.3895 -5.3839 0.0000 0.0000 0.0001 0.0000 0.0000 0.0000 0.0000 -0.0013 -0.0008 0.0000 -0.0004 0.0001 0.0000 0.0000 0.0000 0.0000 0.0000 0.0000 0.0000 0.0002 0.0000 0.0000 -0.0006 0.0003 0.0000 0.0004 -0.0006 0.0000 0.0000 0.0001 0.0000 0.0000 0.0000 0.0000 -0.0010 -0.0002 0.0000 0.0002 30.0001 -0.0001 0.0005 -29.9998 0.0000 0.0000 0.0000 0.3902 0.3596 -0.1467 0.3902 0.3596 -0.1467 -51.3363 82.8044 55.9262 -18.2049 48.6257 -20.3507 -2.7753 33.1040 -28.6408 0.7919 1.7752 1.2956 0.0000 -0.0001 0.0001 0.0000 0.0000 0.0000 0.0000 -0.0006 0.0003 0.0000 -0.0001 0.0001 0.0000 0.0000 0.0000 0.0000 0.0000 0.0000 0.0000 0.0007 0.0001 0.0000 -0.0012 0.0001 0.0000 -0.0008 0.0003 0.0000 0.0001 0.0000 0.0000 0.0000 0.0000 0.0000 -0.0009 0.0000 0.0000 0.0002 -29.9996 -0.0001 -0.0003 29.9996 0.0000 0.0000 0.0000 0.9403 0.9428 177.1034 -13.2337 -4.2492 -1.6966 -9.1198 72.0709 -4.1314 0.0000 25.3510 0.0000 1.8013 -7.8784 178.3070 -0.0004 -0.1283 -0.0827 3.4222 65.7979 0.5216 0.0000 25.3508 -0.0001 
10.3939 97.0819 -26.6577 -0.6703 8.6146 2.5793 -0.2615 0.9393 0.0832 -0.2615 0.9395 0.0832 -0.2623 0.9422 0.0834 47.0423 87.1338 -57.5868 -36.1097 43.3149 -26.7433 -72.9102 39.2705 33.0792 -0.8497 -4.3248 -5.7750 0.0000 0.0000 0.0001 0.0000 0.0000 0.0000 0.0000 -0.0013 -0.0008 0.0000 -0.0004 0.0001 0.0000 0.0000 0.0000 0.0000 0.0000 0.0000 0.0000 0.0002 0.0000 0.0000 -0.0006 0.0003 0.0000 0.0004 -0.0006 0.0000 0.0000 0.0001 0.0000 0.0000 0.0000 0.0000 -0.0010 -0.0002 0.0000 0.0002 30.0001 -0.0001 0.0005 -29.9998 0.0000 0.0000 0.0000 0.4379 0.3653 -0.1527 0.4379 0.3653 -0.1527 -50.3369 82.8907 56.8978 -17.0855 49.7596 -18.6033 0.2028 30.6266 -22.4129 0.6127 1.6626 1.1529 0.0000 -0.0001 0.0001 0.0000 0.0000 0.0000 0.0000 -0.0006 0.0003 0.0000 -0.0001 0.0001 0.0000 0.0000 0.0000 0.0000 0.0000 0.0000 0.0000 0.0007 0.0001 0.0000 -0.0012 0.0001 0.0000 -0.0008 0.0003 0.0000 0.0001 0.0000 0.0000 0.0000 0.0000 0.0000 -0.0009 0.0000 0.0000 0.0002 -29.9996 -0.0001 -0.0003 29.9996 0.0000 0.0000 0.0000 0.9993 0.8318 177.1194 -13.1268 -4.1153 -1.6959 -9.0446 71.9544 -4.1733 0.0000 25.3510 0.0000 1.5521 -7.9401 178.3459 0.0000 0.0000 -0.0827 3.2954 65.8059 0.3762 0.0000 25.3508 -0.0001 
10.3105 97.0923 -26.5755 -0.4163 8.7981 2.6400 -0.2429 0.9622 0.0769 -0.2429 0.9623 0.0770 -0.2436 0.9652 0.0772 47.1683 87.0873 -57.5584 -34.9675 43.1676 -26.0530 -67.8513 42.1433 38.2249 -1.1107 -4.2200 -6.1557 0.0000 0.0000 0.0001 0.0000 0.0000 0.0000 0.0000 -0.0013 -0.0008 0.0000 -0.0004 0.0001 0.0000 0.0000 0.0000 0.0000 0.0000 0.0000 0.0000 0.0002 0.0000 0.0000 -0.0006 0.0003 0.0000 0.0004 -0.0006 0.0000 0.0000 0.0001 0.0000 0.0000 0.0000 0.0000 -0.0010 -0.0002 0.0000 0.0002 30.0001 -0.0001 0.0005 -29.9998 0.0000 0.0000 0.0000 0.4893 0.3629 -0.1553 0.4893 0.3629 -0.1553 -49.4138 82.9672 57.7967 -15.6702 50.8947 -16.6841 3.5036 28.0018 -16.3223 0.4667 1.5553 1.0593 0.0000 -0.0001 0.0001 0.0000 0.0000 0.0000 0.0000 -0.0006 0.0003 0.0000 -0.0001 0.0001 0.0000 0.0000 0.0000 0.0000 0.0000 0.0000 0.0000 0.0007 0.0001 0.0000 -0.0012 0.0001 0.0000 -0.0008 0.0003 0.0000 0.0001 0.0000 0.0000 0.0000 0.0000 0.0000 -0.0009 0.0000 0.0000 0.0002 -29.9996 -0.0001 -0.0003 29.9996 0.0000 0.0000 0.0000 1.0245 0.7206 177.1228 -13.0325 -3.9863 -1.6886 -8.9871 71.8243 -4.2370 0.0000 25.3510 0.0000 1.3252 -8.0684 178.3712 -0.0001 -0.0163 -0.0827 3.2073 65.8833 0.2418 0.0000 25.3508 -0.0001 
10.2291 97.1040 -26.4955 -0.1638 8.9705 2.7123 -0.2242 0.9878 0.0665 -0.2242 0.9879 0.0665 -0.2249 0.9908 0.0667 47.5597 87.0403 -57.2428 -33.6820 42.9843 -25.1573 -62.3614 44.4982 43.7717 -1.4020 -4.0844 -6.5343 0.0000 0.0000 0.0001 0.0000 0.0000 0.0000 0.0000 -0.0013 -0.0008 0.0000 -0.0004 0.0001 0.0000 0.0000 0.0000 0.0000 0.0000 0.0000 0.0000 0.0002 -0.0001 0.0000 -0.0006 0.0003 0.0000 0.0004 -0.0006 0.0000 0.0000 0.0001 0.0000 0.0000 0.0000 0.0000 -0.0010 -0.0002 0.0000 0.0002 30.0001 -0.0001 0.0005 -29.9998 0.0000 0.0000 0.0000 0.5365 0.3588 -0.1546 0.5365 0.3588 -0.1546 -48.4929 83.0317 58.7066 -13.9965 52.0649 -14.5672 7.0747 25.1037 -10.4922 0.3454 1.4494 1.0016 0.0000 -0.0001 0.0001 0.0000 0.0000 0.0000 0.0000 -0.0006 0.0003 0.0000 -0.0001 0.0001 0.0000 0.0000 0.0000 0.0000 0.0000 0.0000 0.0000 0.0007 0.0001 0.0000 -0.0011 0.0001 0.0000 -0.0008 0.0003 0.0000 0.0001 0.0000 0.0000 0.0000 0.0000 0.0000 -0.0008 0.0000 0.0000 0.0002 -29.9996 -0.0001 -0.0003 29.9996 0.0000 0.0000 0.0000 1.0192 0.6183 177.1152 -12.9494 -3.8593 -1.6789 -8.9439 71.6831 -4.3145 0.0000 25.3510 0.0000 1.1194 -8.1706 178.3815 0.0000 0.0000 -0.0827 3.1463 65.9396 0.1117 0.0000 25.3508 -0.0001 
10.1563 97.1160 -26.4234 0.0760 9.1214 2.7979 -0.1956 1.0163 0.0501 -0.1956 1.0164 0.0501 -0.1962 1.0194 0.0503 48.4147 86.9932 -56.4194 -32.2479 42.7633 -24.0057 -56.5349 46.2303 49.5402 -1.7232 -3.9077 -6.9121 0.0000 0.0000 0.0001 0.0000 0.0000 0.0000 0.0000 -0.0013 -0.0008 0.0000 -0.0004 0.0001 0.0000 0.0000 0.0000 0.0000 0.0000 0.0000 0.0000 0.0002 0.0000 0.0000 -0.0006 0.0003 0.0000 0.0004 -0.0006 0.0000 0.0000 0.0001 0.0000 0.0000 0.0000 0.0000 -0.0010 -0.0002 0.0000 0.0002 30.0001 -0.0001 0.0005 -29.9998 0.0000 0.0000 0.0000 0.5592 0.3594 -0.1557 0.5592 0.3594 -0.1557 -47.5188 83.0849 59.6960 -11.9436 53.3212 -12.0239 11.0028 21.8606 -5.3016 0.2481 1.3401 0.9810 0.0000 -0.0001 0.0001 0.0000 0.0000 0.0000 0.0000 -0.0006 0.0003 0.0000 -0.0001 0.0001 0.0000 0.0000 0.0000 0.0000 0.0000 0.0000 0.0000 0.0007 0.0001 0.0000 -0.0012 0.0001 0.0000 -0.0008 0.0003 0.0000 0.0001 0.0000 0.0000 0.0000 0.0000 0.0000 -0.0009 0.0000 0.0000 0.0002 -29.9997 -0.0001 -0.0003 29.9996 0.0000 0.0000 0.0000 0.9815 0.5380 177.0953 -12.8760 -3.7345 -1.6688 -8.9216 71.5310 -4.4090 0.0000 25.3510 0.0000 0.9412 -8.2662 178.3697 0.0000 0.0000 -0.0827 3.1122 65.9918 -0.0106 0.0000 25.3508 -0.0001 
10.0880 97.1271 -26.3628 0.2970 9.2562 2.8870 -0.1529 1.0447 0.0329 -0.1529 1.0449 0.0329 -0.1533 1.0479 0.0330 49.3282 86.9448 -55.4926 -30.7973 42.4583 -22.7124 -50.4811 47.4028 55.3590 -2.0709 -3.6965 -7.2763 0.0000 0.0000 0.0001 0.0000 0.0000 0.0000 0.0000 -0.0013 -0.0008 0.0000 -0.0004 0.0001 0.0000 0.0000 0.0000 0.0000 0.0000 0.0000 0.0000 0.0002 -0.0001 0.0000 -0.0006 0.0003 0.0000 0.0004 -0.0006 0.0000 0.0000 0.0001 0.0000 0.0000 0.0000 0.0000 -0.0010 -0.0002 0.0000 0.0002 30.0001 -0.0001 0.0005 -29.9998 0.0000 0.0000 0.0000 0.5560 0.3681 -0.1719 0.5560 0.3681 -0.1719 -46.5994 83.1259 60.6680 -9.5691 54.5382 -9.1476 15.0900 18.3040 -0.9878 0.1715 1.2348 0.9874 0.0000 -0.0001 0.0001 0.0000 0.0000 0.0000 0.0000 -0.0006 0.0003 0.0000 -0.0001 0.0001 0.0000 0.0000 0.0000 0.0000 0.0000 0.0000 0.0000 0.0007 0.0001 0.0000 -0.0012 0.0001 0.0000 -0.0008 0.0003 0.0000 0.0001 0.0000 0.0000 0.0000 0.0000 0.0000 -0.0009 0.0000 0.0000 0.0002 -29.9996 -0.0001 -0.0003 29.9996 0.0000 0.0000 0.0000 0.9293 0.4726 177.0646 -12.8082 -3.6155 -1.6534 -8.9142 71.3800 -4.5127 0.0000 25.3510 0.0000 0.7808 -8.3748 178.3504 -0.0001 -0.0396 -0.0827 3.0727 66.0504 -0.1401 0.0000 25.3508 -0.0001 
10.0201 97.1367 -26.3104 0.5029 9.3825 2.9763 -0.1015 1.0706 0.0178 -0.1015 1.0708 0.0178 -0.1018 1.0739 0.0179 50.2059 86.8940 -54.5699 -29.3885 42.0350 -21.3254 -44.3178 48.1304 61.0543 -2.4448 -3.4570 -7.6162 0.0000 0.0000 0.0001 0.0000 0.0000 0.0000 0.0000 -0.0013 -0.0008 0.0000 -0.0004 0.0001 0.0000 0.0000 0.0000 0.0000 0.0000 0.0000 0.0000 0.0002 -0.0001 0.0000 -0.0006 0.0003 0.0000 0.0004 -0.0006 0.0000 0.0000 0.0001 0.0000 0.0000 0.0000 0.0000 -0.0010 -0.0002 0.0000 0.0002 30.0001 -0.0001 0.0005 -29.9998 0.0000 0.0000 0.0000 0.5361 0.3857 -0.2076 0.5361 0.3857 -0.2076 -45.8594 83.1632 61.4914 -6.9038 55.6591 -6.0271 19.3499 14.5385 2.4940 0.1097 1.1303 1.0126 0.0000 -0.0001 0.0001 0.0000 0.0000 0.0000 0.0000 -0.0006 0.0003 0.0000 -0.0001 0.0001 0.0000 0.0000 0.0000 0.0000 0.0000 0.0000 0.0000 0.0007 0.0001 0.0000 -0.0011 0.0001 0.0000 -0.0008 0.0003 0.0000 0.0001 0.0000 0.0000 0.0000 0.0000 0.0000 -0.0009 0.0000 0.0000 0.0002 -29.9996 -0.0001 -0.0003 29.9996 0.0000 0.0000 0.0000 0.8624 0.4087 177.0261 -12.7445 -3.5097 -1.6344 -8.9136 71.2367 -4.6125 0.0000 25.3510 0.0000 0.6321 -8.4422 178.3307 0.0000 0.0001 -0.0827 3.0081 66.0590 -0.2977 0.0000 25.3508 -0.0001 
9.9515 97.1431 -26.2607 0.6772 9.4931 3.0597 -0.0404 1.0925 0.0076 -0.0404 1.0926 0.0076 -0.0405 1.0958 0.0076 51.0313 86.8306 -53.6620 -28.0856 41.4552 -19.8443 -38.1906 48.6169 66.2713 -2.8429 -3.2046 -7.9202 0.0000 0.0000 0.0001 0.0000 0.0000 0.0000 0.0000 -0.0013 -0.0008 0.0000 -0.0004 0.0001 0.0000 0.0000 0.0000 0.0000 0.0000 0.0000 0.0000 0.0002 0.0000 0.0000 -0.0006 0.0003 0.0000 0.0004 -0.0006 0.0000 0.0000 0.0001 0.0000 0.0000 0.0000 0.0000 -0.0010 -0.0002 0.0000 0.0002 30.0001 -0.0001 0.0005 -29.9998 0.0000 0.0000 0.0000 0.5054 0.4165 -0.2717 0.5054 0.4165 -0.2717 -45.4161 83.2120 62.0560 -3.4967 56.7641 -2.2637 23.8150 10.7282 4.9112 0.0629 1.0127 1.0564 0.0000 -0.0001 0.0001 0.0000 0.0000 0.0000 0.0000 -0.0006 0.0003 0.0000 -0.0001 0.0001 0.0000 0.0000 0.0000 0.0000 0.0000 0.0000 0.0000 0.0007 0.0001 0.0000 -0.0012 0.0001 0.0000 -0.0008 0.0003 0.0000 0.0001 0.0000 0.0000 0.0000 0.0000 0.0000 -0.0009 0.0000 0.0000 0.0002 -29.9996 -0.0001 -0.0002 29.9996 0.0000 0.0000 0.0000 0.7932 0.3365 176.9885 -12.6704 -3.4432 -1.6206 -8.9189 71.1149 -4.6870 0.0000 25.3510 0.0000 0.5102 -8.5177 178.3159 0.0000 0.0000 -0.0827 2.9133 66.0807 -0.4838 0.0000 25.3508 -0.0001 
9.8801 97.1480 -26.2060 0.8263 9.5950 3.1341 0.0210 1.1096 0.0020 0.0210 1.1098 0.0020 0.0211 1.1130 0.0020 51.9832 86.7478 -52.6021 -26.8794 40.7739 -18.2825 -32.1802 48.9885 71.0315 -3.2558 -2.9518 -8.1796 0.0000 0.0000 0.0001 0.0000 0.0000 0.0000 0.0000 -0.0013 -0.0008 0.0000 -0.0004 0.0001 0.0000 0.0000 0.0000 0.0000 0.0000 0.0000 0.0000 0.0002 -0.0001 0.0000 -0.0006 0.0003 0.0000 0.0004 -0.0006 0.0000 0.0000 0.0001 0.0000 0.0000 0.0000 0.0000 -0.0010 -0.0002 0.0000 0.0002 30.0001 -0.0001 0.0005 -29.9998 0.0000 0.0000 0.0000 0.4790 0.4551 -0.3486 0.4790 0.4551 -0.3486 -45.0680 83.2702 62.5329 0.6051 57.7248 2.0412 28.5275 7.0918 6.4686 0.0269 0.8774 1.1065 0.0000 -0.0001 0.0001 0.0000 0.0000 0.0000 0.0000 -0.0006 0.0003 0.0000 -0.0001 0.0001 0.0000 0.0000 0.0000 0.0000 0.0000 0.0000 0.0000 0.0007 0.0001 0.0000 -0.0011 0.0001 0.0000 -0.0008 0.0003 0.0000 0.0001 0.0000 0.0000 0.0000 0.0000 0.0000 -0.0009 0.0000 0.0000 0.0002 -29.9996 -0.0001 -0.0003 29.9996 0.0000 0.0000 0.0000 0.7354 0.2422 176.9625 -12.5760 -3.4277 -1.6150 -8.9384 71.0206 -4.7434 0.0000 25.3510 0.0000 0.4061 -8.5823 178.3094 0.0000 0.0001 -0.0827 2.7974 66.1049 -0.6804 0.0000 25.3508 -0.0001 
9.8035 97.1518 -26.1449 0.9540 9.6903 3.1976 0.0814 1.1230 0.0005 0.0814 1.1231 0.0005 0.0816 1.1264 0.0005 52.9689 86.6465 -51.4856 -25.7045 40.0162 -16.6418 -26.2718 49.3417 75.4385 -3.6791 -2.7052 -8.3907 0.0000 0.0000 0.0001 0.0000 0.0000 0.0000 0.0000 -0.0013 -0.0008 0.0000 -0.0004 0.0001 0.0000 0.0000 0.0000 0.0000 0.0000 0.0000 0.0000 0.0002 0.0000 0.0000 -0.0006 0.0003 0.0000 0.0004 -0.0006 0.0000 0.0000 0.0001 0.0000 0.0000 0.0000 0.0000 -0.0010 -0.0002 0.0000 0.0002 30.0001 -0.0001 0.0005 -29.9998 0.0000 0.0000 0.0000 0.4562 0.4993 -0.4265 0.4562 0.4993 -0.4265 -44.7271 83.3238 63.0176 5.2238 58.4527 6.7028 33.5814 3.7468 7.3193 -0.0006 0.7232 1.1538 0.0000 -0.0001 0.0001 0.0000 0.0000 0.0000 0.0000 -0.0006 0.0003 0.0000 -0.0001 0.0001 0.0000 0.0000 0.0000 0.0000 0.0000 0.0000 0.0000 0.0007 0.0001 0.0000 -0.0012 0.0001 0.0000 -0.0008 0.0003 0.0000 0.0001 0.0000 0.0000 0.0000 0.0000 0.0000 -0.0009 0.0000 0.0000 0.0002 -29.9996 -0.0001 -0.0003 29.9996 0.0000 0.0000 0.0000 0.6875 0.1290 176.9462 -12.4708 -3.4573 -1.6122 -8.9751 70.9519 -4.7908 0.0000 25.3510 0.0000 0.3176 -8.6372 178.3145 0.0000 0.0000 -0.0827 2.6680 66.1337 -0.8807 0.0000 25.3508 -0.0001 
9.7179 97.1549 -26.0697 1.0529 9.7730 3.2440 0.1347 1.1314 0.0038 0.1348 1.1315 0.0038 0.1351 1.1348 0.0038 54.0033 86.5191 -50.2932 -24.5436 39.2465 -14.9036 -20.4622 50.0039 79.3747 -4.1011 -2.5057 -8.5383 0.0000 0.0000 0.0001 0.0000 0.0000 0.0000 0.0000 -0.0013 -0.0008 0.0000 -0.0004 0.0001 0.0000 0.0000 0.0000 0.0000 0.0000 0.0000 0.0000 0.0002 0.0000 0.0000 -0.0006 0.0003 0.0000 0.0004 -0.0006 0.0000 0.0000 0.0001 0.0000 0.0000 0.0000 0.0000 -0.0010 -0.0002 0.0000 0.0002 30.0001 -0.0001 0.0005 -29.9998 0.0000 0.0000 0.0000 0.4395 0.5525 -0.4888 0.4395 0.5525 -0.4888 -44.3429 83.3566 63.5668 10.2693 58.8594 11.5720 39.0826 1.0451 7.4617 -0.0178 0.5464 1.1960 0.0000 -0.0001 0.0001 0.0000 0.0000 0.0000 0.0000 -0.0006 0.0003 0.0000 -0.0001 0.0001 0.0000 0.0000 0.0000 0.0000 0.0000 0.0000 0.0000 0.0007 0.0001 0.0000 -0.0012 0.0001 0.0000 -0.0008 0.0003 0.0000 0.0001 0.0000 0.0000 0.0000 0.0000 0.0000 -0.0009 0.0000 0.0000 0.0002 -29.9996 -0.0001 -0.0003 29.9996 0.0000 0.0000 0.0000 0.6400 0.0040 176.9423 -12.3797 -3.5380 -1.6116 -9.0271 70.9172 -4.8273 0.0000 25.3510 0.0000 0.2491 -8.6707 178.3381 0.0000 0.0000 -0.0827 2.5268 66.1715 -1.0829 0.0000 25.3508 -0.0001 
9.6342 97.1554 -25.9785 1.1243 9.8419 3.2817 0.1798 1.1380 0.0066 0.1798 1.1382 0.0066 0.1803 1.1415 0.0066 55.0049 86.3656 -49.1158 -23.1107 38.5582 -12.8499 -14.9488 51.0707 82.9101 -4.5041 -2.3747 -8.6212 0.0000 0.0000 0.0001 0.0000 0.0000 0.0000 0.0000 -0.0013 -0.0008 0.0000 -0.0004 0.0001 0.0000 0.0000 0.0000 0.0000 0.0000 0.0000 0.0000 0.0002 0.0000 0.0000 -0.0006 0.0003 0.0000 0.0004 -0.0006 0.0000 0.0000 0.0001 0.0000 0.0000 0.0000 0.0000 -0.0010 -0.0002 0.0000 0.0002 30.0001 -0.0001 0.0005 -29.9998 0.0000 0.0000 0.0000 0.4242 0.6147 -0.5246 0.4242 0.6147 -0.5246 -43.7884 83.3656 64.2845 15.7239 58.9876 16.7473 44.7323 -1.0366 6.9596 -0.0273 0.3550 1.2172 0.0000 -0.0001 0.0001 0.0000 0.0000 0.0000 0.0000 -0.0006 0.0003 0.0000 -0.0001 0.0001 0.0000 0.0000 0.0000 0.0000 0.0000 0.0000 0.0000 0.0007 0.0001 0.0000 -0.0011 0.0001 0.0000 -0.0008 0.0003 0.0000 0.0001 0.0000 0.0000 0.0000 0.0000 0.0000 -0.0009 0.0000 0.0000 0.0002 -29.9996 -0.0001 -0.0003 29.9996 0.0000 0.0000 0.0000 0.5860 -0.1077 176.9415 -12.3247 -3.6356 -1.6107 -9.0852 70.9009 -4.8602 0.0000 25.3510 0.0000 0.1921 -8.7057 178.3668 -0.0002 -0.0487 -0.0827 2.3903 66.2442 -1.2636 0.0000 25.3508 -0.0001 
9.5560 97.1532 -25.8733 1.1670 9.9005 3.3161 0.2184 1.1434 0.0066 0.2184 1.1436 0.0066 0.2191 1.1469 0.0066 56.0026 86.1895 -47.9364 -21.2282 38.0034 -10.4037 -9.7906 52.4240 86.1915 -4.8736 -2.3018 -8.6454 0.0000 0.0000 0.0001 0.0000 0.0000 0.0000 0.0000 -0.0013 -0.0008 0.0000 -0.0004 0.0001 0.0000 0.0000 0.0000 0.0000 0.0000 0.0000 0.0000 0.0002 0.0000 0.0000 -0.0006 0.0003 0.0000 0.0004 -0.0006 0.0000 0.0000 0.0001 0.0000 0.0000 0.0000 0.0000 -0.0010 -0.0002 0.0000 0.0002 30.0001 -0.0001 0.0005 -29.9998 0.0000 0.0000 0.0000 0.4086 0.6793 -0.5388 0.4086 0.6793 -0.5388 -43.0446 83.3540 65.1798 21.2151 58.8059 21.8854 50.4771 -2.4788 6.0012 -0.0313 0.1599 1.2148 0.0000 -0.0001 0.0001 0.0000 0.0000 0.0000 0.0000 -0.0006 0.0003 0.0000 -0.0001 0.0001 0.0000 0.0000 0.0000 0.0000 0.0000 0.0000 0.0000 0.0007 0.0001 0.0000 -0.0012 0.0001 0.0000 -0.0008 0.0003 0.0000 0.0001 0.0000 0.0000 0.0000 0.0000 0.0000 -0.0009 0.0000 0.0000 0.0002 -29.9996 -0.0001 -0.0003 29.9996 0.0000 0.0000 0.0000 0.5286 -0.1958 176.9340 -12.3107 -3.7287 -1.6043 -9.1450 70.8931 -4.8955 0.0000 25.3510 0.0000 0.1368 -8.6743 178.3945 0.0000 0.0001 -0.0827 2.2437 66.2776 -1.4293 0.0000 25.3508 -0.0001 
9.4898 97.1477 -25.7479 1.1681 9.9493 3.3524 0.2497 1.1458 0.0002 0.2497 1.1460 0.0002 0.2505 1.1493 0.0002 57.0975 85.9952 -46.6588 -18.3665 37.6359 -7.1974 -5.5370 54.1413 88.9051 -5.1862 -2.2812 -8.6055 0.0000 0.0000 0.0001 0.0000 0.0000 0.0000 0.0000 -0.0013 -0.0008 0.0000 -0.0004 0.0001 0.0000 0.0000 0.0000 0.0000 0.0000 0.0000 0.0000 0.0002 -0.0001 0.0000 -0.0006 0.0003 0.0000 0.0004 -0.0006 0.0000 0.0000 0.0001 0.0000 0.0000 0.0000 0.0000 -0.0010 -0.0002 0.0000 0.0002 30.0001 -0.0001 0.0005 -29.9998 0.0000 0.0000 0.0000 0.3904 0.7405 -0.5309 0.3904 0.7405 -0.5309 -42.0762 83.3083 66.2787 26.2549 58.3297 26.5185 56.1789 -3.0968 4.7519 -0.0300 -0.0293 1.1963 0.0000 -0.0001 0.0001 0.0000 0.0000 0.0000 0.0000 -0.0006 0.0003 0.0000 -0.0001 0.0001 0.0000 0.0000 0.0000 0.0000 0.0000 0.0000 0.0000 0.0007 0.0001 0.0000 -0.0012 0.0001 0.0000 -0.0008 0.0003 0.0000 0.0001 0.0000 0.0000 0.0000 0.0000 0.0000 -0.0009 0.0000 0.0000 0.0002 -29.9996 -0.0001 -0.0003 29.9996 0.0000 0.0000 0.0000 0.4742 -0.2388 176.9114 -12.3555 -3.7936 -1.5920 -9.1958 70.8903 -4.9337 0.0000 25.3510 0.0000 0.0797 -8.6471 178.4121 0.0000 0.0001 -0.0827 2.0858 66.3489 -1.5637 0.0000 25.3508 -0.0001 
9.4229 97.1414 -25.6084 1.1389 9.9958 3.3933 0.2753 1.1435 -0.0125 0.2753 1.1436 -0.0125 0.2761 1.1470 -0.0125 58.2009 85.8074 -45.3746 -14.7123 37.4605 -3.4611 -1.8595 55.9841 91.3585 -5.4296 -2.2984 -8.5096 0.0000 0.0000 0.0001 0.0000 0.0000 0.0000 0.0000 -0.0013 -0.0008 0.0000 -0.0004 0.0001 0.0000 0.0000 0.0000 0.0000 0.0000 0.0000 0.0000 0.0002 -0.0001 0.0000 -0.0006 0.0003 0.0000 0.0004 -0.0006 0.0000 0.0000 0.0001 0.0000 0.0000 0.0000 0.0000 -0.0010 -0.0002 0.0000 0.0002 30.0001 -0.0001 0.0005 -29.9998 0.0000 0.0000 0.0000 0.3696 0.7950 -0.5095 0.3696 0.7950 -0.5095 -41.0331 83.2365 67.4314 30.6294 57.6537 30.4834 61.6701 -3.0925 3.4519 -0.0262 -0.2050 1.1645 0.0000 -0.0001 0.0001 0.0000 0.0000 0.0000 0.0000 -0.0006 0.0003 0.0000 -0.0001 0.0001 0.0000 0.0000 0.0000 0.0000 0.0000 0.0000 0.0000 0.0007 0.0001 0.0000 -0.0012 0.0001 0.0000 -0.0008 0.0003 0.0000 0.0001 0.0000 0.0000 0.0000 0.0000 0.0000 -0.0009 0.0000 0.0000 0.0002 -29.9996 -0.0001 -0.0003 29.9996 0.0000 0.0000 0.0000 0.4333 -0.2507 176.8816 -12.4293 -3.8317 -1.5831 -9.2395 70.8878 -4.9759 0.0000 25.3510 0.0000 0.0278 -8.6100 178.4234 0.0000 0.0000 -0.0827 1.9097 66.4315 -1.6910 0.0000 25.3508 -0.0001 
9.3554 97.1359 -25.4680 1.0861 10.0429 3.4377 0.2963 1.1371 -0.0309 0.2963 1.1373 -0.0309 0.2972 1.1406 -0.0310 59.2193 85.6260 -44.1769 -10.2732 37.2471 0.7094 1.1410 57.9486 93.5144 -5.6213 -2.2613 -8.3322 0.0000 0.0000 0.0001 0.0000 0.0000 0.0000 0.0000 -0.0013 -0.0008 0.0000 -0.0004 0.0001 0.0000 0.0000 0.0000 0.0000 0.0000 0.0000 0.0000 0.0003 0.0000 0.0000 -0.0006 0.0003 0.0000 0.0004 -0.0006 0.0000 0.0000 0.0001 0.0000 0.0000 0.0000 0.0000 -0.0010 -0.0002 0.0000 0.0002 30.0001 -0.0001 0.0005 -29.9998 0.0000 0.0000 0.0000 0.3443 0.8410 -0.4766 0.3443 0.8409 -0.4766 -40.0291 83.1533 68.5286 34.2960 56.8590 33.7517 66.7582 -2.5869 2.2490 -0.0210 -0.3636 1.1249 0.0000 -0.0001 0.0001 0.0000 0.0000 0.0000 0.0000 -0.0006 0.0003 0.0000 -0.0001 0.0001 0.0000 0.0000 0.0000 0.0000 0.0000 0.0000 0.0000 0.0007 0.0001 0.0000 -0.0012 0.0001 0.0000 -0.0008 0.0003 0.0000 0.0001 0.0000 0.0000 0.0000 0.0000 0.0000 -0.0009 0.0000 0.0000 0.0002 -29.9996 -0.0001 -0.0003 29.9996 0.0000 0.0000 0.0000 0.4049 -0.2498 176.8506 -12.5144 -3.8577 -1.5795 -9.2899 70.8859 -5.0275 0.0000 25.3510 0.0000 -0.0217 -8.5734 178.4303 0.0000 0.0000 -0.0827 1.7191 66.5184 -1.8076 0.0000 25.3508 -0.0001 
9.2954 97.1329 -25.3468 1.0060 10.0922 3.4839 0.3108 1.1257 -0.0552 0.3108 1.1258 -0.0552 0.3117 1.1291 -0.0554 60.0698 85.4523 -43.1569 -4.9793 37.0097 5.2219 2.9904 59.7458 94.8841 -5.7301 -2.1377 -8.0974 0.0000 0.0000 0.0001 0.0000 0.0000 0.0000 0.0000 -0.0013 -0.0008 0.0000 -0.0004 0.0001 0.0000 0.0000 0.0000 0.0000 0.0000 0.0000 0.0000 0.0002 -0.0001 0.0000 -0.0006 0.0003 0.0000 0.0004 -0.0006 0.0000 0.0000 0.0001 0.0000 0.0000 0.0000 0.0000 -0.0010 -0.0002 0.0000 0.0002 30.0001 -0.0001 0.0005 -29.9998 0.0000 0.0000 0.0000 0.3126 0.8647 -0.4369 0.3126 0.8647 -0.4369 -39.1662 83.0771 69.4718 36.9654 56.0614 36.0774 71.1307 -1.5548 1.2597 -0.0136 -0.5008 1.0922 0.0000 -0.0001 0.0001 0.0000 0.0000 0.0000 0.0000 -0.0006 0.0003 0.0000 -0.0001 0.0001 0.0000 0.0000 0.0000 0.0000 0.0000 0.0000 0.0000 0.0007 0.0001 0.0000 -0.0012 0.0001 0.0000 -0.0008 0.0003 0.0000 0.0001 0.0000 0.0000 0.0000 0.0000 0.0000 -0.0009 0.0000 0.0000 0.0002 -29.9996 -0.0001 -0.0003 29.9996 0.0000 0.0000 0.0000 0.3880 -0.2472 176.8188 -12.5950 -3.8776 -1.5803 -9.3705 70.8847 -5.0979 0.0000 25.3511 0.0000 -0.0689 -8.5601 178.4285 0.0000 -0.0163 -0.0827 1.5305 66.6085 -1.8858 0.0000 25.3508 -0.0001 
9.2565 97.1327 -25.2570 0.9101 10.1416 3.5243 0.3189 1.1115 -0.0797 0.3190 1.1117 -0.0797 0.3199 1.1149 -0.0800 60.7746 85.2991 -42.2959 0.4328 36.6622 9.5563 4.1167 61.0523 95.4732 -5.7627 -1.9185 -7.8419 0.0000 0.0000 0.0001 0.0000 0.0000 0.0000 0.0000 -0.0013 -0.0008 0.0000 -0.0004 0.0001 0.0000 0.0000 0.0000 0.0000 0.0000 0.0000 0.0000 0.0002 0.0000 0.0000 -0.0006 0.0003 0.0000 0.0004 -0.0006 0.0000 0.0000 0.0001 0.0000 0.0000 0.0000 0.0000 -0.0010 -0.0002 0.0000 0.0002 30.0001 -0.0001 0.0005 -29.9998 0.0000 0.0000 0.0000 0.2802 0.8708 -0.4060 0.2802 0.8708 -0.4060 -38.4468 83.0146 70.2723 38.9196 55.3185 37.7569 74.8232 -0.1434 0.4507 -0.0047 -0.6228 1.0683 0.0000 -0.0001 0.0001 0.0000 0.0000 0.0000 0.0000 -0.0006 0.0003 0.0000 -0.0001 0.0001 0.0000 0.0000 0.0000 0.0000 0.0000 0.0000 0.0000 0.0007 0.0001 0.0000 -0.0012 0.0001 0.0000 -0.0008 0.0003 0.0000 0.0001 0.0000 0.0000 0.0000 0.0000 0.0000 -0.0009 0.0000 0.0000 0.0002 -29.9997 -0.0001 -0.0003 29.9996 0.0000 0.0000 0.0000 0.3710 -0.2493 176.7969 -12.6697 -3.9036 -1.5839 -9.4875 70.8862 -5.1954 0.0000 25.3510 0.0000 -0.1047 -8.5582 178.4158 0.0000 -0.0163 -0.0827 1.3828 66.6749 -1.9077 0.0000 25.3508 -0.0001 
9.2327 97.1342 -25.1879 0.8023 10.1885 3.5574 0.3208 1.0970 -0.1032 0.3208 1.0972 -0.1032 0.3217 1.1004 -0.1035 61.3260 85.1699 -41.5996 5.5689 36.1951 13.4519 4.7375 61.9230 95.2499 -5.7326 -1.6122 -7.5714 0.0000 0.0000 0.0001 0.0000 0.0000 0.0000 0.0000 -0.0013 -0.0008 0.0000 -0.0004 0.0001 0.0000 0.0000 0.0000 0.0000 0.0000 0.0000 0.0000 0.0003 0.0000 0.0000 -0.0006 0.0003 0.0000 0.0004 -0.0006 0.0000 0.0000 0.0001 0.0000 0.0000 0.0000 0.0000 -0.0010 -0.0002 0.0000 0.0003 30.0001 -0.0001 0.0005 -29.9998 0.0000 0.0000 0.0000 0.2494 0.8654 -0.3849 0.2494 0.8654 -0.3849 -37.8360 82.9612 70.9644 40.3505 54.6583 38.9657 77.9045 1.5700 -0.2183 0.0057 -0.7363 1.0557 0.0000 -0.0001 0.0001 0.0000 0.0000 0.0000 0.0000 -0.0006 0.0003 0.0000 -0.0001 0.0001 0.0000 0.0000 0.0000 0.0000 0.0000 0.0000 0.0000 0.0007 0.0001 0.0000 -0.0012 0.0001 0.0000 -0.0008 0.0003 0.0000 0.0001 0.0000 0.0000 0.0000 0.0000 0.0000 -0.0009 0.0000 0.0000 0.0002 -29.9997 -0.0001 -0.0003 29.9996 0.0000 0.0000 0.0000 0.3501 -0.2496 176.7869 -12.7474 -3.9311 -1.5897 -9.6346 70.8883 -5.3232 0.0000 25.3510 0.0000 -0.1197 -8.5584 178.3962 0.0000 0.0000 -0.0827 1.2765 66.7225 -1.8889 0.0000 25.3508 -0.0001 
9.2092 97.1359 -25.1391 0.6827 10.2284 3.5830 0.3141 1.0853 -0.1257 0.3142 1.0854 -0.1257 0.3151 1.0886 -0.1261 61.5889 85.0669 -41.2186 9.9451 35.7714 16.4504 4.7379 62.1530 93.7098 -5.6432 -1.1829 -7.2974 0.0000 0.0000 0.0001 0.0000 0.0000 0.0000 0.0000 -0.0013 -0.0008 0.0000 -0.0004 0.0001 0.0000 0.0000 0.0000 0.0000 0.0000 0.0000 0.0000 0.0002 0.0000 0.0000 -0.0006 0.0003 0.0000 0.0004 -0.0006 0.0000 0.0000 0.0001 0.0000 0.0000 0.0000 0.0000 -0.0010 -0.0002 0.0000 0.0003 30.0001 -0.0001 0.0005 -29.9998 0.0000 0.0000 0.0000 0.2221 0.8430 -0.3797 0.2221 0.8430 -0.3797 -37.4160 82.9410 71.4743 41.2149 54.1696 39.6756 80.2288 3.7151 -0.8324 0.0192 -0.8440 1.0648 0.0000 -0.0001 0.0001 0.0000 0.0000 0.0000 0.0000 -0.0006 0.0003 0.0000 -0.0001 0.0001 0.0000 0.0000 0.0000 0.0000 0.0000 0.0000 0.0000 0.0007 0.0001 0.0000 -0.0012 0.0001 0.0000 -0.0008 0.0003 0.0000 0.0001 0.0000 0.0000 0.0000 0.0000 0.0000 -0.0009 0.0000 0.0000 0.0002 -29.9996 -0.0001 -0.0003 29.9996 0.0000 0.0000 0.0000 0.3221 -0.2331 176.7849 -12.8378 -3.9452 -1.5939 -9.8040 70.8876 -5.4857 0.0000 25.3510 0.0000 -0.1038 -8.6165 178.3777 -0.0002 -0.0888 -0.0827 1.2023 66.8110 -1.8510 0.0000 25.3508 -0.0001 
9.1674 97.1362 -25.1011 0.5586 10.2609 3.6074 0.3003 1.0764 -0.1465 0.3003 1.0766 -0.1466 0.3012 1.0797 -0.1470 61.7638 84.9838 -40.9593 13.5003 35.4600 18.6466 4.3147 61.8274 91.0711 -5.5093 -0.6664 -7.0176 0.0000 0.0000 0.0001 0.0000 0.0000 0.0000 0.0000 -0.0013 -0.0008 0.0000 -0.0004 0.0001 0.0000 0.0000 0.0000 0.0000 0.0000 0.0000 0.0000 0.0002 0.0000 0.0000 -0.0006 0.0003 0.0000 0.0004 -0.0006 0.0000 0.0000 0.0001 0.0000 0.0000 0.0000 0.0000 -0.0010 -0.0002 0.0000 0.0002 30.0001 -0.0001 0.0005 -29.9998 0.0000 0.0000 0.0000 0.2001 0.8113 -0.3912 0.2001 0.8113 -0.3912 -37.1131 82.9533 71.8719 41.7092 53.8380 40.0661 82.1128 6.2620 -1.4548 0.0363 -0.9577 1.0935 0.0000 -0.0001 0.0001 0.0000 0.0000 0.0000 0.0000 -0.0006 0.0003 0.0000 -0.0001 0.0001 0.0000 0.0000 0.0000 0.0000 0.0000 0.0000 0.0000 0.0007 0.0001 0.0000 -0.0012 0.0001 0.0000 -0.0008 0.0003 0.0000 0.0001 0.0000 0.0000 0.0000 0.0000 0.0000 -0.0009 0.0000 0.0000 0.0002 -29.9996 -0.0001 -0.0003 29.9996 0.0000 0.0000 0.0000 0.2903 -0.1968 176.7776 -12.9309 -3.9379 -1.5942 -9.9693 70.8809 -5.6514 0.0000 25.3510 0.0000 -0.0587 -8.7942 178.3678 -0.0009 -0.4182 -0.0827 1.1309 67.0100 -1.8343 0.0000 25.3508 -0.0001 
9.1087 97.1361 -25.0737 0.4310 10.2886 3.6300 0.2810 1.0690 -0.1639 0.2810 1.0691 -0.1639 0.2818 1.0722 -0.1643 62.0072 84.9285 -40.6571 16.3247 35.3009 20.2112 3.5664 61.0688 87.6003 -5.3400 -0.1104 -6.7301 0.0000 0.0000 0.0001 0.0000 0.0000 0.0000 0.0000 -0.0013 -0.0008 0.0000 -0.0004 0.0001 0.0000 0.0000 0.0000 0.0000 0.0000 0.0000 0.0000 0.0002 0.0000 0.0000 -0.0006 0.0003 0.0000 0.0004 -0.0006 0.0000 0.0000 0.0001 0.0000 0.0000 0.0000 0.0000 -0.0010 -0.0002 0.0000 0.0002 30.0001 -0.0001 0.0005 -29.9998 0.0000 0.0000 0.0000 0.1854 0.7762 -0.4212 0.1854 0.7762 -0.4212 -36.8645 82.9877 72.2175 41.9280 53.6283 40.2048 83.6748 9.1761 -2.0957 0.0577 -1.0853 1.1424 0.0000 -0.0001 0.0001 0.0000 0.0000 0.0000 0.0000 -0.0006 0.0003 0.0000 -0.0001 0.0001 0.0000 0.0000 0.0000 0.0000 0.0000 0.0000 0.0000 0.0007 0.0001 0.0000 -0.0012 0.0001 0.0000 -0.0008 0.0003 0.0000 0.0001 0.0000 0.0000 0.0000 0.0000 0.0000 -0.0009 0.0000 0.0000 0.0002 -29.9996 -0.0001 -0.0003 29.9996 0.0000 0.0000 0.0000 0.2657 -0.1493 176.7673 -13.0127 -3.9163 -1.5934 -10.1330 70.8690 -5.8156 0.0000 25.3511 0.0000 0.0097 -9.0359 178.3668 -0.0018 -0.8723 -0.0827 1.0513 67.2605 -1.8475 0.0000 25.3508 -0.0001 
9.0339 97.1372 -25.0595 0.3031 10.3129 3.6470 0.2563 1.0612 -0.1739 0.2563 1.0614 -0.1739 0.2571 1.0645 -0.1744 62.4797 84.9179 -40.1537 18.2752 35.3877 21.1201 2.4131 59.8624 83.1803 -5.1371 0.4653 -6.4435 0.0000 0.0000 0.0001 0.0000 0.0000 0.0000 0.0000 -0.0013 -0.0008 0.0000 -0.0004 0.0001 0.0000 0.0000 0.0000 0.0000 0.0000 0.0000 0.0000 0.0003 0.0000 0.0000 -0.0006 0.0003 0.0000 0.0004 -0.0006 0.0000 0.0000 0.0001 0.0000 0.0000 0.0000 0.0000 -0.0010 -0.0002 0.0000 0.0003 30.0001 -0.0001 0.0005 -29.9998 0.0000 0.0000 0.0000 0.1822 0.7477 -0.4771 0.1822 0.7477 -0.4771 -36.6792 83.0510 72.4999 41.7757 53.5294 39.9926 84.8464 12.6296 -2.7990 0.0887 -1.2449 1.2398 0.0000 -0.0001 0.0001 0.0000 0.0000 0.0000 0.0000 -0.0006 0.0003 0.0000 -0.0001 0.0001 0.0000 0.0000 0.0000 0.0000 0.0000 0.0000 0.0000 0.0007 0.0001 0.0000 -0.0011 0.0001 0.0000 -0.0008 0.0003 0.0000 0.0001 0.0000 0.0000 0.0000 0.0000 0.0000 -0.0009 0.0000 0.0000 0.0002 -29.9996 -0.0001 -0.0003 29.9996 0.0000 0.0000 0.0000 0.2647 -0.1031 176.7638 -13.0673 -3.8912 -1.5982 -10.2952 70.8511 -5.9726 0.0000 25.3510 0.0000 0.0990 -9.2548 178.3793 -0.0026 -1.2706 -0.0827 0.9563 67.4679 -1.9015 0.0000 25.3508 -0.0001 
8.9562 97.1387 -25.0470 0.1837 10.3342 3.6602 0.2296 1.0526 -0.1796 0.2296 1.0527 -0.1796 0.2303 1.0558 -0.1801 63.1496 84.9316 -39.4698 19.8484 35.5429 21.7645 0.9023 58.5168 78.0172 -4.9033 1.0347 -6.1412 0.0000 0.0000 0.0001 0.0000 0.0000 0.0000 0.0000 -0.0013 -0.0008 0.0000 -0.0004 0.0001 0.0000 0.0000 0.0000 0.0000 0.0000 0.0000 0.0000 0.0003 0.0000 0.0000 -0.0006 0.0003 0.0000 0.0004 -0.0006 0.0000 0.0000 0.0001 0.0000 0.0000 0.0000 0.0000 -0.0010 -0.0002 0.0000 0.0003 30.0001 -0.0001 0.0005 -29.9998 0.0000 0.0000 0.0000 0.1857 0.7337 -0.5451 0.1857 0.7337 -0.5451 -36.5638 83.1378 72.7142 41.3616 53.4665 39.5467 85.7097 16.5270 -3.5373 0.1317 -1.4401 1.3756 0.0000 -0.0001 0.0001 0.0000 0.0000 0.0000 0.0000 -0.0006 0.0003 0.0000 -0.0001 0.0001 0.0000 0.0000 0.0000 0.0000 0.0000 0.0000 0.0000 0.0007 0.0001 0.0000 -0.0012 0.0001 0.0000 -0.0008 0.0003 0.0000 0.0001 0.0000 0.0000 0.0000 0.0000 0.0000 -0.0009 0.0000 0.0000 0.0002 -29.9996 -0.0001 -0.0003 29.9996 0.0000 0.0000 0.0000 0.2821 -0.0665 176.7671 -13.1052 -3.8770 -1.6075 -10.4482 70.8312 -6.1182 0.0000 25.3510 0.0000 0.1869 -9.2905 178.3980 -0.0027 -1.3066 -0.0827 0.8530 67.4889 -1.9763 0.0000 25.3508 -0.0001 
8.8794 97.1391 -25.0292 0.0732 10.3513 3.6728 0.2017 1.0431 -0.1829 0.2017 1.0432 -0.1829 0.2023 1.0463 -0.1835 64.0214 84.9641 -38.5981 21.6160 35.8787 22.3962 -0.8177 57.1300 72.4232 -4.3802 1.4729 -5.5087 0.0000 0.0000 0.0001 0.0000 0.0000 0.0000 0.0000 -0.0013 -0.0008 0.0000 -0.0004 0.0001 0.0000 0.0000 0.0000 0.0000 0.0000 0.0000 0.0000 0.0003 0.0000 0.0000 -0.0006 0.0003 0.0000 0.0004 -0.0006 0.0000 0.0000 0.0001 0.0000 0.0000 0.0000 0.0000 -0.0010 -0.0002 0.0000 0.0003 30.0001 -0.0001 0.0005 -29.9998 0.0000 0.0000 0.0000 0.1957 0.7349 -0.6185 0.1957 0.7349 -0.6185 -36.5050 83.2421 72.8704 40.7617 53.3998 38.9389 86.2457 20.7785 -4.3378 0.1897 -1.6737 1.5470 0.0000 -0.0001 0.0001 0.0000 0.0000 0.0000 0.0000 -0.0006 0.0003 0.0000 -0.0001 0.0001 0.0000 0.0000 0.0000 0.0000 0.0000 0.0000 0.0000 0.0007 0.0001 0.0000 -0.0012 0.0001 0.0000 -0.0008 0.0003 0.0000 0.0001 0.0000 0.0000 0.0000 0.0000 0.0000 -0.0009 0.0000 0.0000 0.0002 -29.9996 -0.0001 -0.0003 29.9996 0.0000 0.0000 0.0000 0.3040 -0.0348 176.7710 -13.1453 -3.8708 -1.6174 -10.5902 70.8109 -6.2539 0.0000 25.3510 0.0000 0.2693 -9.2049 178.4178 -0.0023 -1.1154 -0.0827 0.7491 67.3970 -2.0574 0.0000 25.3508 -0.0001 
8.8134 97.1370 -24.9977 -0.0288 10.3612 3.6881 0.1730 1.0326 -0.1844 0.1730 1.0327 -0.1844 0.1735 1.0357 -0.1849 65.0651 85.0189 -37.5659 23.3651 36.3806 22.9831 -2.7873 55.6687 66.2962 -3.6519 1.7243 -4.6434 0.0000 0.0000 0.0001 0.0000 0.0000 0.0000 0.0000 -0.0013 -0.0008 0.0000 -0.0004 0.0001 0.0000 0.0000 0.0000 0.0000 0.0000 0.0000 0.0000 0.0003 0.0000 0.0000 -0.0006 0.0003 0.0000 0.0004 -0.0006 0.0000 0.0000 0.0001 0.0000 0.0000 0.0000 0.0000 -0.0010 -0.0002 0.0000 0.0003 30.0001 -0.0001 0.0005 -29.9998 0.0000 0.0000 0.0000 0.2184 0.7553 -0.6878 0.2184 0.7553 -0.6878 -36.5623 83.3627 72.8970 39.9750 53.2969 38.1806 86.1732 25.4311 -5.3549 0.2692 -1.9500 1.7716 0.0000 -0.0001 0.0001 0.0000 0.0000 0.0000 0.0000 -0.0006 0.0003 0.0000 -0.0001 0.0001 0.0000 0.0000 0.0000 0.0000 0.0000 0.0000 0.0000 0.0007 0.0001 0.0000 -0.0012 0.0001 0.0000 -0.0008 0.0003 0.0000 0.0001 0.0000 0.0000 0.0000 0.0000 0.0000 -0.0009 0.0000 0.0000 0.0002 -29.9997 -0.0001 -0.0003 29.9996 0.0000 0.0000 0.0000 0.3257 0.0022 176.7688 -13.2083 -3.8647 -1.6246 -10.7119 70.7906 -6.3773 0.0000 25.3510 0.0000 0.3441 -9.1361 178.4293 -0.0019 -0.9910 -0.0827 0.6581 67.3460 -2.1222 0.0000 25.3508 -0.0001 
8.7632 97.1347 -24.9579 -0.1296 10.3660 3.7076 0.1463 1.0214 -0.1845 0.1463 1.0216 -0.1845 0.1467 1.0245 -0.1851 66.0373 85.0845 -36.6042 24.7264 36.8499 23.4336 -4.7350 54.1429 59.9636 -3.0054 1.8766 -3.8725 0.0000 0.0000 0.0001 0.0000 0.0000 0.0000 0.0000 -0.0013 -0.0008 0.0000 -0.0004 0.0001 0.0000 0.0000 0.0000 0.0000 0.0000 0.0000 0.0000 0.0002 0.0000 0.0000 -0.0006 0.0003 0.0000 0.0004 -0.0006 0.0000 0.0000 0.0001 0.0000 0.0000 0.0000 0.0000 -0.0010 -0.0002 0.0000 0.0002 30.0001 -0.0001 0.0005 -29.9998 0.0000 0.0000 0.0000 0.2482 0.7840 -0.7450 0.2482 0.7840 -0.7450 -36.8025 83.4874 72.7248 39.0637 53.1389 37.3220 85.4355 30.2407 -6.7104 0.3725 -2.2623 2.0513 0.0000 -0.0001 0.0001 0.0000 0.0000 0.0000 0.0000 -0.0006 0.0003 0.0000 -0.0001 0.0001 0.0000 0.0000 0.0000 0.0000 0.0000 0.0000 0.0000 0.0007 0.0001 0.0000 -0.0012 0.0001 0.0000 -0.0008 0.0003 0.0000 0.0001 0.0000 0.0000 0.0000 0.0000 0.0000 -0.0009 0.0000 0.0000 0.0002 -29.9996 -0.0001 -0.0003 29.9996 0.0000 0.0000 0.0000 0.3554 0.0538 176.7585 -13.2927 -3.8497 -1.6278 -10.8062 70.7733 -6.4884 0.0000 25.3510 0.0000 0.4208 -9.2066 178.4261 -0.0023 -1.1667 -0.0827 0.5922 67.4505 -2.1569 0.0000 25.3508 -0.0001 
8.7229 97.1343 -24.9195 -0.2288 10.3688 3.7309 0.1214 1.0093 -0.1831 0.1214 1.0094 -0.1831 0.1218 1.0124 -0.1837 66.9373 85.1550 -35.7096 25.7826 37.3026 23.7656 -6.5824 52.5017 53.3888 -2.4293 1.9535 -3.1797 0.0000 0.0000 0.0001 0.0000 0.0000 0.0000 0.0000 -0.0013 -0.0008 0.0000 -0.0004 0.0001 0.0000 0.0000 0.0000 0.0000 0.0000 0.0000 0.0000 0.0002 0.0000 0.0000 -0.0006 0.0003 0.0000 0.0004 -0.0006 0.0000 0.0000 0.0001 0.0000 0.0000 0.0000 0.0000 -0.0010 -0.0002 0.0000 0.0002 30.0001 -0.0001 0.0005 -29.9998 0.0000 0.0000 0.0000 0.2814 0.8171 -0.7913 0.2814 0.8171 -0.7913 -37.2396 83.6077 72.3365 38.0244 52.9323 36.3434 84.0193 35.0938 -8.5308 0.5036 -2.6083 2.3910 0.0000 -0.0001 0.0001 0.0000 0.0000 0.0000 0.0000 -0.0006 0.0003 0.0000 -0.0001 0.0001 0.0000 0.0000 0.0000 0.0000 0.0000 0.0000 0.0000 0.0007 0.0001 0.0000 -0.0012 0.0001 0.0000 -0.0008 0.0003 0.0000 0.0001 0.0000 0.0000 0.0000 0.0000 0.0000 -0.0008 0.0000 0.0000 0.0002 -29.9996 -0.0001 -0.0003 29.9996 0.0000 0.0000 0.0000 0.3866 0.1140 176.7420 -13.3926 -3.8271 -1.6274 -10.8822 70.7595 -6.5911 0.0000 25.3510 0.0000 0.5044 -9.3848 178.4119 -0.0032 -1.5612 -0.0827 0.5460 67.6641 -2.1739 0.0000 25.3508 -0.0001 
8.6789 97.1374 -24.9003 -0.3305 10.3724 3.7592 0.0968 0.9939 -0.1789 0.0968 0.9940 -0.1789 0.0971 0.9969 -0.1794 67.7696 85.2299 -34.8776 26.4728 37.7831 23.9218 -8.3942 50.7781 46.7025 -1.9408 1.9671 -2.5952 0.0000 0.0000 0.0001 0.0000 0.0000 0.0000 0.0000 -0.0013 -0.0008 0.0000 -0.0004 0.0001 0.0000 0.0000 0.0000 0.0000 0.0000 0.0000 0.0000 0.0002 0.0000 0.0000 -0.0006 0.0003 0.0000 0.0004 -0.0006 0.0000 0.0000 0.0001 0.0000 0.0000 0.0000 0.0000 -0.0010 -0.0002 0.0000 0.0003 30.0001 -0.0001 0.0005 -29.9998 0.0000 0.0000 0.0000 0.3205 0.8538 -0.8252 0.3205 0.8538 -0.8252 -37.9431 83.7169 71.6405 36.7925 52.6635 35.1565 81.6366 39.8553 -11.0946 0.6689 -2.9769 2.8119 0.0000 -0.0001 0.0001 0.0000 0.0000 0.0000 0.0000 -0.0006 0.0003 0.0000 -0.0001 0.0001 0.0000 0.0000 0.0000 0.0000 0.0000 0.0000 0.0000 0.0007 0.0001 0.0000 -0.0012 0.0001 0.0000 -0.0008 0.0003 0.0000 0.0001 0.0000 0.0000 0.0000 0.0000 0.0000 -0.0009 0.0000 0.0000 0.0002 -29.9996 -0.0001 -0.0003 29.9996 0.0000 0.0000 0.0000 0.4198 0.1715 176.7204 -13.5014 -3.8022 -1.6245 -10.9569 70.7514 -6.6948 0.0000 25.3510 0.0000 0.6123 -9.5227 178.3916 -0.0038 -1.8499 -0.0827 0.5086 67.8126 -2.1967 0.0000 25.3508 -0.0001 
8.6258 97.1416 -24.9038 -0.4370 10.3787 3.7859 0.0659 0.9749 -0.1693 0.0659 0.9751 -0.1693 0.0661 0.9779 -0.1698 68.4810 85.3008 -34.1676 26.9011 38.3027 23.9206 -10.1111 48.9156 40.0774 -1.5350 1.9397 -2.1116 0.0000 0.0000 0.0001 0.0000 0.0000 0.0000 0.0000 -0.0013 -0.0008 0.0000 -0.0004 0.0001 0.0000 0.0000 0.0000 0.0000 0.0000 0.0000 0.0000 0.0003 0.0000 0.0000 -0.0006 0.0003 0.0000 0.0004 -0.0006 0.0000 0.0000 0.0001 0.0000 0.0000 0.0000 0.0000 -0.0010 -0.0002 0.0000 0.0002 30.0001 -0.0002 0.0005 -29.9998 0.0000 0.0000 0.0000 0.3700 0.8881 -0.8545 0.3700 0.8881 -0.8545 -38.8342 83.8160 70.7206 35.4550 52.3039 33.7717 78.3311 44.3845 -14.4800 0.8721 -3.3662 3.3127 0.0000 -0.0001 0.0001 0.0000 0.0000 0.0000 0.0000 -0.0006 0.0003 0.0000 -0.0001 0.0001 0.0000 0.0000 0.0000 0.0000 0.0000 0.0000 0.0000 0.0007 0.0001 0.0000 -0.0012 0.0001 0.0000 -0.0008 0.0003 0.0000 0.0001 0.0000 0.0000 0.0000 0.0000 0.0000 -0.0009 0.0000 0.0000 0.0002 -29.9996 -0.0001 -0.0003 29.9996 0.0000 0.0000 0.0000 0.4676 0.2127 176.7050 -13.5953 -3.7907 -1.6238 -11.0422 70.7478 -6.8029 0.0000 25.3510 0.0000 0.7510 -9.5585 178.3739 -0.0037 -1.9014 -0.0827 0.4825 67.8285 -2.2281 0.0000 25.3508 -0.0001 
8.5745 97.1452 -24.9196 -0.5470 10.3861 3.8088 0.0317 0.9551 -0.1557 0.0317 0.9552 -0.1557 0.0318 0.9580 -0.1561 69.0038 85.3651 -33.6435 27.1240 38.8271 23.7805 -11.7770 46.9680 33.5065 -1.2017 1.8882 -1.7183 0.0000 0.0000 0.0001 0.0000 0.0000 0.0000 0.0000 -0.0013 -0.0008 0.0000 -0.0004 0.0001 0.0000 0.0000 0.0000 0.0000 0.0000 0.0000 0.0000 0.0002 0.0000 0.0000 -0.0006 0.0003 0.0000 0.0004 -0.0006 0.0000 0.0000 0.0001 0.0000 0.0000 0.0000 0.0000 -0.0010 -0.0002 0.0000 0.0002 30.0001 -0.0001 0.0005 -29.9998 0.0000 0.0000 0.0000 0.4216 0.9156 -0.8812 0.4216 0.9156 -0.8812 -39.8295 83.8985 69.6776 34.0888 51.8321 32.2273 73.9957 48.6047 -18.8383 1.1184 -3.7734 3.8956 0.0000 -0.0001 0.0001 0.0000 0.0000 0.0000 0.0000 -0.0006 0.0003 0.0000 -0.0001 0.0001 0.0000 0.0000 0.0000 0.0000 0.0000 0.0000 0.0000 0.0007 0.0001 0.0000 -0.0011 0.0001 0.0000 -0.0008 0.0003 0.0000 0.0001 0.0000 0.0000 0.0000 0.0000 0.0000 -0.0009 0.0000 0.0000 0.0002 -29.9996 -0.0001 -0.0003 29.9996 0.0000 0.0000 0.0000 0.5262 0.2369 176.6980 -13.6741 -3.7969 -1.6248 -11.1380 70.7480 -6.9162 0.0000 25.3510 0.0000 0.9150 -9.5356 178.3547 -0.0032 -1.8198 -0.0827 0.4860 67.7698 -2.2455 0.0000 25.3508 -0.0001 
8.5416 97.1472 -24.9365 -0.6585 10.3924 3.8297 -0.0055 0.9369 -0.1405 -0.0055 0.9370 -0.1405 -0.0055 0.9398 -0.1409 69.3904 85.4208 -33.2512 27.0721 39.3403 23.4134 -13.5456 45.0262 26.9506 -0.9345 1.8278 -1.4137 0.0000 0.0000 0.0001 0.0000 0.0000 0.0000 0.0000 -0.0013 -0.0008 0.0000 -0.0004 0.0001 0.0000 0.0000 0.0000 0.0000 0.0000 0.0000 0.0000 0.0003 0.0000 0.0000 -0.0006 0.0003 0.0000 0.0004 -0.0006 0.0000 0.0000 0.0001 0.0000 0.0000 0.0000 0.0000 -0.0010 -0.0002 0.0000 0.0003 30.0001 -0.0001 0.0005 -29.9998 0.0000 0.0000 0.0000 0.4686 0.9296 -0.9079 0.4686 0.9296 -0.9079 -40.8409 83.9456 68.6031 32.7469 51.2097 30.4989 68.4382 52.3666 -24.3048 1.4141 -4.1918 4.5691 0.0000 -0.0001 0.0001 0.0000 0.0000 0.0000 0.0000 -0.0006 0.0003 0.0000 -0.0001 0.0001 0.0000 0.0000 0.0000 0.0000 0.0000 0.0000 0.0000 0.0007 0.0001 0.0000 -0.0012 0.0001 0.0000 -0.0008 0.0003 0.0000 0.0001 0.0000 0.0000 0.0000 0.0000 0.0000 -0.0008 0.0000 0.0000 0.0002 -29.9996 -0.0001 -0.0003 29.9996 0.0000 0.0000 0.0000 0.5822 0.2422 176.6980 -13.7400 -3.8236 -1.6255 -11.2576 70.7491 -7.0444 0.0000 25.3511 0.0000 1.0971 -9.5204 178.3222 -0.0032 -1.7566 -0.0827 0.5459 67.7200 -2.2122 0.0000 25.3508 -0.0001 
8.5229 97.1498 -24.9433 -0.7729 10.3955 3.8556 -0.0420 0.9228 -0.1303 -0.0420 0.9229 -0.1303 -0.0421 0.9256 -0.1307 69.8536 85.4680 -32.7809 26.7542 39.8214 22.8440 -15.2918 43.0242 20.5689 -0.7221 1.7752 -1.1820 0.0000 0.0000 0.0001 0.0000 0.0000 0.0000 0.0000 -0.0013 -0.0008 0.0000 -0.0004 0.0001 0.0000 0.0000 0.0000 0.0000 0.0000 0.0000 0.0000 0.0002 0.0000 0.0000 -0.0006 0.0003 0.0000 0.0004 -0.0006 0.0000 0.0000 0.0001 0.0000 0.0000 0.0000 0.0000 -0.0010 -0.0002 0.0000 0.0002 30.0001 -0.0001 0.0005 -29.9998 0.0000 0.0000 0.0000 0.5073 0.9290 -0.9301 0.5073 0.9290 -0.9301 -41.7675 83.9559 67.6015 31.6077 50.4355 28.7415 61.6325 55.5785 -30.8416 1.7606 -4.6098 5.3152 0.0000 -0.0001 0.0001 0.0000 0.0000 0.0000 0.0000 -0.0006 0.0003 0.0000 -0.0001 0.0001 0.0000 0.0000 0.0000 0.0000 0.0000 0.0000 0.0000 0.0007 0.0001 0.0000 -0.0012 0.0001 0.0000 -0.0008 0.0003 0.0000 0.0001 0.0000 0.0000 0.0000 0.0000 0.0000 -0.0009 0.0000 0.0000 0.0002 -29.9997 -0.0001 -0.0003 29.9996 0.0000 0.0000 0.0000 0.6329 0.2439 176.6965 -13.8022 -3.8584 -1.6267 -11.3895 70.7491 -7.1841 0.0000 25.3510 0.0000 1.2772 -9.5661 178.2751 -0.0036 -1.8346 -0.0827 0.6354 67.7481 -2.1365 0.0000 25.3508 -0.0001 
8.5053 97.1542 -24.9420 -0.8897 10.3966 3.8871 -0.0763 0.9128 -0.1260 -0.0763 0.9129 -0.1260 -0.0766 0.9156 -0.1264 70.3765 85.5065 -32.2494 26.2207 40.2431 22.1126 -17.0032 40.9261 14.3717 -0.5503 1.7377 -1.0066 0.0000 0.0000 0.0001 0.0000 0.0000 0.0000 0.0000 -0.0013 -0.0008 0.0000 -0.0004 0.0001 0.0000 0.0000 0.0000 0.0000 0.0000 0.0000 0.0000 0.0003 0.0000 0.0000 -0.0006 0.0003 0.0000 0.0004 -0.0006 0.0000 0.0000 0.0001 0.0000 0.0000 0.0000 0.0000 -0.0010 -0.0002 0.0000 0.0003 30.0001 -0.0001 0.0005 -29.9998 0.0000 0.0000 0.0000 0.5397 0.9153 -0.9454 0.5397 0.9153 -0.9454 -42.6202 83.9327 66.6628 30.7229 49.7397 27.3764 53.5274 58.1499 -38.4793 2.0973 -4.7004 5.8531 0.0000 -0.0001 0.0001 0.0000 0.0000 0.0000 0.0000 -0.0006 0.0003 0.0000 -0.0001 0.0001 0.0000 0.0000 0.0000 0.0000 0.0000 0.0000 0.0000 0.0007 0.0001 0.0000 -0.0011 0.0001 0.0000 -0.0008 0.0003 0.0000 0.0001 0.0000 0.0000 0.0000 0.0000 0.0000 -0.0008 0.0000 0.0000 0.0002 -29.9996 -0.0001 -0.0003 29.9996 0.0000 0.0000 0.0000 0.6828 0.2481 176.6914 -13.8586 -3.8950 -1.6279 -11.5257 70.7493 -7.3308 0.0000 25.3510 0.0000 1.4467 -9.6512 178.2228 -0.0041 -2.0054 -0.0826 0.7271 67.8290 -2.0422 0.0000 25.3508 -0.0001 
8.4754 97.1619 -24.9326 -1.0105 10.3979 3.9270 -0.0998 0.9087 -0.1306 -0.0998 0.9089 -0.1306 -0.1001 0.9115 -0.1310 70.8950 85.5331 -31.7097 25.4837 40.5709 21.2560 -18.8776 38.6967 8.2895 -0.4097 1.7207 -0.8837 0.0000 0.0000 0.0001 0.0000 0.0000 0.0000 0.0000 -0.0013 -0.0008 0.0000 -0.0004 0.0001 0.0000 0.0000 0.0000 0.0000 0.0000 0.0000 0.0000 0.0002 0.0000 0.0000 -0.0006 0.0003 0.0000 0.0004 -0.0006 0.0000 0.0000 0.0001 0.0000 0.0000 0.0000 0.0000 -0.0010 -0.0002 0.0000 0.0002 30.0001 -0.0001 0.0005 -29.9998 0.0000 0.0000 0.0000 0.5470 0.8780 -0.9449 0.5470 0.8780 -0.9449 -43.3959 83.8537 65.7837 30.0480 49.0365 26.2116 44.2867 59.9667 -46.9685 2.4278 -4.5889 6.2446 0.0000 -0.0001 0.0001 0.0000 0.0000 0.0000 0.0000 -0.0006 0.0003 0.0000 -0.0001 0.0000 0.0000 0.0000 0.0000 0.0000 0.0000 0.0000 0.0000 0.0007 0.0001 0.0000 -0.0012 0.0001 0.0000 -0.0008 0.0003 0.0000 0.0001 0.0000 0.0000 0.0000 0.0000 0.0000 -0.0008 0.0000 0.0000 0.0002 -29.9997 -0.0001 -0.0003 29.9996 0.0000 0.0000 0.0000 0.7266 0.2542 176.6773 -13.9073 -3.9287 -1.6288 -11.6717 70.7498 -7.4865 0.0000 25.3510 0.0000 1.5885 -9.7350 178.1738 -0.0046 -2.1820 -0.0826 0.7892 67.9200 -1.9471 0.0000 25.3508 -0.0001 
8.4347 97.1703 -24.9238 -1.1359 10.4015 3.9729 -0.1099 0.9079 -0.1401 -0.1099 0.9080 -0.1401 -0.1102 0.9107 -0.1405 71.2875 85.5541 -31.2894 24.6960 40.8132 20.3937 -20.8803 36.2279 2.4032 -0.2891 1.7231 -0.7999 0.0000 0.0000 0.0001 0.0000 0.0000 0.0000 0.0000 -0.0013 -0.0008 0.0000 -0.0004 0.0001 0.0000 0.0000 0.0000 0.0000 0.0000 0.0000 0.0000 0.0002 0.0000 0.0000 -0.0006 0.0003 0.0000 0.0004 -0.0006 0.0000 0.0000 0.0001 0.0000 0.0000 0.0000 0.0000 -0.0010 -0.0002 0.0000 0.0002 30.0001 -0.0001 0.0005 -29.9998 0.0000 0.0000 0.0000 0.5307 0.8287 -0.9370 0.5307 0.8287 -0.9370 -44.2023 83.7365 64.8590 29.4759 48.2657 24.9931 34.3196 61.0318 -56.0087 2.7811 -4.4482 6.6190 0.0000 -0.0001 0.0001 0.0000 0.0000 0.0000 0.0000 -0.0006 0.0002 0.0000 -0.0001 0.0001 0.0000 0.0000 0.0000 0.0000 0.0000 0.0000 0.0000 0.0007 0.0001 0.0000 -0.0012 0.0001 0.0000 -0.0008 0.0003 0.0000 0.0001 0.0000 0.0000 0.0000 0.0000 0.0000 -0.0009 0.0000 0.0000 0.0002 -29.9997 -0.0001 -0.0002 29.9995 0.0000 0.0000 0.0000 0.7616 0.2539 176.6573 -13.9475 -3.9631 -1.6319 -11.8338 70.7493 -7.6481 0.0000 25.3510 0.0000 1.7093 -9.7663 178.1279 -0.0048 -2.2474 -0.0826 0.8220 67.9568 -1.8594 0.0000 25.3508 -0.0001 
8.3890 97.1786 -24.9215 -1.2655 10.4069 4.0201 -0.1085 0.9101 -0.1514 -0.1085 0.9102 -0.1514 -0.1089 0.9129 -0.1519 71.4811 85.5643 -31.0624 23.9149 40.9881 19.5425 -23.0001 33.4736 -3.2429 -0.1812 1.7424 -0.7474 0.0000 0.0000 0.0001 0.0000 0.0000 0.0000 0.0000 -0.0013 -0.0008 0.0000 -0.0004 0.0001 0.0000 0.0000 0.0000 0.0000 0.0000 0.0000 0.0000 0.0002 0.0000 0.0000 -0.0006 0.0003 0.0000 0.0004 -0.0006 0.0000 0.0000 0.0001 0.0000 0.0000 0.0000 0.0000 -0.0010 -0.0002 0.0000 0.0002 30.0001 -0.0001 0.0005 -29.9998 0.0000 0.0000 0.0000 0.4980 0.7737 -0.9287 0.4980 0.7737 -0.9287 -45.0341 83.5928 63.8979 28.9864 47.4662 23.7028 24.0463 61.3269 -65.2214 3.1524 -4.2788 6.9708 0.0000 -0.0001 0.0001 0.0000 0.0000 0.0000 0.0000 -0.0006 0.0003 0.0000 -0.0001 0.0001 0.0000 0.0000 0.0000 0.0000 0.0000 0.0000 0.0000 0.0007 0.0001 0.0000 -0.0012 0.0001 0.0000 -0.0008 0.0003 0.0000 0.0001 0.0000 0.0000 0.0000 0.0000 0.0000 -0.0008 0.0000 0.0000 0.0002 -29.9996 -0.0001 -0.0003 29.9996 0.0000 0.0000 0.0000 0.7897 0.2446 176.6394 -13.9831 -4.0032 -1.6409 -12.0063 70.7469 -7.8107 0.0000 25.3510 0.0000 1.8223 -9.7738 178.0844 -0.0049 -2.2533 -0.0826 0.8425 67.9611 -1.7731 0.0000 25.3508 -0.0001 
8.3475 97.1866 -24.9360 -1.3959 10.4108 4.0657 -0.0947 0.9170 -0.1631 -0.0947 0.9171 -0.1632 -0.0949 0.9198 -0.1636 71.4985 85.5607 -31.0220 23.0747 41.1709 18.6649 -25.4765 30.3579 -8.6294 -0.0838 1.7704 -0.7351 0.0000 0.0000 0.0001 0.0000 0.0000 0.0000 0.0000 -0.0013 -0.0008 0.0000 -0.0004 0.0001 0.0000 0.0000 0.0000 0.0000 0.0000 0.0000 0.0000 0.0003 0.0000 0.0000 -0.0006 0.0003 0.0000 0.0004 -0.0006 0.0000 0.0000 0.0001 0.0000 0.0000 0.0000 0.0000 -0.0010 -0.0002 0.0000 0.0002 30.0001 -0.0001 0.0005 -29.9998 0.0000 0.0000 0.0000 0.4541 0.7124 -0.9296 0.4541 0.7124 -0.9296 -45.9546 83.4305 62.8275 28.5335 46.6427 22.2231 14.1900 60.9068 -73.8494 3.5339 -4.0797 7.2952 0.0000 -0.0001 0.0001 0.0000 0.0000 0.0000 0.0000 -0.0006 0.0003 0.0000 -0.0001 0.0001 0.0000 0.0000 0.0000 0.0000 0.0000 0.0000 0.0000 0.0007 0.0001 0.0000 -0.0011 0.0001 0.0000 -0.0008 0.0003 0.0000 0.0001 0.0000 0.0000 0.0000 0.0000 0.0000 -0.0009 0.0000 0.0000 0.0002 -29.9996 -0.0001 -0.0003 29.9996 0.0000 0.0000 0.0000 0.8048 0.2275 176.6248 -14.0255 -4.0500 -1.6542 -12.1841 70.7409 -7.9733 0.0000 25.3511 0.0000 1.9400 -9.7858 178.0385 -0.0049 -2.2505 -0.0826 0.8794 67.9514 -1.6723 0.0000 25.3508 -0.0001 
8.3197 97.1956 -24.9658 -1.5181 10.4079 4.1121 -0.0747 0.9261 -0.1766 -0.0747 0.9262 -0.1766 -0.0749 0.9289 -0.1771 71.6464 85.5541 -30.8628 21.9733 41.4419 17.6472 -28.0803 26.8423 -13.7015 0.0077 1.8013 -0.7576 0.0000 0.0000 0.0001 0.0000 0.0000 0.0000 0.0000 -0.0013 -0.0008 0.0000 -0.0004 0.0001 0.0000 0.0000 0.0000 0.0000 0.0000 0.0000 0.0000 0.0002 0.0000 0.0000 -0.0006 0.0003 0.0000 0.0004 -0.0006 0.0000 0.0000 0.0001 0.0000 0.0000 0.0000 0.0000 -0.0010 -0.0002 0.0000 0.0002 30.0001 -0.0001 0.0005 -29.9998 0.0000 0.0000 0.0000 0.4061 0.6479 -0.9377 0.4061 0.6479 -0.9377 -46.9735 83.2665 61.6443 28.0675 45.8634 20.5653 5.1306 59.8780 -81.6226 3.9154 -3.8543 7.5859 0.0000 -0.0001 0.0001 0.0000 0.0000 0.0000 0.0000 -0.0006 0.0003 0.0000 -0.0001 0.0001 0.0000 0.0000 0.0000 0.0000 0.0000 0.0000 0.0000 0.0007 0.0001 0.0000 -0.0012 0.0001 0.0000 -0.0008 0.0003 0.0000 0.0001 0.0000 0.0000 0.0000 0.0000 0.0000 -0.0009 0.0000 0.0000 0.0002 -29.9996 -0.0001 -0.0003 29.9996 0.0000 0.0000 0.0000 0.8096 0.2183 176.6047 -14.0787 -4.0912 -1.6640 -12.3509 70.7310 -8.1299 0.0000 25.3510 0.0000 2.0610 -9.8238 177.9835 -0.0052 -2.2952 -0.0826 0.9501 67.9572 -1.5449 0.0000 25.3508 -0.0001 
8.3054 97.2059 -25.0054 -1.6258 10.3970 4.1619 -0.0502 0.9363 -0.1929 -0.0502 0.9364 -0.1929 -0.0503 0.9392 -0.1935 71.8815 85.5487 -30.6241 20.4966 41.8211 16.4226 -30.6744 22.8686 -18.3878 0.0956 1.8292 -0.8142 0.0000 0.0000 0.0001 0.0000 0.0000 0.0000 0.0000 -0.0013 -0.0008 0.0000 -0.0004 0.0001 0.0000 0.0000 0.0000 0.0000 0.0000 0.0000 0.0000 0.0002 0.0000 0.0000 -0.0006 0.0003 0.0000 0.0004 -0.0006 0.0000 0.0000 0.0001 0.0000 0.0000 0.0000 0.0000 -0.0010 -0.0002 0.0000 0.0002 30.0001 -0.0001 0.0005 -29.9998 0.0000 0.0000 0.0000 0.3548 0.5866 -0.9492 0.3548 0.5866 -0.9492 -48.0940 83.1042 60.3539 27.5936 45.1554 18.7567 -2.9720 58.3936 -88.3750 4.2875 -3.6098 7.8380 0.0000 -0.0001 0.0001 0.0000 0.0000 0.0000 0.0000 -0.0006 0.0003 0.0000 -0.0001 0.0001 0.0000 0.0000 0.0000 0.0000 0.0000 0.0000 0.0000 0.0007 0.0001 0.0000 -0.0011 0.0001 0.0000 -0.0008 0.0003 0.0000 0.0001 0.0000 0.0000 0.0000 0.0000 0.0000 -0.0008 0.0000 0.0000 0.0002 -29.9997 -0.0001 -0.0003 29.9996 0.0000 0.0000 0.0000 0.8079 0.2203 176.5773 -14.1342 -4.1249 -1.6714 -12.4983 70.7185 -8.2714 0.0000 25.3510 0.0000 2.1753 -9.8680 177.9185 -0.0056 -2.3571 -0.0826 1.0471 67.9668 -1.3955 0.0000 25.3508 -0.0001 
8.3036 97.2179 -25.0524 -1.7018 10.3760 4.2160 -0.0202 0.9480 -0.2126 -0.0202 0.9481 -0.2127 -0.0202 0.9509 -0.2133 71.9149 85.5392 -30.5986 18.2220 42.4342 14.7304 -33.4305 18.2943 -22.5670 0.1738 1.8223 -0.9232 0.0000 0.0000 0.0001 0.0000 0.0000 0.0000 0.0000 -0.0013 -0.0008 0.0000 -0.0004 0.0001 0.0000 0.0000 0.0000 0.0000 0.0000 0.0000 0.0000 0.0002 0.0000 0.0000 -0.0006 0.0003 0.0000 0.0004 -0.0006 0.0000 0.0000 0.0001 0.0000 0.0000 0.0000 0.0000 -0.0010 -0.0002 0.0000 0.0003 30.0001 -0.0001 0.0005 -29.9998 0.0000 0.0000 0.0000 0.2993 0.5401 -0.9658 0.2993 0.5401 -0.9658 -49.3881 82.9428 58.8965 27.0794 44.5897 16.6818 -9.9607 56.7245 -93.8226 4.6324 -3.3614 8.0420 0.0000 -0.0001 0.0001 0.0000 0.0000 0.0000 0.0000 -0.0006 0.0003 0.0000 -0.0001 0.0001 0.0000 0.0000 0.0000 0.0000 0.0000 0.0000 0.0000 0.0007 0.0001 0.0000 -0.0012 0.0001 0.0000 -0.0008 0.0003 0.0000 0.0001 0.0000 0.0000 0.0000 0.0000 0.0000 -0.0009 0.0000 0.0000 0.0002 -29.9996 -0.0001 -0.0002 29.9996 0.0000 0.0000 0.0000 0.8050 0.2318 176.5469 -14.1715 -4.1533 -1.6814 -12.6170 70.7042 -8.3833 0.0000 25.3510 0.0000 2.2659 -9.9082 177.8460 -0.0064 -2.4241 -0.0826 1.1640 67.9774 -1.2310 0.0000 25.3508 -0.0001 
8.2913 97.2302 -25.1031 -1.7433 10.3496 4.2708 0.0098 0.9596 -0.2319 0.0098 0.9597 -0.2319 0.0098 0.9625 -0.2326 71.7233 85.5323 -30.8068 14.9424 43.2757 12.3662 -36.1995 13.1742 -26.0675 0.2402 1.7615 -1.0740 0.0000 0.0000 0.0001 0.0000 0.0000 0.0000 0.0000 -0.0013 -0.0008 0.0000 -0.0004 0.0001 0.0000 0.0000 0.0000 0.0000 0.0000 0.0000 0.0000 0.0002 0.0000 0.0000 -0.0006 0.0003 0.0000 0.0004 -0.0006 0.0000 0.0000 0.0001 0.0000 0.0000 0.0000 0.0000 -0.0010 -0.0002 0.0000 0.0002 30.0001 -0.0001 0.0005 -29.9998 0.0000 0.0000 0.0000 0.2455 0.5090 -0.9902 0.2455 0.5090 -0.9902 -50.8275 82.7798 57.2975 26.4240 44.1539 14.3956 -16.1078 55.1250 -98.2410 4.9730 -3.0461 8.1625 0.0000 -0.0001 0.0001 0.0000 0.0000 0.0000 0.0000 -0.0007 0.0003 0.0000 -0.0001 0.0001 0.0000 0.0000 0.0000 0.0000 0.0000 0.0000 0.0000 0.0007 0.0001 0.0000 -0.0011 0.0001 0.0000 -0.0008 0.0003 0.0000 0.0001 0.0000 0.0000 0.0000 0.0000 0.0000 -0.0009 0.0000 0.0000 0.0002 -29.9996 -0.0001 -0.0003 29.9996 0.0000 0.0000 0.0000 0.8068 0.2413 176.5200 -14.1847 -4.1880 -1.6927 -12.7173 70.6933 -8.4778 0.0000 25.3510 0.0000 2.3368 -9.9364 177.7838 -0.0069 -2.4763 -0.0826 1.2671 67.9809 -1.0956 0.0000 25.3508 -0.0001 
8.2666 97.2416 -25.1617 -1.7513 10.3196 4.3249 0.0360 0.9704 -0.2490 0.0360 0.9706 -0.2490 0.0361 0.9734 -0.2497 71.2567 85.5350 -31.2991 10.5825 44.2492 9.2096 -38.9089 7.6511 -28.6988 0.2918 1.6349 -1.2472 0.0000 0.0000 0.0001 0.0000 0.0000 0.0000 0.0000 -0.0013 -0.0008 0.0000 -0.0004 0.0001 0.0000 0.0000 0.0000 0.0000 0.0000 0.0000 0.0000 0.0002 -0.0001 0.0000 -0.0006 0.0003 0.0000 0.0004 -0.0006 0.0000 0.0000 0.0001 0.0000 0.0000 0.0000 0.0000 -0.0010 -0.0002 0.0000 0.0002 30.0001 -0.0001 0.0005 -29.9998 0.0000 0.0000 0.0000 0.1998 0.4917 -1.0232 0.1998 0.4917 -1.0232 -52.3681 82.6130 55.5959 25.4721 43.8531 11.8125 -21.5760 53.7576 -101.8968 5.2831 -2.7281 8.2021 0.0000 -0.0001 0.0001 0.0000 0.0000 0.0000 0.0000 -0.0007 0.0003 0.0000 -0.0001 0.0001 0.0000 0.0000 0.0000 0.0000 0.0000 0.0000 0.0000 0.0007 0.0001 0.0000 -0.0011 0.0001 0.0000 -0.0008 0.0003 0.0000 0.0001 0.0000 0.0000 0.0000 0.0000 0.0000 -0.0009 0.0000 0.0000 0.0002 -29.9996 -0.0001 -0.0003 29.9996 0.0000 0.0000 0.0000 0.8152 0.2442 176.4999 -14.1795 -4.2351 -1.7038 -12.8014 70.6889 -8.5658 0.0000 25.3510 0.0000 2.4004 -9.9557 177.7328 -0.0072 -2.5110 -0.0826 1.3596 67.9715 -0.9985 0.0000 25.3508 -0.0001 
8.2354 97.2510 -25.2421 -1.7066 10.2857 4.3767 0.0508 0.9809 -0.2602 0.0508 0.9810 -0.2602 0.0509 0.9839 -0.2610 70.1710 85.5491 -32.4261 4.6110 45.3191 4.7710 -41.8368 1.9487 -29.9482 0.3149 1.4132 -1.4339 0.0000 0.0000 0.0001 0.0000 0.0000 0.0000 0.0000 -0.0013 -0.0008 0.0000 -0.0004 0.0001 0.0000 0.0000 0.0000 0.0000 0.0000 0.0000 0.0000 0.0002 0.0000 0.0000 -0.0006 0.0003 0.0000 0.0004 -0.0006 0.0000 0.0000 0.0001 0.0000 0.0000 0.0000 0.0000 -0.0010 -0.0002 0.0000 0.0002 30.0001 -0.0001 0.0005 -29.9998 0.0000 0.0000 0.0000 0.1769 0.4908 -1.0680 0.1769 0.4908 -1.0680 -54.0044 82.4361 53.7832 23.7922 43.7380 8.6143 -26.2436 52.9836 -104.8065 5.5410 -2.4443 8.1476 0.0000 -0.0001 0.0001 0.0000 0.0000 0.0000 0.0000 -0.0006 0.0003 0.0000 -0.0001 0.0001 0.0000 0.0000 0.0000 0.0000 0.0000 0.0000 0.0000 0.0007 0.0001 0.0000 -0.0012 0.0001 0.0000 -0.0008 0.0003 0.0000 0.0001 0.0000 0.0000 0.0000 0.0000 0.0000 -0.0009 0.0000 0.0000 0.0002 -29.9996 -0.0001 -0.0003 29.9996 0.0000 0.0000 0.0000 0.8259 0.2355 176.4923 -14.1535 -4.3004 -1.7167 -12.8544 70.6947 -8.6388 0.0000 25.3510 0.0000 2.4562 -9.9766 177.6925 -0.0071 -2.5326 -0.0826 1.4505 67.9400 -0.9540 0.0000 25.3508 -0.0001 
8.2160 97.2591 -25.3412 -1.6235 10.2509 4.4264 0.0561 0.9919 -0.2657 0.0561 0.9921 -0.2657 0.0563 0.9950 -0.2665 68.5694 85.5540 -34.0933 -2.4215 46.1780 -0.6362 -45.1841 -3.4479 -29.5525 0.3119 1.1189 -1.5980 0.0000 0.0000 0.0001 0.0000 0.0000 0.0000 0.0000 -0.0013 -0.0008 0.0000 -0.0004 0.0001 0.0000 0.0000 0.0000 0.0000 0.0000 0.0000 0.0000 0.0002 0.0000 0.0000 -0.0006 0.0003 0.0000 0.0004 -0.0006 0.0000 0.0000 0.0001 0.0000 0.0000 0.0000 0.0000 -0.0010 -0.0002 0.0000 0.0002 30.0001 -0.0001 0.0005 -29.9998 0.0000 0.0000 0.0000 0.1777 0.4962 -1.1205 0.1777 0.4962 -1.1205 -55.5828 82.2552 52.0108 21.1933 43.7485 4.7709 -30.0409 52.7139 -107.1006 5.7348 -2.1868 8.0128 0.0000 -0.0001 0.0001 0.0000 0.0000 0.0000 0.0000 -0.0006 0.0003 0.0000 -0.0001 0.0001 0.0000 0.0000 0.0000 0.0000 0.0000 0.0000 0.0000 0.0007 0.0001 0.0000 -0.0012 0.0001 0.0000 -0.0008 0.0003 0.0000 0.0001 0.0000 0.0000 0.0000 0.0000 0.0000 -0.0009 0.0000 0.0000 0.0002 -29.9997 -0.0001 -0.0003 29.9996 0.0000 0.0000 0.0000 0.8352 0.2193 176.4910 -14.1044 -4.3698 -1.7312 -12.8776 70.7029 -8.6854 0.0000 25.3510 0.0000 2.5012 -10.0074 177.6512 -0.0073 -2.5523 -0.0826 1.5468 67.8908 -0.9406 0.0000 25.3508 -0.0001 
8.2062 97.2664 -25.4476 -1.5115 10.2169 4.4739 0.0518 1.0030 -0.2661 0.0518 1.0031 -0.2661 0.0520 1.0060 -0.2669 66.9147 85.5537 -35.8418 -9.9942 46.5906 -6.6051 -49.1593 -8.0840 -27.5630 0.2913 0.7840 -1.7222 0.0000 0.0000 0.0001 0.0000 0.0000 0.0000 0.0000 -0.0013 -0.0008 0.0000 -0.0004 0.0001 0.0000 0.0000 0.0000 0.0000 0.0000 0.0000 0.0000 0.0002 0.0000 0.0000 -0.0006 0.0003 0.0000 0.0004 -0.0006 0.0000 0.0000 0.0001 0.0000 0.0000 0.0000 0.0000 -0.0010 -0.0002 0.0000 0.0002 30.0001 -0.0001 0.0005 -29.9998 0.0000 0.0000 0.0000 0.2043 0.5042 -1.1765 0.2043 0.5042 -1.1765 -56.9701 82.0718 50.4041 17.6518 43.7526 0.3688 -33.0130 52.8512 -108.8729 5.8613 -1.9429 7.8117 0.0000 -0.0001 0.0001 0.0000 0.0000 0.0000 0.0000 -0.0006 0.0003 0.0000 -0.0001 0.0001 0.0000 0.0000 0.0000 0.0000 0.0000 0.0000 0.0000 0.0007 0.0001 0.0000 -0.0011 0.0001 0.0000 -0.0008 0.0003 0.0000 0.0001 0.0000 0.0000 0.0000 0.0000 0.0000 -0.0008 0.0000 0.0000 0.0002 -29.9996 -0.0001 -0.0003 29.9996 0.0000 0.0000 0.0000 0.8460 0.1975 176.4924 -14.0323 -4.4392 -1.7416 -12.8820 70.7104 -8.7152 0.0000 25.3510 0.0000 2.5292 -10.0500 177.6106 -0.0078 -2.5841 -0.0825 1.6302 67.8374 -0.9622 0.0000 25.3508 -0.0001 
8.1910 97.2714 -25.5376 -1.3669 10.1846 4.5194 0.0364 1.0112 -0.2620 0.0364 1.0113 -0.2620 0.0365 1.0143 -0.2628 65.7162 85.5653 -37.1665 -17.4190 46.5014 -12.5797 -54.0817 -11.1679 -23.8606 0.2524 0.4285 -1.8029 0.0000 0.0000 0.0001 0.0000 0.0000 0.0000 0.0000 -0.0013 -0.0008 0.0000 -0.0004 0.0001 0.0000 0.0000 0.0000 0.0000 0.0000 0.0000 0.0000 0.0002 0.0000 0.0000 -0.0006 0.0003 0.0000 0.0004 -0.0006 0.0000 0.0000 0.0001 0.0000 0.0000 0.0000 0.0000 -0.0010 -0.0002 0.0000 0.0002 30.0001 -0.0001 0.0005 -29.9998 0.0000 0.0000 0.0000 0.2672 0.5135 -1.2239 0.2672 0.5135 -1.2239 -57.9526 81.9021 49.1667 13.2359 43.6762 -4.2793 -34.9733 53.3883 -109.7354 5.8996 -1.6813 7.5491 0.0000 -0.0001 0.0001 0.0000 0.0000 0.0000 0.0000 -0.0006 0.0003 0.0000 -0.0001 0.0001 0.0000 0.0000 0.0000 0.0000 0.0000 0.0000 0.0000 0.0007 0.0001 0.0000 -0.0012 0.0001 0.0000 -0.0008 0.0003 0.0000 0.0001 0.0000 0.0000 0.0000 0.0000 0.0000 -0.0008 0.0000 0.0000 0.0002 -29.9996 -0.0001 -0.0003 29.9996 0.0000 0.0000 0.0000 0.8567 0.1724 176.4942 -13.9412 -4.5029 -1.7395 -12.8669 70.7162 -8.7379 0.0000 25.3510 0.0000 2.5216 -10.0857 177.5838 -0.0083 -2.6170 -0.0825 1.6497 67.7865 -1.0649 0.0000 25.3508 -0.0001 
8.1541 97.2737 -25.5965 -1.2043 10.1551 4.5636 0.0227 1.0153 -0.2595 0.0227 1.0155 -0.2595 0.0227 1.0184 -0.2603 64.9701 85.6063 -38.0472 -23.8437 46.0087 -17.7528 -59.6334 -12.5512 -19.2099 0.2119 0.0885 -1.8598 0.0000 0.0000 0.0001 0.0000 0.0000 0.0000 0.0000 -0.0013 -0.0008 0.0000 -0.0004 0.0001 0.0000 0.0000 0.0000 0.0000 0.0000 0.0000 0.0000 0.0002 0.0000 0.0000 -0.0006 0.0003 0.0000 0.0004 -0.0006 0.0000 0.0000 0.0001 0.0000 0.0000 0.0000 0.0000 -0.0010 -0.0002 0.0000 0.0002 30.0001 -0.0001 0.0005 -29.9998 0.0000 0.0000 0.0000 0.3419 0.5213 -1.2489 0.3419 0.5213 -1.2489 -58.5225 81.7633 48.3393 8.3471 43.4062 -8.8553 -35.8724 54.0367 -109.5886 5.8630 -1.3708 7.2559 0.0000 -0.0001 0.0001 0.0000 0.0000 0.0000 0.0000 -0.0006 0.0003 0.0000 -0.0001 0.0001 0.0000 0.0000 0.0000 0.0000 0.0000 0.0000 0.0000 0.0007 0.0001 0.0000 -0.0012 0.0001 0.0000 -0.0008 0.0003 0.0000 0.0001 0.0000 0.0000 0.0000 0.0000 0.0000 -0.0009 0.0000 0.0000 0.0002 -29.9996 -0.0001 -0.0003 29.9996 0.0000 0.0000 0.0000 0.8659 0.1409 176.4963 -13.8361 -4.5622 -1.7311 -12.8381 70.7188 -8.7516 0.0000 25.3510 0.0000 2.4802 -10.1019 177.5790 -0.0084 -2.6418 -0.0825 1.5908 67.7478 -1.2474 0.0000 25.3508 -0.0001 
8.1001 97.2738 -25.6324 -1.0328 10.1279 4.6059 0.0172 1.0159 -0.2603 0.0172 1.0160 -0.2603 0.0172 1.0190 -0.2610 64.5682 85.6764 -38.5868 -28.9869 45.3307 -21.8357 -65.3332 -12.3021 -14.2867 0.1756 -0.2301 -1.9146 0.0000 0.0000 0.0001 0.0000 0.0000 0.0000 0.0000 -0.0013 -0.0008 0.0000 -0.0004 0.0001 0.0000 0.0000 0.0000 0.0000 0.0000 0.0000 0.0000 0.0002 0.0000 0.0000 -0.0006 0.0003 0.0000 0.0004 -0.0006 0.0000 0.0000 0.0001 0.0000 0.0000 0.0000 0.0000 -0.0010 -0.0002 0.0000 0.0002 30.0001 -0.0001 0.0005 -29.9998 0.0000 0.0000 0.0000 0.4158 0.5256 -1.2523 0.4158 0.5256 -1.2523 -58.7524 81.6583 47.8619 3.3774 42.9513 -13.0541 -35.8141 54.6402 -108.3299 5.7632 -0.9944 6.9444 0.0000 -0.0001 0.0001 0.0000 0.0000 0.0000 0.0000 -0.0006 0.0003 0.0000 -0.0001 0.0001 0.0000 0.0000 0.0000 0.0000 0.0000 0.0000 0.0000 0.0007 0.0001 0.0000 -0.0011 0.0001 0.0000 -0.0008 0.0003 0.0000 0.0001 0.0000 0.0000 0.0000 0.0000 0.0000 -0.0009 0.0000 0.0000 0.0002 -29.9996 -0.0001 -0.0003 29.9996 0.0000 0.0000 0.0000 0.8721 0.1016 176.4994 -13.7178 -4.6191 -1.7213 -12.7990 70.7195 -8.7494 0.0000 25.3510 0.0000 2.4152 -10.1018 177.5916 -0.0080 -2.6567 -0.0825 1.4738 67.7177 -1.4838 0.0000 25.3508 -0.0001 
8.0470 97.2727 -25.6560 -0.8565 10.0989 4.6416 0.0329 1.0141 -0.2668 0.0329 1.0143 -0.2669 0.0330 1.0172 -0.2676 64.3840 85.7947 -38.9011 -32.1500 44.7713 -24.1863 -70.7345 -10.4388 -9.6238 0.1431 -0.5226 -2.0081 0.0000 0.0000 0.0001 0.0000 0.0000 0.0000 0.0000 -0.0013 -0.0008 0.0000 -0.0004 0.0001 0.0000 0.0000 0.0000 0.0000 0.0000 0.0000 0.0000 0.0003 0.0000 0.0000 -0.0006 0.0003 0.0000 0.0004 -0.0006 0.0000 0.0000 0.0001 0.0000 0.0000 0.0000 0.0000 -0.0010 -0.0002 0.0000 0.0002 30.0001 -0.0001 0.0005 -29.9998 0.0000 0.0000 0.0000 0.4738 0.5180 -1.2266 0.4738 0.5180 -1.2266 -58.6190 81.6139 47.7946 -0.9957 42.5080 -16.2778 -34.4038 54.9672 -104.9811 5.5918 -0.4914 6.6267 0.0000 -0.0001 0.0001 0.0000 0.0000 0.0000 0.0000 -0.0006 0.0003 0.0000 -0.0001 0.0001 0.0000 0.0000 0.0000 0.0000 0.0000 0.0000 0.0000 0.0007 0.0001 0.0000 -0.0011 0.0001 0.0000 -0.0008 0.0003 0.0000 0.0001 0.0000 0.0000 0.0000 0.0000 0.0000 -0.0008 0.0000 0.0000 0.0002 -29.9996 -0.0001 -0.0003 29.9996 0.0000 0.0000 0.0000 0.8707 0.0489 176.5091 -13.5920 -4.6870 -1.7107 -12.7547 70.7259 -8.7335 0.0000 25.3510 0.0000 2.3304 -10.0974 177.6136 -0.0079 -2.6809 -0.0825 1.3354 67.7014 -1.7321 0.0000 25.3508 -0.0001 
8.0115 97.2717 -25.6913 -0.6720 10.0591 4.6700 0.0641 1.0155 -0.2780 0.0641 1.0157 -0.2780 0.0642 1.0186 -0.2789 63.9549 85.9502 -39.4463 -34.0393 44.3583 -25.3906 -75.3722 -7.5488 -5.4446 0.1135 -0.8090 -2.1449 0.0000 0.0000 0.0001 0.0000 0.0000 0.0000 0.0000 -0.0013 -0.0008 0.0000 -0.0004 0.0001 0.0000 0.0000 0.0000 0.0000 0.0000 0.0000 0.0000 0.0002 -0.0001 0.0000 -0.0006 0.0003 0.0000 0.0004 -0.0006 0.0000 0.0000 0.0001 0.0000 0.0000 0.0000 0.0000 -0.0010 -0.0002 0.0000 0.0002 30.0001 -0.0001 0.0005 -29.9998 0.0000 0.0000 0.0000 0.5162 0.4943 -1.1788 0.5162 0.4943 -1.1788 -58.3457 81.6293 47.9272 -4.3453 42.2028 -18.4327 -32.1871 54.9054 -100.0871 5.3811 0.0790 6.3164 0.0000 -0.0001 0.0001 0.0000 0.0000 0.0000 0.0000 -0.0006 0.0003 0.0000 -0.0001 0.0001 0.0000 0.0000 0.0000 0.0000 0.0000 0.0000 0.0000 0.0007 0.0001 0.0000 -0.0012 0.0001 0.0000 -0.0008 0.0003 0.0000 0.0001 0.0000 0.0000 0.0000 0.0000 0.0000 -0.0008 0.0000 0.0000 0.0002 -29.9996 -0.0001 -0.0003 29.9996 0.0000 0.0000 0.0000 0.8519 -0.0058 176.5277 -13.4775 -4.7729 -1.6993 -12.7051 70.7491 -8.7138 0.0000 25.3510 0.0000 2.2397 -10.0968 177.6323 -0.0084 -2.7207 -0.0825 1.2364 67.6898 -1.9412 0.0000 25.3508 -0.0001 
7.9854 97.2706 -25.7413 -0.4754 10.0081 4.6887 0.1031 1.0194 -0.2901 0.1031 1.0196 -0.2901 0.1034 1.0225 -0.2909 63.0919 86.1257 -40.4136 -35.0573 44.0781 -25.8179 -79.1872 -3.9513 -1.6993 0.0833 -1.1073 -2.3288 0.0000 0.0000 0.0001 0.0000 0.0000 0.0000 0.0000 -0.0013 -0.0008 0.0000 -0.0004 0.0001 0.0000 0.0000 0.0000 0.0000 0.0000 0.0000 0.0000 0.0002 0.0000 0.0000 -0.0006 0.0003 0.0000 0.0004 -0.0006 0.0000 0.0000 0.0001 0.0000 0.0000 0.0000 0.0000 -0.0010 -0.0002 0.0000 0.0003 30.0001 -0.0001 0.0005 -29.9998 0.0000 0.0000 0.0000 0.5466 0.4583 -1.1198 0.5466 0.4583 -1.1198 -58.0129 81.6941 48.1674 -6.9075 42.0572 -19.8475 -29.2600 54.4277 -93.9084 5.1407 0.6832 6.0115 0.0000 -0.0001 0.0001 0.0000 0.0000 0.0000 0.0000 -0.0006 0.0003 0.0000 -0.0001 0.0001 0.0000 0.0000 0.0000 0.0000 0.0000 0.0000 0.0000 0.0007 0.0001 0.0000 -0.0011 0.0001 0.0000 -0.0008 0.0003 0.0000 0.0001 0.0000 0.0000 0.0000 0.0000 0.0000 -0.0009 0.0000 0.0000 0.0002 -29.9996 -0.0001 -0.0003 29.9995 0.0000 0.0000 0.0000 0.8159 -0.0590 176.5564 -13.3706 -4.8722 -1.6898 -12.6422 70.7902 -8.6798 0.0000 25.3510 0.0000 2.1504 -10.1022 177.6539 -0.0091 -2.7782 -0.0825 1.1733 67.6822 -2.1258 0.0000 25.3508 -0.0001 
7.9561 97.2674 -25.8109 -0.2550 9.9365 4.6820 0.1422 1.0266 -0.2970 0.1422 1.0267 -0.2970 0.1426 1.0297 -0.2979 61.7658 86.3111 -41.8432 -35.1854 43.9817 -25.5066 -81.9331 0.0607 1.5838 0.0487 -1.4045 -2.5654 0.0000 0.0000 0.0001 0.0000 0.0000 0.0000 0.0000 -0.0013 -0.0008 0.0000 -0.0004 0.0001 0.0000 0.0000 0.0000 0.0000 0.0000 0.0000 0.0000 0.0002 0.0000 0.0000 -0.0006 0.0003 0.0000 0.0004 -0.0006 0.0000 0.0000 0.0001 0.0000 0.0000 0.0000 0.0000 -0.0010 -0.0002 0.0000 0.0002 30.0001 -0.0001 0.0005 -29.9998 0.0000 0.0000 0.0000 0.5631 0.4150 -1.0531 0.5631 0.4150 -1.0531 -57.6690 81.8077 48.4792 -8.6575 42.1523 -20.6076 -25.4160 53.3600 -86.2343 4.8679 1.3126 5.7251 0.0000 -0.0001 0.0001 0.0000 0.0000 0.0000 0.0000 -0.0006 0.0003 0.0000 -0.0001 0.0001 0.0000 0.0000 0.0000 0.0000 0.0000 0.0000 0.0000 0.0007 0.0001 0.0000 -0.0012 0.0001 0.0000 -0.0008 0.0003 0.0000 0.0001 0.0000 0.0000 0.0000 0.0000 0.0000 -0.0008 0.0000 0.0000 0.0002 -29.9996 -0.0001 -0.0003 29.9996 0.0000 0.0000 0.0000 0.7720 -0.1047 176.6079 -13.2523 -4.9869 -1.6824 -12.5652 70.8574 -8.6240 0.0000 25.3510 0.0000 2.0659 -10.1158 177.7022 -0.0090 -2.8708 -0.0825 1.1426 67.6871 -2.3038 0.0000 25.3508 -0.0001 
7.9425 97.2606 -25.8844 -0.0101 9.8453 4.6493 0.1712 1.0352 -0.2995 0.1713 1.0354 -0.2995 0.1717 1.0384 -0.3003 60.3749 86.5044 -43.3556 -34.8996 43.9662 -24.8752 -83.8640 4.4555 4.7033 0.0043 -1.7234 -2.8563 0.0000 0.0000 0.0001 0.0000 0.0000 0.0000 0.0000 -0.0013 -0.0008 0.0000 -0.0004 0.0001 0.0000 0.0000 0.0000 0.0000 0.0000 0.0000 0.0000 0.0002 0.0000 0.0000 -0.0006 0.0003 0.0000 0.0004 -0.0006 0.0000 0.0000 0.0001 0.0000 0.0000 0.0000 0.0000 -0.0010 -0.0002 0.0000 0.0002 30.0001 -0.0001 0.0005 -29.9998 0.0000 0.0000 0.0000 0.5696 0.3790 -0.9730 0.5696 0.3790 -0.9730 -57.3162 81.9586 48.8256 -9.8690 42.4331 -21.0197 -21.2431 51.7597 -77.9070 4.5722 1.9123 5.4566 0.0000 -0.0001 0.0001 0.0000 0.0000 0.0000 0.0000 -0.0006 0.0003 0.0000 -0.0001 0.0001 0.0000 0.0000 0.0000 0.0000 0.0000 0.0000 0.0000 0.0007 0.0001 0.0000 -0.0012 0.0001 0.0000 -0.0008 0.0003 0.0000 0.0001 0.0000 0.0000 0.0000 0.0000 0.0000 -0.0009 0.0000 0.0000 0.0002 -29.9996 -0.0001 -0.0003 29.9996 0.0000 0.0000 0.0000 0.7423 -0.1370 176.6823 -13.1190 -5.1140 -1.6732 -12.4817 70.9458 -8.5685 0.0000 25.3510 0.0000 1.9675 -10.0940 177.7690 -0.0085 -2.9285 -0.0825 1.1570 67.6788 -2.4467 0.0000 25.3508 -0.0001 
7.9586 97.2506 -25.9523 0.2571 9.7366 4.5961 0.1899 1.0455 -0.3002 0.1899 1.0457 -0.3003 0.1905 1.0487 -0.3011 58.9905 86.6962 -44.8706 -34.4665 43.9856 -24.1685 -85.0244 9.1798 7.8398 -0.0536 -2.0740 -3.2018 0.0000 0.0000 0.0001 0.0000 0.0000 0.0000 0.0000 -0.0013 -0.0008 0.0000 -0.0004 0.0001 0.0000 0.0000 0.0000 0.0000 0.0000 0.0000 0.0000 0.0002 0.0000 0.0000 -0.0006 0.0003 0.0000 0.0004 -0.0006 0.0000 0.0000 0.0001 0.0000 0.0000 0.0000 0.0000 -0.0010 -0.0002 0.0000 0.0002 30.0001 -0.0002 0.0005 -29.9998 0.0000 0.0000 0.0000 0.5710 0.3496 -0.8781 0.5710 0.3496 -0.8781 -56.9285 82.1393 49.2273 -11.8867 43.0919 -21.5510 -17.0206 49.6610 -69.5556 3.7067 2.1149 4.5746 0.0000 -0.0001 0.0001 0.0000 0.0000 0.0000 0.0000 -0.0006 0.0003 0.0000 -0.0001 0.0001 0.0000 0.0000 0.0000 0.0000 0.0000 0.0000 0.0000 0.0007 0.0001 0.0000 -0.0012 0.0001 0.0000 -0.0008 0.0003 0.0000 0.0001 0.0000 0.0000 0.0000 0.0000 0.0000 -0.0008 0.0000 0.0000 0.0002 -29.9996 -0.0001 -0.0003 29.9996 0.0000 0.0000 0.0000 0.7330 -0.1530 176.7767 -12.9762 -5.2482 -1.6612 -12.3913 71.0490 -8.5227 0.0000 25.3510 0.0000 1.8448 -10.0258 177.8418 -0.0085 -2.9375 -0.0825 1.2271 67.6557 -2.5310 0.0000 25.3508 -0.0001 
8.0055 97.2371 -26.0085 0.5496 9.6048 4.5159 0.1909 1.0553 -0.2986 0.1909 1.0555 -0.2987 0.1915 1.0585 -0.2995 57.9840 86.8758 -46.0226 -34.1128 44.0491 -23.6443 -85.1217 14.2142 11.1909 -0.1314 -2.4440 -3.6076 0.0000 0.0000 0.0001 0.0000 0.0000 0.0000 0.0000 -0.0013 -0.0008 0.0000 -0.0004 0.0001 0.0000 0.0000 0.0000 0.0000 0.0000 0.0000 0.0000 0.0002 0.0000 0.0000 -0.0006 0.0003 0.0000 0.0004 -0.0006 0.0000 0.0000 0.0001 0.0000 0.0000 0.0000 0.0000 -0.0010 -0.0002 0.0000 0.0002 30.0001 -0.0001 0.0005 -29.9998 0.0000 0.0000 0.0000 0.5671 0.3351 -0.7737 0.5671 0.3351 -0.7737 -56.4659 82.3444 49.7089 -13.7700 43.8826 -21.9666 -12.7038 47.1281 -61.0929 2.9348 2.1954 3.7782 0.0000 -0.0001 0.0001 0.0000 0.0000 0.0000 0.0000 -0.0006 0.0003 0.0000 -0.0001 0.0001 0.0000 0.0000 0.0000 0.0000 0.0000 0.0000 0.0000 0.0007 0.0001 0.0000 -0.0012 0.0001 0.0000 -0.0008 0.0003 0.0000 0.0001 0.0000 0.0000 0.0000 0.0000 0.0000 -0.0008 0.0000 0.0000 0.0002 -29.9996 -0.0001 -0.0003 29.9996 0.0000 0.0000 0.0000 0.7463 -0.1470 176.8946 -12.8439 -5.3833 -1.6443 -12.2812 71.1620 -8.4874 0.0000 25.3511 0.0000 1.6718 -9.8989 177.9289 -0.0092 -2.8915 -0.0825 1.3390 67.6196 -2.5519 0.0000 25.3508 -0.0001 
8.0357 97.2218 -26.0496 0.8479 9.4585 4.4170 0.1878 1.0614 -0.2972 0.1879 1.0615 -0.2973 0.1884 1.0646 -0.2981 57.6480 87.0483 -46.5063 -33.9557 44.0801 -23.3304 -84.2715 19.3499 14.7461 -0.2320 -2.8381 -4.0667 0.0000 0.0000 0.0001 0.0000 0.0000 0.0000 0.0000 -0.0013 -0.0008 0.0000 -0.0004 0.0001 0.0000 0.0000 0.0000 0.0000 0.0000 0.0000 0.0000 0.0002 -0.0001 0.0000 -0.0006 0.0003 0.0000 0.0004 -0.0006 0.0000 0.0000 0.0001 0.0000 0.0000 0.0000 0.0000 -0.0010 -0.0002 0.0000 0.0002 30.0001 -0.0001 0.0005 -29.9998 0.0000 0.0000 0.0000 0.5497 0.3343 -0.6674 0.5497 0.3343 -0.6674 -55.9087 82.5603 50.2875 -15.4720 44.7865 -22.3109 -8.4693 44.4114 -52.7266 2.2770 2.1699 3.0924 0.0000 -0.0001 0.0001 0.0000 0.0000 0.0000 0.0000 -0.0006 0.0003 0.0000 -0.0001 0.0001 0.0000 0.0000 0.0000 0.0000 0.0000 0.0000 0.0000 0.0007 0.0001 0.0000 -0.0011 0.0001 0.0000 -0.0008 0.0003 0.0000 0.0001 0.0000 0.0000 0.0000 0.0000 0.0000 -0.0009 0.0000 0.0000 0.0002 -29.9996 -0.0001 -0.0002 29.9996 0.0000 0.0000 0.0000 0.7680 -0.1303 177.0239 -12.7348 -5.5179 -1.6208 -12.1564 71.2763 -8.4530 0.0000 25.3510 0.0000 1.4642 -9.7544 178.0492 -0.0093 -2.8586 -0.0825 1.4209 67.6053 -2.5814 0.0000 25.3508 -0.0001 
8.0402 97.2055 -26.0690 1.1440 9.3030 4.3072 0.1863 1.0625 -0.2985 0.1863 1.0627 -0.2986 0.1869 1.0658 -0.2994 58.0090 87.2187 -46.2898 -33.9983 44.0456 -23.1653 -82.4978 24.5634 18.6425 -0.3615 -3.2698 -4.5904 0.0000 0.0000 0.0001 0.0000 0.0000 0.0000 0.0000 -0.0013 -0.0008 0.0000 -0.0004 0.0001 0.0000 0.0000 0.0000 0.0000 0.0000 0.0000 0.0000 0.0002 0.0000 0.0000 -0.0006 0.0003 0.0000 0.0004 -0.0006 0.0000 0.0000 0.0001 0.0000 0.0000 0.0000 0.0000 -0.0010 -0.0002 0.0000 0.0002 30.0001 -0.0001 0.0005 -29.9998 0.0000 0.0000 0.0000 0.5184 0.3462 -0.5585 0.5184 0.3462 -0.5585 -55.2367 82.7875 50.9794 -16.9146 45.8108 -22.5090 -4.4340 41.4498 -44.5870 1.7326 2.0754 2.5177 0.0000 -0.0001 0.0001 0.0000 0.0000 0.0000 0.0000 -0.0006 0.0003 0.0000 -0.0001 0.0001 0.0000 0.0000 0.0000 0.0000 0.0000 0.0000 0.0000 0.0007 0.0001 0.0000 -0.0012 0.0001 0.0000 -0.0008 0.0003 0.0000 0.0001 0.0000 0.0000 0.0000 0.0000 0.0000 -0.0009 0.0000 0.0000 0.0002 -29.9997 -0.0001 -0.0002 29.9996 0.0000 0.0000 0.0000 0.7912 -0.1127 177.1599 -12.6451 -5.6600 -1.5933 -12.0288 71.3934 -8.4212 0.0000 25.3510 0.0000 1.2265 -9.5959 178.1994 -0.0085 -2.8423 -0.0825 1.4541 67.6186 -2.6347 0.0000 25.3508 -0.0001 
8.0350 97.1885 -26.0432 1.4276 9.1418 4.1901 0.1930 1.0551 -0.3030 0.1930 1.0553 -0.3031 0.1936 1.0584 -0.3039 59.0414 87.3775 -45.3822 -34.2012 43.9357 -23.1031 -79.6295 29.8085 23.0443 -0.5308 -3.7375 -5.1935 0.0000 0.0000 0.0001 0.0000 0.0000 0.0000 0.0000 -0.0013 -0.0008 0.0000 -0.0004 0.0001 0.0000 0.0000 0.0000 0.0000 0.0000 0.0000 0.0000 0.0003 0.0000 0.0000 -0.0006 0.0003 0.0000 0.0004 -0.0006 0.0000 0.0000 0.0001 0.0000 0.0000 0.0000 0.0000 -0.0010 -0.0002 0.0000 0.0002 30.0001 -0.0001 0.0005 -29.9998 0.0000 0.0000 0.0000 0.4739 0.3729 -0.4566 0.4739 0.3729 -0.4566 -54.4250 83.0272 51.8158 -17.8253 47.0070 -22.2914 -0.6932 38.2199 -36.7698 1.2959 1.9414 2.0555 0.0000 -0.0001 0.0001 0.0000 0.0000 0.0000 0.0000 -0.0006 0.0003 0.0000 -0.0001 0.0001 0.0000 0.0000 0.0000 0.0000 0.0000 0.0000 0.0000 0.0007 0.0001 0.0000 -0.0012 0.0001 0.0000 -0.0008 0.0003 0.0000 0.0001 0.0000 0.0000 0.0000 0.0000 0.0000 -0.0009 0.0000 0.0000 0.0002 -29.9996 -0.0001 -0.0003 29.9996 0.0000 0.0000 0.0000 0.8053 -0.1055 177.3059 -12.5768 -5.8245 -1.5665 -11.9248 71.5188 -8.4083 0.0000 25.3511 0.0000 0.9604 -9.3940 178.3655 -0.0076 -2.8085 -0.0825 1.4641 67.6584 -2.6772 0.0000 25.3508 -0.0001 
8.0536 97.1718 -25.9989 1.6957 8.9789 4.0673 0.2085 1.0417 -0.3054 0.2085 1.0418 -0.3054 0.2091 1.0448 -0.3063 -253.3067 90.0000 0.0000 -34.3033 43.8098 -23.0040 -75.9614 34.6170 27.8287 -0.7345 -4.1511 -5.7930 0.0000 0.0000 0.0001 0.0000 0.0000 0.0000 0.0000 -0.0013 -0.0008 0.0000 -0.0004 0.0001 0.0000 0.0000 0.0000 0.0000 0.0000 0.0000 0.0000 0.0002 0.0000 0.0000 -0.0006 0.0003 0.0000 0.0004 -0.0006 0.0000 0.0000 0.0001 0.0000 0.0000 0.0000 0.0000 -0.0010 -0.0002 0.0000 0.0002 30.0001 -0.0001 0.0005 -29.9998 0.0000 0.0000 0.0000 0.4185 0.4096 -0.3753 0.4185 0.4096 -0.3753 -53.6395 83.2588 52.6523 -18.0621 48.3670 -21.5973 2.5075 34.7461 -29.4611 0.9566 1.7969 1.6948 0.0000 -0.0001 0.0001 0.0000 0.0000 0.0000 0.0000 -0.0006 0.0003 0.0000 -0.0001 0.0001 0.0000 0.0000 0.0000 0.0000 0.0000 0.0000 0.0000 0.0007 0.0001 0.0000 -0.0012 0.0001 0.0000 -0.0008 0.0003 0.0000 0.0001 0.0000 0.0000 0.0000 0.0000 0.0000 -0.0008 0.0000 0.0000 0.0002 -29.9997 -0.0001 -0.0003 29.9996 0.0000 0.0000 0.0000 0.8012 -0.1115 177.4600 -12.5266 -6.0147 -1.5404 -11.8657 71.6540 -8.4343 0.0000 25.3510 0.0000 0.6960 -9.1667 178.5200 -0.0072 -2.7543 -0.0825 1.5184 67.7036 -2.6591 0.0000 25.3508 -0.0001 
8.0970 97.1555 -25.9651 1.9468 8.8140 3.9397 0.2321 1.0237 -0.3048 0.2322 1.0239 -0.3048 0.2328 1.0269 -0.3057 -253.3304 90.0000 0.0000 -34.2437 43.8989 -23.1032 -71.6200 38.8946 33.0902 -0.9682 -4.2064 -6.1015 0.0000 0.0000 0.0001 0.0000 0.0000 0.0000 0.0000 -0.0013 -0.0008 0.0000 -0.0004 0.0001 0.0000 0.0000 0.0000 0.0000 0.0000 0.0000 0.0000 0.0002 0.0000 0.0000 -0.0006 0.0003 0.0000 0.0004 -0.0006 0.0000 0.0000 0.0001 0.0000 0.0000 0.0000 0.0000 -0.0010 -0.0002 0.0000 0.0002 30.0001 -0.0002 0.0005 -29.9998 0.0000 0.0000 0.0000 0.3569 0.4528 -0.3168 0.3569 0.4527 -0.3168 -52.8585 83.4816 53.5130 -17.6147 49.8716 -20.4472 5.2335 31.0464 -22.6148 0.6948 1.6554 1.4208 0.0000 -0.0001 0.0001 0.0000 0.0000 0.0000 0.0000 -0.0006 0.0003 0.0000 -0.0001 0.0001 0.0000 0.0000 0.0000 0.0000 0.0000 0.0000 0.0000 0.0007 0.0001 0.0000 -0.0012 0.0001 0.0000 -0.0008 0.0003 0.0000 0.0001 0.0000 0.0000 0.0000 0.0000 0.0000 -0.0008 0.0000 0.0000 0.0002 -29.9997 -0.0001 -0.0003 29.9996 0.0000 0.0000 0.0000 0.7845 -0.1240 177.6195 -12.4896 -6.2250 -1.5162 -11.8455 71.7970 -8.4974 0.0000 25.3510 0.0000 0.4585 -8.9399 178.6575 -0.0071 -2.6958 -0.0826 1.6363 67.7419 -2.5807 0.0000 25.3508 -0.0001 
8.1643 97.1399 -25.9750 2.1764 8.6379 3.8085 0.2616 1.0038 -0.3004 0.2616 1.0040 -0.3004 0.2624 1.0069 -0.3013 -253.3786 90.0000 0.0000 -33.7232 43.9197 -22.7885 -66.7642 42.4073 38.7303 -1.2246 -4.2148 -6.4236 0.0000 0.0000 0.0001 0.0000 0.0000 0.0000 0.0000 -0.0013 -0.0008 0.0000 -0.0004 0.0001 0.0000 0.0000 0.0000 0.0000 0.0000 0.0000 0.0000 0.0002 0.0000 0.0000 -0.0006 0.0003 0.0000 0.0004 -0.0006 0.0000 0.0000 0.0001 0.0000 0.0000 0.0000 0.0000 -0.0010 -0.0002 0.0000 0.0002 30.0001 -0.0001 0.0005 -29.9998 0.0000 0.0000 0.0000 0.2986 0.4965 -0.2959 0.2986 0.4965 -0.2959 -52.0918 83.6939 54.3874 -16.2918 51.5269 -18.6636 7.7115 27.1958 -16.2366 0.4967 1.5217 1.2304 0.0000 -0.0001 0.0001 0.0000 0.0000 0.0000 0.0000 -0.0006 0.0003 0.0000 -0.0001 0.0001 0.0000 0.0000 0.0000 0.0000 0.0000 0.0000 0.0000 0.0007 0.0001 0.0000 -0.0012 0.0001 0.0000 -0.0008 0.0003 0.0000 0.0001 0.0000 0.0000 0.0000 0.0000 0.0000 -0.0009 0.0000 0.0000 0.0002 -29.9996 -0.0001 -0.0003 29.9996 0.0000 0.0000 0.0000 0.7594 -0.1195 177.7826 -12.4627 -6.4438 -1.4979 -11.8622 71.9430 -8.6058 0.0000 25.3510 0.0000 0.2827 -8.7344 178.7717 -0.0066 -2.6507 -0.0826 1.8513 67.7606 -2.4337 0.0000 25.3508 -0.0001 
8.2473 97.1259 -26.0110 2.3871 8.4559 3.6820 0.2916 0.9831 -0.2960 0.2916 0.9832 -0.2960 0.2924 0.9861 -0.2969 -253.4277 90.0000 0.0000 -32.9346 43.8963 -22.1542 -61.4596 45.2042 44.6645 -1.5022 -4.1866 -6.7486 0.0000 0.0000 0.0001 0.0000 0.0000 0.0000 0.0000 -0.0013 -0.0008 0.0000 -0.0004 0.0001 0.0000 0.0000 0.0000 0.0000 0.0000 0.0000 0.0000 0.0002 0.0000 0.0000 -0.0006 0.0003 0.0000 0.0004 -0.0006 0.0000 0.0000 0.0001 0.0000 0.0000 0.0000 0.0000 -0.0010 -0.0002 0.0000 0.0002 30.0001 -0.0001 0.0005 -29.9998 0.0000 0.0000 0.0000 0.2528 0.5313 -0.3033 0.2528 0.5313 -0.3033 -51.3448 83.8988 55.2500 -14.3785 53.2170 -16.4058 10.1600 23.1420 -10.4060 0.3449 1.4008 1.1021 0.0000 -0.0001 0.0001 0.0000 0.0000 0.0000 0.0000 -0.0006 0.0003 0.0000 -0.0001 0.0001 0.0000 0.0000 0.0000 0.0000 0.0000 0.0000 0.0000 0.0007 0.0001 0.0000 -0.0012 0.0001 0.0000 -0.0008 0.0003 0.0000 0.0001 0.0000 0.0000 0.0000 0.0000 0.0000 -0.0009 0.0000 0.0000 0.0002 -29.9996 -0.0001 -0.0003 29.9996 0.0000 0.0000 0.0000 0.7322 -0.0845 177.9372 -12.4462 -6.6422 -1.4871 -11.8857 72.0846 -8.7328 0.0000 25.3510 0.0000 0.1555 -8.5392 178.8623 -0.0060 -2.6070 -0.0826 2.1389 67.7612 -2.2368 0.0000 25.3508 -0.0001 
8.3478 97.1145 -26.0483 2.5816 8.2708 3.5608 0.3208 0.9622 -0.2912 0.3208 0.9624 -0.2912 0.3217 0.9652 -0.2921 -253.4678 90.0000 0.0000 -31.9701 43.8174 -21.2596 -55.8071 47.3643 50.7487 -1.8013 -4.1285 -7.0677 0.0000 0.0000 0.0001 0.0000 0.0000 0.0000 0.0000 -0.0013 -0.0008 0.0000 -0.0004 0.0001 0.0000 0.0000 0.0000 0.0000 0.0000 0.0000 0.0000 0.0002 0.0000 0.0000 -0.0006 0.0003 0.0000 0.0004 -0.0006 0.0000 0.0000 0.0001 0.0000 0.0000 0.0000 0.0000 -0.0010 -0.0002 0.0000 0.0002 30.0001 -0.0001 0.0005 -29.9998 0.0000 0.0000 0.0000 0.2191 0.5537 -0.3326 0.2191 0.5537 -0.3326 -50.5893 84.0819 56.1225 -11.9882 54.8780 -13.7088 12.6949 18.8831 -5.1381 0.2262 1.2919 1.0193 0.0000 -0.0001 0.0001 0.0000 0.0000 0.0000 0.0000 -0.0006 0.0003 0.0000 -0.0001 0.0001 0.0000 0.0000 0.0000 0.0000 0.0000 0.0000 0.0000 0.0007 0.0001 0.0000 -0.0012 0.0001 0.0000 -0.0008 0.0003 0.0000 0.0001 0.0000 0.0000 0.0000 0.0000 0.0000 -0.0009 0.0000 0.0000 0.0002 -29.9996 -0.0001 -0.0003 29.9996 0.0000 0.0000 0.0000 0.6971 -0.0172 178.0773 -12.4375 -6.8069 -1.4815 -11.8909 72.2172 -8.8430 0.0000 25.3510 0.0000 0.0571 -8.3536 178.9309 -0.0056 -2.5879 -0.0826 2.4858 67.7699 -1.9892 0.0000 25.3508 -0.0001 
8.4672 97.1064 -26.0593 2.7551 8.0876 3.4464 0.3542 0.9336 -0.2866 0.3542 0.9337 -0.2866 0.3552 0.9364 -0.2874 -253.4914 90.0000 0.0000 -30.8358 43.6089 -20.0685 -50.1024 48.9491 56.5020 -2.1232 -4.0364 -7.3742 0.0000 0.0000 0.0001 0.0000 0.0000 0.0000 0.0000 -0.0013 -0.0008 0.0000 -0.0004 0.0001 0.0000 0.0000 0.0000 0.0000 0.0000 0.0000 0.0000 0.0002 -0.0001 0.0000 -0.0006 0.0003 0.0000 0.0004 -0.0006 0.0000 0.0000 0.0001 0.0000 0.0000 0.0000 0.0000 -0.0010 -0.0002 0.0000 0.0002 30.0001 -0.0002 0.0005 -29.9998 0.0000 0.0000 0.0000 0.1909 0.5664 -0.3814 0.1909 0.5664 -0.3814 -49.8686 84.2375 56.9721 -9.0787 56.4893 -10.4649 15.6629 14.5579 -0.6044 0.1348 1.1844 0.9793 0.0000 -0.0001 0.0001 0.0000 0.0000 0.0000 0.0000 -0.0006 0.0003 0.0000 -0.0001 0.0001 0.0000 0.0000 0.0000 0.0000 0.0000 0.0000 0.0000 0.0007 0.0001 0.0000 -0.0012 0.0001 0.0000 -0.0008 0.0003 0.0000 0.0001 0.0000 0.0000 0.0000 0.0000 0.0000 -0.0008 0.0000 0.0000 0.0002 -29.9996 -0.0001 -0.0003 29.9996 0.0000 0.0000 0.0000 0.6391 0.0803 178.1906 -12.4253 -6.9190 -1.4793 -11.8479 72.3301 -8.8768 0.0000 25.3510 0.0000 -0.0234 -8.1682 178.9772 -0.0056 -2.5985 -0.0826 2.8803 67.8051 -1.6886 0.0000 25.3508 -0.0001 
8.5811 97.0983 -26.0442 2.9169 7.9149 3.3354 0.3906 0.8955 -0.2799 0.3906 0.8956 -0.2800 0.3918 0.8982 -0.2808 -253.4982 90.0000 0.0000 -29.7440 43.2918 -18.7951 -44.2825 50.1648 61.9794 -2.4661 -3.9249 -7.6574 0.0000 0.0000 0.0001 0.0000 0.0000 0.0000 0.0000 -0.0013 -0.0008 0.0000 -0.0004 0.0001 0.0000 0.0000 0.0000 0.0000 0.0000 0.0000 0.0000 0.0002 -0.0001 0.0000 -0.0006 0.0003 0.0000 0.0004 -0.0006 0.0000 0.0000 0.0001 0.0000 0.0000 0.0000 0.0000 -0.0010 -0.0002 0.0000 0.0002 30.0001 -0.0001 0.0005 -29.9998 0.0000 0.0000 0.0000 0.1617 0.5759 -0.4353 0.1617 0.5759 -0.4353 -49.0810 84.3642 57.9013 -5.6959 57.9585 -6.6842 18.9989 10.2186 3.0744 0.0641 1.0770 0.9669 0.0000 -0.0001 0.0001 0.0000 0.0000 0.0000 0.0000 -0.0006 0.0003 0.0000 -0.0001 0.0001 0.0000 0.0000 0.0000 0.0000 0.0000 0.0000 0.0000 0.0007 0.0001 0.0000 -0.0011 0.0001 0.0000 -0.0008 0.0003 0.0000 0.0001 0.0000 0.0000 0.0000 0.0000 0.0000 -0.0009 0.0000 0.0000 0.0002 -29.9996 -0.0001 -0.0003 29.9996 0.0000 0.0000 0.0000 0.5576 0.1725 178.2872 -12.3904 -7.0055 -1.4791 -11.7761 72.4290 -8.8320 0.0000 25.3510 0.0000 -0.0963 -7.9832 179.0226 -0.0056 -2.6217 -0.0826 3.2707 67.8602 -1.3892 0.0000 25.3508 -0.0001 
8.6772 97.0884 -26.0190 3.0694 7.7546 3.2258 0.4287 0.8506 -0.2706 0.4288 0.8507 -0.2706 0.4300 0.8532 -0.2714 -253.4916 90.0000 0.0000 -28.7481 42.9197 -17.4884 -38.3637 51.0980 67.2091 -2.8230 -3.8041 -7.9119 0.0000 0.0000 0.0001 0.0000 0.0000 0.0000 0.0000 -0.0013 -0.0008 0.0000 -0.0004 0.0001 0.0000 0.0000 0.0000 0.0000 0.0000 0.0000 0.0000 0.0002 0.0000 0.0000 -0.0006 0.0003 0.0000 0.0004 -0.0006 0.0000 0.0000 0.0001 0.0000 0.0000 0.0000 0.0000 -0.0010 -0.0002 0.0000 0.0002 30.0001 -0.0002 0.0005 -29.9998 0.0000 0.0000 0.0000 0.1306 0.5801 -0.4864 0.1306 0.5801 -0.4864 -48.2744 84.4628 58.8677 -1.8535 59.2342 -2.4040 22.6564 5.9442 5.8617 0.0093 0.9670 0.9710 0.0000 -0.0001 0.0001 0.0000 0.0000 0.0000 0.0000 -0.0006 0.0003 0.0000 -0.0001 0.0001 0.0000 0.0000 0.0000 0.0000 0.0000 0.0000 0.0000 0.0007 0.0001 0.0000 -0.0012 0.0001 0.0000 -0.0008 0.0003 0.0000 0.0001 0.0000 0.0000 0.0000 0.0000 0.0000 -0.0009 0.0000 0.0000 0.0002 -29.9996 -0.0001 -0.0003 29.9996 0.0000 0.0000 0.0000 0.4574 0.2462 178.3748 -12.3378 -7.0855 -1.4796 -11.6922 72.5209 -8.7315 0.0000 25.3510 0.0000 -0.1528 -7.8010 179.0760 -0.0054 -2.6373 -0.0826 3.6489 67.9150 -1.1118 0.0000 25.3508 -0.0001 
8.7469 97.0753 -26.0114 3.2082 7.6090 3.1155 0.4670 0.8014 -0.2567 0.4671 0.8015 -0.2567 0.4684 0.8039 -0.2575 -253.4797 90.0000 0.0000 -27.8482 42.5217 -16.1421 -32.4597 51.8860 71.9538 -3.1858 -3.6840 -8.1283 0.0000 0.0000 0.0001 0.0000 0.0000 0.0000 0.0000 -0.0013 -0.0008 0.0000 -0.0004 0.0001 0.0000 0.0000 0.0000 0.0000 0.0000 0.0000 0.0000 0.0002 -0.0001 0.0000 -0.0006 0.0003 0.0000 0.0004 -0.0006 0.0000 0.0000 0.0001 0.0000 0.0000 0.0000 0.0000 -0.0010 -0.0002 0.0000 0.0002 30.0001 -0.0001 0.0005 -29.9998 0.0000 0.0000 0.0000 0.0946 0.5669 -0.5209 0.0946 0.5669 -0.5209 -47.4945 84.5206 59.8436 2.5540 60.2191 2.4614 26.7843 2.0965 7.5655 -0.0286 0.8466 0.9912 0.0000 -0.0001 0.0001 0.0000 0.0000 0.0000 0.0000 -0.0006 0.0003 0.0000 -0.0001 0.0001 0.0000 0.0000 0.0000 0.0000 0.0000 0.0000 0.0000 0.0007 0.0001 0.0000 -0.0012 0.0001 0.0000 -0.0008 0.0003 0.0000 0.0001 0.0000 0.0000 0.0000 0.0000 0.0000 -0.0009 0.0000 0.0000 0.0002 -29.9996 -0.0001 -0.0003 29.9996 0.0000 0.0000 0.0000 0.3451 0.2907 178.4565 -12.2673 -7.1726 -1.4774 -11.6104 72.6093 -8.5867 0.0000 25.3510 0.0000 -0.1661 -7.6362 179.1418 -0.0049 -2.6354 -0.0826 4.0304 67.9471 -0.8639 0.0000 25.3508 -0.0001 
8.8123 97.0621 -26.0320 3.3395 7.4610 3.0032 0.5008 0.7552 -0.2411 0.5008 0.7553 -0.2411 0.5023 0.7575 -0.2418 -253.4780 90.0000 0.0000 -26.7610 42.0844 -14.5536 -26.8413 52.5710 76.1768 -3.5485 -3.5589 -8.3064 0.0000 0.0000 0.0001 0.0000 0.0000 0.0000 0.0000 -0.0013 -0.0008 0.0000 -0.0004 0.0001 0.0000 0.0000 0.0000 0.0000 0.0000 0.0000 0.0000 0.0002 0.0000 0.0000 -0.0006 0.0003 0.0000 0.0004 -0.0006 0.0000 0.0000 0.0001 0.0000 0.0000 0.0000 0.0000 -0.0010 -0.0002 0.0000 0.0002 30.0001 -0.0001 0.0005 -29.9998 0.0000 0.0000 0.0000 0.0528 0.5372 -0.5318 0.0528 0.5372 -0.5318 -46.8581 84.5610 60.7049 7.5422 60.8866 7.8506 31.2279 -1.2656 8.4187 -0.0544 0.7140 1.0124 0.0000 -0.0001 0.0001 0.0000 0.0000 0.0000 0.0000 -0.0006 0.0003 0.0000 -0.0001 0.0001 0.0000 0.0000 0.0000 0.0000 0.0000 0.0000 0.0000 0.0007 0.0001 0.0000 -0.0012 0.0001 0.0000 -0.0008 0.0003 0.0000 0.0001 0.0000 0.0000 0.0000 0.0000 0.0000 -0.0009 0.0000 0.0000 0.0002 -29.9996 -0.0001 -0.0003 29.9996 0.0000 0.0000 0.0000 0.2297 0.3235 178.5367 -12.2136 -7.2738 -1.4671 -11.5267 72.6943 -8.4385 0.0000 25.3510 0.0000 -0.1433 -7.4985 179.2068 -0.0045 -2.6563 -0.0826 4.4422 67.9723 -0.6148 0.0000 25.3508 -0.0001 
8.8871 97.0502 -26.0671 3.4627 7.3067 2.8928 0.5257 0.7160 -0.2260 0.5257 0.7161 -0.2261 0.5272 0.7182 -0.2267 70.0540 87.3853 -33.9935 -25.5368 41.6654 -12.8218 -21.4297 53.1932 80.0128 -3.9005 -3.4354 -8.4425 0.0000 0.0000 0.0001 0.0000 0.0000 0.0000 0.0000 -0.0013 -0.0008 0.0000 -0.0004 0.0001 0.0000 0.0000 0.0000 0.0000 0.0000 0.0000 0.0000 0.0002 0.0000 0.0000 -0.0006 0.0003 0.0000 0.0004 -0.0006 0.0000 0.0000 0.0001 0.0000 0.0000 0.0000 0.0000 -0.0010 -0.0002 0.0000 0.0002 30.0001 -0.0002 0.0005 -29.9998 0.0000 0.0000 0.0000 0.0085 0.4919 -0.5194 0.0085 0.4919 -0.5194 -46.2656 84.5866 61.5295 12.9192 61.2086 13.5326 35.8855 -4.0670 8.5925 -0.0705 0.5715 1.0262 0.0000 -0.0001 0.0001 0.0000 0.0000 0.0000 0.0000 -0.0006 0.0003 0.0000 -0.0001 0.0001 0.0000 0.0000 0.0000 0.0000 0.0000 0.0000 0.0000 0.0007 0.0001 0.0000 -0.0012 0.0001 0.0000 -0.0008 0.0003 0.0000 0.0001 0.0000 0.0000 0.0000 0.0000 0.0000 -0.0009 0.0000 0.0000 0.0002 -29.9996 -0.0001 -0.0003 29.9996 0.0000 0.0000 0.0000 0.1191 0.3591 178.6135 -12.1888 -7.3815 -1.4519 -11.4396 72.7779 -8.3040 0.0000 25.3510 0.0000 -0.0933 -7.3692 179.2596 -0.0043 -2.6886 -0.0826 4.8838 67.9926 -0.3565 0.0000 25.3508 -0.0001 
8.9924 97.0410 -26.0973 3.5737 7.1391 2.7907 0.5321 0.6885 -0.2163 0.5321 0.6886 -0.2163 0.5337 0.6907 -0.2170 70.9722 87.2325 -32.9360 -23.9418 41.3472 -10.7095 -16.5844 53.9336 83.1200 -4.2236 -3.3279 -8.5252 0.0000 0.0000 0.0001 0.0000 0.0000 0.0000 0.0000 -0.0013 -0.0008 0.0000 -0.0004 0.0001 0.0000 0.0000 0.0000 0.0000 0.0000 0.0000 0.0000 0.0003 0.0000 0.0000 -0.0006 0.0003 0.0000 0.0004 -0.0006 0.0000 0.0000 0.0001 0.0000 0.0000 0.0000 0.0000 -0.0010 -0.0002 0.0000 0.0002 30.0001 -0.0001 0.0005 -29.9998 0.0000 0.0000 0.0000 -0.0405 0.4308 -0.4697 -0.0405 0.4308 -0.4697 -45.6591 84.6001 62.3550 18.3122 61.1552 19.1034 40.7750 -5.9527 8.1394 -0.0758 0.4199 1.0305 0.0000 -0.0001 0.0001 0.0000 0.0000 0.0000 0.0000 -0.0006 0.0003 0.0000 -0.0001 0.0001 0.0000 0.0000 0.0000 0.0000 0.0000 0.0000 0.0000 0.0007 0.0001 0.0000 -0.0012 0.0001 0.0000 -0.0008 0.0003 0.0000 0.0001 0.0000 0.0000 0.0000 0.0000 0.0000 -0.0009 0.0000 0.0000 0.0002 -29.9996 -0.0001 -0.0003 29.9996 0.0000 0.0000 0.0000 0.0402 0.4225 178.6800 -12.2000 -7.4790 -1.4318 -11.3221 72.8575 -8.1821 0.0000 25.3510 0.0000 -0.0212 -7.2238 179.2828 -0.0043 -2.7226 -0.0826 5.3591 68.0134 -0.0785 0.0000 25.3508 -0.0001 
9.1195 97.0333 -26.1127 3.6738 6.9649 2.6956 0.5237 0.6675 -0.2115 0.5237 0.6676 -0.2115 0.5253 0.6696 -0.2121 71.8172 87.0707 -31.9536 -21.8548 41.1673 -8.1443 -12.3341 54.8238 85.6330 -4.5065 -3.2429 -8.5550 0.0000 0.0000 0.0001 0.0000 0.0000 0.0000 0.0000 -0.0013 -0.0008 0.0000 -0.0004 0.0001 0.0000 0.0000 0.0000 0.0000 0.0000 0.0000 0.0000 0.0002 0.0000 0.0000 -0.0006 0.0003 0.0000 0.0004 -0.0006 0.0000 0.0000 0.0001 0.0000 0.0000 0.0000 0.0000 -0.0010 -0.0002 0.0000 0.0002 30.0001 -0.0001 0.0005 -29.9998 0.0000 0.0000 0.0000 -0.0996 0.3673 -0.3970 -0.0996 0.3672 -0.3970 -45.0133 84.6136 63.1970 23.2404 60.7915 24.1520 45.7180 -7.0305 7.2910 -0.0740 0.2721 1.0230 0.0000 -0.0001 0.0001 0.0000 0.0000 0.0000 0.0000 -0.0006 0.0003 0.0000 -0.0001 0.0001 0.0000 0.0000 0.0000 0.0000 0.0000 0.0000 0.0000 0.0007 0.0001 0.0000 -0.0011 0.0001 0.0000 -0.0008 0.0003 0.0000 0.0001 0.0000 0.0000 0.0000 0.0000 0.0000 -0.0009 0.0000 0.0000 0.0002 -29.9996 -0.0001 -0.0003 29.9996 0.0000 0.0000 0.0000 -0.0010 0.5038 178.7335 -12.2152 -7.5640 -1.4088 -11.1752 72.9331 -8.0518 0.0000 25.3510 0.0000 0.0399 -7.0571 179.2890 -0.0046 -2.7454 -0.0826 5.8108 68.0361 0.1941 0.0000 25.3508 -0.0001 
9.2532 97.0257 -26.1181 3.7626 6.7906 2.6045 0.5059 0.6481 -0.2098 0.5060 0.6482 -0.2098 0.5074 0.6501 -0.2104 72.4989 86.9069 -31.1320 -19.1408 41.0211 -5.0803 -8.7268 55.9166 87.6382 -4.7494 -3.1754 -8.5324 0.0000 0.0000 0.0001 0.0000 0.0000 0.0000 0.0000 -0.0013 -0.0008 0.0000 -0.0004 0.0001 0.0000 0.0000 0.0000 0.0000 0.0000 0.0000 0.0000 0.0002 0.0000 0.0000 -0.0006 0.0003 0.0000 0.0004 -0.0006 0.0000 0.0000 0.0001 0.0000 0.0000 0.0000 0.0000 -0.0010 -0.0002 0.0000 0.0002 30.0001 -0.0001 0.0005 -29.9998 0.0000 0.0000 0.0000 -0.1719 0.3094 -0.3119 -0.1719 0.3094 -0.3119 -44.3784 84.6247 64.0050 27.4849 60.2158 28.4929 50.5870 -7.4034 6.2267 -0.0679 0.1345 1.0061 0.0000 -0.0001 0.0001 0.0000 0.0000 0.0000 0.0000 -0.0006 0.0003 0.0000 -0.0001 0.0001 0.0000 0.0000 0.0000 0.0000 0.0000 0.0000 0.0000 0.0007 0.0001 0.0000 -0.0012 0.0001 0.0000 -0.0008 0.0003 0.0000 0.0001 0.0000 0.0000 0.0000 0.0000 0.0000 -0.0008 0.0000 0.0000 0.0002 -29.9996 -0.0001 -0.0003 29.9996 0.0000 0.0000 0.0000 -0.0175 0.5854 178.7771 -12.2217 -7.6446 -1.3849 -11.0132 73.0044 -7.9029 0.0000 25.3510 0.0000 0.0804 -6.8761 179.2918 -0.0050 -2.7508 -0.0826 6.2029 68.0539 0.4359 0.0000 25.3508 -0.0001 
9.3621 97.0164 -26.1169 3.8299 6.6226 2.5148 0.4807 0.6312 -0.2102 0.4807 0.6312 -0.2102 0.4821 0.6331 -0.2109 72.6692 86.7433 -30.8257 -15.5267 40.9123 -1.3557 -6.1467 57.2519 88.8408 -4.9331 -3.1183 -8.4531 0.0000 0.0000 0.0001 0.0000 0.0000 0.0000 0.0000 -0.0013 -0.0008 0.0000 -0.0004 0.0001 0.0000 0.0000 0.0000 0.0000 0.0000 0.0000 0.0000 0.0002 0.0000 0.0000 -0.0006 0.0003 0.0000 0.0004 -0.0006 0.0000 0.0000 0.0001 0.0000 0.0000 0.0000 0.0000 -0.0010 -0.0002 0.0000 0.0002 30.0001 -0.0002 0.0005 -29.9998 0.0000 0.0000 0.0000 -0.2576 0.2665 -0.2216 -0.2576 0.2665 -0.2216 -43.7459 84.6233 64.7816 30.5681 59.5683 31.6918 55.1675 -6.9220 5.0559 -0.0575 0.0136 0.9893 0.0000 -0.0001 0.0001 0.0000 0.0000 0.0000 0.0000 -0.0006 0.0003 0.0000 -0.0001 0.0001 0.0000 0.0000 0.0000 0.0000 0.0000 0.0000 0.0000 0.0007 0.0001 0.0000 -0.0012 0.0001 0.0000 -0.0008 0.0003 0.0000 0.0001 0.0000 0.0000 0.0000 0.0000 0.0000 -0.0009 0.0000 0.0000 0.0002 -29.9997 -0.0001 -0.0003 29.9996 0.0000 0.0000 0.0000 -0.0169 0.6495 178.8151 -12.2055 -7.7339 -1.3648 -10.8532 73.0734 -7.7204 0.0000 25.3510 0.0000 0.1010 -6.6861 179.3128 -0.0052 -2.7288 -0.0826 6.4504 68.0570 0.5676 0.0000 25.3508 -0.0001 
9.4302 97.0046 -26.1234 3.8744 6.4627 2.4229 0.4551 0.6134 -0.2115 0.4552 0.6135 -0.2115 0.4565 0.6153 -0.2121 72.4959 86.5725 -30.8632 -11.3600 40.8033 2.6111 -4.3274 58.5217 89.4532 -5.0766 -2.9623 -8.3100 0.0000 0.0000 0.0001 0.0000 0.0000 0.0000 0.0000 -0.0013 -0.0008 0.0000 -0.0004 0.0001 0.0000 0.0000 0.0000 0.0000 0.0000 0.0000 0.0000 0.0002 -0.0001 0.0000 -0.0006 0.0003 0.0000 0.0004 -0.0006 0.0000 0.0000 0.0001 0.0000 0.0000 0.0000 0.0000 -0.0010 -0.0002 0.0000 0.0002 30.0001 -0.0001 0.0005 -29.9998 0.0000 0.0000 0.0000 -0.3556 0.2289 -0.1363 -0.3556 0.2289 -0.1363 -43.1746 84.6287 65.4871 32.6933 58.9366 33.9888 59.3344 -5.7879 3.9205 -0.0448 -0.0909 0.9754 0.0000 -0.0001 0.0001 0.0000 0.0000 0.0000 0.0000 -0.0006 0.0003 0.0000 -0.0001 0.0001 0.0000 0.0000 0.0000 0.0000 0.0000 0.0000 0.0000 0.0007 0.0001 0.0000 -0.0012 0.0001 0.0000 -0.0008 0.0003 0.0000 0.0001 0.0000 0.0000 0.0000 0.0000 0.0000 -0.0009 0.0000 0.0000 0.0002 -29.9996 -0.0001 -0.0003 29.9996 0.0000 0.0000 0.0000 -0.0141 0.6961 178.8549 -12.1744 -7.8362 -1.3464 -10.7095 73.1442 -7.5177 0.0000 25.3510 0.0000 0.1285 -6.5033 179.3615 -0.0042 -2.6891 -0.0826 6.5772 68.0417 0.5882 0.0000 25.3508 -0.0001 
9.4811 96.9913 -26.1473 3.8955 6.3095 2.3267 0.4292 0.5981 -0.2097 0.4292 0.5981 -0.2097 0.4305 0.5999 -0.2103 71.8461 86.3957 -31.3806 -6.7695 40.5936 6.7536 -3.2942 59.6102 89.4296 -5.1672 -2.7381 -8.1336 0.0000 0.0000 0.0001 0.0000 0.0000 0.0000 0.0000 -0.0013 -0.0008 0.0000 -0.0004 0.0001 0.0000 0.0000 0.0000 0.0000 0.0000 0.0000 0.0000 0.0002 0.0000 0.0000 -0.0006 0.0003 0.0000 0.0004 -0.0006 0.0000 0.0000 0.0001 0.0000 0.0000 0.0000 0.0000 -0.0010 -0.0002 0.0000 0.0002 30.0001 -0.0001 0.0005 -29.9998 0.0000 0.0000 0.0000 -0.4568 0.1860 -0.0651 -0.4568 0.1860 -0.0651 -42.6374 84.6373 66.1490 34.0999 58.3511 35.6220 63.0463 -4.1303 2.8905 -0.0303 -0.1825 0.9663 0.0000 -0.0001 0.0001 0.0000 0.0000 0.0000 0.0000 -0.0006 0.0003 0.0000 -0.0001 0.0001 0.0000 0.0000 0.0000 0.0000 0.0000 0.0000 0.0000 0.0007 0.0001 0.0000 -0.0012 0.0001 0.0000 -0.0008 0.0003 0.0000 0.0001 0.0000 0.0000 0.0000 0.0000 0.0000 -0.0008 0.0000 0.0000 0.0002 -29.9997 -0.0001 -0.0003 29.9996 0.0000 0.0000 0.0000 -0.0247 0.7206 178.8948 -12.1509 -7.9570 -1.3231 -10.5845 73.2170 -7.3048 0.0000 25.3510 0.0000 0.1606 -6.3420 179.4244 -0.0029 -2.6515 -0.0827 6.6383 68.0115 0.5597 0.0000 25.3508 -0.0001 
9.5536 96.9776 -26.2000 3.8744 6.1629 2.2248 0.4007 0.5869 -0.2003 0.4007 0.5870 -0.2003 0.4019 0.5887 -0.2009 70.5902 86.2204 -32.5162 -1.8884 40.2729 10.8175 -3.2649 60.2750 88.4218 -5.1955 -2.4195 -7.9424 0.0000 0.0000 0.0001 0.0000 0.0000 0.0000 0.0000 -0.0013 -0.0008 0.0000 -0.0004 0.0001 0.0000 0.0000 0.0000 0.0000 0.0000 0.0000 0.0000 0.0002 0.0000 0.0000 -0.0006 0.0003 0.0000 0.0004 -0.0006 0.0000 0.0000 0.0001 0.0000 0.0000 0.0000 0.0000 -0.0010 -0.0002 0.0000 0.0002 30.0001 -0.0001 0.0005 -29.9998 0.0000 0.0000 0.0000 -0.5447 0.1299 -0.0217 -0.5447 0.1299 -0.0217 -42.2142 84.6570 66.6772 34.7532 57.8850 36.5442 66.0932 -1.8857 1.9582 -0.0132 -0.2613 0.9706 0.0000 -0.0001 0.0001 0.0000 0.0000 0.0000 0.0000 -0.0006 0.0003 0.0000 -0.0001 0.0001 0.0000 0.0000 0.0000 0.0000 0.0000 0.0000 0.0000 0.0007 0.0001 0.0000 -0.0012 0.0001 0.0000 -0.0008 0.0003 0.0000 0.0001 0.0000 0.0000 0.0000 0.0000 0.0000 -0.0009 0.0000 0.0000 0.0002 -29.9996 -0.0001 -0.0003 29.9996 0.0000 0.0000 0.0000 -0.0604 0.7331 178.9360 -12.1579 -8.0887 -1.2961 -10.4882 73.2920 -7.0891 0.0000 25.3510 0.0000 0.1912 -6.2180 179.4778 -0.0027 -2.6331 -0.0827 6.6691 67.9628 0.5446 0.0000 25.3508 -0.0001 
9.6450 96.9637 -26.2579 3.8149 6.0199 2.1244 0.3680 0.5785 -0.1864 0.3680 0.5785 -0.1864 0.3691 0.5803 -0.1869 69.0563 86.0544 -33.9377 2.7782 39.8360 14.4587 -3.7704 60.5800 86.5889 -5.1761 -2.0211 -7.7367 0.0000 0.0000 0.0001 0.0000 0.0000 0.0000 0.0000 -0.0013 -0.0008 0.0000 -0.0004 0.0001 0.0000 0.0000 0.0000 0.0000 0.0000 0.0000 0.0000 0.0003 0.0000 0.0000 -0.0007 0.0003 0.0000 0.0004 -0.0006 0.0000 0.0000 0.0001 0.0000 0.0000 0.0000 0.0000 -0.0010 -0.0002 0.0000 0.0002 30.0001 -0.0001 0.0005 -29.9998 0.0000 0.0000 0.0000 -0.6103 0.0639 -0.0004 -0.6103 0.0639 -0.0004 -41.9543 84.6913 67.0141 35.0052 57.5199 37.0797 68.6265 0.8104 1.0993 0.0068 -0.3348 0.9874 0.0000 -0.0001 0.0001 0.0000 0.0000 0.0000 0.0000 -0.0006 0.0003 0.0000 -0.0001 0.0001 0.0000 0.0000 0.0000 0.0000 0.0000 0.0000 0.0000 0.0007 0.0001 0.0000 -0.0012 0.0001 0.0000 -0.0008 0.0003 0.0000 0.0001 0.0000 0.0000 0.0000 0.0000 0.0000 -0.0008 0.0000 0.0000 0.0002 -29.9996 -0.0001 -0.0003 29.9996 0.0000 0.0000 0.0000 -0.0963 0.7589 178.9746 -12.1923 -8.2105 -1.2680 -10.4054 73.3692 -6.8834 0.0000 25.3510 0.0000 0.2194 -6.1031 179.5175 -0.0035 -2.6143 -0.0826 6.6625 67.9027 0.5292 0.0000 25.3507 -0.0001 
9.7197 96.9494 -26.3053 3.7238 5.8820 2.0274 0.3317 0.5696 -0.1695 0.3317 0.5696 -0.1695 0.3327 0.5713 -0.1700 67.5067 85.8970 -35.3856 7.0397 39.3343 17.5954 -4.6251 60.5922 83.9960 -5.1160 -1.5608 -7.5146 0.0000 0.0000 0.0001 0.0000 0.0000 0.0000 0.0000 -0.0013 -0.0008 0.0000 -0.0004 0.0001 0.0000 0.0000 0.0000 0.0000 0.0000 0.0000 0.0000 0.0002 0.0000 0.0000 -0.0006 0.0003 0.0000 0.0004 -0.0006 0.0000 0.0000 0.0001 0.0000 0.0000 0.0000 0.0000 -0.0010 -0.0002 0.0000 0.0003 30.0001 -0.0001 0.0005 -29.9998 0.0000 0.0000 0.0000 -0.6594 -0.0103 0.0024 -0.6594 -0.0103 0.0024 -41.8366 84.7459 67.1963 34.9831 57.2413 37.3501 70.7298 3.9131 0.2729 0.0304 -0.4077 1.0183 0.0000 -0.0001 0.0001 0.0000 0.0000 0.0000 0.0000 -0.0006 0.0003 0.0000 -0.0001 0.0001 0.0000 0.0000 0.0000 0.0000 0.0000 0.0000 0.0000 0.0007 0.0001 0.0000 -0.0012 0.0001 0.0000 -0.0008 0.0003 0.0000 0.0001 0.0000 0.0000 0.0000 0.0000 0.0000 -0.0008 0.0000 0.0000 0.0002 -29.9996 -0.0001 -0.0003 29.9996 0.0000 0.0000 0.0000 -0.1169 0.8017 179.0082 -12.2453 -8.3152 -1.2381 -10.3261 73.4491 -6.6906 0.0000 25.3510 0.0000 0.2497 -5.9918 179.5648 -0.0038 -2.5998 -0.0826 6.5789 67.8477 0.4598 0.0000 25.3508 -0.0001 
9.7413 96.9346 -26.3301 3.5925 5.7540 1.9357 0.2900 0.5561 -0.1469 0.2900 0.5562 -0.1469 0.2909 0.5579 -0.1473 65.9888 85.7516 -36.8015 10.6098 38.9090 19.9849 -5.9296 60.1225 80.2582 -5.0102 -1.0147 -7.2821 0.0000 0.0000 0.0001 0.0000 0.0000 0.0000 0.0000 -0.0013 -0.0008 0.0000 -0.0004 0.0001 0.0000 0.0000 0.0000 0.0000 0.0000 0.0000 0.0000 0.0002 0.0000 0.0000 -0.0006 0.0003 0.0000 0.0004 -0.0006 0.0000 0.0000 0.0001 0.0000 0.0000 0.0000 0.0000 -0.0010 -0.0002 0.0000 0.0002 30.0001 -0.0001 0.0005 -29.9998 0.0000 0.0000 0.0000 -0.6886 -0.0906 -0.0274 -0.6886 -0.0906 -0.0274 -41.9230 84.8352 67.1755 34.6654 57.0797 37.2936 72.2595 7.5201 -0.6577 0.0600 -0.4835 1.0736 0.0000 -0.0001 0.0001 0.0000 0.0000 0.0000 0.0000 -0.0006 0.0003 0.0000 -0.0001 0.0001 0.0000 0.0000 0.0000 0.0000 0.0000 0.0000 0.0000 0.0007 0.0001 0.0000 -0.0012 0.0001 0.0000 -0.0008 0.0003 0.0000 0.0001 0.0000 0.0000 0.0000 0.0000 0.0000 -0.0009 0.0000 0.0000 0.0002 -29.9996 -0.0001 -0.0003 29.9996 0.0000 0.0000 0.0000 -0.0956 0.8578 179.0325 -12.3101 -8.3956 -1.2054 -10.2426 73.5298 -6.5127 0.0000 25.3510 0.0000 0.2883 -5.8878 179.6415 -0.0027 -2.5985 -0.0827 6.3673 67.8126 0.2885 0.0000 25.3508 -0.0001 
9.7583 96.9213 -26.3515 3.4337 5.6317 1.8472 0.2412 0.5382 -0.1174 0.2412 0.5383 -0.1174 0.2420 0.5399 -0.1178 64.7189 85.6304 -37.9686 13.6710 38.5314 21.8459 -7.5576 59.3223 75.7425 -4.8684 -0.4301 -7.0343 0.0000 0.0000 0.0001 0.0000 0.0000 0.0000 0.0000 -0.0013 -0.0008 0.0000 -0.0004 0.0001 0.0000 0.0000 0.0000 0.0000 0.0000 0.0000 0.0000 0.0002 0.0000 0.0000 -0.0006 0.0003 0.0000 0.0004 -0.0006 0.0000 0.0000 0.0001 0.0000 0.0000 0.0000 0.0000 -0.0010 -0.0002 0.0000 0.0002 30.0001 -0.0001 0.0005 -29.9998 0.0000 0.0000 0.0000 -0.6942 -0.1612 -0.0891 -0.6942 -0.1612 -0.0891 -42.2363 84.9538 66.9320 34.1528 56.9892 36.9499 73.3461 11.4107 -1.6793 0.0963 -0.5679 1.1546 0.0000 -0.0001 0.0001 0.0000 0.0000 0.0000 0.0000 -0.0006 0.0003 0.0000 -0.0001 0.0001 0.0000 0.0000 0.0000 0.0000 0.0000 0.0000 0.0000 0.0007 0.0001 0.0000 -0.0012 0.0001 0.0000 -0.0008 0.0003 0.0000 0.0001 0.0000 0.0000 0.0000 0.0000 0.0000 -0.0009 0.0000 0.0000 0.0002 -29.9996 -0.0001 -0.0003 29.9996 0.0000 0.0000 0.0000 -0.0244 0.9257 179.0556 -12.3620 -8.4545 -1.1819 -10.1480 73.6092 -6.3315 0.0000 25.3510 0.0000 0.3446 -5.7967 179.7166 -0.0017 -2.6127 -0.0827 6.1441 67.7878 0.1220 0.0000 25.3508 -0.0001 
9.8010 96.9099 -26.3816 3.2527 5.5119 1.7607 0.1844 0.5158 -0.0820 0.1844 0.5159 -0.0820 0.1850 0.5175 -0.0823 63.7808 85.5401 -38.8120 16.3356 38.1563 23.3203 -9.3630 58.3209 70.7279 -4.6983 0.1611 -6.7690 0.0000 0.0000 0.0001 0.0000 0.0000 0.0000 0.0000 -0.0013 -0.0008 0.0000 -0.0004 0.0001 0.0000 0.0000 0.0000 0.0000 0.0000 0.0000 0.0000 0.0002 -0.0001 0.0000 -0.0006 0.0003 0.0000 0.0004 -0.0006 0.0000 0.0000 0.0001 0.0000 0.0000 0.0000 0.0000 -0.0010 -0.0002 0.0000 0.0002 30.0001 -0.0001 0.0006 -29.9998 0.0000 0.0000 0.0000 -0.6800 -0.2196 -0.1744 -0.6800 -0.2196 -0.1744 -42.7830 85.0982 66.4557 33.4783 56.9384 36.3366 74.0616 15.5082 -2.7917 0.1416 -0.6673 1.2657 0.0000 -0.0001 0.0001 0.0000 0.0000 0.0000 0.0000 -0.0006 0.0003 0.0000 -0.0001 0.0001 0.0000 0.0000 0.0000 0.0000 0.0000 0.0000 0.0000 0.0007 0.0001 0.0000 -0.0012 0.0001 0.0000 -0.0008 0.0003 0.0000 0.0001 0.0000 0.0000 0.0000 0.0000 0.0000 -0.0009 0.0000 0.0000 0.0002 -29.9996 -0.0001 -0.0003 29.9996 0.0000 0.0000 0.0000 0.0912 1.0023 179.0798 -12.4031 -8.4997 -1.1665 -10.0384 73.6893 -6.1419 0.0000 25.3511 0.0000 0.4328 -5.7122 179.7697 -0.0015 -2.6239 -0.0827 5.9875 67.7562 0.0241 0.0000 25.3508 -0.0001 
9.8895 96.9006 -26.4337 3.0419 5.3953 1.6747 0.1188 0.4835 -0.0405 0.1188 0.4836 -0.0405 0.1191 0.4850 -0.0406 63.6012 85.4969 -38.9218 18.4795 37.8329 24.3766 -11.2598 57.1139 65.3904 -4.5054 0.7346 -6.4984 0.0000 0.0000 0.0001 0.0000 0.0000 0.0000 0.0000 -0.0013 -0.0008 0.0000 -0.0004 0.0001 0.0000 0.0000 0.0000 0.0000 0.0000 0.0000 0.0000 0.0002 0.0000 0.0000 -0.0006 0.0003 0.0000 0.0004 -0.0006 0.0000 0.0000 0.0001 0.0000 0.0000 0.0000 0.0000 -0.0010 -0.0002 0.0000 0.0002 30.0001 -0.0001 0.0005 -29.9998 0.0000 0.0000 0.0000 -0.6485 -0.2555 -0.2758 -0.6485 -0.2555 -0.2758 -43.5798 85.2705 65.7343 32.5895 56.8986 35.3703 74.2328 19.8409 -4.0891 0.2008 -0.7858 1.4184 0.0000 -0.0001 0.0001 0.0000 0.0000 0.0000 0.0000 -0.0006 0.0003 0.0000 -0.0001 0.0001 0.0000 0.0000 0.0000 0.0000 0.0000 0.0000 0.0000 0.0007 0.0001 0.0000 -0.0011 0.0001 0.0000 -0.0008 0.0003 0.0000 0.0001 0.0000 0.0000 0.0000 0.0000 0.0000 -0.0009 0.0000 0.0000 0.0002 -29.9996 -0.0001 -0.0003 29.9996 0.0000 0.0000 0.0000 0.2519 1.0833 179.1031 -12.4505 -8.5343 -1.1547 -9.9032 73.7753 -5.9389 0.0000 25.3510 0.0000 0.5832 -5.6269 179.7850 -0.0020 -2.6003 -0.0827 5.9777 67.6934 0.0620 0.0000 25.3508 -0.0001 
9.9960 96.8927 -26.4990 2.8049 5.2800 1.5835 0.0490 0.4435 0.0061 0.0490 0.4436 0.0061 0.0492 0.4449 0.0061 63.9836 85.4822 -38.4835 21.0651 37.8390 25.4106 -13.0975 55.7682 60.1661 -3.8705 1.1233 -5.6333 0.0000 0.0000 0.0001 0.0000 0.0000 0.0000 0.0000 -0.0013 -0.0008 0.0000 -0.0004 0.0001 0.0000 0.0000 0.0000 0.0000 0.0000 0.0000 0.0000 0.0002 0.0000 0.0000 -0.0006 0.0003 0.0000 0.0004 -0.0006 0.0000 0.0000 0.0001 0.0000 0.0000 0.0000 0.0000 -0.0010 -0.0002 0.0000 0.0003 30.0001 -0.0001 0.0005 -29.9998 0.0000 0.0000 0.0000 -0.6120 -0.2746 -0.3728 -0.6120 -0.2746 -0.3728 -44.4398 85.4457 64.9552 31.5637 56.8062 34.1668 73.8177 24.2496 -5.6287 0.2779 -0.9254 1.6214 0.0000 -0.0001 0.0001 0.0000 0.0000 0.0000 0.0000 -0.0006 0.0003 0.0000 -0.0001 0.0001 0.0000 0.0000 0.0000 0.0000 0.0000 0.0000 0.0000 0.0007 0.0001 0.0000 -0.0012 0.0001 0.0000 -0.0008 0.0003 0.0000 0.0001 0.0000 0.0000 0.0000 0.0000 0.0000 -0.0008 0.0000 0.0000 0.0002 -29.9996 -0.0001 -0.0003 29.9996 0.0000 0.0000 0.0000 0.4238 1.1592 179.1273 -12.5265 -8.5695 -1.1401 -9.7480 73.8698 -5.7219 0.0000 25.3510 0.0000 0.7798 -5.5526 179.7879 -0.0023 -2.5772 -0.0827 6.0698 67.6221 0.1959 0.0000 25.3508 -0.0001 
10.1075 96.8849 -26.5725 2.5425 5.1649 1.4891 -0.0236 0.3991 0.0573 -0.0236 0.3991 0.0573 -0.0237 0.4003 0.0575 64.7523 85.4925 -37.6741 23.2876 37.8956 26.2548 -14.8269 54.2491 54.9315 -3.2749 1.4016 -4.8250 0.0000 0.0000 0.0001 0.0000 0.0000 0.0000 0.0000 -0.0013 -0.0008 0.0000 -0.0004 0.0001 0.0000 0.0000 0.0000 0.0000 0.0000 0.0000 0.0000 0.0002 0.0000 0.0000 -0.0006 0.0003 0.0000 0.0004 -0.0006 0.0000 0.0000 0.0001 0.0000 0.0000 0.0000 0.0000 -0.0010 -0.0002 0.0000 0.0002 30.0001 -0.0001 0.0005 -29.9998 0.0000 0.0000 0.0000 -0.5733 -0.2828 -0.4597 -0.5733 -0.2828 -0.4597 -45.3856 85.6092 64.0677 30.4402 56.6302 32.7983 72.7888 28.6611 -7.5077 0.3794 -1.0866 1.8874 0.0000 -0.0001 0.0001 0.0000 0.0000 0.0000 0.0000 -0.0006 0.0003 0.0000 -0.0001 0.0001 0.0000 0.0000 0.0000 0.0000 0.0000 0.0000 0.0000 0.0007 0.0001 0.0000 -0.0012 0.0001 0.0000 -0.0008 0.0003 0.0000 0.0001 0.0000 0.0000 0.0000 0.0000 0.0000 -0.0009 0.0000 0.0000 0.0002 -29.9996 -0.0001 -0.0003 29.9996 0.0000 0.0000 0.0000 0.5985 1.2281 179.1477 -12.6278 -8.6080 -1.1198 -9.5827 73.9722 -5.4932 0.0000 25.3510 0.0000 1.0092 -5.4743 179.7867 -0.0024 -2.5309 -0.0827 6.2304 67.5326 0.3986 0.0000 25.3508 -0.0001 
10.2185 96.8776 -26.6570 2.2371 5.0512 1.3889 -0.0945 0.3501 0.1163 -0.0945 0.3501 0.1163 -0.0948 0.3512 0.1166 65.9025 85.5399 -36.5104 24.9616 38.0355 26.8151 -16.3495 52.5769 49.6947 -2.7436 1.5899 -4.1070 0.0000 0.0000 0.0001 0.0000 0.0000 0.0000 0.0000 -0.0013 -0.0008 0.0000 -0.0004 0.0001 0.0000 0.0000 0.0000 0.0000 0.0000 0.0000 0.0000 0.0003 0.0000 0.0000 -0.0006 0.0003 0.0000 0.0004 -0.0006 0.0000 0.0000 0.0001 0.0000 0.0000 0.0000 0.0000 -0.0010 -0.0002 0.0000 0.0002 30.0001 -0.0001 0.0005 -29.9998 0.0000 0.0000 0.0000 -0.5384 -0.2803 -0.5259 -0.5384 -0.2803 -0.5259 -46.4672 85.7403 63.0011 29.1694 56.3717 31.2288 70.9020 32.9909 -9.9592 0.5091 -1.2624 2.2163 0.0000 -0.0001 0.0001 0.0000 0.0000 0.0000 0.0000 -0.0006 0.0003 0.0000 -0.0001 0.0001 0.0000 0.0000 0.0000 0.0000 0.0000 0.0000 0.0000 0.0007 0.0001 0.0000 -0.0012 0.0001 0.0000 -0.0008 0.0003 0.0000 0.0001 0.0000 0.0000 0.0000 0.0000 0.0000 -0.0009 0.0000 0.0000 0.0002 -29.9996 -0.0001 -0.0003 29.9996 0.0000 0.0000 0.0000 0.7671 1.2857 179.1613 -12.7634 -8.6525 -1.0899 -9.4230 74.0869 -5.2552 0.0000 25.3510 0.0000 1.2764 -5.4187 179.7857 -0.0023 -2.5058 -0.0827 6.4812 67.4453 0.7048 0.0000 25.3508 -0.0001 
10.3309 96.8707 -26.7508 1.8941 4.9464 1.2846 -0.1562 0.2970 0.1811 -0.1562 0.2971 0.1811 -0.1566 0.2980 0.1816 67.2638 85.6069 -35.1436 26.2013 38.3085 27.2006 -17.5387 50.7746 44.5635 -2.2748 1.7012 -3.4726 0.0000 0.0000 0.0001 0.0000 0.0000 0.0000 0.0000 -0.0013 -0.0008 0.0000 -0.0004 0.0001 0.0000 0.0000 0.0000 0.0000 0.0000 0.0000 0.0000 0.0003 0.0000 0.0000 -0.0007 0.0003 0.0000 0.0004 -0.0006 0.0000 0.0000 0.0001 0.0000 0.0000 0.0000 0.0000 -0.0010 -0.0002 0.0000 0.0002 30.0001 -0.0001 0.0005 -29.9998 0.0000 0.0000 0.0000 -0.5138 -0.2729 -0.5759 -0.5138 -0.2729 -0.5759 -47.6766 85.8324 61.7743 27.8426 56.0269 29.5504 68.2460 37.1995 -13.0009 0.6718 -1.4541 2.6062 0.0000 -0.0001 0.0001 0.0000 0.0000 0.0000 0.0000 -0.0006 0.0003 0.0000 -0.0001 0.0001 0.0000 0.0000 0.0000 0.0000 0.0000 0.0000 0.0000 0.0007 0.0001 0.0000 -0.0012 0.0001 0.0000 -0.0008 0.0003 0.0000 0.0001 0.0000 0.0000 0.0000 0.0000 0.0000 -0.0009 0.0000 0.0000 0.0002 -29.9996 -0.0001 -0.0003 29.9996 0.0000 0.0000 0.0000 0.9285 1.3263 179.1697 -12.9188 -8.7030 -1.0529 -9.2878 74.2087 -5.0209 0.0000 25.3510 0.0000 1.5648 -5.3821 179.7834 -0.0021 -2.4828 -0.0827 6.7957 67.3530 1.0988 0.0000 25.3508 -0.0001 
10.4542 96.8646 -26.8516 1.5210 4.8519 1.1768 -0.2083 0.2407 0.2506 -0.2083 0.2408 0.2506 -0.2089 0.2415 0.2513 68.7778 85.6854 -33.6229 27.1388 38.6820 27.4800 -18.4360 48.8081 39.5524 -1.8658 1.7563 -2.9166 0.0000 0.0000 0.0001 0.0000 0.0000 0.0000 0.0000 -0.0013 -0.0008 0.0000 -0.0004 0.0001 0.0000 0.0000 0.0000 0.0000 0.0000 0.0000 0.0000 0.0002 0.0000 0.0000 -0.0006 0.0003 0.0000 0.0004 -0.0006 0.0000 0.0000 0.0001 0.0000 0.0000 0.0000 0.0000 -0.0010 -0.0002 0.0000 0.0002 30.0001 -0.0002 0.0005 -29.9998 0.0000 0.0000 0.0000 -0.4979 -0.2632 -0.6161 -0.4979 -0.2632 -0.6161 -48.9936 85.8922 60.4197 26.5119 55.5773 27.7993 64.8176 41.2533 -16.6860 0.8738 -1.6625 3.0594 0.0000 -0.0001 0.0001 0.0000 0.0000 0.0000 0.0000 -0.0006 0.0003 0.0000 -0.0001 0.0001 0.0000 0.0000 0.0000 0.0000 0.0000 0.0000 0.0000 0.0007 0.0001 0.0000 -0.0011 0.0001 0.0000 -0.0008 0.0003 0.0000 0.0001 0.0000 0.0000 0.0000 0.0000 0.0000 -0.0009 0.0000 0.0000 0.0002 -29.9996 -0.0001 -0.0003 29.9996 0.0000 0.0000 0.0000 1.0864 1.3509 179.1785 -13.0849 -8.7584 -1.0145 -9.1784 74.3348 -4.7940 0.0000 25.3510 0.0000 1.8635 -5.3686 179.7737 -0.0021 -2.4722 -0.0827 7.1732 67.2619 1.5830 0.0000 25.3508 -0.0001 
10.5993 96.8595 -26.9595 1.1188 4.7723 1.0694 -0.2490 0.1807 0.3226 -0.2490 0.1807 0.3226 -0.2497 0.1813 0.3235 70.3233 85.7705 -32.0600 27.8534 39.1643 27.6577 -19.0786 46.5436 34.4332 -1.4979 1.7720 -2.4137 0.0000 0.0000 0.0001 0.0000 0.0000 0.0000 0.0000 -0.0013 -0.0008 0.0000 -0.0004 0.0001 0.0000 0.0000 0.0000 0.0000 0.0000 0.0000 0.0000 0.0002 0.0000 0.0000 -0.0006 0.0003 0.0000 0.0004 -0.0006 0.0000 0.0000 0.0001 0.0000 0.0000 0.0000 0.0000 -0.0010 -0.0002 0.0000 0.0002 30.0001 -0.0001 0.0005 -29.9998 0.0000 0.0000 0.0000 -0.4901 -0.2534 -0.6473 -0.4901 -0.2534 -0.6473 -50.4343 85.9152 58.9244 25.2150 54.9881 25.9701 60.4398 45.0782 -21.1729 1.1242 -1.8841 3.5867 0.0000 -0.0001 0.0001 0.0000 0.0000 0.0000 0.0000 -0.0006 0.0003 0.0000 -0.0001 0.0001 0.0000 0.0000 0.0000 0.0000 0.0000 0.0000 0.0000 0.0007 0.0001 0.0000 -0.0012 0.0001 0.0000 -0.0008 0.0003 0.0000 0.0001 0.0000 0.0000 0.0000 0.0000 0.0000 -0.0008 0.0000 0.0000 0.0002 -29.9996 -0.0001 -0.0003 29.9996 0.0000 0.0000 0.0000 1.2452 1.3628 179.1885 -13.2563 -8.8125 -0.9788 -9.1031 74.4635 -4.5850 0.0000 25.3510 0.0000 2.1593 -5.3705 179.7459 -0.0029 -2.4505 -0.0827 7.6327 67.1615 2.1888 0.0000 25.3508 -0.0001 
10.7438 96.8554 -27.0677 0.7111 4.7034 0.9691 -0.2876 0.1164 0.3931 -0.2876 0.1165 0.3931 -0.2884 0.1168 0.3943 71.7656 85.8566 -30.5893 28.4078 39.6852 27.7487 -19.5919 44.1674 29.3322 -1.1855 1.7546 -1.9850 0.0000 0.0000 0.0001 0.0000 0.0000 0.0000 0.0000 -0.0013 -0.0008 0.0000 -0.0004 0.0001 0.0000 0.0000 0.0000 0.0000 0.0000 0.0000 0.0000 0.0002 0.0000 0.0000 -0.0006 0.0003 0.0000 0.0004 -0.0006 0.0000 0.0000 0.0001 0.0000 0.0000 0.0000 0.0000 -0.0010 -0.0002 0.0000 0.0002 30.0001 -0.0001 0.0005 -29.9998 0.0000 0.0000 0.0000 -0.4809 -0.2418 -0.6739 -0.4809 -0.2418 -0.6739 -52.0742 85.9150 57.2223 24.1193 54.3031 24.1622 55.0536 48.5377 -26.5577 1.4251 -2.1177 4.1831 0.0000 -0.0001 0.0001 0.0000 0.0000 0.0000 0.0000 -0.0006 0.0003 0.0000 -0.0001 0.0001 0.0000 0.0000 0.0000 0.0000 0.0000 0.0000 0.0000 0.0007 0.0001 0.0000 -0.0012 0.0001 0.0000 -0.0008 0.0003 0.0000 0.0001 0.0000 0.0000 0.0000 0.0000 0.0000 -0.0009 0.0000 0.0000 0.0002 -29.9996 -0.0001 -0.0003 29.9996 0.0000 0.0000 0.0000 1.4048 1.3797 179.1971 -13.4306 -8.8532 -0.9489 -9.0352 74.5918 -4.3854 0.0000 25.3510 0.0000 2.4258 -5.3777 179.7125 -0.0037 -2.4154 -0.0826 8.0997 67.0568 2.8348 0.0000 25.3508 -0.0001 
10.8732 96.8526 -27.1709 0.3063 4.6447 0.8759 -0.3298 0.0454 0.4619 -0.3298 0.0455 0.4619 -0.3308 0.0456 0.4633 73.2236 85.9493 -29.1025 28.7810 40.2250 27.7106 -19.9716 41.7354 24.2791 -0.9254 1.7178 -1.6269 0.0000 0.0000 0.0001 0.0000 0.0000 0.0000 0.0000 -0.0013 -0.0008 0.0000 -0.0004 0.0001 0.0000 0.0000 0.0000 0.0000 0.0000 0.0000 0.0000 0.0002 0.0000 0.0000 -0.0006 0.0003 0.0000 0.0004 -0.0006 0.0000 0.0000 0.0001 0.0000 0.0000 0.0000 0.0000 -0.0010 -0.0002 0.0000 0.0003 30.0001 -0.0001 0.0005 -29.9998 0.0000 0.0000 0.0000 -0.4649 -0.2228 -0.6962 -0.4649 -0.2228 -0.6962 -53.9815 85.8980 55.2415 23.3132 53.5483 22.4276 48.5650 51.4819 -32.9296 1.7786 -2.3552 4.8458 0.0000 -0.0001 0.0001 0.0000 0.0000 0.0000 0.0000 -0.0006 0.0003 0.0000 -0.0001 0.0001 0.0000 0.0000 0.0000 0.0000 0.0000 0.0000 0.0000 0.0007 0.0001 0.0000 -0.0012 0.0001 0.0000 -0.0008 0.0003 0.0000 0.0001 0.0000 0.0000 0.0000 0.0000 0.0000 -0.0009 0.0000 0.0000 0.0002 -29.9997 -0.0001 -0.0003 29.9996 0.0000 0.0000 0.0000 1.5704 1.4054 179.2053 -13.6046 -8.8764 -0.9257 -8.9613 74.7200 -4.1898 0.0000 25.3510 0.0000 2.6434 -5.4096 179.6855 -0.0044 -2.4119 -0.0826 8.5264 66.9744 3.4796 0.0000 25.3508 -0.0001 
10.9736 96.8516 -27.2544 -0.0827 4.6037 0.7940 -0.3762 -0.0350 0.5245 -0.3763 -0.0350 0.5245 -0.3774 -0.0351 0.5260 74.7442 86.0438 -27.5375 28.8837 40.7541 27.4103 -20.4271 39.3287 19.1696 -0.7134 1.6759 -1.3407 0.0000 0.0000 0.0001 0.0000 0.0000 0.0000 0.0000 -0.0013 -0.0008 0.0000 -0.0004 0.0001 0.0000 0.0000 0.0000 0.0000 0.0000 0.0000 0.0000 0.0003 0.0000 0.0000 -0.0006 0.0003 0.0000 0.0004 -0.0006 0.0000 0.0000 0.0001 0.0000 0.0000 0.0000 0.0000 -0.0010 -0.0002 0.0000 0.0002 30.0001 -0.0001 0.0005 -29.9998 0.0000 0.0000 0.0000 -0.4475 -0.1939 -0.7067 -0.4475 -0.1939 -0.7067 -56.2601 85.8636 52.8941 22.8706 52.7582 20.7545 40.9889 53.6100 -40.2306 2.1797 -2.5739 5.5719 0.0000 -0.0001 0.0001 0.0000 0.0000 0.0000 0.0000 -0.0006 0.0003 0.0000 -0.0001 0.0001 0.0000 0.0000 0.0000 0.0000 0.0000 0.0000 0.0000 0.0007 0.0001 0.0000 -0.0012 0.0001 0.0000 -0.0008 0.0003 0.0000 0.0001 0.0000 0.0000 0.0000 0.0000 0.0000 -0.0009 0.0000 0.0000 0.0002 -29.9996 -0.0001 -0.0003 29.9996 0.0000 0.0000 0.0000 1.7649 1.4433 179.2146 -13.7602 -8.8713 -0.9120 -8.8694 74.8511 -4.0024 0.0000 25.3510 0.0000 2.7810 -5.4823 179.6726 -0.0051 -2.4779 -0.0826 8.8596 66.9458 4.0797 0.0000 25.3508 -0.0001 
11.0506 96.8505 -27.3296 -0.4485 4.5744 0.7178 -0.4292 -0.1218 0.5829 -0.4292 -0.1218 0.5829 -0.4305 -0.1222 0.5846 76.4017 86.1333 -25.8208 28.7250 41.2785 26.8530 -21.0889 36.9862 13.9702 -0.5409 1.6356 -1.1188 0.0000 0.0000 0.0001 0.0000 0.0000 0.0000 0.0000 -0.0013 -0.0008 0.0000 -0.0004 0.0001 0.0000 0.0000 0.0000 0.0000 0.0000 0.0000 0.0000 0.0002 0.0000 0.0000 -0.0006 0.0003 0.0000 0.0004 -0.0006 0.0000 0.0000 0.0001 0.0000 0.0000 0.0000 0.0000 -0.0010 -0.0002 0.0000 0.0002 30.0001 -0.0001 0.0005 -29.9998 0.0000 0.0000 0.0000 -0.4301 -0.1576 -0.7048 -0.4301 -0.1576 -0.7048 -58.7193 85.8121 50.3715 22.6903 51.9587 19.0626 32.6977 54.8396 -48.1359 2.6270 -2.7567 6.3522 0.0000 -0.0001 0.0001 0.0000 0.0000 0.0000 0.0000 -0.0006 0.0003 0.0000 -0.0001 0.0001 0.0000 0.0000 0.0000 0.0000 0.0000 0.0000 0.0000 0.0007 0.0001 0.0000 -0.0012 0.0001 0.0000 -0.0008 0.0003 0.0000 0.0001 0.0000 0.0000 0.0000 0.0000 0.0000 -0.0009 0.0000 0.0000 0.0002 -29.9997 -0.0001 -0.0003 29.9996 0.0000 0.0000 0.0000 1.9858 1.4860 179.2254 -13.8905 -8.8459 -0.9028 -8.7600 74.9867 -3.8184 0.0000 25.3510 0.0000 2.8875 -5.5895 179.6729 -0.0060 -2.6011 -0.0826 9.1311 66.9554 4.6118 0.0000 25.3508 -0.0001 
11.1098 96.8476 -27.4195 -0.7926 4.5518 0.6423 -0.4893 -0.2110 0.6400 -0.4893 -0.2109 0.6400 -0.4908 -0.2115 0.6419 78.1163 86.2183 -24.0390 28.3639 41.7876 26.0844 -21.9828 34.6459 8.7305 -0.3986 1.6040 -0.9499 0.0000 0.0000 0.0001 0.0000 0.0000 0.0000 0.0000 -0.0013 -0.0008 0.0000 -0.0004 0.0001 0.0000 0.0000 0.0000 0.0000 0.0000 0.0000 0.0000 0.0002 0.0000 0.0000 -0.0006 0.0003 0.0000 0.0004 -0.0006 0.0000 0.0000 0.0001 0.0000 0.0000 0.0000 0.0000 -0.0010 -0.0002 0.0000 0.0002 30.0001 -0.0001 0.0005 -29.9998 0.0000 0.0000 0.0000 -0.4057 -0.1149 -0.6946 -0.4057 -0.1149 -0.6946 -61.2091 85.7360 47.8161 22.6558 51.3232 17.4973 24.1252 55.1925 -56.2055 3.0362 -2.7676 6.9484 0.0000 -0.0001 0.0001 0.0000 0.0000 0.0000 0.0000 -0.0006 0.0003 0.0000 -0.0001 0.0001 0.0000 0.0000 0.0000 0.0000 0.0000 0.0000 0.0000 0.0007 0.0001 0.0000 -0.0012 0.0001 0.0000 -0.0008 0.0003 0.0000 0.0001 0.0000 0.0000 0.0000 0.0000 0.0000 -0.0008 0.0000 0.0000 0.0002 -29.9996 -0.0001 -0.0003 29.9996 0.0000 0.0000 0.0000 2.2203 1.5280 179.2389 -14.0002 -8.8071 -0.8972 -8.6336 75.1247 -3.6269 0.0000 25.3510 0.0000 2.9808 -5.7212 179.6863 -0.0067 -2.7421 -0.0826 9.3478 66.9674 5.0688 0.0000 25.3508 -0.0001 
11.1630 96.8398 -27.5489 -1.1077 4.5320 0.5601 -0.5568 -0.2979 0.6979 -0.5569 -0.2979 0.6979 -0.5585 -0.2987 0.7000 79.8350 86.2987 -22.2557 27.8404 42.2727 25.1183 -23.3185 32.1664 3.5166 -0.2806 1.5871 -0.8325 0.0000 0.0000 0.0001 0.0000 0.0000 0.0000 0.0000 -0.0013 -0.0008 0.0000 -0.0004 0.0001 0.0000 0.0000 0.0000 0.0000 0.0000 0.0000 0.0000 0.0002 0.0000 0.0000 -0.0006 0.0003 0.0000 0.0004 -0.0006 0.0000 0.0000 0.0001 0.0000 0.0000 0.0000 0.0000 -0.0010 -0.0002 0.0000 0.0002 30.0001 -0.0001 0.0005 -29.9998 0.0000 0.0000 0.0000 -0.3900 -0.0737 -0.6742 -0.3900 -0.0737 -0.6742 -63.6953 85.6295 45.2600 22.5989 50.9139 15.9735 15.8618 54.7481 -63.8156 3.3355 -2.5684 7.2199 0.0000 -0.0001 0.0001 0.0000 0.0000 0.0000 0.0000 -0.0006 0.0003 0.0000 -0.0001 0.0001 0.0000 0.0000 0.0000 0.0000 0.0000 0.0000 0.0000 0.0007 0.0001 0.0000 -0.0012 0.0001 0.0000 -0.0008 0.0003 0.0000 0.0001 0.0000 0.0000 0.0000 0.0000 0.0000 -0.0009 0.0000 0.0000 0.0002 -29.9996 -0.0001 -0.0003 29.9996 0.0000 0.0000 0.0000 2.4661 1.5652 179.2660 -14.0768 -8.7580 -0.9010 -8.4875 75.2648 -3.4129 0.0000 25.3510 0.0000 3.0710 -5.8781 179.7134 -0.0071 -2.8790 -0.0825 9.5063 66.9543 5.4336 0.0000 25.3508 -0.0001 
11.2391 96.8276 -27.7006 -1.3966 4.5085 0.4685 -0.6203 -0.3769 0.7547 -0.6203 -0.3769 0.7548 -0.6221 -0.3780 0.7570 81.4299 86.3628 -20.5834 27.2457 42.7370 24.0557 -24.9117 29.4054 -1.4643 -0.1797 1.5898 -0.7544 0.0000 0.0000 0.0001 0.0000 0.0000 0.0000 0.0000 -0.0013 -0.0008 0.0000 -0.0004 0.0001 0.0000 0.0000 0.0000 0.0000 0.0000 0.0000 0.0000 0.0002 0.0000 0.0000 -0.0007 0.0003 0.0000 0.0004 -0.0006 0.0000 0.0000 0.0001 0.0000 0.0000 0.0000 0.0000 -0.0010 -0.0002 0.0000 0.0002 30.0001 -0.0001 0.0005 -29.9998 0.0000 0.0000 0.0000 -0.3955 -0.0448 -0.6513 -0.3955 -0.0448 -0.6513 -66.0760 85.5054 42.8249 22.5533 50.5746 14.2732 8.1916 53.7745 -70.7790 3.6252 -2.3660 7.4604 0.0000 -0.0001 0.0001 0.0000 0.0000 0.0000 0.0000 -0.0006 0.0003 0.0000 -0.0001 0.0001 0.0000 0.0000 0.0000 0.0000 0.0000 0.0000 0.0000 0.0007 0.0001 0.0000 -0.0012 0.0001 0.0000 -0.0008 0.0003 0.0000 0.0001 0.0000 0.0000 0.0000 0.0000 0.0000 -0.0008 0.0000 0.0000 0.0002 -29.9996 -0.0001 -0.0003 29.9996 0.0000 0.0000 0.0000 2.7069 1.5984 179.3068 -14.1374 -8.7070 -0.9064 -8.3329 75.4060 -3.1850 0.0000 25.3510 0.0000 3.1787 -6.0552 179.7368 -0.0079 -3.0369 -0.0825 9.6868 66.9340 5.7785 0.0000 25.3508 -0.0001 
11.3393 96.8114 -27.8501 -1.6606 4.4799 0.3686 -0.6788 -0.4486 0.8103 -0.6789 -0.4486 0.8104 -0.6809 -0.4499 0.8127 82.8117 86.4077 -19.1131 26.5847 43.2120 22.9223 -26.7224 26.3350 -6.1506 -0.0901 1.6072 -0.7091 0.0000 0.0000 0.0001 0.0000 0.0000 0.0000 0.0000 -0.0013 -0.0008 0.0000 -0.0004 0.0001 0.0000 0.0000 0.0000 0.0000 0.0000 0.0000 0.0000 0.0002 0.0000 0.0000 -0.0006 0.0003 0.0000 0.0004 -0.0006 0.0000 0.0000 0.0001 0.0000 0.0000 0.0000 0.0000 -0.0010 -0.0002 0.0000 0.0002 30.0001 -0.0001 0.0005 -29.9998 0.0000 0.0000 0.0000 -0.4166 -0.0316 -0.6317 -0.4166 -0.0316 -0.6317 -68.4392 85.3704 40.4186 22.5348 50.3264 12.4738 1.2315 52.4168 -76.9956 3.9059 -2.1405 7.6549 0.0000 -0.0001 0.0001 0.0000 0.0000 0.0000 0.0000 -0.0006 0.0003 0.0000 -0.0001 0.0001 0.0000 0.0000 0.0000 0.0000 0.0000 0.0000 0.0000 0.0007 0.0001 0.0000 -0.0012 0.0001 0.0000 -0.0008 0.0003 0.0000 0.0001 0.0000 0.0000 0.0000 0.0000 0.0000 -0.0009 0.0000 0.0000 0.0002 -29.9996 -0.0001 -0.0003 29.9996 0.0000 0.0000 0.0000 2.9278 1.6307 179.3557 -14.2022 -8.6542 -0.9072 -8.1694 75.5497 -2.9483 0.0000 25.3510 0.0000 3.3119 -6.2456 179.7536 -0.0095 -3.2362 -0.0825 9.9254 66.9314 6.1348 0.0000 25.3508 -0.0001 
11.4498 96.7915 -27.9846 -1.8915 4.4472 0.2565 -0.7293 -0.5119 0.8652 -0.7293 -0.5119 0.8653 -0.7315 -0.5133 0.8678 83.7552 86.4314 -18.0833 25.6940 43.7646 21.6197 -29.0238 22.8481 -10.4933 -0.0108 1.6314 -0.7089 0.0000 0.0000 0.0001 0.0000 0.0000 0.0000 0.0000 -0.0013 -0.0008 0.0000 -0.0004 0.0001 0.0000 0.0000 0.0000 0.0000 0.0000 0.0000 0.0000 0.0002 0.0000 0.0000 -0.0006 0.0003 0.0000 0.0004 -0.0006 0.0000 0.0000 0.0001 0.0000 0.0000 0.0000 0.0000 -0.0010 -0.0002 0.0000 0.0002 30.0001 -0.0001 0.0005 -29.9998 0.0000 0.0000 0.0000 -0.4492 -0.0441 -0.6223 -0.4492 -0.0441 -0.6223 -71.2129 85.2390 37.6052 22.5556 50.1994 10.5362 -4.8653 50.8163 -82.3058 4.1675 -1.9023 7.8023 0.0000 -0.0001 0.0001 0.0000 0.0000 0.0000 0.0000 -0.0007 0.0003 0.0000 -0.0001 0.0001 0.0000 0.0000 0.0000 0.0000 0.0000 0.0000 0.0000 0.0007 0.0001 0.0000 -0.0012 0.0001 0.0000 -0.0008 0.0003 0.0000 0.0001 0.0000 0.0000 0.0000 0.0000 0.0000 -0.0009 0.0000 0.0000 0.0002 -29.9996 -0.0001 -0.0003 29.9996 0.0000 0.0000 0.0000 3.0995 1.6650 179.4099 -14.2971 -8.5927 -0.8951 -7.9944 75.6979 -2.7044 0.0000 25.3510 0.0000 3.4429 -6.4657 179.7777 -0.0114 -3.5250 -0.0824 10.2098 66.9815 6.5076 0.0000 25.3508 -0.0001 
11.5411 96.7694 -28.1139 -2.0919 4.4152 0.1343 -0.7736 -0.5719 0.9219 -0.7737 -0.5719 0.9221 -0.7759 -0.5735 0.9247 84.3597 86.4459 -17.4027 24.3197 44.4510 20.0032 -31.6455 18.9547 -14.4782 0.0619 1.6544 -0.7512 0.0000 0.0000 0.0001 0.0000 0.0000 0.0000 0.0000 -0.0013 -0.0008 0.0000 -0.0004 0.0001 0.0000 0.0000 0.0000 0.0000 0.0000 0.0000 0.0000 0.0002 0.0000 0.0000 -0.0006 0.0003 0.0000 0.0004 -0.0006 0.0000 0.0000 0.0001 0.0000 0.0000 0.0000 0.0000 -0.0010 -0.0002 0.0000 0.0003 30.0001 -0.0001 0.0005 -29.9998 0.0000 0.0000 0.0000 -0.4923 -0.0759 -0.6193 -0.4923 -0.0759 -0.6193 -74.4201 85.1129 34.3560 22.5668 50.1919 8.4995 -10.1697 49.0023 -86.7711 4.4021 -1.6506 7.9058 0.0000 0.0000 0.0001 0.0000 0.0000 0.0000 0.0000 -0.0006 0.0003 0.0000 -0.0001 0.0001 0.0000 0.0000 0.0000 0.0000 0.0000 0.0000 0.0000 0.0007 0.0001 0.0000 -0.0011 0.0001 0.0000 -0.0008 0.0003 0.0000 0.0001 0.0000 0.0000 0.0000 0.0000 0.0000 -0.0008 0.0000 0.0000 0.0002 -29.9997 -0.0001 -0.0003 29.9996 0.0000 0.0000 0.0000 3.2375 1.7023 179.4754 -14.4004 -8.5178 -0.8809 -7.8239 75.8476 -2.4648 0.0000 25.3510 0.0000 3.5331 -6.6985 179.8274 -0.0128 -3.8473 -0.0823 10.4706 67.0557 6.8624 0.0000 25.3508 -0.0001 
11.6143 96.7456 -28.2472 -2.2605 4.3850 0.0034 -0.8143 -0.6306 0.9811 -0.8144 -0.6306 0.9812 -0.8168 -0.6324 0.9840 84.6888 86.4555 -17.0022 22.2703 45.3102 17.9219 -34.4886 14.6605 -18.0103 0.1284 1.6572 -0.8342 0.0000 0.0000 0.0001 0.0000 0.0000 0.0000 0.0000 -0.0013 -0.0008 0.0000 -0.0004 0.0001 0.0000 0.0000 0.0000 0.0000 0.0000 0.0000 0.0000 0.0002 0.0000 0.0000 -0.0006 0.0003 0.0000 0.0004 -0.0006 0.0000 0.0000 0.0001 0.0000 0.0000 0.0000 0.0000 -0.0010 -0.0002 0.0000 0.0002 30.0001 -0.0001 0.0005 -29.9998 0.0000 0.0000 0.0000 -0.5363 -0.1164 -0.6223 -0.5363 -0.1164 -0.6223 -77.7638 84.9799 30.9678 22.5087 50.2954 6.3696 -14.7580 47.0534 -90.4302 4.6055 -1.3815 7.9626 0.0000 -0.0001 0.0001 0.0000 0.0000 0.0000 0.0000 -0.0006 0.0003 0.0000 -0.0001 0.0001 0.0000 0.0000 0.0000 0.0000 0.0000 0.0000 0.0000 0.0007 0.0001 0.0000 -0.0012 0.0001 0.0000 -0.0008 0.0003 0.0000 0.0001 0.0000 0.0000 0.0000 0.0000 0.0000 -0.0009 0.0000 0.0000 0.0002 -29.9996 -0.0001 -0.0003 29.9996 0.0000 0.0000 0.0000 3.3524 1.7429 179.5556 -14.5055 -8.4306 -0.8685 -7.6612 75.9981 -2.2383 0.0000 25.3510 0.0000 3.5808 -6.9321 179.9004 -0.0140 -4.1654 -0.0822 10.7103 67.1304 7.1998 0.0000 25.3508 -0.0001 
11.6720 96.7185 -28.3969 -2.3741 4.3587 -0.1375 -0.8575 -0.6888 1.0442 -0.8577 -0.6888 1.0443 -0.8601 -0.6907 1.0473 84.3067 86.4629 -17.3262 18.8261 46.5000 14.7880 -37.7904 9.9458 -20.7967 0.1791 1.5971 -0.9729 0.0000 0.0000 0.0001 0.0000 0.0000 0.0000 0.0000 -0.0013 -0.0008 0.0000 -0.0004 0.0001 0.0000 0.0000 0.0000 0.0000 0.0000 0.0000 0.0000 0.0002 0.0000 0.0000 -0.0006 0.0003 0.0000 0.0004 -0.0006 0.0000 0.0000 0.0001 0.0000 0.0000 0.0000 0.0000 -0.0010 -0.0002 0.0000 0.0002 30.0001 -0.0001 0.0005 -29.9998 0.0000 0.0000 0.0000 -0.5587 -0.1528 -0.6347 -0.5587 -0.1528 -0.6347 -80.9250 84.8363 27.7475 22.1876 50.5223 3.9957 -18.5243 45.1813 -93.1000 4.7652 -1.1008 7.9645 0.0000 -0.0001 0.0001 0.0000 0.0000 0.0000 0.0000 -0.0006 0.0003 0.0000 -0.0001 0.0001 0.0000 0.0000 0.0000 0.0000 0.0000 0.0000 0.0000 0.0007 0.0001 0.0000 -0.0011 0.0001 0.0000 -0.0008 0.0003 0.0000 0.0001 0.0000 0.0000 0.0000 0.0000 0.0000 -0.0008 0.0000 0.0000 0.0002 -29.9996 -0.0001 -0.0003 29.9996 0.0000 0.0000 0.0000 3.4303 1.7877 179.6547 -14.6268 -8.3265 -0.8542 -7.5066 76.1488 -2.0481 0.0000 25.3510 0.0000 3.5607 -7.1527 179.9978 -0.0155 -4.4372 -0.0821 10.9211 67.1796 7.5144 0.0000 25.3508 -0.0001 
11.7196 96.6898 -28.5644 -2.4359 4.3368 -0.2841 -0.9097 -0.7466 1.1102 -0.9099 -0.7467 1.1104 -0.9125 -0.7488 1.1135 83.4768 86.4765 -18.1402 13.7958 47.8835 10.3866 -41.3366 5.0046 -22.5058 0.2112 1.4602 -1.1412 0.0000 0.0000 0.0001 0.0000 0.0000 0.0000 0.0000 -0.0013 -0.0008 0.0000 -0.0004 0.0001 0.0000 0.0000 0.0000 0.0000 0.0000 0.0000 0.0000 0.0002 0.0000 0.0000 -0.0006 0.0003 0.0000 0.0004 -0.0006 0.0000 0.0000 0.0001 0.0000 0.0000 0.0000 0.0000 -0.0010 -0.0002 0.0000 0.0002 30.0001 -0.0002 0.0005 -29.9998 0.0000 0.0000 0.0000 -0.5515 -0.1727 -0.6511 -0.5515 -0.1727 -0.6511 -83.6345 84.6916 24.9587 21.3680 50.8049 1.2358 -21.5656 43.6167 -94.9084 4.8825 -0.8235 7.9059 0.0000 -0.0001 0.0001 0.0000 0.0000 0.0000 0.0000 -0.0006 0.0003 0.0000 -0.0001 0.0001 0.0000 0.0000 0.0000 0.0000 0.0000 0.0000 0.0000 0.0007 0.0001 0.0000 -0.0012 0.0001 0.0000 -0.0008 0.0003 0.0000 0.0001 0.0000 0.0000 0.0000 0.0000 0.0000 -0.0009 0.0000 0.0000 0.0002 -29.9996 -0.0001 -0.0003 29.9996 0.0000 0.0000 0.0000 3.4807 1.8308 179.7616 -14.7555 -8.2050 -0.8335 -7.3422 76.2904 -1.8771 0.0000 25.3510 0.0000 3.4824 -7.3764 -179.8880 -0.0175 -4.6915 -0.0820 11.1001 67.2138 7.7990 0.0000 25.3508 -0.0001 
11.7531 96.6608 -28.7427 -2.4451 4.3145 -0.4358 -0.9716 -0.8030 1.1780 -0.9718 -0.8032 1.1782 -0.9746 -0.8054 1.1815 82.3890 86.4926 -19.2459 7.2332 49.2040 4.6968 -45.0908 0.1321 -22.9012 0.2242 1.2496 -1.3074 0.0000 0.0000 0.0001 0.0000 0.0000 0.0000 0.0000 -0.0013 -0.0008 0.0000 -0.0004 0.0001 0.0000 0.0000 0.0000 0.0000 0.0000 0.0000 0.0000 0.0002 0.0000 0.0000 -0.0006 0.0003 0.0000 0.0004 -0.0006 0.0000 0.0000 0.0001 0.0000 0.0000 0.0000 0.0000 -0.0010 -0.0002 0.0000 0.0002 30.0001 -0.0001 0.0005 -29.9998 0.0000 0.0000 0.0000 -0.5197 -0.1740 -0.6685 -0.5197 -0.1740 -0.6685 -85.7683 84.5539 22.7279 19.9159 51.0828 -1.9608 -23.9503 42.4513 -95.9447 4.9571 -0.5540 7.7870 0.0000 -0.0001 0.0001 0.0000 0.0000 0.0000 0.0000 -0.0006 0.0003 0.0000 -0.0001 0.0001 0.0000 0.0000 0.0000 0.0000 0.0000 0.0000 0.0000 0.0007 0.0001 0.0000 -0.0011 0.0001 0.0000 -0.0008 0.0003 0.0000 0.0001 0.0000 0.0000 0.0000 0.0000 0.0000 -0.0009 0.0000 0.0000 0.0002 -29.9996 -0.0001 -0.0003 29.9996 0.0000 0.0000 0.0000 3.5060 1.8732 179.8793 -14.8713 -8.0609 -0.8140 -7.1635 76.4098 -1.7062 0.0000 25.3510 0.0000 3.3562 -7.6130 -179.7548 -0.0197 -4.9677 -0.0819 11.2440 67.2554 8.0391 0.0000 25.3508 -0.0001 
11.7622 96.6273 -28.9291 -2.3749 4.2809 -0.5887 -1.0430 -0.8530 1.2429 -1.0433 -0.8532 1.2432 -1.0462 -0.8555 1.2466 81.0727 86.5085 -20.6171 -0.9485 50.2045 -2.4204 -49.3999 -4.0369 -21.4735 0.2122 0.9686 -1.4598 0.0000 0.0000 0.0001 0.0000 0.0000 0.0000 0.0000 -0.0013 -0.0008 0.0000 -0.0004 0.0001 0.0000 0.0000 0.0000 0.0000 0.0000 0.0000 0.0000 0.0002 0.0000 0.0000 -0.0006 0.0003 0.0000 0.0004 -0.0006 0.0000 0.0000 0.0001 0.0000 0.0000 0.0000 0.0000 -0.0010 -0.0002 0.0000 0.0002 30.0001 -0.0001 0.0005 -29.9998 0.0000 0.0000 0.0000 -0.4593 -0.1560 -0.6859 -0.4593 -0.1560 -0.6859 -86.6948 84.4313 21.6737 17.3672 51.2977 -5.7932 -25.3428 41.8942 -95.8810 4.9732 -0.2921 7.6010 0.0000 -0.0001 0.0001 0.0000 0.0000 0.0000 0.0000 -0.0006 0.0003 0.0000 -0.0001 0.0001 0.0000 0.0000 0.0000 0.0000 0.0000 0.0000 0.0000 0.0007 0.0001 0.0000 -0.0012 0.0001 0.0000 -0.0008 0.0003 0.0000 0.0001 0.0000 0.0000 0.0000 0.0000 0.0000 -0.0008 0.0000 0.0000 0.0002 -29.9997 -0.0001 -0.0003 29.9996 0.0000 0.0000 0.0000 3.4657 1.9154 -179.9948 -14.9621 -7.9022 -0.7880 -7.0043 76.4982 -1.5573 0.0000 25.3510 0.0000 3.1918 -7.8505 -179.5987 -0.0211 -5.2720 -0.0817 11.3564 67.3113 8.2005 0.0000 25.3508 -0.0001 
11.7695 96.5930 -29.1106 -2.2428 4.2308 -0.7351 -1.1124 -0.8927 1.2983 -1.1127 -0.8929 1.2986 -1.1158 -0.8953 1.3022 79.5857 86.5127 -22.1773 -9.4646 50.5763 -9.8795 -54.3631 -7.0103 -18.5309 0.1855 0.6533 -1.5713 0.0000 0.0000 0.0001 0.0000 0.0000 0.0000 0.0000 -0.0013 -0.0008 0.0000 -0.0004 0.0001 0.0000 0.0000 0.0000 0.0000 0.0000 0.0000 0.0000 0.0002 0.0000 0.0000 -0.0006 0.0003 0.0000 0.0004 -0.0006 0.0000 0.0000 0.0001 0.0000 0.0000 0.0000 0.0000 -0.0010 -0.0002 0.0000 0.0003 30.0001 -0.0001 0.0005 -29.9998 0.0000 0.0000 0.0000 -0.3852 -0.1401 -0.6994 -0.3852 -0.1401 -0.6994 -86.9275 84.3370 21.3121 13.9492 51.3442 -10.0347 -25.8280 41.7345 -94.8820 4.9426 -0.0212 7.3681 0.0000 -0.0001 0.0001 0.0000 0.0000 0.0000 0.0000 -0.0006 0.0003 0.0000 -0.0001 0.0001 0.0000 0.0000 0.0000 0.0000 0.0000 0.0000 0.0000 0.0007 0.0001 0.0000 -0.0012 0.0001 0.0000 -0.0008 0.0003 0.0000 0.0001 0.0000 0.0000 0.0000 0.0000 0.0000 -0.0009 0.0000 0.0000 0.0002 -29.9996 -0.0001 -0.0003 29.9996 0.0000 0.0000 0.0000 3.3553 1.9514 -179.8740 -15.0252 -7.7522 -0.7492 -6.8738 76.5640 -1.4294 0.0000 25.3510 0.0000 3.0244 -8.0629 -179.4452 -0.0227 -5.5775 -0.0816 11.4871 67.3733 8.3238 0.0000 25.3508 -0.0001 
11.7871 96.5580 -29.2861 -2.0600 4.1665 -0.8716 -1.1737 -0.9222 1.3416 -1.1740 -0.9224 1.3420 -1.1772 -0.9249 1.3457 78.1967 86.5064 -23.6542 -17.4864 50.3268 -16.8928 -59.8669 -8.5304 -14.5636 0.1535 0.3319 -1.6431 0.0000 0.0000 0.0001 0.0000 0.0000 0.0000 0.0000 -0.0013 -0.0008 0.0000 -0.0004 0.0001 0.0000 0.0000 0.0000 0.0000 0.0000 0.0000 0.0000 0.0002 0.0000 0.0000 -0.0006 0.0003 0.0000 0.0004 -0.0006 0.0000 0.0000 0.0001 0.0000 0.0000 0.0000 0.0000 -0.0010 -0.0002 0.0000 0.0002 30.0001 -0.0001 0.0005 -29.9998 0.0000 0.0000 0.0000 -0.3069 -0.1340 -0.7040 -0.3069 -0.1340 -0.7040 -86.7687 84.2748 21.3491 10.0027 51.1896 -14.4158 -25.5177 41.8128 -93.0180 4.8721 0.2660 7.1059 0.0000 -0.0001 0.0001 0.0000 0.0000 0.0000 0.0000 -0.0006 0.0003 0.0000 -0.0001 0.0001 0.0000 0.0000 0.0000 0.0000 0.0000 0.0000 0.0000 0.0007 0.0001 0.0000 -0.0011 0.0001 0.0000 -0.0008 0.0003 0.0000 0.0001 0.0000 0.0000 0.0000 0.0000 0.0000 -0.0009 0.0000 0.0000 0.0002 -29.9996 -0.0001 -0.0003 29.9996 0.0000 0.0000 0.0000 3.1809 1.9782 -179.7616 -15.0516 -7.6152 -0.7057 -6.7636 76.6098 -1.3041 0.0000 25.3510 0.0000 2.8608 -8.2270 -179.3072 -0.0246 -5.8337 -0.0815 11.6434 67.4151 8.4241 0.0000 25.3508 -0.0001 
11.8272 96.5295 -29.4572 -1.8108 4.0785 -0.9877 -1.2100 -0.9383 1.3606 -1.2104 -0.9386 1.3610 -1.2137 -0.9410 1.3647 77.4752 86.5033 -24.4617 -23.8896 49.7971 -22.3836 -65.8644 -8.2193 -9.8977 0.1190 0.0227 -1.7079 0.0000 0.0000 0.0001 0.0000 0.0000 0.0000 0.0000 -0.0013 -0.0008 0.0000 -0.0004 0.0001 0.0000 0.0000 0.0000 0.0000 0.0000 0.0000 0.0000 0.0002 0.0000 0.0000 -0.0006 0.0003 0.0000 0.0004 -0.0006 0.0000 0.0000 0.0001 0.0000 0.0000 0.0000 0.0000 -0.0010 -0.0002 0.0000 0.0002 30.0001 -0.0001 0.0005 -29.9998 0.0000 0.0000 0.0000 -0.2421 -0.1494 -0.6826 -0.2421 -0.1494 -0.6826 -86.1207 84.2705 21.8956 5.8069 50.8573 -18.5282 -24.1774 41.9380 -89.8731 4.7555 0.5993 6.8264 0.0000 -0.0001 0.0001 0.0000 0.0000 0.0000 0.0000 -0.0006 0.0003 0.0000 -0.0001 0.0001 0.0000 0.0000 0.0000 0.0000 0.0000 0.0000 0.0000 0.0007 0.0001 0.0000 -0.0012 0.0001 0.0000 -0.0008 0.0003 0.0000 0.0001 0.0000 0.0000 0.0000 0.0000 0.0000 -0.0009 0.0000 0.0000 0.0002 -29.9996 -0.0001 -0.0003 29.9996 0.0000 0.0000 0.0000 2.9111 1.9980 -179.6643 -15.0143 -7.4983 -0.6693 -6.6865 76.6259 -1.1719 0.0000 25.3510 0.0000 2.7115 -8.3229 -179.2049 -0.0272 -6.0223 -0.0813 11.8590 67.4251 8.5155 0.0000 25.3508 -0.0001 
11.8760 96.5063 -29.6383 -1.5175 3.9694 -1.0804 -1.2138 -0.9487 1.3523 -1.2142 -0.9490 1.3528 -1.2175 -0.9515 1.3564 77.3853 86.5171 -24.6082 -28.4763 49.2789 -26.1416 -71.5443 -6.5064 -5.3363 0.0899 -0.2624 -1.7970 0.0000 0.0000 0.0001 0.0000 0.0000 0.0000 0.0000 -0.0013 -0.0008 0.0000 -0.0004 0.0001 0.0000 0.0000 0.0000 0.0000 0.0000 0.0000 0.0000 0.0002 -0.0001 0.0000 -0.0006 0.0003 0.0000 0.0004 -0.0006 0.0000 0.0000 0.0001 0.0000 0.0000 0.0000 0.0000 -0.0010 -0.0002 0.0000 0.0002 30.0001 -0.0001 0.0005 -29.9998 0.0000 0.0000 0.0000 -0.2035 -0.1827 -0.6252 -0.2035 -0.1827 -0.6252 -84.8959 84.3162 23.0399 1.9694 50.4416 -21.9181 -22.3124 41.8393 -85.8509 4.6122 0.9723 6.5492 0.0000 -0.0001 0.0001 0.0000 0.0000 0.0000 0.0000 -0.0006 0.0003 0.0000 -0.0001 0.0001 0.0000 0.0000 0.0000 0.0000 0.0000 0.0000 0.0000 0.0007 0.0001 0.0000 -0.0012 0.0001 0.0000 -0.0008 0.0003 0.0000 0.0001 0.0000 0.0000 0.0000 0.0000 0.0000 -0.0008 0.0000 0.0000 0.0002 -29.9996 -0.0001 -0.0003 29.9996 0.0000 0.0000 0.0000 2.5689 2.0230 -179.5775 -14.9244 -7.4035 -0.6517 -6.6596 76.6236 -1.0511 0.0000 25.3510 0.0000 2.5800 -8.3809 -179.1334 -0.0300 -6.1755 -0.0811 12.1164 67.4103 8.5963 0.0000 25.3508 -0.0001 
11.9222 96.4882 -29.8328 -1.1911 3.8474 -1.1497 -1.1854 -0.9593 1.3179 -1.1857 -0.9595 1.3183 -1.1889 -0.9621 1.3219 78.0236 86.5547 -24.0063 -31.5813 48.9204 -28.4327 -76.6999 -3.7706 -1.1074 0.0643 -0.5464 -1.9213 0.0000 0.0000 0.0001 0.0000 0.0000 0.0000 0.0000 -0.0013 -0.0008 0.0000 -0.0004 0.0001 0.0000 0.0000 0.0000 0.0000 0.0000 0.0000 0.0000 0.0002 0.0000 0.0000 -0.0006 0.0003 0.0000 0.0004 -0.0006 0.0000 0.0000 0.0001 0.0000 0.0000 0.0000 0.0000 -0.0010 -0.0002 0.0000 0.0002 30.0001 -0.0001 0.0005 -29.9998 0.0000 0.0000 0.0000 -0.1904 -0.2262 -0.5334 -0.1904 -0.2262 -0.5334 -83.2856 84.4046 24.5944 -1.3379 50.0317 -24.5455 -20.1842 41.4233 -81.2008 4.4502 1.3719 6.2808 0.0000 -0.0001 0.0001 0.0000 0.0000 0.0000 0.0000 -0.0006 0.0003 0.0000 -0.0001 0.0001 0.0000 0.0000 0.0000 0.0000 0.0000 0.0000 0.0000 0.0007 0.0001 0.0000 -0.0011 0.0001 0.0000 -0.0008 0.0003 0.0000 0.0001 0.0000 0.0000 0.0000 0.0000 0.0000 -0.0009 0.0000 0.0000 0.0002 -29.9997 -0.0001 -0.0003 29.9996 0.0000 0.0000 0.0000 2.1762 2.0523 -179.5049 -14.7973 -7.3239 -0.6573 -6.6398 76.6066 -0.9083 0.0000 25.3510 0.0000 2.4524 -8.4325 -179.0847 -0.0328 -6.3330 -0.0809 12.3829 67.3886 8.6554 0.0000 25.3508 -0.0001 
11.9572 96.4706 -30.0312 -0.8223 3.7103 -1.1856 -1.1082 -0.9742 1.2480 -1.1086 -0.9744 1.2484 -1.1116 -0.9770 1.2518 79.6001 86.6303 -22.4386 -33.1894 48.9025 -29.1290 -80.8687 -0.2874 2.8636 0.0404 -0.8358 -2.1140 0.0000 0.0000 0.0001 0.0000 0.0000 0.0000 0.0000 -0.0013 -0.0008 0.0000 -0.0004 0.0001 0.0000 0.0000 0.0000 0.0000 0.0000 0.0000 0.0000 0.0002 0.0000 0.0000 -0.0006 0.0003 0.0000 0.0004 -0.0006 0.0000 0.0000 0.0001 0.0000 0.0000 0.0000 0.0000 -0.0010 -0.0002 0.0000 0.0002 30.0001 -0.0001 0.0005 -29.9998 0.0000 0.0000 0.0000 -0.2175 -0.2724 -0.3960 -0.2175 -0.2724 -0.3960 -81.4234 84.5441 26.4535 -3.7980 49.8318 -26.1441 -17.9626 40.4229 -75.8534 4.2632 1.8097 6.0239 0.0000 -0.0001 0.0001 0.0000 0.0000 0.0000 0.0000 -0.0006 0.0003 0.0000 -0.0001 0.0001 0.0000 0.0000 0.0000 0.0000 0.0000 0.0000 0.0000 0.0007 0.0001 0.0000 -0.0011 0.0001 0.0000 -0.0008 0.0003 0.0000 0.0001 0.0000 0.0000 0.0000 0.0000 0.0000 -0.0009 0.0000 0.0000 0.0002 -29.9996 -0.0001 -0.0003 29.9996 0.0000 0.0000 0.0000 1.7412 2.1035 -179.4651 -14.6497 -7.2395 -0.6885 -6.5665 76.5663 -0.7008 0.0000 25.3510 0.0000 2.2976 -8.4829 -179.0601 -0.0350 -6.5233 -0.0807 12.6138 67.3795 8.6657 0.0000 25.3508 -0.0001 
11.9885 96.4553 -30.2041 -0.4211 3.5590 -1.1992 -0.9906 -0.9931 1.1540 -0.9908 -0.9933 1.1542 -0.9936 -0.9960 1.1574 81.8060 86.7353 -20.2098 -34.1197 49.0401 -29.0361 -84.0187 3.7037 6.6755 0.0150 -1.1577 -2.3713 0.0000 0.0000 0.0001 0.0000 0.0000 0.0000 0.0000 -0.0013 -0.0008 0.0000 -0.0004 0.0001 0.0000 0.0000 0.0000 0.0000 0.0000 0.0000 0.0000 0.0002 0.0000 0.0000 -0.0006 0.0003 0.0000 0.0004 -0.0006 0.0000 0.0000 0.0001 0.0000 0.0000 0.0000 0.0000 -0.0010 -0.0002 0.0000 0.0002 30.0001 -0.0001 0.0005 -29.9998 0.0000 0.0000 0.0000 -0.2809 -0.3149 -0.2314 -0.2809 -0.3149 -0.2314 -79.2981 84.7026 28.6115 -5.6804 49.8487 -27.0845 -15.8381 38.9925 -70.0883 4.0375 2.2434 5.7555 0.0000 -0.0001 0.0001 0.0000 0.0000 0.0000 0.0000 -0.0006 0.0003 0.0000 -0.0001 0.0001 0.0000 0.0000 0.0000 0.0000 0.0000 0.0000 0.0000 0.0007 0.0001 0.0000 -0.0012 0.0001 0.0000 -0.0008 0.0003 0.0000 0.0001 0.0000 0.0000 0.0000 0.0000 0.0000 -0.0008 0.0000 0.0000 0.0002 -29.9996 -0.0001 -0.0003 29.9996 0.0000 0.0000 0.0000 1.3055 2.1822 -179.4605 -14.5202 -7.1416 -0.7117 -6.4319 76.5110 -0.4664 0.0000 25.3510 0.0000 2.1072 -8.5076 -179.0519 -0.0373 -6.7314 -0.0805 12.8053 67.3953 8.6350 0.0000 25.3508 -0.0001 
12.0237 96.4406 -30.3495 0.0082 3.3957 -1.1988 -0.8480 -1.0137 1.0451 -0.8482 -1.0138 1.0454 -0.8506 -1.0166 1.0483 84.5798 86.8595 -17.4101 -34.6512 49.2664 -28.4544 -86.2441 8.1038 10.4377 -0.0146 -1.5321 -2.6936 0.0000 0.0000 0.0001 0.0000 0.0000 0.0000 0.0000 -0.0013 -0.0008 0.0000 -0.0004 0.0001 0.0000 0.0000 0.0000 0.0000 0.0000 0.0000 0.0000 0.0002 0.0000 0.0000 -0.0006 0.0003 0.0000 0.0004 -0.0006 0.0000 0.0000 0.0001 0.0000 0.0000 0.0000 0.0000 -0.0010 -0.0002 0.0000 0.0002 30.0001 -0.0001 0.0005 -29.9998 0.0000 0.0000 0.0000 -0.3616 -0.3578 -0.0524 -0.3616 -0.3578 -0.0524 -76.8642 84.8653 31.0875 -8.1453 50.2134 -27.8763 -13.8350 37.2470 -64.0117 3.3302 2.3183 4.8975 0.0000 -0.0001 0.0001 0.0000 0.0000 0.0000 0.0000 -0.0007 0.0003 0.0000 -0.0001 0.0001 0.0000 0.0000 0.0000 0.0000 0.0000 0.0000 0.0000 0.0007 0.0001 0.0000 -0.0011 0.0001 0.0000 -0.0008 0.0003 0.0000 0.0001 0.0000 0.0000 0.0000 0.0000 0.0000 -0.0009 0.0000 0.0000 0.0002 -29.9996 -0.0001 -0.0003 29.9996 0.0000 0.0000 0.0000 0.8953 2.2788 -179.4770 -14.3953 -7.0362 -0.7253 -6.2451 76.4437 -0.2183 0.0000 25.3510 0.0000 1.8927 -8.4906 -179.0583 -0.0399 -6.9221 -0.0803 12.9703 67.4203 8.5686 0.0000 25.3508 -0.0001 
12.0677 96.4316 -30.4763 0.4800 3.2182 -1.1837 -0.6823 -1.0326 0.9229 -0.6824 -1.0327 0.9231 -0.6844 -1.0356 0.9257 87.7679 86.9983 -14.2139 -34.8346 49.5944 -27.4387 -87.2947 12.8027 14.3846 -0.0509 -1.9607 -3.1004 0.0000 0.0000 0.0001 0.0000 0.0000 0.0000 0.0000 -0.0013 -0.0008 0.0000 -0.0004 0.0001 0.0000 0.0000 0.0000 0.0000 0.0000 0.0000 0.0000 0.0002 0.0000 0.0000 -0.0006 0.0003 0.0000 0.0004 -0.0006 0.0000 0.0000 0.0001 0.0000 0.0000 0.0000 0.0000 -0.0010 -0.0002 0.0000 0.0002 30.0001 -0.0001 0.0005 -29.9998 0.0000 0.0000 0.0000 -0.4526 -0.4086 0.1342 -0.4526 -0.4086 0.1342 -73.8329 85.0205 34.1540 -10.2829 50.7483 -28.3236 -11.8268 35.2034 -57.5091 2.6685 2.3123 4.0835 0.0000 -0.0001 0.0001 0.0000 0.0000 0.0000 0.0000 -0.0006 0.0003 0.0000 -0.0001 0.0001 0.0000 0.0000 0.0000 0.0000 0.0000 0.0000 0.0000 0.0007 0.0001 0.0000 -0.0011 0.0001 0.0000 -0.0008 0.0003 0.0000 0.0001 0.0000 0.0000 0.0000 0.0000 0.0000 -0.0009 0.0000 0.0000 0.0002 -29.9996 -0.0001 -0.0003 29.9996 0.0000 0.0000 0.0000 0.5516 2.3821 -179.5114 -14.2419 -6.9346 -0.7310 -5.9631 76.3639 0.0780 0.0000 25.3510 0.0000 1.6587 -8.4252 -179.0833 -0.0430 -7.0777 -0.0801 13.1074 67.4428 8.4465 0.0000 25.3508 -0.0001 
12.1184 96.4222 -30.6174 0.9927 3.0256 -1.1638 -0.5103 -1.0398 0.7983 -0.5104 -1.0399 0.7984 -0.5119 -1.0429 0.8007 90.4145 87.1482 -11.5908 -35.0051 49.9727 -26.3666 -87.1981 17.5829 18.6113 -0.0919 -2.4456 -3.5733 0.0000 0.0000 0.0001 0.0000 0.0000 0.0000 0.0000 -0.0013 -0.0008 0.0000 -0.0004 0.0001 0.0000 0.0000 0.0000 0.0000 0.0000 0.0000 0.0000 0.0002 0.0000 0.0000 -0.0006 0.0003 0.0000 0.0004 -0.0006 0.0000 0.0000 0.0001 0.0000 0.0000 0.0000 0.0000 -0.0010 -0.0002 0.0000 0.0002 30.0001 -0.0001 0.0005 -29.9998 0.0000 0.0000 0.0000 -0.5598 -0.4723 0.3144 -0.5598 -0.4723 0.3144 -70.1953 85.1453 37.8151 -12.3348 51.3224 -28.6969 -9.7917 32.9785 -50.8328 2.0859 2.2381 3.3471 0.0000 -0.0001 0.0001 0.0000 0.0000 0.0000 0.0000 -0.0006 0.0003 0.0000 -0.0001 0.0001 0.0000 0.0000 0.0000 0.0000 0.0000 0.0000 0.0000 0.0007 0.0001 0.0000 -0.0011 0.0001 0.0000 -0.0008 0.0003 0.0000 0.0001 0.0000 0.0000 0.0000 0.0000 0.0000 -0.0008 0.0000 0.0000 0.0002 -29.9996 -0.0001 -0.0003 29.9996 0.0000 0.0000 0.0000 0.2756 2.4845 -179.5504 -14.0330 -6.8504 -0.7312 -5.6088 76.2799 0.4186 0.0000 25.3510 0.0000 1.4289 -8.3396 -179.1190 -0.0455 -7.2135 -0.0798 13.2416 67.4494 8.2809 0.0000 25.3508 -0.0001 
12.1803 96.4131 -30.7739 1.5433 2.8186 -1.1448 -0.3408 -1.0318 0.6762 -0.3409 -1.0319 0.6763 -0.3418 -1.0348 0.6783 92.3413 87.3186 -9.7244 -35.2226 50.3920 -25.3203 -86.0578 22.1941 23.0628 -0.1348 -2.9719 -4.0902 0.0000 0.0000 0.0001 0.0000 0.0000 0.0000 0.0000 -0.0013 -0.0008 0.0000 -0.0004 0.0001 0.0000 0.0000 0.0000 0.0000 0.0000 0.0000 0.0000 0.0002 0.0000 0.0000 -0.0006 0.0003 0.0000 0.0004 -0.0006 0.0000 0.0000 0.0001 0.0000 0.0000 0.0000 0.0000 -0.0010 -0.0002 0.0000 0.0002 30.0001 -0.0001 0.0005 -29.9998 0.0000 0.0000 0.0000 -0.6676 -0.5554 0.4827 -0.6676 -0.5554 0.4827 -65.8812 85.2237 42.1202 -14.2811 51.9226 -29.0082 -7.7578 30.6139 -44.0402 1.5905 2.1144 2.7037 0.0000 -0.0001 0.0001 0.0000 0.0000 0.0000 0.0000 -0.0006 0.0003 0.0000 -0.0001 0.0001 0.0000 0.0000 0.0000 0.0000 0.0000 0.0000 0.0000 0.0007 0.0001 0.0000 -0.0012 0.0001 0.0000 -0.0008 0.0003 0.0000 0.0001 0.0000 0.0000 0.0000 0.0000 0.0000 -0.0009 0.0000 0.0000 0.0002 -29.9997 -0.0001 -0.0003 29.9996 0.0000 0.0000 0.0000 0.0518 2.5777 -179.5808 -13.7692 -6.7961 -0.7291 -5.2161 76.1939 0.7771 0.0000 25.3510 0.0000 1.2137 -8.2621 -179.1641 -0.0477 -7.3826 -0.0796 13.4095 67.4633 8.1072 0.0000 25.3508 -0.0001 
12.2724 96.3952 -30.9367 2.1471 2.5952 -1.1297 -0.1750 -1.0042 0.5576 -0.1751 -1.0043 0.5577 -0.1756 -1.0072 0.5593 -255.3676 90.0000 0.0000 -35.4541 50.8492 -24.2466 -83.6548 26.5432 27.9810 -0.1818 -3.5262 -4.6769 0.0000 0.0000 0.0001 0.0000 0.0000 0.0000 0.0000 -0.0013 -0.0008 0.0000 -0.0004 0.0001 0.0000 0.0000 0.0000 0.0000 0.0000 0.0000 0.0000 0.0003 0.0000 0.0000 -0.0006 0.0003 0.0000 0.0004 -0.0006 0.0000 0.0000 0.0001 0.0000 0.0000 0.0000 0.0000 -0.0010 -0.0002 0.0000 0.0002 30.0001 -0.0001 0.0005 -29.9998 0.0000 0.0000 0.0000 -0.7667 -0.6653 0.6292 -0.7667 -0.6653 0.6292 -60.8050 85.2492 47.1224 -16.0212 52.5884 -29.1280 -5.5799 28.1013 -37.0089 1.1761 1.9546 2.1587 0.0000 -0.0001 0.0001 0.0000 0.0000 0.0000 0.0000 -0.0006 0.0003 0.0000 -0.0001 0.0001 0.0000 0.0000 0.0000 0.0000 0.0000 0.0000 0.0000 0.0007 0.0001 0.0000 -0.0011 0.0001 0.0000 -0.0008 0.0003 0.0000 0.0001 0.0000 0.0000 0.0000 0.0000 0.0000 -0.0009 0.0000 0.0000 0.0002 -29.9997 -0.0001 -0.0003 29.9996 0.0000 0.0000 0.0000 -0.1185 2.6459 -179.5872 -13.4226 -6.7994 -0.7345 -4.7916 76.1114 1.1517 0.0000 25.3510 0.0000 1.0274 -8.1797 -179.2287 -0.0507 -7.5785 -0.0794 13.6614 67.4849 7.9603 0.0000 25.3508 -0.0001 
12.3878 96.3781 -31.0850 2.7872 2.3617 -1.1230 -0.0054 -0.9651 0.4419 -0.0054 -0.9651 0.4419 -0.0055 -0.9680 0.4432 -255.4910 90.0000 0.0000 -35.6574 51.3133 -23.0419 -80.1828 30.3990 33.3644 -0.2293 -4.1020 -5.3392 0.0000 0.0000 0.0001 0.0000 0.0000 0.0000 0.0000 -0.0013 -0.0008 0.0000 -0.0004 0.0001 0.0000 0.0000 0.0000 0.0000 0.0000 0.0000 0.0000 0.0002 0.0000 0.0000 -0.0006 0.0003 0.0000 0.0004 -0.0006 0.0000 0.0000 0.0001 0.0000 0.0000 0.0000 0.0000 -0.0010 -0.0002 0.0000 0.0002 30.0001 -0.0001 0.0005 -29.9998 0.0000 0.0000 0.0000 -0.8696 -0.7826 0.7534 -0.8696 -0.7826 0.7534 -55.3092 85.2272 52.5010 -17.4609 53.3717 -28.9426 -3.3058 25.4340 -29.9320 0.8425 1.7750 1.7158 0.0000 -0.0001 0.0001 0.0000 0.0000 0.0000 0.0000 -0.0006 0.0003 0.0000 -0.0001 0.0001 0.0000 0.0000 0.0000 0.0000 0.0000 0.0000 0.0000 0.0007 0.0001 0.0000 -0.0012 0.0001 0.0000 -0.0008 0.0003 0.0000 0.0001 0.0000 0.0000 0.0000 0.0000 0.0000 -0.0008 0.0000 0.0000 0.0002 -29.9996 -0.0001 -0.0003 29.9996 0.0000 0.0000 0.0000 -0.2727 2.6924 -179.5753 -13.0113 -6.8450 -0.7550 -4.3451 76.0302 1.5631 0.0000 25.3510 0.0000 0.8568 -8.0459 -179.3026 -0.0541 -7.7203 -0.0791 13.9632 67.4867 7.8317 0.0000 25.3508 -0.0001 
12.5054 96.3679 -31.2264 3.4532 2.1206 -1.1258 0.1718 -0.9189 0.3293 0.1718 -0.9189 0.3293 0.1723 -0.9216 0.3303 -255.6373 90.0000 0.0000 -35.8701 51.8439 -21.8253 -75.7718 33.6483 39.2057 -0.2881 -4.5787 -5.9815 0.0000 0.0000 0.0001 0.0000 0.0000 0.0000 0.0000 -0.0013 -0.0008 0.0000 -0.0004 0.0001 0.0000 0.0000 0.0000 0.0000 0.0000 0.0000 0.0000 0.0002 0.0000 0.0000 -0.0006 0.0003 0.0000 0.0004 -0.0006 0.0000 0.0000 0.0001 0.0000 0.0000 0.0000 0.0000 -0.0010 -0.0002 0.0000 0.0002 30.0001 -0.0001 0.0005 -29.9998 0.0000 0.0000 0.0000 -0.9802 -0.8938 0.8544 -0.9802 -0.8938 0.8544 -49.8102 85.1641 57.8632 -18.5287 54.2804 -28.3825 -0.9711 22.5874 -22.9348 0.5819 1.5945 1.3676 0.0000 -0.0001 0.0001 0.0000 0.0000 0.0000 0.0000 -0.0006 0.0003 0.0000 -0.0001 0.0001 0.0000 0.0000 0.0000 0.0000 0.0000 0.0000 0.0000 0.0007 0.0001 0.0000 -0.0012 0.0001 0.0000 -0.0008 0.0003 0.0000 0.0001 0.0000 0.0000 0.0000 0.0000 0.0000 -0.0009 0.0000 0.0000 0.0002 -29.9996 -0.0001 -0.0003 29.9996 0.0000 0.0000 0.0000 -0.4321 2.7218 -179.5536 -12.5566 -6.9233 -0.7882 -3.8769 75.9488 2.0235 0.0000 25.3510 0.0000 0.6911 -7.8241 -179.3743 -0.0561 -7.7278 -0.0789 14.2643 67.4316 7.6840 0.0000 25.3508 -0.0001 
12.6187 96.3762 -31.3670 4.1463 1.8749 -1.1401 0.3644 -0.8688 0.2219 0.3644 -0.8688 0.2219 0.3654 -0.8714 0.2226 -255.8216 90.0000 0.0000 -36.0256 52.6000 -20.7342 -70.6160 36.0310 45.2881 -0.3885 -4.6788 -6.3732 0.0000 0.0000 0.0001 0.0000 0.0000 0.0000 0.0000 -0.0013 -0.0008 0.0000 -0.0004 0.0001 0.0000 0.0000 0.0000 0.0000 0.0000 0.0000 0.0000 0.0002 0.0000 0.0000 -0.0006 0.0003 0.0000 0.0004 -0.0006 0.0000 0.0000 0.0001 0.0000 0.0000 0.0000 0.0000 -0.0010 -0.0002 0.0000 0.0002 30.0001 -0.0001 0.0005 -29.9998 0.0000 0.0000 0.0000 -1.0960 -0.9864 0.9127 -1.0960 -0.9864 0.9127 -44.8509 85.1074 62.6848 -18.8493 55.4078 -27.0797 1.5696 19.5372 -16.1658 0.3853 1.4237 1.1132 0.0000 -0.0001 0.0001 0.0000 0.0000 0.0000 0.0000 -0.0006 0.0003 0.0000 -0.0001 0.0001 0.0000 0.0000 0.0000 0.0000 0.0000 0.0000 0.0000 0.0007 0.0001 0.0000 -0.0012 0.0001 0.0000 -0.0008 0.0003 0.0000 0.0001 0.0000 0.0000 0.0000 0.0000 0.0000 -0.0009 0.0000 0.0000 0.0002 -29.9996 -0.0001 -0.0003 29.9996 0.0000 0.0000 0.0000 -0.6214 2.7295 -179.5291 -12.0788 -7.0439 -0.8258 -3.3931 75.8715 2.5348 0.0000 25.3510 0.0000 0.5134 -7.4648 -179.4379 -0.0554 -7.5125 -0.0791 14.5313 67.2871 7.4964 0.0000 25.3508 -0.0001 
12.7289 96.3913 -31.5132 4.8512 1.6346 -1.1512 0.5755 -0.8241 0.1149 0.5755 -0.8241 0.1149 0.5772 -0.8265 0.1152 -256.0294 90.0000 0.0000 -35.7508 53.2962 -19.1327 -65.0003 37.7223 51.5491 -0.5109 -4.7360 -6.8013 0.0000 0.0000 0.0001 0.0000 0.0000 0.0000 0.0000 -0.0013 -0.0008 0.0000 -0.0004 0.0001 0.0000 0.0000 0.0000 0.0000 0.0000 0.0000 0.0000 0.0002 0.0000 0.0000 -0.0006 0.0003 0.0000 0.0004 -0.0006 0.0000 0.0000 0.0001 0.0000 0.0000 0.0000 0.0000 -0.0010 -0.0002 0.0000 0.0002 30.0001 -0.0001 0.0005 -29.9998 0.0000 0.0000 0.0000 -1.2076 -1.0610 0.9344 -1.2076 -1.0610 0.9344 -40.6232 85.0672 66.8069 -18.3034 56.8018 -24.9445 4.2028 16.1895 -9.8275 0.2392 1.2711 0.9343 0.0000 -0.0001 0.0001 0.0000 0.0000 0.0000 0.0000 -0.0006 0.0003 0.0000 -0.0001 0.0001 0.0000 0.0000 0.0000 0.0000 0.0000 0.0000 0.0000 0.0007 0.0001 0.0000 -0.0011 0.0001 0.0000 -0.0008 0.0003 0.0000 0.0001 0.0000 0.0000 0.0000 0.0000 0.0000 -0.0009 0.0000 0.0000 0.0002 -29.9996 -0.0001 -0.0003 29.9996 0.0000 0.0000 0.0000 -0.8194 2.7255 -179.5159 -11.6075 -7.1900 -0.8576 -2.9101 75.8059 3.0427 0.0000 25.3510 0.0000 0.3154 -7.0425 -179.5066 -0.0541 -7.1857 -0.0793 14.7681 67.1016 7.2885 0.0000 25.3508 -0.0001 
12.8435 96.4003 -31.6507 5.5610 1.4036 -1.1580 0.7963 -0.7863 0.0114 0.7964 -0.7863 0.0114 0.7987 -0.7886 0.0114 -256.2360 90.0000 0.0000 -35.0290 53.9327 -17.0452 -59.1910 38.7104 57.7282 -0.6557 -4.7437 -7.2477 0.0000 0.0000 0.0001 0.0000 0.0000 0.0000 0.0000 -0.0013 -0.0008 0.0000 -0.0004 0.0001 0.0000 0.0000 0.0000 0.0000 0.0000 0.0000 0.0000 0.0003 0.0000 0.0000 -0.0006 0.0003 0.0000 0.0004 -0.0006 0.0000 0.0000 0.0001 0.0000 0.0000 0.0000 0.0000 -0.0010 -0.0002 0.0000 0.0002 30.0001 -0.0001 0.0005 -29.9998 0.0000 0.0000 0.0000 -1.3241 -1.1133 0.9236 -1.3241 -1.1133 0.9236 -37.1149 85.0380 70.2407 -16.8449 58.4227 -21.9353 6.8856 12.4905 -4.0820 0.1310 1.1407 0.8133 0.0000 -0.0001 0.0001 0.0000 0.0000 0.0000 0.0000 -0.0006 0.0003 0.0000 -0.0001 0.0001 0.0000 0.0000 0.0000 0.0000 0.0000 0.0000 0.0000 0.0007 0.0001 0.0000 -0.0011 0.0001 0.0000 -0.0008 0.0003 0.0000 0.0001 0.0000 0.0000 0.0000 0.0000 0.0000 -0.0008 0.0000 0.0000 0.0002 -29.9996 -0.0001 -0.0003 29.9996 0.0000 0.0000 0.0000 -1.0061 2.7180 -179.5114 -11.1444 -7.3446 -0.8871 -2.4237 75.7488 3.5359 0.0000 25.3510 0.0000 0.0976 -6.6076 -179.5844 -0.0536 -6.8359 -0.0795 15.0146 66.9163 7.1040 0.0000 25.3508 -0.0001 
12.9483 96.4027 -31.7601 6.2697 1.1947 -1.1555 1.0155 -0.7588 -0.0813 1.0156 -0.7588 -0.0814 1.0185 -0.7610 -0.0816 -256.4026 90.0000 0.0000 -33.5696 54.4477 -14.2454 -53.6632 38.9539 63.2618 -0.8263 -4.6778 -7.6973 0.0000 0.0000 0.0001 0.0000 0.0000 0.0000 0.0000 -0.0013 -0.0008 0.0000 -0.0004 0.0001 0.0000 0.0000 0.0000 0.0000 0.0000 0.0000 0.0000 0.0002 0.0000 0.0000 -0.0006 0.0003 0.0000 0.0004 -0.0006 0.0000 0.0000 0.0001 0.0000 0.0000 0.0000 0.0000 -0.0010 -0.0002 0.0000 0.0002 30.0001 -0.0001 0.0005 -29.9998 0.0000 0.0000 0.0000 -1.4312 -1.1436 0.8675 -1.4312 -1.1436 0.8675 -34.6851 85.0284 72.6461 -14.0953 60.2499 -17.6305 9.8698 8.4232 0.6677 0.0533 1.0303 0.7465 0.0000 -0.0001 0.0001 0.0000 0.0000 0.0000 0.0000 -0.0006 0.0003 0.0000 -0.0001 0.0001 0.0000 0.0000 0.0000 0.0000 0.0000 0.0000 0.0000 0.0007 0.0001 0.0000 -0.0012 0.0001 0.0000 -0.0008 0.0003 0.0000 0.0001 0.0000 0.0000 0.0000 0.0000 0.0000 -0.0008 0.0000 0.0000 0.0002 -29.9996 -0.0001 -0.0003 29.9996 0.0000 0.0000 0.0000 -1.1485 2.7132 -179.5175 -10.6779 -7.4874 -0.9204 -1.9140 75.6986 4.0198 0.0000 25.3511 0.0000 -0.1442 -6.1991 -179.6709 -0.0534 -6.5101 -0.0797 15.2804 66.7540 6.9576 0.0000 25.3508 -0.0001 
13.0437 96.3994 -31.8431 6.9693 1.0082 -1.1471 1.2224 -0.7378 -0.1627 1.2226 -0.7378 -0.1627 1.2261 -0.7399 -0.1632 -256.5028 90.0000 0.0000 -31.4995 54.8436 -10.9049 -48.5047 38.6944 68.1345 -1.0214 -4.5486 -8.1287 0.0000 0.0000 0.0001 0.0000 0.0000 0.0000 0.0000 -0.0013 -0.0008 0.0000 -0.0004 0.0001 0.0000 0.0000 0.0000 0.0000 0.0000 0.0000 0.0000 0.0002 0.0000 0.0000 -0.0006 0.0003 0.0000 0.0004 -0.0006 0.0000 0.0000 0.0001 0.0000 0.0000 0.0000 0.0000 -0.0010 -0.0002 0.0000 0.0002 30.0001 -0.0001 0.0005 -29.9998 0.0000 0.0000 0.0000 -1.5223 -1.1665 0.7828 -1.5223 -1.1665 0.7828 -33.1633 85.0453 74.1961 -10.0169 62.0795 -12.0574 13.1900 4.0582 4.4114 -0.0042 0.9348 0.7160 0.0000 -0.0001 0.0001 0.0000 0.0000 0.0000 0.0000 -0.0006 0.0003 0.0000 -0.0001 0.0001 0.0000 0.0000 0.0000 0.0000 0.0000 0.0000 0.0000 0.0007 0.0001 0.0000 -0.0012 0.0001 0.0000 -0.0008 0.0003 0.0000 0.0002 0.0000 0.0000 0.0000 0.0000 0.0000 -0.0009 0.0000 0.0000 0.0002 -29.9996 -0.0001 -0.0003 29.9996 0.0000 0.0000 0.0000 -1.2325 2.7093 -179.5303 -10.1847 -7.6084 -0.9598 -1.3884 75.6454 4.5030 0.0000 25.3510 0.0000 -0.3957 -5.8115 -179.7630 -0.0526 -6.1931 -0.0799 15.5625 66.6036 6.8401 0.0000 25.3508 -0.0001 
13.1424 96.3978 -31.9154 7.6542 0.8416 -1.1344 1.4120 -0.7226 -0.2330 1.4123 -0.7226 -0.2330 1.4162 -0.7247 -0.2337 -256.5718 90.0000 0.0000 -29.0842 55.0879 -7.3020 -43.7356 38.0805 72.3431 -1.2361 -4.3643 -8.5278 0.0000 0.0000 0.0001 0.0000 0.0000 0.0000 0.0000 -0.0013 -0.0008 0.0000 -0.0004 0.0001 0.0000 0.0000 0.0000 0.0000 0.0000 0.0000 0.0000 0.0002 0.0000 0.0000 -0.0006 0.0003 0.0000 0.0004 -0.0006 0.0000 0.0000 0.0001 0.0000 0.0000 0.0000 0.0000 -0.0010 -0.0002 0.0000 0.0002 30.0001 -0.0001 0.0005 -29.9998 0.0000 0.0000 0.0000 -1.5945 -1.1825 0.6789 -1.5945 -1.1825 0.6789 -32.3451 85.0750 75.0784 -4.5062 63.7462 -5.1393 16.8565 -0.4396 7.1461 -0.0475 0.8445 0.7079 0.0000 -0.0001 0.0001 0.0000 0.0000 0.0000 0.0000 -0.0006 0.0003 0.0000 -0.0001 0.0001 0.0000 0.0000 0.0000 0.0000 0.0000 0.0000 0.0000 0.0007 0.0001 0.0000 -0.0012 0.0001 0.0000 -0.0008 0.0003 0.0000 0.0001 0.0000 0.0000 0.0000 0.0000 0.0000 -0.0009 0.0000 0.0000 0.0002 -29.9996 -0.0001 -0.0003 29.9996 0.0000 0.0000 0.0000 -1.2646 2.6996 -179.5464 -9.6669 -7.7125 -1.0063 -0.8602 75.5850 4.9820 0.0000 25.3510 0.0000 -0.6470 -5.4305 -179.8629 -0.0516 -5.8606 -0.0801 15.8519 66.4501 6.7401 0.0000 25.3508 -0.0001 
13.2573 96.3986 -31.9982 8.3026 0.7043 -1.1215 1.5655 -0.7191 -0.2849 1.5659 -0.7192 -0.2850 1.5702 -0.7212 -0.2858 -256.5894 90.0000 0.0000 -26.3969 55.0861 -3.5839 -39.5021 37.2460 75.6627 -1.4747 -4.1154 -8.8790 0.0000 0.0000 0.0001 0.0000 0.0000 0.0000 0.0000 -0.0013 -0.0008 0.0000 -0.0004 0.0001 0.0000 0.0000 0.0000 0.0000 0.0000 0.0000 0.0000 0.0002 0.0000 0.0000 -0.0006 0.0003 0.0000 0.0004 -0.0006 0.0000 0.0000 0.0001 0.0000 0.0000 0.0000 0.0000 -0.0010 -0.0002 0.0000 0.0002 30.0001 -0.0001 0.0005 -29.9998 0.0000 0.0000 0.0000 -1.6290 -1.1844 0.5584 -1.6290 -1.1844 0.5584 -32.3648 85.1235 75.1548 2.6834 65.0419 3.2805 21.2698 -4.7358 8.6684 -0.0774 0.7446 0.7212 0.0000 -0.0001 0.0001 0.0000 0.0000 0.0000 0.0000 -0.0006 0.0003 0.0000 -0.0001 0.0001 0.0000 0.0000 0.0000 0.0000 0.0000 0.0000 0.0000 0.0007 0.0001 0.0000 -0.0012 0.0001 0.0000 -0.0008 0.0003 0.0000 0.0001 0.0000 0.0000 0.0000 0.0000 0.0000 -0.0008 0.0000 0.0000 0.0002 -29.9997 -0.0001 -0.0003 29.9996 0.0000 0.0000 0.0000 -1.2526 2.6666 -179.5615 -9.1489 -7.8046 -1.0593 -0.3550 75.5114 5.4381 0.0000 25.3510 0.0000 -0.8821 -5.0508 -179.9706 -0.0503 -5.4842 -0.0803 16.1686 66.2769 6.6804 0.0000 25.3508 -0.0001 
13.3773 96.4023 -32.0994 8.9029 0.5917 -1.1161 1.6833 -0.7248 -0.3204 1.6838 -0.7249 -0.3205 1.6884 -0.7269 -0.3214 -256.5635 90.0000 0.0000 -23.6993 54.8975 0.0141 -35.6634 36.2509 78.2934 -1.7247 -3.8138 -9.1772 0.0000 0.0000 0.0001 0.0000 0.0000 0.0000 0.0000 -0.0013 -0.0008 0.0000 -0.0004 0.0001 0.0000 0.0000 0.0000 0.0000 0.0000 0.0000 0.0000 0.0002 0.0000 0.0000 -0.0006 0.0003 0.0000 0.0004 -0.0006 0.0000 0.0000 0.0001 0.0000 0.0000 0.0000 0.0000 -0.0010 -0.0002 0.0000 0.0002 30.0001 -0.0001 0.0005 -29.9998 0.0000 0.0000 0.0000 -1.6263 -1.1700 0.4394 -1.6263 -1.1700 0.4394 -32.7257 85.1844 74.9026 10.8286 65.7077 12.5066 26.4656 -8.4907 9.1520 -0.0962 0.6299 0.7400 0.0000 -0.0001 0.0001 0.0000 0.0000 0.0000 0.0000 -0.0006 0.0003 0.0000 -0.0001 0.0001 0.0000 0.0000 0.0000 0.0000 0.0000 0.0000 0.0000 0.0007 0.0001 0.0000 -0.0012 0.0001 0.0000 -0.0008 0.0003 0.0000 0.0001 0.0000 0.0000 0.0000 0.0000 0.0000 -0.0008 0.0000 0.0000 0.0002 -29.9996 -0.0001 -0.0003 29.9996 0.0000 0.0000 0.0000 -1.2385 2.6057 -179.5755 -8.6743 -7.8989 -1.1074 0.1053 75.4322 5.8546 0.0000 25.3510 0.0000 -1.0929 -4.6784 179.9218 -0.0478 -5.0799 -0.0806 16.4879 66.0881 6.6404 0.0000 25.3508 -0.0001 
13.4927 96.4068 -32.2053 9.4468 0.5005 -1.1166 1.7715 -0.7405 -0.3442 1.7720 -0.7406 -0.3443 1.7768 -0.7426 -0.3452 -256.4966 90.0000 0.0000 -21.0929 54.5691 3.4097 -32.1026 35.1516 80.3478 -1.9799 -3.4680 -9.4205 0.0000 0.0000 0.0001 0.0000 0.0000 0.0000 0.0000 -0.0013 -0.0008 0.0000 -0.0004 0.0001 0.0000 0.0000 0.0000 0.0000 0.0000 0.0000 0.0000 0.0002 0.0000 0.0000 -0.0006 0.0003 0.0000 0.0004 -0.0006 0.0000 0.0000 0.0001 0.0000 0.0000 0.0000 0.0000 -0.0010 -0.0002 0.0000 0.0002 30.0001 -0.0001 0.0005 -29.9998 0.0000 0.0000 0.0000 -1.5933 -1.1363 0.3334 -1.5933 -1.1363 0.3334 -33.2720 85.2566 74.4761 19.0558 65.6807 21.6696 32.3986 -11.5196 8.7615 -0.1056 0.5021 0.7534 0.0000 -0.0001 0.0001 0.0000 0.0000 0.0000 0.0000 -0.0006 0.0003 0.0000 -0.0001 0.0001 0.0000 0.0000 0.0000 0.0000 0.0000 0.0000 0.0000 0.0007 0.0001 0.0000 -0.0012 0.0001 0.0000 -0.0008 0.0003 0.0000 0.0001 0.0000 0.0000 0.0000 0.0000 0.0000 -0.0009 0.0000 0.0000 0.0002 -29.9997 -0.0001 -0.0003 29.9996 0.0000 0.0000 0.0000 -1.2359 2.5201 -179.5963 -8.2618 -7.9949 -1.1425 0.5132 75.3500 6.2238 0.0000 25.3510 0.0000 -1.2730 -4.3100 179.8116 -0.0449 -4.6479 -0.0809 16.8043 65.8846 6.6176 0.0000 25.3508 -0.0001 
13.5946 96.4025 -32.2962 9.8793 0.4368 -1.1253 1.8252 -0.7739 -0.3546 1.8257 -0.7741 -0.3547 1.8307 -0.7762 -0.3557 -256.4159 90.0000 0.0000 -18.7956 54.0976 6.3401 -28.7583 34.0584 81.7256 -2.2429 -3.0777 -9.5995 0.0000 0.0000 0.0001 0.0000 0.0000 0.0000 0.0000 -0.0013 -0.0008 0.0000 -0.0004 0.0001 0.0000 0.0000 0.0000 0.0000 0.0000 0.0000 0.0000 0.0002 0.0000 0.0000 -0.0007 0.0003 0.0000 0.0004 -0.0006 0.0000 0.0000 0.0001 0.0000 0.0000 0.0000 0.0000 -0.0010 -0.0002 0.0000 0.0002 30.0001 -0.0001 0.0005 -29.9998 0.0000 0.0000 0.0000 -1.5281 -1.0700 0.2622 -1.5281 -1.0700 0.2622 -34.0443 85.3534 73.8327 26.2088 64.9896 29.5791 39.0876 -13.3302 7.5745 -0.1052 0.3654 0.7606 0.0000 -0.0001 0.0001 0.0000 0.0000 0.0000 0.0000 -0.0006 0.0003 0.0000 -0.0001 0.0001 0.0000 0.0000 0.0000 0.0000 0.0000 0.0000 0.0000 0.0007 0.0001 0.0000 -0.0012 0.0001 0.0000 -0.0008 0.0003 0.0000 0.0001 0.0000 0.0000 0.0000 0.0000 0.0000 -0.0009 0.0000 0.0000 0.0002 -29.9996 -0.0001 -0.0003 29.9996 0.0000 0.0000 0.0000 -1.2577 2.4026 -179.6319 -7.9662 -8.0932 -1.1556 0.8412 75.2665 6.5262 0.0000 25.3510 0.0000 -1.4026 -3.9711 179.7030 -0.0418 -4.2195 -0.0812 17.0878 65.6802 6.6153 0.0000 25.3508 -0.0001 
13.6956 96.3964 -32.3748 10.1957 0.3903 -1.1402 1.8572 -0.8186 -0.3549 1.8578 -0.8188 -0.3550 1.8628 -0.8210 -0.3560 -256.2962 90.0000 0.0000 -16.6513 53.5578 8.9797 -25.5442 33.1176 82.6295 -2.5047 -2.6768 -9.7095 0.0000 0.0000 0.0001 0.0000 0.0000 0.0000 0.0000 -0.0013 -0.0008 0.0000 -0.0004 0.0001 0.0000 0.0000 0.0000 0.0000 0.0000 0.0000 0.0000 0.0002 0.0000 0.0000 -0.0006 0.0003 0.0000 0.0004 -0.0006 0.0000 0.0000 0.0001 0.0000 0.0000 0.0000 0.0000 -0.0010 -0.0002 0.0000 0.0002 30.0001 -0.0001 0.0005 -29.9998 0.0000 0.0000 0.0000 -1.4477 -0.9878 0.2232 -1.4477 -0.9878 0.2232 -35.0197 85.4585 72.9750 31.9054 63.9104 35.9620 45.8883 -14.0147 5.9465 -0.0984 0.2340 0.7555 0.0000 -0.0001 0.0001 0.0000 0.0000 0.0000 0.0000 -0.0006 0.0003 0.0000 -0.0001 0.0001 0.0000 0.0000 0.0000 0.0000 0.0000 0.0000 0.0000 0.0007 0.0001 0.0000 -0.0012 0.0001 0.0000 -0.0008 0.0003 0.0000 0.0001 0.0000 0.0000 0.0000 0.0000 0.0000 -0.0009 0.0000 0.0000 0.0002 -29.9996 -0.0001 -0.0003 29.9996 0.0000 0.0000 0.0000 -1.3025 2.2703 -179.6769 -7.7804 -8.1908 -1.1558 1.1035 75.1862 6.7809 0.0000 25.3510 0.0000 -1.4914 -3.6880 179.6028 -0.0383 -3.8481 -0.0814 17.3042 65.4943 6.6150 0.0000 25.3508 -0.0001 
13.7999 96.3893 -32.4568 10.3996 0.3502 -1.1613 1.8733 -0.8673 -0.3467 1.8739 -0.8675 -0.3469 1.8789 -0.8698 -0.3478 -256.1362 90.0000 0.0000 -14.4023 52.8976 11.5859 -22.6033 32.4453 83.0771 -2.7658 -2.2760 -9.7452 0.0000 0.0000 0.0001 0.0000 0.0000 0.0000 0.0000 -0.0013 -0.0008 0.0000 -0.0004 0.0001 0.0000 0.0000 0.0000 0.0000 0.0000 0.0000 0.0000 0.0002 0.0000 0.0000 -0.0006 0.0003 0.0000 0.0004 -0.0006 0.0000 0.0000 0.0001 0.0000 0.0000 0.0000 0.0000 -0.0010 -0.0002 0.0000 0.0002 30.0001 -0.0001 0.0005 -29.9998 0.0000 0.0000 0.0000 -1.3620 -0.9006 0.2134 -1.3620 -0.9006 0.2134 -36.1427 85.5623 71.9606 36.0315 62.7203 40.7324 52.4565 -13.7276 4.2207 -0.0882 0.1158 0.7411 0.0000 -0.0001 0.0001 0.0000 0.0000 0.0000 0.0000 -0.0006 0.0003 0.0000 -0.0001 0.0001 0.0000 0.0000 0.0000 0.0000 0.0000 0.0000 0.0000 0.0007 0.0001 0.0000 -0.0012 0.0001 0.0000 -0.0008 0.0003 0.0000 0.0001 0.0000 0.0000 0.0000 0.0000 0.0000 -0.0009 0.0000 0.0000 0.0002 -29.9996 -0.0001 -0.0003 29.9996 0.0000 0.0000 0.0000 -1.3657 2.1416 -179.7317 -7.6958 -8.2785 -1.1428 1.3110 75.1097 6.9992 0.0000 25.3510 0.0000 -1.5460 -3.4688 179.5122 -0.0348 -3.5596 -0.0816 17.4495 65.3341 6.6160 0.0000 25.3508 -0.0001 
13.9107 96.3894 -32.5642 10.4286 0.3013 -1.1892 1.8678 -0.9128 -0.3251 1.8684 -0.9131 -0.3252 1.8734 -0.9155 -0.3261 -255.9226 90.0000 0.0000 -11.8025 52.0661 14.2659 -20.1574 32.2320 82.9082 -3.0512 -1.8352 -9.6602 0.0000 0.0000 0.0001 0.0000 0.0000 0.0000 0.0000 -0.0013 -0.0008 0.0000 -0.0004 0.0001 0.0000 0.0000 0.0000 0.0000 0.0000 0.0000 0.0000 0.0002 0.0000 0.0000 -0.0007 0.0003 0.0000 0.0004 -0.0006 0.0000 0.0000 0.0001 0.0000 0.0000 0.0000 0.0000 -0.0010 -0.0002 0.0000 0.0002 30.0001 -0.0001 0.0005 -29.9998 0.0000 0.0000 0.0000 -1.2759 -0.8192 0.2351 -1.2759 -0.8192 0.2351 -37.4960 85.6576 70.6927 38.1539 61.7451 43.4655 58.3658 -12.4305 2.6205 -0.0759 0.0187 0.7294 0.0000 -0.0001 0.0001 0.0000 0.0000 0.0000 0.0000 -0.0006 0.0003 0.0000 -0.0001 0.0001 0.0000 0.0000 0.0000 0.0000 0.0000 0.0000 0.0000 0.0007 0.0001 0.0000 -0.0012 0.0001 0.0000 -0.0008 0.0003 0.0000 0.0001 0.0000 0.0000 0.0000 0.0000 0.0000 -0.0008 0.0000 0.0000 0.0002 -29.9996 -0.0001 -0.0003 29.9996 0.0000 0.0000 0.0000 -1.4475 2.0497 -179.8074 -7.7590 -8.3344 -1.1042 1.4502 75.0380 7.1775 0.0000 25.3510 0.0000 -1.5400 -3.3209 179.4267 -0.0323 -3.3556 -0.0818 17.4925 65.1792 6.6204 0.0000 25.3508 -0.0001 
14.0190 96.3890 -32.6863 10.3098 0.2329 -1.2207 1.8468 -0.9489 -0.2916 1.8474 -0.9491 -0.2917 1.8523 -0.9517 -0.2925 -255.6848 90.0000 0.0000 -8.6967 51.1071 17.1947 -18.2073 32.3956 82.2215 -3.2881 -1.4292 -9.4737 0.0000 0.0000 0.0001 0.0000 0.0000 0.0000 0.0000 -0.0013 -0.0008 0.0000 -0.0004 0.0001 0.0000 0.0000 0.0000 0.0000 0.0000 0.0000 0.0000 0.0002 0.0000 0.0000 -0.0006 0.0003 0.0000 0.0004 -0.0006 0.0000 0.0000 0.0001 0.0000 0.0000 0.0000 0.0000 -0.0010 -0.0002 0.0000 0.0002 30.0001 -0.0001 0.0005 -29.9998 0.0000 0.0000 0.0000 -1.1976 -0.7517 0.2668 -1.1976 -0.7517 0.2668 -39.0435 85.7537 69.2192 39.0108 61.0601 44.8897 63.4774 -10.5107 1.2371 -0.0631 -0.0608 0.7232 0.0000 -0.0001 0.0001 0.0000 0.0000 0.0000 0.0000 -0.0006 0.0003 0.0000 -0.0001 0.0001 0.0000 0.0000 0.0000 0.0000 0.0000 0.0000 0.0000 0.0007 0.0001 0.0000 -0.0012 0.0001 0.0000 -0.0008 0.0003 0.0000 0.0001 0.0000 0.0000 0.0000 0.0000 0.0000 -0.0009 0.0000 0.0000 0.0002 -29.9996 -0.0001 -0.0003 29.9996 0.0000 0.0000 0.0000 -1.5452 2.0059 -179.9057 -7.9363 -8.3515 -1.0473 1.5453 74.9629 7.3498 0.0000 25.3510 0.0000 -1.4850 -3.1968 179.3494 -0.0300 -3.1800 -0.0819 17.4312 65.0149 6.6096 0.0000 25.3508 -0.0001 
14.1236 96.3848 -32.8093 10.0564 0.1430 -1.2545 1.8118 -0.9748 -0.2457 1.8124 -0.9751 -0.2458 1.8173 -0.9777 -0.2465 -255.4309 90.0000 0.0000 -5.1589 50.0031 20.2666 -16.7111 32.9022 81.1162 -3.4740 -1.0594 -9.2058 0.0000 0.0000 0.0001 0.0000 0.0000 0.0000 0.0000 -0.0013 -0.0008 0.0000 -0.0004 0.0001 0.0000 0.0000 0.0000 0.0000 0.0000 0.0000 0.0000 0.0002 0.0000 0.0000 -0.0006 0.0003 0.0000 0.0004 -0.0006 0.0000 0.0000 0.0001 0.0000 0.0000 0.0000 0.0000 -0.0010 -0.0002 0.0000 0.0002 30.0001 -0.0001 0.0005 -29.9998 0.0000 0.0000 0.0000 -1.1245 -0.6989 0.2942 -1.1245 -0.6989 0.2942 -40.7453 85.8478 67.5803 39.2249 60.5959 45.5956 67.7421 -8.1604 0.0290 -0.0499 -0.1280 0.7236 0.0000 -0.0001 0.0001 0.0000 0.0000 0.0000 0.0000 -0.0006 0.0003 0.0000 -0.0001 0.0001 0.0000 0.0000 0.0000 0.0000 0.0000 0.0000 0.0000 0.0007 0.0001 0.0000 -0.0011 0.0001 0.0000 -0.0008 0.0003 0.0000 0.0001 0.0000 0.0000 0.0000 0.0000 0.0000 -0.0008 0.0000 0.0000 0.0002 -29.9997 -0.0001 -0.0003 29.9996 0.0000 0.0000 0.0000 -1.6537 2.0092 179.9800 -8.2109 -8.3322 -0.9820 1.6059 74.8802 7.5279 0.0000 25.3510 0.0000 -1.3810 -3.0816 179.2849 -0.0272 -3.0142 -0.0820 17.2746 64.8367 6.5768 0.0000 25.3508 -0.0001 
14.2329 96.3766 -32.9287 9.6150 0.0193 -1.2861 1.7510 -0.9877 -0.1820 1.7516 -0.9880 -0.1820 1.7563 -0.9906 -0.1826 -255.1631 90.0000 0.0000 -1.0403 48.6273 23.5168 -16.0083 33.8018 79.3590 -3.6334 -0.7045 -8.8991 0.0000 0.0000 0.0001 0.0000 0.0000 0.0000 0.0000 -0.0013 -0.0008 0.0000 -0.0004 0.0001 0.0000 0.0000 0.0000 0.0000 0.0000 0.0000 0.0000 0.0002 0.0000 0.0000 -0.0006 0.0003 0.0000 0.0004 -0.0006 0.0000 0.0000 0.0001 0.0000 0.0000 0.0000 0.0000 -0.0010 -0.0002 0.0000 0.0002 30.0001 -0.0001 0.0005 -29.9998 0.0000 0.0000 0.0000 -1.0261 -0.6621 0.2959 -1.0261 -0.6621 0.2959 -42.6762 85.9449 65.7162 38.7886 60.4789 45.4313 70.9841 -5.4231 -1.1246 -0.0362 -0.1849 0.7388 0.0000 -0.0001 0.0001 0.0000 0.0000 0.0000 0.0000 -0.0006 0.0003 0.0000 -0.0001 0.0001 0.0000 0.0000 0.0000 0.0000 0.0000 0.0000 0.0000 0.0007 0.0001 0.0000 -0.0012 0.0001 0.0000 -0.0008 0.0003 0.0000 0.0001 0.0000 0.0000 0.0000 0.0000 0.0000 -0.0009 0.0000 0.0000 0.0002 -29.9996 -0.0001 -0.0003 29.9996 0.0000 0.0000 0.0000 -1.7654 2.0881 179.8398 -8.6327 -8.2575 -0.8975 1.6007 74.7807 7.6746 0.0000 25.3510 0.0000 -1.2010 -2.9649 179.2350 -0.0239 -2.8498 -0.0821 17.0094 64.6407 6.5304 0.0000 25.3508 -0.0001 
14.3521 96.3668 -33.0536 9.0498 -0.1269 -1.3160 1.6590 -0.9962 -0.1039 1.6594 -0.9965 -0.1039 1.6639 -0.9992 -0.1042 77.7571 87.3020 -24.6885 3.2231 47.1357 26.5593 -15.8089 34.8164 77.1585 -3.7606 -0.3430 -8.5737 0.0000 0.0000 0.0001 0.0000 0.0000 0.0000 0.0000 -0.0013 -0.0008 0.0000 -0.0004 0.0001 0.0000 0.0000 0.0000 0.0000 0.0000 0.0000 0.0000 0.0002 -0.0001 0.0000 -0.0006 0.0003 0.0000 0.0004 -0.0006 0.0000 0.0000 0.0001 0.0000 0.0000 0.0000 0.0000 -0.0010 -0.0002 0.0000 0.0002 30.0001 -0.0001 0.0005 -29.9998 0.0000 0.0000 0.0000 -0.9162 -0.6299 0.2727 -0.9162 -0.6299 0.2727 -44.8041 86.0479 63.6660 38.2189 60.5111 44.9105 73.4679 -2.3950 -2.2852 -0.0214 -0.2398 0.7659 0.0000 -0.0001 0.0001 0.0000 0.0000 0.0000 0.0000 -0.0006 0.0003 0.0000 -0.0001 0.0001 0.0000 0.0000 0.0000 0.0000 0.0000 0.0000 0.0000 0.0007 0.0001 0.0000 -0.0012 0.0001 0.0000 -0.0008 0.0003 0.0000 0.0001 0.0000 0.0000 0.0000 0.0000 0.0000 -0.0009 0.0000 0.0000 0.0002 -29.9997 -0.0001 -0.0003 29.9996 0.0000 0.0000 0.0000 -1.8792 2.2221 179.6788 -9.1746 -8.1397 -0.7854 1.5355 74.6741 7.7588 0.0000 25.3510 0.0000 -0.9735 -2.8582 179.1855 -0.0212 -2.7007 -0.0822 16.7207 64.4381 6.5277 0.0000 25.3508 -0.0001 
14.4753 96.3592 -33.1889 8.3838 -0.2903 -1.3482 1.5403 -1.0032 -0.0133 1.5407 -1.0034 -0.0133 1.5449 -1.0062 -0.0133 75.5119 87.0863 -26.9732 7.4066 45.6232 29.2178 -15.9090 35.8123 74.5986 -3.8529 0.0348 -8.2362 0.0000 0.0000 0.0001 0.0000 0.0000 0.0000 0.0000 -0.0013 -0.0008 0.0000 -0.0004 0.0001 0.0000 0.0000 0.0000 0.0000 0.0000 0.0000 0.0000 0.0002 0.0000 0.0000 -0.0006 0.0003 0.0000 0.0004 -0.0006 0.0000 0.0000 0.0001 0.0000 0.0000 0.0000 0.0000 -0.0010 -0.0002 0.0000 0.0003 30.0001 -0.0001 0.0005 -29.9998 0.0000 0.0000 0.0000 -0.8065 -0.5942 0.2306 -0.8065 -0.5942 0.2306 -47.0725 86.1534 61.4898 37.6884 60.6228 44.2160 75.3654 0.8933 -3.4944 -0.0048 -0.2984 0.8068 0.0000 -0.0001 0.0001 0.0000 0.0000 0.0000 0.0000 -0.0006 0.0003 0.0000 -0.0001 0.0001 0.0000 0.0000 0.0000 0.0000 0.0000 0.0000 0.0000 0.0007 0.0001 0.0000 -0.0011 0.0001 0.0000 -0.0008 0.0003 0.0000 0.0001 0.0000 0.0000 0.0000 0.0000 0.0000 -0.0009 0.0000 0.0000 0.0002 -29.9997 -0.0001 -0.0003 29.9995 0.0000 0.0000 0.0000 -1.9822 2.3935 179.5041 -9.8022 -7.9890 -0.6517 1.4270 74.5616 7.7956 0.0000 25.3510 0.0000 -0.7102 -2.7677 179.1393 -0.0191 -2.5719 -0.0823 16.4271 64.2319 6.5785 0.0000 25.3508 -0.0001 
14.5897 96.3526 -33.3351 7.5885 -0.4744 -1.3896 1.3872 -1.0108 0.0938 1.3875 -1.0110 0.0938 1.3913 -1.0138 0.0940 72.8356 86.8858 -29.6551 11.3856 44.2055 31.2867 -16.2991 36.5892 71.5456 -3.9049 0.4528 -7.8912 0.0000 0.0000 0.0001 0.0000 0.0000 0.0000 0.0000 -0.0013 -0.0008 0.0000 -0.0004 0.0001 0.0000 0.0000 0.0000 0.0000 0.0000 0.0000 0.0000 0.0002 0.0000 0.0000 -0.0006 0.0003 0.0000 0.0004 -0.0006 0.0000 0.0000 0.0001 0.0000 0.0000 0.0000 0.0000 -0.0010 -0.0002 0.0000 0.0002 30.0001 -0.0001 0.0005 -29.9998 0.0000 0.0000 0.0000 -0.7082 -0.5411 0.1603 -0.7082 -0.5411 0.1603 -49.3140 86.2579 59.3743 37.3080 60.8191 43.3440 76.5708 4.4829 -4.8731 0.0148 -0.3663 0.8665 0.0000 -0.0001 0.0001 0.0000 0.0000 0.0000 0.0000 -0.0006 0.0003 0.0000 -0.0001 0.0001 0.0000 0.0000 0.0000 0.0000 0.0000 0.0000 0.0000 0.0007 0.0001 0.0000 -0.0012 0.0001 0.0000 -0.0008 0.0003 0.0000 0.0001 0.0000 0.0000 0.0000 0.0000 0.0000 -0.0009 0.0000 0.0000 0.0002 -29.9997 -0.0001 -0.0003 29.9996 0.0000 0.0000 0.0000 -2.0570 2.5961 179.3256 -10.4994 -7.8077 -0.5113 1.2784 74.4367 7.8130 0.0000 25.3510 0.0000 -0.4057 -2.6950 179.1085 -0.0176 -2.4681 -0.0823 16.1294 64.0270 6.7031 0.0000 25.3508 -0.0001 
14.6918 96.3458 -33.4893 6.7091 -0.6713 -1.4379 1.2041 -1.0190 0.2116 1.2043 -1.0192 0.2117 1.2077 -1.0221 0.2122 70.4128 86.7115 -32.0662 14.9993 42.9053 32.7780 -16.8082 37.1672 68.1416 -3.9214 0.8989 -7.5425 0.0000 0.0000 0.0001 0.0000 0.0000 0.0000 0.0000 -0.0013 -0.0008 0.0000 -0.0004 0.0001 0.0000 0.0000 0.0000 0.0000 0.0000 0.0000 0.0000 0.0002 0.0000 0.0000 -0.0006 0.0003 0.0000 0.0004 -0.0006 0.0000 0.0000 0.0001 0.0000 0.0000 0.0000 0.0000 -0.0010 -0.0002 0.0000 0.0002 30.0001 -0.0001 0.0005 -29.9998 0.0000 0.0000 0.0000 -0.6162 -0.4671 0.0609 -0.6162 -0.4671 0.0609 -51.3846 86.3528 57.4499 36.9274 61.0560 42.2381 77.2688 8.2839 -6.3176 0.0385 -0.4484 0.9487 0.0000 -0.0001 0.0001 0.0000 0.0000 0.0000 0.0000 -0.0006 0.0003 0.0000 -0.0001 0.0001 0.0000 0.0000 0.0000 0.0000 0.0000 0.0000 0.0000 0.0007 0.0001 0.0000 -0.0012 0.0001 0.0000 -0.0008 0.0003 0.0000 0.0001 0.0000 0.0000 0.0000 0.0000 0.0000 -0.0009 0.0000 0.0000 0.0002 -29.9996 -0.0001 -0.0003 29.9996 0.0000 0.0000 0.0000 -2.0704 2.8049 179.1615 -11.1717 -7.6253 -0.3848 1.0980 74.3081 7.8362 0.0000 25.3510 0.0000 -0.0776 -2.6298 179.1001 -0.0161 -2.3754 -0.0824 15.8016 63.8269 6.8527 0.0000 25.3508 -0.0001 
14.7855 96.3371 -33.6500 5.7753 -0.8757 -1.4919 0.9931 -1.0264 0.3380 0.9933 -1.0265 0.3381 0.9961 -1.0294 0.3390 67.9518 86.5594 -34.5026 18.2596 41.7573 33.7788 -17.3549 37.5845 64.4341 -3.9020 1.3592 -7.1901 0.0000 0.0000 0.0001 0.0000 0.0000 0.0000 0.0000 -0.0013 -0.0008 0.0000 -0.0004 0.0001 0.0000 0.0000 0.0000 0.0000 0.0000 0.0000 0.0000 0.0002 0.0000 0.0000 -0.0006 0.0003 0.0000 0.0004 -0.0006 0.0000 0.0000 0.0001 0.0000 0.0000 0.0000 0.0000 -0.0010 -0.0002 0.0000 0.0002 30.0001 -0.0001 0.0005 -29.9998 0.0000 0.0000 0.0000 -0.5380 -0.3804 -0.0649 -0.5380 -0.3803 -0.0649 -53.2047 86.4359 55.7911 36.4830 61.3352 40.8689 77.5084 12.2318 -7.8231 0.0680 -0.5506 1.0585 0.0000 -0.0001 0.0001 0.0000 0.0000 0.0000 0.0000 -0.0006 0.0003 0.0000 -0.0001 0.0001 0.0000 0.0000 0.0000 0.0000 0.0000 0.0000 0.0000 0.0007 0.0001 0.0000 -0.0012 0.0001 0.0000 -0.0008 0.0003 0.0000 0.0001 0.0000 0.0000 0.0000 0.0000 0.0000 -0.0009 0.0000 0.0000 0.0002 -29.9996 -0.0001 -0.0003 29.9996 0.0000 0.0000 0.0000 -2.0584 3.0125 179.0074 -11.8309 -7.4511 -0.2645 0.8874 74.1882 7.8640 0.0000 25.3510 0.0000 0.2602 -2.5741 179.1132 -0.0145 -2.3005 -0.0824 15.4398 63.6380 7.0099 0.0000 25.3508 -0.0001 
14.8761 96.3205 -33.8124 4.7653 -1.0899 -1.5517 0.7515 -1.0279 0.4752 0.7516 -1.0280 0.4753 0.7538 -1.0309 0.4766 65.1489 86.4519 -37.2693 21.0828 40.9065 34.2059 -17.8554 37.6895 60.4108 -3.8148 1.8211 -6.7962 0.0000 0.0000 0.0001 0.0000 0.0000 0.0000 0.0000 -0.0013 -0.0008 0.0000 -0.0004 0.0001 0.0000 0.0000 0.0000 0.0000 0.0000 0.0000 0.0000 0.0002 0.0000 0.0000 -0.0006 0.0003 0.0000 0.0004 -0.0006 0.0000 0.0000 0.0001 0.0000 0.0000 0.0000 0.0000 -0.0010 -0.0002 0.0000 0.0002 30.0001 -0.0001 0.0005 -29.9998 0.0000 0.0000 0.0000 -0.4867 -0.2892 -0.2262 -0.4867 -0.2892 -0.2262 -54.4909 86.5000 54.6737 35.8405 61.6843 39.0503 77.1143 16.2720 -9.4805 0.1057 -0.6795 1.2074 0.0000 -0.0001 0.0001 0.0000 0.0000 0.0000 0.0000 -0.0006 0.0003 0.0000 -0.0001 0.0001 0.0000 0.0000 0.0000 0.0000 0.0000 0.0000 0.0000 0.0007 0.0001 0.0000 -0.0012 0.0001 0.0000 -0.0008 0.0003 0.0000 0.0001 0.0000 0.0000 0.0000 0.0000 0.0000 -0.0008 0.0000 0.0000 0.0002 -29.9996 -0.0001 -0.0003 29.9996 0.0000 0.0000 0.0000 -2.0228 3.2179 178.8654 -12.4986 -7.2993 -0.1508 0.6566 74.0934 7.9086 0.0000 25.3510 0.0000 0.6219 -2.5197 179.1405 -0.0133 -2.2081 -0.0825 15.0289 63.4289 7.1660 0.0000 25.3508 -0.0001 
14.9681 96.3013 -33.9658 3.7024 -1.3061 -1.6090 0.4948 -1.0197 0.6172 0.4949 -1.0197 0.6173 0.4963 -1.0227 0.6191 62.3053 86.3772 -40.0761 24.6670 40.6184 34.6837 -18.3263 37.5075 56.2048 -3.2056 1.9489 -5.6475 0.0000 0.0000 0.0001 0.0000 0.0000 0.0000 0.0000 -0.0013 -0.0008 0.0000 -0.0004 0.0001 0.0000 0.0000 0.0000 0.0000 0.0000 0.0000 0.0000 0.0002 0.0000 0.0000 -0.0006 0.0003 0.0000 0.0004 -0.0006 0.0000 0.0000 0.0001 0.0000 0.0000 0.0000 0.0000 -0.0010 -0.0002 0.0000 0.0002 30.0001 -0.0001 0.0005 -29.9998 0.0000 0.0000 0.0000 -0.4341 -0.2087 -0.4108 -0.4341 -0.2087 -0.4108 -55.1119 86.5480 54.2156 34.9655 62.0559 36.8287 76.0842 20.2794 -11.3094 0.1541 -0.8399 1.4021 0.0000 -0.0001 0.0001 0.0000 0.0000 0.0000 0.0000 -0.0006 0.0003 0.0000 -0.0001 0.0001 0.0000 0.0000 0.0000 0.0000 0.0000 0.0000 0.0000 0.0007 0.0001 0.0000 -0.0012 0.0001 0.0000 -0.0008 0.0003 0.0000 0.0001 0.0000 0.0000 0.0000 0.0000 0.0000 -0.0008 0.0000 0.0000 0.0002 -29.9996 -0.0001 -0.0003 29.9996 0.0000 0.0000 0.0000 -1.9432 3.4167 178.7378 -13.1591 -7.1693 -0.0530 0.4343 74.0178 7.9738 0.0000 25.3510 0.0000 1.0099 -2.4572 179.1655 -0.0125 -2.0732 -0.0825 14.5803 63.1869 7.3134 0.0000 25.3508 -0.0001 
15.0533 96.2808 -34.1081 2.6005 -1.5202 -1.6618 0.2287 -1.0014 0.7618 0.2287 -1.0015 0.7619 0.2293 -1.0044 0.7641 59.5894 86.3259 -42.7482 27.9380 40.6007 35.0095 -18.8117 37.1052 51.7763 -2.6179 1.9719 -4.5970 0.0000 0.0000 0.0001 0.0000 0.0000 0.0000 0.0000 -0.0013 -0.0008 0.0000 -0.0004 0.0001 0.0000 0.0000 0.0000 0.0000 0.0000 0.0000 0.0000 0.0002 0.0000 0.0000 -0.0006 0.0003 0.0000 0.0004 -0.0006 0.0000 0.0000 0.0001 0.0000 0.0000 0.0000 0.0000 -0.0010 -0.0002 0.0000 0.0002 30.0001 -0.0001 0.0005 -29.9998 0.0000 0.0000 0.0000 -0.3792 -0.1454 -0.6070 -0.3792 -0.1454 -0.6070 -55.0368 86.5826 54.4349 33.8740 62.4174 34.2581 74.3981 24.1931 -13.3870 0.2163 -1.0370 1.6527 0.0000 -0.0001 0.0001 0.0000 0.0000 0.0000 0.0000 -0.0006 0.0003 0.0000 -0.0001 0.0001 0.0000 0.0000 0.0000 0.0000 0.0000 0.0000 0.0000 0.0007 0.0001 0.0000 -0.0012 0.0001 0.0000 -0.0008 0.0003 0.0000 0.0001 0.0000 0.0000 0.0000 0.0000 0.0000 -0.0009 0.0000 0.0000 0.0002 -29.9997 -0.0001 -0.0003 29.9996 0.0000 0.0000 0.0000 -1.8161 3.6088 178.6213 -13.8055 -7.0546 0.0303 0.2222 73.9546 8.0529 0.0000 25.3510 0.0000 1.4192 -2.3543 179.1935 -0.0111 -1.8318 -0.0825 14.0756 62.8857 7.4212 0.0000 25.3508 -0.0001 
15.1262 96.2638 -34.2384 1.4605 -1.7263 -1.7078 -0.0437 -0.9709 0.9086 -0.0437 -0.9710 0.9087 -0.0438 -0.9737 0.9113 56.9158 86.3192 -45.3547 30.7855 40.9583 35.1850 -19.4177 36.3554 46.9350 -2.0700 1.9105 -3.6668 0.0000 0.0000 0.0001 0.0000 0.0000 0.0000 0.0000 -0.0013 -0.0008 0.0000 -0.0004 0.0001 0.0000 0.0000 0.0000 0.0000 0.0000 0.0000 0.0000 0.0002 0.0000 0.0000 -0.0006 0.0003 0.0000 0.0004 -0.0006 0.0000 0.0000 0.0001 0.0000 0.0000 0.0000 0.0000 -0.0010 -0.0002 0.0000 0.0002 30.0001 -0.0001 0.0005 -29.9998 0.0000 0.0000 0.0000 -0.3193 -0.1104 -0.8027 -0.3193 -0.1104 -0.8027 -54.0536 86.6028 55.5216 32.4032 62.7199 31.1805 71.8069 27.8713 -15.9049 0.2999 -1.2660 1.9936 0.0000 -0.0001 0.0001 0.0000 0.0000 0.0000 0.0000 -0.0006 0.0003 0.0000 -0.0001 0.0001 0.0000 0.0000 0.0000 0.0000 0.0000 0.0000 0.0000 0.0007 0.0001 0.0000 -0.0011 0.0001 0.0000 -0.0008 0.0003 0.0000 0.0001 0.0000 0.0000 0.0000 0.0000 0.0000 -0.0009 0.0000 0.0000 0.0002 -29.9996 -0.0001 -0.0003 29.9996 0.0000 0.0000 0.0000 -1.6301 3.7907 178.5181 -14.4308 -6.9613 0.0961 0.0214 73.9083 8.1432 0.0000 25.3510 0.0000 1.8449 -2.1943 179.2310 -0.0087 -1.4578 -0.0826 13.4878 62.5246 7.4673 0.0000 25.3508 -0.0001 
15.1959 96.2448 -34.3656 0.3022 -1.9228 -1.7415 -0.3113 -0.9319 1.0526 -0.3114 -0.9319 1.0528 -0.3123 -0.9346 1.0558 54.2221 86.3480 -47.9519 33.3099 41.5181 35.3090 -20.2010 35.4128 41.8243 -1.5954 1.7895 -2.8797 0.0000 0.0000 0.0001 0.0000 0.0000 0.0000 0.0000 -0.0013 -0.0008 0.0000 -0.0004 0.0001 0.0000 0.0000 0.0000 0.0000 0.0000 0.0000 0.0000 0.0002 0.0000 0.0000 -0.0006 0.0003 0.0000 0.0004 -0.0006 0.0000 0.0000 0.0001 0.0000 0.0000 0.0000 0.0000 -0.0010 -0.0002 0.0000 0.0002 30.0001 -0.0001 0.0005 -29.9998 0.0000 0.0000 0.0000 -0.2571 -0.0951 -0.9863 -0.2571 -0.0951 -0.9863 -52.7483 86.6189 56.8998 30.5753 62.9608 27.6556 68.5015 31.2877 -18.8558 0.4049 -1.5226 2.4060 0.0000 -0.0001 0.0001 0.0000 0.0000 0.0000 0.0000 -0.0006 0.0002 0.0000 -0.0001 0.0001 0.0000 0.0000 0.0000 0.0000 0.0000 0.0000 0.0000 0.0007 0.0001 0.0000 -0.0012 0.0001 0.0000 -0.0008 0.0003 0.0000 0.0001 0.0000 0.0000 0.0000 0.0000 0.0000 -0.0009 0.0000 0.0000 0.0002 -29.9996 -0.0001 -0.0003 29.9996 0.0000 0.0000 0.0000 -1.4418 3.9561 178.4163 -15.0727 -6.8900 0.1484 -0.1712 73.8752 8.2413 0.0000 25.3510 0.0000 2.2788 -1.9557 179.2650 -0.0053 -0.9041 -0.0827 12.8374 62.0746 7.4604 0.0000 25.3508 -0.0001 
15.2725 96.2233 -34.4953 -0.8684 -2.1113 -1.7647 -0.5706 -0.8870 1.1918 -0.5707 -0.8871 1.1921 -0.5723 -0.8896 1.1954 51.5644 86.4022 -50.4880 35.5191 42.2181 35.3795 -21.0942 34.3443 36.6570 -1.2089 1.6384 -2.2435 0.0000 0.0000 0.0001 0.0000 0.0000 0.0000 0.0000 -0.0013 -0.0008 0.0000 -0.0004 0.0001 0.0000 0.0000 0.0000 0.0000 0.0000 0.0000 0.0000 0.0002 0.0000 0.0000 -0.0006 0.0003 0.0000 0.0004 -0.0006 0.0000 0.0000 0.0001 0.0000 0.0000 0.0000 0.0000 -0.0010 -0.0002 0.0000 0.0002 30.0001 -0.0001 0.0005 -29.9998 0.0000 0.0000 0.0000 -0.1927 -0.0941 -1.1521 -0.1927 -0.0941 -1.1521 -51.2681 86.6394 58.4320 28.4588 63.1142 23.7430 64.5615 34.4178 -22.2414 0.5345 -1.8033 2.8934 0.0000 -0.0001 0.0001 0.0000 0.0000 0.0000 0.0000 -0.0006 0.0003 0.0000 -0.0001 0.0001 0.0000 0.0000 0.0000 0.0000 0.0000 0.0000 0.0000 0.0007 0.0001 0.0000 -0.0012 0.0001 0.0000 -0.0008 0.0003 0.0000 0.0001 0.0000 0.0000 0.0000 0.0000 0.0000 -0.0009 0.0000 0.0000 0.0002 -29.9996 -0.0001 -0.0003 29.9996 0.0000 0.0000 0.0000 -1.2241 4.1059 178.3211 -15.6954 -6.8421 0.1842 -0.3507 73.8536 8.3545 0.0000 25.3510 0.0000 2.7236 -1.8317 179.2901 -0.0033 -0.5552 -0.0827 12.2266 61.7189 7.5062 0.0000 25.3508 -0.0001 
15.3576 96.1980 -34.6303 -2.0468 -2.2909 -1.7788 -0.8130 -0.8367 1.3234 -0.8132 -0.8368 1.3237 -0.8155 -0.8391 1.3274 48.9318 86.4847 -52.9332 37.2465 43.0818 35.2130 -22.0822 33.1557 31.6198 -0.9119 1.4846 -1.7581 0.0000 0.0000 0.0001 0.0000 0.0000 0.0000 0.0000 -0.0013 -0.0008 0.0000 -0.0004 0.0001 0.0000 0.0000 0.0000 0.0000 0.0000 0.0000 0.0000 0.0002 0.0000 0.0000 -0.0006 0.0003 0.0000 0.0004 -0.0006 0.0000 0.0000 0.0001 0.0000 0.0000 0.0000 0.0000 -0.0010 -0.0002 0.0000 0.0002 30.0001 -0.0002 0.0005 -29.9998 0.0000 0.0000 0.0000 -0.1277 -0.1138 -1.2833 -0.1277 -0.1138 -1.2833 -49.6890 86.6617 60.0404 26.0327 63.1264 19.4146 59.9495 37.1441 -26.0901 0.6933 -2.0905 3.4646 0.0000 -0.0001 0.0001 0.0000 0.0000 0.0000 0.0000 -0.0006 0.0003 0.0000 -0.0001 0.0001 0.0000 0.0000 0.0000 0.0000 0.0000 0.0000 0.0000 0.0007 0.0001 0.0000 -0.0012 0.0001 0.0000 -0.0008 0.0003 0.0000 0.0001 0.0000 0.0000 0.0000 0.0000 0.0000 -0.0008 0.0000 0.0000 0.0002 -29.9996 -0.0001 -0.0003 29.9996 0.0000 0.0000 0.0000 -0.9847 4.2398 178.2312 -16.3048 -6.8257 0.2067 -0.5127 73.8511 8.4824 0.0000 25.3510 0.0000 3.1773 -2.0113 179.3076 -0.0049 -0.7847 -0.0827 11.7023 61.6395 7.6598 0.0000 25.3508 -0.0001 
15.4325 96.1689 -34.7623 -3.2217 -2.4661 -1.7861 -1.0414 -0.7777 1.4494 -1.0417 -0.7779 1.4499 -1.0446 -0.7799 1.4538 46.0334 86.5612 -55.5513 38.4550 44.0993 34.7054 -23.0877 31.9372 26.5496 -0.6826 1.3402 -1.3844 0.0000 0.0000 0.0001 0.0000 0.0000 0.0000 0.0000 -0.0013 -0.0008 0.0000 -0.0004 0.0001 0.0000 0.0000 0.0000 0.0000 0.0000 0.0000 0.0000 0.0002 0.0000 0.0000 -0.0006 0.0003 0.0000 0.0004 -0.0006 0.0000 0.0000 0.0001 0.0000 0.0000 0.0000 0.0000 -0.0010 -0.0002 0.0000 0.0002 30.0001 -0.0001 0.0005 -29.9998 0.0000 0.0000 0.0000 -0.0645 -0.1627 -1.3867 -0.0645 -0.1627 -1.3867 -48.3027 86.6662 61.4410 23.5927 63.0195 14.9708 54.7803 39.4784 -30.3553 0.8837 -2.3784 4.1136 0.0000 0.0000 0.0001 0.0000 0.0000 0.0000 0.0000 -0.0006 0.0003 0.0000 -0.0001 0.0001 0.0000 0.0000 0.0000 0.0000 0.0000 0.0000 0.0000 0.0007 0.0001 0.0000 -0.0012 0.0001 0.0000 -0.0008 0.0003 0.0000 0.0001 0.0000 0.0000 0.0000 0.0000 0.0000 -0.0009 0.0000 0.0000 0.0002 -29.9997 -0.0001 -0.0003 29.9996 0.0000 0.0000 0.0000 -0.7451 4.3645 178.1419 -16.9141 -6.8313 0.2230 -0.6529 73.8649 8.6251 0.0000 25.3510 0.0000 3.6278 -2.4301 179.3327 -0.0095 -1.4853 -0.0826 11.2105 61.7933 7.8576 0.0000 25.3508 -0.0001 
15.4971 96.1364 -34.8903 -4.3906 -2.6364 -1.7880 -1.2549 -0.7101 1.5709 -1.2553 -0.7103 1.5715 -1.2587 -0.7121 1.5757 42.9801 86.6194 -58.3226 39.2440 45.1873 33.9467 -24.1048 30.6837 21.5606 -0.5095 1.2145 -1.1045 0.0000 0.0000 0.0001 0.0000 0.0000 0.0000 0.0000 -0.0013 -0.0008 0.0000 -0.0004 0.0001 0.0000 0.0000 0.0000 0.0000 0.0000 0.0000 0.0000 0.0002 0.0000 0.0000 -0.0006 0.0003 0.0000 0.0004 -0.0006 0.0000 0.0000 0.0001 0.0000 0.0000 0.0000 0.0000 -0.0010 -0.0002 0.0000 0.0002 30.0001 -0.0001 0.0005 -29.9998 0.0000 0.0000 0.0000 -0.0077 -0.2367 -1.4690 -0.0077 -0.2367 -1.4690 -47.1872 86.6465 62.5591 21.3419 62.8256 10.6110 49.0908 41.3841 -35.0036 1.1071 -2.6536 4.8329 0.0000 -0.0001 0.0001 0.0000 0.0000 0.0000 0.0000 -0.0006 0.0003 0.0000 -0.0001 0.0001 0.0000 0.0000 0.0000 0.0000 0.0000 0.0000 0.0000 0.0007 0.0001 0.0000 -0.0012 0.0001 0.0000 -0.0008 0.0003 0.0000 0.0001 0.0000 0.0000 0.0000 0.0000 0.0000 -0.0008 0.0000 0.0000 0.0002 -29.9996 -0.0001 -0.0003 29.9996 0.0000 0.0000 0.0000 -0.5083 4.4807 178.0512 -17.5208 -6.8470 0.2344 -0.7736 73.8862 8.7858 0.0000 25.3510 0.0000 4.0859 -2.8927 179.3655 -0.0149 -2.2688 -0.0824 10.6867 61.9901 8.0126 0.0000 25.3508 -0.0001 
15.5571 96.0970 -35.0290 -5.5372 -2.7999 -1.7829 -1.4577 -0.6346 1.6862 -1.4583 -0.6348 1.6869 -1.4621 -0.6364 1.6913 40.2179 86.6744 -60.8500 39.6166 46.3390 32.8958 -25.2483 29.2959 16.7562 -0.3810 1.1133 -0.9029 0.0000 0.0000 0.0001 0.0000 0.0000 0.0000 0.0000 -0.0013 -0.0008 0.0000 -0.0004 0.0001 0.0000 0.0000 0.0000 0.0000 0.0000 0.0000 0.0000 0.0002 0.0000 0.0000 -0.0006 0.0003 0.0000 0.0004 -0.0006 0.0000 0.0000 0.0001 0.0000 0.0000 0.0000 0.0000 -0.0010 -0.0002 0.0000 0.0002 30.0001 -0.0001 0.0005 -29.9998 0.0000 0.0000 0.0000 0.0537 -0.3329 -1.5285 0.0537 -0.3329 -1.5285 -46.4784 86.5934 63.2203 19.5611 62.5535 6.6289 42.8314 42.7204 -39.9849 1.3641 -2.8833 5.6145 0.0000 -0.0001 0.0001 0.0000 0.0000 0.0000 0.0000 -0.0006 0.0003 0.0000 -0.0001 0.0001 0.0000 0.0000 0.0000 0.0000 0.0000 0.0000 0.0000 0.0007 0.0001 0.0000 -0.0012 0.0001 0.0000 -0.0008 0.0003 0.0000 0.0001 0.0000 0.0000 0.0000 0.0000 0.0000 -0.0008 0.0000 0.0000 0.0002 -29.9997 -0.0001 -0.0003 29.9996 0.0000 0.0000 0.0000 -0.2808 4.5939 177.9563 -18.1174 -6.8570 0.2430 -0.8892 73.9036 8.9486 0.0000 25.3510 0.0000 4.5605 -3.2926 179.3997 -0.0197 -2.9036 -0.0822 10.1201 62.1057 8.0855 0.0000 25.3508 -0.0001 
15.6158 96.0523 -35.1962 -6.6499 -2.9546 -1.7691 -1.6358 -0.5587 1.7887 -1.6366 -0.5589 1.7896 -1.6408 -0.5603 1.7941 38.0858 86.7252 -62.7484 39.7705 47.5128 31.6927 -26.5745 27.7431 12.0330 -0.2818 1.0341 -0.7536 0.0000 0.0000 0.0001 0.0000 0.0000 0.0000 0.0000 -0.0013 -0.0008 0.0000 -0.0004 0.0001 0.0000 0.0000 0.0000 0.0000 0.0000 0.0000 0.0000 0.0002 0.0000 0.0000 -0.0006 0.0003 0.0000 0.0004 -0.0006 0.0000 0.0000 0.0001 0.0000 0.0000 0.0000 0.0000 -0.0010 -0.0002 0.0000 0.0002 30.0001 -0.0002 0.0005 -29.9998 0.0000 0.0000 0.0000 0.0921 -0.4354 -1.5688 0.0921 -0.4354 -1.5688 -45.8954 86.5224 63.7574 18.3630 62.2691 3.1912 36.1029 43.4521 -45.2146 1.6520 -3.0408 6.4329 0.0000 -0.0001 0.0001 0.0000 0.0000 0.0000 0.0000 -0.0006 0.0003 0.0000 -0.0001 0.0001 0.0000 0.0000 0.0000 0.0000 0.0000 0.0000 0.0000 0.0007 0.0001 0.0000 -0.0011 0.0001 0.0000 -0.0008 0.0003 0.0000 0.0001 0.0000 0.0000 0.0000 0.0000 0.0000 -0.0008 0.0000 0.0000 0.0002 -29.9996 -0.0001 -0.0003 29.9996 0.0000 0.0000 0.0000 -0.0755 4.7071 177.8584 -18.7157 -6.8561 0.2550 -1.0409 73.9125 9.0586 0.0000 25.3510 0.0000 5.0213 -3.7033 179.4293 -0.0251 -3.5145 -0.0820 9.5438 62.1930 8.1320 0.0000 25.3508 -0.0001 
15.6668 96.0034 -35.3846 -7.7262 -3.0950 -1.7475 -1.7983 -0.4899 1.8791 -1.7993 -0.4901 1.8801 -1.8037 -0.4913 1.8847 36.7954 86.7897 -63.8281 39.7288 48.6999 30.3913 -28.0830 25.9889 7.2083 -0.2008 0.9735 -0.6395 0.0000 0.0000 0.0001 0.0000 0.0000 0.0000 0.0000 -0.0013 -0.0008 0.0000 -0.0004 0.0001 0.0000 0.0000 0.0000 0.0000 0.0000 0.0000 0.0000 0.0003 0.0000 0.0000 -0.0006 0.0003 0.0000 0.0004 -0.0006 0.0000 0.0000 0.0001 0.0000 0.0000 0.0000 0.0000 -0.0010 -0.0002 0.0000 0.0002 30.0001 -0.0001 0.0005 -29.9998 0.0000 0.0000 0.0000 0.1214 -0.5308 -1.5947 0.1215 -0.5308 -1.5947 -45.4421 86.4366 64.1402 17.6236 62.0135 0.2646 29.1595 43.5534 -50.5200 1.9743 -3.0780 7.2533 0.0000 -0.0001 0.0001 0.0000 0.0000 0.0000 0.0000 -0.0006 0.0003 0.0000 -0.0001 0.0001 0.0000 0.0000 0.0000 0.0000 0.0000 0.0000 0.0000 0.0007 0.0001 0.0000 -0.0012 0.0001 0.0000 -0.0008 0.0003 0.0000 0.0001 0.0000 0.0000 0.0000 0.0000 0.0000 -0.0008 0.0000 0.0000 0.0002 -29.9997 -0.0001 -0.0003 29.9996 0.0000 0.0000 0.0000 0.1063 4.8112 177.7608 -19.3158 -6.8498 0.2684 -1.2288 73.9156 9.1148 0.0000 25.3510 0.0000 5.4549 -4.1275 179.4585 -0.0305 -4.1060 -0.0816 8.9552 62.2601 8.1603 0.0000 25.3508 -0.0001 
15.7034 95.9620 -35.5543 -8.7350 -3.2106 -1.7125 -1.9308 -0.4384 1.9496 -1.9319 -0.4386 1.9507 -1.9366 -0.4396 1.9555 36.6968 86.8852 -63.8219 39.5866 49.7658 29.1616 -30.1214 23.9769 2.4331 -0.1362 0.9344 -0.5639 0.0000 0.0000 0.0001 0.0000 0.0000 0.0000 0.0000 -0.0013 -0.0008 0.0000 -0.0004 0.0001 0.0000 0.0000 0.0000 0.0000 0.0000 0.0000 0.0000 0.0002 0.0000 0.0000 -0.0006 0.0003 0.0000 0.0004 -0.0006 0.0000 0.0000 0.0001 0.0000 0.0000 0.0000 0.0000 -0.0010 -0.0002 0.0000 0.0002 30.0001 -0.0001 0.0005 -29.9998 0.0000 0.0000 0.0000 0.1282 -0.5974 -1.6030 0.1282 -0.5974 -1.6030 -45.1160 86.3438 64.3643 16.9382 61.9528 -1.9924 22.3054 42.9116 -55.6762 2.2096 -2.7800 7.6001 0.0000 -0.0001 0.0001 0.0000 0.0000 0.0000 0.0000 -0.0006 0.0003 0.0000 -0.0001 0.0001 0.0000 0.0000 0.0000 0.0000 0.0000 0.0000 0.0000 0.0007 0.0001 0.0000 -0.0012 0.0001 0.0000 -0.0008 0.0003 0.0000 0.0001 0.0000 0.0000 0.0000 0.0000 0.0000 -0.0009 0.0000 0.0000 0.0002 -29.9996 -0.0001 -0.0003 29.9996 0.0000 0.0000 0.0000 0.2510 4.8994 177.6576 -19.9022 -6.8297 0.2793 -1.4520 73.9083 9.1183 0.0000 25.3510 0.0000 5.8439 -4.5153 179.4799 -0.0346 -4.6064 -0.0813 8.3801 62.2933 8.1855 0.0000 25.3508 -0.0001 
15.7361 95.9264 -35.6871 -9.6700 -3.3063 -1.6683 -2.0368 -0.4064 2.0022 -2.0381 -0.4066 2.0034 -2.0430 -0.4074 2.0082 37.2952 87.0110 -63.1357 39.4186 50.7041 27.9484 -32.6763 21.7238 -2.1410 -0.0825 0.9134 -0.5160 0.0000 0.0000 0.0001 0.0000 0.0000 0.0000 0.0000 -0.0013 -0.0008 0.0000 -0.0004 0.0001 0.0000 0.0000 0.0000 0.0000 0.0000 0.0000 0.0000 0.0003 0.0000 0.0000 -0.0006 0.0003 0.0000 0.0004 -0.0006 0.0000 0.0000 0.0001 0.0000 0.0000 0.0000 0.0000 -0.0010 -0.0002 0.0000 0.0002 30.0001 -0.0001 0.0005 -29.9998 0.0000 0.0000 0.0000 0.1146 -0.6251 -1.5987 0.1146 -0.6251 -1.5987 -44.9901 86.2752 64.3605 16.2643 61.8662 -4.0118 15.8902 41.7130 -60.4778 2.4161 -2.3834 7.7975 0.0000 -0.0001 0.0001 0.0000 0.0000 0.0000 0.0000 -0.0006 0.0003 0.0000 -0.0001 0.0001 0.0000 0.0000 0.0000 0.0000 0.0000 0.0000 0.0000 0.0007 0.0001 0.0000 -0.0011 0.0001 0.0000 -0.0008 0.0003 0.0000 0.0001 0.0000 0.0000 0.0000 0.0000 0.0000 -0.0009 0.0000 0.0000 0.0002 -29.9996 -0.0001 -0.0003 29.9995 0.0000 0.0000 0.0000 0.3710 4.9845 177.5568 -20.4525 -6.7932 0.2786 -1.6850 73.8959 9.1001 0.0000 25.3510 0.0000 6.1921 -4.8223 179.4855 -0.0379 -4.9354 -0.0811 7.8443 62.2519 8.2225 0.0000 25.3508 -0.0001 
15.7716 95.8974 -35.7885 -10.5290 -3.3866 -1.6195 -2.1167 -0.3900 2.0394 -2.1181 -0.3902 2.0408 -2.1231 -0.3910 2.0456 38.3645 87.1452 -61.9619 39.1345 51.5923 26.6799 -35.6506 19.1728 -6.4894 -0.0353 0.9050 -0.4897 0.0000 0.0000 0.0001 0.0000 0.0000 0.0000 0.0000 -0.0013 -0.0008 0.0000 -0.0004 0.0001 0.0000 0.0000 0.0000 0.0000 0.0000 0.0000 0.0000 0.0002 0.0000 0.0000 -0.0006 0.0003 0.0000 0.0004 -0.0006 0.0000 0.0000 0.0001 0.0000 0.0000 0.0000 0.0000 -0.0010 -0.0002 0.0000 0.0002 30.0001 -0.0001 0.0005 -29.9998 0.0000 0.0000 0.0000 0.0856 -0.6250 -1.5827 0.0856 -0.6250 -1.5827 -44.8916 86.2252 64.3539 15.5176 61.6988 -5.9997 10.0490 40.0984 -64.8277 2.6179 -1.9506 7.9430 0.0000 -0.0001 0.0001 0.0000 0.0000 0.0000 0.0000 -0.0006 0.0003 0.0000 -0.0001 0.0001 0.0000 0.0000 0.0000 0.0000 0.0000 0.0000 0.0000 0.0007 0.0001 0.0000 -0.0011 0.0001 0.0000 -0.0008 0.0003 0.0000 0.0002 0.0000 0.0000 0.0000 0.0000 0.0000 -0.0009 0.0000 0.0000 0.0002 -29.9997 -0.0001 -0.0003 29.9996 0.0000 0.0000 0.0000 0.4788 5.0724 177.4635 -20.9638 -6.7445 0.2688 -1.9098 73.8853 9.0661 0.0000 25.3510 0.0000 6.4997 -5.0520 179.4761 -0.0407 -5.1126 -0.0809 7.3550 62.1476 8.2759 0.0000 25.3508 -0.0001 
15.8010 95.8674 -35.8740 -11.2587 -3.4473 -1.5775 -2.1643 -0.3906 2.0615 -2.1658 -0.3908 2.0629 -2.1708 -0.3916 2.0677 39.5962 87.2658 -60.6120 38.3578 52.4902 25.1217 -39.3137 16.1676 -10.6241 0.0070 0.9027 -0.4939 0.0000 0.0000 0.0001 0.0000 0.0000 0.0000 0.0000 -0.0013 -0.0008 0.0000 -0.0004 0.0001 0.0000 0.0000 0.0000 0.0000 0.0000 0.0000 0.0000 0.0002 0.0000 0.0000 -0.0006 0.0003 0.0000 0.0004 -0.0006 0.0000 0.0000 0.0001 0.0000 0.0000 0.0000 0.0000 -0.0010 -0.0002 0.0000 0.0002 30.0001 -0.0001 0.0005 -29.9998 0.0000 0.0000 0.0000 0.0407 -0.5980 -1.5515 0.0407 -0.5980 -1.5515 -44.8933 86.1858 64.2768 14.6009 61.3902 -8.0202 5.0102 38.1550 -68.5895 2.8137 -1.4890 8.0394 0.0000 -0.0001 0.0001 0.0000 0.0000 0.0000 0.0000 -0.0006 0.0002 0.0000 -0.0001 0.0001 0.0000 0.0000 0.0000 0.0000 0.0000 0.0000 0.0000 0.0007 0.0001 0.0000 -0.0012 0.0001 0.0000 -0.0008 0.0003 0.0000 0.0001 0.0000 0.0000 0.0000 0.0000 0.0000 -0.0009 0.0000 0.0000 0.0002 -29.9996 -0.0001 -0.0003 29.9996 0.0000 0.0000 0.0000 0.5916 5.1648 177.3915 -21.3922 -6.6802 0.2475 -2.0739 73.8817 9.0465 0.0000 25.3510 0.0000 6.7556 -5.2213 179.4644 -0.0422 -5.1481 -0.0808 6.9370 61.9765 8.3247 0.0000 25.3508 -0.0001 
15.8228 95.8387 -35.9550 -11.8621 -3.5010 -1.5445 -2.2009 -0.3947 2.0762 -2.2024 -0.3949 2.0777 -2.2075 -0.3957 2.0825 40.5560 87.3723 -59.5612 36.7115 53.5305 22.9937 -43.4102 12.6749 -14.4475 0.0456 0.8920 -0.5259 0.0000 0.0000 0.0001 0.0000 0.0000 0.0000 0.0000 -0.0013 -0.0008 0.0000 -0.0004 0.0001 0.0000 0.0000 0.0000 0.0000 0.0000 0.0000 0.0000 0.0002 0.0000 0.0000 -0.0006 0.0003 0.0000 0.0004 -0.0006 0.0000 0.0000 0.0001 0.0000 0.0000 0.0000 0.0000 -0.0010 -0.0002 0.0000 0.0002 30.0001 -0.0001 0.0005 -29.9998 0.0000 0.0000 0.0000 -0.0176 -0.5607 -1.5132 -0.0176 -0.5607 -1.5132 -45.2621 86.1463 63.8215 13.6004 60.9907 -10.0326 0.6397 36.0942 -71.7980 3.0040 -1.0204 8.0820 0.0000 -0.0001 0.0001 0.0000 0.0000 0.0000 0.0000 -0.0006 0.0003 0.0000 -0.0001 0.0001 0.0000 0.0000 0.0000 0.0000 0.0000 0.0000 0.0000 0.0007 0.0001 0.0000 -0.0012 0.0001 0.0000 -0.0008 0.0003 0.0000 0.0001 0.0000 0.0000 0.0000 0.0000 0.0000 -0.0008 0.0000 0.0000 0.0002 -29.9997 -0.0001 -0.0003 29.9996 0.0000 0.0000 0.0000 0.7069 5.2575 177.3408 -21.7283 -6.6039 0.2170 -2.1770 73.8740 9.0569 0.0000 25.3511 0.0000 6.9733 -5.3639 179.4613 -0.0428 -5.1410 -0.0808 6.5858 61.7921 8.3449 0.0000 25.3508 -0.0001 
15.8346 95.8134 -36.0375 -12.3460 -3.5533 -1.5213 -2.2224 -0.4001 2.0840 -2.2240 -0.4003 2.0855 -2.2291 -0.4011 2.0903 -258.2639 90.0000 0.0000 33.9212 54.7402 20.0068 -47.7122 8.7452 -17.7156 0.0794 0.8637 -0.5812 0.0000 0.0000 0.0001 0.0000 0.0000 0.0000 0.0000 -0.0013 -0.0008 0.0000 -0.0004 0.0001 0.0000 0.0000 0.0000 0.0000 0.0000 0.0000 0.0000 0.0002 -0.0001 0.0000 -0.0006 0.0003 0.0000 0.0004 -0.0006 0.0000 0.0000 0.0001 0.0000 0.0000 0.0000 0.0000 -0.0010 -0.0002 0.0000 0.0002 30.0001 -0.0001 0.0005 -29.9998 0.0000 0.0000 0.0000 -0.0926 -0.5160 -1.4726 -0.0926 -0.5160 -1.4726 -46.0450 86.1107 62.9641 12.5537 60.5347 -11.9914 -3.1940 34.0673 -74.4934 3.1714 -0.5707 8.0509 0.0000 -0.0001 0.0001 0.0000 0.0000 0.0000 0.0000 -0.0006 0.0003 0.0000 -0.0001 0.0001 0.0000 0.0000 0.0000 0.0000 0.0000 0.0000 0.0000 0.0007 0.0001 0.0000 -0.0012 0.0001 0.0000 -0.0008 0.0003 0.0000 0.0001 0.0000 0.0000 0.0000 0.0000 0.0000 -0.0009 0.0000 0.0000 0.0002 -29.9996 -0.0001 -0.0003 29.9996 0.0000 0.0000 0.0000 0.8117 5.3476 177.3125 -21.9879 -6.5224 0.1791 -2.2413 73.8585 9.0791 0.0000 25.3510 0.0000 7.1543 -5.4908 179.4705 -0.0425 -5.1090 -0.0808 6.2886 61.5974 8.3261 0.0000 25.3508 -0.0001 
15.8336 95.7937 -36.1342 -12.6539 -3.6129 -1.5133 -2.2299 -0.4065 2.0816 -2.2315 -0.4067 2.0831 -2.2366 -0.4076 2.0879 -258.3541 90.0000 0.0000 28.7848 56.2045 15.1381 -52.1663 4.4722 -20.0083 0.1033 0.7978 -0.6652 0.0000 0.0000 0.0001 0.0000 0.0000 0.0000 0.0000 -0.0013 -0.0008 0.0000 -0.0004 0.0001 0.0000 0.0000 0.0000 0.0000 0.0000 0.0000 0.0000 0.0002 0.0000 0.0000 -0.0006 0.0003 0.0000 0.0004 -0.0006 0.0000 0.0000 0.0001 0.0000 0.0000 0.0000 0.0000 -0.0010 -0.0002 0.0000 0.0002 30.0001 -0.0001 0.0005 -29.9998 0.0000 0.0000 0.0000 -0.1761 -0.4606 -1.4284 -0.1761 -0.4606 -1.4284 -47.2808 86.0648 61.6887 11.3863 59.9889 -13.9168 -6.4727 32.3392 -76.5772 3.3290 -0.1526 7.9625 0.0000 -0.0001 0.0001 0.0000 0.0000 0.0000 0.0000 -0.0006 0.0003 0.0000 -0.0001 0.0001 0.0000 0.0000 0.0000 0.0000 0.0000 0.0000 0.0000 0.0007 0.0001 0.0000 -0.0012 0.0001 0.0000 -0.0008 0.0003 0.0000 0.0001 0.0000 0.0000 0.0000 0.0000 0.0000 -0.0009 0.0000 0.0000 0.0002 -29.9996 -0.0001 -0.0003 29.9996 0.0000 0.0000 0.0000 0.8859 5.4334 177.3152 -22.1515 -6.4421 0.1345 -2.2785 73.8269 9.0876 0.0000 25.3510 0.0000 7.2722 -5.5910 179.4930 -0.0413 -5.0531 -0.0809 6.0712 61.3971 8.2631 0.0000 25.3508 -0.0001 
15.8329 95.7777 -36.2419 -12.8247 -3.6882 -1.5115 -2.2292 -0.4123 2.0703 -2.2308 -0.4125 2.0718 -2.2360 -0.4134 2.0766 -258.4010 90.0000 0.0000 21.2845 57.5718 8.2461 -56.5721 0.2095 -21.0668 0.1161 0.6916 -0.7592 0.0000 0.0000 0.0001 0.0000 0.0000 0.0000 0.0000 -0.0013 -0.0008 0.0000 -0.0004 0.0001 0.0000 0.0000 0.0000 0.0000 0.0000 0.0000 0.0000 0.0002 0.0000 0.0000 -0.0006 0.0003 0.0000 0.0004 -0.0006 0.0000 0.0000 0.0001 0.0000 0.0000 0.0000 0.0000 -0.0010 -0.0002 0.0000 0.0002 30.0001 -0.0001 0.0005 -29.9998 0.0000 0.0000 0.0000 -0.2617 -0.3924 -1.3754 -0.2617 -0.3924 -1.3754 -48.8483 86.0013 60.0673 10.0682 59.3636 -15.8231 -9.3041 30.9522 -78.1357 3.4780 0.2337 7.8269 0.0000 -0.0001 0.0001 0.0000 0.0000 0.0000 0.0000 -0.0006 0.0003 0.0000 -0.0001 0.0001 0.0000 0.0000 0.0000 0.0000 0.0000 0.0000 0.0000 0.0007 0.0001 0.0000 -0.0012 0.0001 0.0000 -0.0008 0.0003 0.0000 0.0002 0.0000 0.0000 0.0000 0.0000 0.0000 -0.0009 0.0000 0.0000 0.0002 -29.9997 -0.0001 -0.0003 29.9996 0.0000 0.0000 0.0000 0.9191 5.5140 177.3247 -22.2529 -6.3721 0.0968 -2.3153 73.7826 9.0705 0.0000 25.3510 0.0000 7.3341 -5.6310 179.5087 -0.0402 -4.9383 -0.0810 5.9283 61.1790 8.1951 0.0000 25.3508 -0.0001 
15.8422 95.7618 -36.3553 -12.8831 -3.7807 -1.5112 -2.2214 -0.4158 2.0521 -2.2230 -0.4160 2.0535 -2.2281 -0.4169 2.0583 -258.3959 90.0000 0.0000 11.8846 58.4448 -0.3402 -61.0597 -3.6881 -20.7802 0.1179 0.5475 -0.8453 0.0000 0.0000 0.0001 0.0000 0.0000 0.0000 0.0000 -0.0013 -0.0008 0.0000 -0.0004 0.0001 0.0000 0.0000 0.0000 0.0000 0.0000 0.0000 0.0000 0.0002 0.0000 0.0000 -0.0006 0.0003 0.0000 0.0004 -0.0006 0.0000 0.0000 0.0001 0.0000 0.0000 0.0000 0.0000 -0.0010 -0.0002 0.0000 0.0002 30.0001 -0.0001 0.0005 -29.9998 0.0000 0.0000 0.0000 -0.3565 -0.3095 -1.3165 -0.3565 -0.3095 -1.3165 -50.6220 85.9223 58.2251 8.5412 58.6469 -17.7757 -11.7272 29.9023 -79.2224 3.6156 0.5901 7.6511 0.0000 -0.0001 0.0001 0.0000 0.0000 0.0000 0.0000 -0.0006 0.0003 0.0000 -0.0001 0.0001 0.0000 0.0000 0.0000 0.0000 0.0000 0.0000 0.0000 0.0007 0.0001 0.0000 -0.0012 0.0001 0.0000 -0.0008 0.0003 0.0000 0.0001 0.0000 0.0000 0.0000 0.0000 0.0000 -0.0009 0.0000 0.0000 0.0002 -29.9996 -0.0001 -0.0003 29.9996 0.0000 0.0000 0.0000 0.9037 5.5870 177.3352 -22.3149 -6.3173 0.0691 -2.3597 73.7283 9.0282 0.0000 25.3510 0.0000 7.3455 -5.5987 179.5078 -0.0394 -4.7486 -0.0811 5.8549 60.9363 8.1410 0.0000 25.3508 -0.0001 
15.8710 95.7451 -36.4712 -12.8025 -3.9004 -1.5115 -2.2034 -0.4116 2.0287 -2.2049 -0.4118 2.0301 -2.2100 -0.4127 2.0348 -258.3026 90.0000 0.0000 1.1547 58.5156 -10.1108 -66.0630 -6.5830 -18.7635 0.1054 0.3644 -0.9160 0.0000 0.0000 0.0001 0.0000 0.0000 0.0000 0.0000 -0.0013 -0.0008 0.0000 -0.0004 0.0001 0.0000 0.0000 0.0000 0.0000 0.0000 0.0000 0.0000 0.0002 0.0000 0.0000 -0.0006 0.0003 0.0000 0.0004 -0.0006 0.0000 0.0000 0.0001 0.0000 0.0000 0.0000 0.0000 -0.0010 -0.0002 0.0000 0.0002 30.0001 -0.0001 0.0005 -29.9998 0.0000 0.0000 0.0000 -0.4295 -0.2114 -1.2634 -0.4295 -0.2114 -1.2634 -52.4447 85.8130 56.3086 6.5858 57.7736 -19.9114 -13.5452 29.3538 -79.6117 3.7346 0.9125 7.4365 0.0000 0.0000 0.0001 0.0000 0.0000 0.0000 0.0000 -0.0006 0.0003 0.0000 0.0000 0.0001 0.0000 0.0000 0.0000 0.0000 0.0000 0.0000 0.0000 0.0007 0.0001 0.0000 -0.0012 0.0001 0.0000 -0.0008 0.0003 0.0000 0.0002 0.0000 0.0000 0.0000 0.0000 0.0000 -0.0008 0.0000 0.0000 0.0002 -29.9996 -0.0001 -0.0003 29.9996 0.0000 0.0000 0.0000 0.8286 5.6571 177.3459 -22.3430 -6.2831 0.0583 -2.4239 73.6602 8.9310 0.0000 25.3510 0.0000 7.3028 -5.4563 179.4857 -0.0387 -4.4428 -0.0812 5.8762 60.6520 8.1079 0.0000 25.3507 -0.0001 
15.9016 95.7291 -36.5881 -12.6331 -4.0395 -1.5132 -2.1757 -0.3980 2.0041 -2.1772 -0.3982 2.0055 -2.1822 -0.3990 2.0102 -258.1415 90.0000 0.0000 -8.7858 57.7328 -19.1464 -71.3788 -8.0912 -15.6028 0.0867 0.1730 -0.9610 0.0000 0.0000 0.0001 0.0000 0.0000 0.0000 0.0000 -0.0013 -0.0008 0.0000 -0.0004 0.0001 0.0000 0.0000 0.0000 0.0000 0.0000 0.0000 0.0000 0.0002 0.0000 0.0000 -0.0006 0.0003 0.0000 0.0004 -0.0006 0.0000 0.0000 0.0001 0.0000 0.0000 0.0000 0.0000 -0.0010 -0.0002 0.0000 0.0002 30.0001 -0.0001 0.0005 -29.9998 0.0000 0.0000 0.0000 -0.4757 -0.1165 -1.2161 -0.4757 -0.1165 -1.2161 -54.0323 85.6803 54.6103 4.3075 56.7480 -22.1757 -14.7877 29.1144 -79.3458 3.8308 1.2214 7.1966 0.0000 -0.0001 0.0001 0.0000 0.0000 0.0000 0.0000 -0.0006 0.0003 0.0000 -0.0001 0.0001 0.0000 0.0000 0.0000 0.0000 0.0000 0.0000 0.0000 0.0007 0.0001 0.0000 -0.0012 0.0001 0.0000 -0.0008 0.0003 0.0000 0.0001 0.0000 0.0000 0.0000 0.0000 0.0000 -0.0009 0.0000 0.0000 0.0002 -29.9996 -0.0001 -0.0003 29.9996 0.0000 0.0000 0.0000 0.7353 5.7395 177.3528 -22.3461 -6.2584 0.0600 -2.4946 73.5834 8.7910 0.0000 25.3510 0.0000 7.2379 -5.2571 179.4601 -0.0370 -4.1003 -0.0814 5.9650 60.3617 8.0828 0.0000 25.3508 -0.0001 
15.9266 95.7152 -36.7010 -12.3953 -4.1925 -1.5148 -2.1394 -0.3763 1.9771 -2.1408 -0.3765 1.9784 -2.1458 -0.3772 1.9831 -257.9348 90.0000 0.0000 -17.1428 56.4062 -26.6653 -76.8516 -8.2054 -11.8488 0.0666 -0.0145 -0.9856 0.0000 0.0000 0.0001 0.0000 0.0000 0.0000 0.0000 -0.0013 -0.0008 0.0000 -0.0004 0.0001 0.0000 0.0000 0.0000 0.0000 0.0000 0.0000 0.0000 0.0002 0.0000 0.0000 -0.0006 0.0003 0.0000 0.0004 -0.0006 0.0000 0.0000 0.0001 0.0000 0.0000 0.0000 0.0000 -0.0010 -0.0002 0.0000 0.0002 30.0001 -0.0001 0.0005 -29.9998 0.0000 0.0000 0.0000 -0.4969 -0.0349 -1.1702 -0.4969 -0.0349 -1.1702 -55.4326 85.5301 53.0860 1.8481 55.6264 -24.4773 -15.5296 29.0763 -78.4383 3.8990 1.5265 6.9381 0.0000 -0.0001 0.0001 0.0000 0.0000 0.0000 0.0000 -0.0006 0.0003 0.0000 -0.0001 0.0001 0.0000 0.0000 0.0000 0.0000 0.0000 0.0000 0.0000 0.0007 0.0001 0.0000 -0.0011 0.0001 0.0000 -0.0008 0.0003 0.0000 0.0001 0.0000 0.0000 0.0000 0.0000 0.0000 -0.0009 0.0000 0.0000 0.0002 -29.9997 -0.0001 -0.0003 29.9996 0.0000 0.0000 0.0000 0.6343 5.8317 177.3571 -22.3226 -6.2443 0.0687 -2.5638 73.5044 8.6259 0.0000 25.3510 0.0000 7.1530 -5.0189 179.4338 -0.0345 -3.7379 -0.0816 6.0992 60.0703 8.0596 0.0000 25.3508 -0.0001 
15.9468 95.7098 -36.7982 -12.0736 -4.3593 -1.5140 -2.0862 -0.3448 1.9405 -2.0875 -0.3449 1.9417 -2.0925 -0.3457 1.9464 -257.7022 90.0000 0.0000 -23.0432 55.1211 -31.7955 -82.1321 -6.8549 -7.8278 0.0473 -0.1864 -1.0095 0.0000 0.0000 0.0001 0.0000 0.0000 0.0000 0.0000 -0.0013 -0.0008 0.0000 -0.0004 0.0001 0.0000 0.0000 0.0000 0.0000 0.0000 0.0000 0.0000 0.0002 0.0000 0.0000 -0.0006 0.0003 0.0000 0.0004 -0.0006 0.0000 0.0000 0.0001 0.0000 0.0000 0.0000 0.0000 -0.0010 -0.0002 0.0000 0.0002 30.0001 -0.0001 0.0005 -29.9998 0.0000 0.0000 0.0000 -0.4902 0.0144 -1.1102 -0.4902 0.0144 -1.1102 -56.4428 85.3626 51.9466 -0.7326 54.4740 -26.7245 -15.6106 29.2117 -76.5132 3.9240 1.8401 6.6655 0.0000 -0.0001 0.0001 0.0000 0.0000 0.0000 0.0000 -0.0006 0.0003 0.0000 -0.0001 0.0001 0.0000 0.0000 0.0000 0.0000 0.0000 0.0000 0.0000 0.0007 0.0001 0.0000 -0.0012 0.0001 0.0000 -0.0008 0.0003 0.0000 0.0001 0.0000 0.0000 0.0000 0.0000 0.0000 -0.0009 0.0000 0.0000 0.0002 -29.9996 -0.0001 -0.0003 29.9996 0.0000 0.0000 0.0000 0.5268 5.9281 177.3676 -22.2796 -6.2556 0.0806 -2.6228 73.4349 8.4208 0.0000 25.3511 0.0000 7.0326 -4.7276 179.3972 -0.0316 -3.3480 -0.0818 6.2898 59.7799 8.0483 0.0000 25.3508 -0.0001 
15.9699 95.7052 -36.8848 -11.6932 -4.5323 -1.5101 -2.0142 -0.3076 1.8906 -2.0154 -0.3077 1.8917 -2.0202 -0.3084 1.8963 -257.4899 90.0000 0.0000 -27.0680 54.0802 -34.9828 -86.8333 -4.6041 -3.9891 0.0319 -0.3476 -1.0491 0.0000 0.0000 0.0001 0.0000 0.0000 0.0000 0.0000 -0.0013 -0.0008 0.0000 -0.0004 0.0001 0.0000 0.0000 0.0000 0.0000 0.0000 0.0000 0.0000 0.0002 0.0000 0.0000 -0.0006 0.0003 0.0000 0.0004 -0.0006 0.0000 0.0000 0.0001 0.0000 0.0000 0.0000 0.0000 -0.0010 -0.0002 0.0000 0.0002 30.0001 -0.0001 0.0005 -29.9998 0.0000 0.0000 0.0000 -0.4783 0.0353 -1.0254 -0.4783 0.0353 -1.0254 -56.9769 85.1857 51.3014 -3.1765 53.3350 -28.7032 -15.2702 29.4376 -73.7739 3.9128 2.1649 6.3893 0.0000 -0.0001 0.0001 0.0000 0.0000 0.0000 0.0000 -0.0006 0.0003 0.0000 -0.0001 0.0001 0.0000 0.0000 0.0000 0.0000 0.0000 0.0000 0.0000 0.0007 0.0001 0.0000 -0.0012 0.0001 0.0000 -0.0008 0.0003 0.0000 0.0002 0.0000 0.0000 0.0000 0.0000 0.0000 -0.0008 0.0000 0.0000 0.0002 -29.9996 -0.0001 -0.0003 29.9996 0.0000 0.0000 0.0000 0.4218 6.0225 177.3863 -22.2313 -6.2902 0.0880 -2.6591 73.3816 8.1884 0.0000 25.3510 0.0000 6.8822 -4.3889 179.3475 -0.0287 -2.9227 -0.0820 6.5134 59.4869 8.0377 0.0000 25.3508 -0.0001 
15.9950 95.6998 -36.9698 -11.2623 -4.7104 -1.5040 -1.9250 -0.2683 1.8268 -1.9261 -0.2684 1.8278 -1.9308 -0.2690 1.8323 -257.3091 90.0000 0.0000 -29.7448 53.3367 -36.7512 -90.8883 -1.7217 -0.4032 0.0192 -0.5106 -1.1135 0.0000 0.0000 0.0001 0.0000 0.0000 0.0000 0.0000 -0.0013 -0.0008 0.0000 -0.0004 0.0001 0.0000 0.0000 0.0000 0.0000 0.0000 0.0000 0.0000 0.0002 0.0000 0.0000 -0.0006 0.0003 0.0000 0.0004 -0.0006 0.0000 0.0000 0.0001 0.0000 0.0000 0.0000 0.0000 -0.0010 -0.0002 0.0000 0.0002 30.0001 -0.0001 0.0005 -29.9998 0.0000 0.0000 0.0000 -0.4718 0.0341 -0.9117 -0.4718 0.0341 -0.9117 -57.0480 85.0078 51.1402 -5.3941 52.2461 -30.3651 -14.6402 29.7258 -70.3335 3.8677 2.4983 6.1149 0.0000 -0.0001 0.0001 0.0000 0.0000 0.0000 0.0000 -0.0006 0.0003 0.0000 -0.0001 0.0001 0.0000 0.0000 0.0000 0.0000 0.0000 0.0000 0.0000 0.0007 0.0001 0.0000 -0.0012 0.0001 0.0000 -0.0008 0.0003 0.0000 0.0001 0.0000 0.0000 0.0000 0.0000 0.0000 -0.0008 0.0000 0.0000 0.0002 -29.9997 -0.0001 -0.0003 29.9996 0.0000 0.0000 0.0000 0.3220 6.1144 177.4109 -22.1623 -6.3429 0.0864 -2.6770 73.3458 7.9461 0.0000 25.3510 0.0000 6.7087 -4.0704 179.2926 -0.0264 -2.5869 -0.0821 6.7649 59.2536 8.0213 0.0000 25.3508 -0.0001 
16.0179 95.6854 -37.0668 -10.7573 -4.8980 -1.4982 -1.8227 -0.2270 1.7465 -1.8236 -0.2271 1.7474 -1.8282 -0.2276 1.7518 -257.1640 90.0000 0.0000 -31.0150 53.0052 -37.0365 -93.9486 1.5676 2.9830 0.0082 -0.6791 -1.2219 0.0000 0.0000 0.0001 0.0000 0.0000 0.0000 0.0000 -0.0013 -0.0008 0.0000 -0.0004 0.0001 0.0000 0.0000 0.0000 0.0000 0.0000 0.0000 0.0000 0.0002 0.0000 0.0000 -0.0006 0.0003 0.0000 0.0004 -0.0006 0.0000 0.0000 0.0001 0.0000 0.0000 0.0000 0.0000 -0.0010 -0.0002 0.0000 0.0002 30.0001 -0.0001 0.0005 -29.9998 0.0000 0.0000 0.0000 -0.4728 0.0116 -0.7659 -0.4728 0.0116 -0.7659 -56.5305 84.8337 51.5812 -7.2186 51.3225 -31.5623 -13.7319 29.9105 -65.9711 3.7794 2.8565 5.8462 0.0000 -0.0001 0.0001 0.0000 0.0000 0.0000 0.0000 -0.0006 0.0003 0.0000 -0.0001 0.0001 0.0000 0.0000 0.0000 0.0000 0.0000 0.0000 0.0000 0.0007 0.0001 0.0000 -0.0012 0.0001 0.0000 -0.0008 0.0003 0.0000 0.0001 0.0000 0.0000 0.0000 0.0000 0.0000 -0.0008 0.0000 0.0000 0.0002 -29.9996 -0.0001 -0.0002 29.9996 0.0000 0.0000 0.0000 0.2200 6.1964 177.4493 -22.0406 -6.4236 0.0638 -2.6552 73.3331 7.7297 0.0000 25.3510 0.0000 6.4998 -3.8833 179.2426 -0.0267 -2.5724 -0.0821 7.0526 59.1990 7.9946 0.0000 25.3508 -0.0001 
16.0384 95.6685 -37.1797 -10.1851 -5.0944 -1.4987 -1.7136 -0.1839 1.6591 -1.7143 -0.1839 1.6598 -1.7187 -0.1843 1.6641 -257.0500 90.0000 0.0000 -31.5969 52.8822 -36.5592 -96.1697 5.1197 6.2941 -0.0028 -0.8737 -1.3808 0.0000 0.0000 0.0001 0.0000 0.0000 0.0000 0.0000 -0.0013 -0.0008 0.0000 -0.0004 0.0001 0.0000 0.0000 0.0000 0.0000 0.0000 0.0000 0.0000 0.0002 -0.0001 0.0000 -0.0006 0.0003 0.0000 0.0004 -0.0006 0.0000 0.0000 0.0001 0.0000 0.0000 0.0000 0.0000 -0.0010 -0.0002 0.0000 0.0002 30.0001 -0.0001 0.0005 -29.9998 0.0000 0.0000 0.0000 -0.4871 -0.0160 -0.6125 -0.4871 -0.0160 -0.6125 -55.5162 84.6656 52.5364 -9.4242 50.6516 -32.5698 -12.7111 29.8169 -60.9987 3.3299 2.9431 5.1501 0.0000 -0.0001 0.0001 0.0000 0.0000 0.0000 0.0000 -0.0006 0.0003 0.0000 -0.0001 0.0001 0.0000 0.0000 0.0000 0.0000 0.0000 0.0000 0.0000 0.0007 0.0001 0.0000 -0.0011 0.0001 0.0000 -0.0008 0.0003 0.0000 0.0001 0.0000 0.0000 0.0000 0.0000 0.0000 -0.0009 0.0000 0.0000 0.0002 -29.9996 -0.0001 -0.0003 29.9996 0.0000 0.0000 0.0000 0.1044 6.2650 177.4979 -21.8671 -6.5245 0.0333 -2.6234 73.3357 7.5250 0.0000 25.3510 0.0000 6.2689 -3.8230 179.2015 -0.0293 -2.8385 -0.0820 7.3785 59.2902 7.9587 0.0000 25.3508 -0.0001 
16.0630 95.6498 -37.3044 -9.5426 -5.3015 -1.5080 -1.6050 -0.1375 1.5693 -1.6056 -0.1375 1.5699 -1.6098 -0.1378 1.5740 -256.9516 90.0000 0.0000 -31.7223 52.8557 -35.5463 -97.7097 8.9053 9.6034 -0.0158 -1.1235 -1.6200 0.0000 0.0000 0.0001 0.0000 0.0000 0.0000 0.0000 -0.0013 -0.0008 0.0000 -0.0004 0.0001 0.0000 0.0000 0.0000 0.0000 0.0000 0.0000 0.0000 0.0002 0.0000 0.0000 -0.0006 0.0003 0.0000 0.0004 -0.0006 0.0000 0.0000 0.0001 0.0000 0.0000 0.0000 0.0000 -0.0010 -0.0002 0.0000 0.0002 30.0001 -0.0001 0.0005 -29.9998 0.0000 0.0000 0.0000 -0.5121 -0.0412 -0.4636 -0.5121 -0.0412 -0.4636 -54.0984 84.5070 53.9096 -11.4614 50.1585 -33.2770 -11.6739 29.4274 -55.5969 2.8128 2.9179 4.4020 0.0000 -0.0001 0.0001 0.0000 0.0000 0.0000 0.0000 -0.0006 0.0003 0.0000 -0.0001 0.0001 0.0000 0.0000 0.0000 0.0000 0.0000 0.0000 0.0000 0.0007 0.0001 0.0000 -0.0011 0.0001 0.0000 -0.0008 0.0003 0.0000 0.0001 0.0000 0.0000 0.0000 0.0000 0.0000 -0.0009 0.0000 0.0000 0.0002 -29.9996 -0.0001 -0.0003 29.9996 0.0000 0.0000 0.0000 -0.0357 6.3275 177.5515 -21.6429 -6.6384 0.0005 -2.5778 73.3439 7.3415 0.0000 25.3510 0.0000 5.9980 -3.7581 179.1612 -0.0320 -3.1237 -0.0818 7.7195 59.3960 7.9087 0.0000 25.3508 -0.0001 
16.0999 95.6399 -37.4334 -8.8253 -5.5121 -1.5275 -1.4991 -0.0918 1.4797 -1.4996 -0.0918 1.4802 -1.5036 -0.0920 1.4841 -256.8552 90.0000 0.0000 -31.5154 52.9265 -34.1157 -98.4134 12.9545 13.0431 -0.0331 -1.4257 -1.9188 0.0000 0.0000 0.0001 0.0000 0.0000 0.0000 0.0000 -0.0013 -0.0008 0.0000 -0.0004 0.0001 0.0000 0.0000 0.0000 0.0000 0.0000 0.0000 0.0000 0.0002 0.0000 0.0000 -0.0006 0.0003 0.0000 0.0004 -0.0006 0.0000 0.0000 0.0001 0.0000 0.0000 0.0000 0.0000 -0.0010 -0.0002 0.0000 0.0002 30.0001 -0.0001 0.0005 -29.9998 0.0000 0.0000 0.0000 -0.5382 -0.0553 -0.3341 -0.5382 -0.0553 -0.3341 -52.0806 84.3678 55.8729 -13.2155 49.8837 -33.6898 -10.4972 28.5542 -49.6044 2.3041 2.8487 3.6960 0.0000 -0.0001 0.0001 0.0000 0.0000 0.0000 0.0000 -0.0006 0.0002 0.0000 -0.0001 0.0001 0.0000 0.0000 0.0000 0.0000 0.0000 0.0000 0.0000 0.0007 0.0001 0.0000 -0.0012 0.0001 0.0000 -0.0008 0.0003 0.0000 0.0001 0.0000 0.0000 0.0000 0.0000 0.0000 -0.0008 0.0000 0.0000 0.0002 -29.9996 -0.0001 -0.0002 29.9996 0.0000 0.0000 0.0000 -0.2262 6.3868 177.6021 -21.3669 -6.7474 -0.0365 -2.5049 73.3442 7.2152 0.0000 25.3510 0.0000 5.6741 -3.5808 179.1153 -0.0327 -3.2077 -0.0818 8.0477 59.4167 7.8289 0.0000 25.3508 -0.0001 
16.1470 95.6329 -37.5453 -8.0617 -5.7197 -1.5556 -1.3878 -0.0488 1.3911 -1.3882 -0.0487 1.3915 -1.3919 -0.0488 1.3953 -256.7835 90.0000 0.0000 -31.3930 52.9883 -32.6706 -98.2362 17.1509 16.7042 -0.0542 -1.7868 -2.2751 0.0000 0.0000 0.0001 0.0000 0.0000 0.0000 0.0000 -0.0013 -0.0008 0.0000 -0.0004 0.0001 0.0000 0.0000 0.0000 0.0000 0.0000 0.0000 0.0000 0.0002 0.0000 0.0000 -0.0006 0.0003 0.0000 0.0004 -0.0006 0.0000 0.0000 0.0001 0.0000 0.0000 0.0000 0.0000 -0.0010 -0.0002 0.0000 0.0002 30.0001 -0.0001 0.0005 -29.9998 0.0000 0.0000 0.0000 -0.5711 -0.0567 -0.2184 -0.5711 -0.0567 -0.2184 -49.5763 84.2427 58.3170 -14.8224 49.7899 -33.9643 -9.1588 27.2813 -43.2630 1.8349 2.7347 3.0638 0.0000 -0.0001 0.0001 0.0000 0.0000 0.0000 0.0000 -0.0006 0.0003 0.0000 -0.0001 0.0001 0.0000 0.0000 0.0000 0.0000 0.0000 0.0000 0.0000 0.0007 0.0001 0.0000 -0.0012 0.0001 0.0000 -0.0008 0.0003 0.0000 0.0001 0.0000 0.0000 0.0000 0.0000 0.0000 -0.0009 0.0000 0.0000 0.0002 -29.9996 -0.0001 -0.0003 29.9996 0.0000 0.0000 0.0000 -0.4391 6.4393 177.6530 -21.0414 -6.8520 -0.0738 -2.4016 73.3260 7.1422 0.0000 25.3510 0.0000 5.3012 -3.3125 179.0636 -0.0317 -3.1395 -0.0819 8.3620 59.3868 7.7475 0.0000 25.3508 -0.0001 
16.1979 95.6296 -37.6426 -7.2655 -5.9226 -1.5888 -1.2666 -0.0076 1.3026 -1.2669 -0.0075 1.3030 -1.2704 -0.0075 1.3065 -256.7243 90.0000 0.0000 -31.4729 53.0292 -31.2834 -97.1189 21.3828 20.6921 -0.0773 -2.2116 -2.6917 0.0000 0.0000 0.0001 0.0000 0.0000 0.0000 0.0000 -0.0013 -0.0008 0.0000 -0.0004 0.0001 0.0000 0.0000 0.0000 0.0000 0.0000 0.0000 0.0000 0.0002 0.0000 0.0000 -0.0006 0.0003 0.0000 0.0004 -0.0006 0.0000 0.0000 0.0001 0.0000 0.0000 0.0000 0.0000 -0.0010 -0.0002 0.0000 0.0002 30.0001 -0.0001 0.0005 -29.9998 0.0000 0.0000 0.0000 -0.6122 -0.0457 -0.1134 -0.6122 -0.0457 -0.1134 -46.7370 84.1175 61.0957 -16.3229 49.8489 -34.1342 -7.7250 25.6202 -36.7306 1.4202 2.5898 2.5132 0.0000 -0.0001 0.0001 0.0000 0.0000 0.0000 0.0000 -0.0006 0.0003 0.0000 -0.0001 0.0001 0.0000 0.0000 0.0000 0.0000 0.0000 0.0000 0.0000 0.0007 0.0001 0.0000 -0.0012 0.0001 0.0000 -0.0008 0.0003 0.0000 0.0001 0.0000 0.0000 0.0000 0.0000 0.0000 -0.0008 0.0000 0.0000 0.0002 -29.9997 -0.0001 -0.0003 29.9996 0.0000 0.0000 0.0000 -0.6643 6.4900 177.6982 -20.6857 -6.9489 -0.1064 -2.2659 73.2944 7.1094 0.0000 25.3510 0.0000 4.8849 -3.0673 179.0078 -0.0311 -3.1382 -0.0819 8.6806 59.4084 7.6932 0.0000 25.3508 -0.0001 
16.2500 95.6227 -37.7212 -6.4415 -6.1182 -1.6221 -1.1258 0.0304 1.2104 -1.1260 0.0305 1.2106 -1.1292 0.0306 1.2140 -256.6665 90.0000 0.0000 -31.8147 53.0619 -29.9595 -94.7693 25.4779 25.1465 -0.1013 -2.6916 -3.1802 0.0000 0.0000 0.0001 0.0000 0.0000 0.0000 0.0000 -0.0013 -0.0008 0.0000 -0.0004 0.0001 0.0000 0.0000 0.0000 0.0000 0.0000 0.0000 0.0000 0.0002 0.0000 0.0000 -0.0006 0.0003 0.0000 0.0004 -0.0006 0.0000 0.0000 0.0001 0.0000 0.0000 0.0000 0.0000 -0.0010 -0.0002 0.0000 0.0002 30.0001 -0.0001 0.0005 -29.9998 0.0000 0.0000 0.0000 -0.6635 -0.0184 -0.0174 -0.6635 -0.0184 -0.0174 -43.5356 83.9953 64.2488 -17.6559 50.1392 -34.1137 -6.1621 23.4687 -30.0561 1.0622 2.4240 2.0517 0.0000 -0.0001 0.0001 0.0000 0.0000 0.0000 0.0000 -0.0006 0.0003 0.0000 -0.0001 0.0001 0.0000 0.0000 0.0000 0.0000 0.0000 0.0000 0.0000 0.0007 0.0001 0.0000 -0.0011 0.0001 0.0000 -0.0008 0.0003 0.0000 0.0001 0.0000 0.0000 0.0000 0.0000 0.0000 -0.0009 0.0000 0.0000 0.0002 -29.9997 -0.0001 -0.0003 29.9995 0.0000 0.0000 0.0000 -0.9017 6.5497 177.7238 -20.3105 -7.0190 -0.1285 -2.0724 73.2446 7.1349 0.0000 25.3510 0.0000 4.4151 -2.8963 178.9440 -0.0316 -3.3042 -0.0818 8.9984 59.5297 7.6795 0.0000 25.3508 -0.0001 
16.3084 95.6161 -37.7940 -5.6233 -6.3009 -1.6526 -0.9676 0.0640 1.1156 -0.9678 0.0641 1.1158 -0.9706 0.0643 1.1190 -256.6352 90.0000 0.0000 -32.2313 53.0503 -28.6293 -91.4054 29.2770 30.0007 -0.1266 -3.2218 -3.7463 0.0000 0.0000 0.0001 0.0000 0.0000 0.0000 0.0000 -0.0013 -0.0008 0.0000 -0.0004 0.0001 0.0000 0.0000 0.0000 0.0000 0.0000 0.0000 0.0000 0.0002 0.0000 0.0000 -0.0006 0.0003 0.0000 0.0004 -0.0006 0.0000 0.0000 0.0001 0.0000 0.0000 0.0000 0.0000 -0.0010 -0.0002 0.0000 0.0002 30.0001 -0.0001 0.0005 -29.9998 0.0000 0.0000 0.0000 -0.7376 0.0178 0.0760 -0.7376 0.0178 0.0760 -40.1947 83.8669 67.5400 -18.7761 50.6686 -33.9113 -4.4819 21.0063 -23.3396 0.7639 2.2450 1.6800 0.0000 -0.0001 0.0001 0.0000 0.0000 0.0000 0.0000 -0.0006 0.0003 0.0000 -0.0001 0.0001 0.0000 0.0000 0.0000 0.0000 0.0000 0.0000 0.0000 0.0007 0.0001 0.0000 -0.0012 0.0001 0.0000 -0.0008 0.0003 0.0000 0.0001 0.0000 0.0000 0.0000 0.0000 0.0000 -0.0008 0.0000 0.0000 0.0002 -29.9996 -0.0001 -0.0003 29.9996 0.0000 0.0000 0.0000 -1.1365 6.6128 177.7358 -19.9444 -7.0625 -0.1462 -1.8357 73.1820 7.1979 0.0000 25.3510 0.0000 3.9277 -2.7824 178.8692 -0.0333 -3.5645 -0.0817 9.3041 59.6978 7.6833 0.0000 25.3508 -0.0001 
16.3720 95.6077 -37.8612 -4.8097 -6.4717 -1.6829 -0.7962 0.0937 1.0200 -0.7963 0.0938 1.0201 -0.7986 0.0941 1.0230 -256.6168 90.0000 0.0000 -32.6182 53.0179 -27.2216 -87.1324 32.6362 35.3146 -0.1518 -3.7902 -4.3961 0.0000 0.0000 0.0001 0.0000 0.0000 0.0000 0.0000 -0.0013 -0.0008 0.0000 -0.0004 0.0001 0.0000 0.0000 0.0000 0.0000 0.0000 0.0000 0.0000 0.0002 0.0000 0.0000 -0.0006 0.0003 0.0000 0.0004 -0.0006 0.0000 0.0000 0.0001 0.0000 0.0000 0.0000 0.0000 -0.0010 -0.0002 0.0000 0.0002 30.0001 -0.0001 0.0005 -29.9998 0.0000 0.0000 0.0000 -0.8218 0.0595 0.1648 -0.8218 0.0595 0.1648 -36.8276 83.7311 70.8608 -19.6284 51.4362 -33.4819 -2.7201 18.2238 -16.6757 0.5208 2.0675 1.3897 0.0000 -0.0001 0.0001 0.0000 0.0000 0.0000 0.0000 -0.0006 0.0003 0.0000 -0.0001 0.0001 0.0000 0.0000 0.0000 0.0000 0.0000 0.0000 0.0000 0.0007 0.0001 0.0000 -0.0012 0.0001 0.0000 -0.0008 0.0003 0.0000 0.0001 0.0000 0.0000 0.0000 0.0000 0.0000 -0.0009 0.0000 0.0000 0.0002 -29.9997 -0.0001 -0.0003 29.9996 0.0000 0.0000 0.0000 -1.3608 6.6725 177.7401 -19.5803 -7.0897 -0.1596 -1.5740 73.1117 7.2804 0.0000 25.3510 0.0000 3.4500 -2.6542 178.7870 -0.0347 -3.7786 -0.0816 9.6058 59.8431 7.6774 0.0000 25.3508 -0.0001 
16.4352 95.6022 -37.9260 -3.9958 -6.6270 -1.7158 -0.6179 0.1195 0.9278 -0.6179 0.1195 0.9279 -0.6197 0.1199 0.9306 -256.5973 90.0000 0.0000 -32.7971 53.0153 -25.6387 -82.2556 35.2288 40.8358 -0.1753 -4.3432 -5.1062 0.0000 0.0000 0.0001 0.0000 0.0000 0.0000 0.0000 -0.0013 -0.0008 0.0000 -0.0004 0.0001 0.0000 0.0000 0.0000 0.0000 0.0000 0.0000 0.0000 0.0002 0.0000 0.0000 -0.0006 0.0003 0.0000 0.0004 -0.0006 0.0000 0.0000 0.0001 0.0000 0.0000 0.0000 0.0000 -0.0010 -0.0002 0.0000 0.0002 30.0001 -0.0001 0.0005 -29.9998 0.0000 0.0000 0.0000 -0.8894 0.0995 0.2347 -0.8894 0.0995 0.2347 -33.5873 83.6004 74.0552 -20.0449 52.5560 -32.6288 -0.7238 14.9181 -10.1872 0.3255 1.9008 1.1802 0.0000 -0.0001 0.0001 0.0000 0.0000 0.0000 0.0000 -0.0006 0.0003 0.0000 -0.0001 0.0001 0.0000 0.0000 0.0000 0.0000 0.0000 0.0000 0.0000 0.0007 0.0001 0.0000 -0.0012 0.0001 0.0000 -0.0008 0.0003 0.0000 0.0001 0.0000 0.0000 0.0000 0.0000 0.0000 -0.0009 0.0000 0.0000 0.0002 -29.9996 -0.0001 -0.0003 29.9996 0.0000 0.0000 0.0000 -1.5669 6.7179 177.7394 -19.2089 -7.1087 -0.1648 -1.2974 73.0382 7.3711 0.0000 25.3510 0.0000 3.0006 -2.4936 178.7048 -0.0356 -3.9019 -0.0815 9.8970 59.9425 7.6270 0.0000 25.3508 -0.0001 
16.4858 95.5940 -37.9995 -3.1829 -6.7657 -1.7525 -0.4505 0.1436 0.8441 -0.4506 0.1437 0.8441 -0.4519 0.1441 0.8466 -256.5564 90.0000 0.0000 -32.7406 53.1763 -24.0109 -77.1031 37.2169 46.4997 -0.2289 -4.6863 -5.7156 0.0000 0.0000 0.0001 0.0000 0.0000 0.0000 0.0000 -0.0013 -0.0008 0.0000 -0.0004 0.0001 0.0000 0.0000 0.0000 0.0000 0.0000 0.0000 0.0000 0.0002 0.0000 0.0000 -0.0006 0.0003 0.0000 0.0004 -0.0006 0.0000 0.0000 0.0001 0.0000 0.0000 0.0000 0.0000 -0.0010 -0.0002 0.0000 0.0002 30.0001 -0.0001 0.0005 -29.9998 0.0000 0.0000 0.0000 -0.9211 0.1265 0.2782 -0.9211 0.1265 0.2782 -30.7216 83.4796 76.8974 -20.0853 53.9638 -31.4312 1.4952 11.0533 -4.0322 0.1693 1.7531 1.0357 0.0000 -0.0001 0.0001 0.0000 0.0000 0.0000 0.0000 -0.0006 0.0003 0.0000 -0.0001 0.0001 0.0000 0.0000 0.0000 0.0000 0.0000 0.0000 0.0000 0.0007 0.0001 0.0000 -0.0011 0.0001 0.0000 -0.0008 0.0003 0.0000 0.0001 0.0000 0.0000 0.0000 0.0000 0.0000 -0.0009 0.0000 0.0000 0.0002 -29.9997 -0.0001 -0.0003 29.9996 0.0000 0.0000 0.0000 -1.7882 6.7473 177.7360 -18.8547 -7.1235 -0.1678 -1.0264 72.9626 7.4591 0.0000 25.3510 0.0000 2.5906 -2.3436 178.6326 -0.0359 -4.0050 -0.0815 10.1739 60.0271 7.5224 0.0000 25.3508 -0.0001 
16.5252 95.5842 -38.0822 -2.3722 -6.8877 -1.7936 -0.2888 0.1648 0.7683 -0.2888 0.1648 0.7684 -0.2897 0.1653 0.7706 -256.5510 90.0000 0.0000 -32.5424 53.5318 -22.5078 -71.8403 38.6240 52.1872 -0.3292 -4.7495 -6.1405 0.0000 0.0000 0.0001 0.0000 0.0000 0.0000 0.0000 -0.0013 -0.0008 0.0000 -0.0004 0.0001 0.0000 0.0000 0.0000 0.0000 0.0000 0.0000 0.0000 0.0002 0.0000 0.0000 -0.0006 0.0003 0.0000 0.0004 -0.0006 0.0000 0.0000 0.0001 0.0000 0.0000 0.0000 0.0000 -0.0010 -0.0002 0.0000 0.0002 30.0001 -0.0001 0.0005 -29.9998 0.0000 0.0000 0.0000 -0.9313 0.1424 0.2974 -0.9313 0.1424 0.2974 -28.1045 83.3752 79.4938 -19.6833 55.6198 -29.7540 3.9365 6.6541 1.5601 0.0445 1.6223 0.9418 0.0000 -0.0001 0.0001 0.0000 0.0000 0.0000 0.0000 -0.0006 0.0003 0.0000 -0.0001 0.0001 0.0000 0.0000 0.0000 0.0000 0.0000 0.0000 0.0000 0.0007 0.0001 0.0000 -0.0012 0.0001 0.0000 -0.0008 0.0003 0.0000 0.0001 0.0000 0.0000 0.0000 0.0000 0.0000 -0.0008 0.0000 0.0000 0.0002 -29.9996 -0.0001 -0.0003 29.9996 0.0000 0.0000 0.0000 -2.0162 6.7569 177.7356 -18.5061 -7.1422 -0.1709 -0.7665 72.8866 7.5425 0.0000 25.3510 0.0000 2.2119 -2.2585 178.5708 -0.0364 -4.1957 -0.0814 10.4477 60.1485 7.3893 0.0000 25.3508 -0.0001 
16.5599 95.5661 -38.1642 -1.5669 -6.9835 -1.8416 -0.1415 0.1749 0.7071 -0.1415 0.1750 0.7072 -0.1419 0.1755 0.7092 -256.5380 90.0000 0.0000 -31.8529 53.8886 -20.5916 -66.7245 39.3622 57.6551 -0.4472 -4.7609 -6.5756 0.0000 0.0000 0.0001 0.0000 0.0000 0.0000 0.0000 -0.0013 -0.0008 0.0000 -0.0004 0.0001 0.0000 0.0000 0.0000 0.0000 0.0000 0.0000 0.0000 0.0002 0.0000 0.0000 -0.0006 0.0003 0.0000 0.0004 -0.0006 0.0000 0.0000 0.0001 0.0000 0.0000 0.0000 0.0000 -0.0010 -0.0002 0.0000 0.0002 30.0001 -0.0001 0.0005 -29.9998 0.0000 0.0000 0.0000 -0.8979 0.1525 0.2704 -0.8979 0.1525 0.2704 -25.9437 83.3245 81.6483 -18.5482 57.6049 -27.2704 6.9575 1.6188 6.1843 -0.0532 1.5008 0.9007 0.0000 -0.0001 0.0001 0.0000 0.0000 0.0000 0.0000 -0.0006 0.0003 0.0000 -0.0001 0.0001 0.0000 0.0000 0.0000 0.0000 0.0000 0.0000 0.0000 0.0007 0.0001 0.0000 -0.0011 0.0001 0.0000 -0.0008 0.0003 0.0000 0.0001 0.0000 0.0000 0.0000 0.0000 0.0000 -0.0009 0.0000 0.0000 0.0002 -29.9996 -0.0001 -0.0003 29.9996 0.0000 0.0000 0.0000 -2.2472 6.7390 177.7449 -18.1575 -7.1721 -0.1753 -0.5262 72.8156 7.6155 0.0000 25.3510 0.0000 1.8684 -2.2796 178.5182 -0.0378 -4.5477 -0.0812 10.7398 60.3446 7.2554 0.0000 25.3508 -0.0001 
16.6003 95.5467 -38.2233 -0.7745 -7.0583 -1.8948 -0.0096 0.1778 0.6611 -0.0096 0.1779 0.6611 -0.0097 0.1784 0.6631 -256.5151 90.0000 0.0000 -30.8561 54.2114 -18.4345 -61.8258 39.5764 62.8191 -0.5822 -4.7268 -7.0073 0.0000 0.0000 0.0001 0.0000 0.0000 0.0000 0.0000 -0.0013 -0.0008 0.0000 -0.0004 0.0001 0.0000 0.0000 0.0000 0.0000 0.0000 0.0000 0.0000 0.0003 0.0000 0.0000 -0.0006 0.0003 0.0000 0.0004 -0.0006 0.0000 0.0000 0.0001 0.0000 0.0000 0.0000 0.0000 -0.0010 -0.0002 0.0000 0.0003 30.0001 -0.0001 0.0005 -29.9998 0.0000 0.0000 0.0000 -0.8048 0.1548 0.1936 -0.8048 0.1548 0.1936 -24.4087 83.3218 83.2207 -16.4241 59.8192 -23.8879 10.4268 -3.8342 9.7230 -0.1294 1.3786 0.8975 0.0000 -0.0001 0.0001 0.0000 0.0000 0.0000 0.0000 -0.0006 0.0003 0.0000 -0.0001 0.0001 0.0000 0.0000 0.0000 0.0000 0.0000 0.0000 0.0000 0.0007 0.0001 0.0000 -0.0012 0.0001 0.0000 -0.0008 0.0003 0.0000 0.0001 0.0000 0.0000 0.0000 0.0000 0.0000 -0.0009 0.0000 0.0000 0.0002 -29.9996 -0.0001 -0.0003 29.9996 0.0000 0.0000 0.0000 -2.4687 6.7054 177.7611 -17.8030 -7.2065 -0.1798 -0.3017 72.7500 7.6757 0.0000 25.3510 0.0000 1.5457 -2.3479 178.4674 -0.0395 -4.9771 -0.0810 11.0511 60.5845 7.1465 0.0000 25.3508 -0.0001 
16.6477 95.5286 -38.2536 -0.0013 -7.1155 -1.9510 0.1074 0.1752 0.6280 0.1074 0.1753 0.6280 0.1077 0.1758 0.6299 -256.4826 90.0000 0.0000 -29.6498 54.4661 -16.1420 -57.0894 39.3839 67.7181 -0.7374 -4.6498 -7.4341 0.0000 0.0000 0.0001 0.0000 0.0000 0.0000 0.0000 -0.0013 -0.0008 0.0000 -0.0004 0.0001 0.0000 0.0000 0.0000 0.0000 0.0000 0.0000 0.0000 0.0002 0.0000 0.0000 -0.0006 0.0003 0.0000 0.0004 -0.0006 0.0000 0.0000 0.0001 0.0000 0.0000 0.0000 0.0000 -0.0010 -0.0002 0.0000 0.0002 30.0001 -0.0001 0.0005 -29.9998 0.0000 0.0000 0.0000 -0.6824 0.1503 0.0781 -0.6824 0.1503 0.0781 -23.4420 83.3628 84.2569 -12.9357 62.1389 -19.2623 14.3528 -9.4509 12.0677 -0.1879 1.2516 0.9178 0.0000 -0.0001 0.0001 0.0000 0.0000 0.0000 0.0000 -0.0006 0.0003 0.0000 -0.0001 0.0001 0.0000 0.0000 0.0000 0.0000 0.0000 0.0000 0.0000 0.0007 0.0001 0.0000 -0.0012 0.0001 0.0000 -0.0008 0.0003 0.0000 0.0001 0.0000 0.0000 0.0000 0.0000 0.0000 -0.0009 0.0000 0.0000 0.0002 -29.9997 -0.0001 -0.0003 29.9996 0.0000 0.0000 0.0000 -2.6731 6.6625 177.7814 -17.4415 -7.2397 -0.1855 -0.0854 72.6874 7.7305 0.0000 25.3510 0.0000 1.2398 -2.4213 178.4159 -0.0407 -5.4137 -0.0808 11.3740 60.8368 7.0623 0.0000 25.3508 -0.0001 
16.7035 95.5101 -38.2455 0.7272 -7.1507 -2.0067 0.2048 0.1655 0.6088 0.2048 0.1656 0.6088 0.2054 0.1661 0.6107 -256.4396 90.0000 0.0000 -28.3109 54.5590 -13.8524 -52.4549 38.7964 72.2729 -0.9233 -4.5112 -7.8588 0.0000 0.0000 0.0001 0.0000 0.0000 0.0000 0.0000 -0.0013 -0.0008 0.0000 -0.0004 0.0001 0.0000 0.0000 0.0000 0.0000 0.0000 0.0000 0.0000 0.0002 -0.0001 0.0000 -0.0006 0.0003 0.0000 0.0004 -0.0006 0.0000 0.0000 0.0001 0.0000 0.0000 0.0000 0.0000 -0.0010 -0.0002 0.0000 0.0002 30.0001 -0.0001 0.0005 -29.9998 0.0000 0.0000 0.0000 -0.5268 0.1432 -0.0712 -0.5268 0.1432 -0.0712 -23.2071 83.4404 84.5952 -6.9795 64.4697 -12.3605 19.0859 -14.8282 12.8129 -0.2260 1.0953 0.9601 0.0000 -0.0001 0.0001 0.0000 0.0000 0.0000 0.0000 -0.0006 0.0003 0.0000 -0.0001 0.0001 0.0000 0.0000 0.0000 0.0000 0.0000 0.0000 0.0000 0.0007 0.0001 0.0000 -0.0012 0.0001 0.0000 -0.0008 0.0003 0.0000 0.0001 0.0000 0.0000 0.0000 0.0000 0.0000 -0.0009 0.0000 0.0000 0.0002 -29.9997 -0.0001 -0.0003 29.9996 0.0000 0.0000 0.0000 -2.8383 6.6145 177.7997 -17.0801 -7.2614 -0.1855 0.1234 72.6286 7.7766 0.0000 25.3510 0.0000 0.9631 -2.5010 178.3627 -0.0415 -5.8565 -0.0806 11.7125 61.1018 7.0203 0.0000 25.3508 -0.0001 
16.7606 95.4905 -38.2183 1.4062 -7.1693 -2.0566 0.2868 0.1507 0.5927 0.2868 0.1508 0.5927 0.2877 0.1512 0.5945 -256.3794 90.0000 0.0000 -27.0204 54.4946 -11.7140 -48.0604 37.8839 76.2629 -1.1334 -4.3146 -8.2629 0.0000 0.0000 0.0001 0.0000 0.0000 0.0000 0.0000 -0.0013 -0.0008 0.0000 -0.0004 0.0001 0.0000 0.0000 0.0000 0.0000 0.0000 0.0000 0.0000 0.0002 0.0000 0.0000 -0.0006 0.0003 0.0000 0.0004 -0.0006 0.0000 0.0000 0.0001 0.0000 0.0000 0.0000 0.0000 -0.0010 -0.0002 0.0000 0.0002 30.0001 -0.0001 0.0005 -29.9998 0.0000 0.0000 0.0000 -0.3585 0.1455 -0.2094 -0.3585 0.1455 -0.2094 -23.3624 83.5007 84.5359 1.6391 66.4244 -2.9783 24.6852 -19.5505 12.1036 -0.2457 0.9029 0.9987 0.0000 -0.0001 0.0001 0.0000 0.0000 0.0000 0.0000 -0.0006 0.0003 0.0000 -0.0001 0.0001 0.0000 0.0000 0.0000 0.0000 0.0000 0.0000 0.0000 0.0007 0.0001 0.0000 -0.0011 0.0001 0.0000 -0.0008 0.0003 0.0000 0.0001 0.0000 0.0000 0.0000 0.0000 0.0000 -0.0009 0.0000 0.0000 0.0002 -29.9996 -0.0001 -0.0003 29.9996 0.0000 0.0000 0.0000 -2.9715 6.5637 177.8087 -16.7401 -7.2712 -0.1752 0.3246 72.5743 7.8081 0.0000 25.3510 0.0000 0.7214 -2.6214 178.3079 -0.0425 -6.3615 -0.0804 12.0751 61.3987 7.0208 0.0000 25.3508 -0.0001 
16.8146 95.4672 -38.1798 2.0348 -7.1727 -2.0950 0.3554 0.1354 0.5736 0.3554 0.1355 0.5736 0.3565 0.1359 0.5753 -256.2973 90.0000 0.0000 -25.7950 54.2946 -9.7095 -43.8913 36.7434 79.7391 -1.3657 -4.0674 -8.6415 0.0000 0.0000 0.0001 0.0000 0.0000 0.0000 0.0000 -0.0013 -0.0008 0.0000 -0.0004 0.0001 0.0000 0.0000 0.0000 0.0000 0.0000 0.0000 0.0000 0.0002 0.0000 0.0000 -0.0006 0.0003 0.0000 0.0004 -0.0006 0.0000 0.0000 0.0001 0.0000 0.0000 0.0000 0.0000 -0.0010 -0.0002 0.0000 0.0003 30.0001 -0.0001 0.0005 -29.9998 0.0000 0.0000 0.0000 -0.1890 0.1504 -0.3113 -0.1890 0.1504 -0.3113 -23.8357 83.5303 84.2043 12.3421 67.6200 8.3115 31.1823 -23.2604 10.0809 -0.2486 0.6826 1.0147 0.0000 -0.0001 0.0001 0.0000 0.0000 0.0000 0.0000 -0.0006 0.0003 0.0000 -0.0001 0.0001 0.0000 0.0000 0.0000 0.0000 0.0000 0.0000 0.0000 0.0007 0.0001 0.0000 -0.0012 0.0001 0.0000 -0.0008 0.0003 0.0000 0.0001 0.0000 0.0000 0.0000 0.0000 0.0000 -0.0009 0.0000 0.0000 0.0002 -29.9996 -0.0001 -0.0003 29.9996 0.0000 0.0000 0.0000 -3.0832 6.5081 177.8040 -16.4310 -7.2705 -0.1565 0.5181 72.5230 7.8278 0.0000 25.3510 0.0000 0.5187 -2.7601 178.2491 -0.0433 -6.8751 -0.0801 12.4446 61.6992 7.0379 0.0000 25.3508 -0.0001 
16.8541 95.4540 -38.1504 2.5785 -7.1552 -2.1107 0.4094 0.1235 0.5451 0.4094 0.1236 0.5451 0.4106 0.1240 0.5467 -256.1851 90.0000 0.0000 -24.6015 53.9101 -7.8141 -39.9967 35.4780 82.5448 -1.6228 -3.7671 -8.9837 0.0000 0.0000 0.0001 0.0000 0.0000 0.0000 0.0000 -0.0013 -0.0008 0.0000 -0.0004 0.0001 0.0000 0.0000 0.0000 0.0000 0.0000 0.0000 0.0000 0.0002 0.0000 0.0000 -0.0006 0.0003 0.0000 0.0004 -0.0006 0.0000 0.0000 0.0001 0.0000 0.0000 0.0000 0.0000 -0.0010 -0.0002 0.0000 0.0002 30.0001 -0.0001 0.0005 -29.9998 0.0000 0.0000 0.0000 -0.0367 0.1511 -0.3354 -0.0367 0.1511 -0.3354 -24.3246 83.4916 83.8281 23.7814 67.7015 20.3023 38.6824 -25.2403 6.8771 -0.2332 0.4441 0.9981 0.0000 -0.0001 0.0001 0.0000 0.0000 0.0000 0.0000 -0.0006 0.0003 0.0000 -0.0001 0.0001 0.0000 0.0000 0.0000 0.0000 0.0000 0.0000 0.0000 0.0007 0.0001 0.0000 -0.0012 0.0001 0.0000 -0.0008 0.0003 0.0000 0.0001 0.0000 0.0000 0.0000 0.0000 0.0000 -0.0008 0.0000 0.0000 0.0002 -29.9996 -0.0001 -0.0003 29.9996 0.0000 0.0000 0.0000 -3.1726 6.4401 177.7731 -16.1740 -7.2552 -0.1268 0.6968 72.4711 7.8411 0.0000 25.3510 0.0000 0.3725 -2.8922 178.1824 -0.0429 -7.3089 -0.0800 12.7733 61.9505 7.0314 0.0000 25.3508 -0.0001 
16.8866 95.4494 -38.1309 3.0472 -7.1226 -2.1086 0.4602 0.1161 0.5065 0.4602 0.1162 0.5066 0.4616 0.1165 0.5081 -256.0481 90.0000 0.0000 -23.3660 53.4198 -5.8776 -36.3379 34.1820 84.8085 -1.8976 -3.4311 -9.2855 0.0000 0.0000 0.0001 0.0000 0.0000 0.0000 0.0000 -0.0013 -0.0008 0.0000 -0.0004 0.0001 0.0000 0.0000 0.0000 0.0000 0.0000 0.0000 0.0000 0.0002 -0.0001 0.0000 -0.0006 0.0003 0.0000 0.0004 -0.0006 0.0000 0.0000 0.0001 0.0000 0.0000 0.0000 0.0000 -0.0010 -0.0002 0.0000 0.0002 30.0001 -0.0001 0.0005 -29.9998 0.0000 0.0000 0.0000 0.0808 0.1465 -0.2939 0.0808 0.1465 -0.2939 -24.7376 83.4049 83.5389 33.5810 66.8906 30.7141 46.6072 -25.5957 3.2074 -0.2084 0.2226 0.9478 0.0000 -0.0001 0.0001 0.0000 0.0000 0.0000 0.0000 -0.0006 0.0003 0.0000 -0.0001 0.0001 0.0000 0.0000 0.0000 0.0000 0.0000 0.0000 0.0000 0.0007 0.0001 0.0000 -0.0012 0.0001 0.0000 -0.0008 0.0003 0.0000 0.0001 0.0000 0.0000 0.0000 0.0000 0.0000 -0.0009 0.0000 0.0000 0.0002 -29.9996 -0.0001 -0.0003 29.9996 0.0000 0.0000 0.0000 -3.2552 6.3593 177.7227 -15.9632 -7.2355 -0.0885 0.8517 72.4197 7.8497 0.0000 25.3510 0.0000 0.2623 -2.9465 178.0982 -0.0426 -7.5568 -0.0799 13.0571 62.1109 7.0077 0.0000 25.3508 -0.0001 
16.9185 95.4536 -38.1212 3.4491 -7.0778 -2.0953 0.5116 0.1135 0.4611 0.5116 0.1136 0.4611 0.5131 0.1139 0.4625 -255.8924 90.0000 0.0000 -22.0483 52.8512 -3.8194 -32.9027 32.9497 86.5821 -2.1842 -3.0737 -9.5399 0.0000 0.0000 0.0001 0.0000 0.0000 0.0000 0.0000 -0.0013 -0.0008 0.0000 -0.0004 0.0001 0.0000 0.0000 0.0000 0.0000 0.0000 0.0000 0.0000 0.0002 0.0000 0.0000 -0.0006 0.0003 0.0000 0.0004 -0.0006 0.0000 0.0000 0.0001 0.0000 0.0000 0.0000 0.0000 -0.0010 -0.0002 0.0000 0.0002 30.0001 -0.0001 0.0005 -29.9998 0.0000 0.0000 0.0000 0.1626 0.1346 -0.2074 0.1626 0.1346 -0.2074 -25.0449 83.3018 83.3577 40.9824 65.6285 38.7910 54.4826 -24.5845 -0.3373 -0.1807 0.0334 0.8748 0.0000 -0.0001 0.0001 0.0000 0.0000 0.0000 0.0000 -0.0006 0.0003 0.0000 -0.0001 0.0001 0.0000 0.0000 0.0000 0.0000 0.0000 0.0000 0.0000 0.0007 0.0001 0.0000 -0.0012 0.0001 0.0000 -0.0008 0.0003 0.0000 0.0001 0.0000 0.0000 0.0000 0.0000 0.0000 -0.0009 0.0000 0.0000 0.0002 -29.9996 -0.0001 -0.0003 29.9996 0.0000 0.0000 0.0000 -3.3389 6.2671 177.6611 -15.7956 -7.2172 -0.0441 0.9826 72.3698 7.8543 0.0000 25.3510 0.0000 0.1734 -2.9526 178.0012 -0.0435 -7.6875 -0.0798 13.3109 62.2165 6.9883 0.0000 25.3508 -0.0001 
16.9532 95.4630 -38.1065 3.7526 -7.0188 -2.0737 0.5644 0.1173 0.4126 0.5644 0.1174 0.4127 0.5661 0.1177 0.4139 -255.7106 90.0000 0.0000 -20.5657 52.2590 -1.5609 -29.6420 31.9517 87.7794 -2.4748 -2.7160 -9.7321 0.0000 0.0000 0.0001 0.0000 0.0000 0.0000 0.0000 -0.0013 -0.0008 0.0000 -0.0004 0.0001 0.0000 0.0000 0.0000 0.0000 0.0000 0.0000 0.0000 0.0002 -0.0001 0.0000 -0.0006 0.0003 0.0000 0.0004 -0.0006 0.0000 0.0000 0.0001 0.0000 0.0000 0.0000 0.0000 -0.0010 -0.0002 0.0000 0.0002 30.0001 -0.0001 0.0005 -29.9998 0.0000 0.0000 0.0000 0.1977 0.1082 -0.0873 0.1977 0.1082 -0.0873 -25.2097 83.2282 83.3151 45.2661 64.4885 43.7760 61.9049 -22.4655 -3.2120 -0.1544 -0.1150 0.7979 0.0000 -0.0001 0.0001 0.0000 0.0000 0.0000 0.0000 -0.0006 0.0003 0.0000 -0.0001 0.0001 0.0000 0.0000 0.0000 0.0000 0.0000 0.0000 0.0000 0.0007 0.0001 0.0000 -0.0012 0.0001 0.0000 -0.0008 0.0003 0.0000 0.0001 0.0000 0.0000 0.0000 0.0000 0.0000 -0.0008 0.0000 0.0000 0.0002 -29.9997 -0.0001 -0.0003 29.9996 0.0000 0.0000 0.0000 -3.4230 6.1620 177.5985 -15.6806 -7.2056 -0.0019 1.0819 72.3223 7.8621 0.0000 25.3510 0.0000 0.0949 -2.9030 177.8978 -0.0458 -7.7041 -0.0796 13.5115 62.2849 6.9850 0.0000 25.3508 -0.0001 
16.9843 95.4757 -38.0866 3.9731 -6.9532 -2.0580 0.6147 0.1250 0.3734 0.6147 0.1250 0.3734 0.6165 0.1254 0.3745 -255.5038 90.0000 0.0000 -18.7315 51.6318 1.0043 -26.6462 31.2739 88.4610 -2.7589 -2.3757 -9.8561 0.0000 0.0000 0.0001 0.0000 0.0000 0.0000 0.0000 -0.0013 -0.0008 0.0000 -0.0004 0.0001 0.0000 0.0000 0.0000 0.0000 0.0000 0.0000 0.0000 0.0002 0.0000 0.0000 -0.0006 0.0003 0.0000 0.0004 -0.0006 0.0000 0.0000 0.0001 0.0000 0.0000 0.0000 0.0000 -0.0010 -0.0002 0.0000 0.0002 30.0001 -0.0001 0.0005 -29.9998 0.0000 0.0000 0.0000 0.2111 0.0773 0.0250 0.2111 0.0773 0.0250 -25.2441 83.1846 83.3773 47.5133 63.6341 46.6820 68.3338 -19.9805 -5.2331 -0.1331 -0.2243 0.7288 0.0000 -0.0001 0.0001 0.0000 0.0000 0.0000 0.0000 -0.0006 0.0003 0.0000 -0.0001 0.0001 0.0000 0.0000 0.0000 0.0000 0.0000 0.0000 0.0000 0.0007 0.0001 0.0000 -0.0011 0.0001 0.0000 -0.0008 0.0003 0.0000 0.0001 0.0000 0.0000 0.0000 0.0000 0.0000 -0.0008 0.0000 0.0000 0.0002 -29.9997 -0.0001 -0.0003 29.9996 0.0000 0.0000 0.0000 -3.4913 6.0567 177.5503 -15.5980 -7.1967 0.0346 1.1737 72.2742 7.8901 0.0000 25.3510 0.0000 0.0206 -2.8492 177.8141 -0.0480 -7.6973 -0.0795 13.6715 62.3519 7.0057 0.0000 25.3508 -0.0001 
17.0072 95.4913 -38.0606 4.1222 -6.8840 -2.0511 0.6609 0.1331 0.3449 0.6610 0.1332 0.3449 0.6629 0.1336 0.3459 -255.2689 90.0000 0.0000 -16.5062 50.9565 3.8726 -23.9053 30.9291 88.7078 -3.0313 -2.0570 -9.9134 0.0000 0.0000 0.0001 0.0000 0.0000 0.0000 0.0000 -0.0013 -0.0008 0.0000 -0.0004 0.0001 0.0000 0.0000 0.0000 0.0000 0.0000 0.0000 0.0000 0.0002 0.0000 0.0000 -0.0006 0.0003 0.0000 0.0004 -0.0006 0.0000 0.0000 0.0001 0.0000 0.0000 0.0000 0.0000 -0.0010 -0.0002 0.0000 0.0002 30.0001 -0.0001 0.0005 -29.9998 0.0000 0.0000 0.0000 0.2128 0.0539 0.1211 0.2128 0.0539 0.1211 -25.2117 83.1726 83.4842 48.4738 63.0692 48.2379 73.8465 -17.4276 -6.5931 -0.1163 -0.3063 0.6717 0.0000 -0.0001 0.0001 0.0000 0.0000 0.0000 0.0000 -0.0006 0.0003 0.0000 -0.0001 0.0001 0.0000 0.0000 0.0000 0.0000 0.0000 0.0000 0.0000 0.0007 0.0001 0.0000 -0.0012 0.0001 0.0000 -0.0008 0.0003 0.0000 0.0001 0.0000 0.0000 0.0000 0.0000 0.0000 -0.0009 0.0000 0.0000 0.0002 -29.9996 -0.0001 -0.0003 29.9996 0.0000 0.0000 0.0000 -3.5359 5.9566 177.5175 -15.5358 -7.1872 0.0672 1.2665 72.2253 7.9429 0.0000 25.3510 0.0000 -0.0446 -2.7858 177.7530 -0.0503 -7.6538 -0.0794 13.8001 62.4063 7.0462 0.0000 25.3508 -0.0001 
17.0143 95.5057 -38.0257 4.1679 -6.8130 -2.0579 0.6990 0.1385 0.3348 0.6990 0.1386 0.3348 0.7011 0.1390 0.3358 -254.9966 90.0000 0.0000 -13.6395 50.2244 7.2147 -21.5872 31.0797 88.3484 -3.2822 -1.7745 -9.8915 0.0000 0.0000 0.0001 0.0000 0.0000 0.0000 0.0000 -0.0013 -0.0008 0.0000 -0.0004 0.0001 0.0000 0.0000 0.0000 0.0000 0.0000 0.0000 0.0000 0.0002 -0.0001 0.0000 -0.0006 0.0003 0.0000 0.0004 -0.0006 0.0000 0.0000 0.0001 0.0000 0.0000 0.0000 0.0000 -0.0010 -0.0002 0.0000 0.0002 30.0001 -0.0001 0.0005 -29.9998 0.0000 0.0000 0.0000 0.2097 0.0559 0.1861 0.2097 0.0559 0.1861 -25.1071 83.2296 83.6375 48.3679 62.8245 48.6082 78.0744 -15.0092 -7.4164 -0.1039 -0.3641 0.6345 0.0000 -0.0001 0.0001 0.0000 0.0000 0.0000 0.0000 -0.0006 0.0003 0.0000 -0.0001 0.0001 0.0000 0.0000 0.0000 0.0000 0.0000 0.0000 0.0000 0.0007 0.0001 0.0000 -0.0011 0.0001 0.0000 -0.0008 0.0003 0.0000 0.0001 0.0000 0.0000 0.0000 0.0000 0.0000 -0.0008 0.0000 0.0000 0.0002 -29.9997 -0.0001 -0.0003 29.9996 0.0000 0.0000 0.0000 -3.5411 5.8657 177.5040 -15.5042 -7.1793 0.1013 1.3603 72.1785 8.0304 0.0000 25.3510 0.0000 -0.0856 -2.7208 177.7370 -0.0513 -7.5531 -0.0793 13.8588 62.4258 7.0755 0.0000 25.3508 -0.0001 
17.0136 95.5203 -37.9886 4.1275 -6.7478 -2.0722 0.7274 0.1413 0.3403 0.7274 0.1414 0.3403 0.7296 0.1418 0.3413 -254.6983 90.0000 0.0000 -10.2532 49.4153 10.8763 -19.7164 31.6027 87.5062 -3.5101 -1.5046 -9.7914 0.0000 0.0000 0.0001 0.0000 0.0000 0.0000 0.0000 -0.0013 -0.0008 0.0000 -0.0004 0.0001 0.0000 0.0000 0.0000 0.0000 0.0000 0.0000 0.0000 0.0003 0.0000 0.0000 -0.0006 0.0003 0.0000 0.0004 -0.0006 0.0000 0.0000 0.0001 0.0000 0.0000 0.0000 0.0000 -0.0010 -0.0002 0.0000 0.0002 30.0001 -0.0001 0.0005 -29.9998 0.0000 0.0000 0.0000 0.2155 0.0851 0.2230 0.2155 0.0851 0.2230 -24.9397 83.3224 83.8318 47.9279 62.6667 48.5876 81.2272 -12.6543 -7.8989 -0.0935 -0.4087 0.6113 0.0000 -0.0001 0.0001 0.0000 0.0000 0.0000 0.0000 -0.0006 0.0003 0.0000 -0.0001 0.0001 0.0000 0.0000 0.0000 0.0000 0.0000 0.0000 0.0000 0.0007 0.0001 0.0000 -0.0012 0.0001 0.0000 -0.0008 0.0003 0.0000 0.0001 0.0000 0.0000 0.0000 0.0000 0.0000 -0.0009 0.0000 0.0000 0.0002 -29.9996 -0.0001 -0.0003 29.9996 0.0000 0.0000 0.0000 -3.5142 5.7860 177.5018 -15.4991 -7.1756 0.1412 1.4353 72.1390 8.1282 0.0000 25.3510 0.0000 -0.1028 -2.6633 177.7574 -0.0502 -7.4140 -0.0795 13.8357 62.4091 7.0718 0.0000 25.3508 -0.0001 
17.0100 95.5354 -37.9535 4.0104 -6.6908 -2.0890 0.7488 0.1431 0.3570 0.7488 0.1431 0.3570 0.7510 0.1436 0.3581 55.9215 87.3287 -47.4520 -6.4485 48.4478 14.7064 -18.3136 32.4099 86.2351 -3.7321 -1.1943 -9.5959 0.0000 0.0000 0.0001 0.0000 0.0000 0.0000 0.0000 -0.0013 -0.0008 0.0000 -0.0004 0.0001 0.0000 0.0000 0.0000 0.0000 0.0000 0.0000 0.0000 0.0002 0.0000 0.0000 -0.0006 0.0003 0.0000 0.0004 -0.0006 0.0000 0.0000 0.0001 0.0000 0.0000 0.0000 0.0000 -0.0010 -0.0002 0.0000 0.0002 30.0001 -0.0001 0.0005 -29.9998 0.0000 0.0000 0.0000 0.2296 0.1380 0.2394 0.2296 0.1380 0.2394 -24.6886 83.4310 84.0948 47.3969 62.5393 48.4333 83.5536 -10.2838 -8.2012 -0.0839 -0.4459 0.5977 0.0000 -0.0001 0.0001 0.0000 0.0000 0.0000 0.0000 -0.0006 0.0003 0.0000 -0.0001 0.0001 0.0000 0.0000 0.0000 0.0000 0.0000 0.0000 0.0000 0.0007 0.0001 0.0000 -0.0012 0.0001 0.0000 -0.0008 0.0003 0.0000 0.0001 0.0000 0.0000 0.0000 0.0000 0.0000 -0.0009 0.0000 0.0000 0.0002 -29.9996 -0.0001 -0.0003 29.9996 0.0000 0.0000 0.0000 -3.4630 5.7197 177.5067 -15.5227 -7.1752 0.1857 1.4830 72.1103 8.2218 0.0000 25.3510 0.0000 -0.0944 -2.6142 177.7996 -0.0482 -7.2566 -0.0797 13.7570 62.3684 7.0579 0.0000 25.3508 -0.0001 
17.0016 95.5500 -37.9223 3.7874 -6.6457 -2.1017 0.7615 0.1444 0.3851 0.7615 0.1445 0.3851 0.7638 0.1449 0.3862 57.7133 87.1134 -45.7534 -2.0338 47.2668 18.8549 -17.7053 33.3359 84.2886 -3.9061 -0.8618 -9.3433 0.0000 0.0000 0.0001 0.0000 0.0000 0.0000 0.0000 -0.0013 -0.0008 0.0000 -0.0004 0.0001 0.0000 0.0000 0.0000 0.0000 0.0000 0.0000 0.0000 0.0002 0.0000 0.0000 -0.0006 0.0003 0.0000 0.0004 -0.0006 0.0000 0.0000 0.0001 0.0000 0.0000 0.0000 0.0000 -0.0010 -0.0002 0.0000 0.0002 30.0001 -0.0001 0.0005 -29.9998 0.0000 0.0000 0.0000 0.2580 0.2208 0.2304 0.2580 0.2208 0.2304 -24.3739 83.5533 84.4137 46.9430 62.4500 48.2830 84.9650 -7.7511 -8.5158 -0.0751 -0.4796 0.5977 0.0000 -0.0001 0.0001 0.0000 0.0000 0.0000 0.0000 -0.0006 0.0003 0.0000 -0.0001 0.0001 0.0000 0.0000 0.0000 0.0000 0.0000 0.0000 0.0000 0.0007 0.0001 0.0000 -0.0011 0.0001 0.0000 -0.0008 0.0003 0.0000 0.0001 0.0000 0.0000 0.0000 0.0000 0.0000 -0.0009 0.0000 0.0000 0.0002 -29.9996 -0.0001 -0.0003 29.9996 0.0000 0.0000 0.0000 -3.3898 5.6738 177.5145 -15.5890 -7.1754 0.2279 1.5018 72.0982 8.3242 0.0000 25.3510 0.0000 -0.0488 -2.5745 177.8515 -0.0469 -7.0966 -0.0798 13.6213 62.3153 7.0566 0.0000 25.3507 -0.0001 
16.9843 95.5643 -37.8889 3.4849 -6.6090 -2.1079 0.7687 0.1469 0.4201 0.7688 0.1469 0.4201 0.7710 0.1474 0.4214 59.1301 86.8874 -44.4295 2.5935 45.9487 22.9709 -17.6305 34.1171 81.8418 -4.0153 -0.4962 -9.0377 0.0000 0.0000 0.0001 0.0000 0.0000 0.0000 0.0000 -0.0013 -0.0008 0.0000 -0.0004 0.0001 0.0000 0.0000 0.0000 0.0000 0.0000 0.0000 0.0000 0.0002 -0.0001 0.0000 -0.0006 0.0003 0.0000 0.0004 -0.0006 0.0000 0.0000 0.0001 0.0000 0.0000 0.0000 0.0000 -0.0010 -0.0002 0.0000 0.0002 30.0001 -0.0001 0.0005 -29.9998 0.0000 0.0000 0.0000 0.3026 0.3161 0.1997 0.3026 0.3161 0.1997 -24.0545 83.6898 84.7452 46.6669 62.3964 48.2268 85.7965 -5.0146 -8.9463 -0.0664 -0.5143 0.6077 0.0000 -0.0001 0.0001 0.0000 0.0000 0.0000 0.0000 -0.0006 0.0003 0.0000 -0.0001 0.0001 0.0000 0.0000 0.0000 0.0000 0.0000 0.0000 0.0000 0.0007 0.0001 0.0000 -0.0011 0.0001 0.0000 -0.0008 0.0003 0.0000 0.0001 0.0000 0.0000 0.0000 0.0000 0.0000 -0.0009 0.0000 0.0000 0.0002 -29.9996 -0.0001 -0.0003 29.9996 0.0000 0.0000 0.0000 -3.3133 5.6422 177.5217 -15.6794 -7.1734 0.2553 1.5174 72.0955 8.4699 0.0000 25.3510 0.0000 0.0234 -2.5367 177.9035 -0.0461 -6.9355 -0.0799 13.4313 62.2584 7.0573 0.0000 25.3508 -0.0001 
16.9590 95.5770 -37.8506 3.1165 -6.5797 -2.1099 0.7703 0.1516 0.4622 0.7703 0.1517 0.4623 0.7726 0.1521 0.4636 60.1073 86.6440 -43.5384 7.2533 44.4942 26.9157 -17.9659 34.7445 78.9359 -4.0539 -0.1127 -8.6803 0.0000 0.0000 0.0001 0.0000 0.0000 0.0000 0.0000 -0.0013 -0.0008 0.0000 -0.0004 0.0001 0.0000 0.0000 0.0000 0.0000 0.0000 0.0000 0.0000 0.0002 0.0000 0.0000 -0.0006 0.0003 0.0000 0.0004 -0.0006 0.0000 0.0000 0.0001 0.0000 0.0000 0.0000 0.0000 -0.0010 -0.0002 0.0000 0.0002 30.0001 -0.0001 0.0005 -29.9998 0.0000 0.0000 0.0000 0.3552 0.4228 0.1464 0.3552 0.4228 0.1464 -23.7415 83.8190 85.0715 46.4842 62.3691 48.1900 86.1818 -2.1103 -9.4773 -0.0578 -0.5534 0.6290 0.0000 -0.0001 0.0001 0.0000 0.0000 0.0000 0.0000 -0.0006 0.0003 0.0000 -0.0001 0.0001 0.0000 0.0000 0.0000 0.0000 0.0000 0.0000 0.0000 0.0007 0.0001 0.0000 -0.0012 0.0001 0.0000 -0.0008 0.0003 0.0000 0.0001 0.0000 0.0000 0.0000 0.0000 0.0000 -0.0009 0.0000 0.0000 0.0002 -29.9996 -0.0001 -0.0003 29.9996 0.0000 0.0000 0.0000 -3.2365 5.6243 177.5278 -15.7867 -7.1662 0.2697 1.5442 72.0971 8.6700 0.0000 25.3510 0.0000 0.1223 -2.4954 177.9616 -0.0450 -6.7606 -0.0801 13.1860 62.1915 7.0438 0.0000 25.3508 -0.0001 
16.9331 95.5886 -37.8085 2.6691 -6.5588 -2.1060 0.7634 0.1598 0.5133 0.7634 0.1598 0.5134 0.7657 0.1603 0.5149 60.1107 86.3961 -43.6122 11.6635 42.9748 30.4138 -18.6390 35.0472 75.3941 -4.0552 0.3331 -8.3136 0.0000 0.0000 0.0001 0.0000 0.0000 0.0000 0.0000 -0.0013 -0.0008 0.0000 -0.0004 0.0001 0.0000 0.0000 0.0000 0.0000 0.0000 0.0000 0.0000 0.0002 0.0000 0.0000 -0.0006 0.0003 0.0000 0.0004 -0.0006 0.0000 0.0000 0.0001 0.0000 0.0000 0.0000 0.0000 -0.0010 -0.0002 0.0000 0.0002 30.0001 -0.0001 0.0005 -29.9998 0.0000 0.0000 0.0000 0.4119 0.5356 0.0662 0.4119 0.5356 0.0662 -23.4292 83.9241 85.4043 46.2754 62.3988 47.9927 86.1148 1.0093 -10.1579 -0.0487 -0.6012 0.6659 0.0000 -0.0001 0.0001 0.0000 0.0000 0.0000 0.0000 -0.0006 0.0003 0.0000 -0.0001 0.0001 0.0000 0.0000 0.0000 0.0000 0.0000 0.0000 0.0000 0.0007 0.0001 0.0000 -0.0012 0.0001 0.0000 -0.0008 0.0003 0.0000 0.0001 0.0000 0.0000 0.0000 0.0000 0.0000 -0.0009 0.0000 0.0000 0.0002 -29.9996 -0.0001 -0.0003 29.9996 0.0000 0.0000 0.0000 -3.1659 5.6299 177.5283 -15.9321 -7.1435 0.2729 1.5932 72.0968 8.9359 0.0000 25.3510 0.0000 0.2625 -2.4357 178.0209 -0.0444 -6.5314 -0.0802 12.8862 62.0890 7.0137 0.0000 25.3508 -0.0001 
16.9108 95.5994 -37.7714 2.1756 -6.5411 -2.0994 0.7468 0.1702 0.5705 0.7469 0.1703 0.5705 0.7491 0.1708 0.5722 59.2098 86.1423 -44.5680 15.6147 41.4814 33.3184 -19.3232 35.0681 71.4474 -4.0266 0.8219 -7.9397 0.0000 0.0000 0.0001 0.0000 0.0000 0.0000 0.0000 -0.0013 -0.0008 0.0000 -0.0004 0.0001 0.0000 0.0000 0.0000 0.0000 0.0000 0.0000 0.0000 0.0002 0.0000 0.0000 -0.0006 0.0003 0.0000 0.0004 -0.0006 0.0000 0.0000 0.0001 0.0000 0.0000 0.0000 0.0000 -0.0010 -0.0002 0.0000 0.0002 30.0001 -0.0001 0.0005 -29.9998 0.0000 0.0000 0.0000 0.4668 0.6445 -0.0288 0.4668 0.6445 -0.0288 -23.1025 84.0157 85.7656 45.8556 62.4738 47.4717 85.7884 4.3268 -10.9142 -0.0382 -0.6623 0.7205 0.0000 -0.0001 0.0001 0.0000 0.0000 0.0000 0.0000 -0.0006 0.0003 0.0000 -0.0001 0.0001 0.0000 0.0000 0.0000 0.0000 0.0000 0.0000 0.0000 0.0007 0.0001 0.0000 -0.0011 0.0001 0.0000 -0.0008 0.0003 0.0000 0.0001 0.0000 0.0000 0.0000 0.0000 0.0000 -0.0009 0.0000 0.0000 0.0002 -29.9997 -0.0001 -0.0003 29.9996 0.0000 0.0000 0.0000 -3.1001 5.6565 177.5194 -16.1145 -7.1049 0.2781 1.6541 72.0988 9.2255 0.0000 25.3511 0.0000 0.4293 -2.3621 178.0802 -0.0441 -6.2543 -0.0803 12.5571 61.9539 6.9697 0.0000 25.3508 -0.0001 
16.8902 95.6094 -37.7377 1.6489 -6.5244 -2.0918 0.7185 0.1819 0.6335 0.7185 0.1819 0.6335 0.7206 0.1825 0.6354 57.7004 85.8902 -46.1112 19.1108 40.0556 35.6602 -19.9085 34.9000 67.2039 -3.9704 1.3341 -7.5574 0.0000 0.0000 0.0001 0.0000 0.0000 0.0000 0.0000 -0.0013 -0.0008 0.0000 -0.0004 0.0001 0.0000 0.0000 0.0000 0.0000 0.0000 0.0000 0.0000 0.0002 0.0000 0.0000 -0.0006 0.0003 0.0000 0.0004 -0.0006 0.0000 0.0000 0.0001 0.0000 0.0000 0.0000 0.0000 -0.0010 -0.0002 0.0000 0.0002 30.0001 -0.0001 0.0005 -29.9998 0.0000 0.0000 0.0000 0.5217 0.7456 -0.1369 0.5217 0.7456 -0.1369 -22.7923 84.1078 86.1234 45.1433 62.5814 46.5689 85.2254 7.8342 -11.7157 -0.0246 -0.7395 0.7960 0.0000 -0.0001 0.0001 0.0000 0.0000 0.0000 0.0000 -0.0006 0.0003 0.0000 -0.0001 0.0001 0.0000 0.0000 0.0000 0.0000 0.0000 0.0000 0.0000 0.0007 0.0001 0.0000 -0.0011 0.0001 0.0000 -0.0008 0.0003 0.0000 0.0001 0.0000 0.0000 0.0000 0.0000 0.0000 -0.0009 0.0000 0.0000 0.0002 -29.9996 -0.0001 -0.0003 29.9996 0.0000 0.0000 0.0000 -3.0291 5.6992 177.5046 -16.3187 -7.0515 0.2874 1.7063 72.1039 9.5092 0.0000 25.3510 0.0000 0.6101 -2.2852 178.1391 -0.0440 -5.9558 -0.0804 12.2058 61.8016 6.9201 0.0000 25.3508 -0.0001 
16.8641 95.6195 -37.7046 1.0829 -6.5069 -2.0805 0.6671 0.1950 0.7052 0.6671 0.1951 0.7052 0.6691 0.1957 0.7073 55.5854 85.6598 -48.2329 21.9955 38.8781 37.2873 -20.2935 34.4522 62.6099 -3.8809 1.8698 -7.1725 0.0000 0.0000 0.0001 0.0000 0.0000 0.0000 0.0000 -0.0013 -0.0008 0.0000 -0.0004 0.0001 0.0000 0.0000 0.0000 0.0000 0.0000 0.0000 0.0000 0.0002 0.0000 0.0000 -0.0006 0.0003 0.0000 0.0004 -0.0006 0.0000 0.0000 0.0001 0.0000 0.0000 0.0000 0.0000 -0.0010 -0.0002 0.0000 0.0002 30.0001 -0.0001 0.0005 -29.9998 0.0000 0.0000 0.0000 0.5746 0.8360 -0.2671 0.5746 0.8360 -0.2671 -22.5267 84.2125 86.4497 43.8486 62.7477 44.9665 84.3436 11.5966 -12.5796 -0.0053 -0.8409 0.9060 0.0000 -0.0001 0.0001 0.0000 0.0000 0.0000 0.0000 -0.0006 0.0003 0.0000 -0.0001 0.0001 0.0000 0.0000 0.0000 0.0000 0.0000 0.0000 0.0000 0.0007 0.0001 0.0000 -0.0012 0.0001 0.0000 -0.0008 0.0003 0.0000 0.0001 0.0000 0.0000 0.0000 0.0000 0.0000 -0.0009 0.0000 0.0000 0.0002 -29.9996 -0.0001 -0.0003 29.9996 0.0000 0.0000 0.0000 -2.9358 5.7599 177.4874 -16.5487 -6.9827 0.3022 1.7177 72.1190 9.7338 0.0000 25.3510 0.0000 0.8015 -2.2209 178.2008 -0.0439 -5.6690 -0.0805 11.8113 61.6505 6.8542 0.0000 25.3508 -0.0001 
16.8295 95.6287 -37.6652 0.4902 -6.4851 -2.0616 0.5943 0.2094 0.7827 0.5943 0.2095 0.7827 0.5961 0.2101 0.7850 53.3078 85.4814 -50.5070 24.4239 37.9072 38.4123 -20.5770 33.9022 57.7603 -3.7590 2.3946 -6.7907 0.0000 0.0000 0.0001 0.0000 0.0000 0.0000 0.0000 -0.0013 -0.0008 0.0000 -0.0004 0.0001 0.0000 0.0000 0.0000 0.0000 0.0000 0.0000 0.0000 0.0003 0.0000 0.0000 -0.0006 0.0003 0.0000 0.0004 -0.0006 0.0000 0.0000 0.0001 0.0000 0.0000 0.0000 0.0000 -0.0010 -0.0002 0.0000 0.0003 30.0001 -0.0001 0.0005 -29.9998 0.0000 0.0000 0.0000 0.6373 0.9058 -0.4163 0.6373 0.9058 -0.4163 -22.3417 84.3185 86.6979 41.9720 62.9449 42.6855 83.1737 15.5273 -13.5685 0.0222 -0.9721 1.0576 0.0000 -0.0001 0.0001 0.0000 0.0000 0.0000 0.0000 -0.0006 0.0003 0.0000 -0.0001 0.0001 0.0000 0.0000 0.0000 0.0000 0.0000 0.0000 0.0000 0.0007 0.0001 0.0000 -0.0012 0.0001 0.0000 -0.0008 0.0003 0.0000 0.0001 0.0000 0.0000 0.0000 0.0000 0.0000 -0.0008 0.0000 0.0000 0.0002 -29.9996 -0.0001 -0.0003 29.9996 0.0000 0.0000 0.0000 -2.8088 5.8270 177.4719 -16.7887 -6.9074 0.3124 1.6881 72.1439 9.8931 0.0000 25.3510 0.0000 1.0024 -2.1798 178.2626 -0.0436 -5.4198 -0.0806 11.3873 61.5175 6.7755 0.0000 25.3508 -0.0001 
16.7895 95.6368 -37.6260 -0.1250 -6.4567 -2.0356 0.5038 0.2246 0.8634 0.5039 0.2246 0.8635 0.5053 0.2253 0.8660 50.9824 85.3463 -52.8151 27.5486 37.3895 39.4755 -20.8611 33.3047 52.7038 -3.1560 2.5295 -5.6862 0.0000 0.0000 0.0001 0.0000 0.0000 0.0000 0.0000 -0.0013 -0.0008 0.0000 -0.0004 0.0001 0.0000 0.0000 0.0000 0.0000 0.0000 0.0000 0.0000 0.0002 0.0000 0.0000 -0.0006 0.0003 0.0000 0.0004 -0.0006 0.0000 0.0000 0.0001 0.0000 0.0000 0.0000 0.0000 -0.0010 -0.0002 0.0000 0.0002 30.0001 -0.0001 0.0005 -29.9998 0.0000 0.0000 0.0000 0.7117 0.9532 -0.5791 0.7117 0.9532 -0.5791 -22.2429 84.4151 86.8376 39.6518 63.1188 39.8751 81.6544 19.5523 -14.7721 0.0612 -1.1385 1.2594 0.0000 -0.0001 0.0001 0.0000 0.0000 0.0000 0.0000 -0.0006 0.0003 0.0000 -0.0001 0.0001 0.0000 0.0000 0.0000 0.0000 0.0000 0.0000 0.0000 0.0007 0.0001 0.0000 -0.0012 0.0001 0.0000 -0.0008 0.0003 0.0000 0.0001 0.0000 0.0000 0.0000 0.0000 0.0000 -0.0009 0.0000 0.0000 0.0002 -29.9996 -0.0001 -0.0003 29.9996 0.0000 0.0000 0.0000 -2.6346 5.8901 177.4620 -17.0118 -6.8344 0.3115 1.6358 72.1783 10.0160 0.0000 25.3510 0.0000 1.2198 -2.1709 178.3238 -0.0434 -5.2159 -0.0807 10.9509 61.4026 6.6924 0.0000 25.3508 -0.0001 
16.7486 95.6412 -37.6060 -0.7718 -6.4157 -2.0009 0.3935 0.2387 0.9445 0.3936 0.2388 0.9446 0.3947 0.2395 0.9473 48.7689 85.2746 -54.9845 30.3457 37.1550 40.1728 -21.2901 32.5606 47.4347 -2.5511 2.5092 -4.6465 0.0000 0.0000 0.0001 0.0000 0.0000 0.0000 0.0000 -0.0013 -0.0008 0.0000 -0.0004 0.0001 0.0000 0.0000 0.0000 0.0000 0.0000 0.0000 0.0000 0.0002 -0.0001 0.0000 -0.0006 0.0003 0.0000 0.0004 -0.0006 0.0000 0.0000 0.0001 0.0000 0.0000 0.0000 0.0000 -0.0010 -0.0002 0.0000 0.0002 30.0001 -0.0001 0.0005 -29.9998 0.0000 0.0000 0.0000 0.8001 0.9682 -0.7480 0.8001 0.9682 -0.7480 -22.2585 84.5055 86.8750 36.8288 63.2247 36.4376 79.4571 23.5990 -16.3428 0.1189 -1.3436 1.5404 0.0000 -0.0001 0.0001 0.0000 0.0000 0.0000 0.0000 -0.0006 0.0003 0.0000 -0.0001 0.0001 0.0000 0.0000 0.0000 0.0000 0.0000 0.0000 0.0000 0.0007 0.0001 0.0000 -0.0012 0.0001 0.0000 -0.0008 0.0003 0.0000 0.0001 0.0000 0.0000 0.0000 0.0000 0.0000 -0.0009 0.0000 0.0000 0.0002 -29.9997 -0.0001 -0.0003 29.9996 0.0000 0.0000 0.0000 -2.4141 5.9429 177.4609 -17.2253 -6.7625 0.2903 1.5889 72.2198 10.1355 0.0000 25.3510 0.0000 1.4699 -2.2171 178.3813 -0.0434 -5.0636 -0.0808 10.5025 61.2949 6.6050 0.0000 25.3508 -0.0001 
16.7093 95.6440 -37.6065 -1.4531 -6.3654 -1.9566 0.2796 0.2549 1.0219 0.2797 0.2549 1.0220 0.2805 0.2557 1.0250 46.8062 85.2544 -56.8842 32.7546 37.1446 40.5878 -21.8403 31.7098 42.0172 -2.0150 2.4068 -3.7471 0.0000 0.0000 0.0001 0.0000 0.0000 0.0000 0.0000 -0.0013 -0.0008 0.0000 -0.0004 0.0001 0.0000 0.0000 0.0000 0.0000 0.0000 0.0000 0.0000 0.0003 -0.0001 0.0000 -0.0006 0.0003 0.0000 0.0004 -0.0006 0.0000 0.0000 0.0001 0.0000 0.0000 0.0000 0.0000 -0.0010 -0.0002 0.0000 0.0003 30.0001 -0.0001 0.0005 -29.9998 0.0000 0.0000 0.0000 0.8890 0.9526 -0.9051 0.8890 0.9526 -0.9051 -22.4390 84.5750 86.7311 33.8408 63.1606 32.7373 76.5018 27.5536 -18.3774 0.2026 -1.5818 1.9127 0.0000 -0.0001 0.0001 0.0000 0.0000 0.0000 0.0000 -0.0006 0.0003 0.0000 -0.0001 0.0001 0.0000 0.0000 0.0000 0.0000 0.0000 0.0000 0.0000 0.0007 0.0001 0.0000 -0.0012 0.0001 0.0000 -0.0008 0.0003 0.0000 0.0001 0.0000 0.0000 0.0000 0.0000 0.0000 -0.0009 0.0000 0.0000 0.0002 -29.9996 -0.0001 -0.0003 29.9996 0.0000 0.0000 0.0000 -2.1646 5.9814 177.4549 -17.4522 -6.6904 0.2651 1.5645 72.2529 10.2738 0.0000 25.3510 0.0000 1.7638 -2.2846 178.4322 -0.0428 -4.9024 -0.0809 10.0494 61.1654 6.5124 0.0000 25.3508 -0.0001 
16.6739 95.6472 -37.6206 -2.1591 -6.3094 -1.9040 0.1671 0.2758 1.0943 0.1671 0.2759 1.0944 0.1676 0.2767 1.0975 44.9901 85.2734 -58.6247 34.7827 37.3361 40.7800 -22.5172 30.7823 36.4866 -1.5594 2.2523 -2.9948 0.0000 0.0000 0.0001 0.0000 0.0000 0.0000 0.0000 -0.0013 -0.0008 0.0000 -0.0004 0.0001 0.0000 0.0000 0.0000 0.0000 0.0000 0.0000 0.0000 0.0002 0.0000 0.0000 -0.0006 0.0003 0.0000 0.0004 -0.0006 0.0000 0.0000 0.0001 0.0000 0.0000 0.0000 0.0000 -0.0010 -0.0002 0.0000 0.0002 30.0001 -0.0001 0.0005 -29.9998 0.0000 0.0000 0.0000 0.9701 0.9076 -1.0428 0.9701 0.9076 -1.0428 -22.8247 84.6111 86.3661 30.8304 62.9136 28.9294 72.8114 31.3197 -20.9157 0.3157 -1.8402 2.3627 0.0000 -0.0001 0.0001 0.0000 0.0000 0.0000 0.0000 -0.0006 0.0003 0.0000 -0.0001 0.0001 0.0000 0.0000 0.0000 0.0000 0.0000 0.0000 0.0000 0.0007 0.0001 0.0000 -0.0011 0.0001 0.0000 -0.0008 0.0003 0.0000 0.0001 0.0000 0.0000 0.0000 0.0000 0.0000 -0.0009 0.0000 0.0000 0.0002 -29.9996 -0.0001 -0.0003 29.9996 0.0000 0.0000 0.0000 -1.9072 6.0063 177.4382 -17.6938 -6.6198 0.2413 1.5530 72.2758 10.4328 0.0000 25.3510 0.0000 2.0943 -2.3539 178.4741 -0.0416 -4.7126 -0.0810 9.6093 61.0108 6.4268 0.0000 25.3508 -0.0001 
16.6482 95.6507 -37.6366 -2.8878 -6.2481 -1.8461 0.0651 0.3056 1.1567 0.0651 0.3057 1.1569 0.0653 0.3065 1.1602 43.3128 85.3307 -60.2016 36.2937 37.8206 40.6493 -23.3736 29.7246 30.8961 -1.1884 2.0741 -2.3972 0.0000 0.0000 0.0001 0.0000 0.0000 0.0000 0.0000 -0.0013 -0.0008 0.0000 -0.0004 0.0001 0.0000 0.0000 0.0000 0.0000 0.0000 0.0000 0.0000 0.0003 0.0000 0.0000 -0.0006 0.0003 0.0000 0.0004 -0.0006 0.0000 0.0000 0.0001 0.0000 0.0000 0.0000 0.0000 -0.0010 -0.0002 0.0000 0.0002 30.0001 -0.0001 0.0005 -29.9998 0.0000 0.0000 0.0000 1.0238 0.8256 -1.1432 1.0238 0.8256 -1.1432 -23.4843 84.5967 85.7357 27.8123 62.4317 25.0352 68.2092 34.7453 -24.0233 0.4660 -2.0967 2.9015 0.0000 -0.0001 0.0001 0.0000 0.0000 0.0000 0.0000 -0.0006 0.0003 0.0000 -0.0001 0.0001 0.0000 0.0000 0.0000 0.0000 0.0000 0.0000 0.0000 0.0007 0.0001 0.0000 -0.0012 0.0001 0.0000 -0.0008 0.0003 0.0000 0.0001 0.0000 0.0000 0.0000 0.0000 0.0000 -0.0009 0.0000 0.0000 0.0002 -29.9996 -0.0001 -0.0003 29.9996 0.0000 0.0000 0.0000 -1.6650 6.0146 177.4055 -17.9584 -6.5523 0.2289 1.5239 72.2860 10.5962 0.0000 25.3510 0.0000 2.4672 -2.4241 178.5049 -0.0403 -4.5094 -0.0811 9.2237 60.8466 6.3838 0.0000 25.3508 -0.0001 
16.6303 95.6539 -37.6468 -3.6288 -6.1818 -1.7846 -0.0211 0.3413 1.2082 -0.0211 0.3414 1.2083 -0.0211 0.3424 1.2118 41.8360 85.4020 -61.5507 37.3813 38.5785 40.2738 -24.2038 28.5043 25.5528 -0.8987 1.8984 -1.9344 0.0000 0.0000 0.0001 0.0000 0.0000 0.0000 0.0000 -0.0013 -0.0008 0.0000 -0.0004 0.0001 0.0000 0.0000 0.0000 0.0000 0.0000 0.0000 0.0000 0.0002 0.0000 0.0000 -0.0006 0.0003 0.0000 0.0004 -0.0006 0.0000 0.0000 0.0001 0.0000 0.0000 0.0000 0.0000 -0.0010 -0.0002 0.0000 0.0002 30.0001 -0.0001 0.0005 -29.9998 0.0000 0.0000 0.0000 1.0487 0.7309 -1.2128 1.0487 0.7309 -1.2128 -24.3331 84.5538 84.9313 24.9519 61.7270 21.1982 62.9122 37.7723 -27.6433 0.6582 -2.3352 3.5185 0.0000 -0.0001 0.0001 0.0000 0.0000 0.0000 0.0000 -0.0006 0.0003 0.0000 -0.0001 0.0001 0.0000 0.0000 0.0000 0.0000 0.0000 0.0000 0.0000 0.0007 0.0001 0.0000 -0.0012 0.0001 0.0000 -0.0008 0.0003 0.0000 0.0001 0.0000 0.0000 0.0000 0.0000 0.0000 -0.0009 0.0000 0.0000 0.0002 -29.9996 -0.0001 -0.0002 29.9996 0.0000 0.0000 0.0000 -1.4605 6.0202 177.3631 -18.2694 -6.4840 0.2262 1.4500 72.2933 10.7178 0.0000 25.3510 0.0000 2.8458 -2.5117 178.5258 -0.0398 -4.3380 -0.0812 8.8741 60.7012 6.3873 0.0000 25.3508 -0.0001 
16.6085 95.6552 -37.6523 -4.3691 -6.1094 -1.7187 -0.0949 0.3810 1.2489 -0.0949 0.3811 1.2491 -0.0952 0.3822 1.2526 40.5401 85.4856 -62.7023 38.1055 39.5567 39.6946 -25.0354 27.0817 20.1975 -0.6661 1.7326 -1.5666 0.0000 0.0000 0.0001 0.0000 0.0000 0.0000 0.0000 -0.0013 -0.0008 0.0000 -0.0004 0.0001 0.0000 0.0000 0.0000 0.0000 0.0000 0.0000 0.0000 0.0003 -0.0001 0.0000 -0.0006 0.0003 0.0000 0.0004 -0.0006 0.0000 0.0000 0.0001 0.0000 0.0000 0.0000 0.0000 -0.0010 -0.0002 0.0000 0.0002 30.0001 -0.0001 0.0005 -29.9998 0.0000 0.0000 0.0000 1.0514 0.6338 -1.2559 1.0514 0.6338 -1.2559 -25.3576 84.4914 83.9729 22.3588 60.8406 17.4999 57.0216 40.3481 -31.7664 0.8963 -2.5404 4.2061 0.0000 -0.0001 0.0001 0.0000 0.0000 0.0000 0.0000 -0.0006 0.0003 0.0000 -0.0001 0.0001 0.0000 0.0000 0.0000 0.0000 0.0000 0.0000 0.0000 0.0007 0.0001 0.0000 -0.0012 0.0001 0.0000 -0.0008 0.0003 0.0000 0.0002 0.0000 0.0000 0.0000 0.0000 0.0000 -0.0008 0.0000 0.0000 0.0002 -29.9997 -0.0001 -0.0003 29.9996 0.0000 0.0000 0.0000 -1.2949 6.0256 177.3154 -18.6210 -6.4152 0.2258 1.3298 72.3022 10.7862 0.0000 25.3510 0.0000 3.2126 -2.6327 178.5424 -0.0395 -4.2299 -0.0813 8.5400 60.5914 6.4184 0.0000 25.3508 -0.0001 
16.5705 95.6541 -37.6506 -5.0897 -6.0249 -1.6455 -0.1556 0.4223 1.2742 -0.1556 0.4224 1.2744 -0.1561 0.4237 1.2780 39.4373 85.5909 -63.6495 38.4119 40.7124 38.8425 -26.0590 25.4137 14.8103 -0.4827 1.5870 -1.2886 0.0000 0.0000 0.0001 0.0000 0.0000 0.0000 0.0000 -0.0013 -0.0008 0.0000 -0.0004 0.0001 0.0000 0.0000 0.0000 0.0000 0.0000 0.0000 0.0000 0.0002 0.0000 0.0000 -0.0006 0.0003 0.0000 0.0004 -0.0006 0.0000 0.0000 0.0001 0.0000 0.0000 0.0000 0.0000 -0.0010 -0.0002 0.0000 0.0002 30.0001 -0.0001 0.0005 -29.9998 0.0000 0.0000 0.0000 1.0295 0.5474 -1.2629 1.0295 0.5474 -1.2629 -26.6540 84.3878 82.6966 20.2135 59.8385 14.1625 50.5664 42.3060 -36.3997 1.1791 -2.6833 4.9503 0.0000 -0.0001 0.0001 0.0000 0.0000 0.0000 0.0000 -0.0006 0.0003 0.0000 -0.0001 0.0001 0.0000 0.0000 0.0000 0.0000 0.0000 0.0000 0.0000 0.0007 0.0001 0.0000 -0.0012 0.0001 0.0000 -0.0008 0.0003 0.0000 0.0001 0.0000 0.0000 0.0000 0.0000 0.0000 -0.0009 0.0000 0.0000 0.0002 -29.9996 -0.0001 -0.0003 29.9996 0.0000 0.0000 0.0000 -1.1871 6.0322 177.2638 -19.0096 -6.3454 0.2163 1.1530 72.3192 10.7884 0.0000 25.3510 0.0000 3.5493 -2.8289 178.5577 -0.0394 -4.2657 -0.0813 8.2155 60.5617 6.4691 0.0000 25.3508 -0.0001 
16.5315 95.6511 -37.6430 -5.7890 -5.9287 -1.5710 -0.2051 0.4608 1.2878 -0.2051 0.4609 1.2880 -0.2057 0.4622 1.2916 38.4757 85.7157 -64.4515 38.4283 41.8757 37.7577 -27.3648 23.5816 9.5356 -0.3410 1.4682 -1.0854 0.0000 0.0000 0.0001 0.0000 0.0000 0.0000 0.0000 -0.0013 -0.0008 0.0000 -0.0004 0.0001 0.0000 0.0000 0.0000 0.0000 0.0000 0.0000 0.0000 0.0002 0.0000 0.0000 -0.0006 0.0003 0.0000 0.0004 -0.0006 0.0000 0.0000 0.0001 0.0000 0.0000 0.0000 0.0000 -0.0010 -0.0002 0.0000 0.0002 30.0001 -0.0001 0.0005 -29.9998 0.0000 0.0000 0.0000 0.9933 0.4818 -1.2419 0.9933 0.4818 -1.2419 -28.0448 84.2609 81.3575 18.3983 58.7866 11.0543 43.8051 43.6908 -41.3589 1.5065 -2.7544 5.7258 0.0000 -0.0001 0.0001 0.0000 0.0000 0.0000 0.0000 -0.0006 0.0002 0.0000 -0.0001 0.0001 0.0000 0.0000 0.0000 0.0000 0.0000 0.0000 0.0000 0.0007 0.0001 0.0000 -0.0012 0.0001 0.0000 -0.0008 0.0003 0.0000 0.0001 0.0000 0.0000 0.0000 0.0000 0.0000 -0.0008 0.0000 0.0000 0.0002 -29.9996 -0.0001 -0.0003 29.9996 0.0000 0.0000 0.0000 -1.1128 6.0394 177.2111 -19.4054 -6.2773 0.1999 0.9421 72.3488 10.7530 0.0000 25.3510 0.0000 3.8651 -3.1056 178.5686 -0.0408 -4.4546 -0.0811 7.9228 60.6155 6.5538 0.0000 25.3508 -0.0001 
16.5008 95.6463 -37.6290 -6.4726 -5.8217 -1.4961 -0.2438 0.4977 1.2919 -0.2439 0.4978 1.2921 -0.2445 0.4993 1.2958 37.5365 85.8481 -65.2375 38.1847 43.0543 36.4523 -28.8950 21.5342 4.4976 -0.2307 1.3760 -0.9411 0.0000 0.0000 0.0001 0.0000 0.0000 0.0000 0.0000 -0.0013 -0.0008 0.0000 -0.0004 0.0001 0.0000 0.0000 0.0000 0.0000 0.0000 0.0000 0.0000 0.0002 0.0000 0.0000 -0.0006 0.0003 0.0000 0.0004 -0.0006 0.0000 0.0000 0.0001 0.0000 0.0000 0.0000 0.0000 -0.0010 -0.0002 0.0000 0.0002 30.0001 -0.0001 0.0005 -29.9998 0.0000 0.0000 0.0000 0.9491 0.4330 -1.1986 0.9491 0.4330 -1.1986 -29.3679 84.0991 80.0592 17.0075 57.7090 8.3062 36.9038 44.5391 -46.4916 1.8766 -2.7493 6.5104 0.0000 -0.0001 0.0001 0.0000 0.0000 0.0000 0.0000 -0.0006 0.0003 0.0000 -0.0001 0.0001 0.0000 0.0000 0.0000 0.0000 0.0000 0.0000 0.0000 0.0007 0.0001 0.0000 -0.0011 0.0001 0.0000 -0.0008 0.0003 0.0000 0.0001 0.0000 0.0000 0.0000 0.0000 0.0000 -0.0008 0.0000 0.0000 0.0002 -29.9997 -0.0001 -0.0003 29.9996 0.0000 0.0000 0.0000 -1.0510 6.0422 177.1573 -19.7999 -6.2089 0.1785 0.7236 72.3823 10.7046 0.0000 25.3511 0.0000 4.1700 -3.4242 178.5703 -0.0436 -4.7199 -0.0809 7.6639 60.7143 6.6719 0.0000 25.3508 -0.0001 
16.4827 95.6446 -37.6084 -7.1182 -5.7016 -1.4246 -0.2721 0.5371 1.2844 -0.2722 0.5373 1.2846 -0.2729 0.5388 1.2882 36.5742 85.9729 -66.0826 37.5586 44.2240 34.8219 -30.9870 19.1235 -0.5395 -0.1401 1.3094 -0.8514 0.0000 0.0000 0.0001 0.0000 0.0000 0.0000 0.0000 -0.0013 -0.0008 0.0000 -0.0004 0.0001 0.0000 0.0000 0.0000 0.0000 0.0000 0.0000 0.0000 0.0002 0.0000 0.0000 -0.0006 0.0003 0.0000 0.0004 -0.0006 0.0000 0.0000 0.0001 0.0000 0.0000 0.0000 0.0000 -0.0010 -0.0002 0.0000 0.0002 30.0001 -0.0001 0.0005 -29.9998 0.0000 0.0000 0.0000 0.8993 0.3978 -1.1287 0.8993 0.3978 -1.1287 -30.5957 83.8948 78.8113 16.1519 56.6473 6.0251 29.9572 44.8549 -51.6464 2.2846 -2.6642 7.2855 0.0000 -0.0001 0.0001 0.0000 0.0000 0.0000 0.0000 -0.0006 0.0003 0.0000 -0.0001 0.0001 0.0000 0.0000 0.0000 0.0000 0.0000 0.0000 0.0000 0.0007 0.0001 0.0000 -0.0012 0.0001 0.0000 -0.0008 0.0003 0.0000 0.0001 0.0000 0.0000 0.0000 0.0000 0.0000 -0.0009 0.0000 0.0000 0.0002 -29.9996 -0.0001 -0.0002 29.9996 0.0000 0.0000 0.0000 -1.0097 6.0328 177.1050 -20.1789 -6.1470 0.1542 0.5056 72.4202 10.6533 0.0000 25.3510 0.0000 4.4532 -3.7256 178.5605 -0.0468 -4.9460 -0.0807 7.4477 60.8034 6.8205 0.0000 25.3508 -0.0001 
16.4563 95.6489 -37.5792 -7.7214 -5.5740 -1.3623 -0.2897 0.5800 1.2703 -0.2898 0.5802 1.2705 -0.2906 0.5818 1.2742 35.6553 86.0879 -66.9203 36.6062 45.3750 32.9551 -33.6557 16.3705 -5.3103 -0.0653 1.2596 -0.8093 0.0000 0.0000 0.0001 0.0000 0.0000 0.0000 0.0000 -0.0013 -0.0008 0.0000 -0.0004 0.0001 0.0000 0.0000 0.0000 0.0000 0.0000 0.0000 0.0000 0.0002 0.0000 0.0000 -0.0006 0.0003 0.0000 0.0004 -0.0006 0.0000 0.0000 0.0001 0.0000 0.0000 0.0000 0.0000 -0.0010 -0.0002 0.0000 0.0002 30.0001 -0.0001 0.0005 -29.9998 0.0000 0.0000 0.0000 0.8420 0.3644 -1.0480 0.8419 0.3644 -1.0480 -31.7472 83.6666 77.6126 15.4673 55.8659 4.2841 22.9346 44.7168 -56.8823 2.6139 -2.3433 7.6352 0.0000 -0.0001 0.0001 0.0000 0.0000 0.0000 0.0000 -0.0006 0.0003 0.0000 -0.0001 0.0001 0.0000 0.0000 0.0000 0.0000 0.0000 0.0000 0.0000 0.0007 0.0001 0.0000 -0.0011 0.0001 0.0000 -0.0008 0.0003 0.0000 0.0001 0.0000 0.0000 0.0000 0.0000 0.0000 -0.0008 0.0000 0.0000 0.0002 -29.9996 -0.0001 -0.0003 29.9996 0.0000 0.0000 0.0000 -0.9833 6.0153 177.0555 -20.5399 -6.0923 0.1376 0.2916 72.4625 10.5970 0.0000 25.3510 0.0000 4.7245 -3.9619 178.5628 -0.0478 -5.0233 -0.0806 7.2408 60.8167 6.9439 0.0000 25.3508 -0.0001 
16.4187 95.6584 -37.5422 -8.2927 -5.4408 -1.3092 -0.2942 0.6265 1.2520 -0.2942 0.6266 1.2522 -0.2950 0.6284 1.2558 34.7938 86.1853 -67.7369 35.2702 46.5381 30.8495 -36.7899 13.2556 -9.7344 -0.0010 1.2161 -0.8050 0.0000 0.0000 0.0001 0.0000 0.0000 0.0000 0.0000 -0.0013 -0.0008 0.0000 -0.0004 0.0001 0.0000 0.0000 0.0000 0.0000 0.0000 0.0000 0.0000 0.0002 0.0000 0.0000 -0.0006 0.0003 0.0000 0.0004 -0.0006 0.0000 0.0000 0.0001 0.0000 0.0000 0.0000 0.0000 -0.0010 -0.0002 0.0000 0.0002 30.0001 -0.0001 0.0005 -29.9998 0.0000 0.0000 0.0000 0.7839 0.3261 -0.9668 0.7839 0.3261 -0.9668 -32.7958 83.4202 76.4934 14.9339 55.1678 2.7859 16.2496 44.2386 -61.8534 2.9098 -1.9826 7.8362 0.0000 -0.0001 0.0001 0.0000 0.0000 0.0000 0.0000 -0.0006 0.0003 0.0000 -0.0001 0.0001 0.0000 0.0000 0.0000 0.0000 0.0000 0.0000 0.0000 0.0007 0.0001 0.0000 -0.0012 0.0001 0.0000 -0.0008 0.0003 0.0000 0.0001 0.0000 0.0000 0.0000 0.0000 0.0000 -0.0009 0.0000 0.0000 0.0002 -29.9997 -0.0001 -0.0003 29.9996 0.0000 0.0000 0.0000 -0.9516 5.9911 177.0135 -20.8779 -6.0441 0.1282 0.0838 72.5087 10.5342 0.0000 25.3510 0.0000 4.9820 -4.1574 178.5811 -0.0470 -4.9891 -0.0807 7.0283 60.7666 7.0391 0.0000 25.3508 -0.0001 
16.3643 95.6708 -37.4849 -8.7863 -5.3024 -1.2705 -0.2858 0.6790 1.2291 -0.2859 0.6792 1.2293 -0.2867 0.6811 1.2328 33.9324 86.2454 -68.6095 33.0704 47.8728 28.2485 -40.6154 9.6162 -13.7312 0.0542 1.1585 -0.8485 0.0000 0.0000 0.0001 0.0000 0.0000 0.0000 0.0000 -0.0013 -0.0008 0.0000 -0.0004 0.0001 0.0000 0.0000 0.0000 0.0000 0.0000 0.0000 0.0000 0.0003 0.0000 0.0000 -0.0006 0.0003 0.0000 0.0004 -0.0006 0.0000 0.0000 0.0001 0.0000 0.0000 0.0000 0.0000 -0.0010 -0.0002 0.0000 0.0003 30.0001 -0.0001 0.0005 -29.9998 0.0000 0.0000 0.0000 0.7292 0.2747 -0.9002 0.7292 0.2747 -0.9002 -33.7477 83.1634 75.4330 14.6202 54.4726 1.5202 10.0641 43.5468 -66.3745 3.2015 -1.5981 7.9613 0.0000 -0.0001 0.0001 0.0000 0.0000 0.0000 0.0000 -0.0006 0.0003 0.0000 -0.0001 0.0001 0.0000 0.0000 0.0000 0.0000 0.0000 0.0000 0.0000 0.0007 0.0001 0.0000 -0.0012 0.0001 0.0000 -0.0008 0.0003 0.0000 0.0001 0.0000 0.0000 0.0000 0.0000 0.0000 -0.0009 0.0000 0.0000 0.0002 -29.9996 -0.0001 -0.0003 29.9996 0.0000 0.0000 0.0000 -0.9236 5.9657 176.9898 -21.1756 -5.9951 0.1195 -0.0867 72.5528 10.4787 0.0000 25.3510 0.0000 5.1881 -4.3207 178.6183 -0.0447 -4.8623 -0.0808 6.8198 60.6616 7.1072 0.0000 25.3508 -0.0001 
16.3004 95.6834 -37.4144 -9.1981 -5.1603 -1.2394 -0.2689 0.7343 1.2010 -0.2689 0.7345 1.2012 -0.2697 0.7366 1.2046 33.1434 86.2801 -69.4424 29.6357 49.4498 24.8126 -44.6640 5.6094 -17.0461 0.0994 1.0700 -0.9217 0.0000 0.0000 0.0001 0.0000 0.0000 0.0000 0.0000 -0.0013 -0.0008 0.0000 -0.0004 0.0001 0.0000 0.0000 0.0000 0.0000 0.0000 0.0000 0.0000 0.0002 0.0000 0.0000 -0.0006 0.0003 0.0000 0.0004 -0.0006 0.0000 0.0000 0.0001 0.0000 0.0000 0.0000 0.0000 -0.0010 -0.0002 0.0000 0.0002 30.0001 -0.0001 0.0005 -29.9998 0.0000 0.0000 0.0000 0.6735 0.2236 -0.8539 0.6735 0.2236 -0.8539 -34.7184 82.9171 74.3366 14.4299 53.8913 0.3587 4.3821 42.6957 -70.4556 3.4711 -1.2338 8.0300 0.0000 -0.0001 0.0001 0.0000 0.0000 0.0000 0.0000 -0.0006 0.0002 0.0000 -0.0001 0.0001 0.0000 0.0000 0.0000 0.0000 0.0000 0.0000 0.0000 0.0007 0.0001 0.0000 -0.0012 0.0001 0.0000 -0.0008 0.0003 0.0000 0.0001 0.0000 0.0000 0.0000 0.0000 0.0000 -0.0009 0.0000 0.0000 0.0002 -29.9996 -0.0001 -0.0003 29.9996 0.0000 0.0000 0.0000 -0.8997 5.9472 176.9810 -21.4324 -5.9414 0.1085 -0.2318 72.5967 10.4159 0.0000 25.3510 0.0000 5.3420 -4.4767 178.6546 -0.0427 -4.7267 -0.0810 6.6390 60.5550 7.1727 0.0000 25.3508 -0.0001 
16.2284 95.6977 -37.3321 -9.5295 -5.0149 -1.2125 -0.2439 0.7883 1.1676 -0.2439 0.7885 1.1678 -0.2446 0.7907 1.1711 32.4198 86.2968 -70.2236 24.7144 51.1610 20.2413 -48.7513 1.3891 -19.4874 0.1334 0.9429 -1.0076 0.0000 0.0000 0.0001 0.0000 0.0000 0.0000 0.0000 -0.0013 -0.0008 0.0000 -0.0004 0.0001 0.0000 0.0000 0.0000 0.0000 0.0000 0.0000 0.0000 0.0002 0.0000 0.0000 -0.0006 0.0003 0.0000 0.0004 -0.0006 0.0000 0.0000 0.0001 0.0000 0.0000 0.0000 0.0000 -0.0010 -0.0002 0.0000 0.0002 30.0001 -0.0001 0.0005 -29.9998 0.0000 0.0000 0.0000 0.6193 0.1829 -0.8236 0.6193 0.1829 -0.8236 -35.7598 82.6879 73.1732 14.2409 53.4068 -0.8006 -0.8194 41.7879 -74.1103 3.7186 -0.8928 8.0466 0.0000 -0.0001 0.0001 0.0000 0.0000 0.0000 0.0000 -0.0007 0.0003 0.0000 -0.0001 0.0001 0.0000 0.0000 0.0000 0.0000 0.0000 0.0000 0.0000 0.0007 0.0001 0.0000 -0.0012 0.0001 0.0000 -0.0008 0.0003 0.0000 0.0001 0.0000 0.0000 0.0000 0.0000 0.0000 -0.0009 0.0000 0.0000 0.0002 -29.9997 -0.0001 -0.0002 29.9996 0.0000 0.0000 0.0000 -0.8769 5.9351 176.9860 -21.6464 -5.8835 0.0932 -0.3544 72.6401 10.3427 0.0000 25.3510 0.0000 5.4510 -4.6267 178.6861 -0.0411 -4.5970 -0.0811 6.4913 60.4590 7.2365 0.0000 25.3508 -0.0001 
16.1456 95.7128 -37.2478 -9.7329 -4.8663 -1.1877 -0.2190 0.8377 1.1276 -0.2190 0.8379 1.1278 -0.2196 0.8403 1.1310 31.6971 86.2790 -71.0374 17.4041 52.9167 13.7049 -52.8644 -2.6949 -20.5578 0.1492 0.7623 -1.0994 0.0000 0.0000 0.0001 0.0000 0.0000 0.0000 0.0000 -0.0013 -0.0008 0.0000 -0.0004 0.0001 0.0000 0.0000 0.0000 0.0000 0.0000 0.0000 0.0000 0.0002 0.0000 0.0000 -0.0006 0.0003 0.0000 0.0004 -0.0006 0.0000 0.0000 0.0001 0.0000 0.0000 0.0000 0.0000 -0.0010 -0.0002 0.0000 0.0002 30.0001 -0.0001 0.0005 -29.9998 0.0000 0.0000 0.0000 0.5853 0.1698 -0.8191 0.5853 0.1698 -0.8191 -36.9379 82.4938 71.8634 13.9025 53.0484 -2.1097 -5.1373 41.1994 -76.9352 3.9247 -0.6201 8.0112 0.0000 -0.0001 0.0001 0.0000 0.0000 0.0000 0.0000 -0.0006 0.0003 0.0000 -0.0001 0.0001 0.0000 0.0000 0.0000 0.0000 0.0000 0.0000 0.0000 0.0007 0.0001 0.0000 -0.0012 0.0001 0.0000 -0.0008 0.0003 0.0000 0.0001 0.0000 0.0000 0.0000 0.0000 0.0000 -0.0009 0.0000 0.0000 0.0002 -29.9997 -0.0001 -0.0003 29.9996 0.0000 0.0000 0.0000 -0.8559 5.9257 177.0090 -21.7846 -5.8231 0.0700 -0.4433 72.6793 10.2606 0.0000 25.3510 0.0000 5.5013 -4.7722 178.7109 -0.0398 -4.4783 -0.0812 6.3881 60.3742 7.2785 0.0000 25.3508 -0.0001 
16.0569 95.7277 -37.1835 -9.8228 -4.7169 -1.1632 -0.2027 0.8870 1.0864 -0.2028 0.8872 1.0866 -0.2033 0.8898 1.0897 30.9514 86.2447 -71.9225 8.3096 54.2460 5.5712 -57.1000 -6.2704 -20.1878 0.1484 0.5416 -1.1683 0.0000 0.0000 0.0001 0.0000 0.0000 0.0000 0.0000 -0.0013 -0.0008 0.0000 -0.0004 0.0001 0.0000 0.0000 0.0000 0.0000 0.0000 0.0000 0.0000 0.0003 0.0000 0.0000 -0.0006 0.0003 0.0000 0.0004 -0.0006 0.0000 0.0000 0.0001 0.0000 0.0000 0.0000 0.0000 -0.0010 -0.0002 0.0000 0.0002 30.0001 -0.0001 0.0005 -29.9998 0.0000 0.0000 0.0000 0.5790 0.1829 -0.8434 0.5790 0.1829 -0.8434 -38.1636 82.3237 70.4936 13.3254 52.7904 -3.6622 -8.9230 40.9245 -79.1860 4.0979 -0.3960 7.9306 0.0000 -0.0001 0.0001 0.0000 0.0000 0.0000 0.0000 -0.0006 0.0003 0.0000 -0.0001 0.0001 0.0000 0.0000 0.0000 0.0000 0.0000 0.0000 0.0000 0.0007 0.0001 0.0000 -0.0012 0.0001 0.0000 -0.0008 0.0003 0.0000 0.0001 0.0001 0.0000 0.0000 0.0000 0.0000 -0.0009 0.0000 0.0000 0.0002 -29.9996 -0.0001 -0.0003 29.9996 0.0000 0.0000 0.0000 -0.8371 5.9104 177.0462 -21.8533 -5.7685 0.0434 -0.5161 72.7153 10.1585 0.0000 25.3510 0.0000 5.5133 -4.9279 178.7357 -0.0384 -4.3817 -0.0812 6.3170 60.2960 7.2796 0.0000 25.3508 -0.0001 
15.9596 95.7410 -37.1418 -9.8111 -4.5663 -1.1393 -0.1980 0.9369 1.0458 -0.1980 0.9371 1.0459 -0.1985 0.9397 1.0489 30.3268 86.2083 -72.7218 -1.7413 54.8141 -3.4816 -61.7710 -9.0547 -18.5257 0.1353 0.2976 -1.2005 0.0000 0.0000 0.0001 0.0000 0.0000 0.0000 0.0000 -0.0013 -0.0008 0.0000 -0.0004 0.0001 0.0000 0.0000 0.0000 0.0000 0.0000 0.0000 0.0000 0.0002 0.0000 0.0000 -0.0006 0.0003 0.0000 0.0004 -0.0006 0.0000 0.0000 0.0001 0.0000 0.0000 0.0000 0.0000 -0.0010 -0.0002 0.0000 0.0002 30.0001 -0.0001 0.0005 -29.9998 0.0000 0.0000 0.0000 0.5975 0.2231 -0.8933 0.5975 0.2231 -0.8933 -39.3703 82.1709 69.1330 12.4264 52.5907 -5.5173 -12.2540 40.9702 -80.9469 4.2398 -0.2115 7.8106 0.0000 -0.0001 0.0001 0.0000 0.0000 0.0000 0.0000 -0.0006 0.0003 0.0000 -0.0001 0.0001 0.0000 0.0000 0.0000 0.0000 0.0000 0.0000 0.0000 0.0007 0.0001 0.0000 -0.0012 0.0001 0.0000 -0.0008 0.0003 0.0000 0.0001 0.0000 0.0000 0.0000 0.0000 0.0000 -0.0008 0.0000 0.0000 0.0002 -29.9997 -0.0001 -0.0003 29.9996 0.0000 0.0000 0.0000 -0.8256 5.8845 177.0944 -21.8616 -5.7215 0.0147 -0.5805 72.7473 10.0368 0.0000 25.3510 0.0000 5.4976 -5.0919 178.7624 -0.0369 -4.3014 -0.0813 6.2762 60.2214 7.2394 0.0000 25.3507 -0.0001 
15.8537 95.7529 -37.1278 -9.6581 -4.4143 -1.1147 -0.2104 0.9856 1.0046 -0.2104 0.9858 1.0048 -0.2110 0.9887 1.0076 30.0182 86.1736 -73.2338 -11.4045 54.5675 -12.2173 -66.9030 -10.4891 -15.6271 0.1130 0.0543 -1.2006 0.0000 0.0000 0.0001 0.0000 0.0000 0.0000 0.0000 -0.0013 -0.0008 0.0000 -0.0004 0.0001 0.0000 0.0000 0.0000 0.0000 0.0000 0.0000 0.0000 0.0002 0.0000 0.0000 -0.0006 0.0003 0.0000 0.0004 -0.0006 0.0000 0.0000 0.0001 0.0000 0.0000 0.0000 0.0000 -0.0010 -0.0002 0.0000 0.0002 30.0001 -0.0001 0.0005 -29.9998 0.0000 0.0000 0.0000 0.6642 0.2987 -0.9675 0.6642 0.2987 -0.9675 -40.4819 82.0448 67.8646 10.8071 52.4130 -7.9652 -14.7688 41.5514 -81.9181 4.3381 -0.0750 7.6483 0.0000 -0.0001 0.0001 0.0000 0.0000 0.0000 0.0000 -0.0006 0.0003 0.0000 -0.0001 0.0001 0.0000 0.0000 0.0000 0.0000 0.0000 0.0000 0.0000 0.0007 0.0001 0.0000 -0.0011 0.0001 0.0000 -0.0008 0.0003 0.0000 0.0001 0.0000 0.0000 0.0000 0.0000 0.0000 -0.0009 0.0000 0.0000 0.0002 -29.9997 -0.0001 -0.0003 29.9996 0.0000 0.0000 0.0000 -0.8307 5.8402 177.1549 -21.7820 -5.6848 -0.0199 -0.6358 72.7721 9.8941 0.0000 25.3511 0.0000 5.4489 -5.2534 178.7818 -0.0356 -4.2361 -0.0814 6.2943 60.1552 7.1565 0.0000 25.3508 -0.0001 
15.7395 95.7641 -37.1147 -9.4016 -4.2616 -1.0814 -0.2324 1.0316 0.9588 -0.2325 1.0319 0.9590 -0.2331 1.0348 0.9617 29.9690 86.1530 -73.4925 -19.2342 53.7981 -19.2918 -72.2916 -10.6497 -12.2248 0.0908 -0.1653 -1.1812 0.0000 0.0000 0.0001 0.0000 0.0000 0.0000 0.0000 -0.0013 -0.0008 0.0000 -0.0004 0.0001 0.0000 0.0000 0.0000 0.0000 0.0000 0.0000 0.0000 0.0002 0.0000 0.0000 -0.0006 0.0003 0.0000 0.0004 -0.0006 0.0000 0.0000 0.0001 0.0000 0.0000 0.0000 0.0000 -0.0010 -0.0002 0.0000 0.0002 30.0001 -0.0001 0.0005 -29.9998 0.0000 0.0000 0.0000 0.7590 0.3993 -1.0445 0.7590 0.3993 -1.0445 -41.4576 81.9429 66.7333 8.4823 52.1619 -10.8891 -16.4783 42.4945 -82.2006 4.3981 0.0421 7.4553 0.0000 -0.0001 0.0001 0.0000 0.0000 0.0000 0.0000 -0.0006 0.0003 0.0000 -0.0001 0.0001 0.0000 0.0000 0.0000 0.0000 0.0000 0.0000 0.0000 0.0007 0.0001 0.0000 -0.0012 0.0001 0.0000 -0.0008 0.0003 0.0000 0.0001 0.0000 0.0000 0.0000 0.0000 0.0000 -0.0008 0.0000 0.0000 0.0002 -29.9996 -0.0001 -0.0003 29.9996 0.0000 0.0000 0.0000 -0.8592 5.7851 177.2099 -21.6523 -5.6515 -0.0524 -0.6875 72.7917 9.7270 0.0000 25.3510 0.0000 5.3722 -5.3893 178.7804 -0.0349 -4.1615 -0.0815 6.3610 60.0944 7.0539 0.0000 25.3508 -0.0001 
15.6224 95.7750 -37.0940 -9.0647 -4.1078 -1.0366 -0.2578 1.0752 0.9065 -0.2579 1.0754 0.9067 -0.2586 1.0785 0.9093 30.0863 86.1530 -73.5750 -25.0964 52.8901 -24.5599 -77.7428 -9.7491 -8.7523 0.0718 -0.3619 -1.1565 0.0000 0.0000 0.0001 0.0000 0.0000 0.0000 0.0000 -0.0013 -0.0008 0.0000 -0.0004 0.0001 0.0000 0.0000 0.0000 0.0000 0.0000 0.0000 0.0000 0.0002 -0.0001 0.0000 -0.0006 0.0003 0.0000 0.0004 -0.0006 0.0000 0.0000 0.0001 0.0000 0.0000 0.0000 0.0000 -0.0010 -0.0002 0.0000 0.0002 30.0001 -0.0002 0.0005 -29.9998 0.0000 0.0000 0.0000 0.8670 0.5196 -1.1101 0.8670 0.5196 -1.1101 -42.2228 81.8524 65.8138 5.6271 51.7752 -14.0812 -17.4731 43.6651 -81.8784 4.4257 0.1573 7.2426 0.0000 -0.0001 0.0001 0.0000 0.0000 0.0000 0.0000 -0.0006 0.0003 0.0000 -0.0001 0.0001 0.0000 0.0000 0.0000 0.0000 0.0000 0.0000 0.0000 0.0007 0.0001 0.0000 -0.0012 0.0001 0.0000 -0.0008 0.0003 0.0000 0.0001 0.0000 0.0000 0.0000 0.0000 0.0000 -0.0009 0.0000 0.0000 0.0002 -29.9996 -0.0001 -0.0002 29.9996 0.0000 0.0000 0.0000 -0.9094 5.7219 177.2536 -21.4922 -5.6167 -0.0806 -0.7369 72.8076 9.5343 0.0000 25.3510 0.0000 5.2695 -5.5030 178.7575 -0.0344 -4.0861 -0.0815 6.4632 60.0472 6.9397 0.0000 25.3508 -0.0001 
15.5054 95.7871 -37.0584 -8.6322 -3.9486 -0.9722 -0.2786 1.1145 0.8420 -0.2787 1.1147 0.8421 -0.2794 1.1179 0.8445 30.1283 86.1878 -73.7004 -28.5050 52.2777 -27.5183 -82.9022 -7.9472 -5.4239 0.0578 -0.5341 -1.1539 0.0000 0.0000 0.0001 0.0000 0.0000 0.0000 0.0000 -0.0013 -0.0008 0.0000 -0.0004 0.0001 0.0000 0.0000 0.0000 0.0000 0.0000 0.0000 0.0000 0.0002 0.0000 0.0000 -0.0006 0.0003 0.0000 0.0004 -0.0006 0.0000 0.0000 0.0001 0.0000 0.0000 0.0000 0.0000 -0.0010 -0.0002 0.0000 0.0002 30.0001 -0.0001 0.0005 -29.9998 0.0000 0.0000 0.0000 0.9731 0.6629 -1.1346 0.9731 0.6629 -1.1346 -42.5426 81.7594 65.3475 2.2933 51.2238 -17.3354 -17.4506 44.9022 -80.5857 4.4129 0.2987 7.0192 0.0000 -0.0001 0.0001 0.0000 0.0000 0.0000 0.0000 -0.0006 0.0003 0.0000 -0.0001 0.0001 0.0000 0.0000 0.0000 0.0000 0.0000 0.0000 0.0000 0.0007 0.0001 0.0000 -0.0012 0.0001 0.0000 -0.0008 0.0003 0.0000 0.0001 0.0000 0.0000 0.0000 0.0000 0.0000 -0.0009 0.0000 0.0000 0.0002 -29.9997 -0.0001 -0.0003 29.9996 0.0000 0.0000 0.0000 -0.9860 5.6459 177.2771 -21.2934 -5.5718 -0.1089 -0.7715 72.8161 9.3262 0.0000 25.3510 0.0000 5.1298 -5.5926 178.7041 -0.0337 -4.0221 -0.0815 6.6003 60.0298 6.8127 0.0000 25.3508 -0.0001 
15.3941 95.7991 -37.0150 -8.1408 -3.7826 -0.8903 -0.2877 1.1484 0.7673 -0.2877 1.1486 0.7675 -0.2885 1.1519 0.7696 29.7515 86.2446 -74.2092 -30.5848 51.9211 -29.1807 -87.4580 -5.5501 -2.3083 0.0480 -0.6986 -1.1744 0.0000 0.0000 0.0001 0.0000 0.0000 0.0000 0.0000 -0.0013 -0.0008 0.0000 -0.0004 0.0001 0.0000 0.0000 0.0000 0.0000 0.0000 0.0000 0.0000 0.0002 0.0000 0.0000 -0.0006 0.0003 0.0000 0.0004 -0.0006 0.0000 0.0000 0.0001 0.0000 0.0000 0.0000 0.0000 -0.0010 -0.0002 0.0000 0.0002 30.0001 -0.0001 0.0005 -29.9998 0.0000 0.0000 0.0000 1.0611 0.8205 -1.1172 1.0611 0.8205 -1.1172 -42.5565 81.6592 65.2064 -1.0592 50.5540 -20.2825 -16.7247 45.9539 -78.5348 4.3714 0.4823 6.7986 0.0000 -0.0001 0.0001 0.0000 0.0000 0.0000 0.0000 -0.0006 0.0003 0.0000 -0.0001 0.0001 0.0000 0.0000 0.0000 0.0000 0.0000 0.0000 0.0000 0.0007 0.0001 0.0000 -0.0011 0.0001 0.0000 -0.0008 0.0003 0.0000 0.0001 0.0000 0.0000 0.0000 0.0000 0.0000 -0.0009 0.0000 0.0000 0.0002 -29.9996 -0.0001 -0.0003 29.9996 0.0000 0.0000 0.0000 -1.0672 5.5589 177.2865 -21.0577 -5.5176 -0.1435 -0.7872 72.8184 9.1201 0.0000 25.3510 0.0000 4.9650 -5.6656 178.6225 -0.0332 -3.9693 -0.0816 6.7654 60.0401 6.6884 0.0000 25.3508 -0.0001 
15.2875 95.8110 -36.9706 -7.6060 -3.6122 -0.7963 -0.2831 1.1800 0.6861 -0.2832 1.1802 0.6862 -0.2839 1.1836 0.6882 28.9716 86.3248 -75.1120 -31.8104 51.7647 -29.9908 -91.4079 -2.6672 0.6186 0.0407 -0.8690 -1.2200 0.0000 0.0000 0.0001 0.0000 0.0000 0.0000 0.0000 -0.0013 -0.0008 0.0000 -0.0004 0.0001 0.0000 0.0000 0.0000 0.0000 0.0000 0.0000 0.0000 0.0002 0.0000 0.0000 -0.0006 0.0003 0.0000 0.0004 -0.0006 0.0000 0.0000 0.0001 0.0000 0.0000 0.0000 0.0000 -0.0010 -0.0002 0.0000 0.0002 30.0001 -0.0001 0.0005 -29.9998 0.0000 0.0000 0.0000 1.1284 0.9842 -1.0644 1.1284 0.9842 -1.0644 -42.3603 81.5549 65.2979 -4.1843 49.8087 -22.7629 -15.5057 46.7582 -75.8476 4.3091 0.7070 6.5856 0.0000 -0.0001 0.0001 0.0000 0.0000 0.0000 0.0000 -0.0006 0.0003 0.0000 -0.0001 0.0001 0.0000 0.0000 0.0000 0.0000 0.0000 0.0000 0.0000 0.0007 0.0001 0.0000 -0.0012 0.0001 0.0000 -0.0008 0.0003 0.0000 0.0001 0.0000 0.0000 0.0000 0.0000 0.0000 -0.0009 0.0000 0.0000 0.0002 -29.9997 -0.0001 -0.0003 29.9996 0.0000 0.0000 0.0000 -1.1382 5.4602 177.2908 -20.7929 -5.4630 -0.1814 -0.7857 72.8179 8.9074 0.0000 25.3510 0.0000 4.7777 -5.7256 178.5186 -0.0333 -3.9240 -0.0816 6.9505 60.0717 6.5701 0.0000 25.3508 -0.0001 
15.1780 95.8227 -36.9327 -7.0170 -3.4379 -0.6963 -0.2585 1.2119 0.6009 -0.2585 1.2122 0.6010 -0.2592 1.2156 0.6027 27.6424 86.4452 -76.5681 -32.2424 51.7999 -29.9455 -94.5175 0.6762 3.4863 0.0357 -1.0645 -1.3306 0.0000 0.0000 0.0001 0.0000 0.0000 0.0000 0.0000 -0.0013 -0.0008 0.0000 -0.0004 0.0001 0.0000 0.0000 0.0000 0.0000 0.0000 0.0000 0.0000 0.0002 0.0000 0.0000 -0.0006 0.0003 0.0000 0.0004 -0.0006 0.0000 0.0000 0.0001 0.0000 0.0000 0.0000 0.0000 -0.0010 -0.0002 0.0000 0.0002 30.0001 -0.0001 0.0005 -29.9998 0.0000 0.0000 0.0000 1.1631 1.1437 -0.9706 1.1631 1.1437 -0.9706 -41.8675 81.4449 65.7598 -6.7492 49.0989 -24.4629 -13.8341 47.0583 -72.3320 4.2230 0.9944 6.3884 0.0000 -0.0001 0.0001 0.0000 0.0000 0.0000 0.0000 -0.0006 0.0003 0.0000 -0.0001 0.0001 0.0000 0.0000 0.0000 0.0000 0.0000 0.0000 0.0000 0.0007 0.0001 0.0000 -0.0012 0.0001 0.0000 -0.0008 0.0003 0.0000 0.0002 0.0000 0.0000 0.0000 0.0000 0.0000 -0.0008 0.0000 0.0000 0.0002 -29.9997 -0.0001 -0.0003 29.9996 0.0000 0.0000 0.0000 -1.1877 5.3379 177.2980 -20.4870 -5.4181 -0.2251 -0.7457 72.8125 8.7041 0.0000 25.3510 0.0000 4.5513 -5.8005 178.4047 -0.0339 -3.9380 -0.0816 7.1421 60.1499 6.4487 0.0000 25.3508 -0.0001 
15.0689 95.8360 -36.9036 -6.3840 -3.2643 -0.5985 -0.2211 1.2485 0.5155 -0.2211 1.2487 0.5156 -0.2217 1.2523 0.5170 25.9140 86.5943 -78.4285 -32.5480 51.9244 -29.6609 -96.8844 4.4363 6.3835 0.0308 -1.2962 -1.4786 0.0000 0.0000 0.0001 0.0000 0.0000 0.0000 0.0000 -0.0013 -0.0008 0.0000 -0.0004 0.0001 0.0000 0.0000 0.0000 0.0000 0.0000 0.0000 0.0000 0.0002 -0.0001 0.0000 -0.0006 0.0003 0.0000 0.0004 -0.0006 0.0000 0.0000 0.0001 0.0000 0.0000 0.0000 0.0000 -0.0010 -0.0002 0.0000 0.0002 30.0001 -0.0001 0.0005 -29.9998 0.0000 0.0000 0.0000 1.1737 1.2818 -0.8523 1.1737 1.2818 -0.8523 -41.2263 81.3369 66.4046 -8.7033 48.5380 -25.4964 -11.9604 46.9077 -68.2131 4.1130 1.3160 6.2053 0.0000 -0.0001 0.0001 0.0000 0.0000 0.0000 0.0000 -0.0006 0.0003 0.0000 -0.0001 0.0001 0.0000 0.0000 0.0000 0.0000 0.0000 0.0000 0.0000 0.0007 0.0001 0.0000 -0.0012 0.0001 0.0000 -0.0008 0.0003 0.0000 0.0001 0.0000 0.0000 0.0000 0.0000 0.0000 -0.0008 0.0000 0.0000 0.0002 -29.9997 -0.0001 -0.0002 29.9996 0.0000 0.0000 0.0000 -1.2253 5.1946 177.3151 -20.1397 -5.3899 -0.2769 -0.6725 72.8027 8.5270 0.0000 25.3510 0.0000 4.2908 -5.9225 178.2984 -0.0348 -4.0534 -0.0815 7.3298 60.2825 6.3148 0.0000 25.3508 -0.0001 
14.9667 95.8506 -36.8819 -5.7121 -3.0941 -0.5043 -0.1754 1.2903 0.4302 -0.1754 1.2906 0.4302 -0.1759 1.2943 0.4315 23.8687 86.7629 -80.6083 -32.7774 52.0961 -29.2253 -98.5886 8.5547 9.2957 0.0248 -1.5715 -1.6599 0.0000 0.0000 0.0001 0.0000 0.0000 0.0000 0.0000 -0.0013 -0.0008 0.0000 -0.0004 0.0001 0.0000 0.0000 0.0000 0.0000 0.0000 0.0000 0.0000 0.0002 -0.0001 0.0000 -0.0006 0.0003 0.0000 0.0004 -0.0006 0.0000 0.0000 0.0001 0.0000 0.0000 0.0000 0.0000 -0.0010 -0.0002 0.0000 0.0002 30.0001 -0.0001 0.0005 -29.9998 0.0000 0.0000 0.0000 1.1661 1.3938 -0.7115 1.1661 1.3938 -0.7115 -40.5375 81.2398 67.1178 -10.7072 48.2118 -26.1714 -9.9435 46.3916 -63.6467 3.7368 1.5311 5.6969 0.0000 -0.0001 0.0001 0.0000 0.0000 0.0000 0.0000 -0.0006 0.0003 0.0000 -0.0001 0.0001 0.0000 0.0000 0.0000 0.0000 0.0000 0.0000 0.0000 0.0007 0.0001 0.0000 -0.0012 0.0001 0.0000 -0.0008 0.0003 0.0000 0.0001 0.0000 0.0000 0.0000 0.0000 0.0000 -0.0008 0.0000 0.0000 0.0002 -29.9996 -0.0001 -0.0003 29.9996 0.0000 0.0000 0.0000 -1.2572 5.0339 177.3406 -19.7603 -5.3825 -0.3299 -0.5826 72.7932 8.3596 0.0000 25.3510 0.0000 4.0005 -6.0996 178.1979 -0.0365 -4.2837 -0.0813 7.5236 60.4718 6.1786 0.0000 25.3508 -0.0001 
14.8810 95.8661 -36.8654 -4.9834 -2.9316 -0.4230 -0.1234 1.3394 0.3463 -0.1235 1.3396 0.3464 -0.1238 1.3435 0.3474 21.6462 86.9451 -82.9571 -32.9053 52.3340 -28.6277 -99.4064 12.9983 12.3537 0.0167 -1.8950 -1.8901 0.0000 0.0000 0.0001 0.0000 0.0000 0.0000 0.0000 -0.0013 -0.0008 0.0000 -0.0004 0.0001 0.0000 0.0000 0.0000 0.0000 0.0000 0.0000 0.0000 0.0002 0.0000 0.0000 -0.0006 0.0003 0.0000 0.0004 -0.0006 0.0000 0.0000 0.0001 0.0000 0.0000 0.0000 0.0000 -0.0010 -0.0002 0.0000 0.0002 30.0001 -0.0001 0.0005 -29.9998 0.0000 0.0000 0.0000 1.1367 1.4717 -0.5423 1.1367 1.4717 -0.5423 -39.8656 81.1767 67.8305 -12.4890 48.1244 -26.4042 -7.6904 45.4392 -58.5263 3.2311 1.6592 5.0367 0.0000 -0.0001 0.0001 0.0000 0.0000 0.0000 0.0000 -0.0006 0.0003 0.0000 -0.0001 0.0001 0.0000 0.0000 0.0000 0.0000 0.0000 0.0000 0.0000 0.0007 0.0001 0.0000 -0.0011 0.0001 0.0000 -0.0008 0.0003 0.0000 0.0001 0.0000 0.0000 0.0000 0.0000 0.0000 -0.0008 0.0000 0.0000 0.0002 -29.9996 -0.0001 -0.0003 29.9996 0.0000 0.0000 0.0000 -1.2918 4.8524 177.3775 -19.3486 -5.4077 -0.3735 -0.4860 72.7892 8.1824 0.0000 25.3510 0.0000 3.6648 -6.3320 178.1068 -0.0395 -4.6378 -0.0811 7.7304 60.7218 6.0452 0.0000 25.3508 -0.0001 
14.8037 95.8809 -36.8465 -4.2083 -2.7721 -0.3532 -0.0733 1.3911 0.2648 -0.0733 1.3913 0.2649 -0.0735 1.3953 0.2656 19.2924 87.1204 -85.4295 -33.0200 52.5795 -27.9959 -99.3798 17.5496 15.5870 0.0069 -2.2653 -2.1658 0.0000 0.0000 0.0001 0.0000 0.0000 0.0000 0.0000 -0.0013 -0.0008 0.0000 -0.0004 0.0001 0.0000 0.0000 0.0000 0.0000 0.0000 0.0000 0.0000 0.0002 0.0000 0.0000 -0.0006 0.0003 0.0000 0.0004 -0.0006 0.0000 0.0000 0.0001 0.0000 0.0000 0.0000 0.0000 -0.0010 -0.0002 0.0000 0.0002 30.0001 -0.0001 0.0005 -29.9998 0.0000 0.0000 0.0000 1.0970 1.5347 -0.3607 1.0970 1.5347 -0.3607 -39.2142 81.1456 68.5248 -14.0397 48.1828 -26.3972 -5.2322 44.2051 -53.0397 2.7381 1.7340 4.4000 0.0000 -0.0001 0.0001 0.0000 0.0000 0.0000 0.0000 -0.0006 0.0003 0.0000 -0.0001 0.0001 0.0000 0.0000 0.0000 0.0000 0.0000 0.0000 0.0000 0.0007 0.0001 0.0000 -0.0012 0.0001 0.0000 -0.0008 0.0003 0.0000 0.0001 0.0000 0.0000 0.0000 0.0000 0.0000 -0.0008 0.0000 0.0000 0.0002 -29.9997 -0.0001 -0.0003 29.9996 0.0000 0.0000 0.0000 -1.3331 4.6640 177.4183 -18.9014 -5.4424 -0.4126 -0.3877 72.7881 8.0048 0.0000 25.3510 0.0000 3.2976 -6.5757 178.0217 -0.0430 -5.0269 -0.0808 7.9543 60.9919 5.9146 0.0000 25.3508 -0.0001 
14.7307 95.8948 -36.8209 -3.3944 -2.6108 -0.2919 -0.0226 1.4437 0.1851 -0.0226 1.4440 0.1851 -0.0227 1.4481 0.1857 16.7826 87.2717 -88.0329 -33.1902 52.7897 -27.4280 -98.5084 22.1018 19.0293 -0.0056 -2.6805 -2.4871 0.0000 0.0000 0.0001 0.0000 0.0000 0.0000 0.0000 -0.0013 -0.0008 0.0000 -0.0004 0.0001 0.0000 0.0000 0.0000 0.0000 0.0000 0.0000 0.0000 0.0002 0.0000 0.0000 -0.0006 0.0003 0.0000 0.0004 -0.0006 0.0000 0.0000 0.0001 0.0000 0.0000 0.0000 0.0000 -0.0010 -0.0002 0.0000 0.0002 30.0001 -0.0001 0.0005 -29.9998 0.0000 0.0000 0.0000 1.0482 1.5912 -0.1747 1.0482 1.5912 -0.1747 -38.5914 81.1392 69.1858 -15.4068 48.3836 -26.2225 -2.6403 42.7077 -47.3295 2.2754 1.7565 3.8021 0.0000 -0.0001 0.0001 0.0000 0.0000 0.0000 0.0000 -0.0006 0.0003 0.0000 -0.0001 0.0001 0.0000 0.0000 0.0000 0.0000 0.0000 0.0000 0.0000 0.0007 0.0001 0.0000 -0.0012 0.0001 0.0000 -0.0008 0.0003 0.0000 0.0001 0.0000 0.0000 0.0000 0.0000 0.0000 -0.0008 0.0000 0.0000 0.0002 -29.9996 -0.0001 -0.0003 29.9996 0.0000 0.0000 0.0000 -1.3793 4.4744 177.4620 -18.4125 -5.4745 -0.4516 -0.2952 72.7878 7.8298 0.0000 25.3510 0.0000 2.9135 -6.8112 177.9425 -0.0462 -5.4099 -0.0805 8.2044 61.2655 5.7866 0.0000 25.3508 -0.0001 
14.6631 95.9078 -36.7757 -2.5348 -2.4396 -0.2431 0.0190 1.4898 0.1105 0.0190 1.4901 0.1105 0.0191 1.4944 0.1108 14.2205 87.3823 -90.6814 -33.3797 52.9251 -26.9710 -96.5941 26.5595 22.7419 -0.0260 -3.1256 -2.8649 0.0000 0.0000 0.0001 0.0000 0.0000 0.0000 0.0000 -0.0013 -0.0008 0.0000 -0.0004 0.0001 0.0000 0.0000 0.0000 0.0000 0.0000 0.0000 0.0000 0.0002 0.0000 0.0000 -0.0006 0.0003 0.0000 0.0004 -0.0006 0.0000 0.0000 0.0001 0.0000 0.0000 0.0000 0.0000 -0.0010 -0.0002 0.0000 0.0002 30.0001 -0.0001 0.0005 -29.9998 0.0000 0.0000 0.0000 1.0104 1.6508 0.0039 1.0104 1.6508 0.0039 -38.0751 81.1729 69.6885 -16.5274 48.7725 -25.8180 0.1844 40.8879 -41.2988 1.8452 1.7305 3.2483 0.0000 -0.0001 0.0001 0.0000 0.0000 0.0000 0.0000 -0.0006 0.0003 0.0000 -0.0001 0.0001 0.0000 0.0000 0.0000 0.0000 0.0000 0.0000 0.0000 0.0007 0.0001 0.0000 -0.0011 0.0001 0.0000 -0.0008 0.0003 0.0000 0.0001 0.0000 0.0000 0.0000 0.0000 0.0000 -0.0009 0.0000 0.0000 0.0002 -29.9996 -0.0001 -0.0003 29.9996 0.0000 0.0000 0.0000 -1.4699 4.2855 177.5072 -17.9158 -5.4929 -0.4842 -0.2282 72.7923 7.6319 0.0000 25.3510 0.0000 2.5176 -7.0235 177.8704 -0.0495 -5.7597 -0.0802 8.4866 61.5388 5.6570 0.0000 25.3508 -0.0001 
14.5946 95.9224 -36.7092 -1.6522 -2.2554 -0.2037 0.0517 1.5295 0.0428 0.0517 1.5298 0.0428 0.0519 1.5341 0.0430 -254.4839 90.0000 0.0000 -33.3810 52.9788 -26.4090 -93.9525 30.7963 26.7165 -0.0563 -3.6025 -3.2985 0.0000 0.0000 0.0001 0.0000 0.0000 0.0000 0.0000 -0.0013 -0.0008 0.0000 -0.0004 0.0001 0.0000 0.0000 0.0000 0.0000 0.0000 0.0000 0.0000 0.0002 -0.0001 0.0000 -0.0006 0.0003 0.0000 0.0004 -0.0006 0.0000 0.0000 0.0001 0.0000 0.0000 0.0000 0.0000 -0.0010 -0.0002 0.0000 0.0002 30.0001 -0.0001 0.0005 -29.9998 0.0000 0.0000 0.0000 0.9873 1.7105 0.1624 0.9873 1.7105 0.1624 -37.5819 81.2309 70.1552 -17.4020 49.3201 -25.2446 3.0943 38.7928 -35.1211 1.4627 1.6645 2.7526 0.0000 -0.0001 0.0001 0.0000 0.0000 0.0000 0.0000 -0.0006 0.0003 0.0000 -0.0001 0.0001 0.0000 0.0000 0.0000 0.0000 0.0000 0.0000 0.0000 0.0007 0.0001 0.0000 -0.0012 0.0001 0.0000 -0.0008 0.0003 0.0000 0.0001 0.0000 0.0000 0.0000 0.0000 0.0000 -0.0009 0.0000 0.0000 0.0002 -29.9996 -0.0001 -0.0003 29.9996 0.0000 0.0000 0.0000 -1.5647 4.0987 177.5558 -17.4154 -5.4924 -0.5060 -0.1869 72.8023 7.3871 0.0000 25.3510 0.0000 2.1180 -7.2182 177.8090 -0.0525 -6.0793 -0.0799 8.7858 61.8134 5.5256 0.0000 25.3508 -0.0001 
14.5226 95.9400 -36.6248 -0.7578 -2.0585 -0.1723 0.0774 1.5635 -0.0171 0.0774 1.5638 -0.0171 0.0776 1.5682 -0.0171 -254.5102 90.0000 0.0000 -33.1905 52.9518 -25.6939 -90.6769 34.7158 31.0250 -0.0970 -4.1078 -3.7884 0.0000 0.0000 0.0001 0.0000 0.0000 0.0000 0.0000 -0.0013 -0.0008 0.0000 -0.0004 0.0001 0.0000 0.0000 0.0000 0.0000 0.0000 0.0000 0.0000 0.0002 0.0000 0.0000 -0.0006 0.0003 0.0000 0.0004 -0.0006 0.0000 0.0000 0.0001 0.0000 0.0000 0.0000 0.0000 -0.0010 -0.0002 0.0000 0.0002 30.0001 -0.0001 0.0005 -29.9998 0.0000 0.0000 0.0000 0.9626 1.7625 0.2981 0.9626 1.7625 0.2981 -37.0718 81.3087 70.6269 -17.9601 50.0199 -24.4663 5.9766 36.4335 -28.9347 1.1348 1.5705 2.3236 0.0000 -0.0001 0.0001 0.0000 0.0000 0.0000 0.0000 -0.0006 0.0003 0.0000 -0.0001 0.0001 0.0000 0.0000 0.0000 0.0000 0.0000 0.0000 0.0000 0.0007 0.0001 0.0000 -0.0012 0.0001 0.0000 -0.0008 0.0003 0.0000 0.0001 0.0000 0.0000 0.0000 0.0000 0.0000 -0.0009 0.0000 0.0000 0.0002 -29.9996 -0.0001 -0.0003 29.9996 0.0000 0.0000 0.0000 -1.6501 3.9152 177.6120 -16.9127 -5.4695 -0.5235 -0.1672 72.8134 7.0968 0.0000 25.3510 0.0000 1.7152 -7.3974 177.7601 -0.0544 -6.3651 -0.0797 9.0908 62.0845 5.3920 0.0000 25.3508 -0.0001 
14.4484 95.9612 -36.5180 0.1379 -1.8437 -0.1548 0.0991 1.5886 -0.0660 0.0991 1.5889 -0.0660 0.0994 1.5934 -0.0662 -254.5130 90.0000 0.0000 -32.6518 52.8146 -24.6506 -86.8167 38.1152 35.6242 -0.1526 -4.6219 -4.3459 0.0000 0.0000 0.0001 0.0000 0.0000 0.0000 0.0000 -0.0013 -0.0008 0.0000 -0.0004 0.0001 0.0000 0.0000 0.0000 0.0000 0.0000 0.0000 0.0000 0.0002 0.0000 0.0000 -0.0006 0.0003 0.0000 0.0004 -0.0006 0.0000 0.0000 0.0001 0.0000 0.0000 0.0000 0.0000 -0.0010 -0.0002 0.0000 0.0002 30.0001 -0.0001 0.0005 -29.9998 0.0000 0.0000 0.0000 0.9524 1.8032 0.4041 0.9524 1.8032 0.4041 -36.5394 81.4241 71.1227 -17.9557 50.9206 -23.2797 8.8410 33.7702 -22.7643 0.8608 1.4566 1.9675 0.0000 -0.0001 0.0001 0.0000 0.0000 0.0000 0.0000 -0.0006 0.0003 0.0000 -0.0001 0.0001 0.0000 0.0000 0.0000 0.0000 0.0000 0.0000 0.0000 0.0007 0.0001 0.0000 -0.0012 0.0001 0.0000 -0.0008 0.0003 0.0000 0.0001 0.0000 0.0000 0.0000 0.0000 0.0000 -0.0008 0.0000 0.0000 0.0002 -29.9996 -0.0001 -0.0003 29.9996 0.0000 0.0000 0.0000 -1.7089 3.7357 177.6873 -16.4082 -5.4160 -0.5399 -0.1841 72.8253 6.7375 0.0000 25.3510 0.0000 1.3038 -7.5458 177.7317 -0.0551 -6.5788 -0.0795 9.3891 62.3368 5.2567 0.0000 25.3508 -0.0001 
14.3755 95.9862 -36.3956 1.0215 -1.6187 -0.1473 0.1194 1.6068 -0.1064 0.1194 1.6071 -0.1064 0.1197 1.6116 -0.1067 -254.4865 90.0000 0.0000 -31.7865 52.5963 -23.2472 -82.7165 40.9481 40.2934 -0.2230 -5.1320 -4.9456 0.0000 0.0000 0.0001 0.0000 0.0000 0.0000 0.0000 -0.0013 -0.0008 0.0000 -0.0004 0.0001 0.0000 0.0000 0.0000 0.0000 0.0000 0.0000 0.0000 0.0002 0.0000 0.0000 -0.0006 0.0003 0.0000 0.0004 -0.0006 0.0000 0.0000 0.0001 0.0000 0.0000 0.0000 0.0000 -0.0010 -0.0002 0.0000 0.0002 30.0001 -0.0001 0.0005 -29.9998 0.0000 0.0000 0.0000 0.9495 1.8226 0.4888 0.9495 1.8226 0.4888 -36.0171 81.5632 71.6062 -17.3666 51.9900 -21.6272 11.5282 30.8305 -16.8367 0.6389 1.3356 1.6785 0.0000 -0.0001 0.0001 0.0000 0.0000 0.0000 0.0000 -0.0006 0.0003 0.0000 -0.0001 0.0001 0.0000 0.0000 0.0000 0.0000 0.0000 0.0000 0.0000 0.0007 0.0001 0.0000 -0.0012 0.0001 0.0000 -0.0008 0.0003 0.0000 0.0001 0.0000 0.0000 0.0000 0.0000 0.0000 -0.0009 0.0000 0.0000 0.0002 -29.9997 -0.0001 -0.0003 29.9996 0.0000 0.0000 0.0000 -1.7453 3.5503 177.7765 -15.9053 -5.3517 -0.5543 -0.2252 72.8392 6.3386 0.0000 25.3510 0.0000 0.8853 -7.6548 177.7189 -0.0553 -6.7078 -0.0795 9.6640 62.5573 5.1163 0.0000 25.3508 -0.0001 
14.3022 96.0136 -36.2597 1.8906 -1.3865 -0.1476 0.1432 1.6209 -0.1396 0.1433 1.6213 -0.1396 0.1437 1.6258 -0.1400 -254.4497 90.0000 0.0000 -30.8895 52.5847 -22.0995 -78.3847 43.2964 45.0457 -0.3600 -5.2133 -5.3025 0.0000 0.0000 0.0001 0.0000 0.0000 0.0000 0.0000 -0.0013 -0.0008 0.0000 -0.0004 0.0001 0.0000 0.0000 0.0000 0.0000 0.0000 0.0000 0.0000 0.0002 0.0000 0.0000 -0.0006 0.0003 0.0000 0.0004 -0.0006 0.0000 0.0000 0.0001 0.0000 0.0000 0.0000 0.0000 -0.0010 -0.0002 0.0000 0.0002 30.0001 -0.0001 0.0005 -29.9998 0.0000 0.0000 0.0000 0.9411 1.8195 0.5546 0.9411 1.8195 0.5546 -35.4925 81.7194 72.0982 -16.1848 53.1921 -19.4561 13.9895 27.6385 -11.2788 0.4625 1.2152 1.4476 0.0000 -0.0001 0.0001 0.0000 0.0000 0.0000 0.0000 -0.0006 0.0003 0.0000 -0.0001 0.0001 0.0000 0.0000 0.0000 0.0000 0.0000 0.0000 0.0000 0.0007 0.0001 0.0000 -0.0012 0.0001 0.0000 -0.0008 0.0003 0.0000 0.0001 0.0000 0.0000 0.0000 0.0000 0.0000 -0.0008 0.0000 0.0000 0.0002 -29.9996 -0.0001 -0.0003 29.9996 0.0000 0.0000 0.0000 -1.7468 3.3529 177.8782 -15.3812 -5.2872 -0.5714 -0.2705 72.8508 5.9367 0.0000 25.3510 0.0000 0.4656 -7.7171 177.7204 -0.0543 -6.7420 -0.0795 9.9165 62.7395 4.9671 0.0000 25.3508 -0.0001 
14.2291 96.0454 -36.1089 2.7452 -1.1462 -0.1617 0.1749 1.6303 -0.1609 0.1750 1.6307 -0.1609 0.1754 1.6352 -0.1613 -254.4191 90.0000 0.0000 -29.7124 52.4648 -20.6150 -73.8370 45.1202 49.7591 -0.5236 -5.2453 -5.6626 0.0000 0.0000 0.0001 0.0000 0.0000 0.0000 0.0000 -0.0013 -0.0008 0.0000 -0.0004 0.0001 0.0000 0.0000 0.0000 0.0000 0.0000 0.0000 0.0000 0.0002 0.0000 0.0000 -0.0006 0.0003 0.0000 0.0004 -0.0006 0.0000 0.0000 0.0001 0.0000 0.0000 0.0000 0.0000 -0.0010 -0.0002 0.0000 0.0002 30.0001 -0.0001 0.0005 -29.9998 0.0000 0.0000 0.0000 0.9107 1.7897 0.5888 0.9107 1.7897 0.5888 -34.9846 81.8985 72.5993 -14.1810 54.5521 -16.5177 16.3672 24.1870 -6.1743 0.3249 1.0951 1.2725 0.0000 -0.0001 0.0001 0.0000 0.0000 0.0000 0.0000 -0.0006 0.0003 0.0000 -0.0001 0.0001 0.0000 0.0000 0.0000 0.0000 0.0000 0.0000 0.0000 0.0007 0.0001 0.0000 -0.0012 0.0001 0.0000 -0.0008 0.0003 0.0000 0.0001 0.0000 0.0000 0.0000 0.0000 0.0000 -0.0009 0.0000 0.0000 0.0002 -29.9996 -0.0001 -0.0003 29.9996 0.0000 0.0000 0.0000 -1.6935 3.1307 178.0045 -14.7852 -5.2402 -0.6030 -0.3006 72.8559 5.5884 0.0000 25.3510 0.0000 0.0492 -7.7172 177.7419 -0.0515 -6.6513 -0.0797 10.1547 62.8698 4.8115 0.0000 25.3508 -0.0001 
14.1613 96.0777 -35.9513 3.6031 -0.9017 -0.1862 0.2079 1.6345 -0.1718 0.2080 1.6349 -0.1719 0.2086 1.6395 -0.1723 -254.3817 90.0000 0.0000 -28.3869 52.2402 -18.8996 -69.1143 46.4610 54.4336 -0.7076 -5.2498 -6.0336 0.0000 0.0000 0.0001 0.0000 0.0000 0.0000 0.0000 -0.0013 -0.0008 0.0000 -0.0004 0.0001 0.0000 0.0000 0.0000 0.0000 0.0000 0.0000 0.0000 0.0002 0.0000 0.0000 -0.0006 0.0003 0.0000 0.0004 -0.0006 0.0000 0.0000 0.0001 0.0000 0.0000 0.0000 0.0000 -0.0010 -0.0002 0.0000 0.0002 30.0001 -0.0001 0.0005 -29.9998 0.0000 0.0000 0.0000 0.8804 1.7559 0.5945 0.8804 1.7559 0.5945 -34.5552 82.0873 73.0497 -11.5424 55.9657 -12.9871 18.8090 20.4922 -1.5561 0.2179 0.9793 1.1421 0.0000 -0.0001 0.0001 0.0000 0.0000 0.0000 0.0000 -0.0006 0.0003 0.0000 -0.0001 0.0001 0.0000 0.0000 0.0000 0.0000 0.0000 0.0000 0.0000 0.0007 0.0001 0.0000 -0.0012 0.0001 0.0000 -0.0008 0.0003 0.0000 0.0001 0.0000 0.0000 0.0000 0.0000 0.0000 -0.0009 0.0000 0.0000 0.0002 -29.9996 -0.0001 -0.0003 29.9996 0.0000 0.0000 0.0000 -1.6580 2.8809 178.1427 -14.1646 -5.2299 -0.6390 -0.3062 72.8637 5.3123 0.0000 25.3510 0.0000 -0.3660 -7.6950 177.7750 -0.0491 -6.5175 -0.0799 10.4128 62.9827 4.6702 0.0000 25.3508 -0.0001 
14.0970 96.1078 -35.7901 4.4483 -0.6592 -0.2163 0.2456 1.6358 -0.1747 0.2456 1.6362 -0.1748 0.2463 1.6407 -0.1752 -254.3347 90.0000 0.0000 -27.0111 51.9086 -17.0605 -64.2543 47.3647 59.0303 -0.9119 -5.2224 -6.4107 0.0000 0.0000 0.0001 0.0000 0.0000 0.0000 0.0000 -0.0013 -0.0008 0.0000 -0.0004 0.0001 0.0000 0.0000 0.0000 0.0000 0.0000 0.0000 0.0000 0.0002 0.0000 0.0000 -0.0006 0.0003 0.0000 0.0004 -0.0006 0.0000 0.0000 0.0001 0.0000 0.0000 0.0000 0.0000 -0.0010 -0.0002 0.0000 0.0002 30.0001 -0.0001 0.0005 -29.9998 0.0000 0.0000 0.0000 0.8463 1.7205 0.5768 0.8463 1.7205 0.5768 -34.2178 82.2730 73.4320 -8.3523 57.3597 -8.9252 21.3928 16.5621 2.5644 0.1344 0.8691 1.0450 0.0000 -0.0001 0.0001 0.0000 0.0000 0.0000 0.0000 -0.0006 0.0003 0.0000 -0.0001 0.0001 0.0000 0.0000 0.0000 0.0000 0.0000 0.0000 0.0000 0.0007 0.0001 0.0000 -0.0012 0.0001 0.0000 -0.0008 0.0003 0.0000 0.0001 0.0000 0.0000 0.0000 0.0000 0.0000 -0.0009 0.0000 0.0000 0.0002 -29.9996 -0.0001 -0.0003 29.9996 0.0000 0.0000 0.0000 -1.6212 2.6115 178.2831 -13.5312 -5.2598 -0.6700 -0.2763 72.8803 5.1039 0.0000 25.3510 0.0000 -0.7545 -7.6725 177.8153 -0.0475 -6.3897 -0.0801 10.7013 63.0979 4.5465 0.0000 25.3508 -0.0001 
14.0272 96.1336 -35.6219 5.2701 -0.4253 -0.2520 0.2850 1.6354 -0.1655 0.2851 1.6358 -0.1655 0.2858 1.6404 -0.1659 -254.2837 90.0000 0.0000 -25.6470 51.3985 -15.1613 -59.2534 47.8612 63.3792 -1.1447 -5.1508 -6.7975 0.0000 0.0000 0.0001 0.0000 0.0000 0.0000 0.0000 -0.0013 -0.0008 0.0000 -0.0004 0.0001 0.0000 0.0000 0.0000 0.0000 0.0000 0.0000 0.0000 0.0003 0.0000 0.0000 -0.0006 0.0003 0.0000 0.0004 -0.0006 0.0000 0.0000 0.0001 0.0000 0.0000 0.0000 0.0000 -0.0010 -0.0002 0.0000 0.0002 30.0001 -0.0001 0.0005 -29.9998 0.0000 0.0000 0.0000 0.8022 1.6870 0.5338 0.8022 1.6870 0.5338 -34.0084 82.4477 73.7121 -4.6084 58.6824 -4.3048 24.5277 12.3944 6.1269 0.0697 0.7589 0.9794 0.0000 -0.0001 0.0001 0.0000 0.0000 0.0000 0.0000 -0.0006 0.0003 0.0000 -0.0001 0.0001 0.0000 0.0000 0.0000 0.0000 0.0000 0.0000 0.0000 0.0007 0.0001 0.0000 -0.0012 0.0001 0.0000 -0.0008 0.0003 0.0000 0.0001 0.0000 0.0000 0.0000 0.0000 0.0000 -0.0008 0.0000 0.0000 0.0002 -29.9996 -0.0001 -0.0003 29.9996 0.0000 0.0000 0.0000 -1.5796 2.3306 178.4251 -12.8950 -5.3411 -0.6946 -0.1791 72.9079 4.9962 0.0000 25.3511 0.0000 -1.0905 -7.6634 177.8672 -0.0461 -6.3112 -0.0802 11.0325 63.2358 4.4388 0.0000 25.3507 -0.0001 
13.9491 96.1562 -35.4471 6.0601 -0.2037 -0.2907 0.3217 1.6345 -0.1458 0.3218 1.6349 -0.1459 0.3227 1.6394 -0.1462 -254.2028 90.0000 0.0000 -24.3017 50.7641 -13.2101 -54.0881 48.1056 67.5829 -1.4101 -5.0419 -7.1844 0.0000 0.0000 0.0001 0.0000 0.0000 0.0000 0.0000 -0.0013 -0.0008 0.0000 -0.0004 0.0001 0.0000 0.0000 0.0000 0.0000 0.0000 0.0000 0.0000 0.0002 0.0000 0.0000 -0.0006 0.0003 0.0000 0.0004 -0.0006 0.0000 0.0000 0.0001 0.0000 0.0000 0.0000 0.0000 -0.0010 -0.0002 0.0000 0.0002 30.0001 -0.0001 0.0005 -29.9998 0.0000 0.0000 0.0000 0.7594 1.6668 0.4827 0.7594 1.6668 0.4827 -33.8284 82.6152 73.9776 -0.4781 59.8301 0.6470 28.1899 8.1227 9.0485 0.0202 0.6491 0.9352 0.0000 -0.0001 0.0001 0.0000 0.0000 0.0000 0.0000 -0.0006 0.0003 0.0000 -0.0001 0.0001 0.0000 0.0000 0.0000 0.0000 0.0000 0.0000 0.0000 0.0007 0.0001 0.0000 -0.0012 0.0001 0.0000 -0.0008 0.0003 0.0000 0.0001 0.0000 0.0000 0.0000 0.0000 0.0000 -0.0009 0.0000 0.0000 0.0002 -29.9996 -0.0001 -0.0003 29.9996 0.0000 0.0000 0.0000 -1.5282 2.0603 178.5648 -12.2560 -5.4459 -0.7152 -0.0566 72.9411 4.9459 0.0000 25.3510 0.0000 -1.3828 -7.6596 177.9314 -0.0442 -6.2692 -0.0803 11.3801 63.3890 4.3357 0.0000 25.3508 -0.0001 
13.8747 96.1772 -35.2724 6.8119 0.0056 -0.3321 0.3558 1.6323 -0.1181 0.3559 1.6327 -0.1181 0.3569 1.6373 -0.1185 10.6338 87.3904 -94.7703 -22.9566 50.0371 -11.2094 -49.0570 48.1912 71.3970 -1.6997 -4.9050 -7.5484 0.0000 0.0000 0.0001 0.0000 0.0000 0.0000 0.0000 -0.0013 -0.0008 0.0000 -0.0004 0.0001 0.0000 0.0000 0.0000 0.0000 0.0000 0.0000 0.0000 0.0002 -0.0001 0.0000 -0.0006 0.0003 0.0000 0.0004 -0.0006 0.0000 0.0000 0.0001 0.0000 0.0000 0.0000 0.0000 -0.0010 -0.0002 0.0000 0.0002 30.0001 -0.0001 0.0005 -29.9998 0.0000 0.0000 0.0000 0.7199 1.6637 0.4325 0.7199 1.6637 0.4325 -33.6885 82.7768 74.2224 3.9390 60.7651 5.7991 32.3744 3.8283 11.2912 -0.0173 0.5384 0.9033 0.0000 -0.0001 0.0001 0.0000 0.0000 0.0000 0.0000 -0.0006 0.0003 0.0000 -0.0001 0.0001 0.0000 0.0000 0.0000 0.0000 0.0000 0.0000 0.0000 0.0007 0.0001 0.0000 -0.0012 0.0001 0.0000 -0.0008 0.0003 0.0000 0.0001 0.0000 0.0000 0.0000 0.0000 0.0000 -0.0009 0.0000 0.0000 0.0002 -29.9996 -0.0001 -0.0003 29.9996 0.0000 0.0000 0.0000 -1.4565 1.8067 178.6951 -11.6143 -5.5621 -0.7231 0.0629 72.9790 4.9178 0.0000 25.3510 0.0000 -1.6416 -7.6494 178.0016 -0.0426 -6.2404 -0.0804 11.7380 63.5472 4.2474 0.0000 25.3508 -0.0001 
13.8195 96.1961 -35.0945 7.4680 0.1937 -0.3774 0.3934 1.6282 -0.0815 0.3935 1.6286 -0.0815 0.3946 1.6332 -0.0817 13.0337 87.2707 -92.3368 -21.5590 49.1772 -9.1408 -44.2305 48.3205 74.6500 -2.0189 -4.7492 -7.8766 0.0000 0.0000 0.0001 0.0000 0.0000 0.0000 0.0000 -0.0013 -0.0008 0.0000 -0.0004 0.0001 0.0000 0.0000 0.0000 0.0000 0.0000 0.0000 0.0000 0.0002 0.0000 0.0000 -0.0006 0.0003 0.0000 0.0004 -0.0006 0.0000 0.0000 0.0001 0.0000 0.0000 0.0000 0.0000 -0.0010 -0.0002 0.0000 0.0003 30.0001 -0.0001 0.0005 -29.9998 0.0000 0.0000 0.0000 0.6865 1.6881 0.3947 0.6865 1.6881 0.3947 -33.6392 82.9432 74.4098 8.5909 61.4267 11.0415 37.2808 -0.2683 12.6359 -0.0432 0.4224 0.8833 0.0000 -0.0001 0.0001 0.0000 0.0000 0.0000 0.0000 -0.0006 0.0003 0.0000 -0.0001 0.0001 0.0000 0.0000 0.0000 0.0000 0.0000 0.0000 0.0000 0.0007 0.0001 0.0000 -0.0012 0.0001 0.0000 -0.0008 0.0003 0.0000 0.0001 0.0000 0.0000 0.0000 0.0000 0.0000 -0.0009 0.0000 0.0000 0.0002 -29.9996 -0.0001 -0.0003 29.9996 0.0000 0.0000 0.0000 -1.3395 1.5955 178.8039 -11.0034 -5.6696 -0.7058 0.1590 73.0176 4.8911 0.0000 25.3510 0.0000 -1.8328 -7.6053 178.0744 -0.0419 -6.2071 -0.0804 12.1006 63.7115 4.1903 0.0000 25.3508 -0.0001 
13.7823 96.2131 -34.9101 8.0417 0.3705 -0.4236 0.4287 1.6211 -0.0397 0.4288 1.6215 -0.0397 0.4300 1.6260 -0.0398 15.6269 87.1269 -89.6836 -20.0900 48.2336 -7.0200 -39.5846 48.5966 77.5123 -2.3602 -4.5892 -8.1582 0.0000 0.0000 0.0001 0.0000 0.0000 0.0000 0.0000 -0.0013 -0.0008 0.0000 -0.0004 0.0001 0.0000 0.0000 0.0000 0.0000 0.0000 0.0000 0.0000 0.0002 0.0000 0.0000 -0.0006 0.0003 0.0000 0.0004 -0.0006 0.0000 0.0000 0.0001 0.0000 0.0000 0.0000 0.0000 -0.0010 -0.0002 0.0000 0.0002 30.0001 -0.0001 0.0005 -29.9998 0.0000 0.0000 0.0000 0.6583 1.7294 0.3710 0.6583 1.7294 0.3710 -33.5629 83.1294 74.6408 13.5577 61.7885 16.4254 42.5647 -4.0139 13.1104 -0.0600 0.3039 0.8637 0.0000 -0.0001 0.0001 0.0000 0.0000 0.0000 0.0000 -0.0006 0.0003 0.0000 -0.0001 0.0001 0.0000 0.0000 0.0000 0.0000 0.0000 0.0000 0.0000 0.0007 0.0001 0.0000 -0.0012 0.0001 0.0000 -0.0008 0.0003 0.0000 0.0001 0.0000 0.0000 0.0000 0.0000 0.0000 -0.0009 0.0000 0.0000 0.0002 -29.9996 -0.0001 -0.0003 29.9996 0.0000 0.0000 0.0000 -1.2208 1.4269 178.8981 -10.4538 -5.7437 -0.6764 0.2145 73.0469 4.8454 0.0000 25.3510 0.0000 -1.9753 -7.5308 178.1484 -0.0415 -6.1589 -0.0805 12.4552 63.8807 4.1559 0.0000 25.3507 -0.0001 
13.7479 96.2295 -34.7048 8.5381 0.5411 -0.4695 0.4613 1.6095 0.0050 0.4614 1.6099 0.0050 0.4627 1.6144 0.0050 18.3279 86.9655 -86.8981 -18.5984 47.2815 -4.8929 -35.0057 48.9966 80.1582 -2.7127 -4.4314 -8.3924 0.0000 0.0000 0.0001 0.0000 0.0000 0.0000 0.0000 -0.0013 -0.0008 0.0000 -0.0004 0.0001 0.0000 0.0000 0.0000 0.0000 0.0000 0.0000 0.0000 0.0002 0.0000 0.0000 -0.0006 0.0003 0.0000 0.0004 -0.0006 0.0000 0.0000 0.0001 0.0000 0.0000 0.0000 0.0000 -0.0010 -0.0002 0.0000 0.0002 30.0001 -0.0001 0.0005 -29.9998 0.0000 0.0000 0.0000 0.6335 1.7827 0.3587 0.6335 1.7827 0.3587 -33.4257 83.3253 74.9435 18.7254 61.8402 21.8616 48.1741 -7.2832 12.7837 -0.0694 0.1838 0.8376 0.0000 -0.0001 0.0001 0.0000 0.0000 0.0000 0.0000 -0.0006 0.0003 0.0000 -0.0001 0.0001 0.0000 0.0000 0.0000 0.0000 0.0000 0.0000 0.0000 0.0007 0.0001 0.0000 -0.0012 0.0001 0.0000 -0.0008 0.0003 0.0000 0.0001 0.0000 0.0000 0.0000 0.0000 0.0000 -0.0009 0.0000 0.0000 0.0002 -29.9996 -0.0001 -0.0003 29.9996 0.0000 0.0000 0.0000 -1.1134 1.2942 178.9769 -9.9751 -5.7821 -0.6322 0.2196 73.0675 4.7672 0.0000 25.3510 0.0000 -2.0859 -7.4311 178.2296 -0.0409 -6.1005 -0.0805 12.7793 64.0622 4.1322 0.0000 25.3508 -0.0001 
13.7053 96.2456 -34.4672 8.9143 0.7089 -0.5144 0.4913 1.5897 0.0504 0.4914 1.5901 0.0504 0.4928 1.5945 0.0506 21.2930 86.7898 -83.8119 -16.7881 46.2551 -2.5035 -30.8505 49.6770 82.3066 -3.0707 -4.2852 -8.5670 0.0000 0.0000 0.0001 0.0000 0.0000 0.0000 0.0000 -0.0013 -0.0008 0.0000 -0.0004 0.0001 0.0000 0.0000 0.0000 0.0000 0.0000 0.0000 0.0000 0.0002 0.0000 0.0000 -0.0006 0.0003 0.0000 0.0004 -0.0006 0.0000 0.0000 0.0001 0.0000 0.0000 0.0000 0.0000 -0.0010 -0.0002 0.0000 0.0002 30.0001 -0.0001 0.0005 -29.9998 0.0000 0.0000 0.0000 0.6085 1.8462 0.3628 0.6085 1.8462 0.3628 -33.2544 83.5146 75.2975 23.9489 61.5485 27.1882 53.9494 -9.6844 11.5906 -0.0714 0.0647 0.8075 0.0000 -0.0001 0.0001 0.0000 0.0000 0.0000 0.0000 -0.0006 0.0003 0.0000 -0.0001 0.0001 0.0000 0.0000 0.0000 0.0000 0.0000 0.0000 0.0000 0.0007 0.0001 0.0000 -0.0011 0.0001 0.0000 -0.0008 0.0003 0.0000 0.0001 0.0000 0.0000 0.0000 0.0000 0.0000 -0.0009 0.0000 0.0000 0.0002 -29.9996 -0.0001 -0.0003 29.9996 0.0000 0.0000 0.0000 -1.0256 1.2031 179.0355 -9.6256 -5.7740 -0.5641 0.1527 73.0798 4.6257 0.0000 25.3510 0.0000 -2.1605 -7.3171 178.3248 -0.0396 -6.0375 -0.0806 13.0329 64.2609 4.1146 0.0000 25.3508 -0.0001 
13.6538 96.2614 -34.2177 9.1902 0.8799 -0.5574 0.5191 1.5639 0.0936 0.5192 1.5643 0.0937 0.5206 1.5687 0.0939 24.2351 86.5954 -80.7126 -14.6708 45.2141 0.1416 -27.1596 50.5350 84.0466 -3.4133 -4.1518 -8.6869 0.0000 0.0000 0.0001 0.0000 0.0000 0.0000 0.0000 -0.0013 -0.0008 0.0000 -0.0004 0.0001 0.0000 0.0000 0.0000 0.0000 0.0000 0.0000 0.0000 0.0002 0.0000 0.0000 -0.0006 0.0003 0.0000 0.0004 -0.0006 0.0000 0.0000 0.0001 0.0000 0.0000 0.0000 0.0000 -0.0010 -0.0002 0.0000 0.0002 30.0001 -0.0001 0.0005 -29.9998 0.0000 0.0000 0.0000 0.5777 1.9082 0.3815 0.5777 1.9082 0.3815 -33.0266 83.6830 75.7154 28.7937 60.9866 32.0553 59.6582 -11.1758 9.8780 -0.0687 -0.0467 0.7701 0.0000 -0.0001 0.0001 0.0000 0.0000 0.0000 0.0000 -0.0006 0.0003 0.0000 -0.0001 0.0001 0.0000 0.0000 0.0000 0.0000 0.0000 0.0000 0.0000 0.0007 0.0001 0.0000 -0.0012 0.0001 0.0000 -0.0008 0.0003 0.0000 0.0001 0.0000 0.0000 0.0000 0.0000 0.0000 -0.0009 0.0000 0.0000 0.0002 -29.9996 -0.0001 -0.0003 29.9996 0.0000 0.0000 0.0000 -0.9627 1.1329 179.0882 -9.4001 -5.7363 -0.4895 0.0418 73.0858 4.4397 0.0000 25.3510 0.0000 -2.2074 -7.2186 178.4278 -0.0382 -5.9836 -0.0807 13.2294 64.4651 4.1062 0.0000 25.3508 -0.0001 
13.6001 96.2772 -33.9721 9.3794 1.0550 -0.5981 0.5437 1.5345 0.1344 0.5438 1.5348 0.1344 0.5453 1.5391 0.1348 27.1228 86.3824 -77.6692 -12.1899 44.1759 3.0764 -23.9597 51.5206 85.4314 -3.7298 -4.0281 -8.7562 0.0000 0.0000 0.0001 0.0000 0.0000 0.0000 0.0000 -0.0013 -0.0008 0.0000 -0.0004 0.0001 0.0000 0.0000 0.0000 0.0000 0.0000 0.0000 0.0000 0.0002 -0.0001 0.0000 -0.0006 0.0003 0.0000 0.0004 -0.0006 0.0000 0.0000 0.0001 0.0000 0.0000 0.0000 0.0000 -0.0010 -0.0002 0.0000 0.0002 30.0001 -0.0001 0.0005 -29.9998 0.0000 0.0000 0.0000 0.5397 1.9635 0.4133 0.5397 1.9635 0.4133 -32.7129 83.8311 76.2156 33.1397 60.2238 36.3858 65.1604 -11.7968 7.8985 -0.0631 -0.1476 0.7267 0.0000 -0.0001 0.0001 0.0000 0.0000 0.0000 0.0000 -0.0006 0.0003 0.0000 -0.0001 0.0001 0.0000 0.0000 0.0000 0.0000 0.0000 0.0000 0.0000 0.0007 0.0001 0.0000 -0.0012 0.0001 0.0000 -0.0008 0.0003 0.0000 0.0001 0.0000 0.0000 0.0000 0.0000 0.0000 -0.0009 0.0000 0.0000 0.0002 -29.9996 -0.0001 -0.0003 29.9996 0.0000 0.0000 0.0000 -0.9252 1.0748 179.1434 -9.2774 -5.6778 -0.4218 -0.1055 73.0851 4.2252 0.0000 25.3510 0.0000 -2.2342 -7.1380 178.5339 -0.0371 -5.9340 -0.0808 13.3739 64.6663 4.1070 0.0000 25.3508 -0.0001 
13.5456 96.2924 -33.7493 9.4512 1.2355 -0.6358 0.5615 1.5009 0.1721 0.5616 1.5012 0.1721 0.5632 1.5054 0.1726 29.8723 86.1534 -74.7736 -9.1023 43.1529 6.4451 -21.6074 52.6692 86.1697 -4.0025 -3.9110 -8.7695 0.0000 0.0000 0.0001 0.0000 0.0000 0.0000 0.0000 -0.0013 -0.0008 0.0000 -0.0004 0.0001 0.0000 0.0000 0.0000 0.0000 0.0000 0.0000 0.0000 0.0002 0.0000 0.0000 -0.0006 0.0003 0.0000 0.0004 -0.0006 0.0000 0.0000 0.0001 0.0000 0.0000 0.0000 0.0000 -0.0010 -0.0002 0.0000 0.0002 30.0001 -0.0001 0.0005 -29.9998 0.0000 0.0000 0.0000 0.4876 2.0091 0.4602 0.4876 2.0091 0.4602 -32.3874 83.9432 76.7159 36.6072 59.3791 39.8669 70.1137 -11.3577 5.8677 -0.0552 -0.2348 0.6866 0.0000 -0.0001 0.0001 0.0000 0.0000 0.0000 0.0000 -0.0006 0.0003 0.0000 -0.0001 0.0001 0.0000 0.0000 0.0000 0.0000 0.0000 0.0000 0.0000 0.0007 0.0001 0.0000 -0.0012 0.0001 0.0000 -0.0008 0.0003 0.0000 0.0001 0.0000 0.0000 0.0000 0.0000 0.0000 -0.0009 0.0000 0.0000 0.0002 -29.9996 -0.0001 -0.0003 29.9996 0.0000 0.0000 0.0000 -0.9020 1.0238 179.2032 -9.2569 -5.6043 -0.3706 -0.3008 73.0748 3.9921 0.0000 25.3510 0.0000 -2.2451 -7.0891 178.6416 -0.0367 -5.8919 -0.0808 13.4369 64.8560 4.1202 0.0000 25.3508 -0.0001 
13.4901 96.3073 -33.5376 9.4379 1.4177 -0.6725 0.5713 1.4652 0.2091 0.5715 1.4655 0.2092 0.5731 1.4696 0.2098 32.2581 85.9187 -72.2597 -5.4767 42.0362 10.1467 -20.0326 54.0107 86.3611 -4.2334 -3.8000 -8.7309 0.0000 0.0000 0.0001 0.0000 0.0000 0.0000 0.0000 -0.0013 -0.0008 0.0000 -0.0004 0.0001 0.0000 0.0000 0.0000 0.0000 0.0000 0.0000 0.0000 0.0002 0.0000 0.0000 -0.0006 0.0003 0.0000 0.0004 -0.0006 0.0000 0.0000 0.0001 0.0000 0.0000 0.0000 0.0000 -0.0010 -0.0002 0.0000 0.0002 30.0001 -0.0001 0.0005 -29.9998 0.0000 0.0000 0.0000 0.4239 2.0497 0.5111 0.4239 2.0497 0.5111 -32.1980 84.0245 77.0554 39.1463 58.5751 42.4935 74.4627 -10.1718 4.0641 -0.0468 -0.3088 0.6529 0.0000 -0.0001 0.0001 0.0000 0.0000 0.0000 0.0000 -0.0006 0.0003 0.0000 -0.0001 0.0001 0.0000 0.0000 0.0000 0.0000 0.0000 0.0000 0.0000 0.0007 0.0001 0.0000 -0.0012 0.0001 0.0000 -0.0008 0.0003 0.0000 0.0001 0.0000 0.0000 0.0000 0.0000 0.0000 -0.0009 0.0000 0.0000 0.0002 -29.9996 -0.0001 -0.0003 29.9996 0.0000 0.0000 0.0000 -0.8845 0.9765 179.2657 -9.2865 -5.5297 -0.3364 -0.5239 73.0595 3.7731 0.0000 25.3510 0.0000 -2.2524 -7.0564 178.7552 -0.0361 -5.8563 -0.0809 13.4268 65.0429 4.1342 0.0000 25.3508 -0.0001 
13.4359 96.3218 -33.3281 9.3564 1.6005 -0.7083 0.5727 1.4286 0.2462 0.5728 1.4289 0.2463 0.5744 1.4330 0.2470 34.2817 85.6818 -70.1235 -1.4765 40.8136 13.9760 -19.0890 55.4741 86.1127 -4.4309 -3.6583 -8.6382 0.0000 0.0000 0.0001 0.0000 0.0000 0.0000 0.0000 -0.0013 -0.0008 0.0000 -0.0004 0.0001 0.0000 0.0000 0.0000 0.0000 0.0000 0.0000 0.0000 0.0002 0.0000 0.0000 -0.0006 0.0003 0.0000 0.0004 -0.0006 0.0000 0.0000 0.0001 0.0000 0.0000 0.0000 0.0000 -0.0010 -0.0002 0.0000 0.0002 30.0001 -0.0002 0.0005 -29.9998 0.0000 0.0000 0.0000 0.3506 2.0858 0.5601 0.3506 2.0858 0.5601 -32.1190 84.1025 77.2728 40.8591 57.8711 44.3393 78.2034 -8.4676 2.5899 -0.0382 -0.3720 0.6268 0.0000 -0.0001 0.0001 0.0000 0.0000 0.0000 0.0000 -0.0006 0.0003 0.0000 -0.0001 0.0001 0.0000 0.0000 0.0000 0.0000 0.0000 0.0000 0.0000 0.0007 0.0001 0.0000 -0.0012 0.0001 0.0000 -0.0008 0.0003 0.0000 0.0001 0.0000 0.0000 0.0000 0.0000 0.0000 -0.0009 0.0000 0.0000 0.0002 -29.9996 -0.0001 -0.0003 29.9996 0.0000 0.0000 0.0000 -0.8784 0.9334 179.3270 -9.3545 -5.4558 -0.3142 -0.7685 73.0415 3.5753 0.0000 25.3510 0.0000 -2.2462 -7.0403 178.8741 -0.0353 -5.8263 -0.0809 13.3644 65.2236 4.1435 0.0000 25.3508 -0.0001 
13.3884 96.3352 -33.1114 9.1886 1.7838 -0.7410 0.5592 1.3907 0.2830 0.5593 1.3910 0.2830 0.5608 1.3949 0.2838 35.9329 85.4516 -68.3649 2.8703 39.5616 17.7131 -18.9783 56.8500 85.1815 -4.5906 -3.4175 -8.4909 0.0000 0.0000 0.0001 0.0000 0.0000 0.0000 0.0000 -0.0013 -0.0008 0.0000 -0.0004 0.0001 0.0000 0.0000 0.0000 0.0000 0.0000 0.0000 0.0000 0.0002 -0.0001 0.0000 -0.0006 0.0003 0.0000 0.0004 -0.0006 0.0000 0.0000 0.0001 0.0000 0.0000 0.0000 0.0000 -0.0010 -0.0002 0.0000 0.0002 30.0001 -0.0001 0.0005 -29.9998 0.0000 0.0000 0.0000 0.2714 2.1173 0.5976 0.2714 2.1173 0.5976 -32.1779 84.2013 77.3318 41.5329 57.4080 45.1814 81.0738 -6.2962 1.4856 -0.0295 -0.4250 0.6188 0.0000 -0.0001 0.0001 0.0000 0.0000 0.0000 0.0000 -0.0006 0.0003 0.0000 -0.0001 0.0001 0.0000 0.0000 0.0000 0.0000 0.0000 0.0000 0.0000 0.0007 0.0001 0.0000 -0.0012 0.0001 0.0000 -0.0008 0.0003 0.0000 0.0001 0.0000 0.0000 0.0000 0.0000 0.0000 -0.0009 0.0000 0.0000 0.0002 -29.9996 -0.0001 -0.0003 29.9996 0.0000 0.0000 0.0000 -0.8921 0.9034 179.3769 -9.4800 -5.3794 -0.2983 -1.0311 73.0264 3.4103 0.0000 25.3510 0.0000 -2.2139 -7.0531 178.9967 -0.0347 -5.8121 -0.0810 13.2389 65.3963 4.1415 0.0000 25.3507 -0.0001 
13.3481 96.3503 -32.8877 8.9593 1.9687 -0.7707 0.5296 1.3511 0.3206 0.5297 1.3514 0.3207 0.5312 1.3552 0.3216 37.3228 85.2332 -66.8777 7.2106 38.2461 21.1180 -19.3356 57.9534 83.8018 -4.7091 -3.1107 -8.3295 0.0000 0.0000 0.0001 0.0000 0.0000 0.0000 0.0000 -0.0013 -0.0008 0.0000 -0.0004 0.0001 0.0000 0.0000 0.0000 0.0000 0.0000 0.0000 0.0000 0.0002 0.0000 0.0000 -0.0006 0.0003 0.0000 0.0004 -0.0006 0.0000 0.0000 0.0001 0.0000 0.0000 0.0000 0.0000 -0.0010 -0.0002 0.0000 0.0002 30.0001 -0.0001 0.0005 -29.9998 0.0000 0.0000 0.0000 0.2067 2.1460 0.6154 0.2067 2.1460 0.6154 -32.3877 84.3241 77.2220 41.5894 57.1460 45.4163 83.3106 -3.7878 0.5833 -0.0200 -0.4743 0.6263 0.0000 -0.0001 0.0001 0.0000 0.0000 0.0000 0.0000 -0.0006 0.0003 0.0000 -0.0001 0.0001 0.0000 0.0000 0.0000 0.0000 0.0000 0.0000 0.0000 0.0007 0.0001 0.0000 -0.0012 0.0001 0.0000 -0.0008 0.0003 0.0000 0.0001 0.0000 0.0000 0.0000 0.0000 0.0000 -0.0009 0.0000 0.0000 0.0002 -29.9996 -0.0001 -0.0003 29.9996 0.0000 0.0000 0.0000 -0.9087 0.8903 179.4137 -9.6509 -5.2978 -0.2790 -1.2857 73.0232 3.2693 0.0000 25.3510 0.0000 -2.1512 -7.0883 179.1191 -0.0339 -5.8133 -0.0810 13.0727 65.5676 4.1257 0.0000 25.3508 -0.0001 
13.3126 96.3665 -32.6612 8.6774 2.1570 -0.7980 0.4856 1.3093 0.3601 0.4857 1.3096 0.3602 0.4871 1.3133 0.3612 38.5527 85.0304 -65.5653 11.3406 36.9154 24.0858 -19.9387 58.7733 82.0524 -4.7913 -2.7441 -8.1578 0.0000 0.0000 0.0001 0.0000 0.0000 0.0000 0.0000 -0.0013 -0.0008 0.0000 -0.0004 0.0001 0.0000 0.0000 0.0000 0.0000 0.0000 0.0000 0.0000 0.0002 -0.0001 0.0000 -0.0006 0.0003 0.0000 0.0004 -0.0006 0.0000 0.0000 0.0001 0.0000 0.0000 0.0000 0.0000 -0.0010 -0.0002 0.0000 0.0002 30.0001 -0.0001 0.0005 -29.9998 0.0000 0.0000 0.0000 0.1463 2.1763 0.6145 0.1463 2.1763 0.6145 -32.7447 84.4666 76.9503 41.1480 57.0694 45.1337 85.1251 -0.9986 -0.1928 -0.0092 -0.5250 0.6488 0.0000 -0.0001 0.0001 0.0000 0.0000 0.0000 0.0000 -0.0006 0.0003 0.0000 -0.0001 0.0001 0.0000 0.0000 0.0000 0.0000 0.0000 0.0000 0.0000 0.0007 0.0001 0.0000 -0.0012 0.0001 0.0000 -0.0008 0.0003 0.0000 0.0001 0.0000 0.0000 0.0000 0.0000 0.0000 -0.0008 0.0000 0.0000 0.0002 -29.9996 -0.0001 -0.0003 29.9996 0.0000 0.0000 0.0000 -0.9165 0.8908 179.4398 -9.8531 -5.2101 -0.2585 -1.5182 73.0322 3.1574 0.0000 25.3510 0.0000 -2.0565 -7.1416 179.2377 -0.0330 -5.8260 -0.0810 12.8876 65.7388 4.1107 0.0000 25.3508 -0.0001 
13.2829 96.3856 -32.4380 8.3197 2.3530 -0.8220 0.4237 1.2627 0.4019 0.4238 1.2629 0.4019 0.4250 1.2665 0.4031 39.7237 84.8602 -64.3355 14.9585 35.7529 26.3397 -20.6362 59.1673 79.7989 -4.8364 -2.3001 -7.9832 0.0000 0.0000 0.0001 0.0000 0.0000 0.0000 0.0000 -0.0013 -0.0008 0.0000 -0.0004 0.0001 0.0000 0.0000 0.0000 0.0000 0.0000 0.0000 0.0000 0.0003 0.0000 0.0000 -0.0006 0.0003 0.0000 0.0004 -0.0006 0.0000 0.0000 0.0001 0.0000 0.0000 0.0000 0.0000 -0.0010 -0.0002 0.0000 0.0002 30.0001 -0.0001 0.0005 -29.9998 0.0000 0.0000 0.0000 0.0929 2.2116 0.5875 0.0929 2.2116 0.5875 -33.2657 84.6508 76.5197 40.2306 57.1693 44.3410 86.4444 2.2878 -0.9491 0.0051 -0.5821 0.6930 0.0000 -0.0001 0.0001 0.0000 0.0000 0.0000 0.0000 -0.0006 0.0003 0.0000 -0.0001 0.0001 0.0000 0.0000 0.0000 0.0000 0.0000 0.0000 0.0000 0.0007 0.0001 0.0000 -0.0012 0.0001 0.0000 -0.0008 0.0003 0.0000 0.0001 0.0000 0.0000 0.0000 0.0000 0.0000 -0.0009 0.0000 0.0000 0.0002 -29.9996 -0.0001 -0.0003 29.9996 0.0000 0.0000 0.0000 -0.8963 0.8951 179.4551 -10.0797 -5.1217 -0.2434 -1.7105 73.0567 3.0993 0.0000 25.3510 0.0000 -1.9111 -7.2265 179.3446 -0.0324 -5.8539 -0.0811 12.6932 65.9047 4.1115 0.0000 25.3508 -0.0001 
13.2540 96.4049 -32.2286 7.9900 2.5222 -0.8415 0.3661 1.2218 0.4373 0.3661 1.2220 0.4374 0.3672 1.2255 0.4386 40.6918 84.7224 -63.3185 17.7574 34.8334 27.9178 -21.2004 59.3243 77.7260 -4.8521 -1.8975 -7.8256 0.0000 0.0000 0.0001 0.0000 0.0000 0.0000 0.0000 -0.0013 -0.0008 0.0000 -0.0004 0.0001 0.0000 0.0000 0.0000 0.0000 0.0000 0.0000 0.0000 0.0002 0.0000 0.0000 -0.0006 0.0003 0.0000 0.0004 -0.0006 0.0000 0.0000 0.0001 0.0000 0.0000 0.0000 0.0000 -0.0010 -0.0002 0.0000 0.0002 30.0001 -0.0001 0.0005 -29.9998 0.0000 0.0000 0.0000 0.0522 2.2425 0.5557 0.0522 2.2425 0.5557 -33.7762 84.8205 76.0902 39.3148 57.3223 43.5008 87.3952 5.2540 -1.6032 0.0198 -0.6384 0.7423 0.0000 -0.0001 0.0001 0.0000 0.0000 0.0000 0.0000 -0.0006 0.0003 0.0000 -0.0001 0.0001 0.0000 0.0000 0.0000 0.0000 0.0000 0.0000 0.0000 0.0007 0.0001 0.0000 -0.0012 0.0001 0.0000 -0.0008 0.0003 0.0000 0.0001 0.0000 0.0000 0.0000 0.0000 0.0000 -0.0008 0.0000 0.0000 0.0002 -29.9996 -0.0001 -0.0003 29.9996 0.0000 0.0000 0.0000 -0.8656 0.8973 179.4639 -10.2728 -5.0476 -0.2335 -1.8584 73.0824 3.0731 0.0000 25.3510 0.0000 -1.7668 -7.2889 179.4353 -0.0314 -5.8706 -0.0811 12.5212 66.0526 4.1104 0.0000 25.3508 -0.0001 
13.2285 96.4214 -32.0620 7.7035 2.6630 -0.8575 0.3137 1.1874 0.4672 0.3138 1.1877 0.4673 0.3147 1.1911 0.4686 41.4817 84.6160 -62.4998 19.8573 34.1401 28.9869 -21.6024 59.3128 75.9686 -4.8511 -1.5522 -7.6911 0.0000 0.0000 0.0001 0.0000 0.0000 0.0000 0.0000 -0.0013 -0.0008 0.0000 -0.0004 0.0001 0.0000 0.0000 0.0000 0.0000 0.0000 0.0000 0.0000 0.0002 0.0000 0.0000 -0.0006 0.0003 0.0000 0.0004 -0.0006 0.0000 0.0000 0.0001 0.0000 0.0000 0.0000 0.0000 -0.0010 -0.0002 0.0000 0.0002 30.0001 -0.0001 0.0005 -29.9998 0.0000 0.0000 0.0000 0.0269 2.2679 0.5222 0.0269 2.2679 0.5222 -34.2750 84.9654 75.6553 38.4928 57.4843 42.7173 88.0976 7.8166 -2.1622 0.0344 -0.6928 0.7922 0.0000 -0.0001 0.0001 0.0000 0.0000 0.0000 0.0000 -0.0006 0.0003 0.0000 -0.0001 0.0001 0.0000 0.0000 0.0000 0.0000 0.0000 0.0000 0.0000 0.0007 0.0001 0.0000 -0.0011 0.0001 0.0000 -0.0008 0.0003 0.0000 0.0001 0.0000 0.0000 0.0000 0.0000 0.0000 -0.0009 0.0000 0.0000 0.0002 -29.9996 -0.0001 -0.0003 29.9996 0.0000 0.0000 0.0000 -0.8289 0.8955 179.4703 -10.4304 -4.9918 -0.2265 -1.9724 73.1083 3.0608 0.0000 25.3510 0.0000 -1.6351 -7.3456 179.5058 -0.0304 -5.8770 -0.0812 12.3762 66.1637 4.1090 0.0000 25.3508 -0.0001 
13.2285 96.4214 -32.0620 7.7035 2.6630 -0.8575 0.3137 1.1874 0.4672 0.3138 1.1877 0.4673 0.3147 1.1911 0.4686 41.4817 84.6160 -62.4998 19.8573 34.1401 28.9869 -21.6024 59.3128 75.9686 -4.8511 -1.5522 -7.6911 0.0000 0.0000 0.0001 0.0000 0.0000 0.0000 0.0000 -0.0013 -0.0008 0.0000 -0.0004 0.0001 0.0000 0.0000 0.0000 0.0000 0.0000 0.0000 0.0000 0.0002 0.0000 0.0000 -0.0006 0.0003 0.0000 0.0004 -0.0006 0.0000 0.0000 0.0001 0.0000 0.0000 0.0000 0.0000 -0.0010 -0.0002 0.0000 0.0002 30.0001 -0.0001 0.0005 -29.9998 0.0000 0.0000 0.0000 0.0269 2.2679 0.5222 0.0269 2.2679 0.5222 -34.2750 84.9654 75.6553 38.4928 57.4843 42.7173 88.0976 7.8166 -2.1622 0.0344 -0.6928 0.7922 0.0000 -0.0001 0.0001 0.0000 0.0000 0.0000 0.0000 -0.0006 0.0003 0.0000 -0.0001 0.0001 0.0000 0.0000 0.0000 0.0000 0.0000 0.0000 0.0000 0.0007 0.0001 0.0000 -0.0011 0.0001 0.0000 -0.0008 0.0003 0.0000 0.0001 0.0000 0.0000 0.0000 0.0000 0.0000 -0.0009 0.0000 0.0000 0.0002 -29.9996 -0.0001 -0.0003 29.9996 0.0000 0.0000 0.0000 -0.8289 0.8955 179.4703 -10.4304 -4.9918 -0.2265 -1.9724 73.1083 3.0608 0.0000 25.3510 0.0000 -1.6351 -7.3456 179.5058 -0.0304 -5.8770 -0.0812 12.3762 66.1637 4.1090 0.0000 25.3508 -0.0001 